2021-01-06	0.01674641148325366	0.004784688995215422	0.01913875598086126	0.004784688995215422	0.01674641148325366	138665156
2021-01-07	0.0	0.0	0.0	-0.014117647058823438	0.0	113085133
2021-01-08	0.00941176470588236	0.0	0.0117647058823529	-0.002352941176470538	0.00941176470588236	152421290
2021-01-11	-0.016317016317016382	0.0	0.002331002331002281	-0.018648018648018665	-0.016317016317016382	119641410
2021-01-12	0.021327014218009446	-0.002369668246445447	0.021327014218009446	-0.004739336492890894	0.021327014218009446	143888797
2021-01-13	0.011600928074246106	0.0	0.020881670533642867	-0.004640371229698278	0.011600928074246106	185290946
2021-01-14	-0.006880733944954185	-0.006880733944954185	0.006880733944953981	-0.011467889908257043	-0.006880733944954185	128560607
2021-01-15	-0.011547344110854462	0.004618937644341702	0.009237875288683611	-0.01385681293302552	-0.011547344110854462	146794503
2021-01-18	-0.007009345794392581	-0.007009345794392581	0.0	-0.009345794392523372	-0.007009345794392581	90718352
2021-01-19	0.002352941176470538	0.0	0.00941176470588236	-0.002352941176470538	0.002352941176470538	74803843
2021-01-20	0.002347417840375537	0.002347417840375537	0.011737089201877894	-0.007042253521126611	0.002347417840375537	81031637
2021-01-21	-0.00468384074941442	-0.00468384074941442	0.0023419203747074182	-0.007025761124121631	-0.00468384074941442	71767521
2021-01-22	-0.016470588235294185	0.0	0.002352941176470538	-0.016470588235294185	-0.016470588235294185	98588245
2021-01-25	-0.007177033492822814	0.0	0.0	-0.011961722488038236	-0.007177033492822814	79340697
2021-01-26	0.002409638554216816	-0.00240963855421703	0.007228915662650447	-0.0048192771084338455	0.002409638554216816	60511883
2021-01-27	-0.0024038461538461024	0.0	0.004807692307692205	-0.004807692307692419	-0.0024038461538461024	72089555
2021-01-28	-0.0048192771084338455	-0.00240963855421703	0.0	-0.009638554216867478	-0.0048192771084338455	80810465
2021-01-29	-0.009685230024213084	0.0	0.0	-0.012106537530266302	-0.009685230024213084	85750155
2021-02-01	-0.0024449877750610726	0.0	0.0024449877750610726	-0.007334963325183435	-0.0024449877750610726	77991811
2021-02-02	0.0024509803921568107	0.0024509803921568107	0.00980392156862746	0.0	0.0024509803921568107	63664326
2021-02-03	0.0	0.004889975550122362	0.007334963325183435	-0.0024449877750610726	0.0	54129961
2021-02-04	0.0	0.004889975550122362	0.004889975550122362	-0.009779951100244507	0.0	81347240
2021-02-05	0.0	0.0024449877750610726	0.004889975550122362	-0.004889975550122145	0.0	60496214
2021-02-08	0.007334963325183435	0.0024449877750610726	0.007334963325183435	-0.0024449877750610726	0.007334963325183435	70048415
2021-02-09	0.012135922330097044	0.0	0.01699029126213599	-0.0024271844660193657	0.012135922330097044	100174773
2021-02-10	0.007194244604316606	-0.0023980815347721313	0.01199040767386087	-0.004796163069544263	0.007194244604316606	89065007
2021-02-18	0.04285714285714279	0.05476190476190465	0.06666666666666672	0.03571428571428559	0.04285714285714279	453701360
2021-02-19	-0.013698630136986212	-0.009132420091324209	-0.004566210045662003	-0.02054794520547942	-0.013698630136986212	209440542
2021-02-22	0.030092592592592567	0.0046296296296295305	0.0486111111111111	0.0023148148148147652	0.030092592592592567	360095872
2021-02-23	0.006741573033707921	0.013483146067415642	0.020224719101123563	0.0	0.006741573033707921	262327277
2021-02-24	-0.02678571428571431	0.0	0.0	-0.040178571428571556	-0.02678571428571431	221193140
2021-02-25	0.01605504587155949	0.01605504587155949	0.03211009174311919	0.01146788990825684	0.01605504587155949	190364182
2021-02-26	-0.015801354401805735	-0.013544018058690658	-0.0045146726862301525	-0.01805869074492101	-0.015801354401805735	129860843
2021-03-01	0.0022935779816513273	0.006880733944953981	0.009174311926605512	-0.006880733944954185	0.0022935779816513273	112500173
2021-03-02	-0.02288329519450813	-0.00686498855835246	-0.004576659038901708	-0.02517162471395888	-0.02288329519450813	158120480
2021-03-03	0.009367681498829048	0.0023419203747074182	0.014051522248243678	-0.00234192037470721	0.009367681498829048	103706925
2021-03-04	0.004640371229698483	0.002320185614849345	0.013921113689095245	0.0	0.004640371229698483	120797848
2021-03-05	0.020785219399538073	0.013856812933025313	0.023094688221708924	0.002309468822170851	0.020785219399538073	212177099
2021-03-08	0.020361990950226214	0.02488687782805437	0.036199095022624465	0.015837104072398255	0.020361990950226214	317476848
2021-03-09	-0.008869179600886927	-0.006651884700665047	0.0022172949002216822	-0.022172949002217217	-0.008869179600886927	198175668
2021-03-10	-0.017897091722595095	-0.002237136465324337	0.0	-0.017897091722595095	-0.017897091722595095	116971016
2021-03-11	0.011389521640091278	0.006833712984054727	0.013667425968109454	0.0	0.011389521640091278	106602200
2021-03-12	0.002252252252252204	0.004504504504504408	0.009009009009009016	-0.006756756756756812	0.002252252252252204	108147674
2021-03-15	0.013483146067415642	-0.004494382022472014	0.015730337078651548	-0.004494382022472014	0.013483146067415642	143431847
2021-03-16	-0.008869179600886927	-0.0044345898004433644	-0.0022172949002216822	-0.015521064301551974	-0.008869179600886927	92965905
2021-03-17	-0.006711409395973012	-0.004474272930648674	-0.004474272930648674	-0.017897091722595095	-0.006711409395973012	92878001
2021-03-18	-0.006756756756756812	-0.002252252252252404	0.0	-0.006756756756756812	-0.006756756756756812	77613380
2021-03-19	-0.02040816326530609	-0.02040816326530609	-0.011337868480725584	-0.024943310657596442	-0.02040816326530609	146109801
2021-03-22	0.009259259259259267	-0.002314814814814971	0.009259259259259267	-0.004629629629629736	0.009259259259259267	75187588
2021-03-23	-0.009174311926605512	-0.0022935779816515307	-0.0022935779816515307	-0.011467889908257043	-0.009174311926605512	63729753
2021-03-24	-0.011574074074074238	-0.006944444444444501	-0.004629629629629736	-0.013888888888889003	-0.011574074074074238	88091142
2021-03-25	0.0023419203747074182	0.007025761124121839	0.011709601873536467	0.0023419203747074182	0.0023419203747074182	65311351
2021-03-26	0.002336448598130791	0.002336448598130791	0.007009345794392373	-0.002336448598130999	0.002336448598130791	59173993
2021-03-29	0.002331002331002281	0.004662004662004562	0.011655011655011614	0.0	0.002331002331002281	85542117
2021-03-30	0.0	0.0023255813953487877	0.004651162790697782	-0.0023255813953487877	0.0	69064287
2021-03-31	0.0	-0.0023255813953487877	0.0023255813953487877	-0.00697674418604657	0.0	73192943
2021-04-01	-0.0046511627906975755	0.0	0.0	-0.00697674418604657	-0.0046511627906975755	60253780
2021-04-02	0.0	0.004672897196261582	0.004672897196261582	-0.002336448598130999	0.0	65511675
2021-04-06	-0.007009345794392581	-0.002336448598130999	0.0	-0.009345794392523372	-0.007009345794392581	63693232
2021-04-07	0.004705882352941076	-0.002352941176470538	0.007058823529411823	-0.002352941176470538	0.004705882352941076	69200985
2021-04-08	-0.00234192037470721	-0.00234192037470721	0.0023419203747074182	-0.00468384074941442	-0.00234192037470721	61459554
2021-04-09	0.002347417840375537	-0.002347417840375537	0.00704225352112682	-0.002347417840375537	0.002347417840375537	70902434
2021-04-12	0.0023419203747074182	0.0	0.007025761124121839	-0.00234192037470721	0.0023419203747074182	71342216
2021-04-13	-0.007009345794392581	0.0	0.002336448598130791	-0.011682242990654164	-0.007009345794392581	72718016
2021-04-14	0.0	0.0	0.002352941176470538	-0.004705882352941076	0.0	47314417
2021-04-15	0.004705882352941076	0.004705882352941076	0.004705882352941076	0.0	0.004705882352941076	61020370
2021-04-16	0.009367681498829048	0.0	0.011709601873536467	-0.00234192037470721	0.009367681498829048	84298740
2021-04-19	-0.004640371229698278	0.0	0.0	-0.006960556844547416	-0.004640371229698278	92841650
2021-04-20	-0.0046620046620047696	-0.002331002331002281	0.0	-0.006993006993007051	-0.0046620046620047696	55123941
2021-04-21	-0.00936768149882884	-0.00234192037470721	0.0	-0.00936768149882884	-0.00936768149882884	81596140
2021-04-22	-0.014184397163120683	0.002364066193853377	0.002364066193853377	-0.018912529550827437	-0.014184397163120683	162949740
2021-04-23	0.0	0.0	0.0023980815347721313	-0.004796163069544263	0.0	56813040
2021-04-26	0.0	0.0	0.004796163069544475	-0.0023980815347721313	0.0	55434274
2021-04-27	-0.007194244604316606	0.0	0.0	-0.01199040767386087	-0.007194244604316606	59998330
2021-04-28	0.007246376811594264	0.0	0.007246376811594264	-0.0024154589371980163	0.007246376811594264	45653797
2021-04-29	0.007194244604316606	0.0023980815347721313	0.009592326139088737	0.0	0.007194244604316606	69819050
2021-04-30	0.011904761904761862	0.011904761904761862	0.01666666666666652	0.00476190476190466	0.011904761904761862	138481387
2021-05-06	0.03058823529411762	0.007058823529411823	0.03764705882352944	0.004705882352941076	0.03058823529411762	270055040
2021-05-07	0.013698630136986415	0.0	0.015981735159817417	-0.004566210045662003	0.013698630136986415	245375358
2021-05-10	0.03153153153153146	0.006756756756756612	0.03378378378378366	0.006756756756756612	0.03153153153153146	321335776
2021-05-11	-0.004366812227074336	-0.006550218340611408	-0.0021834061135370714	-0.01746724890829696	-0.004366812227074336	221170045
2021-05-12	0.028508771929824737	0.0	0.028508771929824737	-0.0021929824561403044	0.028508771929824737	246311948
2021-05-13	0.0	0.0	0.0042643923240937255	-0.014925373134328417	0.0	205380543
2021-05-14	-0.00852878464818764	-0.010660980810234692	-0.0021321961620470523	-0.02345415778251606	-0.00852878464818764	203216228
2021-05-17	0.002150537634408556	0.0064516129032256685	0.01720430107526883	-0.002150537634408747	0.002150537634408556	157231873
2021-05-18	0.04506437768240342	0.010729613733905541	0.049356223175965566	0.0064377682403434005	0.04506437768240342	286449856
2021-05-19	-0.01437371663244359	-0.004106776180698247	-0.004106776180698247	-0.0225872689938399	-0.01437371663244359	146280199
2021-05-20	-0.0291666666666666	-0.01874999999999997	-0.01874999999999997	-0.039583333333333234	-0.0291666666666666	180200326
2021-05-21	0.0064377682403434005	-0.00858369098712447	0.00858369098712447	-0.010729613733905541	0.0064377682403434005	130572029
2021-05-24	-0.014925373134328417	0.0042643923240937255	0.00852878464818764	-0.019189765458422332	-0.014925373134328417	136556725
2021-05-25	0.021645021645021568	0.010822510822510784	0.025974025974025997	0.008658008658008665	0.021645021645021568	166266122
2021-05-26	-0.00847457627118645	-0.002118644067796565	-0.002118644067796565	-0.012711864406779579	-0.00847457627118645	99747776
2021-05-27	-0.008547008547008555	-0.0021367521367520914	0.004273504273504373	-0.008547008547008555	-0.008547008547008555	104585905
2021-05-28	0.006465517241379364	0.006465517241379364	0.015086206896551787	0.002155172413793249	0.006465517241379364	78185313
2021-05-31	-0.010706638115631655	-0.002141327623126293	-0.002141327623126293	-0.01498929336188443	-0.010706638115631655	88406417
2021-06-01	0.01948051948051945	0.002164502164502118	0.021645021645021568	-0.002164502164502118	0.01948051948051945	128459929
2021-06-02	0.0	0.004246284501061669	0.01273885350318463	-0.00636942675159241	0.0	132293892
2021-06-03	0.008492569002123149	0.01061571125265389	0.02335456475583871	0.00636942675159241	0.008492569002123149	132868875
2021-06-04	-0.01263157894736834	-0.008421052631578954	-0.004210526315789384	-0.021052631578947295	-0.01263157894736834	111174350
2021-06-07	0.012793176972281365	0.00852878464818764	0.014925373134328228	0.006396588486140588	0.012793176972281365	106802570
2021-06-08	-0.006315789473684263	-0.004210526315789384	0.0	-0.010526315789473648	-0.006315789473684263	80919951
2021-06-09	0.03601694915254236	0.00847457627118645	0.03813559322033911	0.006355932203389884	0.03601694915254236	228646166
2021-06-10	0.004089979550102344	-0.008179959100204507	0.01022494887525577	-0.010224948875255588	0.004089979550102344	146494571
2021-06-11	0.05702647657841146	0.0040733197556007275	0.08146639511201618	0.0020366598778003638	0.05702647657841146	439871264
2021-06-15	0.007707129094412337	0.0038535645472060833	0.03082851637764918	-0.007707129094412337	0.007707129094412337	329884752
2021-06-16	0.01529636711281055	0.019120458891013315	0.03824091778202663	-0.0038240917782027648	0.01529636711281055	327243840
2021-06-17	-0.015065913370997963	-0.011299435028248515	-0.011299435028248515	-0.03954802259887005	-0.015065913370997963	282219312
2021-06-18	-0.015296367112810719	-0.015296367112810719	-0.0038240917782027648	-0.026768642447418844	-0.015296367112810719	196681969
2021-06-21	-0.0077669902912621425	0.009708737864077634	0.01359223300970862	-0.01747572815533995	-0.0077669902912621425	186233261
2021-06-22	0.052837573385518505	0.0176125244618395	0.06653620352250486	0.01565557729941293	0.052837573385518505	301101536
2021-06-23	0.0	0.0	0.007434944237918222	-0.01672862453531596	0.0	179770310
2021-06-24	0.0018587360594795144	0.0	0.007434944237918222	-0.011152416356877252	0.0018587360594795144	132352359
2021-06-25	0.0037105751391466536	0.0018552875695734092	0.02968460111317257	-0.009276437847866387	0.0037105751391466536	217172960
2021-06-28	-0.011090573012939094	0.012939001848428888	0.020332717190388063	-0.011090573012939094	-0.011090573012939094	160496395
2021-06-29	-0.020560747663551298	-0.02429906542056073	-0.007476635514018699	-0.04672897196261683	-0.020560747663551298	166082569
2021-06-30	0.009541984732824393	0.0019083969465648447	0.013358778625954082	-0.007633587786259549	0.009541984732824393	104135616
2021-07-01	-0.009451795841209797	0.0037807183364838514	0.005671077504725945	-0.02268431001890361	-0.009451795841209797	131834225
2021-07-02	-0.0019083969465648447	0.02099236641221363	0.038167938931297746	-0.005725190839694703	-0.0019083969465648447	228263366
2021-07-05	-0.0076481835564053595	-0.0038240917782027648	0.0019120458891012976	-0.02868068833652014	-0.0076481835564053595	168500655
2021-07-06	0.01156069364161842	0.009633911368015379	0.015414258188824505	0.0038535645472060833	0.01156069364161842	108448875
2021-07-07	-0.024761904761904742	-0.026666666666666606	-0.017142857142857116	-0.036190476190476266	-0.024761904761904742	176769971
2021-07-08	-0.02539062499999998	-0.013671875000000056	-0.005859375000000049	-0.035156249999999944	-0.02539062499999998	201439206
2021-07-09	0.0	0.006012024048096064	0.012024048096192307	-0.010020040080160284	0.0	140322842
2021-07-12	-0.012024048096192484	0.012024048096192307	0.014028056112224328	-0.014028056112224505	-0.012024048096192484	151192147
2021-07-13	0.004056795131845935	0.0	0.014198782961460505	-0.01014198782961457	0.004056795131845935	130243825
2021-07-14	-0.014141414141414198	0.0	0.0020202020202019773	-0.018181818181818153	-0.014141414141414198	132631065
2021-07-15	-0.0040983606557376175	-0.016393442622950834	0.0040983606557378	-0.024590163934426253	-0.0040983606557376175	163533047
2021-07-16	-0.008230452674897125	-0.008230452674897125	0.0	-0.01234567901234578	-0.008230452674897125	109456278
2021-07-19	-0.016597510373443997	-0.002074688796680638	-0.002074688796680638	-0.02697095435684645	-0.016597510373443997	132306496
2021-07-20	-0.008438818565400852	-0.018987341772151868	-0.006329113924050685	-0.03375527426160341	-0.008438818565400852	189554043
2021-07-21	-0.004255319148936268	0.0	0.004255319148936079	-0.014893617021276655	-0.004255319148936268	91956780
2021-07-22	0.012820512820512928	0.014957264957265019	0.03418803418803422	0.008547008547008555	0.012820512820512928	168187865
2021-07-23	-0.006329113924050685	0.0	0.012658227848101182	-0.008438818565400852	-0.006329113924050685	113808370
2021-07-26	-0.016985138004246298	0.0	0.0021231422505307404	-0.02335456475583871	-0.016985138004246298	140986148
2021-07-27	0.01511879049676032	0.004319654427645888	0.03239740820734349	0.0021598272138228483	0.01511879049676032	185250883
2021-07-28	-0.010638297872340387	-0.010638297872340387	0.006382978723404308	-0.025531914893617044	-0.010638297872340387	156298096
2021-07-29	-0.002150537634408747	0.004301075268817112	0.0064516129032256685	-0.010752688172043163	-0.002150537634408747	126760280
2021-07-30	0.008620689655172422	0.0	0.019396551724138095	-0.008620689655172422	0.008620689655172422	120652888
2021-08-02	-0.0021367521367520914	-0.006410256410256274	0.0	-0.027777777777777755	-0.0021367521367520914	145445121
2021-08-03	-0.019271948608137014	-0.01498929336188443	-0.00856531049250536	-0.02141327623126331	-0.019271948608137014	128018000
2021-08-04	0.006550218340611408	0.0	0.01091703056768555	-0.004366812227074336	0.006550218340611408	82971888
2021-08-05	-0.01084598698481577	-0.008676789587852502	-0.00216919739696327	-0.013015184381778849	-0.01084598698481577	99971248
2021-08-06	-0.0021929824561403044	0.002192982456140499	0.004385964912280803	-0.010964912280701716	-0.0021929824561403044	94095256
2021-08-09	-0.002197802197802151	-0.0087912087912088	0.004395604395604497	-0.01098901098901095	-0.002197802197802151	80072142
2021-08-10	0.0022026431718061203	-0.0022026431718061203	0.004405286343612241	-0.008810572687224677	0.0022026431718061203	89859950
2021-08-11	0.013186813186813296	0.004395604395604497	0.019780219780219748	0.004395604395604497	0.013186813186813296	143398923
2021-08-12	-0.00216919739696327	0.0	0.006507592190889232	-0.008676789587852502	-0.00216919739696327	93787358
2021-08-13	-0.010869565217391266	0.0	0.002173913043478408	-0.013043478260869481	-0.010869565217391266	95321927
2021-08-16	0.01098901098901095	-0.002197802197802151	0.015384615384615448	-0.006593406593406648	0.01098901098901095	128490359
2021-08-17	-0.015217391304347697	-0.0021739130434782145	0.004347826086956622	-0.019565217391304318	-0.015217391304347697	141404592
2021-08-18	0.0022075055187637496	-0.004415011037527695	0.004415011037527499	-0.011037527593818946	0.0022075055187637496	114550677
2021-08-19	-0.022026431718061595	-0.008810572687224677	-0.006607929515418557	-0.024229074889867912	-0.022026431718061595	141052508
2021-08-20	-0.009009009009009016	-0.002252252252252404	0.002252252252252204	-0.015765765765765827	-0.009009009009009016	132496951
2021-08-23	0.006818181818181672	-0.002272727272727426	0.013636363636363547	-0.002272727272727426	0.006818181818181672	100281056
2021-08-24	0.01805869074492101	0.013544018058690857	0.020316027088036086	0.009029345372460505	0.01805869074492101	134590994
2021-08-25	0.022172949002217415	0.006651884700665244	0.022172949002217415	-0.0022172949002216822	0.022172949002217415	136977460
2021-08-26	0.008676789587852502	0.0	0.01952277657266808	-0.004338394793926347	0.008676789587852502	158848460
2021-08-27	0.01720430107526883	0.004301075268817112	0.01720430107526883	0.0	0.01720430107526883	164829467
2021-08-30	0.027484143763213505	0.010570824524312858	0.031712473572938576	0.008456659619450135	0.027484143763213505	240349140
2021-08-31	0.01646090534979425	-0.0041152263374486546	0.01851851851851849	-0.01646090534979425	0.01646090534979425	216671818
2021-09-01	-0.002024291497975845	0.00404858299595133	0.012145748987854171	-0.014170040485830015	-0.002024291497975845	177335823
2021-09-02	0.006085192697768814	-0.002028397565922878	0.012170385395537628	-0.00811359026369169	0.006085192697768814	147180093
2021-09-03	0.01814516129032255	0.012096774193548309	0.024193548387096794	0.010080645161290288	0.01814516129032255	180042394
2021-09-06	-0.007920792079207928	-0.003960396039603876	0.009900990099009866	-0.009900990099009866	-0.007920792079207928	133887827
2021-09-07	0.023952095808383256	0.0019960079840318935	0.02794411177644722	-0.0019960079840318935	0.023952095808383256	204743489
2021-09-08	0.005847953216374317	-0.005847953216374317	0.019493177387914333	-0.00974658869395708	0.005847953216374317	143115301
2021-09-09	0.02131782945736423	0.0	0.03294573643410851	-0.0019379844961239896	0.02131782945736423	255254540
2021-09-10	-0.015180265654648802	-0.005692599620493238	0.005692599620493406	-0.02087286527514221	-0.015180265654648802	211373070
2021-09-13	0.05973025048169549	0.013487475915221463	0.06165703275529853	0.009633911368015379	0.05973025048169549	391445040
2021-09-14	0.03818181818181818	0.0054545454545455	0.08909090909090912	-0.007272727272727279	0.03818181818181818	660045920
2021-09-15	0.04903677758318743	-0.015761821366024494	0.07005253940455347	-0.019264448336252245	0.04903677758318743	592728608
2021-09-16	-0.0066777963272120254	0.026711185308848102	0.033388981636060126	-0.021702838063439048	-0.0066777963272120254	541831232
2021-09-17	-0.04201680672268907	-0.02857142857142856	-0.0016806722689075271	-0.07563025210084036	-0.04201680672268907	431724320
2021-09-22	0.07192982456140354	-0.012280701754386015	0.07894736842105265	-0.021052631578947385	0.07192982456140354	490501184
2021-09-23	-0.019639934533551572	0.0065466448445171905	0.011456628477904974	-0.03109656301145669	-0.019639934533551572	433737632
2021-09-24	-0.003338898163606087	0.010016694490817964	0.043405676126878096	-0.008347245409014995	-0.003338898163606087	370097504
2021-09-27	0.04020100502512566	0.021775544388609697	0.06532663316582925	0.015075376884422087	0.04020100502512566	565182624
2021-09-28	0.0450885668276973	0.014492753623188383	0.0450885668276973	-0.019323671497584557	0.0450885668276973	558838752
2021-09-29	-0.06933744221879817	-0.03081664098613254	-0.03081664098613254	-0.09707241910631739	-0.06933744221879817	580119936
2021-09-30	-0.004966887417218584	-0.01655629139072842	0.004966887417218584	-0.041390728476821195	-0.004966887417218584	331622528
2021-10-08	0.04492512479201339	0.05823627287853587	0.07653910149750416	0.01996672212978371	0.04492512479201339	376290768
2021-10-11	-0.02070063694267514	0.007961783439490418	0.01751592356687889	-0.027070063694267503	-0.02070063694267514	263885657
2021-10-12	-0.02439024390243908	-0.004878048780487845	0.017886178861788525	-0.039024390243902474	-0.02439024390243908	300847616
2021-10-13	-0.041666666666666664	-0.016666666666666607	-0.011666666666666714	-0.07666666666666666	-0.041666666666666664	383123760
2021-10-14	-0.008695652173913012	-0.0017391304347825717	0.008695652173913012	-0.015652173913043455	-0.008695652173913012	193726194
2021-10-15	0.043859649122807015	0.008771929824561372	0.05263157894736839	-0.003508771929824642	0.043859649122807015	301990128
2021-10-18	0.010084033613445313	0.006722689075630258	0.0218487394957983	-0.015126050420168043	0.010084033613445313	203643268
2021-10-19	-0.00831946755407651	-0.018302828618968293	-0.003327787021630545	-0.02828618968386022	-0.00831946755407651	180080788
2021-10-20	-0.018456375838926228	-0.018456375838926228	-0.00671140939597316	-0.02516778523489939	-0.018456375838926228	161208047
2021-10-21	0.005128205128205171	0.010256410256410341	0.02222222222222236	0.0	0.005128205128205171	154179771
2021-10-22	-0.030612244897959134	-0.008503401360544187	0.0	-0.037414965986394516	-0.030612244897959134	199879302
2021-10-25	0.036842105263157884	0.010526315789473615	0.05614035087719287	0.0	0.036842105263157884	215676103
2021-10-26	-0.010152284263959475	0.010152284263959324	0.011844331641286003	-0.015228426395939063	-0.010152284263959475	132676344
2021-10-27	-0.006837606837606844	-0.005128205128205019	0.00854700854700867	-0.01880341880341871	-0.006837606837606844	148011878
2021-10-28	-0.06196213425129078	-0.018932874354561004	-0.018932874354561004	-0.06884681583476755	-0.06196213425129078	309001872
2021-10-29	0.005504587155963348	0.011009174311926533	0.01467889908256882	-0.02201834862385323	0.005504587155963348	216514984
2021-11-01	-0.018248175182481848	-0.0018248175182482983	0.005474452554744409	-0.02189781021897812	-0.018248175182481848	175052221
2021-11-02	-0.020446096654275152	0.009293680297397737	0.011152416356877417	-0.04089219330855014	-0.020446096654275152	208280649
2021-11-03	-0.01707779886148005	-0.015180265654648802	-0.0018975332068310792	-0.026565464895635615	-0.01707779886148005	165409306
2021-11-04	-0.021235521235521127	-0.015444015444015458	-0.013513513513513398	-0.03281853281853281	-0.021235521235521127	204028543
2021-11-05	-0.03353057199211044	-0.009861932938856155	-0.003944773175542498	-0.03353057199211044	-0.03353057199211044	189981593
2021-11-08	0.0061224489795917054	0.010204081632653024	0.026530612244897934	0.0020408163265305686	0.0061224489795917054	154833469
2021-11-09	-0.01622718052738338	0.0	0.002028397565923058	-0.02028397565922914	-0.01622718052738338	149191854
2021-11-10	0.0	0.010309278350515611	0.01237113402061866	-0.012371134020618476	0.0	178855653
2021-11-11	-0.006185567010309147	-0.010309278350515427	0.0	-0.016494845360824757	-0.006185567010309147	167893108
2021-11-12	-0.002074688796680638	0.0020746887966804537	0.006224066390041361	-0.008298755186721999	-0.002074688796680638	145004216
2021-11-15	0.0	-0.002079002079002035	0.0041580041580042545	-0.01039501039501036	0.0	123106308
2021-11-16	-0.008316008316008323	0.0	0.008316008316008323	-0.008316008316008323	-0.008316008316008323	172511911
2021-11-17	0.012578616352201363	0.0	0.012578616352201363	-0.006289308176100496	0.012578616352201363	127566080
2021-11-18	-0.012422360248447308	-0.010351966873705968	-0.004140786749482497	-0.014492753623188465	-0.012422360248447308	136866113
2021-11-19	0.012578616352201363	0.0	0.016771488469601692	-0.006289308176100496	0.012578616352201363	150205121
2021-11-22	0.0041407867494823135	-0.00828157349896481	0.0041407867494823135	-0.010351966873705968	0.0041407867494823135	171120839
2021-11-23	0.002061855670103232	-0.004123711340206098	0.01443298969072171	-0.004123711340206098	0.002061855670103232	155065058
2021-11-24	0.01851851851851849	0.012345679012345599	0.03292181069958832	0.012345679012345599	0.01851851851851849	170729997
2021-11-25	-0.016161616161616175	0.0	0.0040404040404039545	-0.018181818181818153	-0.016161616161616175	116386844
2021-11-26	-0.02053388090349087	-0.004106776180698247	-0.004106776180698247	-0.024640657084188933	-0.02053388090349087	154764664
2021-11-29	-0.006289308176100496	-0.023060796645702188	0.002096436058700351	-0.027253668763102704	-0.006289308176100496	150200197
2021-11-30	-0.006329113924050685	-0.0021097046413501657	0.008438818565400852	-0.010548523206751016	-0.006329113924050685	120112740
2021-12-01	0.03184713375796186	-0.0021231422505307404	0.033970276008492596	-0.004246284501061481	0.03184713375796186	150573017
2021-12-02	0.006172839506172707	-0.00617283950617289	0.01851851851851849	-0.008230452674897125	0.006172839506172707	125435150
2021-12-03	0.0061349693251534256	0.008179959100204507	0.016359918200409013	-0.008179959100204507	0.0061349693251534256	115217682
2021-12-06	-0.006097560975609807	-0.002032520325203209	0.010162601626016224	-0.008130081300813016	-0.006097560975609807	100108172
2021-12-07	0.014314928425357932	0.01022494887525577	0.016359918200409013	0.002044989775051263	0.014314928425357932	129564119
2021-12-08	0.010080645161290288	0.006048387096774244	0.01612903225806453	0.0020161290322580215	0.010080645161290288	140922137
2021-12-09	0.01397205588822361	0.0019960079840318935	0.015968063872255505	-0.0019960079840318935	0.01397205588822361	134619349
2021-12-10	-0.021653543307086676	-0.003937007874015839	-0.003937007874015839	-0.02952755905511818	-0.021653543307086676	159231077
2021-12-13	-0.002012072434607603	-0.002012072434607603	0.008048289738430591	-0.006036217303822809	-0.002012072434607603	115811588
2021-12-14	-0.020161290322580575	-0.004032258064516043	-0.004032258064516043	-0.02822580645161284	-0.020161290322580575	158425015
2021-12-15	-0.00617283950617289	-0.00617283950617289	-0.002057613168724419	-0.014403292181070016	-0.00617283950617289	94357633
2021-12-16	0.022774327122153274	0.0041407867494823135	0.024844720496894433	0.0020703933747411567	0.022774327122153274	134647190
2021-12-17	0.0	-0.002024291497975845	0.010121457489878506	-0.006072874493927175	0.0	105737521
2021-12-20	-0.018218623481781528	-0.008097165991902841	-0.00404858299595151	-0.018218623481781528	-0.018218623481781528	106975700
2021-12-21	0.010309278350515611	0.0	0.01237113402061866	-0.002061855670103049	0.010309278350515611	76004596
2021-12-22	-0.00204081632653075	0.0061224489795917054	0.01836734693877548	-0.00204081632653075	-0.00204081632653075	109723930
2021-12-23	0.028629856850715864	0.0061349693251534256	0.03271983640081803	0.002044989775051263	0.028629856850715864	211651675
2021-12-24	-0.01789264413518884	0.0019880715705764985	0.003976143141152997	-0.019880715705765512	-0.01789264413518884	107186965
2021-12-27	0.002024291497975665	-0.00404858299595151	0.012145748987854171	-0.00404858299595151	0.002024291497975665	77364082
2021-12-28	-0.004040404040404133	0.010101010101010065	0.014141414141414019	-0.008080808080808088	-0.004040404040404133	114325369
2021-12-29	-0.004056795131845756	0.0	0.002028397565923058	-0.006085192697768633	-0.004056795131845756	75112809
2021-12-30	-0.0020366598778003638	0.0020366598778003638	0.008146639511201636	-0.0020366598778003638	-0.0020366598778003638	90608053
2021-12-31	0.0020408163265305686	0.0	0.0061224489795917054	-0.0040816326530613185	0.0020408163265305686	74548057
2022-01-04	0.006109979633401272	0.0020366598778003638	0.008146639511201636	-0.0020366598778003638	0.006109979633401272	124041416
2022-01-05	0.00404858299595133	-0.002024291497975845	0.008097165991902841	-0.00404858299595151	0.00404858299595133	140126563
2022-01-06	0.004032258064516223	-0.004032258064516043	0.012096774193548309	-0.008064516129032265	0.004032258064516223	143780027
2022-01-07	0.05823293172690745	0.010040160642570245	0.06827309236947787	0.008032128514056052	0.05823293172690745	421615760
2022-01-10	0.005692599620493406	-0.007590132827324317	0.0189753320683113	-0.01897533206831113	0.005692599620493406	270629776
2022-01-11	-0.011320754716981058	-0.003773584905660297	0.005660377358490613	-0.013207547169811207	-0.011320754716981058	127473024
2022-01-12	0.017175572519083943	0.026717557251908334	0.038167938931297746	0.009541984732824393	0.017175572519083943	280558624
2022-01-13	0.02814258911819894	0.020637898686679233	0.04690431519699812	0.015009380863039413	0.02814258911819894	306367392
2022-01-14	-0.0346715328467154	-0.0036496350364964344	-0.0036496350364964344	-0.036496350364963535	-0.0346715328467154	210384911
2022-01-17	0.005671077504725945	0.018903591682419594	0.02457466918714554	-0.01512287334593574	0.005671077504725945	182212676
2022-01-18	0.0319548872180451	0.0	0.03759398496240588	-0.003759398496240688	0.0319548872180451	240013773
2022-01-19	0.0018214936247722745	0.007285974499089259	0.014571948998178519	-0.014571948998178519	0.0018214936247722745	299087472
2022-01-20	-0.01818181818181812	-0.03818181818181818	-0.010909090909090839	-0.045454545454545456	-0.01818181818181812	273962816
2022-01-21	-0.04259259259259267	-0.016666666666666805	-0.014814814814814828	-0.05000000000000008	-0.04259259259259267	282994880
2022-01-24	0.025145067698259166	0.005802707930367553	0.029013539651837592	-0.001934235976789127	0.025145067698259166	156477117
2022-01-25	-0.030188679245283047	-0.015094339622641523	-0.007547169811320762	-0.030188679245283047	-0.030188679245283047	166905101
2022-01-26	0.027237354085603224	0.021400778210116794	0.029182879377431976	0.007782101167315182	0.027237354085603224	180541543
2022-01-27	-0.007575757575757582	0.0056818181818180605	0.017045454545454516	-0.011363636363636458	-0.007575757575757582	155682051
2022-01-28	-0.0419847328244276	-0.0019083969465648447	0.005725190839694534	-0.047709923664122134	-0.0419847328244276	290057104
2022-02-07	0.09163346613545835	0.03386454183266949	0.09561752988047818	0.0318725099601594	0.09163346613545835	399682368
2022-02-08	0.009124087591240842	-0.012773722627737277	0.012773722627737115	-0.016423357664233713	0.009124087591240842	247678610
2022-02-09	-0.0090415913200723	-0.014466546112115744	-0.0018083182640145886	-0.01808318264014476	-0.0090415913200723	174885770
2022-02-10	0.007299270072992544	0.001824817518248136	0.023722627737226255	-0.009124087591241005	0.007299270072992544	217250216
2022-02-11	0.05072463768115947	-0.0036231884057970243	0.06340579710144938	-0.005434782608695537	0.05072463768115947	457650112
2022-02-14	0.0034482758620690453	0.03275862068965524	0.04137931034482763	-0.006896551724137937	0.0034482758620690453	331317040
2022-02-15	-0.029209621993127134	-0.006872852233676982	-0.006872852233676982	-0.04123711340206189	-0.029209621993127134	258532149
2022-02-16	-0.0017699115044248982	-0.026548672566371743	0.003539823008849482	-0.0353982300884956	-0.0017699115044248982	237509303
2022-02-17	0.010638297872340514	-0.010638297872340358	0.01950354609929084	-0.017730496453900648	0.010638297872340514	245660209
2022-02-18	-0.012280701754386015	-0.015789473684210503	-0.005263157894736885	-0.028070175438596516	-0.012280701754386015	188989889
2022-02-21	-0.010657193605683768	0.0017761989342806016	0.005328596802841963	-0.01776198934280633	-0.010657193605683768	136993664
2022-02-22	0.04129263913824049	0.02333931777378813	0.04129263913824049	0.012567324955116588	0.04129263913824049	370577472
2022-02-23	-0.022413793103448258	-0.020689655172413814	-0.013793103448275874	-0.036206896551724134	-0.022413793103448258	250608585
2022-02-24	0.04232804232804237	0.0	0.072310405643739	-0.0070546737213403946	0.04232804232804237	607702752
2022-02-25	-0.030456852791878125	-0.028764805414551595	-0.01692047377326574	-0.04737732656514387	-0.030456852791878125	397493200
2022-02-28	0.006980802792320968	0.003490401396160484	0.026178010471204095	0.0	0.006980802792320968	258270622
2022-03-01	-0.006932409012131569	0.0	0.0	-0.020797227036395013	-0.006932409012131569	214210256
2022-03-02	0.01919720767888297	0.03315881326352522	0.04013961605584634	0.01396160558464209	0.01919720767888297	327413552
2022-03-03	0.015410958904109566	0.010273972602739812	0.03082191780821913	0.006849315068493157	0.015410958904109566	380417248
2022-03-04	-0.020236087689713342	-0.013490725126475561	-0.006745362563237781	-0.030354131534569936	-0.020236087689713342	244565628
2022-03-07	0.02237521514629962	0.0327022375215147	0.037865748709122314	0.015490533562822848	0.02237521514629962	379340640
2022-03-08	-0.00673400673400674	-0.010101010101010183	0.010101010101010034	-0.0303030303030304	-0.00673400673400674	306942768
2022-03-09	-0.027118644067796634	0.0033898305084745037	0.011864406779660913	-0.05932203389830517	-0.027118644067796634	360225568
2022-03-10	-0.013937282229965169	-0.033101045296167315	-0.010452961672473953	-0.04181184668989551	-0.013937282229965169	296143424
2022-03-11	-0.01413427561837457	-0.015901060070671352	-0.01413427561837457	-0.04593639575971727	-0.01413427561837457	267913096
2022-03-14	-0.02150537634408604	-0.02150537634408604	0.008960573476702477	-0.023297491039426504	-0.02150537634408604	177188189
2022-03-15	-0.08424908424908424	-0.014652014652014666	-0.014652014652014666	-0.08424908424908424	-0.08424908424908424	347531376
2022-03-16	0.016000000000000014	0.003999999999999915	0.019999999999999928	-0.027999999999999935	0.016000000000000014	283301712
2022-03-17	0.009842519685039335	0.003937007874015664	0.013779527559055173	-0.009842519685039335	0.009842519685039335	252972330
2022-03-18	0.0233918128654971	0.015594541910331399	0.033138401559454175	0.011695906432748635	0.0233918128654971	235789522
2022-03-21	-0.00952380952380949	0.0038095238095237284	0.007619047619047626	-0.017142857142857116	-0.00952380952380949	176933675
2022-03-22	0.028846153846153744	0.013461538461538344	0.03269230769230768	0.013461538461538344	0.028846153846153744	210744022
2022-03-23	-0.0056074766355138994	-0.009345794392523333	0.0018691588785047992	-0.016822429906542032	-0.0056074766355138994	130049329
2022-03-24	0.005639097744360781	0.016917293233082678	0.02819548872180441	0.003759398496240521	0.005639097744360781	157370770
2022-03-25	0.0037383177570094323	-0.009345794392523333	0.013084112149532765	-0.013084112149532598	0.0037383177570094323	126648867
2022-03-28	0.035381750465549255	0.005586592178770996	0.05027932960893847	-0.0018621973929236102	0.035381750465549255	249619217
2022-03-29	0.010791366906474911	-0.014388489208632947	0.014388489208633108	-0.017985611510791304	0.010791366906474911	161280476
2022-03-30	-0.016014234875444813	-0.0035587188612100466	-0.0035587188612100466	-0.030249110320284683	-0.016014234875444813	200788855
2022-03-31	-0.0018083182640145886	-0.005424954792043445	0.007233273056057872	-0.012658227848101316	-0.0018083182640145886	160490422
2022-04-01	-0.009057971014492723	-0.02173913043478247	-0.0036231884057970243	-0.032608695652173864	-0.009057971014492723	178146739
2022-04-06	0.025594149908592427	0.0	0.031078610603290664	-0.005484460694698238	0.025594149908592427	198105775
2022-04-07	-0.008912655971479628	-0.008912655971479628	0.012477718360071192	-0.010695187165775489	-0.008912655971479628	159378475
2022-04-08	0.003597122302158357	0.003597122302158357	0.016187050359712365	-0.007194244604316554	0.003597122302158357	116766097
2022-04-11	-0.014336917562724026	0.0035842293906809273	0.014336917562724026	-0.019713261648745577	-0.014336917562724026	144435608
2022-04-12	-0.007272727272727279	-0.00909090909090906	-0.0018181818181817794	-0.029090909090909115	-0.007272727272727279	174259457
2022-04-13	0.010989010989010917	0.009157509157509125	0.02380952380952379	0.007326007326007333	0.010989010989010917	158306477
2022-04-14	0.01449275362318842	0.00724637681159421	0.018115942028985605	0.003623188405797185	0.01449275362318842	133318156
2022-04-15	-0.010714285714285645	0.012500000000000051	0.017857142857142953	-0.010714285714285645	-0.010714285714285645	130514686
2022-04-18	-0.025270758122743625	0.0018050541516245102	0.014440433212996403	-0.027075812274368297	-0.025270758122743625	145985840
2022-04-19	0.0370370370370369	0.0	0.03888888888888888	-0.005555555555555601	0.0370370370370369	218290612
2022-04-20	-0.03392857142857134	-0.0142857142857143	-0.0035714285714284954	-0.03571428571428559	-0.03392857142857134	161246050
2022-04-21	-0.04621072088724584	0.0	0.009242144177449136	-0.05360443622920518	-0.04621072088724584	279973216
2022-04-22	0.023255813953488393	-0.013565891472868272	0.031007751937984523	-0.01744186046511625	0.023255813953488393	183162438
2022-04-25	-0.04356060606060614	-0.01893939393939404	-0.003787878787878875	-0.04545454545454549	-0.04356060606060614	217306551
2022-04-26	-0.011881188118811805	0.0	0.013861386138613919	-0.019801980198019733	-0.011881188118811805	183424627
2022-04-27	0.018036072144288547	0.0	0.020040080160320568	-0.006012024048096242	0.018036072144288547	185774041
2022-04-28	0.01968503937007867	0.0	0.02559055118110234	-0.007874015748031503	0.01968503937007867	155100803
2022-04-29	0.038610038610038644	0.01351351351351357	0.040540540540540536	-0.0019305019305018896	0.038610038610038644	203559721
2022-05-05	0.01301115241635693	0.005576208178438708	0.020446096654275152	0.0018587360594795144	0.01301115241635693	210120364
2022-05-06	-0.02935779816513764	-0.020183486238532167	-0.01467889908256882	-0.038532110091743114	-0.02935779816513764	138016440
2022-05-09	0.009451795841209797	0.0	0.013232514177693815	-0.005671077504725945	0.009451795841209797	86649714
2022-05-10	-0.02996254681647943	-0.035580524344569195	-0.026217228464419415	-0.05056179775280891	-0.02996254681647943	224050374
2022-05-11	0.0019305019305020609	-0.005791505791505668	0.00579150579150584	-0.00965250965250962	0.0019305019305020609	142339672
2022-05-12	-0.011560693641618592	0.0038535645472060833	0.007707129094412337	-0.01734104046242789	-0.011560693641618592	127664030
2022-05-13	0.005847953216374317	0.00974658869395708	0.013645224171540018	0.0	0.005847953216374317	139908302
2022-05-16	0.0019379844961239896	0.007751937984496131	0.00968992248062012	-0.005813953488372141	0.0019379844961239896	104224779
2022-05-17	0.011605415860735106	0.005802707930367553	0.017408123791102487	0.003868471953578426	0.011605415860735106	142940510
2022-05-18	-0.009560229445506828	-0.005736137667304062	-0.0038240917782027648	-0.019120458891013485	-0.009560229445506828	124480813
2022-05-19	-0.007722007722007729	-0.015444015444015458	-0.007722007722007729	-0.025096525096525078	-0.007722007722007729	148689236
2022-05-20	0.015564202334630364	0.0019455252918289252	0.015564202334630364	-0.0019455252918287524	0.015564202334630364	158182090
2022-05-23	0.0	0.0019157088122606658	0.0038314176245211615	-0.005747126436781487	0.0	103424939
2022-05-24	-0.007662835249042153	0.0019157088122606658	0.01340996168582381	-0.009578544061302648	-0.007662835249042153	158388401
2022-05-25	0.02702702702702714	0.0038610038610039504	0.03281853281853281	0.0019305019305020609	0.02702702702702714	160125094
2022-05-26	0.0075187969924812095	0.005639097744360781	0.011278195488721731	-0.0075187969924812095	0.0075187969924812095	113706252
2022-05-27	0.03544776119402976	0.00932835820895519	0.04477611940298495	0.00932835820895519	0.03544776119402976	283364608
2022-05-30	-0.003603603603603527	0.007207207207207214	0.014414414414414429	-0.01081081081081074	-0.003603603603603527	150544309
2022-05-31	0.023508137432188044	0.010849909584086728	0.025316455696202472	0.007233273056057872	0.023508137432188044	196761557
2022-06-01	-0.019434628975265072	-0.010600706713781006	-0.008833922261484068	-0.02826855123674914	-0.019434628975265072	119452325
2022-06-02	-0.014414414414414429	-0.014414414414414429	-0.009009009009008978	-0.02522522522522517	-0.014414414414414429	117270948
2022-06-06	0.0054844606946984	0.020109689213894028	0.020109689213894028	-0.0036563071297988255	0.0054844606946984	168892065
2022-06-07	0.0	0.0	0.007272727272727279	-0.007272727272727279	0.0	140688290
2022-06-08	0.025454545454545396	0.0054545454545455	0.025454545454545396	0.0036363636363635587	0.025454545454545396	176343726
2022-06-09	0.028368794326241162	0.010638297872340514	0.04255319148936174	0.010638297872340514	0.028368794326241162	273842384
2022-06-10	0.01551724137931032	-0.010344827586206829	0.018965517241379366	-0.013793103448275874	0.01551724137931032	209447419
2022-06-13	0.0	-0.01018675721561963	0.023769100169779386	-0.015280135823429518	0.0	229769681
2022-06-14	0.05432937181663842	-0.008488964346349716	0.056027164685908334	-0.011884550084889542	0.05432937181663842	414591968
2022-06-15	-0.012882447665056373	-0.004830917874396175	0.017713365539452547	-0.012882447665056373	-0.012882447665056373	387524800
2022-06-16	-0.034257748776508966	-0.0048939641109298935	0.0016313213703099162	-0.039151712887438864	-0.034257748776508966	297729648
2022-06-17	-0.01520270270270268	-0.013513513513513526	0.0016891891891891533	-0.027027027027027053	-0.01520270270270268	275674448
2022-06-20	-0.06518010291595196	-0.024013722126929617	-0.024013722126929617	-0.07547169811320761	-0.06518010291595196	516937376
2022-06-21	-0.0018348623853210618	0.0	0.00733944954128441	-0.00733944954128441	-0.0018348623853210618	195210751
2022-06-22	-0.022058823529411783	0.0018382352941176078	0.0036764705882352156	-0.023897058823529552	-0.022058823529411783	227919033
2022-06-23	0.015037593984962419	-0.005639097744360949	0.015037593984962419	-0.013157894736842158	0.015037593984962419	213141206
2022-06-24	-0.011111111111111202	-0.005555555555555601	-0.0018518518518519768	-0.018518518518518615	-0.011111111111111202	165082240
2022-06-27	0.00936329588014978	0.003745318352060012	0.01310861423220979	0.0	0.00936329588014978	164277004
2022-06-28	-0.0055658627087197335	-0.009276437847866387	-0.0055658627087197335	-0.01669758812615953	-0.0055658627087197335	145428839
2022-06-29	-0.009328358208955357	0.0018656716417910048	0.007462686567164185	-0.01119402985074636	-0.009328358208955357	170405974
2022-06-30	-0.0018832391713747246	-0.005649717514124174	0.0	-0.005649717514124174	-0.0018832391713747246	122909343
2022-07-01	-0.005660377358490613	-0.007547169811320762	-0.005660377358490613	-0.015094339622641523	-0.005660377358490613	94472541
2022-07-04	0.007590132827324485	0.0	0.009487666034155733	0.0	0.007590132827324485	99234192
2022-07-05	0.016949152542373024	0.007532956685499066	0.024482109227872088	0.007532956685499066	0.016949152542373024	183166525
2022-07-06	-0.033333333333333444	-0.029629629629629655	-0.024074074074074216	-0.04259259259259267	-0.033333333333333444	260292699
2022-07-07	-0.011494252873563144	-0.005747126436781487	-0.0038314176245209915	-0.013409961685823639	-0.011494252873563144	173513657
2022-07-08	0.005813953488372141	0.01162790697674411	0.015503875968992262	0.0019379844961239896	0.005813953488372141	101462729
2022-07-11	-0.011560693641618592	0.0	0.0019267822736030416	-0.013487475915221633	-0.011560693641618592	113981265
2022-07-12	-0.0019493177387913815	0.0	0.003898635477582936	-0.003898635477582763	-0.0019493177387913815	84690184
2022-07-13	-0.005859375000000049	-0.007812500000000007	-0.005859375000000049	-0.015625000000000014	-0.005859375000000049	127989082
2022-07-14	-0.003929273084479288	-0.001964636542239644	-0.001964636542239644	-0.009823182711198393	-0.003929273084479288	80039653
2022-07-15	-0.011834319526627316	-0.003944773175542498	-0.0019723865877713364	-0.013806706114398477	-0.011834319526627316	134534554
2022-07-18	0.02794411177644722	0.009980039920159646	0.029940119760479115	0.009980039920159646	0.02794411177644722	131367035
2022-07-19	0.009708737864077634	0.005825242718446477	0.011650485436893128	0.0	0.009708737864077634	110816402
2022-07-20	0.007692307692307699	0.007692307692307699	0.015384615384615398	0.005769230769230817	0.007692307692307699	101040301
2022-07-21	-0.009541984732824393	0.0	0.0	-0.015267175572519097	-0.009541984732824393	89275477
2022-07-22	0.0019267822736030416	-0.0038535645472062546	0.009633911368015379	-0.005780346820809296	0.0019267822736030416	77830958
2022-07-25	-0.001923076923076882	0.0	0.005769230769230817	-0.005769230769230817	-0.001923076923076882	63440070
2022-07-26	0.01156069364161842	0.0038535645472060833	0.013487475915221463	0.0038535645472060833	0.01156069364161842	79516911
2022-07-27	-0.007619047619047626	-0.0038095238095237284	0.0019047619047618642	-0.00952380952380949	-0.007619047619047626	72627070
2022-07-28	0.007677543186180429	0.009596928982725494	0.015355086372360858	0.0038387715930903	0.007677543186180429	79731660
2022-07-29	-0.00952380952380949	-0.0019047619047618642	0.00952380952380949	-0.011428571428571354	-0.00952380952380949	80701134
2022-08-01	0.003846153846153764	0.0	0.007692307692307699	-0.005769230769230817	0.003846153846153764	74500032
2022-08-02	-0.019157088122605297	-0.011494252873563144	-0.011494252873563144	-0.0344827586206896	-0.019157088122605297	131903457
2022-08-03	-0.007812500000000007	-0.0019531249999999584	0.007812500000000007	-0.007812500000000007	-0.007812500000000007	81279874
2022-08-04	-0.001968503937007832	0.0	0.003937007874015664	-0.007874015748031503	-0.001968503937007832	79798353
2022-08-05	-0.003944773175542498	-0.003944773175542498	-0.0019723865877713364	-0.013806706114398477	-0.003944773175542498	150053692
2022-08-08	0.001980198019801938	-0.003960396039603876	0.003960396039604052	-0.00594059405940599	0.001980198019801938	69201470
2022-08-09	0.007905138339920957	0.0019762845849803706	0.013833992094861717	0.0	0.007905138339920957	76281323
2022-08-10	0.00588235294117652	0.0	0.013725490196078488	-0.0019607843137254485	0.00588235294117652	71448252
2022-08-11	0.011695906432748635	0.005847953216374317	0.013645224171540018	0.0019493177387913815	0.011695906432748635	69863960
2022-08-12	0.009633911368015379	0.005780346820809125	0.01156069364161842	0.0019267822736030416	0.009633911368015379	80357815
2022-08-15	-0.009541984732824393	-0.013358778625954252	-0.0019083969465648447	-0.0209923664122138	-0.009541984732824393	85092028
2022-08-16	-0.00963391136801555	-0.007707129094412337	-0.0038535645472062546	-0.01734104046242789	-0.00963391136801555	91282917
2022-08-17	0.003891050583657678	0.0	0.00583657587548643	-0.005836575875486257	0.003891050583657678	55378378
2022-08-18	-0.00968992248062012	0.0	0.005813953488372141	-0.011627906976744281	-0.00968992248062012	72538588
2022-08-19	0.013698630136986183	0.005870841487279718	0.021526418786692647	0.0039138943248531455	0.013698630136986183	101916616
2022-08-22	0.00965250965250979	0.0	0.01158301158301168	-0.0019305019305018896	0.00965250965250979	94546755
2022-08-23	0.013384321223709252	0.0	0.017208413001912018	-0.0076481835564053595	0.013384321223709252	143797003
2022-08-24	0.005660377358490613	0.016981132075471674	0.024528301886792434	0.0018867924528301486	0.005660377358490613	183026291
2022-08-25	0.030018761726078827	0.007504690431519707	0.030018761726078827	0.0037523452157597697	0.030018761726078827	237340566
2022-08-26	-0.009107468123861534	-0.0018214936247722745	0.0018214936247722745	-0.016393442622950793	-0.009107468123861534	189349011
2022-08-29	0.007352941176470594	-0.001838235294117771	0.009191176470588203	-0.007352941176470594	0.007352941176470594	136098240
2022-08-30	-0.0018248175182482983	0.009124087591240842	0.01642335766423355	-0.009124087591241005	-0.0018248175182482983	114007867
2022-08-31	-0.023765996343692853	-0.01645338208409504	-0.014625228519195626	-0.029250457038391253	-0.023765996343692853	135330257
2022-09-01	0.003745318352060012	-0.0037453183520598453	0.016853932584269638	-0.007490636704119857	0.003745318352060012	120335591
2022-09-02	0.011194029850746195	0.0	0.016791044776119375	-0.0037313432835821753	0.011194029850746195	101659702
2022-09-05	0.025830258302582967	0.005535055350553551	0.029520295202952056	0.003690036900369089	0.025830258302582967	182015694
2022-09-06	0.008992805755395811	0.0017985611510792582	0.012589928057554009	-0.005395683453237296	0.008992805755395811	143971049
2022-09-07	-0.0053475935828877445	-0.008912655971479628	-0.0017825311942960204	-0.016042780748663235	-0.0053475935828877445	106307805
2022-09-08	-0.008960573476702477	-0.012544802867383563	-0.0017921146953404636	-0.025089605734766967	-0.008960573476702477	132046776
2022-09-09	0.010849909584086728	0.0090415913200723	0.0180831826401446	0.0036166365280288558	0.010849909584086728	122927586
2022-09-13	-0.007155635062611813	0.007155635062611813	0.0107334525939178	-0.007155635062611813	-0.007155635062611813	104931206
2022-09-14	-0.005405405405405451	-0.009009009009008978	0.007207207207207214	-0.014414414414414429	-0.005405405405405451	97692448
2022-09-15	0.003623188405797185	0.00724637681159421	0.01449275362318842	-0.009057971014492723	0.003623188405797185	104033135
2022-09-16	-0.030685920577617317	-0.009025270758122712	-0.007220216606498201	-0.0342960288808665	-0.030685920577617317	267740260
2022-09-19	-0.0037243947858473857	-0.005586592178770996	0.0	-0.018621973929236597	-0.0037243947858473857	132258592
2022-09-20	-0.0355140186915887	-0.02990654205607463	-0.02429906542056073	-0.03738317757009333	-0.0355140186915887	102096418
2022-09-21	0.013565891472868272	-0.0038759689922481513	0.015503875968992262	-0.013565891472868272	0.013565891472868272	100292430
2022-09-22	0.021032504780114612	-0.005736137667304062	0.024856596558317377	-0.011472275334608125	0.021032504780114612	133156134
2022-09-23	0.018726591760299727	-0.005617977528089934	0.033707865168539276	-0.005617977528089934	0.018726591760299727	198461171
2022-09-26	-0.06066176470588236	-0.01838235294117657	-0.01286764705882358	-0.06066176470588236	-0.06066176470588236	199024248
2022-09-27	-0.0019569471624267466	0.0	0.01174168297455961	-0.01565557729941293	-0.0019569471624267466	160613542
2022-09-28	-0.005882352941176346	-0.0019607843137254485	0.00588235294117652	-0.011764705882352865	-0.005882352941176346	96626922
2022-09-29	0.00788954635108482	0.013806706114398302	0.02169625246548312	-0.0019723865877713364	0.00788954635108482	94855711
2022-09-30	0.0039138943248531455	-0.005870841487279892	0.009784735812133037	-0.005870841487279892	0.0039138943248531455	81957230
2022-10-10	0.02729044834307986	0.031189083820662798	0.0467836257309942	0.021442495126705714	0.02729044834307986	189152408
2022-10-11	-0.011385199240986644	0.0018975332068312477	0.003795066413662327	-0.015180265654648802	-0.011385199240986644	112114720
2022-10-12	-0.0019193857965450647	-0.005758157389635365	0.0	-0.015355086372360858	-0.0019193857965450647	109270714
2022-10-13	-0.013461538461538516	-0.005769230769230817	-0.003846153846153935	-0.019230769230769332	-0.013461538461538516	145112826
2022-10-14	0.007797270955165699	0.007797270955165699	0.011695906432748635	0.003898635477582936	0.007797270955165699	110454219
2022-10-17	0.001934235976789127	-0.00773694390715668	0.003868471953578426	-0.017408123791102487	0.001934235976789127	99963626
2022-10-18	-0.003861003861003779	-0.003861003861003779	0.0019305019305020609	-0.00965250965250962	-0.003861003861003779	71151860
2022-10-19	-0.00968992248062012	-0.007751937984496131	0.0019379844961239896	-0.00968992248062012	-0.00968992248062012	72631696
2022-10-20	0.009784735812133037	0.0039138943248531455	0.01174168297455961	-0.0019569471624267466	0.009784735812133037	93401874
2022-10-21	0.005813953488372141	-0.0038759689922481513	0.005813953488372141	-0.0038759689922481513	0.005813953488372141	90678302
2022-10-24	-0.0038535645472062546	0.0	0.007707129094412337	-0.013487475915221633	-0.0038535645472062546	110497188
2022-10-25	-0.009671179883945807	0.0	0.001934235976789127	-0.01547388781431336	-0.009671179883945807	86514392
2022-10-26	-0.007812500000000007	0.0	0.0039062499999999167	-0.009765624999999965	-0.007812500000000007	116103963
2022-10-27	0.0059055118110236705	0.003937007874015664	0.007874015748031503	-0.001968503937007832	0.0059055118110236705	86330056
2022-10-28	-0.007827788649706464	0.0019569471624265727	0.007827788649706464	-0.007827788649706464	-0.007827788649706464	131020648
2022-10-31	-0.055226824457593734	-0.003944773175542498	-0.0019723865877713364	-0.061143984220907395	-0.055226824457593734	320579633
2022-11-01	0.012526096033402842	-0.004175365344467738	0.012526096033402842	-0.004175365344467738	0.012526096033402842	135844778
2022-11-02	0.008247422680412378	0.0	0.010309278350515611	-0.006185567010309147	0.008247422680412378	106095921
2022-11-03	0.0	-0.006134969325153244	0.004089979550102344	-0.008179959100204507	0.0	97299473
2022-11-04	0.012269938650306851	0.0	0.016359918200409013	-0.002044989775051081	0.012269938650306851	103384083
2022-11-07	0.02020202020202013	0.0040404040404039545	0.02626262626262624	0.0040404040404039545	0.02020202020202013	118876054
2022-11-08	0.001980198019801938	0.001980198019801938	0.00594059405940599	-0.003960396039603876	0.001980198019801938	69175857
2022-11-09	-0.007905138339920957	-0.007905138339920957	0.0	-0.011857707509881346	-0.007905138339920957	60064063
2022-11-10	-0.013944223107569601	-0.009960159362549766	-0.007968127490039672	-0.02390438247011937	-0.013944223107569601	109540647
2022-11-11	0.02020202020202013	0.010101010101010065	0.02020202020202013	0.006060606060606111	0.02020202020202013	114443125
2022-11-14	-0.003960396039603876	0.0	0.01188118811881198	-0.00594059405940599	-0.003960396039603876	106260408
2022-11-15	0.0	-0.0059642147117296715	0.003976143141152997	-0.009940357852882668	0.0	78599168
2022-11-16	0.005964214711729495	0.0	0.013916500994035665	0.0	0.005964214711729495	100522366
2022-11-17	-0.003952569169960391	0.0	0.0	-0.009881422924901151	-0.003952569169960391	78534512
2022-11-18	-0.007936507936507943	-0.0059523809523810015	-0.001984126984126942	-0.009920634920634885	-0.007936507936507943	80496443
2022-11-21	-0.0060000000000000496	-0.003999999999999915	-0.0019999999999999575	-0.011999999999999922	-0.0060000000000000496	67854887
2022-11-22	0.020120724346076566	0.002012072434607782	0.026156941649899377	0.0	0.020120724346076566	138939020
2022-11-23	0.013806706114398302	0.005917159763313483	0.02169625246548312	0.003944773175542322	0.013806706114398302	153283904
2022-11-24	-0.005836575875486257	-0.009727626459143934	0.0	-0.011673151750972686	-0.005836575875486257	81120636
2022-11-25	0.013698630136986183	0.0019569471624265727	0.0176125244618395	-0.0019569471624267466	0.013698630136986183	111422854
2022-11-28	-0.013513513513513398	-0.00965250965250962	-0.005791505791505668	-0.021235521235521127	-0.013513513513513398	102115433
2022-11-29	0.01565557729941293	0.005870841487279718	0.0176125244618395	0.0019569471624265727	0.01565557729941293	126721093
2022-11-30	0.009633911368015379	-0.0019267822736032127	0.009633911368015379	-0.0038535645472062546	0.009633911368015379	128176582
2022-12-01	-0.009541984732824393	0.005725190839694534	0.007633587786259549	-0.009541984732824393	-0.009541984732824393	104470111
2022-12-02	0.0019267822736030416	0.0019267822736030416	0.007707129094412337	-0.0038535645472062546	0.0019267822736030416	87684841
2022-12-05	0.023076923076923096	0.005769230769230817	0.028846153846153744	0.003846153846153764	0.023076923076923096	171965499
2022-12-06	-0.0075187969924812095	-0.0075187969924812095	-0.0018796992481204275	-0.013157894736842158	-0.0075187969924812095	117608670
2022-12-07	-0.017045454545454516	-0.007575757575757582	-0.005681818181818229	-0.020833333333333395	-0.017045454545454516	129510662
2022-12-08	-0.007707129094412337	-0.0019267822736032127	0.0019267822736030416	-0.011560693641618592	-0.007707129094412337	113714634
2022-12-09	-0.0019417475728156649	0.0019417475728154925	0.005825242718446477	-0.00582524271844665	-0.0019417475728156649	95434070
2022-12-12	-0.009727626459143934	0.0	0.003891050583657678	-0.011673151750972686	-0.009727626459143934	117512320
2022-12-13	0.001964636542239644	0.003929273084479462	0.007858546168958749	-0.001964636542239644	0.001964636542239644	89767943
2022-12-14	0.007843137254901968	0.001960784313725623	0.009803921568627591	-0.0019607843137254485	0.007843137254901968	82193454
2022-12-15	-0.009727626459143934	0.003891050583657678	0.00583657587548643	-0.011673151750972686	-0.009727626459143934	76014605
2022-12-16	0.003929273084479462	-0.003929273084479288	0.007858546168958749	-0.007858546168958749	0.003929273084479462	71833099
2022-12-19	-0.017612524461839675	-0.0019569471624267466	0.0	-0.019569471624266248	-0.017612524461839675	90435893
2022-12-20	-0.003984063745019836	-0.001992031872509918	0.005976095617529931	-0.007968127490039672	-0.003984063745019836	76654952
2022-12-21	-0.0019999999999999575	0.0019999999999999575	0.003999999999999915	-0.003999999999999915	-0.0019999999999999575	50173534
2022-12-22	0.0020040080160320215	0.008016032064128263	0.012024048096192307	0.0	0.0020040080160320215	59682672
2022-12-23	-0.003999999999999915	-0.003999999999999915	0.0019999999999999575	-0.0060000000000000496	-0.003999999999999915	59499670
2022-12-26	0.0	0.004016064257028026	0.010040160642570245	-0.0020080321285141918	0.0	68345386
2022-12-27	0.00602409638554204	0.004016064257028026	0.00602409638554204	0.0	0.00602409638554204	57356738
2022-12-28	0.007984031936127753	-0.0019960079840318935	0.011976047904191716	-0.005988023952095681	0.007984031936127753	83727285
2022-12-29	-0.017821782178217796	-0.003960396039603876	-0.003960396039603876	-0.017821782178217796	-0.017821782178217796	124861888
2022-12-30	0.0020161290322580215	0.0	0.004032258064516223	-0.0020161290322580215	0.0020161290322580215	73679568
2023-01-03	0.008048289738430591	0.002012072434607782	0.008048289738430591	-0.004024144869215206	0.008048289738430591	74673018
2023-01-04	-0.003992015968063787	-0.005988023952095681	-0.0019960079840318935	-0.009980039920159646	-0.003992015968063787	85407262
2023-01-05	-0.0020040080160320215	-0.004008016032064221	0.0	-0.006012024048096242	-0.0020040080160320215	76422070
2023-01-06	-0.0020080321285141918	0.0	0.002008032128514013	-0.0020080321285141918	-0.0020080321285141918	64045963
2023-01-09	0.002012072434607782	0.004024144869215385	0.004024144869215385	0.0	0.002012072434607782	66437661
2023-01-10	-0.004016064257028205	0.0	0.002008032128514013	-0.004016064257028205	-0.004016064257028205	53017358
2023-01-11	0.0020161290322580215	0.0020161290322580215	0.008064516129032265	0.0	0.0020161290322580215	76981535
2023-01-12	0.014084507042253579	0.004024144869215385	0.016096579476861182	0.002012072434607782	0.014084507042253579	113467056
2023-01-13	0.009920634920634885	0.0	0.011904761904761828	-0.001984126984126942	0.009920634920634885	103360976
2023-01-16	0.003929273084479462	0.003929273084479462	0.007858546168958749	-0.003929273084479288	0.003929273084479462	102921732
2023-01-17	-0.005870841487279892	0.0	0.0	-0.00978473581213321	-0.005870841487279892	73499427
2023-01-18	0.001968503937007832	0.001968503937007832	0.007874015748031503	-0.001968503937007832	0.001968503937007832	73749609
2023-01-19	0.001964636542239644	0.0	0.001964636542239644	-0.005893909626719106	0.001964636542239644	83618404
2023-01-20	0.01764705882352956	0.00588235294117652	0.021568627450980458	0.00588235294117652	0.01764705882352956	165726426
2023-01-30	0.0038535645472060833	0.009633911368015379	0.01156069364161842	-0.0038535645472062546	0.0038535645472060833	139074398
2023-01-31	-0.007677543186180429	-0.0038387715930901295	0.0019193857965450647	-0.009596928982725494	-0.007677543186180429	101993434
2023-02-01	0.005802707930367553	0.001934235976789127	0.00773694390715668	-0.001934235976789127	0.005802707930367553	118695254
2023-02-02	-0.003846153846153935	-0.001923076923076882	-0.001923076923076882	-0.009615384615384581	-0.003846153846153935	100102720
2023-02-03	-0.0019305019305018896	-0.003861003861003779	0.0	-0.00965250965250962	-0.0019305019305018896	110465588
2023-02-06	-0.003868471953578254	-0.005802707930367553	-0.001934235976789127	-0.009671179883945807	-0.003868471953578254	82479479
2023-02-07	0.003883495145630985	0.0019417475728154925	0.0077669902912621425	0.0	0.003883495145630985	68331685
2023-02-08	-0.003868471953578254	0.00773694390715668	0.00773694390715668	-0.005802707930367553	-0.003868471953578254	81475138
2023-02-09	0.003883495145630985	0.0019417475728154925	0.005825242718446477	0.0	0.003883495145630985	55023501
2023-02-10	-0.005802707930367553	-0.001934235976789127	0.0	-0.00773694390715668	-0.005802707930367553	65802000
2023-02-13	0.0019455252918289252	0.0019455252918289252	0.00583657587548643	-0.0019455252918287524	0.0019455252918289252	77696687
2023-02-14	0.003883495145630985	0.0019417475728154925	0.003883495145630985	-0.0019417475728156649	0.003883495145630985	50960059
2023-02-15	-0.003868471953578254	-0.001934235976789127	0.0	-0.00773694390715668	-0.003868471953578254	69021272
2023-02-16	0.0	0.0	0.011650485436893128	-0.0019417475728156649	0.0	145396169
2023-02-17	0.0	0.0	0.0077669902912621425	-0.0019417475728156649	0.0	81773943
2023-02-20	0.01747572815533978	0.0	0.01941747572815527	-0.0019417475728156649	0.01747572815533978	151956987
2023-02-21	0.0038167938931296893	0.0	0.011450381679389238	-0.0019083969465648447	0.0038167938931296893	126627588
2023-02-22	-0.003802281368821212	-0.001901140684410606	0.003802281368821381	-0.005703422053231818	-0.003802281368821212	71010801
2023-02-23	0.0019083969465648447	0.0019083969465648447	0.007633587786259549	-0.003816793893129859	0.0019083969465648447	93199281
2023-02-24	-0.0038095238095237284	0.0	0.0019047619047618642	-0.007619047619047626	-0.0038095238095237284	70626710
2023-02-27	-0.0038240917782027648	-0.0019120458891014674	0.003824091778202595	-0.0038240917782027648	-0.0038240917782027648	61928471
2023-02-28	0.0038387715930903	0.0019193857965450647	0.0038387715930903	-0.0038387715930901295	0.0038387715930903	78091859
2023-03-01	0.009560229445506658	-0.0019120458891014674	0.011472275334607955	-0.0038240917782027648	0.009560229445506658	119014626
2023-03-02	0.015151515151515164	0.0	0.020833333333333225	-0.003787878787878875	0.015151515151515164	191389157
2023-03-03	0.026119402985074567	0.0018656716417910048	0.029850746268656577	-0.0018656716417911705	0.026119402985074567	239504045
2023-03-06	0.0018181818181817794	0.0036363636363635587	0.021818181818181837	-0.0036363636363635587	0.0018181818181817794	198012047
2023-03-07	0.023593466424682377	0.003629764065335837	0.05989110707803994	0.001814882032667838	0.023593466424682377	448196726
2023-03-08	-0.01241134751773039	-0.015957446808510613	-0.0070921985815602905	-0.023049645390070903	-0.01241134751773039	192283334
2023-03-09	0.0	-0.0035906642728905673	0.01795332136445236	-0.0035906642728905673	0.0	153406399
2023-03-10	-0.02333931777378813	-0.0053859964093357715	0.003590664272890408	-0.025134649910233495	-0.02333931777378813	179783988
2023-03-13	0.0441176470588234	0.007352941176470594	0.0441176470588234	0.005514705882352824	0.0441176470588234	251070616
2023-03-14	-0.022887323943661955	-0.007042253521126767	0.0	-0.02992957746478872	-0.022887323943661955	204665763
2023-03-15	0.018018018018018115	0.0	0.03063063063063062	-0.009009009009008978	0.018018018018018115	223151492
2023-03-16	-0.030088495575221225	-0.01769911504424788	-0.014159292035398242	-0.03185840707964612	-0.030088495575221225	239996822
2023-03-17	0.06386861313868607	0.005474452554744409	0.07481751824817504	0.001824817518248136	0.06386861313868607	523508836
2023-03-20	-0.01029159519725566	-0.00514579759862783	0.027444253859348223	-0.015437392795883338	-0.01029159519725566	426152516
2023-03-21	-0.015597920277296336	0.0051993067590988306	0.012131715771230553	-0.025996533795493843	-0.015597920277296336	225596445
2023-03-22	0.003521126760563462	0.003521126760563462	0.017605633802816996	-0.0035211267605633053	0.003521126760563462	149398910
2023-03-23	0.012280701754385859	-0.0017543859649122432	0.015789473684210503	-0.007017543859649129	0.012280701754385859	185728109
2023-03-24	-0.02253032928942806	-0.005199306759098676	-0.005199306759098676	-0.024263431542460953	-0.02253032928942806	182370863
2023-03-27	-0.010638297872340358	-0.0070921985815602905	-0.0070921985815602905	-0.02482269503546094	-0.010638297872340358	158995323
2023-03-28	0.01612903225806449	0.012544802867383563	0.02688172043010759	0.0017921146953404636	0.01612903225806449	174559798
2023-03-29	-0.010582010582010514	0.0070546737213403946	0.0070546737213403946	-0.014109347442680789	-0.010582010582010514	123527183
2023-03-30	0.06951871657754005	0.016042780748663076	0.07486631016042779	0.014260249554367213	0.06951871657754005	574240950
2023-03-31	-0.013333333333333345	-0.0016666666666666312	0.0016666666666666312	-0.016666666666666607	-0.013333333333333345	208251836
2023-04-03	0.013513513513513526	0.021959459459459443	0.04391891891891889	0.008445945945945915	0.013513513513513526	341157713
2023-04-04	0.02833333333333332	0.006666666666666672	0.040000000000000036	0.0	0.02833333333333332	294045568
2023-04-06	0.0016207455429497223	-0.008103727714748757	0.004862236628849311	-0.01458670988654779	0.0016207455429497223	182910017
2023-04-07	-0.004854368932038731	-0.003236245954692488	0.004854368932038875	-0.011326860841423852	-0.004854368932038731	119806394
2023-04-10	0.05040650406504058	0.001626016260162567	0.055284552845528426	0.001626016260162567	0.05040650406504058	338428346
2023-04-11	0.015479876160990657	-0.00619195046439629	0.02167182662538695	-0.01393188854489162	0.015479876160990657	276352128
2023-04-12	0.041158536585365925	0.001524390243902542	0.047256097560975686	0.001524390243902542	0.041158536585365925	311541327
2023-04-13	-0.007320644216691043	0.004392386530014678	0.04538799414348457	-0.013177159590043903	-0.007320644216691043	454045641
2023-04-14	0.0176991150442478	0.0	0.02359882005899707	-0.011799410029498535	0.0176991150442478	275387997
2023-04-17	0.06376811594202891	-0.004347826086956557	0.06811594202898547	-0.011594202898550735	0.06376811594202891	425572372
2023-04-18	-0.006811989100817414	-0.006811989100817414	0.0	-0.024523160762942742	-0.006811989100817414	270398992
2023-04-19	-0.013717421124828483	-0.0068587105624142415	0.02194787379972567	-0.017832647462277078	-0.013717421124828483	255674917
2023-04-20	0.018080667593880374	-0.009735744089012557	0.02364394993045896	-0.0180806675938805	0.018080667593880374	280152765
2023-04-21	-0.004098360655737739	-0.009562841530054683	0.0273224043715846	-0.01775956284153004	-0.004098360655737739	274566805
2023-04-24	0.004115226337448594	0.0	0.017832647462277078	-0.010973936899862835	0.004115226337448594	234465186
2023-04-25	0.040983606557377025	0.005464480874316944	0.04234972677595623	0.0040983606557376175	0.040983606557377025	338419760
2023-04-26	-0.010498687664042003	-0.015748031496063006	-0.0026246719160105594	-0.03149606299212601	-0.010498687664042003	258525790
2023-04-27	-0.005305039787798413	-0.017241379310344813	0.0013262599469495739	-0.03183023872679048	-0.005305039787798413	206108477
2023-04-28	0.051999999999999956	-0.004000000000000033	0.051999999999999956	-0.00933333333333337	0.051999999999999956	274782821
2023-05-04	0.015209125475285185	-0.038022813688212906	0.03422053231939169	-0.043092522179974634	0.015209125475285185	355548901
2023-05-05	-0.004993757802746571	0.0	0.0037453183520598453	-0.027465667915106087	-0.004993757802746571	236169561
2023-05-08	0.07653701380175663	0.006273525721455436	0.07653701380175663	0.006273525721455436	0.07653701380175663	349088043
2023-05-09	-0.05710955710955713	0.0011655011655011406	0.006993006993007051	-0.05710955710955713	-0.05710955710955713	412498864
2023-05-10	-0.039555006180469754	0.0	0.0049443757725588285	-0.05562422744128556	-0.039555006180469754	413916289
2023-05-11	-0.018018018018017976	-0.0025740025740025193	0.001287001287001374	-0.02574002574002565	-0.018018018018017976	201756976
2023-05-12	-0.017038007863695925	0.003931847968545249	0.02752293577981651	-0.01834862385321097	-0.017038007863695925	268904603
2023-05-15	-0.004000000000000033	-0.010666666666666677	0.0013333333333333049	-0.03466666666666664	-0.004000000000000033	294277031
2023-05-16	0.006693440428380164	-0.002677376171352018	0.037483266398929085	-0.006693440428380164	0.006693440428380164	217459551
2023-05-17	-0.006648936170212743	-0.011968085106382961	0.003989361702127693	-0.02659574468085097	-0.006648936170212743	123544342
2023-05-18	0.03212851405622493	0.01070950468540831	0.04685408299866139	0.01070950468540831	0.03212851405622493	203892037
2023-05-19	-0.023346303501945487	-0.0038910505836576197	0.0	-0.029831387808041444	-0.023346303501945487	149611355
2023-05-22	-0.005312084993359899	-0.005312084993359899	0.007968127490039788	-0.01992031872509965	-0.005312084993359899	129673636
2023-05-23	-0.018691588785046804	0.0	0.012016021361815735	-0.018691588785046804	-0.018691588785046804	122260329
2023-05-24	-0.01768707482993196	-0.004081632653061137	0.004081632653061259	-0.021768707482993095	-0.01768707482993196	162257214
2023-05-25	-0.008310249307479171	-0.002770083102493016	0.0069252077562326625	-0.027700831024930775	-0.008310249307479171	228173645
2023-05-26	-0.0069832402234636624	-0.0013966480446927076	0.005586592178770954	-0.020949720670391112	-0.0069832402234636624	124126220
2023-05-29	0.07172995780590714	0.01969057665260192	0.08438818565400838	0.016877637130801704	0.07172995780590714	269256722
2023-05-30	0.006561679790026223	-0.005249343832021002	0.036745406824147016	-0.009186351706036783	0.006561679790026223	216972952
2023-05-31	-0.02216427640156453	-0.011734028683181207	0.002607561929595888	-0.03520208604954362	-0.02216427640156453	188431686
2023-06-01	0.01733333333333332	0.004000000000000033	0.03866666666666667	-0.0013333333333333049	0.01733333333333332	180321308
2023-06-02	0.002621231979030205	0.010484927916120585	0.023591087811271262	-0.0013106159895150441	0.002621231979030205	143249684
2023-06-05	0.009150326797385542	0.009150326797385542	0.02614379084967311	0.006535947712418277	0.009150326797385542	138072732
2023-06-06	-0.007772020725388551	-0.006476683937823811	0.010362694300518144	-0.011658031088082884	-0.007772020725388551	123733318
2023-06-07	0.0	-0.007832898172323825	0.00652741514360311	-0.020887728459530044	0.0	102944041
2023-06-08	0.020887728459530044	0.0	0.027415143603133154	-0.01174934725848562	0.020887728459530044	169108414
2023-06-09	0.005115089514066501	-0.005115089514066501	0.005115089514066501	-0.012787723785166308	0.005115089514066501	172568767
2023-06-12	-0.010178117048346065	-0.007633587786259605	0.024173027989821932	-0.015267175572519097	-0.010178117048346065	184586940
2023-06-13	-0.02185089974293058	-0.005141388174807203	-0.002570694087403658	-0.04241645244215939	-0.02185089974293058	205049159
2023-06-14	-0.0013140604467806406	0.009198423127463783	0.02102496714848873	-0.005256241787122212	-0.0013140604467806406	136019260
2023-06-15	-0.005263157894736847	-0.009210526315789395	-0.002631578947368365	-0.02105263157894727	-0.005263157894736847	124400510
2023-06-16	0.002645502645502707	0.007936507936508002	0.01587301587301589	-0.007936507936507886	0.002645502645502707	159342885
2023-06-19	-0.007915567282321965	0.0013192612137202884	0.0013192612137202884	-0.01846965699208439	-0.007915567282321965	115489213
2023-06-20	-0.01994680851063823	0.003989361702127693	0.003989361702127693	-0.02925531914893614	-0.01994680851063823	148095946
2023-06-21	0.020352781546811326	-0.004070556309362313	0.03799185888738131	-0.010854816824966088	0.020352781546811326	242941656
2023-06-26	-0.007978723404255268	-0.009308510638297792	0.00930851063829791	-0.01462765957446801	-0.007978723404255268	156712777
2023-06-27	0.03619302949061668	0.002680965147453145	0.04691689008042891	-0.005361930294906171	0.03619302949061668	216718488
2023-06-28	-0.024579560155239377	-0.02587322121604142	-0.01811125485122905	-0.03492884864165594	-0.024579560155239377	150864596
2023-06-29	-0.009283819628647253	0.0013262599469495739	0.006631299734747987	-0.011936339522546401	-0.009283819628647253	96594306
2023-06-30	0.0	0.0	0.01070950468540831	-0.005354752342704155	0.0	76316433
2023-07-03	0.04685408299866139	0.002677376171352137	0.05087014725568941	0.0	0.04685408299866139	172080619
2023-07-04	-0.003836317135549904	-0.0012787723785167102	0.02813299232736558	-0.010230179028133002	-0.003836317135549904	139681924
2023-07-05	0.0	0.003851091142490404	0.01412066752246474	-0.008985879332477572	0.0	79614915
2023-07-06	-0.005134788189987168	0.0	0.0077021822849806946	-0.011553273427471098	-0.005134788189987168	94931872
2023-07-07	-0.0025806451612902675	-0.0051612903225806495	0.011612903225806433	-0.019354838709677465	-0.0025806451612902675	103496295
2023-07-10	-0.012936610608020767	0.007761966364812368	0.01164294954721861	-0.016817593790427007	-0.012936610608020767	111697319
2023-07-11	0.0013106159895150441	0.005242463958060293	0.005242463958060293	-0.0065530799475753375	0.0013106159895150441	72391189
2023-07-12	0.018324607329843007	0.005235602094240842	0.030104712041884873	0.0026178010471204793	0.018324607329843007	143731897
2023-07-13	0.05912596401028277	0.005141388174807203	0.05912596401028277	0.001285347043701772	0.05912596401028277	261837143
2023-07-14	0.0	-0.0024271844660193657	0.013349514563106726	-0.0072815533980583125	0.0	124415864
2023-07-17	-0.013349514563106726	-0.0024271844660193657	-0.0012135922330096828	-0.021844660194174723	-0.013349514563106726	80565548
2023-07-18	-0.008610086100861043	0.0012300123001229748	0.0012300123001229748	-0.017220172201722086	-0.008610086100861043	76312091
2023-07-19	0.009925558312655096	0.002481389578163719	0.02233250620347391	0.0	0.009925558312655096	85057974
2023-07-20	-0.014742014742014864	-0.0012285012285012022	0.0036855036855036067	-0.01842751842751847	-0.014742014742014864	87135471
2023-07-21	-0.0012468827930174299	-0.0024937655860348597	0.0062344139650873705	-0.00997506234413955	-0.0012468827930174299	58732449
2023-07-24	-0.0062421972534331864	-0.007490636704119802	0.0037453183520598453	-0.01872659176029956	-0.0062421972534331864	63284445
2023-07-25	0.008793969849246155	0.022613065326633243	0.03140703517587951	0.005025125628140708	0.008793969849246155	133645029
2023-07-26	-0.021170610211705986	-0.0012453300124532737	0.0024906600249067685	-0.027397260273972573	-0.021170610211705986	139892937
2023-07-27	0.0012722646310432298	0.0012722646310432298	0.020356234096692016	-0.0025445292620865727	0.0012722646310432298	104170795
2023-07-28	0.012706480304955482	-0.0038119440914866896	0.012706480304955482	-0.012706480304955595	0.012706480304955482	123084921
2023-07-31	-0.006273525721455436	-0.007528230865746501	0.011292346298619919	-0.017565872020075243	-0.006273525721455436	140341628
2023-08-01	0.02020202020202022	0.0012626262626262356	0.02020202020202022	0.0012626262626262356	0.02020202020202022	129472883
2023-08-02	-0.055693069306930715	0.0012376237623762112	0.0024752475247524224	-0.06435643564356441	-0.055693069306930715	335115364
2023-08-03	-0.0065530799475753375	-0.010484927916120585	0.002621231979030205	-0.022280471821756215	-0.0065530799475753375	152392216
2023-08-04	0.0052770448548812715	0.0052770448548812715	0.02506596306068595	0.0026385224274405768	0.0052770448548812715	154400322
2023-08-07	0.009186351706036783	0.003937007874015781	0.017060367454068227	-0.003937007874015781	0.009186351706036783	77311884
2023-08-08	0.013003901170351058	-0.005201560468140447	0.016905071521456424	-0.011703511053316091	0.013003901170351058	105964849
2023-08-09	0.0012836970474967633	-0.0012836970474967633	0.006418485237483931	-0.010269576379974336	0.0012836970474967633	80913618
2023-08-10	0.0153846153846154	0.008974358974359012	0.023076923076923155	0.0064102564102563875	0.0153846153846154	109298395
2023-08-11	-0.016414141414141402	-0.0012626262626262356	0.0025252525252525836	-0.017676767676767638	-0.016414141414141402	76412621
2023-08-14	0.006418485237483931	-0.0077021822849806946	0.011553273427471098	-0.008985879332477572	0.006418485237483931	80889613
2023-08-15	0.0	0.0	0.00382653061224493	-0.01020408163265307	0.0	62627910
2023-08-16	-0.024234693877550957	-0.006377551020408141	-0.005102040816326535	-0.03061224489795921	-0.024234693877550957	99103702
2023-08-17	0.0052287581699346445	-0.003921568627451012	0.007843137254901909	-0.013071895424836671	0.0052287581699346445	59523333
2023-08-18	-0.0013003901170351982	-0.0039011703511053638	0.010403120936280777	-0.0039011703511053638	-0.0013003901170351982	57790105
2023-08-21	-0.015625000000000014	0.0013020833333334213	0.005208333333333338	-0.015625000000000014	-0.015625000000000014	64894982
2023-08-22	0.022486772486772597	0.0	0.029100529100529186	-0.007936507936507886	0.022486772486772597	116979027
2023-08-23	0.0025873221216040844	0.0	0.012936610608020652	-0.0038809831824062413	0.0025873221216040844	87824350
2023-08-24	-0.011612903225806433	-0.0025806451612902675	0.0051612903225806495	-0.014193548387096815	-0.011612903225806433	81838220
2023-08-25	0.00652741514360311	-0.0039164490861619125	0.01174934725848562	-0.007832898172323825	0.00652741514360311	74605010
2023-08-28	0.015564202334630364	0.04020752269779502	0.04150453955901419	0.0025940337224384514	0.015564202334630364	177925690
2023-08-29	-0.010217113665389537	-0.0038314176245211047	0.0025542784163473274	-0.01404853128991064	-0.010217113665389537	110674140
2023-08-30	0.0012903225806451338	0.0051612903225806495	0.018064516129032218	0.0012903225806451338	0.0012903225806451338	93948485
2023-08-31	-0.0012886597938144056	0.003865979381443331	0.007731958762886662	-0.011597938144329878	-0.0012886597938144056	96246053
2023-09-01	0.0012903225806451338	0.0	0.007741935483870917	-0.0051612903225806495	0.0012903225806451338	102925169
2023-09-04	0.02448453608247428	0.005154639175257737	0.025773195876288683	0.005154639175257737	0.02448453608247428	157466215
2023-09-05	0.0	-0.0025157232704403096	0.0037735849056604086	-0.007547169811320817	0.0	92497864
2023-09-06	0.01635220125786162	0.008805031446540804	0.020125786163521918	-0.008805031446540917	0.01635220125786162	156405331
2023-09-07	0.01980198019801982	-0.0024752475247524224	0.02846534653465352	-0.0024752475247524224	0.01980198019801982	162363779
2023-09-08	-0.021844660194174723	-0.0036407766990290487	-0.0012135922330096828	-0.02669902912621367	-0.021844660194174723	103851001
2023-09-11	0.008684863523573236	0.003722084367245578	0.01861042183622833	0.0	0.008684863523573236	106728215
2023-09-12	-0.0036900369003691432	0.0024600246002459496	0.011070110701106993	-0.008610086100861043	-0.0036900369003691432	87792804
2023-09-13	0.020987654320987648	0.011111111111111094	0.025925925925926033	0.004938271604938386	0.020987654320987648	137736612
2023-09-14	0.008464328899637278	0.0012091898428052948	0.012091898428053163	-0.006045949214026474	0.008464328899637278	150251517
2023-09-15	-0.005995203836930541	0.009592326139088737	0.028776978417266213	-0.010791366906474803	-0.005995203836930541	203396112
2023-09-18	-0.007237635705669328	0.0	0.0048250904704464324	-0.020506634499396856	-0.007237635705669328	166906416
2023-09-19	0.010935601458080176	-0.0012150668286755512	0.01336573511543128	-0.0036452004860268693	0.010935601458080176	117834115
2023-09-20	-0.024038461538461665	-0.02163461538461535	-0.014423076923077042	-0.028846153846153872	-0.024038461538461665	126761183
2023-09-21	-0.01600985221674865	0.0	0.007389162561576417	-0.01600985221674865	-0.01600985221674865	106301536
2023-09-22	0.015018773466833444	0.003754693366708305	0.01627033792240288	-0.0025031289111389814	0.015018773466833444	111140349
2023-09-25	-0.013563501849568366	0.0024660912453762455	0.006165228113440285	-0.01602959309494439	-0.013563501849568366	121591134
2023-09-26	-0.0024999999999999467	0.0	0.00374999999999992	-0.0050000000000000044	-0.0024999999999999467	89133151
2023-09-27	0.0025062656641603475	0.006265664160400869	0.00877192982456144	0.0	0.0025062656641603475	75460401
2023-09-28	-0.0024999999999999467	0.018750000000000044	0.022499999999999964	-0.0050000000000000044	-0.0024999999999999467	125017238
2023-10-09	-0.00877192982456144	-0.023809523809523857	-0.005012531328320806	-0.04636591478696743	-0.00877192982456144	180669164
2023-10-10	-0.015170670037926689	0.0012642225031605293	0.007585335018963288	-0.02022756005056892	-0.015170670037926689	98931610
2023-10-11	-0.016688061617458266	0.0025673940949935267	0.003851091142490404	-0.02053915275994867	-0.016688061617458266	98997263
2023-10-12	0.0013054830287205987	0.0	0.005221932114882511	-0.007832898172323825	0.0013054830287205987	82617642
2023-10-13	0.0	-0.007822685788787432	0.003911342894393774	-0.016949152542372867	0.0	93665239
2023-10-16	0.016949152542372867	0.010430247718383322	0.02216427640156453	0.005215123859191661	0.016949152542372867	131471663
2023-10-17	0.016666666666666653	-0.0051282051282051325	0.019230769230769277	-0.01153846153846152	0.016666666666666653	108574513
2023-10-18	0.006305170239596559	0.0	0.011349306431273626	-0.002522068095838534	0.006305170239596559	97031682
2023-10-19	-0.030075187969924838	0.0	0.0	-0.03383458646616547	-0.030075187969924838	119845867
2023-10-20	-0.006459948320413414	0.005167958656330754	0.007751937984496074	-0.009043927648578847	-0.006459948320413414	85874483
2023-10-23	-0.015604681404421339	-0.0078023407022107276	0.0	-0.023407022106632067	-0.015604681404421339	86469385
2023-10-24	0.025099075297225826	-0.0013210039630119782	0.026420079260237685	-0.002642007926023839	0.025099075297225826	118757154
2023-10-25	-0.05541237113402058	0.003865979381443331	0.005154639175257737	-0.05798969072164951	-0.05541237113402058	220826914
2023-10-26	0.016371077762619386	-0.004092769440654877	0.020463847203274262	-0.0054570259208731285	0.016371077762619386	118143698
2023-10-27	-0.004026845637583926	-0.004026845637583926	0.009395973154362336	-0.00671140939597313	-0.004026845637583926	94954882
2023-10-30	-0.03908355795148249	-0.0013477088948786774	0.0	-0.049865229110512145	-0.03908355795148249	241307776
2023-10-31	-0.0014025245441794932	-0.004207573632538604	0.0028050490883591113	-0.018232819074333786	-0.0014025245441794932	157033421
2023-11-01	0.005617977528089893	-0.001404494382022442	0.008426966292134776	-0.009831460674157343	0.005617977528089893	121749147
2023-11-02	0.012569832402234617	0.005586592178770954	0.01955307262569828	0.0	0.012569832402234617	117605696
2023-11-03	0.0110344827586207	0.0041379310344827926	0.017931034482758606	-0.0041379310344827926	0.0110344827586207	106822248
2023-11-06	-0.03274215552523877	-0.006821282401091381	-0.006821282401091381	-0.04092769440654841	-0.03274215552523877	263012279
2023-11-07	0.0	-0.007052186177715067	0.0056417489421720785	-0.02538787023977429	0.0	166397408
2023-11-08	-0.008462623413258055	-0.014104372355430134	-0.0056417489421720785	-0.019746121297602212	-0.008462623413258055	101630303
2023-11-09	0.008534850640113742	-0.005689900426742537	0.011379800853485073	-0.008534850640113868	0.008534850640113742	102899954
2023-11-10	-0.0014104372355429884	-0.0014104372355429884	0.00423131170662909	-0.012693935119887145	-0.0014104372355429884	71698689
2023-11-13	0.008474576271186385	0.004237288135593255	0.009887005649717555	-0.00847457627118651	0.008474576271186385	83948451
2023-11-14	-0.005602240896358549	0.0014005602240897304	0.00980392156862749	-0.008403361344537761	-0.005602240896358549	69723886
2023-11-15	0.011267605633802828	0.0014084507042254472	0.011267605633802828	0.0	0.011267605633802828	83414343
2023-11-16	-0.00696378830083563	-0.005571030640668529	0.004178272980501428	-0.008356545961002732	-0.00696378830083563	50110679
2023-11-17	-0.012622720897615689	-0.009817671809256702	-0.008415147265077085	-0.025245441795231378	-0.012622720897615689	108065708
2023-11-20	0.008522727272727217	0.004261363636363672	0.014204545454545404	0.0014204545454545151	0.008522727272727217	84335958
2023-11-21	0.0042253521126760915	0.005633802816901414	0.01830985915492969	0.0014084507042254472	0.0042253521126760915	95362948
2023-11-22	-0.0014025245441794932	0.0014025245441794932	0.009817671809256702	-0.0028050490883589864	-0.0014025245441794932	57726017
2023-11-23	-0.001404494382022442	-0.002808988764045009	0.002808988764044884	-0.009831460674157343	-0.001404494382022442	60476278
2023-11-24	0.0014064697609001105	0.0	0.00843881856540079	-0.002812939521800346	0.0014064697609001105	52717602
2023-11-27	0.001404494382022442	0.001404494382022442	0.005617977528089893	-0.011235955056179785	0.001404494382022442	85257795
2023-11-28	-0.008415147265077085	-0.0014025245441794932	0.0	-0.011220196353436195	-0.008415147265077085	85311276
2023-11-29	-0.0014144271570015099	0.0028288543140027682	0.005657708628005662	-0.008486562942008556	-0.0014144271570015099	101349510
2023-11-30	0.016997167138810214	0.0014164305949009456	0.0212464589235128	-0.0014164305949008198	0.016997167138810214	154368132
2023-12-01	0.0	0.0	0.006963788300835754	-0.00696378830083563	0.0	98164655
2023-12-04	0.0027855153203343265	0.0	0.015320334261838485	-0.0013927576601671012	0.0027855153203343265	77899338
2023-12-05	-0.019444444444444525	-0.002777777777777842	0.0013888888888888592	-0.02083333333333338	-0.019444444444444525	73755536
2023-12-06	-0.03541076487252125	-0.0014164305949008198	0.004249291784702585	-0.03541076487252125	-0.03541076487252125	187473333
2023-12-07	-0.0044052863436122415	-0.007342143906020533	0.0014684287812042108	-0.014684287812041065	-0.0044052863436122415	104999643
2023-12-08	0.01327433628318582	0.0014749262536872842	0.028023598820058924	-0.0029498525073746993	0.01327433628318582	116201497
2023-12-11	-0.0014556040756913808	0.0	0.005822416302765653	-0.029112081513828263	-0.0014556040756913808	113547547
2023-12-12	0.007288629737609303	-0.0014577259475219643	0.008746355685131138	-0.013119533527696901	0.007288629737609303	83779197
2023-12-13	-0.02170767004341539	-0.010130246020260534	-0.0072358900144717546	-0.023154848046309715	-0.02170767004341539	90668816
2023-12-14	-0.0014792899408283709	0.004437869822485244	0.008875739644970487	-0.0029585798816567418	-0.0014792899408283709	59099659
2023-12-15	-0.0029629629629629	0.007407407407407381	0.010370370370370412	-0.005925925925925931	-0.0029629629629629	71770339
2023-12-18	0.004457652303120261	-0.002971768202080306	0.010401188707280741	-0.0074294205052007	0.004457652303120261	58715226
2023-12-19	0.0014792899408283709	0.002958579881656873	0.004437869822485244	-0.007396449704141985	0.0014792899408283709	60456234
2023-12-20	0.0	0.0	0.011816838995568697	-0.0029542097488921087	0.0	77317422
2023-12-21	0.0	-0.0029542097488921087	0.004431314623338294	-0.008862629246676457	0.0	64711609
2023-12-22	0.008862629246676587	0.0	0.014771048744460936	-0.0014771048744460543	0.008862629246676587	93739184
2023-12-25	0.013177159590043903	-0.004392386530014678	0.016105417276720397	-0.00585651537335286	0.013177159590043903	79472698
2023-12-26	0.010115606936416227	0.0	0.01589595375722548	-0.004335260115606972	0.010115606936416227	94953825
2023-12-27	0.018597997138769654	0.0014306151645207133	0.02575107296137335	-0.0028612303290415537	0.018597997138769654	107788964
2023-12-28	-0.0084269662921349	0.001404494382022442	0.008426966292134776	-0.015449438202247236	-0.0084269662921349	116720455
2023-12-29	0.0	-0.005665722379603405	0.00849858356940517	-0.014164305949008449	0.0	118854125
2024-01-02	0.01133144475920681	0.0	0.01841359773371116	-0.0014164305949008198	0.01133144475920681	122608689
2024-01-03	0.01960784313725498	0.0	0.022408963585434195	-0.004201680672268818	0.01960784313725498	134655887
2024-01-04	0.02060439560439553	0.006868131868131844	0.024725274725274686	0.005494505494505499	0.02060439560439553	149391302
2024-01-05	0.00807537012113062	-0.0053835800807537065	0.021534320323014826	-0.010767160161507413	0.00807537012113062	152900232
2024-01-08	-0.0026702269692924514	0.0013351134846461665	0.010680907877169568	-0.009345794392523402	-0.0026702269692924514	116656527
2024-01-09	-0.001338688085676009	-0.012048192771084319	0.0013386880856761279	-0.020080321285140493	-0.001338688085676009	106987184
2024-01-10	-0.006702412868632684	0.0	0.012064343163538854	-0.009383378016085828	-0.006702412868632684	79849103
2024-01-11	-0.024291497975708464	-0.005398110661268561	-0.0026990553306343403	-0.028340080971659912	-0.024291497975708464	128745612
2024-01-12	0.0	0.004149377593360907	0.009681881051175572	-0.00829875518672206	0.0	95005360
2024-01-15	0.013831258644536604	-0.0027662517289073945	0.016597510373443876	-0.006915629322268424	0.013831258644536604	87215501
2024-01-16	0.001364256480218252	-0.002728512960436625	0.0054570259208731285	-0.010914051841746257	0.001364256480218252	100607620
2024-01-17	-0.019073569482288784	-0.005449591280653956	0.0	-0.019073569482288784	-0.019073569482288784	100884100
2024-01-18	-0.0013888888888888592	0.0027777777777777185	0.009722222222222137	-0.043055555555555625	-0.0013888888888888592	195562937
2024-01-19	-0.006954102920723325	-0.005563282336578586	0.0013908205841446156	-0.019471488178025114	-0.006954102920723325	119694368
2024-01-22	-0.012605042016806704	0.0	0.008403361344537886	-0.02240896358543407	-0.012605042016806704	130931082
2024-01-23	-0.0056737588652482325	-0.0056737588652482325	0.004255319148936206	-0.02695035460992901	-0.0056737588652482325	135385464
2024-01-24	0.03566333808844508	0.0014265335235377728	0.03708987161198285	-0.0028530670470755456	0.03566333808844508	169985431
2024-01-25	0.10055096418732788	0.005509641873278242	0.10055096418732788	0.00137741046831953	0.10055096418732788	378027534
2024-01-26	0.06382978723404252	0.007509386733416833	0.07008760951188993	-0.01376720901126412	0.06382978723404252	593009559
2024-01-29	-0.0117647058823529	-0.012941176470588168	0.04117647058823525	-0.029411764705882353	-0.0117647058823529	586392463
2024-01-30	0.0	-0.009523809523809532	0.02976190476190476	-0.011904761904761862	0.0	364425093
2024-01-31	-0.004761904761904872	-0.007142857142857202	0.019047619047619063	-0.011904761904761862	-0.004761904761904872	321814304
2024-02-01	-0.025119617224880274	-0.01913875598086126	-0.0011961722488038023	-0.0322966507177033	-0.025119617224880274	364404315
2024-02-02	-0.006134969325153461	-0.006134969325153461	0.018404907975460166	-0.02208588957055222	-0.006134969325153461	308338869
2024-02-05	0.025925925925926033	-0.0049382716049381666	0.03950617283950621	-0.0049382716049381666	0.025925925925926033	435567239
2024-02-06	-0.022864019253911103	-0.007220216606498254	0.0036101083032490204	-0.03249097472924204	-0.022864019253911103	328011383
2024-02-07	0.023399014778325282	-0.0024630541871920658	0.024630541871921315	-0.023399014778325063	0.023399014778325282	373426118
2024-02-08	-0.003610108303249234	-0.012033694344163615	0.010830324909747275	-0.02166064981949455	-0.003610108303249234	268741800
2024-02-19	0.04468599033816437	0.0	0.045893719806763385	-0.008454106280193057	0.04468599033816437	321573775
2024-02-20	-0.001156069364161825	-0.005780346820809331	0.00231213872832365	-0.015028901734104136	-0.001156069364161825	184550268
2024-02-21	0.008101851851851884	-0.004629629629629736	0.0347222222222221	-0.006944444444444501	0.008101851851851884	312287893
2024-02-22	0.057405281285878296	-0.009184845005740535	0.057405281285878296	-0.009184845005740535	0.057405281285878296	322411660
2024-02-23	-0.015200868621064121	0.00868621064060785	0.013029315960911966	-0.02280130293159618	-0.015200868621064121	282484704
2024-02-26	-0.025358324145534777	-0.007717750826901905	0.006615214994487376	-0.028665931642778367	-0.025358324145534777	248728463
2024-02-27	0.004524886877828159	0.0	0.01923076923076922	-0.0045248868778279576	0.004524886877828159	208408701
2024-02-28	-0.0045045045045046085	-0.007882882882882913	0.010135135135135118	-0.02252252252252264	-0.0045045045045046085	278727374
2024-02-29	0.0	-0.006787330316742138	0.004524886877828159	-0.011312217194570096	0.0	206939563
2024-03-01	-0.006787330316742138	-0.006787330316742138	0.004524886877828159	-0.013574660633484075	-0.006787330316742138	176714038
2024-03-04	0.038724373576309784	0.0034168564920274646	0.04214123006833725	0.0	0.038724373576309784	313545401
2024-03-05	-0.0076754385964910654	-0.0076754385964910654	0.002192982456140499	-0.02083333333333328	-0.0076754385964910654	249929865
2024-03-06	-0.007734806629834285	-0.0022099447513813644	0.01436464088397779	-0.014364640883977986	-0.007734806629834285	191910508
2024-03-07	0.010022271714922032	-0.003340757238307476	0.028953229398663672	-0.003340757238307476	0.010022271714922032	212986731
2024-03-08	0.012127894156560026	-0.0022050716648290597	0.01543550165380381	-0.012127894156560026	0.012127894156560026	202721600
2024-03-11	-0.01960784313725487	-0.008714596949891075	-0.004357298474945441	-0.03159041394335503	-0.01960784313725487	223114002
2024-03-12	-0.03555555555555559	-0.005555555555555635	-0.00444444444444435	-0.037777777777777764	-0.03555555555555559	256919902
2024-03-13	0.0011520737327188695	-0.005760368663594347	0.00806451612903229	-0.017281105990783453	0.0011520737327188695	173854176
2024-03-14	0.011507479861910202	-0.0011507479861909997	0.026467203682393605	-0.0023014959723819993	0.011507479861910202	213697775
2024-03-15	0.006825938566552958	0.0011376564277589948	0.010238907849829539	-0.011376564277588128	0.006825938566552958	161067415
2024-03-18	0.0011299435028248347	-0.0022598870056496695	0.007909604519774044	-0.011299435028248548	0.0011299435028248347	108472056
2024-03-19	0.004514672686230353	0.0022573363431152766	0.021444695259593825	0.0011286681715575381	0.004514672686230353	154847775
2024-03-20	0.026966292134831482	0.0033707865168538607	0.031460674157303296	-0.010112359550561782	0.026966292134831482	183131638
2024-03-21	0.003282275711159667	-0.006564551422319529	0.009846827133479195	-0.01203501094091917	0.003282275711159667	120783606
2024-03-22	-0.009814612868047967	-0.006543075245365376	0.006543075245365376	-0.022900763358778525	-0.009814612868047967	160444702
2024-03-25	0.022026431718061595	-0.004405286343612437	0.03303964757709259	-0.005506607929515497	0.022026431718061595	180288068
2024-03-26	-0.007543103448275702	0.0010775862068965287	0.005387931034482835	-0.018318965517241374	-0.007543103448275702	190946491
2024-03-27	-0.004343105320304117	-0.007600434310532061	0.0032573289902279434	-0.013029315960912159	-0.004343105320304117	132450804
2024-03-28	0.00872410032715377	0.0010905125408941971	0.016357688113413343	-0.014176663031624948	0.00872410032715377	157585261
2024-03-29	0.06810810810810819	0.008648648648648656	0.0702702702702703	0.007567567567567599	0.06810810810810819	264647085
2024-04-01	-0.014170040485830015	-0.008097165991902841	0.002024291497975665	-0.022267206477732858	-0.014170040485830015	194136016
2024-04-02	0.0225872689938399	0.00513347022587258	0.03901437371663234	0.0041067761806980645	0.0225872689938399	222150619
2024-04-03	0.0220883534136545	0.01104417670682725	0.03815261044176697	0.004016064257028026	0.0220883534136545	282812551
2024-04-08	0.008840864440078571	-0.01277013752455786	0.033398821218074644	-0.017681728880157142	0.008840864440078571	281490891
2024-04-09	-0.014605647517039957	-0.00389483933787723	0.014605647517039957	-0.02921129503407974	-0.014605647517039957	198101747
2024-04-10	0.014822134387351815	-0.005928853754940585	0.020750988142292575	-0.008893280632411054	0.014822134387351815	179033247
2024-04-11	-0.00389483933787723	-0.0029211295034079223	0.009737098344693247	-0.00876338851022394	-0.00389483933787723	158878499
2024-04-12	0.003910068426197375	-0.003910068426197549	0.007820136852394924	-0.008797653958944267	0.003910068426197375	158392436
2024-04-15	0.03894839337877316	-0.009737098344693247	0.04479065238558918	-0.014605647517039957	0.03894839337877316	267663570
2024-04-16	0.021555763823805103	-0.006560449859418958	0.032802249297094625	-0.007497656982193072	0.021555763823805103	318585062
2024-04-17	0.0027522935779815925	-0.013761467889908289	0.0027522935779815925	-0.02935779816513764	0.0027522935779815925	243997534
2024-04-18	-0.028362305580969853	-0.019213174748398818	-0.008234217749313802	-0.03385178408051228	-0.028362305580969853	260051276
2024-04-19	0.028248587570621538	0.006591337099811703	0.04143126177024494	0.005649717514124341	0.028248587570621538	341766333
2024-04-22	-0.02655677655677648	-0.010989010989010917	0.011904761904761977	-0.03205128205128202	-0.02655677655677648	257175836
2024-04-23	-0.026340545625588064	-0.008466603951081998	-0.008466603951081998	-0.03857008466603952	-0.026340545625588064	249454837
2024-04-24	0.007729468599033823	0.0038647342995169975	0.009661835748792237	-0.010628019323671443	0.007729468599033823	158228408
2024-04-25	0.010546500479386331	-0.006711409395973182	0.011505273250239789	-0.014381591562799651	0.010546500479386331	162001712
2024-04-26	0.013282732447817892	0.006641366223908946	0.0294117647058824	0.003795066413662327	0.013282732447817892	244980102
2024-04-29	-0.043071161048689056	-0.008426966292134819	-0.008426966292134819	-0.04494382022471914	-0.043071161048689056	332167031
2024-04-30	0.004892367906066432	-0.00978473581213321	0.0176125244618395	-0.01565557729941293	0.004892367906066432	245067206
2024-05-06	-0.02531645569620251	-0.02629016553067182	-0.02239532619279459	-0.043816942551119696	-0.02531645569620251	417952703
2024-05-07	0.010989010989010933	-0.004995004995004888	0.010989010989010933	-0.006993006993007022	0.010989010989010933	242615926
2024-05-08	0.0009881422924902731	-0.004940711462450488	0.01976284584980248	-0.005928853754940585	0.0009881422924902731	204559297
2024-05-09	-0.00592300098716688	0.0029615004935833523	0.006910167818361155	-0.010858835143139308	-0.00592300098716688	170534187
2024-05-10	0.0009930486593842886	0.003972194637537154	0.009930486593843062	-0.001986097318768577	0.0009930486593842886	155578991
2024-05-13	-0.0059523809523810015	-0.014880952380952417	0.001984126984126942	-0.016865079365079357	-0.0059523809523810015	167112341
2024-05-14	-0.008982035928143698	0.0019960079840318935	0.003992015968063965	-0.015968063872255505	-0.008982035928143698	210858826
2024-05-15	-0.004028197381671616	-0.00503524672708952	0.004028197381671795	-0.013091641490432931	-0.004028197381671616	144959510
2024-05-16	-0.006066734074823103	0.003033367037411462	0.0050556117290191036	-0.008088978766430745	-0.006066734074823103	129952952
2024-05-17	0.009155645981688694	0.0	0.013224821973550436	-0.004069175991861742	0.009155645981688694	155688787
2024-05-20	0.029233870967742027	0.0030241935483870325	0.0362903225806451	-0.004032258064516043	0.029233870967742027	287740653
2024-05-21	-0.007835455435847214	-0.007835455435847214	-0.002938295788442814	-0.022526934378060765	-0.007835455435847214	165579572
2024-05-22	-0.007897334649555781	-0.0029615004935835275	0.003948667324777803	-0.01184600197433376	-0.007897334649555781	131460554
2024-05-23	-0.013930348258706524	-0.006965174129353262	-0.004975124378109523	-0.01592039800995026	-0.013930348258706524	128172137
2024-05-24	0.0060544904137235615	0.0	0.015136226034308815	-0.0020181634712411276	0.0060544904137235615	131032908
2024-05-27	0.027081243731193538	0.0010030090270812223	0.033099297893681046	0.0010030090270812223	0.027081243731193538	224801370
2024-05-28	0.014648437500000035	0.0009765624999999792	0.02539062499999998	-0.0019531249999999584	0.014648437500000035	211589081
2024-05-29	0.009624639076034613	0.0067372473532242814	0.013474494706448391	-0.0067372473532242814	0.009624639076034613	145369863
2024-05-30	-0.027645376549094464	-0.012392755004766519	0.0038131553860819016	-0.031458531935176365	-0.027645376549094464	173354142
2024-05-31	-0.005882352941176346	-0.008823529411764692	0.001960784313725623	-0.011764705882352865	-0.005882352941176346	135394499
2024-06-03	0.001972386587771161	0.001972386587771161	0.013806706114398302	-0.004930966469428077	0.001972386587771161	181787212
2024-06-04	-0.01673228346456692	-0.01968503937007867	-0.013779527559055173	-0.030511811023622097	-0.01673228346456692	214128444
2024-06-05	-0.022022022022022084	-0.004004004004004097	0.003003003003002939	-0.02902902902902912	-0.022022022022022084	217594766
2024-06-06	0.02251791197543507	0.003070624360286708	0.03172978505629483	-0.001023541453428842	0.02251791197543507	254753743
2024-06-07	0.0	0.007007007007007036	0.013013013013012914	-0.009009009009008995	0.0	145314301
2024-06-11	-0.017017017017017008	0.009009009009008995	0.012012012012011934	-0.021021021021021106	-0.017017017017017008	197392985
2024-06-12	0.018329938900203638	-0.0030549898167007267	0.01934826883910382	-0.010183299389002	0.018329938900203638	172416942
2024-06-13	-0.008999999999999985	0.0009999999999999788	0.002999999999999936	-0.014000000000000058	-0.008999999999999985	120775559
2024-06-14	-0.00807265388496469	-0.004036326942482434	-0.0010090817356205638	-0.01109989909182638	-0.00807265388496469	125843905
2024-06-17	-0.01831129196337739	-0.003051881993896171	0.0	-0.01932858596134278	-0.01831129196337739	155383510
2024-06-18	0.011398963730569889	0.004145077720207165	0.011398963730569889	-0.011398963730570073	0.011398963730569889	143145064
2024-06-19	0.013319672131147622	0.0	0.018442622950819644	-0.0020491803278688088	0.013319672131147622	147923871
2024-06-20	0.01718907987866531	-0.002022244691607821	0.019211324570272952	-0.0030333670374116414	0.01718907987866531	226430922
2024-06-21	-0.00894632206759442	-0.0009940357852882492	0.01689860834990059	-0.011928429423459343	-0.00894632206759442	177274620
2024-06-24	0.006018054162487334	-0.0020060180541626228	0.0100300902708124	-0.0020060180541626228	0.006018054162487334	118502694
2024-06-25	0.00199401794616165	0.0	0.016949152542372874	-0.005982053838484419	0.00199401794616165	159843932
2024-06-26	-0.03482587064676631	-0.021890547263681653	-0.020895522388059785	-0.04179104477611939	-0.03482587064676631	130294612
2024-06-27	-0.0010309278350515245	-0.004123711340206098	0.005154639175257806	-0.014432989690721525	-0.0010309278350515245	138692437
2024-06-28	0.06501547987616108	0.0020639834881322344	0.06707946336429313	0.0010319917440660255	0.06501547987616108	270254946
2024-07-01	0.010658914728682115	-0.0029069767441861566	0.02131782945736423	-0.007751937984496131	0.010658914728682115	174330715
2024-07-02	0.02205177372962612	0.009587727708533044	0.030680728667305878	-0.0009587727708532873	0.02205177372962612	177194919
2024-07-03	-0.008442776735459649	-0.0009380863039399424	0.007504690431519707	-0.01782363977485924	-0.008442776735459649	138481809
2024-07-04	0.006622516556291418	0.0009460737937558928	0.014191106906338728	0.0009460737937558928	0.006622516556291418	120380662
2024-07-05	-0.009398496240601637	-0.0009398496240601303	0.005639097744360781	-0.028195488721804576	-0.009398496240601637	165069007
2024-07-08	0.012333965844402352	-0.009487666034155564	0.01992409867172684	-0.012333965844402184	0.012333965844402352	139077789
2024-07-09	-0.0028116213683223395	-0.0009372071227741132	0.0018744142455482263	-0.013120899718837916	-0.0028116213683223395	112851926
2024-07-10	-0.029135338345864705	-0.0018796992481204275	0.0018796992481202605	-0.031015037593984968	-0.029135338345864705	156758393
2024-07-11	0.01258470474346571	0.0019361084220715947	0.013552758954501507	-0.007744433688286551	0.01258470474346571	139759018
2024-07-12	-0.012428298279158773	-0.002868068833652116	0.011472275334607955	-0.018164435946462835	-0.012428298279158773	135935064
2024-07-15	0.013552758954501507	-0.008712487899322349	0.0164569215876089	-0.018393030009680494	0.013552758954501507	153414521
2024-07-16	0.0038204393505252288	-0.002865329512894091	0.008595988538681935	-0.010506208213944719	0.0038204393505252288	111483575
2024-07-17	-0.03996194100856327	-0.004757373929590764	-0.0009514747859181529	-0.04376784015223588	-0.03996194100856327	213949950
2024-07-18	0.010901883052527199	0.0029732408325073697	0.012884043607532288	-0.007928642220019828	0.010901883052527199	148627246
2024-07-19	-0.022549019607843005	-0.009803921568627416	-0.008823529411764692	-0.0313725490196077	-0.022549019607843005	187645919
2024-07-22	-0.03410230692076227	-0.011033099297893801	-0.011033099297893801	-0.04914744232698096	-0.03410230692076227	257641429
2024-07-23	-0.012461059190031255	-0.005192107995846387	0.0	-0.013499480789200496	-0.012461059190031255	144474635
2024-07-24	0.0052576235541535975	-0.0010515247108306822	0.013669821240799242	-0.009463722397476325	0.0052576235541535975	171839606
2024-07-25	-0.04184100418410045	-0.001046025104602488	-0.001046025104602488	-0.044979079497907914	-0.04184100418410045	226172007
2024-07-26	-0.006550218340611408	-0.003275109170305607	0.006550218340611408	-0.015283842794759887	-0.006550218340611408	165972643
2024-07-29	0.004395604395604497	-0.007692307692307724	0.006593406593406648	-0.016483516483516522	0.004395604395604497	130956211
2024-07-30	-0.039387308533916976	-0.008752735229759306	-0.008752735229759306	-0.039387308533916976	-0.039387308533916976	218352403
2024-07-31	0.02164009111617327	-0.0034168564920272625	0.02391799544419144	-0.00455580865603635	0.02164009111617327	200930536
2024-08-01	0.006688963210702198	0.011148272017837194	0.02229654403567439	-0.0022296544035675975	0.006688963210702198	160074494
2024-08-02	-0.018826135105204866	-0.017718715393134014	-0.013289036544850412	-0.027685492801771874	-0.018826135105204866	134672028
2024-08-05	-0.04966139954853268	-0.0237020316027087	-0.01241534988713312	-0.053047404063205295	-0.04966139954853268	293326777
2024-08-06	0.008313539192399085	0.007125890736342102	0.01781472684085515	0.0	0.008313539192399085	135830397
2024-08-07	0.011778563015312089	-0.0058892815076561494	0.027090694935217954	-0.012956419316843278	0.011778563015312089	157756843
2024-08-08	-0.004656577415599435	0.0069848661233993595	0.015133876600698579	-0.005820721769499501	-0.004656577415599435	99250002
2024-08-09	0.02222222222222216	0.0035087719298244864	0.026900584795321477	0.0011695906432748287	0.02222222222222216	159988641
2024-08-12	-0.0034324942791761283	-0.001144164759725376	0.00686498855835246	-0.008009153318077835	-0.0034324942791761283	90947914
2024-08-13	0.00918484500574033	0.00918484500574033	0.01951779563719861	-0.002296211251435287	0.00918484500574033	126101491
2024-08-14	-0.0011376564277587927	-0.009101251422070342	0.0	-0.014789533560864506	-0.0011376564277587927	78073202
2024-08-15	0.009111617312072901	-0.0034168564920272625	0.01480637813211854	-0.007972665148063612	0.009111617312072901	113933232
2024-08-16	0.01693002257336347	0.0022573363431152766	0.021444695259593825	0.0011286681715575381	0.01693002257336347	126854614
2024-08-19	0.006659267480577192	-0.0033296337402884974	0.012208657047724688	-0.00887902330743619	0.006659267480577192	105618802
2024-08-20	-0.01984564498346193	-0.003307607497243786	0.0022050716648290597	-0.028665931642778367	-0.01984564498346193	140532524
2024-08-21	0.004499437570303616	-0.0056242969628797195	0.004499437570303616	-0.010123734533183335	0.004499437570303616	84565539
2024-08-22	-0.0033594624860021683	-0.005599104143336947	0.0011198208286673894	-0.013437849944008871	-0.0033594624860021683	87891299
2024-08-23	0.0033707865168538607	0.002247191011235907	0.021348314606741515	-0.004494382022472014	0.0033707865168538607	95981506
2024-08-26	0.01343784994400907	0.008958566629339314	0.01791713325867863	-0.0011198208286673894	0.01343784994400907	113732644
2024-08-27	0.02983425414364636	0.006629834254143504	0.03314917127071811	0.0	0.02983425414364636	217449974
2024-08-28	-0.015021459227467872	-0.007510729613733936	0.0032188841201716053	-0.021459227467811273	-0.015021459227467872	136048440
2024-08-29	-0.030501089324618667	-0.004357298474945441	-0.0021786492374727207	-0.03703703703703702	-0.030501089324618667	145857294
2024-08-30	0.0033707865168538607	0.0	0.015730337078651548	-0.011235955056179735	0.0033707865168538607	154953162
2024-09-02	0.008958566629339314	-0.008958566629339314	0.015677491601343848	-0.02575587905935055	0.008958566629339314	145210793
2024-09-03	-0.03329633740288557	-0.0033296337402884974	0.0033296337402884974	-0.03773584905660376	-0.03329633740288557	164742300
2024-09-04	-0.05281285878300813	-0.025258323765786524	-0.025258323765786524	-0.061997703788748665	-0.05281285878300813	234215259
2024-09-05	-0.01454545454545445	-0.004848484848484745	0.0036363636363635587	-0.024242424242424156	-0.01454545454545445	165342472
2024-09-06	-0.011070110701107212	-0.002460024600246168	0.009840098400984017	-0.011070110701107212	-0.011070110701107212	111047936
2024-09-09	-0.02736318407960185	-0.006218905472636684	-0.004975124378109347	-0.04104477611940289	-0.02736318407960185	183015842
2024-09-10	0.010230179028133002	0.0038363171355497903	0.016624040920716097	0.0	0.010230179028133002	125534650
2024-09-11	-0.018987341772151944	-0.022784810126582355	-0.016455696202531744	-0.04430379746835449	-0.018987341772151944	202397741
2024-09-12	0.011612903225806433	-0.0025806451612902675	0.01548387096774195	-0.007741935483870917	0.011612903225806433	133186801
2024-09-13	0.00765306122448986	0.005102040816326535	0.01785714285714293	0.005102040816326535	0.00765306122448986	129717194
2024-09-18	0.020253164556962043	0.0012658227848100995	0.02531645569620244	0.0012658227848100995	0.020253164556962043	117442201
2024-09-19	-0.026054590570719707	-0.01985111662531019	-0.01985111662531019	-0.04466501240694793	-0.026054590570719707	115368818
2024-09-20	0.007643312101910891	0.00509554140127389	0.02038216560509556	-0.0025477707006368883	0.007643312101910891	133488080
2024-09-23	0.012642225031605517	0.0	0.022756005056889975	-0.006321112515802758	0.012642225031605517	96586603
2024-09-24	0.043695380774032413	0.012484394506866373	0.04494382022471903	0.0037453183520598453	0.043695380774032413	183936323
2024-09-25	0.004784688995215422	0.01794258373205746	0.03588516746411492	0.0011961722488038023	0.004784688995215422	212473516
2024-09-26	-0.001190476190476165	-0.011904761904761862	0.005952380952380825	-0.017857142857142898	-0.001190476190476165	295752968
2024-09-27	-0.0011918951132300103	0.0	0.0011918951132300103	-0.013110846245530536	-0.0011918951132300103	179409373
2024-09-30	0.07637231503579937	0.017899761336515344	0.09427207637231493	0.017899761336515344	0.07637231503579937	540926189
2024-10-08	0.035476718403547707	0.09977827050997787	0.09977827050997787	-0.01330376940133029	0.035476718403547707	642985322
2024-10-09	-0.09528907922912212	-0.025695931477516084	-0.022483940042826455	-0.09528907922912212	-0.09528907922912212	444901825
2024-10-10	0.03431952662721905	0.002366863905325604	0.06627218934911248	0.002366863905325604	0.03431952662721905	393485553
2024-10-11	-0.004576659038901708	0.01258581235697934	0.01716247139588105	-0.01258581235697934	-0.004576659038901708	251485177
2024-10-14	0.0057471264367816915	0.0	0.01609195402298857	-0.009195402298850583	0.0057471264367816915	221455125
2024-10-15	-0.0365714285714286	-0.01942857142857142	-0.016000000000000066	-0.03771428571428572	-0.0365714285714286	225516656
2024-10-16	-0.0011862396204032962	-0.0035587188612098888	0.008303677342823284	-0.01304863582443647	-0.0011862396204032962	166912034
2024-10-17	-0.008313539192399085	-0.0011876484560569818	0.020190023752969112	-0.008313539192399085	-0.008313539192399085	179804141
2024-10-18	0.022754491017964014	0.004790419161676758	0.029940119760479042	0.0	0.022754491017964014	240218341
2024-10-21	-0.00936768149882884	-0.00468384074941442	0.005854800936768234	-0.015222482435597075	-0.00936768149882884	229254626
2024-10-22	0.0	0.0	0.005910165484633443	-0.0035460992907802758	0.0	167043506
2024-10-23	0.002364066193853377	0.004728132387706754	0.00827423167848682	-0.0035460992907802758	0.002364066193853377	195556524
2024-10-24	-0.003537735849056738	-0.0023584905660376855	-0.0011792452830188427	-0.011792452830188637	-0.003537735849056738	97837261
2024-10-25	-0.007100591715976181	-0.004733727810650787	0.0	-0.008284023668638877	-0.007100591715976181	121897008
2024-10-28	-0.0023837902264602323	-0.007151370679380273	-0.0023837902264602323	-0.02502979737783085	-0.0023837902264602323	226008481
2024-10-29	-0.020310633213859015	-0.00955794504181602	-0.004778972520907903	-0.020310633213859015	-0.020310633213859015	159037556
2024-10-30	-0.010975609756097545	0.0	0.006097560975609843	-0.01463414634146332	-0.010975609756097545	158425431
2024-10-31	-0.0012330456226880132	0.0024660912453762455	0.006165228113440285	-0.006165228113440066	-0.0012330456226880132	128310150
2024-11-01	0.024691358024691492	0.0037037037037038444	0.034567901234568044	0.0012345679012345416	0.024691358024691492	280524659
2024-11-04	-0.012048192771084508	0.001204819277108408	0.004819277108433632	-0.020481927710843364	-0.012048192771084508	194985482
2024-11-05	0.009756097560975618	0.0	0.010975609756097545	-0.007317073170731552	0.009756097560975618	203694483
2024-11-06	-0.0024154589371980163	-0.006038647342995041	0.014492753623188527	-0.007246376811594049	-0.0024154589371980163	237345722
2024-11-07	0.010895883777239693	-0.0048426150121064345	0.010895883777239693	-0.012106537530266302	0.010895883777239693	244681060
2024-11-08	-0.011976047904191574	0.0	0.004790419161676758	-0.015568862275448984	-0.011976047904191574	206159231
2024-11-11	-0.01939393939393941	-0.0060606060606061465	-0.0060606060606061465	-0.02787878787878793	-0.01939393939393941	248767811
2024-11-12	-0.01112484548825709	-0.0074165636588381335	0.008652657601977786	-0.012360939431396743	-0.01112484548825709	213088944
2024-11-13	0.008750000000000036	-0.0012499999999999734	0.020000000000000018	-0.003750000000000031	0.008750000000000036	223318088
2024-11-14	-0.004956629491945592	-0.004956629491945592	0.009913258983890963	-0.006195786864931934	-0.004956629491945592	185058127
2024-11-15	0.0	0.0	0.008717310087173137	-0.0062266500622663685	0.0	185354660
2024-11-18	0.014943960149439727	0.0012453300124532737	0.024906600249066137	0.0	0.014943960149439727	278213049
2024-11-19	-0.0024539877300612974	0.004907975460122595	0.006134969325153243	-0.011042944785276055	-0.0024539877300612974	169755627
2024-11-20	0.0	-0.0036900369003691432	0.0024600246002459496	-0.008610086100861043	0.0	117567657
2024-11-21	-0.002460024600246168	-0.002460024600246168	0.0036900369003689247	-0.006150061500615093	-0.002460024600246168	103457590
2024-11-22	-0.012330456226880351	0.0024660912453762455	0.009864364981504324	-0.012330456226880351	-0.012330456226880351	166400415
2024-11-25	0.00249687890137323	0.004993757802746682	0.017478152309613054	-0.001248439450686615	0.00249687890137323	151580229
2024-11-26	-0.0012453300124532737	-0.0074719800747197525	0.0	-0.02366127023661264	-0.0012453300124532737	131371251
2024-11-27	0.0012468827930174299	-0.0049875311720697195	0.0024937655860348597	-0.00997506234413955	0.0012468827930174299	96015537
2024-11-28	0.0	-0.0012453300124532737	0.0037359900373600424	-0.004981320049813095	0.0	75655500
2024-11-29	0.0012453300124532737	0.0012453300124532737	0.009962640099626411	0.0	0.0012453300124532737	129150425
2024-12-02	-0.0024875621890546734	0.0024875621890548946	0.0037313432835822313	-0.006218905472636684	-0.0024875621890546734	130025201
2024-12-03	0.009975062344139661	-0.0012468827930174299	0.009975062344139661	-0.0049875311720697195	0.009975062344139661	159973433
2024-12-04	0.041975308641975295	0.0	0.04320987654320983	0.0	0.041975308641975295	432554998
2024-12-05	-0.017772511848341277	-0.014218009478672893	-0.007109004739336342	-0.021327014218009446	-0.017772511848341277	182716202
2024-12-06	0.003618817852834878	-0.0012062726176115546	0.012062726176115975	-0.002412545235223109	0.003618817852834878	159833336
2024-12-09	0.013221153846153777	-0.003605769230769367	0.019230769230769246	-0.009615384615384623	0.013221153846153777	212659243
2024-12-10	-0.008303677342823284	0.011862396204033173	0.017793594306049865	-0.009489916963226581	-0.008303677342823284	191423022
2024-12-11	0.010765550239234433	-0.0023923444976076047	0.01315789473684225	-0.003588516746411407	0.010765550239234433	150390914
2024-12-12	0.0	0.001183431952662907	0.010650887573964481	-0.0035502958579880905	0.0	139217788
2024-12-13	-0.020118343195266265	-0.004733727810650787	-0.0023668639053253935	-0.021301775147928963	-0.020118343195266265	162729605
2024-12-16	0.02053140096618357	-0.0024154589371980163	0.025362318840579816	-0.0036231884057970243	0.02053140096618357	207205456
2024-12-17	0.0035502958579883004	-0.0023668639053253935	0.016568047337278177	-0.0023668639053253935	0.0035502958579883004	162559132
2024-12-18	0.0035377358490565284	0.004716981132075371	0.01297169811320748	0.0	0.0035377358490565284	132476689
2024-12-19	-0.01057579318448882	-0.005875440658049229	0.004700352526439591	-0.012925969447708512	-0.01057579318448882	126127393
2024-12-20	-0.009501187648456066	-0.0011876484560569818	0.0023752969121139636	-0.010688836104513048	-0.009501187648456066	106072126
2024-12-23	0.028776978417266213	0.004796163069544475	0.033573141486810475	0.003597122302158197	0.028776978417266213	223603268
2024-12-24	0.02331002331002323	-0.0046620046620047696	0.027972027972027996	-0.009324009324009333	0.02331002331002323	238624272
2024-12-25	0.027334851936218704	-0.002277904328018175	0.03075170842824617	-0.0034168564920272625	0.027334851936218704	250352051
2024-12-26	-0.005543237250554206	0.0	0.0	-0.018847006651884695	-0.005543237250554206	184550697
2024-12-27	-0.005574136008918696	0.0011148272017836997	0.011148272017837194	-0.01783723522853959	-0.005574136008918696	145199007
2024-12-30	0.00896860986547086	0.0	0.01793721973094172	-0.0011210762331838326	0.00896860986547086	145925007
2024-12-31	-0.006666666666666722	0.002222222222222175	0.005555555555555635	-0.008888888888888898	-0.006666666666666722	155407359
