2022-01-04	-0.012691610351079574	0.026992071079120494	0.00032808398950123774	0.007934274942321684	-0.012691610351079574	99110438.0
2022-01-05	-0.02659988870339458	-0.016536166018726317	-0.015141576473160612	-0.02501116569897288	-0.02659988870339458	94535602.0
2022-01-06	-0.01669334552938484	-0.038472245420633766	-0.027030027196536466	-0.01717819514429686	-0.01669334552938484	96882954.0
2022-01-07	0.000988372093023271	0.00110017371163873	-0.006617227609811871	-0.003553950128175165	0.000988372093023271	86709147.0
2022-01-10	0.00011616425625837756	-0.022037133437445622	-0.00941770988859536	-0.01672221247734329	0.00011616425625837756	106754551.0
2022-01-11	0.016783785353388758	0.019162526614620257	0.01553623188405795	0.01575786406612356	0.016783785353388758	76138312.0
2022-01-12	0.0025702535983549435	0.022051996285979536	0.01141682840506908	0.02341646177262624	0.0025702535983549435	74805173.0
2022-01-13	-0.019028086367002817	-0.0019305019305019266	-0.00316062761033975	-0.017332113030545715	-0.019028086367002817	84405760.0
2022-01-14	0.005110633602415815	-0.02525884628512909	-0.016079719171101847	-0.004074742418068489	0.005110633602415815	80440778.0
2022-01-18	-0.01889408909689716	0.0009921792926343986	-0.007135458625848856	-0.009848617686597727	-0.01889408909689716	91063979.0
2022-01-19	-0.02102473498233226	-0.00880415136143664	-0.008461805958038582	-0.020453941737256898	-0.02102473498233226	94814990.0
2022-01-20	-0.01034710942669792	-0.017764705882353016	-0.008183306055646544	-0.010606243220441014	-0.01034710942669792	91420515.0
2022-01-21	-0.012765181447936258	-0.01536112109234633	-0.01974304573314467	-0.01145084663174567	-0.012765181447936258	122824858.0
2022-01-24	-0.004864232497998833	-0.026731137669920524	-0.024228942463776826	-0.046826863832409305	-0.004864232497998833	162706686.0
2022-01-25	-0.011384729612671673	-0.006499187601549883	0.002834257547750907	0.014996767937944577	-0.011384729612671673	115777137.0
2022-01-26	-0.0005632745024408692	0.02843124921373774	0.01001105922831158	0.005094892370398618	-0.0005632745024408692	108275307.0
2022-01-27	-0.0029432024547560998	-0.006422018348623881	-0.003342064634337727	0.002914712964136479	-0.0029432024547560998	121954638.0
2022-01-28	0.0697776661223466	0.02006771314250555	0.03973388671875	0.028556987616881635	0.0697776661223466	179435660.0
2022-01-31	0.026125755885633595	0.026854142779554557	0.027296742001761132	0.041216216216216184	0.026125755885633595	115522090.0
2022-02-01	-0.000972651333104424	0.02262576398683591	-0.0009142857142856453	0.016518199516252885	-0.000972651333104424	85595911.0
2022-02-02	0.007044270087623872	0.004223895178438131	0.005948295584534469	0.005919563577273523	0.007044270087623872	84914158.0
2022-02-03	-0.01671974522292996	-0.0015164954648202444	0.0020462815556061553	-0.006980903478913114	-0.01671974522292996	89418074.0
2022-02-04	-0.0029496818970504712	-0.016047684548372243	-0.012141972391042088	-0.008366256100395097	-0.0029496818970504712	82446700.0
2022-02-07	-0.004234584372643346	0.006873252562907828	-0.0008856978747846522	0.0015819076634637774	-0.004234584372643346	77251204.0
2022-02-08	0.01846673657229414	-0.006537082031702113	0.008072629520229802	0.00280783854928357	0.01846673657229414	74829217.0
2022-02-09	0.008293771091917757	0.02515576777499584	0.007413743940690054	0.020241497987516732	0.008293771091917757	71204538.0
2022-02-10	-0.02359882005899705	-0.010849190570860645	-0.006623266345881729	-0.019153802172670042	-0.02359882005899705	90715899.0
2022-02-11	-0.020218452242621532	-0.01039393591363258	-0.013676772281741356	-0.020460507140775408	-0.020218452242621532	98490687.0
2022-02-14	0.0014231499051233776	-0.028781988046190476	-0.02022186272244053	-0.00880742680314206	0.0014231499051233776	86185530.0
2022-02-15	0.023152534343912734	0.02150923104499003	0.01987262648897259	0.022154178674351543	0.023152534343912734	64286317.0
2022-02-16	-0.0013889692690548516	0.005147101830730527	0.002254986990459784	-0.0011747430249632318	-0.0013889692690548516	61139697.0
2022-02-17	-0.02126919733410615	-0.004771603142275205	-0.00824968270451143	-0.009291384886798038	-0.02126919733410615	69589344.0
2022-02-18	-0.009355755566082369	-0.0070747822019529005	-0.00796172415798957	-0.01353356680714668	-0.009355755566082369	82772674.0
2022-02-22	-0.01781231320980281	-0.028500765516429216	-0.022582799591653213	-0.024309525242192653	-0.01781231320980281	91148358.0
2022-02-23	-0.025864167478091504	0.003394350830403736	-0.003239546463495113	-0.014801110083256241	-0.025864167478091504	90009247.0
2022-02-24	0.01668020241144519	-0.07828923523015574	-0.019861570869696088	-0.04851330203442883	0.01668020241144519	141147540.0
2022-02-25	0.012965466388103586	0.07379735220867745	0.01393920785999403	0.058380263157894685	0.012965466388103586	91974222.0
2022-02-28	0.0016378525932667642	-0.0047607421875	0.001816860465116088	0.009673421029403384	0.0016378525932667642	95056629.0
2022-03-01	-0.011627906976744318	0.010026983932294842	0.0071333575142062955	-0.0028319891645632866	-0.011627906976744318	83468865.0
2022-03-02	0.020588235294117796	-0.0018519080724976877	0.004561824729891972	0.006050503179601208	0.020588235294117796	79724750.0
2022-03-03	-0.001981268011527426	0.024819027921406445	0.009261472275334581	0.015955814667075963	-0.001981268011527426	76678441.0
2022-03-04	-0.01840822956145105	-0.02362438416335244	-0.019892250310816317	-0.020839625490788438	-0.01840822956145105	83819592.0
2022-03-07	-0.023717595146166448	-0.006869718523922375	-0.0032014497130776753	-0.01887723627390503	-0.023717595146166448	96418845.0
2022-03-08	-0.01167608286252364	-0.027791380999020676	-0.012968125075748516	-0.020372233400402284	-0.01167608286252364	131139480.0
2022-03-09	0.03499745934959342	0.016717038156403463	0.0032539292730844327	0.02317073170731687	0.03499745934959342	91445405.0
2022-03-10	-0.027186253451979003	-0.007895959126799856	-0.01848112110641953	-0.02151684335988968	-0.027186253451979003	105342033.0
2022-03-11	-0.023908655059298622	-0.007927590511860094	-0.006920630962029994	-0.009488395948198391	-0.023908655059298622	96917302.0
2022-03-14	-0.026562399017643568	-0.047064745485433934	-0.03239578101456553	-0.028478964401294493	-0.026562399017643568	108712111.0
2022-03-15	0.0296773336874252	-0.0036315615714755944	0.009408253309109771	0.0018654230512991088	0.0296773336874252	92964302.0
2022-03-16	0.02901541040686051	0.040755467196819106	0.028475927235328102	0.027131267455778874	0.02901541040686051	102300157.0
2022-03-17	0.006454038473588497	0.009933142311365772	0.006250000000000089	0.020523112780007624	0.006454038473588497	75615376.0
2022-03-18	0.020918939110945	0.01197906815459282	0.021614906832298164	0.013512656220262542	0.020918939110945	122610172.0
2022-03-21	0.00853762653982204	0.0186904242726309	0.01136916342412464	0.020374311467200812	0.00853762653982204	95811352.0
2022-03-22	0.020800580481315833	0.012231667787902856	0.018455064622783235	0.011624697113762572	0.020800580481315833	81532007.0
2022-03-23	0.008233621608814135	0.014983988882847132	0.019006020540668134	0.01661512340064286	0.008233621608814135	98062674.0
2022-03-24	0.022677868515363242	0.018274897315316396	0.008688600556070458	0.015269907545481631	0.022677868515363242	90131418.0
2022-03-25	0.0037341299477222645	0.01648544370396343	0.00654645687377986	0.014922742494565489	0.0037341299477222645	80529356.0
2022-03-28	0.005036630036630019	-0.009834368530020732	0.002567320858055666	-0.00434153400868309	0.005036630036630019	90371916.0
2022-03-29	0.01913439635535319	0.026253121914387112	0.018664997439253428	0.025232558139534955	0.01913439635535319	99459940.0
2022-03-30	-0.006649530621367861	0.010526911539985306	0.0033517680576504727	0.0020415107179312386	-0.006649530621367861	91340654.0
2022-03-31	-0.01777577769027394	-0.0039764771772613505	-0.00879683759256178	-0.013016411997736177	-0.01777577769027394	103049285.0
2022-04-01	-0.001718114655518077	-0.021423751686909576	-0.017693647138122826	-0.014105504587155981	-0.001718114655518077	78251328.0
2022-04-04	0.023693419769376334	0.003102913290811804	0.02064272644098808	0.014539955798534399	0.023693419769376334	76545983.0
2022-04-05	-0.0189419412687738	0.016784098069542397	-0.0010644854053448727	-0.00014331575326764767	-0.0189419412687738	73401786.0
2022-04-06	-0.01845081686278982	-0.02895774647887317	-0.02619181155356154	-0.024567841068715457	-0.01845081686278982	89058782.0
2022-04-07	0.0018041087120990174	-0.006962172197725769	-0.0015550308126475176	-0.0016458002703815255	0.0018041087120990174	77594650.0
2022-04-08	-0.011908911351225626	0.003622341668614082	-0.009113982464236337	-0.003826906093612026	-0.011908911351225626	76534208.0
2022-04-11	-0.02551590334528786	-0.01787169635580388	-0.01600884852718598	-0.021867612293144156	-0.02551590334528786	72246706.0
2022-04-12	0.011523378582201982	-0.004089858336790875	0.004969532035733248	0.006888217522658557	0.011523378582201982	79265181.0
2022-04-13	0.016342598115233198	-0.0037495536245686356	0.00688761994466347	0.0007801248199712507	0.016342598115233198	70618925.0
2022-04-14	-0.029988262910798147	0.0192962542565267	0.0013447146866232274	-0.01037356838759984	-0.029988262910798147	75069376.0
2022-04-18	-0.0013309940105269424	-0.03926854999413909	-0.02727623051322481	-0.00890693165293266	-0.0013309940105269424	69023941.0
2022-04-19	0.014115223844429758	0.006710590531966876	0.007332603434366591	0.0020786207739806883	0.014115223844429758	67723833.0
2022-04-20	-0.0010155316606930143	0.022663919524905873	0.006316291264450102	0.013360990787627314	-0.0010155316606930143	67929814.0
2022-04-21	-0.004843628535549871	0.0008888362171131092	0.015691615348176313	-0.0011438892233593956	-0.004843628535549871	87227768.0
2022-04-22	-0.027821175339502457	-0.014504765851636847	-0.021337958374628374	-0.026580676270266945	-0.027821175339502457	84875424.0
2022-04-25	0.006737128376290258	-0.03207977892586811	-0.027997276462308096	-0.018823529411764683	0.006737128376290258	96017376.0
2022-04-26	-0.037328094302553905	0.007013406156901603	-0.005086719372433546	-0.010980689132904287	-0.037328094302553905	95595226.0
2022-04-27	-0.0014668367346939437	-0.039075500770415994	-0.015707773808057213	-0.008550280755487472	-0.0014668367346939437	88063191.0
2022-04-28	0.04515552149198432	0.021422615611570883	0.02957006070467494	0.022847213283562873	0.04515552149198432	130149192.0
2022-04-29	-0.036604742116841726	0.01626373626373634	0.010242227152539307	-0.010570691499402263	-0.036604742116841726	131747495.0
2022-05-02	0.001966381224230984	-0.03169797330696977	-0.047954271961492156	-0.025310015898251104	0.001966381224230984	123050000.0
2022-05-03	0.009622689288427244	0.00918894773785972	0.015673386841938974	0.019899523716317535	0.009622689288427244	88966526.0
2022-05-04	0.04100827689992492	0.009611128675308223	0.03590317964034595	0.018807574206755273	0.04100827689992492	108206503.0
2022-05-05	-0.05571617877364177	0.02617899417548708	-0.014416146083613524	-0.027062664824814786	-0.05571617877364177	130419230.0
2022-05-06	0.00325317343879572	-0.04784864205065609	-0.028278888347147868	-0.0049693449499838005	0.00325317343879572	115494647.0
2022-05-09	-0.033189216683621514	-0.006954682392154243	-0.022641746111389804	-0.0174471397068362	-0.033189216683621514	131577921.0
2022-05-10	0.016112061028541236	0.003840568016782342	0.0058396971058203295	0.009505577925935649	0.016112061028541236	115366736.0
2022-05-11	-0.05184130476991777	-0.012988683127572065	-0.008230190123772019	-0.046557248414307195	-0.05184130476991777	142547625.0
2022-05-12	-0.02689419795221837	-0.06990228013029309	-0.05950466387906084	-0.048076263630752236	-0.02689419795221837	182408091.0
2022-05-13	0.03191638608305292	0.012747776143447354	0.013030095759233973	0.03105187319884717	0.03191638608305292	113990852.0
2022-05-16	-0.010672286044456691	0.006639463310049054	-0.00395057560514489	0.007476766123960532	-0.010672286044456691	86643781.0
2022-05-17	0.025422564243507084	0.02274132600480927	0.015252857411101939	0.017339436815092313	0.025422564243507084	78138254.0
2022-05-18	-0.05641919056553213	-0.013502619911326175	-0.01609067236429207	-0.046223070629942686	-0.05641919056553213	109742890.0
2022-05-19	-0.024641386166737722	-0.047463398025195724	-0.03868143411954794	-0.02358827734095792	-0.024641386166737722	135863540.0
2022-05-20	0.00174736075718962	-0.0056476980268801436	-0.006776789495976376	-0.02920937042459726	0.00174736075718962	137392625.0
2022-05-23	0.040119194708917894	-0.009346466316773383	0.01819474058280024	0.038006183545735484	0.040119194708917894	117726265.0
2022-05-24	-0.01921598770176791	0.02188112344872639	-0.009004607008236687	-0.0023247366509262513	-0.01921598770176791	104132746.0
2022-05-25	0.0011399259048161525	-0.016867298746493398	-0.0013030922025780711	0.007354547440471704	0.0011399259048161525	92482696.0
2022-05-26	0.023199544548818674	-0.007512822365094429	0.018020241915576385	-0.008674280757553943	0.023199544548818674	90601098.0
2022-05-27	0.04075671164278738	0.05822840090254022	0.036995981709851744	0.05920956686597645	0.04075671164278738	91425110.0
2022-05-31	-0.00534616412723854	0.02531123185913753	0.006547300908605003	0.010877048051769256	-0.00534616412723854	103718416.0
2022-06-01	-0.000873421123353868	0.0055678540283088385	0.007168458781362075	0.005720512122037613	-0.000873421123353868	74286635.0
2022-06-02	0.01681124335955886	-0.013809206137424868	-0.0030974034532753603	-0.0055525460455037035	0.01681124335955886	72348055.0
2022-06-03	-0.038555651081277786	-0.006291009943854453	-0.021815297150790003	-0.016342094511779925	-0.038555651081277786	88570289.0
2022-06-06	0.005227679185582534	0.0008849557522123686	0.004047442049064154	0.003045825834140814	0.005227679185582534	71598380.0
2022-06-07	0.0175858765567265	-0.018261579269536865	0.002901683999814164	-0.005521048999309941	0.0175858765567265	67808150.0
2022-06-08	-0.005043373007867613	0.029339429838234787	0.0058369127516777475	0.02331714087439285	-0.005043373007867613	53950201.0
2022-06-09	-0.03595566369289016	-0.010095571409341808	-0.012809126861533793	-0.03343279533432797	-0.03595566369289016	69472976.0
2022-06-10	-0.038628715647784584	-0.0462333423986947	-0.048597499155120016	-0.038377885357468555	-0.038628715647784584	91566637.0
2022-06-13	-0.038284839203675314	-0.052822925577416524	-0.0394998579141802	-0.04100393988034445	-0.038284839203675314	122128099.0
2022-06-14	0.0066727327873823405	0.001956799879581528	-0.009689349112426027	0.00030432136335956095	0.0066727327873823405	84784326.0
2022-06-15	0.02011147936125357	0.008713287763839839	0.025767421017253156	0.005171889260724205	0.02011147936125357	91532972.0
2022-06-16	-0.03965148046961531	-0.016456921587608808	-0.03604193971166458	-0.02360774818401945	-0.03965148046961531	107961508.0
2022-06-17	0.011533138551437894	-0.015255905511811108	0.005204320568019005	0.0059671419714817375	0.011533138551437894	134520290.0
2022-06-21	0.03276071754332621	0.025794794910237062	0.02991456202706666	0.027039519297434644	0.03276071754332621	81000488.0
2022-06-22	-0.0038271877529992837	0.010268325588367544	0.005107252298263365	0.0044254425442544765	-0.0038271877529992837	73409234.0
2022-06-23	0.021573697820465476	0.015060464426144282	0.006024970963995457	0.012844447763423084	0.021573697820465476	72433768.0
2022-06-24	0.024517248860924212	0.022511328753106463	0.02395555234865432	0.030524220305242267	0.024517248860924212	88401837.0
2022-06-27	0.0	0.019978556111508228	0.011133817208089702	0.008549760320526456	0.0	70207908.0
2022-06-28	-0.029789637159395754	-0.003959494025719157	-0.00047390062025232105	-0.02582201255630845	-0.029789637159395754	67315328.0
2022-06-29	0.013023864959254894	-0.03285724336874685	-0.01918813013345244	-0.0047697068996904735	0.013023864959254894	66242411.0
2022-06-30	-0.018027723910076787	-0.0015277171540812873	-0.016350323452050786	-0.021191922148240283	-0.018027723910076787	98964467.0
2022-07-01	0.01616442363955528	-0.008816029143898008	0.004842090048420733	0.014100678982490678	0.01616442363955528	71051552.0
2022-07-05	0.018930396602605537	0.01271684798588657	0.018483889528193576	0.009361639392599264	0.018930396602605537	73429641.0
2022-07-06	0.009607233681830918	0.026021630253320494	0.01772473695360488	0.030307456364565777	0.009607233681830918	74064254.0
2022-07-07	0.023999440246291748	0.013688939195642291	0.016860949208992615	0.015593989225971105	0.023999440246291748	66253709.0
2022-07-08	0.004714724974376416	0.013783236792518583	0.006823609689525778	0.01200446677833611	0.004714724974376416	64543598.0
2022-07-11	-0.014757889009793135	0.002788008123085328	-0.006167400881057383	-0.008413793103448253	-0.014757889009793135	63305113.0
2022-07-12	0.006833712984054774	0.0006178348321548288	0.012343153300600207	0.00883293921268602	0.006833712984054774	77588759.0
2022-07-13	-0.002536679007267284	-0.019003841931942822	-0.01347254968002698	-0.020199241640813548	-0.002536679007267284	71185560.0
2022-07-14	0.020482507388823956	0.007622910693055429	0.01707067258449979	0.007950318076049623	0.020482507388823956	78140744.0
2022-07-15	0.011450124604297063	0.03956135480288725	0.012823094998321682	0.034554973821989465	0.011450124604297063	76259931.0
2022-07-18	-0.020643270959579074	0.006409400453999181	0.004706350258517622	-0.010121457489878583	-0.020643270959579074	81380868.0
2022-07-19	0.02672196913034619	-0.01870770863738902	-0.0022431879659563503	0.001431492842535853	0.02672196913034619	82969067.0
2022-07-20	0.013509933774834337	0.021633315305570777	0.016464987105732964	0.023551834456470022	0.013509933774834337	64823413.0
2022-07-21	0.015094093047569368	0.022366331392271066	0.012034868592245562	0.010440912416040282	0.015094093047569368	65064436.0
2022-07-22	-0.00811071773414862	0.005760517799352716	0.004563861927106894	0.009674871659865802	-0.00811071773414862	66675373.0
2022-07-25	-0.007398273736128336	-0.008880880365531807	-0.007934476580496619	-0.007365882276253122	-0.007398273736128336	53580745.0
2022-07-26	-0.008826413860738791	-0.011330433088760472	-0.012609649122806932	-0.009718938796952958	-0.008826413860738791	55099091.0
2022-07-27	0.03423482849604231	0.002068761698355015	0.027729692654407723	0.009018567639257125	0.03423482849604231	78620688.0
2022-07-28	0.0035716563556349445	0.028837331236072794	0.0019703807284050523	0.014787066246056746	0.0035716563556349445	81378731.0
2022-07-29	0.032793136320305116	0.027137214931838516	0.03799797005836081	0.032964186257366856	0.032793136320305116	101763760.0
2022-08-01	-0.006153467478924424	-0.0014264450508559845	-0.0002444539509869337	0.008714733542319664	-0.006153467478924424	67778379.0
2022-08-02	-0.009287350628444102	-0.005651822868144807	-0.0072131548383153055	-0.00783143762819316	-0.009287350628444102	59907025.0
2022-08-03	0.03824760952440465	0.004622111180512256	0.025737331445108147	0.00701622502035959	0.03824760952440465	82507488.0
2022-08-04	-0.0019262023716366539	0.032112658542650996	0.003601656762110439	0.022892690513219405	-0.0019262023716366539	55474144.0
2022-08-05	-0.0027742596948314713	-0.016836842263787122	-0.008014833423051648	-0.008696709846135131	-0.0027742596948314713	56696985.0
2022-08-08	-0.002902933172059252	0.019361558728019146	0.011817907747964984	0.007361963190184007	-0.002902933172059252	60362338.0
2022-08-09	0.0003032692424334016	-0.01412514275410226	-0.01185864966330974	-0.0057856272838001654	0.0003032692424334016	63075503.0
2022-08-10	0.026194518554450763	0.022314351908303776	0.021227837414063533	0.022358346094946357	0.026194518554450763	70170540.0
2022-08-11	-0.004431576459465902	0.014193702290076216	0.009743710877524459	0.007729179149191134	-0.004431576459465902	57142109.0
2022-08-12	0.021425603893405976	-0.0014112666117841455	0.006900988361892457	0.007194244604316502	0.021425603893405976	68039382.0
2022-08-15	0.006333527019174889	0.010010599458250002	0.007086019631759255	0.01148170011806382	0.006333527019174889	54091694.0
2022-08-16	-0.0009238408684103527	0.0073460820895521195	0.0018455504931080835	0.001848901339402964	-0.0009238408684103527	56377050.0
2022-08-17	0.008784603825926274	-5.7877069105205514e-05	0.014046399171032231	0.0052906354238391184	0.008784603825926274	79542037.0
2022-08-18	-0.0022916069894013402	0.005672281067314877	-0.007096224808401885	0.0031871124760967096	-0.0022916069894013402	62290075.0
2022-08-19	-0.01510192362905538	-0.00414388489208628	-0.006632361349342419	-0.010454597966728318	-0.01510192362905538	70336995.0
2022-08-22	-0.023029384328358327	-0.019303011038548257	-0.022332220559456606	-0.024371592801592068	-0.023029384328358327	68975809.0
2022-08-23	-0.002029002804798008	-0.015380988862042422	-0.006770281408218559	-0.002901845813264692	-0.002029002804798008	54147079.0
2022-08-24	0.0017939364946482073	0.0014364376346658325	-0.0035563985537312437	-0.002430243024302392	0.0017939364946482073	53841524.0
2022-08-25	0.014922700411866607	0.00872579488405445	0.012075426803878297	0.012662034948419443	0.014922700411866607	51218209.0
2022-08-26	-0.037699229547726865	0.010605521981277288	0.005348536499353518	-0.028452628452628415	-0.037699229547726865	78960980.0
2022-08-29	-0.01369025791468037	-0.05525590666588487	-0.047646886875182703	-0.022866226461237482	-0.01369025791468037	73313953.0
2022-08-30	-0.015305490147477951	0.006112507369139486	-0.0020871700429712092	-0.01313978225503687	-0.015305490147477951	77906197.0
2022-08-31	-0.010634950600969084	-0.011256399185838428	-0.012180118110236116	-0.0036774029926452956	-0.010634950600969084	87991091.0
2022-09-01	0.004706780307848879	-0.022862668039050682	-0.013451239257690983	-0.01571846760850193	0.004706780307848879	74229896.0
2022-09-02	-0.01361104076981523	0.019854443309499592	0.012258553212978196	0.0019072864808948875	-0.01361104076981523	76807768.0
2022-09-06	-0.008215133816828146	-0.02053208137715179	-0.020403836320325164	-0.008227664311296179	-0.008215133816828146	73714843.0
2022-09-07	0.009253866563126989	-0.01051319741803547	-0.002673626583487243	-0.0005205283362611501	0.009253866563126989	87293824.0
2022-09-08	-0.009617850730956667	-0.0011948974648796629	-0.0019786813046529517	-0.006054293340277406	-0.009617850730956667	84909447.0
2022-09-09	0.01883982908196291	0.005367304707708298	0.00933742645177782	0.01355776788053431	0.01883982908196291	68081006.0
2022-09-12	0.038507974836372805	0.02650028944490912	0.04080598149790893	0.029402261712439426	0.038507974836372805	104955962.0
2022-09-13	-0.058679556996879434	0.0019424775988470255	-0.022647023012297596	-0.0372253609541745	-0.058679556996879434	122651554.0
2022-09-14	0.00955538221528851	-0.03198874296435272	-0.021427681574685442	0.0015687552976462182	0.00955538221528851	87935409.0
2022-09-15	-0.018929882171141554	-0.0008721775365829743	-0.01183959261616796	-0.014521133307206724	-0.018929882171141554	90481110.0
2022-09-16	-0.010960162761698644	-0.022243776268994542	-0.025057974748776135	-0.01988373629277307	-0.010960162761698644	160940131.0
2022-09-19	0.02508294625082952	-0.01256530652734611	0.02120911793855318	0.004920132102177011	0.02508294625082952	81474246.0
2022-09-20	0.015665458311755698	0.027392672962293307	0.022774327122153215	0.02669349429912815	0.015665458311755698	107639796.0
2022-09-21	-0.020267686424474185	0.025684485006518987	0.004175101214574983	0.003396916644891501	-0.020267686424474185	101696790.0
2022-09-22	-0.006375227686703067	-0.03152408796237449	-0.026899332241401064	-0.01751302083333328	-0.006375227686703067	86652542.0
2022-09-23	-0.015123739688359339	-0.007809423808898819	-0.019421246844047335	-0.015572195348220741	-0.015123739688359339	96029909.0
2022-09-26	0.002260187462607144	-0.010119716912494248	0.01518518518518519	0.007269789983844754	0.002260187462607144	93339409.0
2022-09-27	0.006566293029117043	0.020579981290926197	0.006177403799568326	0.002038225073509814	0.006566293029117043	84282741.0
2022-09-28	-0.01265155508697935	-0.03339007463663757	-0.026361168562564652	-0.034045816799493034	-0.01265155508697935	146661387.0
2022-09-29	-0.04911906033101987	-0.010430777567054905	-0.026031356585905385	-0.028721347694007138	-0.04911906033101987	128138237.0
2022-09-30	-0.030039303761931535	-0.03299110198494182	-0.024672846237731805	-0.019050326983224397	-0.030039303761931535	124910274.0
2022-10-03	0.030752532561505008	-0.021729898074745124	-0.00020964360587005793	-0.0022826086956521108	0.030752532561505008	114311663.0
2022-10-04	0.025623025623025653	0.049345199334346335	0.022017194380373306	0.04775393107455406	0.025623025623025653	87780064.0
2022-10-05	0.002053388090349051	-0.006584844514928023	0.007933251265216823	-0.008664910578122798	0.002053388090349051	79269968.0
2022-10-06	-0.006625683060109244	0.012042339059517682	0.0010856289862939406	0.015453464792671845	-0.006625683060109244	68308669.0
2022-10-07	-0.03671869627999724	-0.022426445374117088	-0.03009353395689307	-0.03976724969012535	-0.03671869627999724	85925559.0
2022-10-10	0.0023556285245198705	-0.014873018100182489	-0.008455625436757597	-0.006254078669009178	0.0023556285245198705	74899002.0
2022-10-11	-0.010254949437402017	-0.003703176185728352	-0.0038057650292478984	-0.0025466739889257184	-0.010254949437402017	77001872.0
2022-10-12	-0.004604979133688181	-0.005503931379556848	-0.007003891050583522	-0.00043409058023446967	-0.004604979133688181	69933744.0
2022-10-13	0.03361283793552117	-0.02975634298857177	0.023012254203476745	-0.027431962941517063	0.03361283793552117	113223975.0
2022-10-14	-0.03224001678439059	0.06904215127046442	0.006476774148617581	0.02842896479869017	-0.03224001678439059	88597969.0
2022-10-17	0.029122705593293885	-0.02248631418474123	-0.011209521173540016	0.015051740357479026	0.029122705593293885	85250639.0
2022-10-18	0.009409451583456185	0.03136851805905083	0.026592022393281844	0.0024238967705141334	0.009409451583456185	99130632.0
2022-10-19	0.000765217391304418	-0.02611863358306421	-0.011934560327198307	0.006329564042386604	0.000765217391304418	61757790.0
2022-10-20	-0.0032670652022801505	0.009386689251182245	0.006490549792616873	0.008127208480565473	-0.0032670652022801505	64521989.0
2022-10-21	0.027059069670130498	-0.0010488043630262345	0.013420385221742492	-7.010164738918689e-06	0.027059069670130498	86548459.0
2022-10-24	0.014802743260677431	0.030202281794638575	0.01611182843990333	0.023491226717327063	0.014802743260677431	75981918.0
2022-10-25	0.019337571094011574	0.01973706559771715	0.015043599813619357	0.023013698630137025	0.019337571094011574	74682290.0
2022-10-26	-0.019627149796507926	0.005796522086747968	-0.0032789035346579842	-0.008837707552222906	-0.019627149796507926	87883672.0
2022-10-27	-0.030465349849347012	-0.019144144144144226	-0.019369695374695794	-0.026411780599837842	-0.030465349849347012	109161970.0
2022-10-28	0.07555248618784538	0.0008779631255486642	0.056720743931403694	0.025601887185179972	0.07555248618784538	164762371.0
2022-10-31	-0.015410299216643164	0.033434547908232304	-0.02069841269841266	0.027736436206196702	-0.015410299216643164	97932271.0
2022-11-01	-0.017542715534107245	0.01256896608011493	0.007844917012447938	-0.01836492890995256	-0.017542715534107245	80379345.0
2022-11-02	-0.037305011616329264	-0.03956022697962358	-0.021100032164683147	-0.027693958291423515	-0.037305011616329264	93604623.0
2022-11-03	-0.04240501965110666	-0.04622511665379836	-0.06157586909377655	-0.0431034482758621	-0.04240501965110666	97917166.0
2022-11-04	-0.0036002304147465525	0.00021117837533446426	-0.0009103641456584821	-0.031495495495495573	-0.0036002304147465525	140494796.0
2022-11-07	0.0039022980199450163	-0.035048208881694576	-0.024707366650311702	0.009607084387557752	0.0039022980199450163	83364228.0
2022-11-08	0.004175064785488125	0.024068266355480983	0.01642171835135997	0.013407434160579657	0.004175064785488125	89908477.0
2022-11-09	-0.03318996415770603	-0.013603019727939536	-0.020363430672417415	-0.02106844134118857	-0.03318996415770603	74903262.0
2022-11-10	0.08897456810261728	0.019783393501805024	0.06005052327679539	0.036455752255127205	0.08897456810261728	118854028.0
2022-11-11	0.019268741063525496	0.03242707448314919	0.021379451215360445	0.0349103942652329	0.019268741063525496	93966273.0
2022-11-14	-0.009485637942551639	0.02160197503771788	0.001799880007999466	0.021195539239454275	-0.009485637942551639	73374114.0
2022-11-15	0.011869436201780381	0.021782909310599452	0.02202555230236891	0.00767347215627745	0.011869436201780381	89868332.0
2022-11-16	-0.008331111703545724	-0.020267384948920997	-0.024220326844195617	-0.008557410308068114	-0.008331111703545724	64218266.0
2022-11-17	0.012971301834800775	-0.01810500905250445	0.010742643624474413	-0.00773983298255132	0.012971301834800775	80389400.0
2022-11-18	0.003781847133757843	0.04012155978966048	0.008053868497491345	0.026137529934998183	0.003781847133757843	74829573.0
2022-11-21	-0.02168021680216803	-0.014083582285545515	-0.015258677144728172	-0.015036340601453646	-0.02168021680216803	58724070.0
2022-11-22	0.01466117154246338	-0.013518913159296764	0.0003325131342686305	-0.0053481366144263465	0.01466117154246338	51804132.0
2022-11-23	0.005926221867092796	0.008911091608722055	0.009373753490227621	0.016436957631444482	0.005926221867092796	58283895.0
2022-11-25	-0.019593565896604104	-0.007661425225827911	-0.019429625238754022	-0.014865407794294905	-0.019593565896604104	35195860.0
2022-11-28	-0.02626426304773488	-0.02134115505208878	-0.015045674368619033	-0.025421424687330108	-0.02626426304773488	69346522.0
2022-11-29	-0.021148245735681637	-0.005856414496348328	-0.012479541734860766	-0.02109778211745017	-0.021148245735681637	83736803.0
2022-11-30	0.04859389388680335	-0.020063760482361803	0.02700089772805736	0.0013893341883084442	0.04859389388680335	111314880.0
2022-12-01	0.0018915084780111169	0.04819830969977712	0.002756858526089312	0.04311632870864468	0.0018915084780111169	71250416.0
2022-12-02	-0.003371316836356275	-0.015181161864921355	-0.00757728156641857	-0.006547984448536992	-0.003371316836356275	65438446.0
2022-12-05	-0.007983221703538379	0.012400657714442431	0.01972905405405423	0.0008238928939239276	-0.007983221703538379	68826442.0
2022-12-06	-0.025369978858350906	-0.004703255058537081	-0.02398557115396971	-0.026411470124168335	-0.025369978858350906	64727186.0
2022-12-07	-0.013784899587152788	-0.03321434642189358	-0.02668024439918537	-0.013528748590755257	-0.013784899587152788	69721094.0
2022-12-08	0.012132822477650018	0.0011955833743584332	0.0010462439840970283	0.007857142857142785	0.012132822477650018	62128338.0
2022-12-09	-0.003434980722047065	-0.0001404889013768562	0.014283723522853897	-0.0014174344436569397	-0.003434980722047065	76084511.0
2022-12-12	0.01638998311761397	0.002529155543065764	-0.007350415607611405	0.00113555713271829	0.01638998311761397	70462654.0
2022-12-13	0.006782476295937423	0.04765241765942552	0.03784913494809694	0.02254359846873677	0.006782476295937423	93486161.0
2022-12-14	-0.015535849316010153	-0.027759197324414786	-0.022099204369963932	-0.02135330005546321	-0.015535849316010153	82211182.0
2022-12-15	-0.04685426995321562	-0.029170966632266815	-0.033104906072073836	-0.036377160668744635	-0.04685426995321562	98463907.0
2022-12-16	-0.014578754578754682	-0.031358514633973544	-0.02926657263751764	-0.01687189854806115	-0.014578754578754682	160063600.0
2022-12-19	-0.015909597799420028	-0.011522844496469897	-0.01779876498365429	-0.018021386375532744	-0.015909597799420028	79592614.0
2022-12-20	-0.0005288207297725611	-0.027533121160536078	-0.014423076923076872	-0.010889430399025346	-0.0005288207297725611	77430718.0
2022-12-21	0.023809523809523725	0.012101377578202399	0.02671669793621012	0.022018631149434142	0.023809523809523725	85927993.0
2022-12-22	-0.023772609819121437	0.010317340953526877	-0.016446166215919877	-0.018455743879472575	-0.023772609819121437	77696108.0
2022-12-23	-0.002798154730393798	-0.02554483744194369	-0.015940844233055973	-0.0050652340752112	-0.002798154730393798	63802893.0
2022-12-27	-0.013878355831943079	0.0035135960892147544	-0.007589774572367092	-0.007096575131132266	-0.013878355831943079	69007830.0
2022-12-28	-0.030685226486195427	-0.013015679707718109	-0.002910737386804585	-0.022141081417029196	-0.030685226486195427	85438391.0
2022-12-29	0.02832434147889562	-0.012955965142284254	-0.004167827364484511	0.014777151028839253	0.02832434147889562	75501810.0
2022-12-30	0.0024689452974306914	0.003281506367684983	-0.0040726111154542055	-0.002348704298128834	0.0024689452974306914	76204209.0
2023-01-03	-0.03740475640729635	0.014562728759442534	0.007310504040015431	-0.025582672839990606	-0.03740475640729635	112117471.0
2023-01-04	0.010314224034540631	-0.026020878108689027	-0.01714514896867847	0.007328662317790169	0.010314224034540631	89100633.0
2023-01-05	-0.010604621715732843	0.0018914020017337663	-0.006884265524185862	-0.002558362647905321	-0.010604621715732843	80716808.0
2023-01-06	0.03679411294192936	-0.008809879650751085	0.019722939657196514	0.0010420006412310556	0.03679411294192936	87754715.0
2023-01-09	0.004088875173584361	0.035354336957384325	0.02394658070458222	0.04003523100328277	0.004088875173584361	70790813.0
2023-01-10	0.004456396465616574	-0.0015713026482199188	-0.016088748969342648	-0.013626915081992319	0.004456396465616574	63896155.0
2023-01-11	0.0211122160177466	0.0076001842468909064	0.017113655270768025	0.018264127380580808	0.0211122160177466	69458949.0
2023-01-12	-0.0005992958274029236	0.020038095238095188	0.005617556737323115	0.007511881036332824	-0.0005992958274029236	71379648.0
2023-01-13	0.01011918147065427	-0.01381834478637578	0.004915834947117448	0.0016737674984783624	0.01011918147065427	57809719.0
2023-01-17	0.008756307509646843	0.021207301370900655	0.01756596501630603	0.018760443566762763	0.008756307509646843	63612627.0
2023-01-18	-0.005370016183610327	0.014722242824297238	0.00961468424502887	0.006709908297920064	-0.005370016183610327	69672800.0
2023-01-19	0.0004437541601953754	-0.019990498117896327	-0.017026188586682145	-0.009331259720062102	0.0004437541601953754	58280413.0
2023-01-20	0.019220817624011177	0.008949880668257748	0.012990825688073526	0.0033639829558196332	0.019220817624011177	80200655.0
2023-01-23	0.023500398926525	0.020993494973388538	0.03836400521663519	0.027417672478021293	0.023500398926525	81760313.0
2023-01-24	0.010063071362766518	0.01581957717926441	-0.0010815336845410028	0.017403915881073262	0.010063071362766518	66435142.0
2023-01-25	-0.00470076475128034	0.004169487901357627	-0.005099189717798214	-0.01062009978617251	-0.00470076475128034	65799349.0
2023-01-26	0.014803327224023555	0.01618283767478168	0.012778206838446993	0.022260644045817957	0.014803327224023555	54105068.0
2023-01-27	0.01368435676576829	-0.00010477055248991896	0.02065857885615241	0.008315715292459558	0.01368435676576829	70547743.0
2023-01-30	-0.020078119646405823	0.012573783661066651	-0.0114107179243359	-0.0016074923119934192	-0.020078119646405823	64015274.0
2023-01-31	0.00902097902097898	-0.015556552033389792	-0.008313294400549731	-0.003990199509975478	0.00902097902097898	65874459.0
2023-02-01	0.00790075542310631	0.008899789768745725	0.015726756269918374	-0.006747258926061317	0.00790075542310631	77663426.0
2023-02-02	0.03706250429760005	0.034243245120511245	0.031171134301889225	0.04847155392018121	0.03706250429760005	118338980.0
2023-02-03	0.024399946956637164	-0.005842847548690466	0.04101071570313519	-0.0022946615374230817	0.024399946956637164	154338835.0
2023-02-06	-0.017928802588996873	0.03070323583057477	-0.027195323421019157	0.019955354122979108	-0.017928802588996873	69771906.0
2023-02-07	0.019244710999802406	-0.012682287399639502	0.013912475506205002	-0.0009285051067782213	0.019244710999802406	83322551.0
2023-02-08	-0.017652764306498647	0.021508231545406264	-0.004187334922373109	0.0035050451407330208	-0.017652764306498647	63620079.0
2023-02-09	-0.006911532385465935	-0.0006823498830256236	-0.0016172855479363868	-0.004948137171888356	-0.006911532385465935	55994243.0
2023-02-10	0.0009279512162787551	-0.028060477971061593	-0.019373420592237456	-0.007977662544874309	0.0009279512162787551	57388108.0
2023-02-13	0.018806701542944282	0.009982604041214982	0.019293630703296705	0.011392574721887039	0.018806701542944282	62199013.0
2023-02-14	-0.00422489437764062	0.007737558959139301	-0.0031764553351483205	-0.0003975616220512901	-0.00422489437764062	61664023.0
2023-02-15	0.013903394255874835	0.0065080199842231234	0.011250569031670654	0.013389897918600013	0.013903394255874835	65665252.0
2023-02-16	-0.010429408356402492	0.0026125008164064045	0.0053376205787782904	0.0030579539508110987	-0.010429408356402492	68167942.0
2023-02-17	-0.0075466788107474425	-0.007556510976483577	-0.021301093839954044	-0.016286538743703005	-0.0075466788107474425	59105618.0
2023-02-21	-0.02667977712225511	-0.014112241549064652	-0.011111111111111072	-0.016208153795160718	-0.02667977712225511	58217230.0
2023-02-22	0.002896012931034475	-0.008854860186418012	-0.008922670191672366	-0.008389205215457718	0.002896012931034475	51008155.0
2023-02-23	0.003290578201598393	0.008195069523745602	0.0026008669556520925	0.0005436259853222047	0.003290578201598393	48392049.0
2023-02-24	-0.01800535475234266	-0.019854753814377957	-0.02095250764932821	-0.01032192339038307	-0.01800535475234266	55469606.0
2023-02-27	0.008247563219957676	0.0040785806539322955	0.013452000815272758	0.011870694660040204	0.008247563219957676	44998470.0
2023-02-28	-0.0034478096268252267	-0.004468214745108612	-0.0006033384728830749	-0.0042048151915902165	-0.0034478096268252267	50546998.0
2023-03-01	-0.014245980598331154	-0.001496089765385955	-0.0124195063053395	-0.01239528706667592	-0.014245980598331154	55478991.0
2023-03-02	0.004129103296400816	-0.016685963358986644	-0.00352173662028743	-0.007654644507275266	0.004129103296400816	52279761.0
2023-03-03	0.0350901240490713	0.025384402271782847	0.0299911389816645	0.02383599722029195	0.0350901240490713	70725339.0
2023-03-06	0.01853936304045556	0.038771995001519954	0.0343458407782411	0.04160727618271909	0.01853936304045556	87558028.0
2023-03-07	-0.014496522134824219	-0.0005527197060831712	-0.014523992322456936	-0.015183109605108935	-0.014496522134824219	56136378.0
2023-03-08	0.008377308707124165	-0.005790500975927038	-0.0036350085275650423	0.004631773969430375	0.008377308707124165	47204791.0
2023-03-09	-0.014914633348596884	0.004901511681172588	0.006939466996807253	-0.01057103339261023	-0.014914633348596884	53833122.0
2023-03-10	-0.01387874360847341	-0.021809206884650156	-0.023263338402303657	-0.017409885172241624	-0.01387874360847341	68559600.0
2023-03-13	0.013265993265993314	-0.016010918048066092	0.014575327944878591	0.0006124262920568224	0.013265993265993314	84457122.0
2023-03-14	0.014089187213398136	0.023510706674334303	0.0016977928692700761	0.016249153689912088	0.014089187213398136	72045893.0
2023-03-15	0.0026214037617144914	-0.0005949233209942006	-0.001010430247718408	-0.001199200532978062	0.0026214037617144914	77167866.0
2023-03-16	0.01869403228969202	0.006415768238640096	0.02097947730757932	0.011472785485592274	0.01869403228969202	76206919.0
2023-03-17	-0.005453962143086244	0.025762355415352323	0.001789594784609383	0.017409654444737743	-0.005453962143086244	98944633.0
2023-03-20	0.015483870967742064	-0.006471040492055491	0.006890391731529721	-0.0008426238008815146	0.015483870967742064	72711415.0
2023-03-21	0.011944091486658204	0.014509576320371531	0.010011405398555384	0.015504378851767697	0.011944091486658204	73938285.0
2023-03-22	-0.009103465595178273	0.012585812356979531	0.017189460476787932	0.008112942378944776	-0.009103465595178273	75349311.0
2023-03-23	0.006969524171577035	-0.0029504080351537842	-0.0036382138892315785	-0.0008237754261453123	0.006969524171577035	67482060.0
2023-03-24	0.008305543320958897	0.00018888119372917345	-0.007490555561401546	0.0010781329274478502	0.008305543320958897	59006343.0
2023-03-27	-0.012293291731669265	0.006798438876998603	0.002681801172508491	0.00012670256572699934	-0.012293291731669265	52390266.0
2023-03-28	-0.003980288097043205	-0.01231711891959486	-0.014181750326553444	-0.011971875593843162	-0.003980288097043205	45992152.0
2023-03-29	0.019790675547098013	0.00886244223586763	0.01615243863966187	0.021605334017181788	0.019790675547098013	51305691.0
2023-03-30	0.009889904832991236	0.013553366380121723	0.008817137534926855	0.01205522434891737	0.009889904832991236	49210289.0
2023-03-31	0.015644247351564333	0.005633628428155735	0.015572105619499066	0.003962274680506805	0.015644247351564333	68749792.0
2023-04-03	0.00770163735597329	0.011265698103915422	0.007818181818181724	0.014267185473411104	0.00770163735597329	56976187.0
2023-04-04	-0.00324968405849424	0.014153527728739235	0.003307474893258888	0.005419559127999074	-0.00324968405849424	46278295.0
2023-04-05	-0.011290225200748738	-0.011134787958822279	-0.010728842004315453	-0.020047241233117297	-0.011290225200748738	51511744.0
2023-04-06	0.005495847581827196	-0.014022095423090963	-0.000554983338382331	0.0012360939431395046	0.005495847581827196	45390123.0
2023-04-10	-0.015972306571116257	-0.006218063165671528	-0.017752354533021708	-0.01185185185185178	-0.015972306571116257	47670382.0
2023-04-11	-0.007591186817256013	0.005761367860240396	0.0020366598778005507	0.0026861569215390624	-0.007591186817256013	47494217.0
2023-04-12	-0.0043532338308458485	-0.006960271019402553	-0.0018477457501848704	-0.004548003239673526	-0.0043532338308458485	50133062.0
2023-04-13	0.034103685196752	0.0025431087954348452	0.023077872392941012	0.01026411315558895	0.034103685196752	68418649.0
2023-04-14	-0.0021140372070548308	0.01831343191239254	0.003136308805790078	0.014868046090942943	-0.0021140372070548308	49314480.0
2023-04-17	0.00012105804733364423	0.003037851631326305	-0.005591630591630592	0.0012818947625443666	0.00012105804733364423	41516217.0
2023-04-18	0.007504690431519689	0.0061178750984312025	0.012213555837716994	0.009876242150826053	0.007504690431519689	49915508.0
2023-04-19	0.006968222502552912	-0.0018061408789884492	0.004480019114748268	-0.0006640507093269576	0.006968222502552912	47621166.0
2023-04-20	-0.005846208912485773	0.0017490952955367955	-0.0017245480494766374	0.00012081672103425589	-0.005846208912485773	52456377.0
2023-04-21	-0.009780978097809756	-0.006261665362153002	-0.008446416870197204	-0.006462913747281918	-0.009780978097809756	57736141.0
2023-04-24	0.0018785601745243685	-0.00030293850348384055	-0.005119190445779909	-0.003647638154295252	0.0018785601745243685	41449581.0
2023-04-25	-0.009435674106332836	0.0011515151515151256	0.004257246376811574	-0.0009762645676978376	-0.009435674106332836	48652863.0
2023-04-26	-6.106124442828431e-05	-0.012924511168956876	-0.0061633745227143155	-0.005680083063580144	-6.106124442828431e-05	45487296.0
2023-04-27	0.028395212506106438	0.013093741375609369	0.019845111326234344	0.014680589680589495	0.028395212506106438	64898729.0
2023-04-28	0.007541119885992487	0.01997699618620996	0.007653061224489832	0.016284884072885752	0.007541119885992487	55275851.0
2023-05-01	-0.0005304101838755626	0.004688705561160855	0.0035325287017957674	0.004526444766234983	-0.0005304101838755626	52424936.0
2023-05-02	-0.0061914027949762085	0.004784971644612446	-0.0005866823115282527	-0.006522770398481925	-0.0061914027949762085	48425696.0
2023-05-03	-0.006467307464103511	-0.0034687518372626958	0.003346052245377207	-0.0022681150769965353	-0.006467307464103511	65126998.0
2023-05-04	-0.009913406987160367	-0.027197640117994193	-0.022700678680084185	-0.01704953338119164	-0.009913406987160367	81225673.0
2023-05-05	0.04692683515290419	0.03690339013888044	0.043462643678161106	0.03925506664232237	0.04692683515290419	113402971.0
2023-05-08	-0.0004032955003744343	0.008802456499488187	-0.002581755593803914	0.007905832747716168	-0.0004032955003744343	55962634.0
2023-05-09	-0.009971181556195918	0.0033047309833025285	-0.0017831463905666478	-0.00296322119574699	-0.009971181556195918	45326874.0
2023-05-10	0.010391802992373522	-0.00017336030049119877	0.002823556528754212	0.0017482517482518833	0.010391802992373522	53724501.0
2023-05-11	0.0011235631356054654	0.004797133279389465	0.0032178360052863564	0.0015706806282720365	0.0011235631356054654	49473076.0
2023-05-12	-0.0067913669064748605	-0.0013229795800977495	-0.0030356836015809074	-0.006795608991113311	-0.0067913669064748605	45533138.0
2023-05-15	-0.0028973749782696956	-0.002649464347425412	-0.004883373549350756	0.0027485380116958336	-0.0028973749782696956	37264259.0
2023-05-16	0.0	-0.006756756756756688	-0.00041394838635200326	0.001919286172508361	0.0	42110293.0
2023-05-17	0.003603184750392341	-0.0016280016280015852	-0.001231963118501045	-0.008026817369823358	0.003603184750392341	57934404.0
2023-05-18	0.013666106896751407	0.007512666705491666	0.01338730663582477	0.012673974490098328	0.013666106896751407	65496657.0
2023-05-19	0.0006283918880318762	0.01959537572254333	0.006562428669253384	0.013674817475953116	0.0006283918880318762	55525641.0
2023-05-22	-0.005480703356930849	-0.013662906060434299	-0.009524349452916692	-0.008517205899165492	-0.005480703356930849	43570932.0
2023-05-23	-0.015154994259471755	-0.004885619036670841	-0.007616049453379903	-0.01253963678293446	-0.015154994259471755	50745163.0
2023-05-24	0.0016320820704127659	-0.011783053197019555	-0.005543334444576553	-0.004408115603561469	0.0016320820704127659	43711588.0
2023-05-25	0.006692271880819334	0.007715237594248636	0.008564636120411917	0.006861365235749428	0.006692271880819334	55889523.0
2023-05-26	0.014104861552690862	0.0052781161185546654	0.010782368670749554	0.00827072048459443	0.014104861552690862	54834975.0
2023-05-30	0.010659522316593506	0.021001615508885463	0.01831939466348076	0.019987291317659084	0.010659522316593506	55963954.0
2023-05-31	-0.0002820078962211259	0.0020626130198913017	0.0020112855466785096	0.0010760604859263445	-0.0002820078962211259	99625288.0
2023-06-01	0.01602256699576876	0.002114761032003365	0.004293281293560103	0.0009651504865355598	0.01602256699576876	68901712.0
2023-06-02	0.004775390082736308	0.018739448508722667	0.009216078170108721	0.013165614088235689	0.004775390082736308	61996852.0
2023-06-05	-0.0075711522520032215	0.008838314091587085	0.01744416327428766	-0.006833649447729573	-0.0075711522520032215	121722517.0
2023-06-06	-0.0020603630693841746	-0.014592345178776722	-0.026120431898178365	-0.0033982082174852657	-0.0020603630693841746	64845314.0
2023-06-07	-0.007756263601361613	-0.008473869919151	0.00605152120808361	-0.000619962802231977	-0.007756263601361613	61944615.0
2023-06-08	0.01546507704420197	-0.0030542479264737965	-0.0020418299210860358	0.0007895330475975459	0.01546507704420197	50210681.0
2023-06-09	0.002159827213823018	0.020264762921948343	0.007686352576863342	0.017863180435027548	0.002159827213823018	48869360.0
2023-06-12	0.015638815207780654	-0.0012672176308539118	0.009109367283103742	0.001882300835962969	0.015638815207780654	54754995.0
2023-06-13	-0.0026116763697697776	0.008440447950571084	0.001413888737832547	0.008122893297231482	-0.0026116763697697776	54867129.0
2023-06-14	0.003491353444983858	0.00311816192560177	0.001303285365191309	-0.002302126726595022	0.003491353444983858	57462782.0
2023-06-15	0.011198695297635286	0.003217538310519741	0.011551602581485021	0.00966926711350391	0.011198695297635286	65433166.0
2023-06-16	-0.005859900005376062	0.015057621222004602	0.0025198370147974103	0.0026662313635870127	-0.005859900005376062	101151225.0
2023-06-20	0.0004866969500325613	-0.012424356022063932	-0.004759612813519554	0.0007597547077657918	0.0004866969500325613	49799092.0
2023-06-21	-0.00567536889897835	0.002657122715687965	-0.0037076840408382106	-0.00986877067404146	-0.00567536889897835	49515697.0
2023-06-22	0.016525331593824744	-0.006273661438615408	0.008818294590367204	0.005914340372232596	0.016525331593824744	51245327.0
2023-06-23	-0.0017112299465240621	0.00985087623816261	0.002753348124782784	0.007295693363096767	-0.0017112299465240621	53112346.0
2023-06-26	-0.007553031926290976	0.006898410132039956	0.0026124973341863367	0.001189124912166939	-0.007553031926290976	48088661.0
2023-06-27	0.015059102930857549	-0.005031311887812584	0.0018080297793139355	0.0023754251471144183	0.015059102930857549	50731499.0
2023-06-28	0.006327767733701917	0.010974232072731294	0.008015287435638951	0.010394786449076321	0.006327767733701917	51216801.0
2023-06-29	0.001796565389696081	0.0061192997392647275	0.0008952080042126109	0.0071428571428571175	0.001796565389696081	46347308.0
2023-06-30	0.02310248430824413	0.013486354982018112	0.023201978218551078	0.012279030380014877	0.02310248430824413	85068452.0
2023-07-03	-0.007784708975614785	0.011219537650680955	-0.0030851501439735918	0.002614242392554589	-0.007784708975614785	31458198.0
2023-07-05	-0.005871349890886446	-0.01143048818247494	-0.0046420466267794724	-0.005944931163954892	-0.005871349890886446	46896861.0
2023-07-06	0.0025087545079180984	-0.009004776446636886	-0.004974608767747801	-0.007449375721330531	0.0025087545079180984	45155523.0
2023-07-07	-0.005891246546061213	0.008270122208175357	0.0033850640558275025	0.005496828752642902	-0.005891246546061213	46757498.0
2023-07-10	-0.010855884203901822	-0.01123243299723109	-0.013909793948201465	-0.016847140454163245	-0.010855884203901822	59912163.0
2023-07-11	-0.002810031281480274	-0.000528373665856452	-0.003631770093162734	-0.0023257679044029755	-0.002810031281480274	46638119.0
2023-07-12	0.008985538068906784	0.0027489955593149595	0.012678288431061668	0.010021436227223957	0.008985538068906784	60750218.0
2023-07-13	0.004057543341940084	0.004323070434415932	-0.0026604068857589702	0.006950708335544231	0.004057543341940084	41337338.0
2023-07-14	0.000787236275847647	-0.0014173228346456845	-5.282703070241812e-05	-0.0007903888713247653	0.000787236275847647	41616242.0
2023-07-17	0.017305574492632037	0.008778846659307282	0.016424843825109114	0.0114960712967358	0.017305574492632037	50520159.0
2023-07-18	-0.0013402752719213762	0.007556018759770744	5.1461506793026857e-05	0.003154162973776131	-0.0013402752719213762	48153774.0
2023-07-19	0.007071697723636028	-0.0012929919834496761	0.020068954870580802	0.0012213185042746488	0.007071697723636028	80492323.0
2023-07-20	-0.010097385955920024	0.010305541170378074	-0.008878575392221144	-0.0008045678691928071	-0.010097385955920024	59581196.0
2023-07-21	-0.00616165277274372	-0.005074580962632691	-0.0076347533974652215	-0.006571599262318539	-0.00616165277274372	71451683.0
2023-07-24	0.004220068771491059	-0.0035548686244203376	-0.00030773965225416866	0.00533389112586935	0.004220068771491059	45507451.0
2023-07-25	0.004513618677042919	-0.00041362907812414473	-0.0024113693499563382	0.003459037711313284	0.004513618677042919	37283201.0
2023-07-26	0.004544985022208348	0.0017586510112241882	0.006171569635877283	0.0020993701889433503	0.004544985022208348	47471868.0
2023-07-27	-0.006580976863753252	0.012134042443331605	0.007973829482723405	-0.003983033312642159	-0.006580976863753252	47439680.0
2023-07-28	0.013507918434944699	-0.006887052341597921	-0.0029107505070993245	0.008257595429758346	0.013507918434944699	47691443.0
2023-07-31	0.0031660113363629616	0.00714028869368688	-0.0006916684466957701	0.005769032656845585	0.0031660113363629616	38824113.0
2023-08-01	-0.0043013489437515595	0.0008925839028868232	0.0012214362054048244	0.00010242753252076575	-0.0043013489437515595	35281426.0
2023-08-02	-0.015464839855831802	-0.006089637424516625	-0.007878818685507993	-0.01756093814010662	-0.015464839855831802	50388811.0
2023-08-03	-0.007321632568283443	-0.017791222313371602	-0.014396966902346597	-0.006050017018441878	-0.007321632568283443	62243282.0
2023-08-04	-0.048020086833708064	-0.03158114527326816	-0.02593959557103498	-0.04599087524254031	-0.048020086833708064	115956841.0
2023-08-07	-0.01725369525798126	-0.01827296248382937	-0.02268118262354568	-0.025120932277924335	-0.01725369525798126	97105069.0
2023-08-08	0.005311713726586564	-0.01339702410366217	-0.015617321028777331	0.0012968705948690484	0.005311713726586564	67769003.0
2023-08-09	-0.008954393770856606	0.00656686515665883	0.0036611749043102826	-0.003209820925780038	-0.008954393770856606	60303492.0
2023-08-10	-0.0012346371850272542	-0.007685077680101848	-0.0009948598905654693	0.003333145020055328	-0.0012346371850272542	54686851.0
2023-08-11	-0.0010114064168118553	-0.012034767104969868	-0.011784232365145253	-0.00591216216216206	-0.0010114064168118553	51036672.0
2023-08-14	0.00939310422408468	0.003665689149560114	0.0059903706191914985	0.004276408949306143	0.00939310422408468	43675627.0
2023-08-15	-0.011200267469073988	0.0051132213294375894	-0.001168679392286709	-0.0014381997123600332	-0.011200267469073988	43574863.0
2023-08-16	-0.004959143420681822	-0.00978309481216455	-0.005237352351236901	-0.003106467099689425	-0.004959143420681822	45712957.0
2023-08-17	-0.014555133941213105	5.6455710495173506e-05	-0.005794779881258982	-0.01711048158640227	-0.014555133941213105	66054482.0
2023-08-18	0.0028160919540229923	-0.027323021339053732	-0.013551137035831107	-0.00876181692414102	0.0028160919540229923	60171878.0
2023-08-21	0.007736833056335657	0.016076610562971494	0.00588235294117645	0.010322167946033911	0.007736833056335657	46161959.0
2023-08-22	0.00790491355777978	0.011366881818701158	0.008800317946971115	0.014476069876536046	0.00790491355777978	42057245.0
2023-08-23	0.021948879986458447	0.008245792386761597	0.021780729401170706	0.011773049645390055	0.021948879986458447	52722752.0
2023-08-24	-0.026170494699646718	0.012065874971991963	-0.0024566235196915587	-0.012981915042759029	-0.026170494699646718	54912798.0
2023-08-25	0.012643156820501211	-0.018231732291309255	-0.010789380687339922	-0.0010794841202204086	0.012643156820501211	51439994.0
2023-08-28	0.008846089244723077	0.015277934378171265	0.008037957019257691	0.01549880559663297	0.008846089244723077	43803238.0
2023-08-29	0.02181031133803213	-0.0021933477705592397	0.023866216291046127	0.005348791621160087	0.02181031133803213	52953948.0
2023-08-30	0.01917227894851181	0.029188346921172004	0.015954570037858273	0.029192200557103032	0.01917227894851181	60803988.0
2023-08-31	0.0011723954169997608	0.015680761327998338	0.006760713335107749	0.014831655299339497	0.0011723954169997608	60794467.0
2023-09-01	0.00846329908979615	0.008757453151618355	0.004230118443316222	0.004267121826328157	0.00846329908979615	45393903.0
2023-09-05	0.0012667581547554096	-0.006359342428160608	0.0003159224936815086	-0.0035585298491607187	0.0012667581547554096	45280027.0
2023-09-06	-0.035793357933579295	0.0006373486297004405	-0.005947994525739575	-0.032727466552955664	-0.035793357933579295	81753366.0
2023-09-07	-0.02924935760756653	-0.0701698513800425	-0.056341011384696826	-0.04369868297790269	-0.02924935760756653	112416703.0
2023-09-08	0.00349177742734863	0.018095673022034298	0.011385444138937162	0.024490031116745525	0.00349177742734863	65402066.0
2023-09-11	0.0066225165562914245	0.009643958508550599	0.000338439516419875	-0.002531075988525755	0.0066225165562914245	58953052.0
2023-09-12	-0.017060660124888494	-0.0032209696229242857	-0.0009428729894620513	-0.014209992105559954	-0.017060660124888494	90316192.0
2023-09-13	-0.011854792966534355	-0.016602596244916223	-0.015710875478820774	-0.00480494222628991	-0.011854792966534355	84267928.0
2023-09-14	0.008782503874634084	-0.014220157498158748	-0.006768189509306355	-0.002299114840786154	0.008782503874634084	60345757.0
2023-09-15	-0.004153863662228363	0.01425287356321836	0.0022430437251561575	0.0013826477704803608	-0.004153863662228363	109259461.0
2023-09-18	0.016913319238900604	0.0	0.016346072126689037	0.013519733057185457	0.016913319238900604	67257573.0
2023-09-19	0.006180816991627758	0.005893019038984759	0.0013936893745121193	0.005449281943577189	0.006180816991627758	51826941.0
2023-09-20	-0.019992181828335176	0.009801712483100466	0.00036185492401052954	-0.009766837915655135	-0.019992181828335176	58436181.0
2023-09-21	-0.008889395407145728	-0.02627468481535189	-0.018893124460891975	-0.008779931584948608	-0.008889395407145728	62449116.0
2023-09-22	0.004944517909503787	0.0006874820968203466	0.0044186046511627275	0.0010928333141608793	0.004944517909503787	56688985.0
2023-09-25	0.007380284913324653	-0.0026907883437339297	-0.0006155444745001848	0.0005745475438092562	0.007380284913324653	46172740.0
2023-09-26	-0.023398455247614747	0.003559127439724419	-0.010001695202576766	-0.014298018949181812	-0.023398455247614747	64548945.0
2023-09-27	-0.008897418004186974	-0.012584372497425833	-0.012328767123287676	-0.015204473960153675	-0.008897418004186974	66920708.0
2023-09-28	0.0015255530129671957	-0.01900127447572708	-0.005836800739713266	-0.008459035788228375	0.0015255530129671957	56294419.0
2023-09-29	0.0030464584920031346	0.015826148576827626	0.0060454571876997765	0.016233146402577336	0.0030464584920031346	51861083.0
2023-10-02	0.014835582033759565	-0.0046506220206953275	0.007106950944704593	0.0034577700025242297	0.014835582033759565	52156935.0
2023-10-03	-0.007769784172661831	0.006044854573063807	-0.0038439472174413014	-0.0006435382905283227	-0.007769784172661831	49594613.0
2023-10-04	0.007308584686774866	-0.0067632289338480645	0.0033404365605023134	0.0008781173164735812	0.007308584686774866	53006286.0
2023-10-05	0.007197973050788953	0.015781167806417695	0.007117846277481021	0.010001754693806042	0.007197973050788953	48527918.0
2023-10-06	0.014750443085015164	5.7540710052483846e-05	0.014477058991165581	0.0028955293027566054	0.014750443085015164	57266675.0
2023-10-09	0.008451180348188592	0.017318757192174905	0.005955390752289569	0.015128767756091843	0.008451180348188592	42344772.0
2023-10-10	-0.003352142577797812	0.007295967422657146	0.00374197151633604	0.012229806598407222	-0.003352142577797812	43698019.0
2023-10-11	0.007904030494983116	0.0005614823133071045	0.0007233474293344422	-0.001966844619275099	0.007904030494983116	47544848.0
2023-10-12	0.0050611790878754	0.010493827160493963	0.013844870725604697	0.008108108108108025	0.0050611790878754	56743119.0
2023-10-13	-0.010292734215040733	0.007497084467151582	-0.002248546671054008	-0.0050268096514746174	-0.010292734215040733	51412082.0
2023-10-16	-0.0007268660889012679	-0.025741373608201945	-0.01569284889792788	-0.009150106657684898	-0.0007268660889012679	52516984.0
2023-10-17	-0.008784691136973999	-0.0005940594059404836	-0.0036576853273767584	-0.009687836383207582	-0.008784691136973999	57549350.0
2023-10-18	-0.007394863110358418	-0.006029041297517579	-0.004736016141688171	0.00177345537757434	-0.007394863110358418	54764375.0
2023-10-19	-0.002161055505004561	0.002619888369973733	0.0014923271856963627	0.00045685569070852416	-0.002161055505004561	59192863.0
2023-10-20	-0.014704206086857519	-0.004146784821631444	-0.013607737291947863	-0.014555625321080012	-0.014704206086857519	64211828.0
2023-10-23	0.0006941230911614582	-0.025098397125092764	-0.008037852012313329	-0.01569740500463379	0.0006941230911614582	55980109.0
2023-10-24	0.0025433526011560126	0.012521209993563875	-0.001953910694787675	0.00894485964809033	0.0025433526011560126	43816644.0
2023-10-25	-0.013491697416974202	-0.006761051719156419	-0.0035124085910058778	-0.004666083406240751	-0.013491697416974202	57156962.0
2023-10-26	-0.02460549386323796	-0.008785198976029696	-0.009722061712700847	-0.029182537357163918	-0.02460549386323796	70625258.0
2023-10-27	0.007969321109713157	-0.0203087398016083	-0.014106285830987053	0.007001871189714626	0.007969321109713157	58257129.0
2023-10-30	0.0123053144691474	0.012641543346713968	0.013080018939393812	0.012228016543787135	0.0123053144691474	51239218.0
2023-10-31	0.0028187210053438605	0.001952431664891563	-0.0015773792136470899	-0.005744063480784045	0.0028187210053438605	44846017.0
2023-11-01	0.018738654330385796	0.009743135518157642	0.019485078993563443	0.013222156045264999	0.018738654330385796	56934906.0
2023-11-02	0.0206932229694774	0.026432748538011808	0.02037536589565514	0.03138960733599805	0.0206932229694774	77292052.0
2023-11-03	-0.005181055358450148	-0.007292616226071136	-0.005399932500843807	-0.012025532884988088	-0.005181055358450148	79829246.0
2023-11-06	0.014605151429380125	0.012281910009182662	0.014760773668137217	0.016498413614075558	0.014605151429380125	63841310.0
2023-11-07	0.01445070579702068	0.01587481573874605	0.01677534414534909	0.01566312922081603	0.01445070579702068	70529966.0
2023-11-08	0.005884941150588352	0.017691706663690132	0.005536066652049865	0.014639325026540861	0.005884941150588352	49340282.0
2023-11-09	-0.002624528405052118	0.003345215245407207	0.0036522213137095694	0.001211520458175075	-0.002624528405052118	53631840.0
2023-11-10	0.021873800778466235	0.005520332313073917	0.013279383011079782	0.009460425719157284	0.021873800778466235	66177922.0
2023-11-13	-0.008583690987124415	0.010055987389248289	-0.0028676332645458658	0.0037051163297554535	-0.008583690987124415	43627519.0
2023-11-14	0.014285714285714235	0.010117317834463346	0.011180992313067906	0.011345746702133397	0.014285714285714235	60108378.0
2023-11-15	0.0030409731113956173	0.0007725093233883484	0.007389293498484939	0.007944176060117991	0.0030409731113956173	53608999.0
2023-11-16	0.009042072230200704	0.009183103090313782	0.007704485488126744	0.00463308126531059	0.009042072230200704	54412915.0
2023-11-17	-0.00010542406831481888	0.0035870654639447164	-0.0030372852953498564	-0.0004240657301882722	-0.00010542406831481888	50737404.0
2023-11-20	0.009278296167430922	-0.0018922470433641037	0.008010295199075479	0.0069470223259266994	0.009278296167430922	46538614.0
2023-11-21	-0.004230869678767291	0.00800463426194109	-0.002006200984862261	-0.0007373077733304756	-0.004230869678767291	38134485.0
2023-11-22	0.0035144775493076708	0.00041795099524577495	0.00736215538847107	0.005718351428270152	0.0035144775493076708	39630011.0
2023-11-24	-0.0070043385081804965	-0.0032377669852211577	-0.010521950966671856	-0.008253635529935743	-0.0070043385081804965	24018404.0
2023-11-27	-0.0009475180291624863	-0.0049772096191125215	-0.001204819277108582	-0.001849405548216665	-0.0009475180291624863	40456609.0
2023-11-28	0.0032140787185837016	-0.0007371524852568534	0.002150312057481729	0.0026469031233455897	0.0032140787185837016	38415419.0
2023-11-29	-0.005409663865546199	0.005901570239224441	0.005285744190914654	-0.0022703273495248144	-0.005409663865546199	43014224.0
2023-11-30	0.003062787136294043	-0.0055526453640649676	-0.009214430735592694	-0.004127639307826669	0.003062787136294043	48744366.0
2023-12-01	0.006791260858120651	0.002581120943952797	0.00651534258091635	0.005526329773101635	0.006791260858120651	45676673.0
2023-12-04	-0.009464547165864867	-0.0018389113644723398	-0.00788264773439129	-0.009400729271257124	-0.009464547165864867	43389519.0
2023-12-05	0.02106318956870612	0.001210653753026758	0.022888713496448165	0.014557930041488198	0.02106318956870612	66628398.0
2023-12-06	-0.005687105780167512	0.02229115188475883	0.0018518518518517713	0.010148280576296242	-0.005687105780167512	41055862.0
2023-12-07	0.010139351081530856	-0.004217022370789358	0.0012322858903266454	0.007703919629378886	0.010139351081530856	47413955.0
2023-12-08	0.007412364235342528	0.0029437587150751288	0.005076923076923201	0.00041324448576873785	0.007412364235342528	53383658.0
2023-12-11	-0.012927290378621392	-0.005612770339855744	-0.012755752844532897	-0.011617700211700277	-0.012927290378621392	60943699.0
2023-12-12	0.007920074541878153	-0.00015535187199011702	0.006356917670163886	0.0015724584682896836	0.007920074541878153	52696900.0
2023-12-13	0.016691489908068347	0.010410192666252316	0.016844700082169206	0.016320590858591277	0.016691489908068347	70404183.0
2023-12-14	0.0007577288341078514	0.015018709313650236	0.00818181818181829	0.006723120348986367	0.0007577288341078514	66831572.0
2023-12-15	-0.0027257584170411464	-0.0024744975255025503	-0.006112113014728027	0.004282218597063681	-0.0027257584170411464	127387901.0
2023-12-18	-0.008503315280660062	-0.007290031893889548	-0.008920871431890909	-0.013248730964467104	-0.008503315280660062	55751861.0
2023-12-19	0.005360151105212152	0.00035697893824271354	0.001627422061740269	0.007716446319255166	0.005360151105212152	40714051.0
2023-12-20	-0.010713923022240168	0.0037724306688418086	0.0037065244986038692	-0.005411200163356833	-0.010713923022240168	52242815.0
2023-12-21	-0.0007699019658163886	-0.004062976130015272	-0.003035208417644597	-0.006826464096905016	-0.0007699019658163886	46482549.0
2023-12-22	-0.005547565235257901	-0.004691483936766883	-0.008473716257357489	-0.0027390180878552606	-0.005547565235257901	37149570.0
2023-12-26	-0.0028409090909089496	-0.008043856952556605	-0.007778516964331406	-0.0007255013732704318	-0.0028409090909089496	28919310.0
2023-12-27	0.0005180005180005498	-0.005784825163989482	-0.002011449791118558	-0.009023492195197935	0.0005180005180005498	48087681.0
2023-12-28	0.0022262490292519477	0.008571873863577162	0.005994832041343656	0.010884923334554264	0.0022262490292519477	34049898.0
2023-12-29	-0.00542411406137	-0.001236221283609673	-0.0013356621802116386	-0.0074804576279959845	-0.00542411406137	42672148.0
2024-01-02	-0.0357866306549629	-0.03481175863847341	-0.03065843621399178	-0.04089190246446739	-0.0357866306549629	81964874.0
2024-01-03	-0.007487610428786873	-0.015655890996526867	-0.013585226066652578	-0.002474372569812533	-0.007487610428786873	58414460.0
2024-01-04	-0.012700135685210334	-0.011236564976658259	-0.015024747148698059	-0.013901760889712733	-0.012700135685210334	71878670.0
2024-01-05	-0.004012973448408452	-0.0008783969256107582	-0.001787126571382358	-0.003925254312251214	-0.004012973448408452	62371161.0
2024-01-08	0.024174853736615542	0.0005220067036650899	0.015539505362223593	0.007381917078314926	0.024174853736615542	59144470.0
2024-01-09	-0.0022634188402673727	0.010077710959167208	-0.0024245689655171265	0.006776859504132204	-0.0022634188402673727	42841809.0
2024-01-10	0.005671383817651643	0.0023379730317529823	0.006751282743721276	0.006512340611831702	0.005671383817651643	46192908.0
2024-01-11	-0.0032225146355873147	0.011879576891781873	0.0034871244635192866	-0.001631143975641458	-0.0032225146355873147	49128408.0
2024-01-12	0.0017781130448837335	-0.002573174654229571	-0.001657310879443985	0.00855026685546223	0.0017781130448837335	40477782.0
2024-01-16	-0.012317125645438853	-0.020960980328926238	-0.013280496947627785	-0.02298180247313575	-0.012317125645438853	65076641.0
2024-01-17	-0.005173446604585297	-0.004885814668423305	-0.0072180614349288685	-0.0035040401472359317	-0.005173446604585297	47317433.0
2024-01-18	0.03257061528355587	0.026590169360622307	0.03394741157819925	0.03067110371602877	0.03257061528355587	77722754.0
2024-01-19	0.015533054127127244	0.017410930195066898	0.014856719890028458	0.0160899747080665	0.015533054127127244	68887985.0
2024-01-22	0.012163290874921628	0.015686895896054542	0.017608752279239415	0.018218409066836028	0.012163290874921628	60131852.0
2024-01-23	0.006653257001392632	0.014144565782631346	0.002150207341422128	0.008165505045251376	0.006653257001392632	42355590.0
2024-01-24	-0.003483963520852562	0.00205107168495533	0.003218390804597737	0.002631688918995456	-0.003483963520852562	53631316.0
2024-01-25	-0.0016966580976864876	-0.001023436700440028	-0.0005728689275892318	-0.006316249871359481	-0.0016966580976864876	54822126.0
2024-01-26	-0.009012720811659936	-0.004866304681897304	-0.007680843746417643	-0.006071590394200355	-0.009012720811659936	44587111.0
2024-01-29	-0.003585905830994718	-0.011633293869357186	-0.013144382830149959	-0.012295509013233175	-0.003585905830994718	47145622.0
2024-01-30	-0.019245814426537278	-0.005572626425706995	-0.002081165452653355	-0.011129866019622403	-0.019245814426537278	55836970.0
2024-01-31	-0.019357583492873753	-0.020425264480988803	-0.02453076120959341	-0.0166426628260522	-0.019357583492873753	55467803.0
2024-02-01	0.013340563991323329	-0.016333404619332637	-0.000775007349207657	-0.0028749660970979196	0.013340563991323329	64885408.0
2024-02-02	-0.005405116129722942	-0.02242030600320677	0.0020326290451992968	-0.02486127733652488	-0.005405116129722942	102527680.0
2024-02-05	0.00984665052461664	0.046091404425664395	0.010249292692040779	0.03676429567642958	0.00984665052461664	69654320.0
2024-02-06	0.008631713554987153	-0.006856231730002604	0.0003170409511228378	0.005001614291863854	0.008631713554987153	43490759.0
2024-02-07	0.0005810882197569978	0.020229048485497003	0.009191273572447312	0.009854392714014004	0.0005810882197569978	53438955.0
2024-02-08	-0.005754712000422435	-0.006583088543852256	-0.007929861292855334	-0.006680451725783465	-0.005754712000422435	40962046.0
2024-02-09	0.0028143585386575243	-0.0038809831824061503	0.002400612024164417	0.0034694422204430975	0.0028143585386575243	45155216.0
2024-02-12	-0.009001853322742837	-0.0012456930824278345	-0.006947734091268032	-0.00643617021276599	-0.009001853322742837	41781934.0
2024-02-13	-0.011274378840502308	-0.01403816044370132	-0.013038638893305698	-0.01754483644734728	-0.011274378840502308	56529529.0
2024-02-14	-0.00480977086035439	-0.0024223502180116263	-0.003651790988668746	-0.005845913745526232	-0.00480977086035439	54617917.0
2024-02-15	-0.0015748031496062298	-0.009551046837901866	-0.005605562442731582	-0.005974566980925244	-0.0015748031496062298	65434496.0
2024-02-16	-0.008430327423039286	-0.0007082538817761996	0.0019513252750826826	0.0017369727047147343	-0.008430327423039286	49752465.0
2024-02-20	-0.004113871976304084	-0.008886708101624619	-0.013091695969705053	-0.009165221699281578	-0.004113871976304084	53574453.0
2024-02-21	0.004185944040537404	0.0008251278948236962	0.00251493723620011	0.003666666666666707	0.004185944040537404	41496371.0
2024-02-22	0.011243966652040527	0.008464328899637108	0.011297575357266387	0.00996346728661579	0.011243966652040527	52284192.0
2024-02-23	-0.010034170418180777	0.008338783518639703	0.00045957124706008656	-0.0012605502575907535	-0.010034170418180777	44926677.0
2024-02-26	-0.007451238220469114	-0.014972163666828742	-0.012321660181582317	-0.008670361630905954	-0.007451238220469114	40867421.0
2024-02-27	0.008114374034003058	-0.006255487269534732	0.006360801050558251	-0.006033766952670883	0.008114374034003058	54318851.0
2024-02-28	-0.006625417510814247	0.007785753727222566	-0.004363250825755505	0.003174426375584627	-0.006625417510814247	48943139.0
2024-02-29	-0.0036930878624186203	-0.006794148265848343	-0.0030034949759720764	-0.0033309276633541884	-0.0036930878624186203	136682597.0
2024-03-01	-0.006030428769018048	-0.0094886081535831	-0.011173796352084042	-0.011975714365287216	-0.006030428769018048	73450582.0
2024-03-04	-0.025381275743070253	-0.01893622946254525	-0.02010746136376218	-0.020239034840455528	-0.025381275743070253	81505451.0
2024-03-05	-0.02844089091947455	-0.030598921373829246	-0.027473148671565917	-0.023994476091834915	-0.02844089091947455	94702355.0
2024-03-06	-0.005878203620973466	0.0017568517217148027	-0.004650081376423976	-0.005541799316118423	-0.005878203620973466	68568907.0
2024-03-07	-0.0007095553453169146	-0.011165672863322817	-0.0029782761037141503	-0.0011263931705003394	-0.0007095553453169146	71763761.0
2024-03-08	0.010236686390532546	-0.000886786875554324	0.017395888244596813	0.0026707816487625546	0.010236686390532546	76267041.0
2024-03-11	0.01183154688689747	0.02331360946745553	0.003914795624640144	0.01840890256895955	0.01183154688689747	60139473.0
2024-03-12	0.002778581765557009	0.0012142939747890047	-0.0020071109072140603	-0.0060447544318513735	0.002778581765557009	59813522.0
2024-03-13	-0.01212261155688965	-0.0021946289344498826	-0.004855484686548284	-0.001461902812700977	-0.01212261155688965	52488692.0
2024-03-14	0.010927365160988689	0.0008103258667591096	0.006483240465398277	0.007554462403373208	0.010927365160988689	72913507.0
2024-03-15	-0.0021965317919074856	-0.010063038574981253	-0.009682871334501297	-0.010258645742516781	-0.0021965317919074856	121752699.0
2024-03-18	0.006372378635152387	0.02570543903721445	0.029486733866295856	0.018997562909240484	0.006372378635152387	75604184.0
2024-03-19	0.01358507943817644	-0.007005752691234157	-0.006217995610826699	-0.0028238819732596676	0.01358507943817644	55215244.0
2024-03-20	0.014709223080417777	0.0079155672823219	0.011692760680614978	0.011905449921978839	0.014709223080417777	53423102.0
2024-03-21	-0.04085744668942737	0.007568859549283102	-0.00660435439637308	-0.02427323090981781	-0.04085744668942737	106181270.0
2024-03-22	0.005310147633774909	-0.02987856537701228	-0.02501549383063828	-0.004565675485834753	0.005310147633774909	71146138.0
2024-03-25	-0.008300441142326531	-0.006957382394038203	-0.0064143311181740215	-0.003586969304951282	-0.008300441142326531	54288328.0
2024-03-26	-0.00667251975417027	-0.003312520153607168	-0.0030243108060952206	0.000767187961050686	-0.00667251975417027	57388449.0
2024-03-27	0.02121265688527485	0.0024117647058823355	0.012717302531793262	0.0031253685576129175	0.02121265688527485	60263665.0
2024-03-28	-0.010559113726847924	0.007863388298808838	-0.0078917050691244	0.0023514196696254874	-0.010559113726847924	65671690.0
2024-04-01	-0.008455796594354914	-0.00326055312954876	-0.00569006560994012	-0.006070025218462227	-0.008455796594354914	46240500.0
2024-04-02	-0.0069987649238369976	-0.012325486301769883	-0.01115328467153287	-0.007345036141023775	-0.0069987649238369976	49297581.0
2024-04-03	0.00479744136460547	-0.0017151644192099358	0.007913074288413924	0.002079293729663423	0.00479744136460547	47691715.0
2024-04-04	-0.004892425582080806	0.008886782392321768	0.0072650574173891425	0.0014236564242495753	-0.004892425582080806	53682486.0
2024-04-05	0.004501836275322857	-0.0041106347994597225	-0.008899488134015865	0.0007700509418315793	0.004501836275322857	42104826.0
2024-04-08	-0.006663521641703141	-0.0033020814906539186	-0.006983977932977226	-0.004202426753477262	-0.006663521641703141	37425513.0
2024-04-09	0.007242505194419602	-0.001952316156895284	0.00520094562647766	0.0006538278649548257	0.007242505194419602	42451209.0
2024-04-10	-0.011139270348323183	0.0005927682276232193	-0.005820790216368832	-0.007365607365607207	-0.011139270348323183	49691936.0
2024-04-11	0.04327095005364168	-0.002725118483412392	0.037672245549707384	0.006283286458021564	0.04327095005364168	91053075.0
2024-04-12	0.008626599634369292	0.03516692408221456	0.016527983586002604	0.035977640342530925	0.008626599634369292	101282386.0
2024-04-15	-0.02186349476069105	0.006312406748536725	-0.009699484189280239	-0.009815739624591036	-0.02186349476069105	73498773.0
2024-04-16	-0.01916729399502004	-0.02058622262773735	-0.0162486553813056	-0.02452173913043476	-0.01916729399502004	73665235.0
2024-04-17	-0.008147360963513983	-0.012459970887918392	-0.017898250460405052	-0.0016045640934213568	-0.008147360963513983	50351210.0
2024-04-18	-0.005714285714285783	-0.00931548847355701	-0.011778493993554129	-0.00863095238095235	-0.005714285714285783	43103753.0
2024-04-19	-0.012212643678160884	-0.010831399154912824	-0.013282732447817747	-0.01486040228159724	-0.012212643678160884	68149377.0
2024-04-22	0.005090909090909035	-0.004181457192708127	0.005168269230769074	0.0042358677434102265	0.005090909090909035	48071343.0
2024-04-23	0.006391702846116676	-0.0009968884995317229	-0.001255530312088804	0.0009103598956119452	0.006391702846116676	49537761.0
2024-04-24	0.012702216896345098	0.0071968551557302085	0.01346902125112237	0.007821974290565192	0.012702216896345098	48251835.0
2024-04-25	0.0051473198438052314	0.017923621952684154	0.00773774365032498	0.011678599362252573	0.0051473198438052314	50558329.0
2024-04-26	-0.003472835364058957	0.002094086417932406	0.004278764433503168	0.006118901392854426	-0.003472835364058957	44812854.0
2024-04-29	0.024808033077377445	0.020543913350600462	0.027372475779152472	0.023170587539898202	0.024808033077377445	68149919.0
2024-04-30	-0.0182708933717578	-0.00023072042452554342	-0.005908083849343826	-0.01790872328134019	-0.0182708933717578	65824776.0
2024-05-01	-0.006047085070157943	-0.021635031442912345	-0.013057889022229818	-0.005235294117647005	-0.006047085070157943	49387185.0
2024-05-02	0.022031896042528087	0.017277980893973144	0.0041110564256969795	0.010525693335698527	0.022031896042528087	94211515.0
2024-05-03	0.05981621684101013	0.08193727899831904	0.07833809070726305	0.06887471472877293	0.05981621684101013	163224109.0
2024-05-06	-0.009106772821463549	-0.022990168501701103	-0.0149732620320856	-0.012263221285448433	-0.009106772821463549	78319667.0
2024-05-07	0.0037972593693247347	0.006010287682200355	0.003800217155266017	0.0049883604921849845	0.0037972593693247347	77298571.0
2024-05-08	0.0018640350877192624	-0.003270645952575646	-0.009897241752298558	0.0007169644826825472	0.0018640350877192624	45057087.0
2024-05-09	0.010014227864725722	-0.0015859994531035593	0.008685202381602641	0.0036373656654726805	0.010014227864725722	48948972.0
2024-05-10	-0.008235357858806913	0.012817703768624122	0.0023286039207190967	0.00010982373290868708	-0.008235357858806913	50745096.0
2024-05-13	0.017645452062277966	0.0028934559221200917	0.010859581825058084	0.013671553286114468	0.017645452062277966	71969409.0
2024-05-14	0.006173502254670504	0.011189904818399876	0.006413682522715236	0.009045607193153504	0.006173502254670504	52393619.0
2024-05-15	0.012217894680680796	0.0021332195616234895	0.012480084970791339	0.005797412636212362	0.012217894680680796	70381988.0
2024-05-16	0.0006325110689437974	0.013623543185567577	0.002334120115394578	0.012222340822970468	0.0006325110689437974	52845230.0
2024-05-17	0.00015802781289497858	-0.005040163805323683	-0.0014914047986603896	-0.0025313705940257503	0.00015802781289497858	41282925.0
2024-05-20	0.006162110917996566	-0.0009762017835470704	0.005816781091137813	-0.0008986150755894151	0.006162110917996566	44361275.0
2024-05-21	0.006857202680067065	0.009322593424006431	0.004221031795035302	0.010105814507168853	0.006857202680067065	42309401.0
2024-05-22	-0.007538341564855666	0.006148935056779381	0.0004830592019924307	-0.003405089354132862	-0.007538341564855666	34648547.0
2024-05-23	-0.021058145625982294	-0.006683483733388784	-0.00945478005487932	-0.019156987438902706	-0.021058145625982294	51005924.0
2024-05-24	0.016588184931506822	-0.011310084825636224	-0.002198952879581051	0.007584192900200959	0.016588184931506822	36326975.0
2024-05-28	5.263711969694107e-05	0.014246372206333957	0.012698079546646923	0.005634959295981012	5.263711969694107e-05	52230051.0
2024-05-29	0.001579030475288068	-0.009921152942405032	-0.003901554404144969	0.0021681649920677337	0.001579030475288068	53068016.0
2024-05-30	0.0052551368963160705	0.00606508095564573	-0.0003485099897527766	0.005909978365257862	0.0052551368963160705	49947941.0
2024-05-31	0.005018558210047708	0.0035646886139653056	0.0020293474867312256	-0.0037769501127838945	0.005018558210047708	75158277.0
2024-06-03	0.009258777633289972	0.007626410363560376	0.01256685880459063	0.013743352114159446	0.009258777633289972	50078439.0
2024-06-04	0.0016492295005927637	0.008994297563504228	0.0016923944817681669	0.0026708913359649866	0.0016492295005927637	47471445.0
2024-06-05	0.007820941600205966	0.003930433889074436	0.008089289371288277	0.00951023186564881	0.007820941600205966	54156785.0
2024-06-06	-0.0070965436258744186	0.0014585465711360879	-0.002031488065007636	-0.003592138348642804	-0.0070965436258744186	41162753.0
2024-06-07	0.012392019744960958	-0.00528911260444076	0.0022391857506360857	-0.00015450378534276332	0.012392019744960958	53085712.0
2024-06-10	-0.019147747473208354	0.011559208836372958	0.0018279679090078549	-0.010250334809930872	-0.019147747473208354	97262077.0
2024-06-11	0.07264913007456508	-0.016505840528186932	0.049974657881398876	0.007702315899037249	0.07264913007456508	172116296.0
2024-06-12	0.028578324885348616	0.07084947069455194	0.0629465147711914	0.06853276868253899	0.028578324885348616	198109293.0
2024-06-13	0.005491153142159977	0.03554033852534122	-0.01566757493188009	0.022716288061865653	0.005491153142159977	97750229.0
2024-06-14	-0.008168409260642218	-0.0041445468939182994	-0.007289504036908978	-0.0014177693761814325	-0.008168409260642218	70108898.0
2024-06-17	0.019671513953597675	-0.002244563946691591	0.01756750476367519	0.006720302886890517	0.019671513953597675	93689100.0
2024-06-18	-0.010984446393132341	0.019777850681913955	-0.0014615208951814784	0.001316284317412597	-0.010984446393132341	79943254.0
2024-06-20	-0.02151290307527176	-0.016820625947883583	-0.02007958651603159	-0.01948356807511742	-0.02151290307527176	86095783.0
2024-06-21	-0.010444486837085099	-0.016547468798205123	-0.010969006721433971	-0.008331338281062917	-0.010444486837085099	246421353.0
2024-06-24	0.0031326810930645266	-0.012690717239412508	0.003822738213223875	-0.0025107430833857247	0.0031326810930645266	80721906.0
2024-06-25	0.004468146439896348	0.006884267282880829	-0.006205923836389293	0.009777820804492077	0.004468146439896348	56280868.0
2024-06-26	0.019993303678193852	0.011235955056179803	0.016463241555492614	0.009731077129571775	0.019993303678193852	66213186.0
2024-06-27	0.00398593200468933	0.01508274231678497	0.004093363120171167	0.008118116217242788	0.00398593200468933	49772707.0
2024-06-28	-0.01625408687529184	0.005030509106153103	0.001531940140771626	-0.00965387332234513	-0.01625408687529184	82538718.0
2024-07-01	0.02910454847592825	-0.01705519766417951	0.006664506872772646	0.0077032810271040475	0.02910454847592825	60402929.0
2024-07-02	0.016239907727797043	0.01914281672874729	0.01319479564157966	0.01500566251415636	0.016239907727797043	58046178.0
2024-07-03	0.0058110500749080085	0.01781170483460559	0.0053090117070515586	0.01827057182705727	0.0058110500749080085	37269801.0
2024-07-05	0.02162040171518842	0.007500000000000062	0.02211690363349117	0.011961831712550719	0.02162040171518842	59517108.0
2024-07-08	0.006538835380401231	0.02454319873674704	0.0061823802163833985	0.007218587863749182	0.006538835380401231	59085861.0
2024-07-09	0.0037749100166799554	0.003698973975075903	0.006802721088435382	0.013984770436729965	0.0037749100166799554	48013382.0
2024-07-10	0.01880356830505492	0.006010617294783582	0.016041848299912953	0.012713139119175931	0.01880356830505492	62627687.0
2024-07-11	-0.02322087732852607	0.009114696903619546	-0.0029603569589841117	-0.015179934569247489	-0.02322087732852607	64456867.0
2024-07-12	0.01305092938436525	-0.010674618609274433	0.0010757777873402485	0.012889223546086681	0.01305092938436525	53046527.0
2024-07-15	0.016743298343020685	0.03302463742792239	0.019730055020632742	0.019284589819835496	0.016743298343020685	62623152.0
2024-07-16	0.0017918088737201021	-0.006258457374830773	-0.004046705728617761	-0.003260543137843741	0.0017918088737201021	41184278.0
2024-07-17	-0.025295971382335414	-0.023617021276595818	-0.020358488170313604	-0.02449102569620809	-0.025295971382335414	57345884.0
2024-07-18	-0.020534778049632996	0.0036173458269777026	-0.004406378815509759	-0.01928168019767018	-0.020534778049632996	66034585.0
2024-07-19	0.0005798911588901223	-0.023710265763418503	-0.015795868772782495	0.0045215278715076135	0.0005798911588901223	49151453.0
2024-07-22	-0.001560340600062382	0.009741126234320774	0.004320987654320874	-0.0008285746277012507	-0.001560340600062382	48201835.0
2024-07-23	0.004688337203071935	-0.011651469098277523	-0.003687768899815591	-0.0018378233000134747	0.004688337203071935	39960260.0
2024-07-24	-0.028754277587662802	-0.0016268134512958943	-0.009429805234863808	-0.024923657266032073	-0.028754277587662802	61777576.0
2024-07-25	-0.004804612427930732	-0.02263392857142854	-0.01757117437722422	-0.011559894993782516	-0.004804612427930732	51391199.0
2024-07-26	0.002161018897420597	-0.001050564107249019	-0.006158025809372858	0.006476563228030807	0.002161018897420597	41599345.0
2024-07-29	0.0012846393833731984	-0.007956104252400453	-0.000865643081689349	-0.0012036479792602028	0.0012846393833731984	36284528.0
2024-07-30	0.002565982404692191	0.010278392330383523	0.004673962608298998	0.0017149478563152076	0.002565982404692191	41493840.0
2024-07-31	0.014990859232175469	0.0102650668369908	0.01586292976285031	0.020868036276142865	0.014990859232175469	50036262.0
2024-08-01	-0.016750720461095048	0.013231575144508678	0.0029487981413636177	-0.016362235416761073	-0.016750720461095048	62477496.0
2024-08-02	0.006869389998168218	-0.023265142398716354	0.0049893086243764095	0.00317943046723812	0.006869389998168218	105568560.0
2024-08-05	-0.0481670153734195	-0.09153547798311656	-0.05363475177304966	-0.09971981075742964	-0.0481670153734195	119517900.0
2024-08-06	-0.009748172217709294	0.03119192325079112	-0.016440281030444925	0.02586734693877557	-0.009748172217709294	69579488.0
2024-08-07	0.01249819041644562	0.007793472966390658	0.017381780084765763	0.02645844730690805	0.01249819041644562	63516417.0
2024-08-08	0.016633304737394106	0.030014499758337365	0.002621231979030192	0.01182227821115367	0.016633304737394106	46801649.0
2024-08-09	0.013735877361586546	-0.004739336492891044	0.012044817927170826	0.015036153809318442	0.013735877361586546	42201646.0
2024-08-12	0.005965593784683643	0.018717586044318724	0.012592951379278405	0.01712506486766996	0.005965593784683643	38028092.0
2024-08-13	0.01719303084632018	0.013606701531911014	0.01084279114518294	0.015816326530612157	0.01719303084632018	44155331.0
2024-08-14	0.002033714466488812	0.007122962421807211	0.0051376808328451595	0.0031505410711838433	0.002033714466488812	41948574.0
2024-08-15	0.013530579108785856	0.018270843723081187	0.0104021880464511	0.013928083750568865	0.013530579108785856	46398713.0
2024-08-16	0.005918476326094657	-0.0030276046304541504	0.0065546927002440025	0.00399578021188729	0.005918476326094657	44338440.0
2024-08-19	-0.0007078080070781478	0.008038585209003246	-0.003690476137992338	-0.002727921874392303	-0.0007078080070781478	40687813.0
2024-08-20	0.002744698747177754	0.00022151337940812255	0.005221469976547599	0.01080523672883782	0.002744698747177754	30299033.0
2024-08-21	-0.0004856297735198467	0.00332196483146574	0.0035656116564686258	-0.0017742293191393976	-0.0004856297735198467	34765480.0
2024-08-22	-0.008259717314487602	0.005606568956383562	0.001579085884726883	-0.005109975560986468	-0.008259717314487602	43673321.0
2024-08-23	0.010288157484523275	-0.009355546775538848	-0.0005255321012525016	0.0019205002233140256	0.010288157484523275	38647250.0
2024-08-26	0.0014988538176687882	0.00487948846688524	-0.004118832705284348	-0.0019591672981768005	0.0014988538176687882	30599408.0
2024-08-27	0.003741526542829554	-0.003373610866113874	0.00690777895107364	0.0044642358653002034	0.003741526542829554	35934559.0
2024-08-28	-0.006753497346840276	0.008517887563884052	0.00441337120384544	0.003512828493930531	-0.006753497346840276	37737167.0
2024-08-29	0.014570179698882857	0.009564759564759662	0.013312451057165164	0.014179369018078702	0.014570179698882857	51906297.0
2024-08-30	-0.003437921580573544	0.00039113428943937656	-0.01081916537867067	-0.006116742397763053	-0.003437921580573544	52988670.0
2024-09-03	-0.027205240174672407	-0.007124549285372872	-0.006076388888888951	-0.027738702303499174	-0.027205240174672407	50175516.0
2024-09-04	-0.008618754769493253	-0.030146576241522727	-0.03152838427947602	-0.0166839987340055	-0.008618754769493253	43840196.0
2024-09-05	0.0069277790355444235	-0.00015789948569877588	0.016683199567138596	0.018576420820305417	0.0069277790355444235	36615398.0
2024-09-06	-0.007015019336271244	0.010490693739424684	-0.001064395955295283	-0.007899963885879324	-0.007015019336271244	48423011.0
2024-09-09	0.0004075717779186139	-0.013976334003125701	-0.017625643757769538	-0.013923647449606391	0.0004075717779186139	67179965.0
2024-09-10	-0.003621384274138717	-0.008604293089394144	0.000949066751028127	9.228923446080728e-05	-0.003621384274138717	51591033.0
2024-09-11	0.011585116532642603	0.011579572446555941	0.007269279393173234	0.005352281640751189	0.011585116532642603	44587072.0
2024-09-12	0.0004940267672686183	0.004718791628095964	0.002061948092697996	0.00885768048097657	0.0004940267672686183	37497490.0
2024-09-13	-0.0012120123894600043	0.0048539325842698045	0.0021919033773203367	0.009507779091984414	-0.0012120123894600043	36766619.0
2024-09-16	-0.027775280898876487	-0.031487610698631485	-0.030440992679878542	-0.036005587850930554	-0.027775280898876487	59357427.0
2024-09-17	0.0021727071005916976	-0.0036482866906806244	-0.0014731608507503324	0.0027112939416604753	0.0021727071005916976	45519339.0
2024-09-18	0.01798975967526184	0.008342989571263004	0.026786537574919222	0.01417249417249411	0.01798975967526184	59894928.0
2024-09-19	0.03706556708505149	0.034199034704665676	0.031924924790085685	0.03259170727222571	0.03706556708505149	66781315.0
2024-09-20	-0.0029274260497226257	0.02213431708075908	0.014228526673048414	0.013310777723367417	-0.0029274260497226257	317079888.0
2024-09-23	-0.007581069237510896	-0.011436274296647397	-0.015616285554935883	-0.0079518495738512	-0.007581069237510896	54090023.0
2024-09-24	0.003974036296198191	0.005740300870942239	-0.00043582479843096156	-0.00035428014702632016	0.003974036296198191	43556068.0
2024-09-25	-0.004398117605664775	-0.016247895208729712	-0.008981905384783051	-0.007575421964293505	-0.004398117605664775	42308715.0
2024-09-26	0.005080178468878316	0.010536611390210338	0.005323595406749204	0.006204803142576543	0.005080178468878316	36635707.0
2024-09-27	0.0011867088607593335	0.005103387593488717	0.004463894967177362	0.00838472117474831	0.0011867088607593335	34003467.0
2024-09-30	0.022871943456692634	0.006915871487350067	0.015162077378877648	0.01033875934887818	0.022871943456692634	54793391.0
2024-10-01	-0.02914163090128752	-0.0022604764388801657	-0.0143776824034334	-0.0257348138471587	-0.02914163090128752	63235048.0
2024-10-02	0.0025197825029839027	-0.015815615196932864	-0.00992815153494453	-0.0032180209171359664	0.0025197825029839027	32880605.0
2024-10-03	-0.004894611517770597	-0.003320200097392534	-0.002484936447200603	0.0013451708366962745	-0.004894611517770597	34044158.0
2024-10-04	0.005007311561129102	0.01225903882028967	0.005268843279469193	0.0036270822138635417	0.005007311561129102	37345098.0
2024-10-07	-0.02253086419753092	-0.01491882404563405	-0.01013157894736838	-0.01249274974345238	-0.02253086419753092	39505354.0
2024-10-08	0.018404077766250193	-0.0008908685968819219	0.0012849483805219553	0.00867482944020237	0.018404077766250193	31855693.0
2024-10-09	0.01669840988616733	0.004146232724030252	0.016682892291353335	0.007077267637178197	0.01669840988616733	33591091.0
2024-10-10	-0.002178269582643555	0.011321759978688561	-0.0010881392818280489	0.010407863719254395	-0.002178269582643555	28183544.0
2024-10-11	-0.006505413901501833	0.006673105628237863	-0.00039215686274507444	0.000748338248888647	-0.006505413901501833	31759188.0
2024-10-14	0.016479894528675043	-0.002616659398168464	0.010112898304345919	0.005542359461599311	0.016479894528675043	39882085.0
2024-10-15	0.011024643320363126	0.021469173589855783	0.024856514046519784	0.01649168853893257	0.011024643320363126	64748367.0
2024-10-16	-0.008851828094932568	-0.008604083729292444	-0.02261147837803701	-0.010887808236863639	-0.008851828094932568	34082240.0
2024-10-17	0.0015963413581845387	0.007901554404145195	0.007453041530242954	0.002958579881656931	0.0015963413581845387	32974310.0
2024-10-18	0.012276545337066569	0.011780833654628786	0.00996365191361992	0.01513968419226086	0.012276545337066569	45831472.0
2024-10-21	0.006297872340425448	-0.007324921669912832	0.002836819375052979	0.0018802615272850431	0.006297872340425448	36254470.0
2024-10-22	-0.0026217861975641465	-0.002409895500106618	-0.002659911336288734	-0.007890808274685357	-0.0026217861975641465	38846578.0
2024-10-23	-0.021622996692953533	0.0008337430788636357	-0.00455507577681824	-0.02080825451418744	-0.021622996692953533	52286979.0
2024-10-24	-0.0008233662679840714	-0.017515379357484706	-0.01838873201102309	0.0028538812785388057	-0.0008233662679840714	31109503.0
2024-10-25	0.0036431452487313276	-0.0010435690060004443	0.010397712503249279	0.0050785867518934324	0.0036431452487313276	38602304.0
2024-10-28	0.00859945551186203	0.015582832767476296	0.006474573364205538	0.012980790172932188	0.00859945551186203	36087134.0
2024-10-29	0.0011568123393315144	-0.0009429110234870919	-0.0017253866144080199	-0.0009890346162116925	0.0011568123393315144	35413047.0
2024-10-30	-0.015277956091924505	-0.0021021021021020436	-0.003648778406059927	-0.01192320936639113	-0.015277956091924505	47060257.0
2024-10-31	-0.018209474141677506	-0.014057865096083644	-0.015590868205765163	-0.018209540405140556	-0.018209474141677506	64370086.0
2024-11-01	-0.01327962462927712	-0.03651783378390161	-0.01949266849410447	-0.02262945378710557	-0.01327962462927712	65276741.0
2024-11-04	-0.004037503925351071	0.00011314009005958248	-0.011360106500998501	-0.0025423344077722954	-0.004037503925351071	44344468.0
2024-11-05	0.006486194315571403	0.003642698764649843	0.005206696889447526	0.006508579491147248	0.006486194315571403	28111338.0
2024-11-06	-0.0032669501006936663	0.003674564349962939	0.009444072337575493	0.00022610111241760933	-0.0032669501006936663	54561121.0
2024-11-07	0.021372126436781658	0.009051704775167257	0.00800654678964019	0.015280980152809764	0.021372126436781658	42137691.0
2024-11-08	-0.0022859152452961995	0.011329994435169688	0.0034448710916072933	0.008171171572338265	-0.0022859152452961995	38328824.0
2024-11-11	-0.012028551286570432	-0.009552317647576691	-0.012944983818770295	-0.021664715885249874	-0.012028551286570432	42005602.0
2024-11-12	0.0	-0.0020000000000000018	-0.0004873726185200544	0.008374717832956957	0.0	40398299.0
2024-11-13	0.0039691388306650754	-0.0024048096192386126	0.0046987898399752925	-0.002663920664413122	0.0039691388306650754	48566217.0
2024-11-14	0.01377043354655294	0.004508727288960346	0.009794837855724658	0.01005566528999835	0.01377043354655294	44923941.0
2024-11-15	-0.014109192884059207	0.006132788196604677	-0.008520120592476199	-0.003244444444444383	-0.014109192884059207	47923696.0
2024-11-18	0.013422222222222224	-0.005079505300353393	0.012427287149656463	0.004013020020510849	0.013422222222222224	44686020.0
2024-11-19	0.0011402508551880963	0.007680355160932351	0.001828153564899404	0.0066172225429674825	0.0011402508551880963	36211774.0
2024-11-20	0.0031540213772560666	0.004758128469468659	-0.0009993048314215214	-0.0033971587399629355	0.0031540213772560666	35075316.0
2024-11-21	-0.002096069868995576	0.0035955450320090954	0.000978558691775655	-0.0007955199433352655	-0.002096069868995576	42108327.0
2024-11-22	0.005907579205321145	-0.0035826634044040517	0.0024544328821880512	0.010410247117654814	0.005907579205321145	38168252.0
2024-11-25	0.013050854830991332	0.014908357449793908	0.010944439556362484	0.007366482504604033	0.013050854830991332	90002832.0
2024-11-26	0.00940438871473348	0.00807914974509627	0.009968059336748825	0.015626360233307324	0.00940438871473348	45986189.0
2024-11-27	-0.0005530502850336072	0.004864355205074222	0.0005094027253045308	0.002057600822868766	-0.0005530502850336072	33498439.0
2024-11-29	0.010215808964372464	0.0014501098244941169	0.008994866137723267	0.0006838883350206437	0.010215808964372464	28481377.0
2024-12-02	0.009522605654573857	0.010498072868976305	0.012531012152558807	0.013634226610249156	0.009522605654573857	48137103.0
2024-12-03	0.012771818523310774	0.010705103890082945	0.00818140288217939	0.007336819025130836	0.012771818523310774	38861017.0
2024-12-04	0.0014836183803832448	0.012760101747216535	0.005561047948591247	0.009836751778987018	0.0014836183803832448	44383935.0
2024-12-05	0.00012345170980609943	0.004611520566558225	0.0017615009626805733	0.0036476683937822774	0.00012345170980609943	40033878.0
2024-12-06	-0.0008229098090848375	-0.004446903561621363	0.00036803794880180263	-0.00020650064015192982	-0.0008229098090848375	36870619.0
2024-12-09	0.016101136550815243	-0.004425598485004345	0.010669173854392477	-0.0013631857237277334	0.016101136550815243	44649232.0
2024-12-10	0.004133738601823644	0.02092378943886186	0.003923313379712079	0.014850051706308154	0.004133738601823644	36914806.0
2024-12-11	-0.005166081446502768	0.004333913888776575	0.010434712541799396	0.003750305698214662	-0.005166081446502768	45205814.0
2024-12-12	0.005963730780153442	-0.004315212130988955	-0.008213716108453006	-0.0023556394235200173	0.005963730780153442	32777532.0
2024-12-13	0.000685594450717808	0.0037466078010450765	0.0022119482190239292	0.0022793878215565666	0.000685594450717808	33081590.0
2024-12-16	0.011727723370813736	0.0007061719427798874	0.008383001016486036	0.005726120857699746	0.011727723370813736	51694753.0
2024-12-17	0.009719566602931717	0.00842775918383798	0.00974620097064216	0.00860084797092675	0.009719566602931717	51356360.0
2024-12-18	-0.021421808426700273	0.008317338451695466	0.0017728400898238128	-0.008167187124669684	-0.021421808426700273	56764701.0
2024-12-19	0.007014714775246844	-0.01848032994923854	-0.008966493629070316	-0.00260393961411165	0.007014714775246844	60559114.0
2024-12-20	0.01881580527643223	0.0021818181818180626	0.011904761904761862	-0.005685669756842371	0.01881580527643223	147495267.0
2024-12-23	0.0030649534362843234	0.027132720528947107	0.0025490196078432614	0.03158451707436205	0.0030649534362843234	40858774.0
2024-12-24	0.011478042856583048	0.002826078423676215	0.010013690592606928	0.007259814559084754	0.011478042856583048	23234705.0
2024-12-26	0.003175832687838831	0.010567928294649365	0.007319623562217048	0.0091660464569705	0.003175832687838831	27262983.0
2024-12-27	-0.013242220677939898	-0.0013943220109222665	-0.005382545174932862	-0.01773861739704219	-0.013242220677939898	42355321.0
2024-12-30	-0.013263429711647623	-0.021719737811736417	-0.02010050251256279	-0.00912826997549987	-0.013263429711647623	35557542.0
2024-12-31	-0.007057890563045177	0.0008325734448717537	-0.0008678500986193383	-0.00526420737786637	-0.007057890563045177	39480718.0
2025-01-02	-0.026235923648270876	-0.013904294089684632	-0.016503474415666464	-0.030509160886821984	-0.026235923648270876	55090731.0
2025-01-03	-0.002009432027885949	-0.022375768288273812	-0.01975110397430746	0.00028905785747324053	-0.002009432027885949	40244114.0
2025-01-06	0.006738987508218219	0.003903681788297142	0.0129003194364814	0.005415684815411881	0.006738987508218219	45045571.0
2025-01-07	-0.01138775510204082	-0.00544390323768984	-0.0071968624914082735	-0.007606907894736836	-0.01138775510204082	40855960.0
2025-01-08	0.0020230378597083654	-0.004362498971108741	-0.00748401547546329	-0.005386368344727499	0.0020230378597083654	37613940.0
2025-01-10	-0.02410383189122367	-0.007895171957671976	-0.01457579285083277	-0.02936888148302441	-0.02410383189122367	61705156.0
2025-01-13	-0.010344099641123039	-0.02699887504687304	-0.02285976015989344	-0.01407725321888409	-0.010344099641123039	49630725.0
2025-01-14	-0.004778156996587013	0.00522416820108762	0.00617888950441059	0.01197980149747524	-0.004778156996587013	39433494.0
2025-01-15	0.01967592592592604	-0.000489882854100121	0.012027782483482907	0.00842251970129726	0.01967592592592604	39822169.0
2025-01-16	-0.040400218606802096	0.011571163722377431	-0.0039755607633077394	-0.027300260205605054	-0.040400218606802096	71752652.0
2025-01-17	0.00753526680101646	-0.022056035390773054	-0.024032603672114572	0.0019734245494014147	0.00753526680101646	67849101.0
2025-01-21	-0.031915818766849346	-0.034961118411132475	-0.03388006371346164	-0.03982843137254899	-0.031915818766849346	98070429.0
2025-01-22	0.005344951491196737	-0.01879464285714294	-0.0013367792531858713	0.0018689032728598232	0.005344951491196737	64126500.0
2025-01-23	-0.0007595049814592691	0.022521497793348333	0.012984115652329153	0.011419991810364571	-0.0007595049814592691	60234760.0
2025-01-24	-0.003934543503532173	0.00017798344753927609	-0.006166585913755962	-0.004003598740440872	-0.003934543503532173	54697907.0
2025-01-27	0.0317802316186373	-0.0033810837263100746	0.028896866551433753	0.011607425138882688	0.0317802316186373	94863418.0
2025-01-28	0.03654398329417896	0.0304883492545307	0.034632780529829876	0.030493794088757964	0.03654398329417896	75682044.0
2025-01-29	0.004616805170821969	0.01416504223521775	-0.001394729172738307	0.013864217321606365	0.004616805170821969	45475767.0
2025-01-30	-0.007394719251336945	0.019413121476165918	0.0038981884888786844	0.013674629289346596	-0.007394719251336945	55658279.0
2025-01-31	-0.006692200850204166	0.03571952318102789	0.026579176876116106	-0.015893090510518126	-0.006692200850204166	101071628.0
2025-02-03	-0.033855932203389894	-0.06958210283587518	-0.06213843602087454	-0.03315627141877997	-0.033855932203389894	73039761.0
2025-02-04	0.021007850532871464	-0.011913561459193867	0.005607557261786633	0.004209127159946924	0.021007850532871464	45014201.0
2025-02-05	-0.0014175257731959823	0.005632563256325662	-0.0019731480289967296	0.0071475843812045525	-0.0014175257731959823	39664989.0
2025-02-06	0.003226222738417883	0.01205531002494209	0.004856663944642792	0.009440574757962006	0.003226222738417883	29869249.0
2025-02-07	-0.023968784838350077	0.005685625959314322	0.0008554319931564081	-0.013735488770749815	-0.023968784838350077	39707224.0
2025-02-10	8.786188112286375e-05	-0.013026655202063586	-0.014594017094017087	-0.0002640147848279595	8.786188112286375e-05	33096475.0
2025-02-11	0.021831759279595797	-0.005967678703663437	0.020144415291541096	0.004093309859154903	0.021831759279595797	53710612.0
2025-02-12	0.018270140142722102	0.013146362839614456	0.007354504102367931	0.011177837198088847	0.018270140142722102	45243281.0
2025-02-13	0.01967323848524516	0.02469723183391004	0.02270383187035785	0.021198196636032618	0.01967323848524516	53614054.0
2025-02-14	0.012710636359872352	0.018319192942467533	0.01324627104327436	0.023008023092923713	0.012710636359872352	40383927.0
2025-02-18	-0.0005314799672935244	0.012020725388601106	-0.0015068214212990982	0.0035271173077719986	-0.0005314799672935244	48822491.0
2025-02-19	0.001636192579866691	0.002088879787016218	0.003385267966391936	0.005459808137611599	0.001636192579866691	32204215.0
2025-02-20	0.0039204475844325515	0.0011444453527345022	0.0031299540669078585	0.004645493262883216	0.0039204475844325515	32316907.0
2025-02-21	-0.0011389984948948495	0.004123458806238212	0.007739687170759346	0.0038069507552498383	-0.0011389984948948495	53196141.0
2025-02-24	0.006312360008144946	-0.004167513722301175	0.0006835819695203416	-0.003262376641383291	0.006312360008144946	51326396.0
2025-02-25	-0.00024281667341163882	0.012554863733795996	0.004580888853170428	0.002004745929138352	-0.00024281667341163882	48013272.0
2025-02-26	-0.027040155440414382	-0.014798387096774168	-0.020079999999999987	-0.023600506308439795	-0.027040155440414382	44433564.0
2025-02-27	-0.01273090364453322	-0.020136700364261517	-0.010286554004408477	-0.008656379375235224	-0.01273090364453322	41153639.0
2025-02-28	0.01913190054782965	-0.010275260014201648	-0.0015260249113255853	-0.028937821648527873	0.01913190054782965	56833349.0
2025-03-03	-0.015754217664571635	0.020426250263768653	0.008001982733694124	0.025682015638575084	-0.015754217664571635	47183985.0
2025-03-04	-0.008822417342351785	-0.01689482608875459	-0.01621622507654885	-0.006064918343836823	-0.008822417342351785	53798024.0
2025-03-05	-0.0008053236129360597	-0.009612755305946519	-0.01466239013621018	-0.02322311232316354	-0.0008053236129360597	47227642.0
2025-03-06	-0.0017392042080257575	-0.004184011553818645	0.005537941238638711	0.017136064214980484	-0.0017392042080257575	45155019.0
2025-03-07	0.01589257638210162	0.002857935035297521	0.01475657950054643	0.0068704454187953345	0.01589257638210162	46250710.0
2025-03-10	-0.048479524825364995	0.0018502371280917362	-0.02158511828313381	-0.04489691599931844	-0.048479524825364995	72071197.0
2025-03-11	-0.029189379286091	-0.04982168633777695	-0.043699610433604374	-0.030193559896530275	-0.029189379286091	76124402.0
2025-03-12	-0.017478717623618967	-0.01637586291637816	-0.018109731717026123	-0.011680846171533643	-0.017478717623618967	62547467.0
2025-03-13	-0.03364365379297618	-0.019033342418460997	-0.022144757609921073	-0.030198687822809545	-0.03364365379297618	61318730.0
2025-03-14	0.018170545593285015	-0.02176429729103957	-0.01332506915256182	0.005565684675175264	0.018170545593285015	60107582.0
2025-03-17	0.0023888706730994524	0.009751479289940912	0.005935966347277555	0.0018608645863154027	0.0023888706730994524	48073426.0
2025-03-18	-0.006121495327102822	0.003984810838685515	-0.0003252485828454388	0.007239129399438049	-0.006121495327102822	42427021.0
2025-03-19	0.011989280173021921	0.00028016436309297177	0.016778991401347865	0.010686084448437327	0.011989280173021921	54383891.0
2025-03-20	-0.005296413306076997	-0.0010736625898608576	-0.005805906015724949	-0.007157894736842141	-0.005296413306076997	48862947.0
2025-03-21	0.019476879962634364	-0.011355670825739517	0.006207644584874883	-0.004429365752520953	0.019476879962634364	93568368.0
2025-03-24	0.011270444861868123	0.044620911325392365	0.012063608115518099	0.03455130632336245	0.011270444861868123	44299483.0
2025-03-25	0.013681873782449117	-0.00104072398190036	0.011829510565288137	0.006862475981334049	0.013681873782449117	34493583.0
2025-03-26	-0.009921787709497254	0.012411106581510012	0.004105310129406625	0.0017720828789531406	-0.009921787709497254	34492906.0
2025-03-27	0.01047262221820966	-0.009485034226656586	-0.00013332148253486498	0.0004086723817300353	0.01047262221820966	37093374.0
2025-03-28	-0.026580299307571997	0.0012647364379601012	-0.005244677541224041	-0.013058118852865896	-0.026580299307571997	39818617.0
2025-03-31	0.01941257457549339	-0.021044796318852366	0.0080872168357089	-0.006661153987504664	0.01941257457549339	65283571.0
2025-04-01	0.004771980371854223	0.012902928503951472	-0.008598528499246472	0.012347962817370384	0.004771980371854223	36336840.0
2025-04-02	0.003136341233926254	0.006869725438456875	0.006750715307582311	0.009684787574234743	0.003136341233926254	35905904.0
2025-04-03	-0.09245611684309252	-0.0712784944536069	-0.0786002930858386	-0.08944891864989601	-0.09245611684309252	103419006.0
2025-04-04	-0.07288744524828983	-0.05667996497032213	-0.036676466335727076	-0.06911801242236026	-0.07288744524828983	125897269.0
2025-04-07	-0.03673426053721196	-0.08607973593274532	-0.0286672003201921	-0.06789793957510404	-0.03673426053721196	160406286.0
2025-04-08	-0.049818141739226385	0.053611738148984234	-0.019649755343806308	-0.03098098728667964	-0.049818141739226385	120696904.0
2025-04-09	0.15328848161466202	-0.07900374933047671	0.05398376546615191	0.01583770708722465	0.15328848161466202	184261774.0
2025-04-10	-0.042393764143827006	0.0995347484733935	-0.029061861322965066	0.0646343591831986	-0.042393764143827006	121879981.0
2025-04-11	0.040594475370234306	-0.015682437257028004	0.02443835323870691	0.016721311475409895	0.040594475370234306	87435915.0
2025-04-14	0.022053999495331933	0.13616335303600224	0.0671544552470682	0.08116790282704511	0.022053999495331933	101352911.0
2025-04-15	-0.001876357890578828	-0.04533200908059032	-0.044284775054005854	-0.006771156196917816	-0.001876357890578828	51343872.0
2025-04-16	-0.03893341248639548	-0.01731440885784341	-0.013807675298511124	-0.037187187187187165	-0.03893341248639548	59727673.0
2025-04-17	0.013949657692901463	-0.005847953216374435	-0.00929995017438967	0.010656547278681705	0.013949657692901463	52164675.0
2025-04-21	-0.019392831759569518	-0.019954361054766778	-0.025315150615967563	-0.023705380104927398	-0.019392831759569518	46742537.0
2025-04-22	0.03406502381445442	0.014772462680775256	0.040196078431372406	0.0324469788927102	0.03406502381445442	52976371.0
2025-04-23	0.024331631120456443	0.05037732000815831	0.03179721216330167	0.03484717048527841	0.024331631120456443	52929165.0
2025-04-24	0.01842619745845564	-0.005388349514563129	0.0039899038461539416	0.0006952697005409014	0.01842619745845564	47310989.0
2025-04-25	0.004367231367279345	0.007198984821123577	0.00440597826269129	0.016063861239775212	0.004367231367279345	38222258.0
2025-04-28	0.004109327217125314	0.01761442105008104	0.008343265792610355	0.006110572259941938	0.004109327217125314	38737224.0
2025-04-29	0.005091843532882834	-0.00622380952380952	0.0034988179669031005	0.004386387737395081	0.005091843532882834	36827633.0
2025-04-30	0.006107665356754	0.0029085786298534977	0.00631360723709018	-0.008156164515045305	0.006107665356754	52286454.0
2025-05-01	0.0038588235294116924	-0.0010511227902532116	0.004588444610918563	0.010787703131312831	0.0038588235294116924	57364925.0
2025-05-02	-0.03736171010688172	-0.014300746125884833	-0.035281506338553315	-0.032264241263762594	-0.03736171010688172	101010621.0
2025-05-05	-0.0314584855125396	-0.01450822456208456	-0.0139620271510702	-0.01953897902651358	-0.0314584855125396	69018452.0
2025-05-06	-0.0019106038513750923	-0.024076809453471126	-0.016903478686918105	-0.006003733414055801	-0.0019106038513750923	51216482.0
2025-05-07	-0.011384816885799176	0.004843347964280209	-0.006030401196112645	-0.019135113186478536	-0.011384816885799176	68616943.0
2025-05-08	0.006318471337579679	-0.007280212883466364	0.0030585639791416153	0.007397671410090512	0.006318471337579679	50478872.0
2025-05-09	0.005266089422249154	0.006473801335221463	0.0024488877780552976	0.014667176221853762	0.005266089422249154	36453923.0
2025-05-12	0.06175389109958185	0.060150753768844156	0.05349558865841675	0.04664996076644656	0.06175389109958185	63775814.0
2025-05-13	0.010152284263959421	-0.0025596056311323334	0.010091925938583213	0.010882708585247869	0.010152284263959421	51909332.0
2025-05-14	-0.002817827455032118	0.00950434823931956	0.0025304592314900898	0.007560287081339601	-0.002817827455032118	49325825.0
2025-05-15	-0.004144492064239724	-0.0069670008944123785	-0.004580723567355283	-0.004939213154519284	-0.004144492064239724	45029473.0
2025-05-16	-0.000898557578623782	0.00668404835269043	-0.0018313298271976919	0.001097642454901404	-0.000898557578623782	54737850.0
2025-05-19	-0.011739089273880454	-0.02095498210585811	-0.014536388013360324	-0.02626686370787057	-0.011739089273880454	46140527.0
2025-05-20	-0.009196283168885877	-0.0011543456303209076	-0.004821462669467258	0.003769705277587354	-0.009196283168885877	42496635.0
2025-05-21	-0.0230590737696994	-0.012038330042856482	-0.0068595001678899425	-0.021070087304296936	-0.0230590737696994	59211774.0
2025-05-22	-0.003612251966945368	-0.021738070868060566	-0.020720633693972146	-0.005032135917492964	-0.003612251966945368	46742407.0
2025-05-23	-0.030244338498212175	-0.035100393602710445	-0.024907521578298453	-0.03124687030545814	-0.030244338498212175	78432918.0
2025-05-27	0.025298304911148595	0.02393308031910779	0.015376833586241867	0.020521037940659514	0.025298304911148595	56288475.0
2025-05-28	0.0010488986564105574	0.011548159354513254	0.009913320713360374	0.012510763308514417	0.0010488986564105574	45339678.0
2025-05-29	-0.002345075341782299	0.014881100752779153	0.005327282592610949	-0.006953476738369213	-0.002345075341782299	51477938.0
2025-05-30	0.004501125281320295	-0.020655777968807465	-0.00907708159560372	-0.00871492620019132	0.004501125281320295	70819942.0
2025-06-02	0.004232013940751678	0.0045643777900385984	0.0008417508417508657	0.0169732696412237	0.004232013940751678	35423294.0
2025-06-03	0.007783837382250969	0.005342520471339984	0.008113590263691739	0.0041724965020988325	0.007783837382250969	46381567.0
2025-06-04	-0.002213804299699973	0.007747703004718165	0.012121509545075293	0.005697793038242249	-0.002213804299699973	43603985.0
2025-06-05	-0.010797751701015712	0.002907693065891337	-0.00722459270752529	-0.009648688767936564	-0.010797751701015712	55221235.0
2025-06-06	0.016398345212580434	-0.002457002457002422	0.004639804639804623	0.009492880339745158	0.016398345212580434	46607693.0
2025-06-09	-0.012112593173793651	0.0068472906403940215	0.001458434613514914	-0.010047018064835433	-0.012112593173793651	72862557.0
2025-06-10	0.006056093323405287	-0.018542981554870552	-0.008009708737864107	0.002749725027497263	0.006056093323405287	54672608.0
2025-06-11	-0.01919376326047262	0.01445663010967091	0.0007340347443112183	-0.010769307473699974	-0.01919376326047262	60989857.0
2025-06-12	0.0021128886205854513	-0.02171990171990168	-0.023569682151589166	-0.005291567965324373	0.0021128886205854513	43904635.0
2025-06-13	-0.013805220883534086	0.0032650190878038554	0.0034555288461537437	-0.008411527963352317	-0.013805220883534086	51447349.0
2025-06-16	0.01002799694578771	-0.012166424673308862	-0.008409442531317035	0.004412876852325054	0.01002799694578771	43020691.0
2025-06-17	-0.014010684406813856	-0.0005068423720223647	-0.0014847623122028475	-0.006886320763355935	-0.014010684406813856	38856152.0
2025-06-18	0.004804743406256584	-0.006389452332657197	-0.004133272846413627	-0.0007171763741612436	0.004804743406256584	45394689.0
2025-06-20	0.02248448468816755	0.01171276921506581	0.02090398339828914	0.00915056133695602	0.02248448468816755	96813542.0
2025-06-23	0.0024875621890547706	0.01710091557999327	0.0029747149231533765	0.010693149780295341	0.0024875621890547706	55814272.0
2025-06-24	-0.005955334987593042	0.0047861128332300495	0.005635195254572345	0.006232408524326383	-0.005955334987593042	54064033.0
2025-06-25	0.006290564153769385	-0.005627128683548088	0.0011305544632322917	0.0020984015984018	0.006290564153769385	39525730.0
2025-06-26	-0.0027783290335383626	-9.928021841643098e-05	-0.005057200373152604	-0.005782571138186032	-0.0027783290335383626	50799121.0
2025-06-27	0.0003980099502487455	0.0022836717470087198	0.002862218712988529	0.002707309736287966	0.0003980099502487455	73188571.0
2025-06-30	0.02034016311915643	0.0005943830798951222	0.02051963389430167	-0.0036964999999998804	0.02034016311915643	91912816.0
2025-07-01	0.012916118340888127	0.02304341369239138	0.013484256714402898	0.034524620258786554	0.012916118340888127	78788867.0
2025-07-02	0.022230776633625382	0.010862990830571295	0.015003342269841458	0.00970165436031123	0.022230776633625382	67941811.0
2025-07-03	0.005225004707211545	0.015485137140395455	0.006140433111465171	0.017632843278562627	0.005225004707211545	34954599.0
2025-07-07	-0.016857878716928232	0.002521860048551705	0.007360819939436158	-0.014211314757889282	-0.016857878716928232	50228984.0
2025-07-08	0.0002857823291260164	-0.012130900883957185	-0.022198584840216307	-0.0016762452107280668	0.0002857823291260164	42848928.0
2025-07-09	0.005380696157325726	-0.0027129938124702546	-0.0004729697772312136	-0.00590069561045814	0.005380696157325726	48749367.0
2025-07-10	0.006014966373022679	0.004653271607884202	0.010173662045142473	0.013560467136376708	0.006014966373022679	44443635.0
2025-07-11	-0.005884845346264322	0.0002850288591720318	-0.006323777403035358	-0.0008094081797838104	-0.005884845346264322	39765812.0
2025-07-14	-0.012028793332070409	-0.0030394415026238075	-0.005751190307830112	-0.011054989040312657	-0.012028793332070409	38840111.0
2025-07-15	0.0023487680951010947	-0.0033583422650946826	0.0046465316959840575	0.006649320612893916	0.0023487680951010947	42296339.0
2025-07-16	0.005021280665678196	0.0051381321097407895	0.0024069092453633534	-0.0013402259237985659	0.005021280665678196	47490532.0
2025-07-17	-0.0006661591168632963	0.0013076868208945491	-0.0028248587570620654	0.004553297546012303	-0.0006661591168632963	48068141.0
2025-07-18	0.00552328349680975	0.0014247043738424559	-4.7214353163460565e-05	0.0005463046901093005	0.00552328349680975	48974591.0
2025-07-21	0.006155885974050479	0.005832977663963623	0.018839416403040765	0.009181967959676518	0.006155885974050479	51377434.0
2025-07-22	0.009036144578313365	0.004903347477604791	-0.0038465103346001506	0.0028356093181496345	0.009036144578313365	46404072.0
2025-07-23	-0.0011660447761193682	0.00872665853429666	0.0009304489416144257	0.0008476648694035749	-0.0011660447761193682	46989301.0
2025-07-24	-0.0018211533971516092	-0.005116279069767415	0.002509876830118385	0.005272821430252872	-0.0018211533971516092	46022620.0
2025-07-25	0.0005613772455090871	0.003740065451145247	-0.0020863275997959896	-0.0006088137498243551	0.0005613772455090871	40268781.0
2025-07-28	0.000794838227043293	-0.0031206334420120774	-0.0018351607507898215	-0.0015932521087160811	0.000794838227043293	37858017.0
2025-07-29	-0.012987619715019827	0.0006774751203102447	-0.00016290814307984292	-0.010513470383929469	-0.012987619715019827	51411723.0
2025-07-30	-0.010507880910682998	-0.010645500175090472	-0.0112657697500117	-0.014704487240299713	-0.010507880910682998	45512514.0
2025-07-31	-0.0070796460176991705	-0.01606927959602633	-0.012006214981872931	-0.0026959368380512494	-0.0070796460176991705	80698431.0
2025-08-01	-0.02500361323890732	0.011391433641901205	0.017823103316812805	-0.027321876810195045	-0.02500361323890732	104434473.0
2025-08-04	0.004792963731593991	-0.030161477722713603	-0.026687892124730883	0.0008684863523573672	0.004792963731593991	75109298.0
2025-08-05	-0.002114580772067942	-0.005403290873083777	-0.012218587646719237	0.002404859303334561	-0.002114580772067942	44155079.0
2025-08-06	0.050906761285235635	0.010963618485742233	0.04889451641180487	0.016966759002770226	0.050906761285235635	108483103.0
2025-08-07	0.03179366940211015	0.06441180761562038	0.025396972792274042	0.05345590738849171	0.03179366940211015	90224834.0
2025-08-08	0.04235786029177846	0.008932038834951417	0.045958795562599075	0.012328008126327505	0.04235786029177846	113853967.0
2025-08-11	-0.009461521691737418	0.03210614499841502	-0.006233766233766258	0.025131128848346673	-0.009461521691737418	61806132.0
2025-08-12	0.01087243595386922	0.0003729378729380173	0.005401637916013335	0.010277629471436178	0.01087243595386922	55672301.0
2025-08-13	0.016024384933594593	0.013442687660358388	0.0181975736568456	0.014797199101598713	0.016024384933594593	69878546.0
2025-08-14	-0.0023571765310933523	0.012918163327130472	0.0005106382978723456	0.0018226793386277862	-0.0023571765310933523	51916275.0
2025-08-15	-0.005112123034624938	-0.00023498750293737825	-0.0035726437563797786	-0.006562703053931029	-0.005112123034624938	56038657.0
2025-08-18	-0.0030225830130835574	-0.009829059829059905	-0.004951340276592053	0.003379335905989045	-0.0030225830130835574	37476188.0
2025-08-19	-0.0014292520247736196	-0.0018342684505825435	-0.001072409059711732	-0.003302768241275955	-0.0014292520247736196	39402564.0
2025-08-20	-0.019734559333795976	-0.005599394660036783	-0.010306179413406613	-0.015609330717244352	-0.019734559333795976	42263865.0
2025-08-21	-0.0049112871111897105	-0.016131837551091266	-0.017138890094155368	-0.008812508304912203	-0.0049112871111897105	30621249.0
2025-08-22	0.012716763005780285	-0.00044194988288337456	0.011345576549532055	0.007282139097079199	0.012716763005780285	42477811.0
2025-08-25	-0.0026343519494204104	0.001370650395720041	0.0009166703042473578	0.0036378155361340703	-0.0026343519494204104	30983133.0
2025-08-26	0.009464694488466208	0.0017220063581773193	0.0008286088094200394	-0.006807231578482065	0.009464694488466208	54575107.0
2025-08-27	0.005145872399808127	0.007669590514391533	0.006144058564643284	0.015888557568205064	0.005145872399808127	31259513.0
2025-08-28	0.008980866848887104	0.009667118673723829	0.010870506712862715	0.0047095417506353154	0.008980866848887104	38074700.0
2025-08-29	-0.001805985552115641	0.007321722554371357	-0.0001285291975493541	0.0088734820241132	-0.001805985552115641	39418437.0
2025-09-02	-0.010424743689153027	-0.014020902326781659	-0.010840689005056192	-0.01901715866361242	-0.010424743689153027	44075638.0
2025-09-03	0.038089848511231095	0.034721919302072024	0.03465453757851411	0.03255936907961421	0.038089848511231095	66427835.0
2025-09-04	0.005493353461651473	0.005227435605581476	0.004395645802805159	0.010155316606929476	0.005493353461651473	47549429.0
2025-09-05	-0.00037534406539330156	0.006479345774795586	0.005919552279930018	0.007392498099180633	-0.00037534406539330156	54870397.0
2025-09-08	-0.007551420584922197	-0.00289589366445131	-0.004848334162108392	-0.009015468566619833	-0.007551420584922197	48999495.0
2025-09-09	-0.014839414831007258	-0.009611366485583028	-0.005702685821361686	-0.012608953203012585	-0.014839414831007258	66313918.0
2025-09-10	-0.03225944100704081	-0.02031645569620255	-0.026637434798905235	-0.031753513884127615	-0.03225944100704081	83440810.0
2025-09-11	0.014286344195070466	-0.022869694424704434	-0.008476034764650198	0.0030980305377297235	0.014286344195070466	50208578.0
2025-09-12	0.017562926574794524	0.010336088154270007	0.017617704491212915	0.010456651224354685	0.017562926574794524	55824216.0
2025-09-15	0.011235955056179803	0.033941191868074316	0.015692294571659993	0.02624224958518906	0.011235955056179803	42699524.0
2025-09-16	0.006125897760878907	0.0007383966244727258	0.012720937067047355	0.005503552737948336	0.006125897760878907	63421099.0
2025-09-17	0.0035271887465881946	0.007568251291240502	-0.004643064422518828	0.005952010697201082	0.0035271887465881946	46508017.0
2025-09-18	-0.004644545796895327	0.004184625685232479	0.004581424406497225	-0.004543387648429875	-0.004644545796895327	44249576.0
2025-09-19	0.03203295779384563	0.005229820394215823	0.021144278606965328	0.01504584829917599	0.03203295779384563	163741314.0
2025-09-22	0.04309572301425657	0.02932946419318072	0.04198132358911888	0.032926939943532796	0.04309572301425657	105517416.0
2025-09-23	-0.006443298969072031	0.030507450664518654	0.0027275561097257484	0.02200548121876511	-0.006443298969072031	60275187.0
2025-09-24	-0.008332350744802097	-0.0025598436736687935	-0.006217455506333902	-0.010016562820411745	-0.008332350744802097	42303710.0
2025-09-25	0.01807300542982837	-0.007895149282971525	0.005591616485493001	0.0026768642447418944	0.01807300542982837	55202075.0
2025-09-26	-0.00548915793981386	0.0035149384885764245	0.0016720457285064327	0.008215738621917268	-0.00548915793981386	46076258.0
2025-09-29	-0.0040319423784546116	0.0018300242035458325	-0.010093167701863415	-0.0030341240444480277	-0.0040319423784546116	40127687.0
2025-09-30	0.0007860708249813886	0.0011588623507228224	0.003603921568627433	0.00039524129481049997	0.0007860708249813886	37704259.0
2025-10-01	0.0032203589522050713	0.000725902964430869	0.011218393319761377	0.0071905495634307925	0.0032203589522050713	48713940.0
2025-10-02	0.0065766294773927925	0.006018663739021379	-0.0023571235364582277	-0.003059663437021909	0.0065766294773927925	42630239.0
2025-10-03	0.0034612841753198786	-0.007444217090519345	0.004105662715934599	-0.0007869368483179873	0.0034612841753198786	49155614.0
2025-10-06	-0.005154639175257714	0.013056368169948929	-0.0006557629995371794	0.004331561330970679	-0.005154639175257714	44664118.0
2025-10-07	-0.000818107444777616	-0.004593201286871573	-0.006446134249430746	0.001489903940403714	-0.000818107444777616	31955776.0
2025-10-08	0.006160324391765393	-0.0011097914760227479	0.004351204351204396	0.0026621775046000717	0.006160324391765393	36496895.0
2025-10-09	-0.01557777261102078	0.005009355995633902	-0.002011449791118558	-0.011596579594705503	-0.01557777261102078	38322012.0
2025-10-10	-0.03452212250039355	-0.011113050561470939	-0.006279069767441858	-0.03610650233072599	-0.03452212250039355	61999098.0
2025-10-13	0.009744363354670327	-0.021809053110535825	-0.02609407910133399	0.006393442622950829	0.009744363354670327	38142942.0
2025-10-14	0.0004441573124445153	-0.011147646162482983	-0.0033841964035403738	-0.003502199055220756	0.0004441573124445153	35477986.0
2025-10-15	0.006336521774226167	0.011699107866991243	0.011955233177278979	0.011319983653453214	0.006336521774226167	33893611.0
2025-10-16	-0.007580011229646355	-0.004950197406657808	-0.011039631482805179	-0.009455691598981741	-0.007580011229646355	39776974.0
2025-10-17	0.0195595069711052	-0.0009264853977845044	0.01742691937038221	0.008730061599967476	0.0195595069711052	49146961.0
2025-10-20	0.03943874113123802	0.031711152326425296	0.0433933222827374	0.0338091964249605	0.03943874113123802	90483029.0
2025-10-21	0.0020210494203782847	0.023428493268460526	0.0034609929078015522	0.024253804326565653	0.0020210494203782847	46695748.0
2025-10-22	-0.016440232903299434	0.0029402779899190268	-0.00919748200082926	-0.024443341099186444	-0.016440232903299434	45011970.0
2025-10-23	0.0043722189978718795	-0.010317913573196225	-0.008483926193646685	0.010101006146498115	0.0043722189978718795	32752139.0
2025-10-24	0.012481701209646312	0.004808802031238013	0.013467884275957243	0.004534318617759547	0.012481701209646312	38253517.0
2025-10-27	0.02279126398295417	0.014127646540832428	0.018892212168250433	0.021105409368006756	0.02279126398295417	44888052.0
2025-10-28	0.0007068189427477112	0.01549758381153743	0.0028611771700355337	0.013224631315083446	0.0007068189427477112	41534547.0
2025-10-29	0.0026022304832713505	0.0010781270331057247	0.0056319241172331225	-0.003878426253962175	0.0026022304832713505	51086742.0
2025-10-30	0.006303299962921782	0.01008262928233239	0.010058582955675854	0.005128973082250798	0.006303299962921782	69886281.0
2025-10-31	-0.0037951363301399477	0.018383028787823052	0.011599912453490901	0.002532777115613838	-0.0037951363301399477	86167123.0
2025-11-03	-0.004882198468765031	-0.023719267843604452	-0.023330448579258478	-0.01081141328577806	-0.004882198468765031	50194063.0
2025-11-04	0.0036796134547483206	-0.007747208046742227	0.002348163189957342	0.005126760563380239	0.0036796134547483206	49271745.0
2025-11-05	0.00037031550881327924	0.0010621447871053125	0.0007882542746218135	-0.002559647254451347	0.00037031550881327924	43682972.0
2025-11-06	-0.0013696601762049898	-0.0026804661032725496	0.0062569009937429865	0.0035964485070991703	-0.0013696601762049898	51203925.0
2025-11-07	-0.004818919820587686	0.0071111277016686625	-0.004059985369421981	-0.00418082048602042	-0.004818919820587686	48227365.0
2025-11-10	0.003575818527209673	-0.0030949424563095906	0.005288479194975881	0.002567754994939442	0.003575818527209673	41312312.0
2025-11-11	0.021601158000222664	0.0031603212373587652	0.007964052168194957	0.008767830102260232	0.021601158000222664	46201578.0
2025-11-12	-0.006466848319709229	0.01923575849671999	-0.0006523866478199691	0.007042253521126751	-0.006466848319709229	48395767.0
2025-11-13	-0.0019014882802502742	-0.003236363636363593	0.003514307474703493	0.0014354066985644565	-0.0019014882802502742	49602794.0
2025-11-14	-0.0019783843194722817	-0.011163401554120655	-0.002670772210958572	-0.00915138373332336	-0.0019783843194722817	47431201.0
2025-11-17	-0.01817113909181034	-0.008245711123408994	-0.019821713291781284	-0.014354599406528168	-0.01817113909181034	44958759.0
2025-11-18	-7.477753682783028e-05	0.004371035842493987	0.0008133387555915306	-0.0015429195047605981	-7.477753682783028e-05	45677270.0
2025-11-19	0.004187855219862424	-0.01653764954257575	0.005540984817701711	0.0006784260515604323	0.004187855219862424	40334193.0
2025-11-20	-0.008601429848078657	0.01997928631955559	0.011829102531134117	0.0015819209039549254	-0.008601429848078657	45728132.0
2025-11-21	0.019680751173708932	-0.018018683306871508	-0.007624441781940994	-0.0009401323706378362	0.019680751173708932	58923249.0
2025-11-24	0.01631735975542381	0.018612521150592087	0.013426993012110033	0.019686076711709966	0.01631735975542381	65497571.0
2025-11-25	0.003805450855320469	0.016131413805832384	0.012202166064982034	0.01605758582502781	0.003805450855320469	46824959.0
2025-11-26	0.002094089612593386	0.006139426744650622	-0.0030315999714674025	0.005013623978201709	0.002094089612593386	33373748.0
2025-11-28	0.004683840749414525	0.001083188908145516	-0.0018960397810610097	-0.0023262119076022936	0.004683840749414525	20100859.0
2025-12-01	0.01524116908732287	0.002705042198658303	0.015842293906810134	0.0005561866250705094	0.01524116908732287	46517247.0
2025-12-02	0.010914871070293097	0.017948994640480498	0.01404276339002175	0.023502933294705652	0.010914871070293097	53605388.0
2025-12-03	-0.007128131660784853	0.011307420494699683	0.004244954766875475	0.0023702358665973478	-0.007128131660784853	43511522.0
2025-12-04	-0.012141474573288735	-0.007354996505939737	-0.013477929457417992	-0.016625485351217884	-0.012141474573288735	43952485.0
2025-12-05	-0.006840042750267283	-0.0125134198067548	-0.012608436062234496	-0.0019383323163070232	-0.006840042750267283	47255069.0
2025-12-08	-0.003192481526651747	-0.008590575319027627	-0.005231201536600838	-0.006833303362704712	-0.003192481526651747	38186003.0
2025-12-09	-0.0025549677930115644	0.00010786322942513138	0.0012897375578941883	0.0027883396704690977	-0.0025549677930115644	32153772.0
2025-12-10	0.005772422252687592	-0.0014739718147829262	-0.0009998928686211217	-0.001733352592806603	0.005772422252687592	33038108.0
2025-12-11	-0.0026902934213358654	0.0048424842484249275	-0.0005719392314567084	-0.009513818550137443	-0.0026902934213358654	33184801.0
2025-12-12	0.0008991835413445504	-0.004281696196635765	-0.001323366357880995	0.010993024359957637	0.0008991835413445504	39532644.0
2025-12-15	-0.014984907287623805	0.00809643756747036	0.0033307069694146207	-0.014377573874720051	-0.014984907287623805	50409068.0
2025-12-16	0.001824085221261429	-0.02616455470283774	-0.01659825093699796	-0.003848409324145874	0.001824085221261429	37648586.0
2025-12-17	-0.010087032518845018	0.008027270727952507	0.0023956442831216673	-0.0005518966849407114	-0.010087032518845018	50138543.0
2025-12-18	0.0012875220718069347	-0.005108905130722374	-0.009161355735805454	-0.01726549845383596	0.0012875220718069347	51630281.0
2025-12-19	0.0054373783019214805	-0.00533615979240154	0.0035449329386398887	0.01105075856902027	0.0054373783019214805	144567713.0
2025-12-22	-0.00986589688310735	0.002627275900714876	-0.002621995630007423	0.0022415709522045635	-0.00986589688310735	36508230.0
2025-12-23	0.005129719157102253	-0.007403063842263524	-0.00503870308164156	-0.00349346592484423	0.005129719157102253	29593863.0
2025-12-24	0.005323836099280221	0.005538325210456385	0.010752293577981575	0.00977518919721021	0.005323836099280221	17892492.0
2025-12-26	-0.0014973887001936692	0.006682822941911137	-0.0002178411937697744	0.0024431014530024164	-0.0014973887001936692	21521802.0
2025-12-29	0.0013167520117045584	-0.005361832506565634	-0.0036677924247375815	-0.001869090376017013	0.0013167520117045584	23715213.0
2025-12-30	-0.002483927527761609	0.00044006014155262285	-0.001020556932497585	-0.0002570222140629852	-0.002483927527761609	22139617.0
2025-12-31	-0.004467555295151526	0.0009163886954290934	-0.0014594279042614566	-0.0019465256353752292	-0.004467555295151526	27293639.0
