2024-12-31	-0.006962576153176681	0.0008703220191470659	0.004351610095735329	-0.019147084421235912	-0.006962576153176681	18878551
2024-12-30	-0.006055363321799332	0.0017301038062283367	0.006055363321799332	-0.00951557093425616	-0.006055363321799332	16737190
2024-12-27	-0.009425878320479815	0.0008568980291345147	0.002570694087403544	-0.011139674378748996	-0.009425878320479815	15965059
2024-12-26	-0.01932773109243701	0.0	0.002521008403361291	-0.020168067226890775	-0.01932773109243701	14199338
2024-12-25	-0.005016722408026797	0.002508361204013324	0.002508361204013324	-0.010033444816053593	-0.005016722408026797	7700485
2024-12-24	0.011844331641286003	0.0008460236886632645	0.012690355329949268	-0.001692047377326529	0.011844331641286003	9106458
2024-12-23	0.0	0.004230118443316323	0.015228426395939063	-0.0059221658206430015	0.0	13965545
2024-12-20	-0.008389261744966413	0.005872483221476534	0.010906040268456442	-0.011744966442953067	-0.008389261744966413	11290094
2024-12-19	-0.005838198498748981	-0.0066722268557131	-0.001668056713928238	-0.014178482068390319	-0.005838198498748981	9247848
2024-12-18	0.004187604690117312	0.004187604690117312	0.0167504187604691	0.004187604690117312	0.004187604690117312	8624753
2024-12-17	-0.009950248756218987	-0.004975124378109493	0.005804311774461051	-0.010779436152570545	-0.009950248756218987	9166512
2024-12-16	0.004163197335553765	-0.0008326394671107233	0.01332223147377187	-0.009991673605328828	0.004163197335553765	13584174
2024-12-13	-0.021986970684039056	-0.003257328990227944	-0.003257328990227944	-0.026058631921823984	-0.021986970684039056	13247360
2024-12-12	0.004088307440719455	0.0	0.004088307440719455	-0.005723630417007382	0.004088307440719455	9707067
2024-12-11	0.012417218543046386	-0.010761589403973575	0.018211920529801376	-0.01158940397350998	0.012417218543046386	13268264
2024-12-10	0.0	0.02235099337748341	0.04056291390728479	-0.0016556291390728123	0.0	16028288
2024-12-09	0.0033222591362127014	-0.001661129568106277	0.014950166112956936	-0.003322259136212554	0.0033222591362127014	13165638
2024-12-06	0.02207130730050932	0.0	0.023769100169779386	-0.001697792869269913	0.02207130730050932	18548489
2024-12-05	-0.005907172995780615	-0.0025316455696201994	-0.0008438818565400664	-0.010126582278480947	-0.005907172995780615	7467211
2024-12-04	-0.002525252525252621	-0.005050505050505092	0.0042087542087541185	-0.009259259259259361	-0.002525252525252621	9045519
2024-12-03	-0.004191114836546432	-0.005029337803855867	-0.0016764459346185728	-0.017602682313495314	-0.004191114836546432	14601340
2024-12-02	0.01016088060965277	-0.004233700254022075	0.011007620660457155	-0.017781541066892535	0.01016088060965277	16864349
2024-11-29	0.013733905579399153	0.0	0.016309012875536436	-0.0042918454935622925	0.013733905579399153	13207905
2024-11-28	-0.00935374149659859	-0.0008503401360544036	0.0008503401360544036	-0.00935374149659859	-0.00935374149659859	8867415
2024-11-27	0.007712082262210785	-0.005141388174807241	0.007712082262210785	-0.01371036846615254	0.007712082262210785	9216451
2024-11-26	0.0	-0.0017137960582690294	0.007712082262210785	-0.005998286203941755	0.0	8407562
2024-11-25	-0.004266211604095623	0.0017064846416381888	0.00938566552901019	-0.017064846416382343	-0.004266211604095623	13321894
2024-11-22	-0.04404567699836861	0.0	0.0032626427406199777	-0.045676998368678674	-0.04404567699836861	21224791
2024-11-21	-0.001628664495113972	-0.003257328990227944	0.0040716612377850745	-0.007328990228013018	-0.001628664495113972	9197168
2024-11-20	0.004909983633387784	0.0	0.009001636661211083	-0.009001636661211228	0.004909983633387784	11370679
2024-11-19	-0.0024489795918366825	-0.006530612244897965	0.00489795918367351	-0.019591836734693894	-0.0024489795918366825	14838560
2024-11-18	0.006573541495480696	0.0057518488085456275	0.03286770747740348	0.0008216926869350688	0.006573541495480696	21734972
2024-11-15	-0.011372867587327421	-0.00487408610885463	0.006498781478472792	-0.012185215272136504	-0.011372867587327421	13383470
2024-11-14	-0.036021926389976436	-0.0039154267815191025	0.0	-0.03915426781519186	-0.036021926389976436	21092900
2024-11-13	0.00630417651694248	-0.001576044129235585	0.020488573680063026	-0.00630417651694248	0.00630417651694248	20087899
2024-11-12	-0.0070422535211267494	0.0007824726134585123	0.02503912363067295	-0.015649452269170524	-0.0070422535211267494	31322077
2024-11-11	0.021582733812949607	0.01119104716227023	0.031175059952038415	0.0023980815347721313	0.021582733812949607	33383053
2024-11-08	-0.007930214115781098	0.010309278350515526	0.016653449643140434	-0.011895321173671577	-0.007930214115781098	22064240
2024-11-07	0.027709861450692735	-0.007334963325183363	0.027709861450692735	-0.012224938875305652	0.027709861450692735	24192401
2024-11-06	-0.008084074373484207	0.0016168148746969564	0.004850444624090582	-0.011317704122877834	-0.008084074373484207	18575490
2024-11-05	0.014766201804757975	0.0	0.014766201804757975	-0.008203445447087747	0.014766201804757975	21504585
2024-11-04	-0.0032706459525757093	0.007358953393295164	0.008994276369582947	-0.013900245298446436	-0.0032706459525757093	17059149
2024-11-01	0.011579818031430981	-0.002481389578163719	0.024813895781637778	-0.004962779156327585	0.011579818031430981	20063676
2024-10-31	-0.000826446280991718	0.0024793388429753004	0.005785123966942173	-0.008264462809917326	-0.000826446280991718	15892711
2024-10-30	-0.021827000808407403	-0.0032336297493936257	-0.0008084074373484064	-0.03395311236863379	-0.021827000808407403	20406901
2024-10-29	-0.04256965944272451	0.007739938080495328	0.007739938080495328	-0.04411764705882355	-0.04256965944272451	28143898
2024-10-28	0.02539682539682542	0.0	0.03174603174603177	-0.007936507936507908	0.02539682539682542	31770187
2024-10-25	0.016949152542372805	0.000807102502017739	0.020984665052461646	0.000807102502017739	0.016949152542372805	13346794
2024-10-24	-0.026708562450903365	-0.0039277297721917286	-0.0039277297721917286	-0.03142183817753341	-0.026708562450903365	12125905
2024-10-23	0.015961691939345657	-0.001596169193934523	0.02314445331205115	-0.007182761372705496	0.015961691939345657	17988078
2024-10-22	0.020358306188925084	-0.003257328990227944	0.02117263843648207	-0.010586319218240962	0.020358306188925084	15704099
2024-10-21	-0.008878127522195417	0.001614205004035478	0.006456820016142056	-0.025827280064568223	-0.008878127522195417	17681024
2024-10-18	0.0056818181818182045	-0.0032467532467533216	0.02191558441558438	-0.0316558441558442	0.0056818181818182045	24033389
2024-10-17	-0.017543859649122716	0.004784688995215351	0.010366826156299903	-0.019138755980861122	-0.017543859649122716	14812292
2024-10-16	0.0	-0.004784688995215209	0.009569377990430701	-0.01435406698564591	0.0	11341242
2024-10-15	-0.021077283372365443	0.0007806401249024033	0.008587041373926576	-0.021077283372365443	-0.021077283372365443	15298781
2024-10-14	0.013449367088607589	0.003955696202531561	0.030063291139240427	-0.0007911392405063122	0.013449367088607589	20857067
2024-10-11	-0.024691358024691377	0.0046296296296295305	0.018518518518518396	-0.03549382716049389	-0.024691358024691377	21227078
2024-10-10	0.026941362916006472	0.01030110935023778	0.06022187004754371	-0.011885895404120331	0.026941362916006472	29802759
2024-10-09	-0.09728183118741067	-0.033619456366237525	-0.030042918454935615	-0.09871244635193138	-0.09728183118741067	39074177
2024-10-08	0.024926686217008786	0.09970674486803514	0.09970674486803514	0.0007331378299120078	0.024926686217008786	61299940
2024-09-30	0.09382518043303928	0.044105854049719236	0.09943865276663995	0.023255813953488302	0.09382518043303928	39706661
2024-09-27	0.04438860971524298	0.021775544388609697	0.05360134003350089	0.0	0.04438860971524298	31869481
2024-09-26	0.06322350845948344	0.0008904719501335518	0.064113980409617	-0.008014247551202124	0.06322350845948344	24027127
2024-09-25	-0.017497812773403263	0.04811898512685921	0.05511811023622054	-0.025371828521434745	-0.017497812773403263	31612259
2024-09-24	0.07525870178739406	0.006585136406396849	0.08090310442144867	0.006585136406396849	0.07525870178739406	22422080
2024-09-23	0.012380952380952456	-0.0019047619047618642	0.020952380952381014	-0.005714285714285762	0.012380952380952456	8614158
2024-09-20	-0.015009380863039413	-0.0028142589118198276	-0.0018761726078798848	-0.02345215759849906	-0.015009380863039413	7774634
2024-09-19	0.010426540284360134	0.009478672985781957	0.02654028436018951	-0.005687203791469241	0.010426540284360134	8371259
2024-09-18	0.02030947775628635	0.0	0.02611218568665373	-0.0029013539651836905	0.02030947775628635	10018160
2024-09-13	-0.005769230769230817	0.0	0.024038461538461536	-0.007692307692307699	-0.005769230769230817	16032739
2024-09-12	-0.024390243902439004	0.0018761726078798848	0.004690431519699879	-0.02814258911819894	-0.024390243902439004	13925807
2024-09-11	-0.0083720930232558	0.005581395348837255	0.005581395348837255	-0.013023255813953541	-0.0083720930232558	12908974
2024-09-10	-0.010128913443830519	0.002762430939226624	0.007366482504604059	-0.018416206261510065	-0.010128913443830519	7605080
2024-09-09	-0.02688172043010759	0.0008960573476702318	0.0035842293906809273	-0.034050179211469606	-0.02688172043010759	9603264
2024-09-06	-0.008880994671403165	-0.003552397868561203	0.006216696269982263	-0.009769094138543467	-0.008880994671403165	3759837
2024-09-05	0.008960573476702477	0.0017921146953404636	0.008960573476702477	-0.0035842293906810864	0.008960573476702477	4867170
2024-09-04	-0.01151461470327715	-0.007971656333038075	0.002657218777679463	-0.019486271036315225	-0.01151461470327715	7556083
2024-09-03	-0.005286343612334846	0.002643171806167501	0.012334801762114588	-0.007929515418502191	-0.005286343612334846	5711997
2024-09-02	-0.015611448395490002	-0.005203816131829898	0.0026019080659151032	-0.027753686036426584	-0.015611448395490002	8813013
2024-08-30	0.014072119613016723	-0.0017590149516270514	0.029903254177660654	-0.017590149516270828	0.014072119613016723	11053117
2024-08-29	-0.005249343832021041	-0.0017497812773402952	0.004374453193350894	-0.006124234470691188	-0.005249343832021041	6256869
2024-08-28	0.003511852502194833	0.0008779631255487082	0.010535557506584654	-0.005267778753292405	0.003511852502194833	5175509
2024-08-27	-0.007839721254355388	-0.002613240418118566	-0.0017421602787456073	-0.015679442508710777	-0.007839721254355388	4865750
2024-08-26	-0.004336513443191582	0.004336513443191736	0.007805724197745001	-0.011274934952298267	-0.004336513443191582	5557770
2024-08-23	0.017652250661959336	-0.0017652250661959023	0.027360988526037112	-0.0026478375992938534	0.017652250661959336	7224097
2024-08-22	-0.01220575414123806	0.0	0.0026155187445509468	-0.013949433304272025	-0.01220575414123806	5687811
2024-08-21	-0.0026086956521738573	-0.0017391304347825717	0.005217391304347869	-0.013043478260869596	-0.0026086956521738573	6952078
2024-08-20	-0.02210884353741495	0.002551020408163211	0.002551020408163211	-0.026360544217687118	-0.02210884353741495	8411722
2024-08-19	0.017301038062283676	0.0	0.027681660899654004	0.0	0.017301038062283676	9116469
2024-08-16	-0.019508057675996494	0.003392705682782097	0.004240882103477584	-0.024597116200169564	-0.019508057675996494	8383603
2024-08-15	0.011149228130360121	-0.004288164665523217	0.019725557461406553	-0.00514579759862783	0.011149228130360121	9938693
2024-08-14	-0.031561461794019856	0.0016611295681064244	0.00415282392026584	-0.03571428571428569	-0.031561461794019856	11156427
2024-08-13	-0.015535568274734363	0.002452984464431673	0.005723630417007382	-0.0253475061324612	-0.015535568274734363	8779735
2024-08-12	-0.0024469820554648743	0.004078303425774935	0.004078303425774935	-0.010603588907014601	-0.0024469820554648743	3298143
2024-08-09	-0.0032520325203252783	0.003252032520325134	0.009756097560975546	-0.004065040650406562	-0.0032520325203252783	4430509
2024-08-08	-0.006462035541195482	-0.0032310177705978126	0.0	-0.016962843295638193	-0.006462035541195482	4563500
2024-08-07	0.017255546425636883	0.0008216926869350688	0.03204601479046841	-0.008216926869350834	0.017255546425636883	10321672
2024-08-06	0.008285004142502042	0.006628003314001663	0.011599005799502947	-0.0024855012427507156	0.008285004142502042	6175558
2024-08-05	-0.01227495908346975	-0.0049099836333879295	0.011456628477904974	-0.01227495908346975	-0.01227495908346975	6837285
2024-08-02	-0.011326860841423852	-0.00647249190938512	0.005663430420711997	-0.015372168284789604	-0.011326860841423852	8560187
2024-08-01	-0.007228915662650591	-0.0016064257028112108	0.00963855421686755	-0.009638554216867408	-0.007228915662650591	6639107
2024-07-31	0.014669926650366726	0.003259983700081575	0.016299918500407587	-0.005704971475142648	0.014669926650366726	9924101
2024-07-30	-0.002439024390243995	-0.0032520325203252783	0.003252032520325134	-0.013008130081300823	-0.002439024390243995	6905184
2024-07-29	-0.0008123476848090809	0.0008123476848090809	0.006498781478472792	-0.008935824532900179	-0.0008123476848090809	7918534
2024-07-26	0.009844134536505414	0.0	0.019688269073010682	-0.006562756357670228	0.009844134536505414	7844650
2024-07-25	0.0008210180623973553	-0.007389162561576343	0.0032840722495895668	-0.01888341543513961	0.0008210180623973553	9405815
2024-07-24	0.0008216926869350688	-0.0016433853738701376	0.00986031224322097	-0.0073952341824157644	0.0008216926869350688	7650589
2024-07-23	-0.03335980937251787	-0.0007942811755361228	0.0031771247021446327	-0.03415409054805399	-0.03335980937251787	12874513
2024-07-22	-0.015637216575449517	0.0031274433150899864	0.0031274433150899864	-0.020328381548084425	-0.015637216575449517	7537035
2024-07-19	-0.013117283950617415	-0.0007716049382717255	-0.0007716049382717255	-0.019290123456790122	-0.013117283950617415	8785603
2024-07-18	0.0046511627906977125	-0.0046511627906977125	0.007751937984496096	-0.010852713178294617	0.0046511627906977125	5364604
2024-07-17	0.000775795190069805	-0.0023273855702095527	0.008533747090767993	-0.006206361520558578	0.000775795190069805	7530010
2024-07-16	-0.017530487804877946	-0.0038109756097560164	0.003810975609756152	-0.020579268292682897	-0.017530487804877946	8553430
2024-07-15	0.010785824345146286	-0.00924499229583983	0.02080123266563941	-0.010015408320493127	0.010785824345146286	6871381
2024-07-12	-0.010670731707316982	0.0007621951219513387	0.0060975609756097615	-0.010670731707316982	-0.010670731707316982	7336412
2024-07-11	0.01784328937160579	0.008533747090767993	0.025601241272304117	0.008533747090767993	0.01784328937160579	8685705
2024-07-10	-0.014525993883792011	-0.003058103975535239	0.0038226299694190144	-0.0160550458715597	-0.014525993883792011	8825851
2024-07-09	-0.0053231939163498315	0.0	0.006083650190114073	-0.010646387832699663	-0.0053231939163498315	9066520
2024-07-08	-0.029520295202952053	-0.006642066420664196	-0.003690036900369056	-0.03690036900369004	-0.029520295202952053	11766082
2024-07-05	0.007434944237918322	0.0059479553903345785	0.010408921933085544	-0.0014869888475836114	0.007434944237918322	5152381
2024-07-04	-0.0051775147928994295	0.007396449704141985	0.012573964497041415	-0.0066568047337278	-0.0051775147928994295	6816400
2024-07-03	-0.01815541031227306	-0.0007262164124909068	0.005083514887436477	-0.020334059549745778	-0.01815541031227306	6742630
2024-07-02	-0.007925072046109597	0.008645533141210318	0.008645533141210318	-0.010086455331412144	-0.007925072046109597	6695313
2024-07-01	0.022844509948415657	-0.001473839351510654	0.03021370670596906	-0.002947678703021439	0.022844509948415657	8345640
2024-06-28	-0.016666666666666698	-0.002898550724637748	0.0021739130434782145	-0.02173913043478266	-0.016666666666666698	8144338
2024-06-27	-0.012168933428775943	0.0035790980672869674	0.005726556907659275	-0.022190408017179704	-0.012168933428775943	5638996
2024-06-26	0.0028715003589376113	-0.0021536252692031127	0.007896625987078208	-0.010050251256281449	0.0028715003589376113	3542155
2024-06-25	-0.0014336917562723709	0.0007168458781363128	0.012186379928315408	-0.010035842293906723	-0.0014336917562723709	4851596
2024-06-24	-0.012738853503184818	-0.005661712668082099	0.00424628450106148	-0.023354564755838646	-0.012738853503184818	5020074
2024-06-21	-0.008421052631578892	0.0028070175438595895	0.011929824561403504	-0.01052631578947371	-0.008421052631578892	4569061
2024-06-20	-0.020618556701030976	-0.002749140893470854	0.0061855670103092685	-0.023367697594501708	-0.020618556701030976	4553123
2024-06-19	0.018194541637508856	0.0	0.028691392582225344	-0.004198740377886544	0.018194541637508856	7712196
2024-06-18	0.02217453505007144	-0.0014306151645207133	0.022889842632331923	-0.0035765379113019105	0.02217453505007144	7790486
2024-06-17	-0.024424284717376107	-0.004187020237264515	0.0006978367062107318	-0.03000697836706209	-0.024424284717376107	9321453
2024-06-14	-0.013764624913971046	-0.0034411562284927004	0.0020646937370957423	-0.020646937370956568	-0.013764624913971046	7288035
2024-06-13	-0.011564625850340132	-0.0068027210884353505	0.0	-0.025850340136054355	-0.011564625850340132	9362906
2024-06-12	0.013793103448275813	0.0	0.015172413793103492	-0.0034482758620690145	0.013793103448275813	5987443
2024-06-11	-0.030100334448160487	-0.010033444816053417	-0.004013377926421319	-0.03076923076923071	-0.030100334448160487	8351619
2024-06-07	-0.000668449197861067	0.00401069518716569	0.009358288770053395	-0.012700534759358374	-0.000668449197861067	6826143
2024-06-06	-0.009271523178807868	-0.003973509933774867	0.011920529801324485	-0.013245033112582735	-0.009271523178807868	5732041
2024-06-05	0.0013262599469495739	0.003978779840848839	0.01591511936339524	-0.0019893899204243607	0.0013262599469495739	8331854
2024-06-04	0.035714285714285685	0.0	0.037087912087912026	-0.004120879120879155	0.035714285714285685	12374294
2024-06-03	-0.035122597746852176	-0.02451954937044395	-0.007952286282306112	-0.042412193505632904	-0.035122597746852176	15427920
2024-05-31	-0.005928853754940702	0.0013175230566534633	0.005928853754940702	-0.011857707509881405	-0.005928853754940702	26780011
2024-05-30	-0.020645161290322598	0.008387096774193598	0.012258064516129	-0.02774193548387095	-0.020645161290322598	12731080
2024-05-29	0.0137344669718771	0.000654022236756152	0.0222367560497058	-0.005232177894048286	0.0137344669718771	8495228
2024-05-28	0.005921052631578938	0.005921052631578938	0.01578947368421054	0.0	0.005921052631578938	7385346
2024-05-27	0.006622516556291367	0.0	0.015231788079470227	-0.0026490066225165	0.006622516556291367	6797240
2024-05-24	0.004657351962741203	-0.003992015968063787	0.018629407850964813	-0.003992015968063787	0.004657351962741203	7874900
2024-05-23	-0.027184466019417472	-0.009708737864077579	0.0	-0.03300970873786407	-0.027184466019417472	12032484
2024-05-22	-0.013409961685823809	-0.006385696040868432	0.008939974457215873	-0.0172413793103448	-0.013409961685823809	7453002
2024-05-21	-0.006345177664974597	0.0006345177664974484	0.0057106598984771485	-0.011421319796954297	-0.006345177664974597	6154380
2024-05-20	0.0038216560509554457	0.0012738853503185574	0.008280254777070114	-0.016560509554140113	0.0038216560509554457	10972346
2024-05-17	-0.011957205789804989	-0.002517306482064249	0.0018879798615481032	-0.032724984266834574	-0.011957205789804989	13763100
2024-05-16	-0.006253908692933061	0.002501563477173291	0.01938711694809259	-0.009380863039399646	-0.006253908692933061	9216474
2024-05-15	0.0037664783427495607	0.004394224733207802	0.016949152542372854	-0.001255492780916483	0.0037664783427495607	7558264
2024-05-14	-0.0006273525721455324	0.0	0.00690087829360108	-0.008782936010037566	-0.0006273525721455324	6245514
2024-05-13	-0.004372267332917055	-0.006246096189881412	0.008744534665833666	-0.016864459712679657	-0.004372267332917055	8905947
2024-05-10	-0.01658476658476656	-0.02948402948402951	-0.010442260442260546	-0.034398034398034426	-0.01658476658476656	14505380
2024-05-09	0.025834908632640322	0.0	0.027095148078134942	0.0	0.025834908632640322	13365880
2024-05-08	-0.004391468005018839	-0.0025094102885821297	0.005018820577164371	-0.008782936010037566	-0.004391468005018839	7557047
2024-05-07	0.0037783375314860653	0.0006297229219143442	0.008816120906800931	-0.008186397984886698	0.0037783375314860653	10144357
2024-05-06	0.019910083493898556	0.016698779704560036	0.02376364804110464	-0.013487475915221635	0.019910083493898556	14431472
2024-04-30	0.00257566001287836	-0.0025756600128782454	0.032195750160978864	-0.006439150032195727	0.00257566001287836	16766491
2024-04-29	-0.008301404853129041	-0.004469987228607936	-0.004469987228607936	-0.03448275862068972	-0.008301404853129041	12032800
2024-04-26	0.011627906976744167	-0.005813953488372083	0.012919896640826828	-0.02777777777777776	0.011627906976744167	14910862
2024-04-25	-0.00959692898272555	0.0	0.008957133717210415	-0.021113243761996164	-0.00959692898272555	9845643
2024-04-24	0.014276443867618472	0.0006489292667099148	0.017521090201168044	-0.012329656067488612	0.014276443867618472	11432755
2024-04-23	-0.05285802089735706	-0.01598033189920086	-0.00676090964966192	-0.059618930547018986	-0.05285802089735706	18991328
2024-04-22	-0.02574850299401196	-0.005389221556886219	0.0347305389221558	-0.029940119760479042	-0.02574850299401196	16861584
2024-04-19	0.03726708074534148	-0.0012422360248449146	0.0503105590062111	-0.004347826086956539	0.03726708074534148	21937721
2024-04-18	-0.018890920170627587	-0.0006093845216332457	0.012187690432662967	-0.031687995124923804	-0.018890920170627587	21559252
2024-04-17	0.06697009102730815	0.0	0.07347204161248379	-0.020806241872561786	0.06697009102730815	25630598
2024-04-16	0.0	0.0	0.019505851755526587	-0.011053315994798434	0.0	15637600
2024-04-15	0.014511873350923524	0.0	0.024406332453825806	-0.010554089709762543	0.014511873350923524	11469592
2024-04-12	0.0046388336646786136	0.0006626905235254995	0.01524188204108684	-0.009940357852882727	0.0046388336646786136	6511343
2024-04-11	0.006671114076050677	-0.0026684456304203416	0.019346230820546973	-0.02001334222815215	0.006671114076050677	7765906
2024-04-10	0.0026755852842809983	0.0006688963210703387	0.014715719063545194	-0.006020066889632098	0.0026755852842809983	6894374
2024-04-09	-0.02795838751625497	-0.006501950585175644	-0.0039011703511053638	-0.03381014304291296	-0.02795838751625497	10221610
2024-04-08	0.0072036673215455935	0.0006548788474132146	0.02685003274394238	-0.007858546168958692	0.0072036673215455935	13250641
2024-04-03	0.0046052631578947555	0.0	0.006578947368421147	-0.011842105263157876	0.0046052631578947555	7994498
2024-04-02	0.01876675603217154	-0.001340482573726513	0.02546916890080434	-0.002680965147453026	0.01876675603217154	11980255
2024-04-01	-0.011920529801324485	0.000662251655629125	0.0026490066225166174	-0.026490066225165587	-0.011920529801324485	9364363
2024-03-29	0.022342586323628982	-0.0020311442112389546	0.023019634394041966	-0.0033852403520649244	0.022342586323628982	8986615
2024-03-28	-0.006056527590847904	-0.004710632570659508	0.01144010767160161	-0.013458950201884206	-0.006056527590847904	9378141
2024-03-27	-0.006020066889632098	-0.0033444816053510994	0.008695652173913096	-0.010033444816053417	-0.006020066889632098	7528975
2024-03-26	-0.011896893588896331	-0.0066093853271646675	0.0	-0.030403172504957093	-0.011896893588896331	11007015
2024-03-25	0.029251700680272212	-0.006122448979591828	0.040816326530612346	-0.009523809523809441	0.029251700680272212	20452157
2024-03-22	0.0	-0.006122448979591828	0.006122448979591828	-0.02040816326530605	0.0	10222727
2024-03-21	-0.008097165991902902	0.0	0.008771929824561335	-0.009446693657220012	-0.008097165991902902	7811000
2024-03-20	-0.009358288770053513	-0.00668449197860972	0.004679144385026638	-0.023395721925133783	-0.009358288770053513	12995632
2024-03-19	-0.010582010582010474	0.0	0.0059523809523810605	-0.012566137566137534	-0.010582010582010474	7364115
2024-03-18	-0.013054830287206335	0.00652741514360311	0.0071801566579634095	-0.024151436031331658	-0.013054830287206335	10894558
2024-03-15	0.005909389363099137	-0.0019697964543664566	0.007879185817465478	-0.014445173998686844	0.005909389363099137	10470558
2024-03-14	-0.02057877813504825	0.005144694533762062	0.009003215434083523	-0.0270096463022508	-0.02057877813504825	8991215
2024-03-13	0.009740259740259763	-0.0025974025974026572	0.01168831168831167	-0.012337662337662305	0.009740259740259763	11748260
2024-03-12	-0.019108280254777003	0.0019108280254777794	0.005732484076433112	-0.0350318471337579	-0.019108280254777003	17694310
2024-03-11	-0.018136335209506	0.0018761726078798848	0.01688555347091941	-0.027517198248905535	-0.018136335209506	14349424
2024-03-08	0.008832807570977954	0.0012618296529968186	0.022082018927444772	0.0006309148264984093	0.008832807570977954	12461148
2024-03-07	0.012132822477650032	0.0	0.0344827586206896	-0.002554278416347441	0.012132822477650032	15415260
2024-03-06	0.024198822759973905	0.000654022236756152	0.028776978417266272	-0.002616088947024143	0.024198822759973905	12090322
2024-03-05	0.01392572944297076	-0.005305039787798413	0.017241379310344813	-0.010610079575596827	0.01392572944297076	13298329
2024-03-04	0.026548672566371723	-0.0027229407760380633	0.029271613342409783	-0.003403675970047579	0.026548672566371723	15470446
2024-03-01	0.008236101578586083	-0.0013726835964309933	0.008236101578586083	-0.004118050789293102	0.008236101578586083	7942242
2024-02-29	0.014623955431754935	-0.005571030640668529	0.017409470752089137	-0.009749303621169833	0.014623955431754935	7942204
2024-02-28	0.000696864111498243	-0.003484320557491215	0.014634146341463474	-0.003484320557491215	0.000696864111498243	8994197
2024-02-27	-0.007607192254495242	-0.0027662517289073945	0.0	-0.017289073305670814	-0.007607192254495242	10029018
2024-02-26	-0.005502063273727531	0.0006877579092160635	0.010316368638239365	-0.005502063273727531	-0.005502063273727531	6714079
2024-02-23	-0.010884353741496608	0.0006802721088436438	0.009523809523809563	-0.01768707482993196	-0.010884353741496608	6818366
2024-02-22	0.00547195622435021	-0.002051983584131283	0.008207934336525377	-0.008207934336525256	0.00547195622435021	5266526
2024-02-21	-0.007467752885268242	-0.0047522063815343026	0.003394433129667273	-0.01697216564833673	-0.007467752885268242	8588665
2024-02-20	0.02149791955617202	-0.0013869625520110662	0.03744798890429965	-0.007628294036060987	0.02149791955617202	10195797
2024-02-19	0.012640449438202228	-0.002808988764045009	0.016853932584269676	-0.007022471910112334	0.012640449438202228	11033749
2024-02-08	-0.0007017543859648974	-0.020350877192982397	0.007017543859649098	-0.028070175438596516	-0.0007017543859648974	15997236
2024-02-07	-0.002100840336134409	0.0035014005602241396	0.0035014005602241396	-0.026610644257703014	-0.002100840336134409	18797984
2024-02-06	0.021459227467811082	-0.005722460658082981	0.027896995708154418	-0.016452074391988585	0.021459227467811082	14502658
2024-02-05	0.0159883720930233	-0.004360465116279106	0.024709302325581384	-0.029069767441860492	0.0159883720930233	12589043
2024-02-02	0.008058608058608016	0.0	0.034432234432234345	-0.018315018315018316	0.008058608058608016	10892592
2024-02-01	-0.01086956521739133	-0.004347826086956557	0.008695652173912986	-0.01086956521739133	-0.01086956521739133	9911110
2024-01-31	0.007299270072992805	-0.001459854014598509	0.021167883211678902	-0.01313868613138684	0.007299270072992805	11587563
2024-01-30	-0.01438848920863317	-0.0064748201438848815	0.002877697841726557	-0.017266187050359726	-0.01438848920863317	8368453
2024-01-29	0.010174418604651203	0.005813953488372098	0.026889534883721002	-0.005087209302325602	0.010174418604651203	11341501
2024-01-26	0.018504811250925242	-0.0022205773501109815	0.025166543301258316	-0.011102886750555171	0.018504811250925242	11039888
2024-01-25	0.021936459909228375	0.006051437216338886	0.03479576399394849	-0.008320726172466052	0.021936459909228375	11776271
2024-01-24	0.03200624512099923	0.003122560499609613	0.033567525370804034	-0.0007806401249024033	0.03200624512099923	8561092
2024-01-23	0.02071713147410357	0.0	0.024701195219123402	-0.015139442231075799	0.02071713147410357	5897566
2024-01-22	-0.0419847328244274	-0.0030534351145037517	0.0	-0.04961832061068705	-0.0419847328244274	8654709
2024-01-19	-0.009826152683295598	0.0015117157974300509	0.002267573696145076	-0.02040816326530609	-0.009826152683295598	6557770
2024-01-18	-0.012686567164179098	-0.009701492537313491	-0.006716417910447751	-0.0388059701492537	-0.012686567164179098	9372510
2024-01-17	-0.01398086828550401	-0.0007358351729212499	0.00515084621044888	-0.01398086828550401	-0.01398086828550401	5793400
2024-01-16	0.002212389380530926	-0.0007374631268436421	0.005899705014749268	-0.01327433628318582	0.002212389380530926	6633400
2024-01-15	-0.002941176470588173	-0.003676470588235216	0.016911764705882383	-0.0051470588235294325	-0.002941176470588173	6515158
2024-01-12	0.0051736881005173905	0.0022172949002218136	0.010347376201034781	-0.01034737620103465	0.0051736881005173905	7719645
2024-01-11	-0.02169197396963129	-0.003615328994938591	0.0	-0.033261026753434626	-0.02169197396963129	10078780
2024-01-10	-0.012142857142857138	-0.0042857142857143215	0.0007142857142856991	-0.01642857142857146	-0.012142857142857138	5322543
2024-01-09	0.0	0.0	0.0071428571428571175	-0.013571428571428536	0.0	7347649
2024-01-08	-0.01199717713479181	-0.005645730416372623	0.0035285815102329364	-0.014820042342978058	-0.01199717713479181	5203300
2024-01-05	-0.010474860335195556	-0.004888268156424601	0.004888268156424601	-0.01606145251396651	-0.010474860335195556	6680800
2024-01-04	-0.0027855153203342024	-0.0006963788300835506	0.0027855153203343265	-0.022980501392757667	-0.0027855153203342024	8078363
2024-01-03	0.012693935119887145	0.0	0.019040902679830718	-0.0028208744710859768	0.012693935119887145	5634918
2024-01-02	0.009971509971510013	-0.0007122507122506971	0.02136752136752142	-0.009971509971509886	0.009971509971510013	6777514
2023-12-29	0.010799136069114368	0.006479481641468672	0.01367890568754496	-0.002879769618430592	0.010799136069114368	5579569
2023-12-28	0.026607538802660844	0.0022172949002218136	0.02956393200295642	0.0	0.026607538802660844	8122491
2023-12-27	0.010455563853622016	0.0007468259895444202	0.01493651979088867	-0.008961911874533308	0.010455563853622016	5524870
2023-12-26	0.002996254681648009	-0.0014981273408239382	0.007490636704119823	-0.0104868913857677	0.002996254681648009	4642156
2023-12-25	0.003005259203606247	0.0	0.006761833208114189	-0.007513148009015751	0.003005259203606247	3374381
2023-12-22	0.008333333333333425	0.006060606060606067	0.01363636363636375	-0.0068181818181818074	0.008333333333333425	5354741
2023-12-21	0.0038022813688212117	-0.0053231939163498315	0.009125475285171042	-0.01292775665399239	0.0038022813688212117	4319702
2023-12-20	0.0015232292460014907	0.0007616146230007454	0.012185833968012061	-0.003808073115003862	0.0015232292460014907	3754952
2023-12-19	-0.004548900682335005	-0.0015163002274450018	-0.0007581501137225009	-0.020470053070507928	-0.004548900682335005	5451722
2023-12-18	-0.0007575757575757414	-0.0015151515151514828	0.008333333333333425	-0.010606060606060515	-0.0007575757575757414	3976286
2023-12-15	-0.001512859304084822	0.0022692889561270317	0.016641452344931834	-0.001512859304084822	-0.001512859304084822	4176421
2023-12-14	-0.002264150943396178	0.0	0.0030188679245282376	-0.003773584905660431	-0.002264150943396178	3081723
2023-12-13	-0.023581429624170987	-0.006632277081798073	-0.002947678703021439	-0.025792188651436967	-0.023581429624170987	6377310
2023-12-12	-0.017378711078928327	-0.007241129616220104	-0.006517016654598107	-0.03620564808110065	-0.017378711078928327	9081005
2023-12-11	-0.005043227665706072	-0.0021613832853026754	-0.0021613832853026754	-0.028097982708933756	-0.005043227665706072	5951661
2023-12-08	0.014619883040935752	0.0	0.02923976608187137	-0.008771929824561346	0.014619883040935752	5979684
2023-12-07	0.011086474501108674	0.0007390983000738941	0.01552106430155217	-0.007390983000739072	0.011086474501108674	4739326
2023-12-06	-0.024513338139870215	-0.002883922134102318	-0.0007209805335255795	-0.028118240807498113	-0.024513338139870215	8602446
2023-12-05	-0.016312056737588683	-0.0035460992907800663	0.0014184397163120265	-0.017021276595744695	-0.016312056737588683	5390490
2023-12-04	-0.0007087172218284754	0.0028348688873140273	0.01346562721474141	-0.004961020552799454	-0.0007087172218284754	3897137
2023-12-01	-0.01051893408134645	0.0	0.0028050490883591113	-0.014025245441795182	-0.01051893408134645	5714560
2023-11-30	-0.004884856943475247	-0.003489183531053783	0.002791346824842927	-0.009769713886950493	-0.004884856943475247	3376190
2023-11-29	-0.0027835768963117014	-0.005567153792623527	0.0020876826722338996	-0.007654836464857303	-0.0027835768963117014	3513773
2023-11-28	-0.001389854065323235	0.004169562195969334	0.004169562195969334	-0.017373175816539264	-0.001389854065323235	3975889
2023-11-27	-0.0006944444444444296	0.0	0.00763888888888885	-0.01319444444444441	-0.0006944444444444296	5456205
2023-11-24	0.016949152542372895	0.0	0.01977401129943498	-0.003531073446327734	0.016949152542372895	9763333
2023-11-23	0.008547008547008619	0.0	0.01068376068376071	-0.008547008547008492	0.008547008547008619	5589805
2023-11-22	-0.022284122562674116	-0.0006963788300835506	-0.0006963788300835506	-0.023676880222841215	-0.022284122562674116	5936858
2023-11-21	0.007719298245613996	0.0007017543859648974	0.0196491228070175	-0.0035087719298246113	0.007719298245613996	11426307
2023-11-20	0.000702247191011221	0.0	0.006320224719101114	-0.011235955056179785	0.000702247191011221	6785173
2023-11-17	-0.0028011204481792123	-0.004201680672268818	0.004901960784313745	-0.007002801120448154	-0.0028011204481792123	4010970
2023-11-16	0.005633802816901414	-0.0007042253521126611	0.01197183098591549	-0.00985915492957738	0.005633802816901414	6719443
2023-11-15	0.015010721944245823	0.004288777698356004	0.015725518227305262	-0.003573981415296691	0.015010721944245823	10339248
2023-11-14	-0.005685856432125094	0.0014214641080312418	0.0021321961620468627	-0.012082444918265808	-0.005685856432125094	5096583
2023-11-13	0.010050251256281449	0.004307250538406353	0.01148600143575019	-0.0035893754486718546	0.010050251256281449	7626722
2023-11-10	-0.008540925266903985	0.002135231316725933	0.0035587188612098883	-0.01992882562277588	-0.008540925266903985	5226602
2023-11-09	0.009339080459770171	-0.005747126436781614	0.015086206896551786	-0.005747126436781614	0.009339080459770171	6345967
2023-11-08	-0.018335684062059224	0.0	0.0007052186177714942	-0.02679830747531728	-0.018335684062059224	14661994
2023-11-07	-0.021394064872325775	-0.0006901311249137189	0.0034506556245685943	-0.02691511387163565	-0.021394064872325775	13799375
2023-11-06	0.003462603878116393	0.004155124653739647	0.020083102493074857	-0.000692520775623254	0.003462603878116393	8835390
2023-11-03	0.0027777777777777185	0.0013888888888888592	0.01458333333333327	-0.0006944444444444296	0.0027777777777777185	6216156
2023-11-02	-0.015047879616962988	-0.004787961696306328	0.0	-0.015047879616962988	-0.015047879616962988	4545544
2023-11-01	0.007580978635423807	0.004824259131633376	0.019986216402481112	-0.011716057891109575	0.007580978635423807	7485136
2023-10-31	-0.02878179384203479	0.002677376171352137	0.006693440428380164	-0.03279785809906293	-0.02878179384203479	10101333
2023-10-30	-0.02032786885245905	-0.0019672131147540563	0.011803278688524571	-0.027540983606557372	-0.02032786885245905	11266206
2023-10-27	-0.005867014341590603	-0.005867014341590603	0.002607561929595888	-0.011734028683181207	-0.005867014341590603	5296790
2023-10-26	0.00788436268068326	-0.007227332457293114	0.009198423127463783	-0.01379763469119585	0.00788436268068326	5932372
2023-10-25	0.024915824915824985	0.001346801346801318	0.035690235690235765	0.001346801346801318	0.024915824915824985	7716616
2023-10-24	0.019917582417582357	0.0006868131868131721	0.019917582417582357	-0.016483516483516498	0.019917582417582357	5376402
2023-10-23	0.0006872852233676829	0.0027491408934707316	0.021305841924398536	-0.013058419243986341	0.0006872852233676829	5558127
2023-10-20	0.01890756302521018	-0.002100840336134409	0.028011204481792742	-0.009103641456582564	0.01890756302521018	6893348
2023-10-19	-0.029231815091774402	-0.006118286879673802	-0.000679809653297183	-0.035350101971448084	-0.029231815091774402	5946520
2023-10-18	-0.013413816230717591	-0.00268276324614359	-0.00268276324614359	-0.015425888665325313	-0.013413816230717591	2168756
2023-10-17	0.008113590263691751	0.0006761325219744127	0.01825557809330638	-0.006085192697768753	0.008113590263691751	6053901
2023-10-16	0.010245901639344164	-0.0013661202185793271	0.012978142076502698	-0.008196721311475478	0.010245901639344164	5017524
2023-10-13	-0.023348899266177427	-0.004002668445630454	-0.004002668445630454	-0.02868579052701799	-0.023348899266177427	5986178
2023-10-12	0.021813224267212016	0.0027266530334015627	0.028629856850715743	0.0006816632583503604	0.021813224267212016	6600598
2023-10-11	-0.0006811989100817293	0.006130790190735686	0.0170299727520436	-0.002043596730245188	-0.0006811989100817293	5574301
2023-10-10	-0.02002670226969297	0.0013351134846461665	0.0013351134846461665	-0.03070761014686254	-0.02002670226969297	11450829
2023-10-09	0.011478730587440913	-0.0013504388926401992	0.023632680621201867	-0.027683997299122222	0.011478730587440913	9167731
2023-09-28	0.004748982360922679	0.0006784260515603654	0.010854816824966088	0.0006784260515603654	0.004748982360922679	3447356
2023-09-27	0.0006788866259334547	-0.0013577732518669093	0.018329938900203638	-0.0020366598778004843	0.0006788866259334547	5355472
2023-09-26	-0.012734584450402112	-0.002680965147453026	0.0020107238605897694	-0.014745308310992	-0.012734584450402112	5823300
2023-09-25	0.011525423728813555	0.0	0.01694915254237288	-0.0033898305084746243	0.011525423728813555	9839091
2023-09-22	-0.009402283411685733	0.003357958361316248	0.004701141705842867	-0.016118200134318347	-0.009402283411685733	13029024
2023-09-21	-0.008655126498002597	-0.0033288948069240304	0.0019973368841545366	-0.01797603195739012	-0.008655126498002597	9252196
2023-09-20	0.013495276653171342	0.00269905533063422	0.026990553306342802	-0.007422402159244226	0.013495276653171342	11039919
2023-09-19	0.017158544955387784	-0.0013726835964309933	0.019217570350034272	-0.004804392587508598	0.017158544955387784	9692172
2023-09-18	-0.007493188010899144	0.0	0.0013623978201634586	-0.018392370572207054	-0.007493188010899144	6108070
2023-09-15	-0.011447811447811443	0.0	0.008080808080808148	-0.016161616161616175	-0.011447811447811443	5889219
2023-09-14	0.019217570350034272	-0.0027453671928621085	0.024708304735758368	-0.006177076183939592	0.019217570350034272	12580539
2023-09-13	0.0020632737276479463	-0.0006877579092159414	0.012379642365887311	-0.00481430536451159	0.0020632737276479463	5108440
2023-09-12	-0.006151742993848368	0.0027341079972658337	0.0047846889952152085	-0.01025290498974712	-0.006151742993848368	4796499
2023-09-11	-0.005438477226376619	0.002719238613188249	0.005438477226376498	-0.010197144799456177	-0.005438477226376619	6675262
2023-09-08	-0.019333333333333275	-0.006666666666666643	0.0	-0.023999999999999962	-0.019333333333333275	5113011
2023-09-07	-0.017038007863695925	-0.004587155963302771	0.0013106159895150441	-0.02031454783748365	-0.017038007863695925	4935917
2023-09-06	-0.012936610608020767	-0.0025873221216041993	-0.0025873221216041993	-0.022639068564036312	-0.012936610608020767	5193204
2023-09-05	-0.011508951406649598	0.0006393861892582984	0.003196930946291492	-0.020460358056266004	-0.011508951406649598	5829078
2023-09-04	0.05747126436781619	0.0	0.07843137254901962	0.0	0.05747126436781619	21455978
2023-09-01	0.042283298097251565	0.0	0.0451021846370684	-0.001409443269908356	0.042283298097251565	9581596
2023-08-31	-0.018672199170124575	-0.004840940525587848	0.0	-0.01936376210235139	-0.018672199170124575	5196765
2023-08-30	-0.0006910850034554102	0.0	0.010366275051831277	-0.007601935038009758	-0.0006910850034554102	5684193
2023-08-29	-0.010259917920656537	-0.002051983584131283	0.007523939808481615	-0.010259917920656537	-0.010259917920656537	9261183
2023-08-28	0.017397355601948505	0.04175365344467651	0.05427974947807941	0.011134307585247053	0.017397355601948505	13109762
2023-08-25	0.010548523206750954	0.0007032348804500553	0.016877637130801704	-0.004219409282700457	0.010548523206750954	6414555
2023-08-24	0.0014084507042254472	0.0	0.01197183098591549	-0.006338028169014075	0.0014084507042254472	5098115
2023-08-23	-0.02739726027397263	0.003424657534246624	0.004794520547945225	-0.029452054794520528	-0.02739726027397263	7196687
2023-08-22	-0.005449591280653956	0.0013623978201634586	0.01498637602179841	-0.017711171662125328	-0.005449591280653956	8440278
2023-08-21	-0.0467532467532468	0.0	0.002597402597402542	-0.04805194805194807	-0.0467532467532468	9782805
2023-08-18	-0.014715291106845836	-0.0031989763275752214	0.009596928982725437	-0.014715291106845836	-0.014715291106845836	4204134
2023-08-17	0.007736943907156737	-0.001934235976789127	0.011605415860734991	-0.012250161186331368	0.007736943907156737	4987900
2023-08-16	-0.0025723472668810884	-0.005787781350482306	0.005787781350482306	-0.008360128617363394	-0.0025723472668810884	4006010
2023-08-15	-0.0044814340588987525	0.0006402048655570784	0.010883482714468627	-0.013444302176696484	-0.0044814340588987525	4279532
2023-08-14	0.0006406149903907616	-0.007046764894298491	0.0064061499039078425	-0.015374759769378618	0.0006406149903907616	4451223
2023-08-11	-0.02254226675015662	0.004383218534752567	0.006887914840325463	-0.02316844082654984	-0.02254226675015662	4445307
2023-08-10	0.0	-0.0037570444583594547	0.010018785222291694	-0.004383218534752679	0.0	4139729
2023-08-09	-0.008074534161490732	-0.0012422360248449146	0.0031055900621116245	-0.011180124223602575	-0.008074534161490732	3638444
2023-08-08	-0.0012406947890818594	0.0006203473945408194	0.004342431761786618	-0.006203473945409517	-0.0012406947890818594	3642288
2023-08-07	-0.01225490196078427	0.0	0.0006127450980390938	-0.015931372549019704	-0.01225490196078427	4706851
2023-08-04	-0.013897280966767397	0.0012084592145014848	0.011480362537764213	-0.015105740181268881	-0.013897280966767397	5051061
2023-08-03	-0.0042117930204572974	-0.006016847172081914	0.0018050541516244033	-0.010228640192539211	-0.0042117930204572974	3714518
2023-08-02	-0.004790419161676545	0.0	0.0011976047904191363	-0.01616766467065866	-0.004790419161676545	6274500
2023-08-01	-0.0023894862604539515	-0.0005973715651133818	0.01911589008363204	-0.010752688172042994	-0.0023894862604539515	7373739
2023-07-31	-0.006528189910979405	0.0041543026706231615	0.011275964391691259	-0.014836795252225518	-0.006528189910979405	6124550
2023-07-28	0.00898203592814384	-0.008383233532934166	0.017365269461077793	-0.010778443113772438	0.00898203592814384	8772650
2023-07-27	0.018292682926829312	0.0	0.0335365853658537	-0.006097560975609627	0.018292682926829312	11186837
2023-07-26	0.02499999999999991	0.004375000000000018	0.02937499999999993	0.0	0.02499999999999991	7429165
2023-07-25	0.03559870550161817	0.0064724919093852055	0.03559870550161817	0.0064724919093852055	0.03559870550161817	4973164
2023-07-24	-0.018424396442185572	-0.0006353240152477628	0.0	-0.02223634053367215	-0.018424396442185572	4923992
2023-07-21	-0.011306532663316566	0.001256281407035149	0.006281407035175857	-0.015703517587939697	-0.011306532663316566	3803474
2023-07-20	0.006957621758380736	0.0	0.012650221378874197	-0.0031625553447185775	0.006957621758380736	3035432
2023-07-19	-0.0031525851197981673	0.0018915510718790125	0.0018915510718790125	-0.01008827238335436	-0.0031525851197981673	1864655
2023-07-18	0.005069708491761729	0.0	0.010139416983523457	-0.005703422053231931	0.005069708491761729	2295653
2023-07-17	-0.015595757953836666	0.0	0.0	-0.018714909544603912	-0.015595757953836666	3300310
2023-07-14	0.0006242197253434184	0.005617977528089879	0.00811485642946311	-0.001248439450686615	0.0006242197253434184	3042926
2023-07-13	0.015209125475285185	0.005703422053231931	0.025348542458808642	-0.003802281368821212	0.015209125475285185	3984760
2023-07-12	-0.008793969849246267	-0.0037688442211055587	0.0037688442211055587	-0.011306532663316566	-0.008793969849246267	2563602
2023-07-11	0.008233058898036782	0.0025332488917036685	0.010766307789740451	-0.008866371120962559	0.008233058898036782	4399172
2023-07-10	0.0012682308180088505	0.0	0.005707038681039941	-0.00443880786303109	0.0012682308180088505	2819520
2023-07-07	-0.0075519194461926365	0.0	0.0037759597230962063	-0.010698552548772809	-0.0075519194461926365	3005226
2023-07-06	-0.00811485642946311	-0.0043695380774032636	0.001248439450686615	-0.013732833957552988	-0.00811485642946311	5058648
2023-07-05	0.005649717514124285	0.0006277463904582415	0.006277463904582638	-0.004394224733207802	0.005649717514124285	3332429
2023-07-04	-0.002504696305573007	0.010018785222291694	0.013149655604257925	-0.01690670006261749	-0.002504696305573007	5153253
2023-07-03	0.008207070707070756	0.0	0.01957070707070699	-0.005050505050505055	0.008207070707070756	5469590
2023-06-30	0.0153846153846154	0.0012820512820512547	0.025000000000000036	-0.0064102564102563875	0.0153846153846154	4451124
2023-06-29	-0.013906447534766159	-0.0012642225031605293	0.009481668773704195	-0.01580278128950695	-0.013906447534766159	4397424
2023-06-28	0.014102564102564144	0.0006410256410256274	0.026923076923076918	0.0	0.014102564102564144	8239770
2023-06-27	0.044176706827309245	0.0006693440428380045	0.0488621151271754	-0.0020080321285140135	0.044176706827309245	6636033
2023-06-26	-0.0046635576282478535	-0.0006662225183211051	0.005996002664890064	-0.015323117921385772	-0.0046635576282478535	3463476
2023-06-21	-0.009894459102902398	-0.004617414248021127	0.007255936675461704	-0.01517150395778367	-0.009894459102902398	4108972
2023-06-20	-0.016223231667748216	-0.003244646333549689	0.0006489292667099148	-0.01881894873458799	-0.016223231667748216	4513200
2023-06-19	-0.010911424903722718	0.0	0.008985879332477572	-0.01412066752246474	-0.010911424903722718	4011525
2023-06-16	0.0	0.0	0.006418485237483931	-0.003851091142490404	0.0	3843160
2023-06-15	0.009067357512953405	-0.0006476683937823697	0.012953367875647739	-0.011658031088082884	0.009067357512953405	3895509
2023-06-14	-0.006435006435006413	0.0025740025740026338	0.004504504504504523	-0.009652509652509562	-0.006435006435006413	3591656
2023-06-13	-0.0006430868167203578	0.0019292604501607304	0.0070739549839227926	-0.007073954983922907	-0.0006430868167203578	2875600
2023-06-12	0.014350945857795214	0.0	0.020874103065883907	-0.006523157208088692	0.014350945857795214	4783561
2023-06-09	-0.00648088139987036	-0.0019442644199610733	0.0038885288399222616	-0.014257939079714768	-0.00648088139987036	3215624
2023-06-08	0.014464168310322082	0.0	0.015121630506245801	-0.001972386587771278	0.014464168310322082	2182617
2023-06-07	-0.018709677419354784	0.003225806451612949	0.006451612903225784	-0.021935483870967734	-0.018709677419354784	3093794
2023-06-06	0.0012919896640826599	-0.005167958656330754	0.016795865633074922	-0.014211886304909601	0.0012919896640826599	5660532
2023-06-05	-0.0006455777921239371	0.0006455777921239371	0.0032278889606196857	-0.015493867010974835	-0.0006455777921239371	4578704
2023-06-02	0.012418300653594738	-0.0052287581699346445	0.022875816993464027	-0.0052287581699346445	0.012418300653594738	4821670
2023-06-01	0.013916500994035842	0.0	0.020543406229290954	-0.005301524188204113	0.013916500994035842	7607220
2023-05-31	-0.037627551020408156	-0.004464285714285732	-0.0019132653061224082	-0.050382653061224435	-0.037627551020408156	11276912
2023-05-30	0.000638162093171652	-0.0031908104658583732	0.010848755583918311	-0.010210593490746659	0.000638162093171652	4014868
2023-05-29	0.0	-0.0038289725590300253	0.001914486279514956	-0.01340140395660492	0.0	3444501
2023-05-26	0.002559181062060086	-0.0031989763275752214	0.005118362124120286	-0.01215611004478575	0.002559181062060086	2782443
2023-05-25	-0.005725190839694647	0.0	0.0019083969465648447	-0.013994910941475867	-0.005725190839694647	4484654
2023-05-24	-0.0266253869969039	-0.0006191950464395054	-0.0006191950464395054	-0.028482972136222855	-0.0266253869969039	7082461
2023-05-23	-0.0018541409147095882	0.0012360939431396523	0.0061804697156984814	-0.0074165636588381335	-0.0018541409147095882	3798543
2023-05-22	-0.005531653349723408	0.0	0.0018438844499078758	-0.012292562999385328	-0.005531653349723408	3249190
2023-05-19	0.013075965130759705	0.0018679950186800212	0.014943960149439727	-0.011207970112079574	0.013075965130759705	4821503
2023-05-18	-0.008029647930821652	0.006794317479925844	0.007411982705373529	-0.011735639283508417	-0.008029647930821652	2806815
2023-05-17	0.009981285090455405	0.0	0.016843418590143454	-0.009357454772301956	0.009981285090455405	3795501
2023-05-16	-0.010493827160493713	0.0006172839506173804	0.003086419753086464	-0.012345679012345635	-0.010493827160493713	3165761
2023-05-15	0.005586592178770941	0.0	0.007448789571694662	-0.006207324643078701	0.005586592178770941	3391297
2023-05-12	-0.00922509225092264	0.0	0.015375153751537514	-0.009840098400984017	-0.00922509225092264	4043522
2023-05-11	-0.01752265861027185	-0.0030211480362538194	0.0	-0.024773413897280973	-0.01752265861027185	5491133
2023-05-10	-0.001207000603500276	0.0006035003017500308	0.009656004828002423	-0.01267350633675322	-0.001207000603500276	5148589
2023-05-09	-0.013690476190476215	0.001785714285714142	0.02499999999999989	-0.019047619047619063	-0.013690476190476215	10724921
2023-05-08	0.0389610389610389	0.008039579468150834	0.045145330859616375	-0.004329004329004346	0.0389610389610389	9942821
2023-05-05	-0.01402439024390225	0.004268292682926847	0.006097560975609843	-0.02134146341463402	-0.01402439024390225	4812193
2023-05-04	0.015479876160990714	0.0	0.017956656346749394	-0.0030959752321979665	0.015479876160990714	6682909
2023-04-28	-0.003701418877236414	-0.0006169031462061421	0.005552128315854402	-0.008019740900678751	-0.003701418877236414	3535953
2023-04-27	0.024652338811630883	0.0006321112515802646	0.027180783817951942	-0.0012642225031605293	0.024652338811630883	4423598
2023-04-26	0.0012658227848100995	-0.0075949367088608225	0.02151898734177214	-0.009493670886075972	0.0012658227848100995	5742017
2023-04-25	0.0019023462270133886	0.006975269499048904	0.01331642358909327	-0.017121116043119822	0.0019023462270133886	8042907
2023-04-24	-0.037240537240537205	0.0	0.001221001221001195	-0.0415140415140415	-0.037240537240537205	13435855
2023-04-21	-0.005464480874316931	-0.0012143290831815165	0.02246508803885859	-0.006678809957498448	-0.005464480874316931	8225503
2023-04-20	-0.07523862998315553	-0.03986524424480614	-0.03986524424480614	-0.07916900617630546	-0.07523862998315553	11787700
2023-04-19	-0.0022408963585435686	0.0	0.0016806722689074276	-0.009523809523809618	-0.0022408963585435686	6899019
2023-04-18	0.004501969611705225	0.0005627462014632281	0.01519414743950476	-0.007878446820483994	0.004501969611705225	6024974
2023-04-17	0.019506597819850823	0.0	0.02524383247274821	-0.0028686173264486927	0.019506597819850823	9326408
2023-04-14	0.018702513150204575	0.007597895967270544	0.02279368790181184	-0.0023378141437755203	0.018702513150204575	6990610
2023-04-13	-0.00407450523864961	0.00814901047729922	0.015133876600698579	-0.0069848661233993595	-0.00407450523864961	6687449
2023-04-12	-0.01036866359447003	-0.0017281105990784066	0.00806451612903229	-0.01958525345622119	-0.01036866359447003	10280266
2023-04-11	0.006376811594202865	0.004637681159420191	0.006376811594202865	-0.00811594202898554	0.006376811594202865	7540664
2023-04-10	-0.0287162162162163	-0.005067567567567559	-0.003378378378378506	-0.03322072072072071	-0.0287162162162163	8805761
2023-04-07	0.004524886877828159	0.0	0.010180995475113107	-0.009615384615384512	0.004524886877828159	8418154
2023-04-06	-0.009523809523809618	0.0005602240896357428	0.0016806722689074276	-0.01512605042016824	-0.009523809523809618	6499124
2023-04-04	0.004501969611705225	0.0005627462014632281	0.0056274620146314815	-0.006752954417557738	0.004501969611705225	4475607
2023-04-03	-0.0005624296962880519	0.013498312710911047	0.028121484814398197	-0.009561304836895483	-0.0005624296962880519	9818942
2023-03-31	0.004519774011299539	0.0011299435028248347	0.009039548022598879	-0.006779661016949209	0.004519774011299539	5329383
2023-03-30	0.006825938566552958	-0.004550625711035171	0.018202502844141086	-0.00967007963594984	0.006825938566552958	4688537
2023-03-29	-0.004530011325028417	0.007361268403170951	0.00792751981879958	-0.005662514156285471	-0.004530011325028417	4807367
2023-03-28	-0.015058561070830987	0.0039040713887339815	0.004461795872838921	-0.016731734523145605	-0.015058561070830987	4936127
2023-03-27	-0.003888888888888905	0.009999999999999985	0.009999999999999985	-0.021111111111111056	-0.003888888888888905	7037397
2023-03-24	0.003344481605351099	0.0005574136008917508	0.02006688963210699	0.0005574136008917508	0.003344481605351099	5244345
2023-03-23	-0.008291873963515677	-0.003316749585406231	0.0	-0.013266998341625121	-0.008291873963515677	5879707
2023-03-22	-0.01951219512195119	-0.001084010840108378	0.012466124661246636	-0.02222222222222223	-0.01951219512195119	7231021
2023-03-21	0.0021727322107549783	0.0	0.021727322107550167	-0.00162954915806633	0.0021727322107549783	5015629
2023-03-20	-0.021265284423179084	0.003189792663476995	0.005316321105794866	-0.03349282296650713	-0.021265284423179084	12782499
2023-03-17	-0.007911392405063403	0.010021097046413381	0.014767932489451348	-0.010021097046413569	-0.007911392405063403	6036154
2023-03-16	-0.006809848088004139	0.003143006809848021	0.016238868517548386	-0.009952854897852345	-0.006809848088004139	5270037
2023-03-15	-0.0036534446764092004	-0.0036534446764092004	0.005219206680584626	-0.02348643006263044	-0.0036534446764092004	4701870
2023-03-14	0.0031413612565444355	0.0	0.009947643979057471	-0.013089005235602092	0.0031413612565444355	5052853
2023-03-13	-0.0077922077922077185	0.018181818181818257	0.018181818181818257	-0.029090909090909025	-0.0077922077922077185	7734372
2023-03-10	-0.026302478502781973	0.00606980273141128	0.00606980273141128	-0.03237228123419325	-0.026302478502781973	6141376
2023-03-09	-0.0020191822311963225	0.0	0.02423018677435641	-0.007067137809187129	-0.0020191822311963225	6403131
2023-03-08	-0.005522088353413804	0.006526104417670632	0.006526104417670632	-0.015562248995984048	-0.005522088353413804	3859417
2023-03-07	-0.015323776569451246	0.0	0.007414730598121531	-0.019772614928324377	-0.015323776569451246	5680413
2023-03-06	-0.015571776155717774	0.0024330900243309346	0.005352798053527953	-0.020924574209245726	-0.015571776155717774	4998432
2023-03-03	0.0058737151248164955	-0.0019579050416054402	0.008810572687224657	-0.005384238864415048	0.0058737151248164955	5540313
2023-03-02	0.002453385672227709	0.003434739941118758	0.007850834151128566	-0.013738959764474857	0.002453385672227709	5336590
2023-03-01	-0.0014698677119059842	-0.0024497795198432488	0.003919647231749059	-0.019108280254777097	-0.0014698677119059842	4907266
2023-02-28	0.01542288557213924	0.002985074626865608	0.01592039800995026	-0.005970149253731393	0.01542288557213924	5988098
2023-02-27	-0.003964321110009827	-0.003964321110009827	0.019821605550049484	-0.011397423191278514	-0.003964321110009827	9817268
2023-02-24	-0.006889763779527587	-0.0004921259842520455	0.0004921259842518706	-0.017716535433070838	-0.006889763779527587	5783760
2023-02-23	-0.015503875968992262	-0.0009689922480619948	0.0	-0.023740310077519474	-0.015503875968992262	4703596
2023-02-22	0.003891050583657678	-0.0029182879377431287	0.006809338521400806	-0.017509727626459116	0.003891050583657678	6391900
2023-02-21	0.03524672708962736	0.016616314199395864	0.039778449144008014	-0.001007049345417904	0.03524672708962736	9852527
2023-02-20	0.04471330878484996	0.008942661756969918	0.05470804839558122	-0.0005260389268806713	0.04471330878484996	7555973
2023-02-17	-0.008346374543557649	-0.0005216484089724341	0.00991131977047458	-0.008868022952530082	-0.008346374543557649	2506428
2023-02-16	-0.011855670103092623	0.00618556701030933	0.010309278350515611	-0.018041237113401953	-0.011855670103092623	2715427
2023-02-15	-0.0061475409836066084	0.0025614754098361022	0.0025614754098361022	-0.01127049180327863	-0.0061475409836066084	3266987
2023-02-14	0.008785529715762177	0.0	0.025839793281653745	-0.005167958656330822	0.008785529715762177	5782816
2023-02-13	0.024351508734780352	-0.0015881418740074714	0.027527792482795105	-0.009528851244044453	0.024351508734780352	6143596
2023-02-10	-0.002639915522703311	-0.0021119324181627613	0.008975712777191032	-0.016367476240760414	-0.002639915522703311	3694518
2023-02-09	0.023230686115613165	-0.0021609940572664883	0.03511615343057799	-0.007023230686115751	0.023230686115613165	4104214
2023-02-08	0.002708559046587254	0.0005417118093173353	0.00487540628385698	-0.008667388949079096	0.002708559046587254	3756805
2023-02-07	-0.0027012425715829663	0.007563479200432037	0.01296596434359797	-0.010264721772015196	-0.0027012425715829663	2689474
2023-02-06	-0.0032310177705976695	-0.005385029617662973	0.009154550350026826	-0.011847065158858312	-0.0032310177705976695	3885828
2023-02-03	-0.014854111405835603	0.0005305039787797353	0.0015915119363393944	-0.020159151193634088	-0.014854111405835603	3389762
2023-02-02	0.00106213489113134	0.003186404673393642	0.007966011683483916	-0.0212426978226234	0.00106213489113134	6953820
2023-02-01	0.03291278113000537	0.0005485463521666489	0.04004388370817336	-0.0010970927043334928	0.03291278113000537	9104123
2023-01-31	-0.0016429353778751991	0.0010952902519167345	0.006571741511500407	-0.009309967141292536	-0.0016429353778751991	5687066
2023-01-30	-0.0043620501635767885	0.00872410032715377	0.022355507088331523	-0.007633587786259573	-0.0043620501635767885	5254681
2023-01-20	0.007692307692307724	-0.005494505494505378	0.01043956043956051	-0.005494505494505378	0.007692307692307724	4699347
2023-01-19	0.0049696300386526705	0.004417448923246927	0.007730535615681975	-0.011043622308117023	0.0049696300386526705	4370543
2023-01-18	0.005552470849527921	0.002776235424763862	0.010549694614103149	-0.005552470849528118	0.005552470849527921	4023538
2023-01-17	-0.007166482910694542	0.000551267916207167	0.008820286659316435	-0.012127894156560026	-0.007166482910694542	2954703
2023-01-16	0.01227678571428565	-0.005022321428571618	0.018415178571428475	-0.005022321428571618	0.01227678571428565	4651364
2023-01-13	0.0011173184357543646	-0.0011173184357541662	0.006703910614525196	-0.007821229050279163	0.0011173184357543646	2666862
2023-01-12	0.002801120448179112	0.0	0.011204481792717045	-0.007282913165266249	0.002801120448179112	2606222
2023-01-11	-0.0016778523489931535	0.006711409395973211	0.0106263982102909	-0.006711409395973012	-0.0016778523489931535	4393837
2023-01-10	-0.011061946902654829	0.0005530973451328299	0.0005530973451328299	-0.023230088495575122	-0.011061946902654829	5951216
2023-01-09	-0.0005527915975678034	0.004975124378109445	0.009397457158651283	-0.016030956329463743	-0.0005527915975678034	6682906
2023-01-06	0.0072383073496658686	0.006124721603563443	0.019487750556792752	0.0	0.0072383073496658686	7168038
2023-01-05	0.03337169159953981	0.008055235903337203	0.04718066743383201	-0.0074798619102416	0.03337169159953981	7029393
2023-01-04	0.011641443538998795	-0.004656577415599435	0.02095459837019787	-0.005820721769499501	0.011641443538998795	5035401
2023-01-03	0.0011655011655011406	-0.003496503496503422	0.008158508158508191	-0.018648018648018665	0.0011655011655011406	5439491
2022-12-30	0.002922267679719504	0.0	0.010520163646990047	-0.0046756282875510405	0.002922267679719504	3511658
2022-12-29	-0.011554015020219487	-0.004043905257076851	0.010976314269208625	-0.016753321779318264	-0.011554015020219487	3589406
2022-12-28	0.007566938300349185	0.00407450523864961	0.02619324796274734	-0.004656577415599435	0.007566938300349185	3892074
2022-12-27	-0.0011627906976743939	0.008720930232558264	0.016279069767441926	-0.005232558139534876	-0.0011627906976743939	2685363
2022-12-26	0.012956419316843278	0.0	0.015901060070671352	-0.0058892815076561494	0.012956419316843278	2273053
2022-12-23	-0.0035211267605633053	-0.0029342723004695255	0.00645539906103283	-0.016431924882628967	-0.0035211267605633053	2947400
2022-12-22	-0.001172332942555661	0.013481828839390413	0.02754982415005876	-0.004689331770222644	-0.001172332942555661	3287740
2022-12-21	-0.0069848661233993595	0.0	0.007566938300349185	-0.009313154831199077	-0.0069848661233993595	1866800
2022-12-20	-0.012643678160919476	0.0057471264367816915	0.0057471264367816915	-0.019540229885057464	-0.012643678160919476	2422455
2022-12-19	-0.021922428330522797	0.0005621135469365691	0.008431703204047339	-0.024732996065205046	-0.021922428330522797	3013732
2022-12-16	0.010795454545454415	-0.005681818181818262	0.021590909090909032	-0.006818181818181874	0.010795454545454415	2778844
2022-12-15	-0.01345291479820619	-0.002802690582959681	0.00448430493273553	-0.01793721973094172	-0.01345291479820619	2936022
2022-12-14	-0.008888888888888898	0.0011111111111110875	0.004999999999999992	-0.013333333333333246	-0.008888888888888898	3289926
2022-12-13	0.000555864369094028	-0.0011117287381878585	0.010005558643691122	-0.006670372429127151	0.000555864369094028	3190367
2022-12-12	-0.022282608695652184	-0.0048913043478260795	-0.0027173913043476716	-0.024456521739130398	-0.022282608695652184	5801773
2022-12-09	0.014332965821389085	-0.002756339581036423	0.01708930540242551	-0.013230429988974751	0.014332965821389085	6043116
2022-12-08	-0.0011013215859030602	-0.0027533039647577484	0.008810572687224677	-0.008810572687224677	-0.0011013215859030602	3943383
2022-12-07	-0.01890869800108057	0.004321988114532592	0.007563479200432037	-0.022150189086980018	-0.01890869800108057	4970830
2022-12-06	-0.004838709677419347	0.0	0.010215053763440738	-0.016129032258064554	-0.004838709677419347	6771929
2022-12-05	0.02876106194690283	0.0	0.04203539823008859	-0.004424778761061853	0.02876106194690283	7606800
2022-12-02	-0.014176663031624948	0.0	0.013631406761177753	-0.01744820065430754	-0.014176663031624948	5566899
2022-12-01	0.024581005586592253	0.01117318435754206	0.036312849162011294	0.0005586592178771823	0.024581005586592253	10280185
2022-11-30	-0.008859357696567007	-0.006090808416389781	0.0022148394241418993	-0.014396456256921264	-0.008859357696567007	3653090
2022-11-29	0.029646522234891653	0.00912200684150514	0.034777651083238284	-0.0034207525655643514	0.029646522234891653	7179909
2022-11-28	-0.030403537866224472	-0.004975124378109445	-0.003316749585406231	-0.04035378662244336	-0.030403537866224472	7166627
2022-11-25	0.022611644997173462	-0.001130582249858653	0.027699265121537503	-0.005087620124364039	0.022611644997173462	9039738
2022-11-24	0.013172966781214228	0.005727376861397357	0.041237113402061785	-0.006872852233677032	0.013172966781214228	9518168
2022-11-23	0.018669778296382746	0.002917152858809843	0.024504084014002225	-0.0023337222870477917	0.018669778296382746	8419593
2022-11-22	0.013002364066193785	-0.0029550827423168264	0.029550827423167846	-0.0029550827423168264	0.013002364066193785	4952100
2022-11-21	0.001183431952662907	0.0	0.005917159763313694	-0.019526627218934813	0.001183431952662907	4243777
2022-11-18	-0.014002333722287163	-0.002917152858809843	0.002917152858809843	-0.01750291715285885	-0.014002333722287163	5935181
2022-11-17	-0.00464576074332162	-0.0058072009291520255	0.005807200929152232	-0.010452961672473851	-0.00464576074332162	4203849
2022-11-16	-0.009775733179988597	0.0023001725129384214	0.0023001725129384214	-0.017826336975273277	-0.009775733179988597	4931187
2022-11-15	0.034503271861987025	-0.0017846519928612485	0.03985722784057119	-0.008923259964306877	0.034503271861987025	10927202
2022-11-14	-0.012918379330593211	0.00939518496770406	0.015854374633000563	-0.021726365237815678	-0.012918379330593211	9019291
2022-11-11	0.01793185893604308	0.014345487148834336	0.024506873879258824	-0.002988643156007215	0.01793185893604308	9703330
2022-11-10	-0.015303119482048148	-0.011771630370806316	-0.0011771630370806107	-0.0200117716303708	-0.015303119482048148	4385459
2022-11-09	0.0023598820058996547	0.0005899705014750185	0.011799410029498483	-0.0029498525073746733	0.0023598820058996547	3924791
2022-11-08	-0.0023543260741612213	-0.0011771630370806107	0.0023543260741614304	-0.01648028251912876	-0.0023543260741612213	5066931
2022-11-07	0.007113218731475841	0.0	0.02252519264967392	-0.004149377593361012	0.007113218731475841	6822133
2022-11-04	0.05240174672489082	-0.0018714909544604575	0.06363069245165312	-0.007485963817841609	0.05240174672489082	13096338
2022-11-03	0.001875000000000071	-0.0068749999999999645	0.00374999999999992	-0.03249999999999997	0.001875000000000071	20646519
2022-11-02	-0.021406727828746263	0.0012232415902140412	0.007339449541284246	-0.024464831804281474	-0.021406727828746263	10792668
2022-11-01	0.015527950310559004	-0.0006211180124224573	0.01863354037267063	-0.0012422360248449146	0.015527950310559004	5676557
2022-10-31	0.0031152647975078323	-0.0031152647975078323	0.01744548286604346	-0.012461059190031218	0.0031152647975078323	4493830
2022-10-28	-0.04350417163289633	-0.0059594755661502635	-0.005363528009535152	-0.04767580452920147	-0.04350417163289633	10778806
2022-10-27	0.015738498789346342	0.0018159806295400204	0.01937046004842617	-0.0054479418886198465	0.015738498789346342	5616918
2022-10-26	-0.0030175015087507973	-0.004224502112251073	0.009052504526252177	-0.02051901025950512	-0.0030175015087507973	6093194
2022-10-25	-0.010746268656716402	-0.0035820895522387297	0.011343283582089629	-0.034626865671641686	-0.010746268656716402	14203048
2022-10-24	0.013922518159806321	0.0006053268765134119	0.01997578692493958	-0.0012106537530266086	0.013922518159806321	5933861
2022-10-21	0.0036452004860266537	0.0012150668286755512	0.015188335358444714	-0.007290400972053523	0.0036452004860266537	6080723
2022-10-20	-0.017899761336515555	-0.003579952267303238	0.005369928400954645	-0.025656324582339095	-0.017899761336515555	11656712
2022-10-19	-0.008284023668638877	-0.002958579881656637	0.010650887573964481	-0.02248520710059166	-0.008284023668638877	8374790
2022-10-18	-0.02649769585253461	0.006912442396313422	0.006912442396313422	-0.029953917050691222	-0.02649769585253461	10913158
2022-10-17	-0.01195219123505981	-0.005122367672168461	0.011383039271485446	-0.015367103016505382	-0.01195219123505981	7285120
2022-10-14	0.015606936416184946	0.00404624277456649	0.021965317919075085	-0.0017341040462428403	0.015606936416184946	5025866
2022-10-13	-0.030812324929972025	-0.009523809523809618	-0.0005602240896359419	-0.03305322128851539	-0.030812324929972025	4795798
2022-10-12	0.01133144475920696	-0.008498583569405018	0.014730878186968928	-0.03966005665722376	0.01133144475920696	8254455
2022-10-11	0.0	0.006232294617563909	0.006232294617563909	-0.04079320113314441	0.0	8510112
2022-10-10	0.0017026106696933928	-0.007945516458569838	0.01702610669693534	-0.02213393870601592	0.0017026106696933928	6510637
2022-09-30	0.006857142857142914	0.007428571428571372	0.02000000000000008	-0.006285714285714253	0.006857142857142914	5760953
2022-09-29	0.013317892298784044	0.007527504342790909	0.022582513028372934	-0.006369426751592324	0.013317892298784044	5451489
2022-09-28	-0.02097505668934246	-0.00623582766439906	0.0034013605442176145	-0.024943310657596442	-0.02097505668934246	5586576
2022-09-27	-0.006756756756756812	0.0	0.003941441441441257	-0.030405405405405556	-0.006756756756756812	8880296
2022-09-26	-0.03056768558951958	0.0	0.0	-0.04039301310043679	-0.03056768558951958	6098657
2022-09-23	-0.008658008658008665	0.002705627705627744	0.01028138528138535	-0.017857142857142957	-0.008658008658008665	4993452
2022-09-22	-0.006451612903225859	-0.005913978494623816	0.008602150537634416	-0.010752688172043163	-0.006451612903225859	1458700
2022-09-21	0.007583965330444234	0.003791982665222117	0.01625135427952333	-0.008667388949079096	0.007583965330444234	2101308
2022-09-20	-0.011247991430101812	-0.0010712372790574786	0.010712372790573074	-0.013926084627745128	-0.011247991430101812	2466478
2022-09-19	-0.010598834128245855	0.0015898251192367559	0.010068892421833477	-0.013778484366719744	-0.010598834128245855	2844446
2022-09-16	-0.0166753517457009	0.000521104742053049	0.009900990099009781	-0.019801980198019934	-0.0166753517457009	5058875
2022-09-15	-0.025888324873096346	-0.002030456852791835	0.005076142131979768	-0.03451776649746192	-0.025888324873096346	5218778
2022-09-14	-0.003540718259989898	-0.00606980273141128	0.009610520991401177	-0.018715225088518007	-0.003540718259989898	4358916
2022-09-13	0.009703779366700782	-0.004596527068437174	0.01532175689479064	-0.021961184882533184	0.009703779366700782	9705612
2022-09-09	-0.009109311740890852	0.0005060728744938264	0.002024291497975665	-0.022773279352226863	-0.009109311740890852	4309007
2022-09-08	0.040000000000000084	0.0015789473684211124	0.05631578947368423	-0.004210526315789384	0.040000000000000084	9144091
2022-09-07	-0.0005260389268806713	-0.0010520778537613427	0.0047343503419252945	-0.013150973172014729	-0.0005260389268806713	4368976
2022-09-06	-0.020103092783505003	0.0	0.007731958762886708	-0.02319587628865976	-0.020103092783505003	4989177
2022-09-05	0.030270844397238466	0.0021242697822624907	0.035581518852894414	-0.02283590015932022	0.030270844397238466	7216489
2022-09-02	-0.022326064382139316	-0.009865005192108062	0.004672897196261674	-0.028037383177570232	-0.022326064382139316	5915992
2022-09-01	-0.025796661608497622	-0.00606980273141128	0.0040465351542742466	-0.03237228123419325	-0.025796661608497622	5734461
2022-08-31	0.013326499231163403	0.0	0.01742696053305996	-0.0179395181957971	0.013326499231163403	6802877
2022-08-30	0.022536687631027428	-0.003144654088050248	0.03144654088050322	-0.012054507337526043	0.022536687631027428	7573034
2022-08-29	0.029126213592232966	-0.01024811218985964	0.03721682847896447	-0.014563106796116483	0.029126213592232966	7238991
2022-08-26	-0.002689618074233497	-0.0021516944593867214	0.01506186121570743	-0.007530930607853715	-0.002689618074233497	3685699
2022-08-25	0.0	0.0	0.010220548682087213	-0.014523937600860655	0.0	3445584
2022-08-24	-0.01536016949152538	-0.00423728813559313	0.0010593220338982825	-0.03072033898305076	-0.01536016949152538	4992044
2022-08-23	-0.0036939313984169016	0.0	0.00158311345646444	-0.0179419525065963	-0.0036939313984169016	6087934
2022-08-22	0.036652078774616965	0.0	0.04376367614879634	-0.022975929978118252	0.036652078774616965	11942718
2022-08-19	-0.018259935553168627	-0.005370569280343793	0.02040816326530607	-0.027926960257787303	-0.018259935553168627	15326570
2022-08-18	-0.03523316062176164	-0.0005181347150259877	-0.0005181347150259877	-0.046632124352331716	-0.03523316062176164	15463288
2022-08-17	-0.04360753221010897	0.011892963330029831	0.012388503468780971	-0.04856293359762143	-0.04360753221010897	16155893
2022-08-16	-0.02464958917351385	0.002899951667472147	0.003383276945384257	-0.032866118898018354	-0.02464958917351385	9776562
2022-08-15	-0.022211720226843045	-0.00756143667296787	0.006616257088846908	-0.03355387523629494	-0.022211720226843045	9990769
2022-08-12	0.0	0.00047258979206056534	0.006616257088846908	-0.008506616257088833	0.0	4455600
2022-08-11	0.009541984732824393	0.010496183206106815	0.021469465648854928	0.0014312977099235488	0.009541984732824393	7517483
2022-08-10	0.017969888295289022	0.004856726566294387	0.04031083050024293	-0.009227780475959266	0.017969888295289022	12429550
2022-08-09	0.04200404858299586	-0.007085020242915008	0.07540485829959506	-0.007085020242915008	0.04200404858299586	8974274
2022-08-08	0.016984045290787536	-0.005146680391147783	0.021616057642820468	-0.006176016469377303	0.016984045290787536	3313574
2022-08-05	0.011452368558042627	-0.004164497657470164	0.011972930765226467	-0.012493492972410305	0.011452368558042627	3778038
2022-08-04	-0.0020779220779220337	0.0010389610389610168	0.009350649350649335	-0.016623376623376637	-0.0020779220779220337	4204063
2022-08-03	-0.02531645569620253	0.005569620253164528	0.016708860759493585	-0.028354430379746772	-0.02531645569620253	5128326
2022-08-02	-0.010025062656641569	-0.007518796992481132	0.00751879699248131	-0.02305764411027573	-0.010025062656641569	6691491
2022-08-01	-0.003496503496503511	0.0059940059940060434	0.028971028971029066	-0.008991008991008976	-0.003496503496503511	4937791
2022-07-29	-0.007928642220019828	0.001486620416253773	0.007928642220019828	-0.012884043607532111	-0.007928642220019828	3338454
2022-07-28	0.019191919191919142	0.0030303030303029657	0.03484848484848473	0.0010101010101009886	0.019191919191919142	4852281
2022-07-27	-0.023668639053254458	-0.0014792899408284583	-0.0014792899408284583	-0.03205128205128215	-0.023668639053254458	5687366
2022-07-26	0.010967098703888456	0.0004985044865404568	0.014456630109671123	-0.01595214356929214	0.010967098703888456	2797049
2022-07-25	-0.03232030873130737	-0.0009647853352628834	0.03039073806078143	-0.03907380607814755	-0.03232030873130737	6722416
2022-07-22	0.03753753753753754	0.007507507507507436	0.04604604604604595	0.0010010010010009797	0.03753753753753754	9537028
2022-07-21	0.0005007511266901134	-0.0005007511266899355	0.02253380070105172	-0.015523284927391023	0.0005007511266901134	5649865
2022-07-20	-0.02537823328452902	-0.002928257686676365	0.00927281600780875	-0.026354319180087807	-0.02537823328452902	7673252
2022-07-19	0.011352418558736272	0.00345508390918049	0.01924975320829205	-0.014313919052319974	0.011352418558736272	7056367
2022-07-18	-0.008321096426823209	0.003915810083211055	0.008321096426823382	-0.021536955457660368	-0.008321096426823209	6122972
2022-07-15	-0.018260451705910574	-0.005766458433445336	0.006246996636232704	-0.021624219125420438	-0.018260451705910574	7170525
2022-07-14	0.04049999999999994	0.007499999999999929	0.04900000000000002	-0.019500000000000028	0.04049999999999994	12559100
2022-07-13	0.027221366204417112	0.0035952747817154743	0.03235747303543927	-0.01335387776065732	0.027221366204417112	9405526
2022-07-12	0.02852614896988902	0.003697834125726375	0.04384574749075551	0.0010565240359217947	0.02852614896988902	8132741
2022-07-11	-0.030225409836065566	-0.005122950819672022	-0.005122950819672022	-0.03278688524590167	-0.030225409836065566	7292408
2022-07-08	-0.01612903225806453	0.0	0.005040322580645233	-0.01713709677419354	-0.01612903225806453	3524626
2022-07-07	0.005575266092245283	-0.007602635580334624	0.009123162696401404	-0.009123162696401404	0.005575266092245283	4469393
2022-07-06	-0.016940707523667158	-0.004982561036372767	0.010463378176382702	-0.023418036870951613	-0.016940707523667158	6091477
2022-07-05	-0.003970223325061951	0.003970223325062127	0.011414392059553372	-0.0173697270471463	-0.003970223325061951	4843040
2022-07-04	0.013071895424836501	-0.0025138260432378437	0.029663147310206125	-0.009552538964303733	0.013071895424836501	7541135
2022-07-01	-0.012903225806451516	0.0	0.006947890818858589	-0.020843672456575594	-0.012903225806451516	5931683
2022-06-30	0.014602215508559876	0.0	0.03222557905337364	-0.0030211480362537122	0.014602215508559876	6319565
2022-06-29	-0.03545410393394854	-0.005342399222923721	0.032540067994172014	-0.03545410393394854	-0.03545410393394854	8964158
2022-06-28	0.03937405350832918	-0.0010095911155981613	0.0661282180716811	-0.005552751135789976	0.03937405350832918	10353110
2022-06-27	-0.0260570304818093	0.0014749262536873716	0.003933136676499599	-0.029006882989183868	-0.0260570304818093	6673496
2022-06-24	0.008428358948933968	0.0	0.02528507684680208	-0.015865146256817068	0.008428358948933968	8289124
2022-06-23	0.05436487192890762	0.0010454783063251216	0.06011500261369588	0.0010454783063251216	0.05436487192890762	9327631
2022-06-22	-0.0386934673366834	0.0	0.0020100502512564174	-0.04271356783919587	-0.0386934673366834	5921175
2022-06-21	0.017382413087934555	0.0	0.03169734151329249	-0.010736196319018268	0.017382413087934555	10224067
2022-06-20	0.009808982963345262	-0.00464636035105833	0.027361899845121194	-0.01084150748580283	0.009808982963345262	9577242
2022-06-17	-0.0041131105398456705	-0.0025706940874036356	0.006683804627249306	-0.016966580976863665	-0.0041131105398456705	7244149
2022-06-16	-0.008664627930683063	-0.0005096839959226077	0.011722731906218167	-0.01121304791029574	-0.008664627930683063	6288363
2022-06-15	-0.004566210045662093	-0.004566210045662093	0.00963977676306432	-0.010654490106544944	-0.004566210045662093	6925040
2022-06-14	0.0015243902439024968	-0.012703252032520325	0.002540650406504101	-0.020325203252032447	0.0015243902439024968	6355553
2022-06-13	-0.00756429652042353	-0.0045385779122541535	0.014624306606152432	-0.020171457387796198	-0.00756429652042353	6387759
2022-06-10	0.001515151515151393	-0.012121212121212222	0.004545454545454538	-0.020202020202020308	0.001515151515151393	6257237
2022-06-09	-0.003522898842476109	-0.009058882737795657	0.003522898842476109	-0.016104680422747875	-0.003522898842476109	5602761
2022-06-08	0.00811770674784374	0.001014713343480445	0.01166920345002539	-0.012176560121765701	0.00811770674784374	7348524
2022-06-07	-0.0125250501002004	0.0	0.004008016032064043	-0.03006012024048103	-0.0125250501002004	9660666
2022-06-06	-0.017232890201870896	0.0009847365829640361	0.01132447070408668	-0.04480551452486461	-0.017232890201870896	14743711
2022-06-02	0.020603015075376895	-0.0005025125628139704	0.032160804020100534	-0.007537688442210985	0.020603015075376895	10041748
2022-06-01	0.02418939783839418	0.0005146680391148515	0.03396809058157489	-0.015440041173443166	0.02418939783839418	13421784
2022-05-31	0.05254604550379192	0.00487540628385698	0.07963163596966408	0.0010834236186348632	0.05254604550379192	17563548
2022-05-30	0.005994550408719315	0.01198910081743863	0.02288828337874649	-0.013623978201634876	0.005994550408719315	8080036
2022-05-27	0.02285395763656634	0.005574136008918498	0.05518394648829422	0.0	0.02285395763656634	13776941
2022-05-26	0.03341013824884803	0.003456221198156813	0.04147465437788012	-0.0034562211981566085	0.03341013824884803	9680944
2022-05-25	0.0040485829959514335	-0.005205320994794671	0.015037593984962497	-0.010989010989010858	0.0040485829959514335	6381272
2022-05-24	-0.03569436698271057	0.002788622420524301	0.006692693809258282	-0.03569436698271057	-0.03569436698271057	9442908
2022-05-23	-0.007747648035417851	0.003320420586607566	0.011621472053126776	-0.01438848920863318	-0.007747648035417851	11257064
2022-05-20	0.030804335424985688	0.0	0.03251568739304052	0.0	0.030804335424985688	10780419
2022-05-19	-0.00792303338992646	-0.015280135823429717	-0.0011318619128468095	-0.03791737408036229	-0.00792303338992646	11166538
2022-05-18	0.02972027972027981	0.012237762237762287	0.04312354312354303	0.003496503496503422	0.02972027972027981	11800041
2022-05-17	-0.00809248554913298	0.0028901734104046653	0.005780346820809125	-0.01676300578034677	-0.00809248554913298	6956242
2022-05-16	-0.0017311021350258273	0.008078476630121212	0.008078476630121212	-0.021927293710328855	-0.0017311021350258273	10361678
2022-05-13	-0.0017281105990784066	0.02188940092165893	0.02188940092165893	-0.004608294930875478	-0.0017281105990784066	8188977
2022-05-12	0.009302325581395357	-0.0017441860465114876	0.031976744186046555	-0.010465116279069752	0.009302325581395357	13359239
2022-05-11	-0.020501138952163978	0.0028473804100228196	0.02164009111617327	-0.027334851936218704	-0.020501138952163978	14848519
2022-05-10	-0.021181716833890887	-0.015607580824972192	-0.012263099219621092	-0.03455964325529548	-0.021181716833890887	10177260
2022-05-09	-0.00993377483443707	0.0016556291390727143	0.0016556291390727143	-0.01766004415011039	-0.00993377483443707	5697172
2022-05-06	-0.02370689655172402	-0.024245689655172376	0.003232758620689778	-0.03502155172413786	-0.02370689655172402	6288308
2022-05-05	0.02882483370288246	0.0	0.03215077605321518	-0.018847006651884695	0.02882483370288246	9967723
2022-04-29	0.05930710510863171	0.007633587786259483	0.061655901350557665	-0.013505578391074599	0.05930710510863171	8611510
2022-04-28	0.014898688915375446	0.0017878426698449096	0.017878426698450366	-0.02502979737783085	0.014898688915375446	8333886
2022-04-27	0.015738498789346342	-0.0012106537530266086	0.018765133171912755	-0.0345036319612591	0.015738498789346342	8961053
2022-04-26	-0.047289504036908896	-0.0011534025374855578	0.020184544405997776	-0.047866205305651575	-0.047289504036908896	8912647
2022-04-25	-0.046204620462046195	-0.009900990099009885	-0.003850385038503866	-0.052805280528052854	-0.046204620462046195	10150632
2022-04-22	0.006644518272425305	-0.00996677740863786	0.014950166112956789	-0.029900332225913578	0.006644518272425305	5880635
2022-04-21	-0.040892193308550165	-0.01115241635687718	-0.0069038767923525765	-0.04514073287307477	-0.040892193308550165	8587845
2022-04-20	-0.04946996466431098	0.0	0.0005047955577991703	-0.05300353356890446	-0.04946996466431098	9115327
2022-04-19	0.003037974683544239	-0.0035443037974683686	0.007088607594936737	-0.020759493670886083	0.003037974683544239	5751902
2022-04-18	0.0015212981744422483	-0.011156186612576008	0.00963488843813394	-0.0334685598377282	0.0015212981744422483	6008832
2022-04-15	-0.005045408678102998	0.0	0.013118062563067507	-0.014631685166498444	-0.005045408678102998	6749600
2022-04-14	0.02641118591403426	0.0020714655618851736	0.046090108751942034	-0.003625064733298824	0.02641118591403426	7001121
2022-04-13	-0.051571709233791785	-0.04469548133595286	-0.030943025540275	-0.07023575638506875	-0.051571709233791785	7022303
2022-04-12	-0.010689990281826963	-0.013119533527696773	0.005830903790087512	-0.026724975704567406	-0.010689990281826963	7311218
2022-04-11	-0.013422818791946364	-0.0004793863854265585	0.00047938638542672883	-0.0469798657718121	-0.013422818791946364	10890921
2022-04-08	0.00919206579583927	0.000483792936623029	0.01693275278180928	-0.029995162070633814	0.00919206579583927	10786869
2022-04-07	-0.024999999999999887	-0.012264150943396133	0.03726415094339619	-0.03254716981132065	-0.024999999999999887	15859251
2022-04-06	0.07124810510358769	0.009095502779181391	0.09954522486104106	0.0	0.07124810510358769	19189225
2022-04-01	-0.00802005012531329	-0.012531328320802006	0.0015037593984962977	-0.036591478696741876	-0.00802005012531329	16901295
2022-03-31	0.06117021276595737	0.0005319148936169155	0.06648936170212766	0.0005319148936169155	0.06117021276595737	13607364
2022-03-30	0.025641025641025775	0.005455537370431066	0.02673213311511195	-0.004909983633387882	0.025641025641025775	9504073
2022-03-29	0.0021869874248222607	0.006014215418261314	0.0092946965554949	-0.0071077091306724445	0.0021869874248222607	5450279
2022-03-28	-0.00813449023861183	0.005965292841648559	0.013557483731019521	-0.019522776572668273	-0.00813449023861183	10001537
2022-03-25	0.011519473395501967	0.0021941854086669856	0.038398244651673026	-0.0016456390565003367	0.011519473395501967	13664053
2022-03-24	-0.00599781897491818	-0.006543075245365376	0.004362050163576982	-0.01799345692475454	-0.00599781897491818	5300517
2022-03-23	-0.0027188689505166235	0.0032626427406198324	0.006525285481239858	-0.010331702011963092	-0.0027188689505166235	7508696
2022-03-22	0.007119386637458871	0.00054764512595827	0.025191675794085284	-0.006024096385542331	0.007119386637458871	8339510
2022-03-21	0.0005479452054795377	0.009863013698630121	0.018082191780821825	-0.00767123287671236	0.0005479452054795377	8004830
2022-03-18	0.00828729281767948	-0.0005524861878453902	0.013812154696132596	-0.011049723756906233	0.00828729281767948	10012252
2022-03-17	0.010608598548297113	0.010608598548297113	0.03405918481295363	-0.002791736460078208	0.010608598548297113	12818732
2022-03-16	0.006179775280898844	0.014606741573033596	0.020224719101123563	-0.03651685393258439	0.006179775280898844	11447388
2022-03-15	-0.0786749482401656	-0.005175983436853076	-0.004140786749482497	-0.08178053830227752	-0.0786749482401656	17916625
2022-03-14	-0.04261645193260651	-0.0004955401387511403	-0.0004955401387511403	-0.04360753221010897	-0.04261645193260651	11530395
2022-03-11	0.002483854942871372	-0.00695479384003977	0.015399900645802399	-0.027322404371584737	0.002483854942871372	13070896
2022-03-10	0.013085052843482537	0.03472571716154996	0.03673880221439358	0.004026170105686879	0.013085052843482537	11432366
2022-03-09	0.009141696292534267	0.0	0.015744032503808975	-0.028948704926358572	0.009141696292534267	13959862
2022-03-08	-0.05563549160671463	-0.0009592326139090228	0.011990407673860911	-0.060431654676259064	-0.05563549160671463	14486615
2022-03-07	-0.05227272727272721	0.00909090909090906	0.015454545454545448	-0.059090909090909124	-0.05227272727272721	9860562
2022-03-04	-0.011235955056179775	-0.0031460674157303497	-0.0008988764044943629	-0.026067415730337003	-0.011235955056179775	10205602
2022-03-03	-0.013303769401330408	0.0	0.007538802660753798	-0.02128603104212862	-0.013303769401330408	7229107
2022-03-02	-0.007919049714034303	0.0	0.011878574571051456	-0.018477782666080144	-0.007919049714034303	5438384
2022-03-01	-0.011309264897781559	-0.008264462809917257	0.007829491083079742	-0.018268812527185655	-0.011309264897781559	6964699
2022-02-28	0.011438627364716146	0.0	0.02155741311042668	-0.008798944126704764	0.011438627364716146	4779690
2022-02-25	0.002204585537918903	-0.002204585537918903	0.028659611992945266	-0.007936507936507924	0.002204585537918903	5835854
2022-02-24	-0.04303797468354429	0.0	0.0	-0.05443037974683541	-0.04303797468354429	8506889
2022-02-23	0.0219922380336351	0.037516170763259915	0.041397153945666114	0.005174644243208169	0.0219922380336351	7507013
2022-02-22	-0.019035532994923828	-0.007614213197969531	-0.0071912013536379734	-0.0435702199661591	-0.019035532994923828	8075172
2022-02-21	-0.027160493827160497	0.002057613168724309	0.0102880658436214	-0.03292181069958851	-0.027160493827160497	7951856
2022-02-18	0.030097498940228947	-0.00847816871555741	0.055532005086901176	-0.017380245866892758	0.030097498940228947	9735728
2022-02-17	-0.023996690111708803	-0.0070335126189491805	0.01034340091021928	-0.03392635498551925	-0.023996690111708803	7906278
2022-02-16	0.020261713803292544	0.012241452089489199	0.02532714225411557	-0.018573237653018205	0.020261713803292544	8744824
2022-02-15	-0.03699186991869919	-0.008130081300813123	0.0020325203252031365	-0.04268292682926832	-0.03699186991869919	7970817
2022-02-14	-0.02342199285430726	-0.011512504962286728	-0.011512504962286728	-0.054783644303295055	-0.02342199285430726	10231008
2022-02-11	0.024400162667751177	0.0	0.03416022773485156	-0.013420089467263046	0.024400162667751177	11076149
2022-02-10	-0.008467741935483905	-0.016129032258064602	0.008064516129032228	-0.024596774193548363	-0.008467741935483905	8675609
2022-02-09	0.03809125156969444	-0.0037672666387609816	0.06864796986186691	-0.01716199246546673	0.03809125156969444	18890619
2022-02-08	0.032411408815903195	0.0025929127052722006	0.05272255834053582	-0.03111495246326702	0.032411408815903195	17943535
2022-02-07	0.06635944700460836	0.02580645161290333	0.08663594470046079	0.005990783410138203	0.06635944700460836	11270872
2022-01-28	-0.012289485662266708	0.0036413290851161515	0.021847974510696425	-0.021392808375056846	-0.012289485662266708	6683465
2022-01-27	-0.034285714285714336	0.0004395604395605083	0.005274725274725318	-0.03692307692307692	-0.034285714285714336	5324946
2022-01-26	0.005747126436781565	-0.004862953138815182	0.01547303271441193	-0.0119363395225464	0.005747126436781565	5802792
2022-01-25	-0.02415875754961168	-0.004314063848145014	0.011647972389991353	-0.02502157031924065	-0.02415875754961168	7133989
2022-01-24	-0.00043122035360075735	-0.008193186718413164	0.013367830961621332	-0.020698576972833133	-0.00043122035360075735	9077634
2022-01-21	-0.003009458297506461	-0.002579535683577054	0.006878761822871888	-0.03869303525365443	-0.003009458297506461	9854491
2022-01-20	-0.0008591065292096037	0.0	0.007731958762886585	-0.021048109965635824	-0.0008591065292096037	10808096
2022-01-19	-0.004277159965782629	0.005988023952095833	0.023524379811804993	-0.020958083832335262	-0.004277159965782629	13501043
2022-01-18	0.03911111111111107	0.0013333333333333838	0.04266666666666671	-0.008444444444444501	0.03911111111111107	14783378
2022-01-17	0.0008896797153024721	-0.019128113879003546	0.024911032028469695	-0.019128113879003546	0.0008896797153024721	9556399
2022-01-14	-0.006189213085764835	-0.0013262599469496524	0.005747126436781565	-0.030503978779840905	-0.006189213085764835	11282889
2022-01-13	-0.025420077552778968	-0.00861697544161996	0.009478672985781941	-0.03446790176647999	-0.025420077552778968	10798385
2022-01-12	-0.006421232876712268	0.0008561643835616256	0.007277397260274046	-0.031678082191780754	-0.006421232876712268	13295506
2022-01-11	-0.01642105263157897	0.0067368421052631635	0.010105263157894671	-0.023157894736842134	-0.01642105263157897	13424701
2022-01-10	0.030815972222222262	0.015624999999999976	0.04296875000000009	-0.021267361111111042	0.030815972222222262	23644124
2022-01-07	0.027653880463871426	0.0	0.04371097234611939	-0.007582515611061627	0.027653880463871426	23395157
2022-01-06	0.03033088235294118	-0.0004595588235294836	0.03354779411764691	-0.011488970588235293	0.03033088235294118	19878006
2022-01-05	0.039655996177735395	0.0	0.054945054945054875	-0.00955566172957474	0.039655996177735395	24214456
2022-01-04	0.021972656249999965	0.014648437500000035	0.040039062500000014	0.0009765624999999792	0.021972656249999965	19295005
2021-12-31	0.05404014410705099	0.005146680391147783	0.08337622233659295	-0.004632012352032932	0.05404014410705099	24398120
2021-12-30	0.025871172122491997	0.0005279831045405496	0.03643083421330505	-0.007391763463569195	0.025871172122491997	11117376
2021-12-29	0.0021164021164022592	0.0005291005291006119	0.0047619047619047545	-0.014285714285714264	0.0021164021164022592	5666741
2021-12-28	0.015037593984962275	0.004296455424274881	0.018796992481202892	0.003222341568206161	0.015037593984962275	5049819
2021-12-27	-0.014814814814814689	0.0010582010582012237	0.0010582010582012237	-0.026455026455026457	-0.014814814814814689	5189800
2021-12-24	-0.012023000522739176	-0.0005227391531624679	0.0	-0.016727652901202317	-0.012023000522739176	4370170
2021-12-23	-0.0005224660397075007	-0.00574712643678158	0.0020898641588296316	-0.00574712643678158	-0.0005224660397075007	3963439
2021-12-22	-0.012893243940175348	0.0020629190304280115	0.002578648788035106	-0.01495616297060336	-0.012893243940175348	4629379
2021-12-21	0.007272727272727302	0.0025974025974026343	0.010389610389610353	-0.006753246753246701	0.007272727272727302	3348200
2021-12-20	-0.026794742163801875	-0.014155712841253849	0.006066734074822924	-0.03235591506572298	-0.026794742163801875	5618592
2021-12-17	-0.007028112449799224	-0.003514056224899612	0.02158634538152609	-0.016566265060241055	-0.007028112449799224	8698177
2021-12-16	0.03373118837571366	0.0	0.03580695381421906	-0.014011416709911758	0.03373118837571366	9855434
2021-12-15	-0.007212776919113888	-0.0005151983513653562	0.01184956208140136	-0.009273570324574947	-0.007212776919113888	5954598
2021-12-14	-0.04005934718100884	-0.0004945598417407523	0.0	-0.04401582591493574	-0.04005934718100884	10996930
2021-12-13	-0.004921259842519755	0.0004921259842518706	0.02952755905511818	-0.008366141732283549	-0.004921259842519755	11537205
2021-12-10	-0.017883035282745336	0.0014499758337359876	0.0019333011116480978	-0.018849685838569382	-0.017883035282745336	6642312
2021-12-09	-0.0019295706705257669	0.000482392667631356	0.00916546068499765	-0.010130246020260534	-0.0019295706705257669	6479934
2021-12-08	0.04328132863613485	0.007549068948162988	0.04479114242576752	-0.009562154001006606	0.04328132863613485	10319210
2021-12-07	-0.00649999999999995	0.0025000000000000356	0.013499999999999979	-0.016499999999999914	-0.00649999999999995	15286989
2021-12-06	-0.024865919063871356	0.0019502681618722157	0.02145294978059472	-0.027303754266211712	-0.024865919063871356	11600152
2021-12-03	-0.006298449612403052	0.0019379844961239896	0.007751937984496131	-0.026162790697674375	-0.006298449612403052	8347658
2021-12-02	0.005847953216374317	0.0014619883040936227	0.015107212475633467	-0.010721247563352772	0.005847953216374317	8795141
2021-12-01	0.00588235294117652	-0.0063725490196077945	0.010294117647058867	-0.014705882352941037	0.00588235294117652	7998825
2021-11-30	-0.020643302928468544	0.003360537686029779	0.012481997119539203	-0.024963994239078233	-0.020643302928468544	7401008
2021-11-29	-0.016060462919225478	-0.01794992914501665	-0.012281530467642963	-0.04629192253188476	-0.016060462919225478	9133853
2021-11-26	0.011466794075489823	-0.0004777830864786436	0.020066889632107104	-0.012900143334925923	0.011466794075489823	10733804
2021-11-25	0.0038369304556354097	0.0019184652278177049	0.016306954436450832	-0.010551558752997717	0.0038369304556354097	8258086
2021-11-24	0.0	0.006235011990407626	0.025899280575539526	-0.004316546762589921	0.0	10481336
2021-11-23	-0.007615421227986679	0.0	0.014754878629224116	-0.014754878629224286	-0.007615421227986679	9344677
2021-11-22	-0.004265402843601889	0.0004739336492890052	0.0028436018957345363	-0.02322274881516597	-0.004265402843601889	6462849
2021-11-19	-0.010318949343339533	-0.01407129455909947	-0.0037523452157599366	-0.033771106941838595	-0.010318949343339533	8047143
2021-11-18	0.041524181729360114	-0.01514411333659007	0.07962872496336114	-0.01514411333659007	0.041524181729360114	17072468
2021-11-17	0.07454068241469806	-0.002624671916010536	0.07454068241469806	-0.0068241469816272445	0.07454068241469806	14809902
2021-11-16	-0.011929460580912885	0.004149377593360907	0.005186721991701134	-0.012966804979253111	-0.011929460580912885	4065052
2021-11-15	-0.0031023784901757353	0.0	0.0062047569803516545	-0.017580144777662867	-0.0031023784901757353	5761220
2021-11-12	0.007291666666666696	0.0	0.01822916666666674	-0.015104166666666623	0.007291666666666696	7981743
2021-11-11	0.028387787895018616	-0.0026780931976433157	0.03374397429030525	-0.0026780931976433157	0.028387787895018616	7151957
2021-11-10	0.0059267241379311955	-0.005926724137931005	0.008620689655172422	-0.03017241379310338	0.0059267241379311955	6508683
2021-11-09	-0.0005385029617663738	-0.0037695207323640433	0.005923532579429156	-0.009154550350027017	-0.0005385029617663738	4584355
2021-11-08	0.02767017155506364	0.007194244604316492	0.02767017155506364	0.0016602102933038815	0.02767017155506364	5369038
2021-11-05	-0.04744333157617283	-0.0021085925144965286	-0.0021085925144965286	-0.0484976278334211	-0.04744333157617283	8438350
2021-11-04	0.010117145899893381	-0.0058572949946751555	0.010649627263045755	-0.008519701810436642	0.010117145899893381	4190073
2021-11-03	0.0016000000000000606	0.0053333333333334095	0.0053333333333334095	-0.011733333333333273	0.0016000000000000606	3139172
2021-11-02	-0.03150826446280989	0.011363636363636305	0.016528925619834725	-0.044421487603305755	-0.03150826446280989	7453839
2021-11-01	0.016272965879265026	0.002624671916010536	0.02204724409448809	-0.004199475065616895	0.016272965879265026	3869130
2021-10-29	0.0	0.0	0.011548556430446133	-0.01889763779527556	0.0	6537304
2021-10-28	-0.03348554033485541	-0.0005073566717403127	-0.0005073566717403127	-0.040081177067478393	-0.03348554033485541	8479347
2021-10-27	-0.03712750366389829	0.0	0.0034196384953590763	-0.05911089399120652	-0.03712750366389829	12115597
2021-10-26	-0.008716707021791755	-0.0004842615012105574	0.008716707021791755	-0.010169491525423598	-0.008716707021791755	4475825
2021-10-25	-0.015729265967588266	-0.0019065776930409508	-0.0019065776930409508	-0.020972354623450967	-0.015729265967588266	5289125
2021-10-22	-0.003798670465337051	-0.003798670465337051	-0.0033238366571700043	-0.03228869895536561	-0.003798670465337051	8418964
2021-10-21	0.0019029495718363059	0.0038058991436727804	0.022359657469077015	-0.0009514747859181529	0.0019029495718363059	7583221
2021-10-20	0.004780114722753244	0.0	0.013384321223709252	-0.012906309751434183	0.004780114722753244	6349083
2021-10-19	-0.0023843586075344377	-0.006676204101096832	0.0014306151645207981	-0.016690510252741913	-0.0023843586075344377	4994516
2021-10-18	0.009629272989889229	-0.0019258545979778116	0.020702936928261903	-0.0077034183919114175	0.009629272989889229	7065515
2021-10-15	-0.005268199233716448	0.0009578544061302479	0.005268199233716448	-0.014367816091954057	-0.005268199233716448	4453576
2021-10-14	0.0067502410800386005	-0.0014464802314367207	0.013500482160077201	-0.013982642237222717	0.0067502410800386005	5094349
2021-10-13	0.004844961240309974	-0.0014534883720930783	0.004844961240309974	-0.025678294573643467	0.004844961240309974	5820855
2021-10-12	-0.026415094339622584	0.0028301886792453904	0.0028301886792453904	-0.03726415094339619	-0.026415094339622584	8267170
2021-10-11	0.015812170579779506	0.0	0.015812170579779506	-0.017728797316722614	0.015812170579779506	6165432
2021-10-08	0.018048780487804925	0.01951219512195115	0.01951219512195115	-0.006829268292682955	0.018048780487804925	6230692
2021-09-30	0.007866273352999024	0.0019665683382497122	0.021140609636184842	0.0019665683382497122	0.007866273352999024	4505630
2021-09-29	-0.040566037735849034	-0.00943396226415091	-0.0023584905660377696	-0.04905660377358487	-0.040566037735849034	7671269
2021-09-28	-0.00702576112412188	-0.00702576112412188	0.011241217798594773	-0.028103044496487185	-0.00702576112412188	6985169
2021-09-27	-0.02910413824465653	0.020918599363347015	0.020918599363347015	-0.0432014552069122	-0.02910413824465653	6259352
2021-09-24	-0.04391304347826094	-0.0030434782608695777	0.004347826086956583	-0.045217391304347786	-0.04391304347826094	7937896
2021-09-23	-0.014989293361884428	0.018415417558886496	0.03554603854389714	-0.01670235546038546	-0.014989293361884428	7545245
2021-09-22	-0.029912754466140376	-0.015371832156211093	-0.015371832156211093	-0.04445367677606981	-0.029912754466140376	7225360
2021-09-17	-0.05049309664694284	-0.009467455621301853	-0.0059171597633136935	-0.08560157790927028	-0.05049309664694284	10350131
2021-09-16	-0.012465913517724981	0.021036229061160854	0.026879626022594378	-0.024542267238021134	-0.012465913517724981	8629889
2021-09-15	-0.023954372623574107	-0.0003802281368821887	-0.0003802281368821887	-0.03802281368821293	-0.023954372623574107	10017403
2021-09-14	-0.0390938984289368	0.0	0.0	-0.04274753379612721	-0.0390938984289368	9969988
2021-09-13	0.022413149047441218	-0.011206574523720609	0.027269331341053433	-0.02091893911094504	0.022413149047441218	13937948
2021-09-10	-0.03635709143268544	-0.0014398848092153599	-0.0014398848092153599	-0.04607631389488845	-0.03635709143268544	15053166
2021-09-09	0.06641074856046067	0.017658349328215004	0.07677543186180422	-0.021880998080614215	0.06641074856046067	23821329
2021-09-08	-0.02543958099513654	0.0029928918817807067	0.046763935652824544	-0.043771043771043835	-0.02543958099513654	17962747
2021-09-07	0.09999999999999999	0.002880658436214003	0.09999999999999999	0.002880658436214003	0.09999999999999999	14583204
2021-09-06	-0.002053388090349105	-0.0024640657084189846	0.013141683778234096	-0.018480492813141798	-0.002053388090349105	5667512
2021-09-03	-0.041338582677165246	-0.0003937007874014965	-0.0003937007874014965	-0.043307086614173144	-0.041338582677165246	9103049
2021-09-02	0.0011824990145840593	-0.020102483247930687	0.020890815924319968	-0.04572329523058731	0.0011824990145840593	10185734
2021-09-01	-0.004317111459968581	0.0027472527472527583	0.03178963893249603	-0.04277864992150706	-0.004317111459968581	14955273
2021-08-31	0.05376344086021508	0.0041356492969396785	0.05376344086021508	-0.021091811414391978	0.05376344086021508	13673648
2021-08-30	0.031130063965884882	-0.00042643923240929686	0.03539445628997876	-0.0021321961620469386	0.031130063965884882	8260346
2021-08-27	-0.01923881221246344	-0.01087411125052286	-0.0004182350480970959	-0.03805938937682978	-0.01923881221246344	6460408
2021-08-26	-0.018875666803446895	-0.0008206811653672373	0.01436192039392687	-0.023799753795650466	-0.018875666803446895	6968963
2021-08-25	0.0008213552361396128	0.0098562628336755	0.011088295687884992	-0.030390143737166406	0.0008213552361396128	7324908
2021-08-24	-0.02522017614091269	0.0	0.005604483586869519	-0.0300240192153723	-0.02522017614091269	8682001
2021-08-23	0.002810116419108803	0.0036130068245684406	0.02047370533922126	-0.01645925331192293	0.002810116419108803	8918365
2021-08-20	0.005651998385143342	0.004844570044408599	0.012111425111021425	-0.02260799354057322	0.005651998385143342	7607435
2021-08-19	-0.015891934843067227	-0.012713547874453725	-0.0035756853396902424	-0.04608661104489472	-0.015891934843067227	7207898
2021-08-18	0.03282724661469022	0.009437833401723448	0.03898235535494457	0.0	0.03282724661469022	11354185
2021-08-17	-0.06771231828615147	-0.011859219586840178	-0.011859219586840178	-0.08645753634276976	-0.06771231828615147	15567470
2021-08-16	0.036068172810146654	0.011097899326199014	0.041617122473246164	-0.011097899326199014	0.036068172810146654	13814840
2021-08-13	-0.020574534161490726	-0.0011645962732919695	0.0	-0.03610248447204981	-0.020574534161490726	9621500
2021-08-12	0.016975917883932226	-0.00039478878799834233	0.04145282273983422	-0.021318594551914694	0.016975917883932226	11678219
2021-08-11	-0.01631067961165055	0.009708737864077669	0.012427184466019429	-0.02601941747572822	-0.01631067961165055	8844257
2021-08-10	0.0058593749999999445	-0.004687500000000039	0.007812499999999972	-0.013671875000000056	0.0058593749999999445	13662577
2021-08-09	0.08245243128964072	0.023678646934460985	0.0993657505285413	0.003382663847780205	0.08245243128964072	24744460
2021-08-06	0.09999999999999994	0.0074418604651162856	0.09999999999999994	0.0037209302325580604	0.09999999999999994	17763588
2021-08-05	-0.023171285779191347	0.0	0.0	-0.0349840981372105	-0.023171285779191347	4658410
2021-08-04	0.01241950321987135	-0.0018399264029438432	0.01655933762649508	-0.01057957681692718	0.01241950321987135	5876497
2021-08-03	-0.021602160216021623	-0.0031503150315031632	0.012601260126012653	-0.035103510351035	-0.021602160216021623	8510392
2021-08-02	0.010459299681673508	0.0	0.025466120964074683	-0.06412005457025922	0.010459299681673508	11970160
2021-07-30	0.005486968449931295	-0.004115226337448553	0.022405121170553197	-0.0237768632830361	0.005486968449931295	8500977
2021-07-29	0.04043767840152243	0.0	0.04424357754519504	-0.021883920076118023	0.04043767840152243	9567127
2021-07-28	-0.01775700934579435	-0.02289719626168217	-0.009345794392523333	-0.07943925233644857	-0.01775700934579435	13541987
2021-07-27	-0.0695652173913044	0.010434782608695584	0.010434782608695584	-0.07434782608695656	-0.0695652173913044	15122940
2021-07-26	0.007446342531756536	0.0026281208935612036	0.0170827858081472	-0.039421813403416495	0.007446342531756536	17241965
2021-07-23	0.08817921830314575	0.0047664442326023765	0.09628217349857005	0.0047664442326023765	0.08817921830314575	18600075
2021-07-22	0.04900000000000002	-0.004499999999999993	0.06099999999999994	-0.007000000000000029	0.04900000000000002	10112565
2021-07-21	-0.0024937655860349482	0.009975062344139616	0.01496259351620951	-0.0049875311720698964	-0.0024937655860349482	5248572
2021-07-20	-0.024805447470817026	-0.011673151750972686	-0.0038910505836575048	-0.03258754863813221	-0.024805447470817026	6880947
2021-07-19	-0.049468331021729095	0.0004623208506704375	0.015718908922792412	-0.05224225612575123	-0.049468331021729095	7980726
2021-07-16	0.023663038334122102	0.005205868433506835	0.04495977283483196	-0.005205868433506835	0.023663038334122102	9957206
2021-07-15	0.03073170731707312	0.0	0.03512195121951214	-0.01365853658536591	0.03073170731707312	6276615
2021-07-14	-0.030274361400189242	-0.006622516556291418	-0.0018921475875117856	-0.03358561967833495	-0.030274361400189242	5535711
2021-07-13	0.005708848715509087	0.000475737392959161	0.009990485252140859	-0.009990485252140859	0.005708848715509087	4800660
2021-07-12	-0.031336405529953905	0.013364055299539131	0.023963133640552976	-0.036405529953917014	-0.031336405529953905	8940989
2021-07-09	0.014492753623188345	-0.00467508181393181	0.018232819074333828	-0.013090229079008935	0.014492753623188345	5066250
2021-07-08	-0.01519337016574578	-0.003222836095764286	0.023480662983425486	-0.019797421731123376	-0.01519337016574578	6157744
2021-07-07	0.04978250362493947	0.009183180280328551	0.05606573223779604	-0.007249879168680625	0.04978250362493947	8433963
2021-07-06	0.011735941320293496	-0.014669926650366783	0.02102689486552566	-0.014669926650366783	0.011735941320293496	5598781
2021-07-05	-0.02340019102196762	-0.01719197707736404	-0.011461318051576026	-0.04393505253104115	-0.02340019102196762	7835595
2021-07-02	-0.011798017932987258	-0.006606890042472891	0.011798017932987258	-0.020764511562057632	-0.011798017932987258	5188311
2021-07-01	0.01679462571976974	0.0	0.01967370441458734	-0.004318618042226481	0.01679462571976974	5940406
2021-06-30	-0.02525724976613654	0.0	0.007951356407857891	-0.02946679139382596	-0.02525724976613654	7204445
2021-06-29	-0.028623353021354044	0.0031803725579280656	0.00499772830531574	-0.0354384370740573	-0.028623353021354044	8661297
2021-06-28	-0.008558558558558457	0.0009009009009008817	0.0009009009009008817	-0.01576576576576567	-0.008558558558558457	5622715
2021-06-25	0.010928961748633809	0.00683060109289611	0.01821493624772307	-0.004553734061930848	0.010928961748633809	9562458
2021-06-24	-0.011701170117011613	0.0031503150315031632	0.011251125112511251	-0.01890189018901882	-0.011701170117011613	7764385
2021-06-23	0.004066877541798458	0.022141888838680616	0.06281066425666519	-0.010845006778129166	0.004066877541798458	9601486
2021-06-22	-0.018189884649511986	0.0	0.0	-0.023957409050576715	-0.018189884649511986	4042658
2021-06-21	0.02969392416628591	0.005025125628140678	0.06349931475559618	0.00045682960255815486	0.02969392416628591	7115550
2021-06-18	-0.013519603424966232	-0.004055881027489854	0.009463722397476218	-0.013970256872465177	-0.013519603424966232	4017999
2021-06-17	-0.017271922054915723	-0.004871567759078806	0.003100088573959269	-0.034543844109831606	-0.017271922054915723	5961788
2021-06-16	-0.03996598639455788	-0.009778911564625868	0.005952380952380976	-0.04124149659863941	-0.03996598639455788	4616970
2021-06-15	0.0012771392081737394	0.0	0.009791400595998315	-0.04810557684120899	0.0012771392081737394	7248750
2021-06-11	-0.0025477707006370393	0.006369426751592296	0.014861995753715407	-0.018259023354564745	-0.0025477707006370393	7219852
2021-06-10	0.036075670919489676	0.0008798944126704607	0.043554773427188664	-0.00219973603167623	0.036075670919489676	7655275
2021-06-09	-0.010448410970831452	0.0	0.009577710056595665	-0.015237265999129206	-0.010448410970831452	4476944
2021-06-08	-0.006057983556901799	-0.005192557334487278	0.00995240155776722	-0.017308524448290723	-0.006057983556901799	4118270
2021-06-07	0.006533101045296105	-0.00043554006968647924	0.013937282229965169	-0.027003484320557533	0.006533101045296105	4319210
2021-06-04	-0.02047781569965872	-0.0038395904436860006	-0.002986348122866906	-0.02389078498293525	-0.02047781569965872	4952532
2021-06-03	0.01471861471861471	0.00043290043290034676	0.0367965367965367	0.00043290043290034676	0.01471861471861471	6489727
2021-06-02	-0.017439387494683118	0.0	0.006380263717566932	-0.02169289663972784	-0.017439387494683118	5509827
2021-06-01	-0.008016877637130706	0.0012658227848101745	0.005063291139240548	-0.014345991561181428	-0.008016877637130706	6534063
2021-05-31	-0.01250000000000003	0.016666666666666607	0.016666666666666607	-0.020000000000000018	-0.01250000000000003	4648684
2021-05-28	-0.01960784313725492	0.008169934640522847	0.02573529411764702	-0.025326797385620957	-0.01960784313725492	5178183
2021-05-27	0.013664596273292003	0.006625258799171849	0.014492753623188465	-0.01200828157349893	0.013664596273292003	4080260
2021-05-26	-0.010245901639344263	-0.006967213114754023	-0.002049180327868736	-0.019262295081967168	-0.010245901639344263	3719405
2021-05-25	0.027368421052631518	0.00126315789473689	0.027368421052631518	-0.010105263157894671	0.027368421052631518	5012152
2021-05-24	-0.024640657084188968	0.008624229979466007	0.008624229979466007	-0.0381930184804928	-0.024640657084188968	4191599
2021-05-21	-0.014170040485829873	-0.0004048582995950612	0.018623481781376554	-0.02834008097165989	-0.014170040485829873	7761731
2021-05-20	-0.024486571879936848	-0.028830963665086903	-0.009873617693522907	-0.04423380726698266	-0.024486571879936848	5772682
2021-05-19	-0.04883546205860258	0.0033809166040570946	0.007137490608564903	-0.06536438767843734	-0.04883546205860258	8750369
2021-05-18	0.07036590269400884	0.0016083634901487393	0.08765581021310814	0.0016083634901487393	0.07036590269400884	9452027
2021-05-17	0.050253378378378434	0.002956081081081093	0.053631756756756736	-0.00380067567567567	0.050253378378378434	5940353
2021-05-14	0.03225806451612896	0.00043591979075841366	0.03661726242371403	-0.010026155187445528	0.03225806451612896	6454277
2021-05-13	-0.05557842733635232	-0.012762453684643835	-0.006998764923836894	-0.058871963771099205	-0.05557842733635232	6251597
2021-05-12	0.006630750103605476	-0.010360547036883548	0.028595109821798644	-0.010774968918358807	0.006630750103605476	4669505
2021-05-11	-0.051493710691823985	-0.01336477987421383	-0.01336477987421383	-0.05345911949685546	-0.051493710691823985	7459491
2021-05-10	-0.01700154559505401	0.016228748068006248	0.020092735703245733	-0.0595054095826893	-0.01700154559505401	11676353
2021-05-07	-0.021180030257186167	0.0	0.021180030257186032	-0.026475037821482708	-0.021180030257186167	8615560
2021-05-06	0.021638330757341666	0.000772797527047897	0.026275115919629048	-0.010046367851622799	0.021638330757341666	6375489
2021-04-30	-0.010325047801147211	-0.005736137667303961	-0.0038240917782025956	-0.02868068833652008	-0.010325047801147211	3463320
2021-04-29	-0.021698466142910655	0.009726898615787431	0.016835016835016807	-0.03404414515525627	-0.021698466142910655	5205035
2021-04-28	0.04823529411764708	-0.0011764705882353387	0.057254901960784345	-0.007843137254901933	0.04823529411764708	6967582
2021-04-27	-0.005072181037846235	-0.00429184549356221	0.019898556379243135	-0.017947717518532864	-0.005072181037846235	2812069
2021-04-26	-0.017631276351092406	0.008815638175546203	0.038328861632809505	-0.020314296665389083	-0.017631276351092406	5230581
2021-04-23	0.005007704160246495	0.008474576271186397	0.012711864406779594	-0.01155624036979972	0.005007704160246495	2976643
2021-04-22	0.010903426791277303	0.0	0.027647975077881654	-0.0038940809968847907	0.010903426791277303	4234696
2021-04-21	-0.01420345489443382	-0.004990403071017236	-0.0030710172744722397	-0.02840690978886764	-0.01420345489443382	2665833
2021-04-20	0.0023085802231628426	0.012312427856868037	0.019238168526356292	-0.012697191227395087	0.0023085802231628426	3792141
2021-04-19	0.026461295418641315	-0.0027646129541864252	0.030805687203791513	-0.024881516587677687	0.026461295418641315	5099064
2021-04-16	-0.012095200936402603	0.0031213421771362406	0.0039016777214202665	-0.01599687865782287	-0.012095200936402603	3691114
2021-04-15	-0.010042487446890751	0.006179992275009661	0.007724990343762042	-0.026651216685979192	-0.010042487446890751	3043795
2021-04-14	0.013307240704500973	-0.007045009784735801	0.021526418786692786	-0.007045009784735801	0.013307240704500973	2888526
2021-04-13	-0.011605415860735036	0.00580270793036745	0.008897485493230052	-0.01934235976789168	-0.011605415860735036	3703764
2021-04-12	-0.012605042016806657	0.0	0.012987012987012981	-0.019480519480519404	-0.012605042016806657	4371120
2021-04-09	-0.02604166666666664	0.011904761904761916	0.014508928571428593	-0.032366071428571334	-0.02604166666666664	5782390
2021-04-08	0.006364657431673461	0.008985398727068454	0.023961063272182722	-0.010857356795207756	0.006364657431673461	6819589
2021-04-07	0.012893439514599918	0.00037921880925286346	0.018960940462646948	-0.01365187713310578	0.012893439514599918	7610806
2021-04-06	0.030078124999999983	0.007031249999999989	0.03710937499999997	0.007031249999999989	0.030078124999999983	4852145
2021-04-02	0.006685017695635144	0.0007864726700746982	0.013763271726307567	-0.01572945340149424	0.006685017695635144	4819061
2021-04-01	-0.0367424242424242	-0.03409090909090904	-0.022727272727272648	-0.060227272727272727	-0.0367424242424242	5605633
2021-03-31	0.010719754977029004	0.003062787136293962	0.02029096477794784	-0.01990811638591116	0.010719754977029004	6308891
2021-03-30	0.01753019088430071	0.0003895597974288278	0.02259446825087644	-0.01908843007401644	0.01753019088430071	5531890
2021-03-29	0.01023219205037393	0.01652892561983464	0.022038567493112896	-0.011412829594647744	0.01023219205037393	5747203
2021-03-26	0.01194743130227004	0.010354440461967407	0.015531660692951038	-0.009956192751891677	0.01194743130227004	6178880
2021-03-25	0.018248175182481723	0.0048661800486618405	0.030819140308191467	-0.0008110300081102828	0.018248175182481723	4684275
2021-03-24	-0.06555513452065177	-0.015536187949981059	-0.015536187949981059	-0.07275483137552109	-0.06555513452065177	9269342
2021-03-23	-0.014194994396712702	0.0018677624206201236	0.008591707134852463	-0.059394844975719084	-0.014194994396712702	8627792
2021-03-22	0.004126031507876948	0.009377344336084021	0.027381845461365358	-0.002250562640660117	0.004126031507876948	5267974
2021-03-19	-0.03440782325244474	-0.012314378848243384	-0.0003621876131835571	-0.043100325968851785	-0.03440782325244474	7459025
2021-03-18	0.014700477765527327	-0.0025725836089673017	0.04189636163175305	-0.0025725836089673017	0.014700477765527327	6428125
2021-03-17	0.004059040590405883	0.0018450184501843968	0.014391143911439003	-0.02583025830258313	0.004059040590405883	5928902
2021-03-16	0.002960769800148107	-0.0007401924500369939	0.012953367875647721	-0.030347890451517406	0.002960769800148107	8162097
2021-03-15	-0.022077452044878734	0.0018096272167933663	0.018096272167933407	-0.03474484256243204	-0.022077452044878734	6248934
2021-03-12	0.0014498006524102628	0.018847408481333802	0.027183762232693004	-0.013773106197897752	0.0014498006524102628	6247030
2021-03-11	0.01508462104488595	0.01508462104488595	0.04047093451066966	-0.01839587932303164	0.01508462104488595	8510744
2021-03-10	0.025273481705016903	-0.00037721614485105854	0.04715201810637495	-0.012448132780083056	0.025273481705016903	10633859
2021-03-09	-0.08743545611015488	-0.015490533562822695	-0.0020654044750431076	-0.09018932874354564	-0.08743545611015488	15225626
2021-03-08	-0.03166666666666664	-0.017666666666666705	0.019666666666666662	-0.06600000000000002	-0.03166666666666664	10889369
2021-03-05	-0.0369181380417335	-0.01861958266452643	-0.01861958266452643	-0.08507223113964683	-0.0369181380417335	8224219
2021-03-04	0.019639934533551485	0.014729950900163642	0.06808510638297878	-0.034042553191489335	0.019639934533551485	13731974
2021-03-03	0.07760141093474424	-0.0038800705467373184	0.09947089947089947	-0.0038800705467373184	0.07760141093474424	10900077
2021-03-02	-0.012539184952978037	0.014977359804946001	0.027168234064785704	-0.028213166144200705	-0.012539184952978037	5297770
2021-03-01	0.020618556701030993	0.0014219694276574014	0.030927835051546428	-0.013153217205829985	0.020618556701030993	7128396
2021-02-26	-0.0330010312822276	-0.023375730491577852	-0.007562736335510445	-0.06565830182193194	-0.0330010312822276	8910982
2021-02-25	-0.0768010155506189	-0.009838146620120669	-0.001904157410345994	-0.07711837511900994	-0.0768010155506189	9559568
2021-02-24	0.007031000319591001	-0.007989773090444232	0.021093000958772777	-0.06359859379993603	0.007031000319591001	10427878
2021-02-23	-0.08669001751313482	-0.025102159953298293	-0.025102159953298293	-0.09515469935785167	-0.08669001751313482	10246870
2021-02-22	0.04228780042592031	-0.02646790386370543	0.09522360815333139	-0.029814420444173925	0.04228780042592031	12778453
2021-02-19	-0.07199322416713733	-0.01185770750988147	-0.0033879164313948204	-0.09401468097120266	-0.07199322416713733	11239376
2021-02-18	0.06143242433323358	0.06382978723404263	0.07911297572670065	0.0032963739886125096	0.06143242433323358	7632800
2021-02-10	0.09986816084377052	0.0006591957811469866	0.09986816084377052	-0.001647989452867525	0.09986816084377052	9017037
2021-02-09	0.018462571332661992	-0.02819738167170191	0.05673044645854318	-0.050016784155756916	0.018462571332661992	10821586
2021-02-08	-0.10000000000000006	-0.06344410876132935	-0.038368580060423055	-0.10000000000000006	-0.10000000000000006	11514481
2021-02-05	0.005773321178973104	-0.05986022485566683	0.01428137344272276	-0.09996961409905791	0.005773321178973104	12337337
2021-02-04	-0.02024412027389124	-0.005358737719559596	0.011015183090205341	-0.04614468591842823	-0.02024412027389124	6033920
2021-02-03	0.09950900163666129	-0.01800327332242228	0.10016366612111288	-0.02258592471358433	0.09950900163666129	9150322
2021-02-02	0.07456911712979251	-0.004572634540977805	0.08160393950052762	-0.004572634540977805	0.07456911712979251	7532540
2021-02-01	0.01899641577060936	0.0071684587813621095	0.02078853046594989	-0.028673835125447928	0.01899641577060936	4042026
2021-01-29	0.003597122302158197	-0.014748201438848925	0.028417266187050327	-0.014748201438848925	0.003597122302158197	5423269
2021-01-28	-0.022847100175746874	-0.0256590509666081	-0.0091388400702987	-0.06115992970123017	-0.022847100175746874	6542357
2021-01-27	0.030050687907313477	-0.02643012309920349	0.04996379435191886	-0.02643012309920349	0.030050687907313477	7305633
2021-01-26	0.012834616795012887	-0.003300330033003295	0.01503483681701504	-0.0245691235790245	0.012834616795012887	4802998
2021-01-25	0.0	0.0025669233590025773	0.01796846351301804	-0.012467913458012464	0.0	4545109
2021-01-22	0.0022050716648290597	0.022785740536567345	0.025358324145534645	-0.007717750826901905	0.0022050716648290597	5484879
2021-01-21	-0.008743169398907047	0.019672131147540954	0.02258652094717672	-0.031329690346083766	-0.008743169398907047	6140540
2021-01-20	0.020825585719598316	0.0003718854592784682	0.04871699516548898	-0.011528449237634892	0.020825585719598316	7078430
2021-01-19	0.03224568138195777	-0.0007677543186180259	0.03646833013435698	-0.0019193857965451328	0.03224568138195777	4870455
2021-01-18	-0.0330363771343727	-0.03192279138827034	-0.013734224201930252	-0.05679287305122498	-0.0330363771343727	5404102
2021-01-15	-0.018579234972677525	-0.014936247723132975	-0.010928961748633906	-0.07540983606557378	-0.018579234972677525	8188639
2021-01-14	0.09058402860548262	-0.0011918951132300808	0.09654350417163288	-0.011918951132300385	0.09058402860548262	8870389
2021-01-13	-0.023661753297129533	-0.0023273855702095527	-0.0019394879751745814	-0.04189294026377043	-0.023661753297129533	5133323
2021-01-12	-0.007316134000770032	-0.0061609549480169485	-0.0061609549480169485	-0.04428186368887172	-0.007316134000770032	6502189
2021-01-11	-0.012922843025465598	0.0007601672367920781	0.0041809198023566325	-0.06081337894336746	-0.012922843025465598	8546485
2021-01-08	0.009593246354566386	-0.023407521105141958	0.010744435917114395	-0.04834996162701451	0.009593246354566386	7182117
2021-01-07	0.0831255195344971	0.0	0.09642560266001664	-0.012884455527846997	0.0831255195344971	9637081
2021-01-06	0.01862828111769677	0.01185436071126154	0.027519051651143038	-0.009314140558848535	0.01862828111769677	5321649
