2024-12-31	-0.01737967914438513	-0.0013368983957220153	0.00401069518716569	-0.01737967914438513	-0.01737967914438513	106095258
2024-12-30	0.027472527472527496	-0.0013736263736264663	0.03159340659340653	-0.002747252747252811	0.027472527472527496	152277560
2024-12-27	-0.02150537634408604	-0.01075268817204302	0.0013440860215053476	-0.022849462365591506	-0.02150537634408604	111498955
2024-12-26	0.008130081300813075	0.0	0.013550135501355086	-0.006775067750677483	0.008130081300813075	80820737
2024-12-25	-0.006729475100942103	0.0013458950201885162	0.0013458950201885162	-0.010767160161507413	-0.006729475100942103	60567506
2024-12-24	0.0192043895747599	-0.00274348422496577	0.0192043895747599	-0.004115226337448594	0.0192043895747599	99027637
2024-12-23	0.0013736263736263442	0.0	0.015109890109890032	-0.002747252747252811	0.0013736263736263442	107860873
2024-12-20	-0.01488497970230033	0.0	0.006765899864682099	-0.017591339648173193	-0.01488497970230033	88121486
2024-12-19	0.0013550135501354725	-0.009485094850948549	0.002710027100271065	-0.023035230352303513	0.0013550135501354725	97712112
2024-12-18	-0.0013531799729363718	0.001353179972936492	0.013531799729364078	-0.004059539918809116	-0.0013531799729363718	99188885
2024-12-17	-0.008053691275167852	-0.005369127516778528	0.0013422818791946022	-0.018791946308724907	-0.008053691275167852	124705223
2024-12-16	-0.019736842105263087	-0.002631578947368365	0.0013157894736842994	-0.022368421052631572	-0.019736842105263087	133375884
2024-12-13	-0.03184713375796178	-0.0063694267515923345	-0.0012738853503184442	-0.03439490445859867	-0.03184713375796178	193760308
2024-12-12	-0.0038071065989848034	-0.0101522842639594	0.0012690355329948969	-0.0101522842639594	-0.0038071065989848034	127995568
2024-12-11	0.02737940026075619	-0.003911342894393774	0.04172099087353329	-0.005215123859191661	0.02737940026075619	265224566
2024-12-10	0.003926701570680661	0.02486910994764403	0.0458115183246074	0.0013089005235602978	0.003926701570680661	238581656
2024-12-09	0.0	-0.002617801047120363	0.013089005235602165	-0.0065445026178010245	0.0	153599414
2024-12-06	0.013262599469495973	-0.0026525198938992657	0.014588859416445665	-0.005305039787798413	0.013262599469495973	155111815
2024-12-05	-0.013089005235602049	-0.003926701570680545	0.0013089005235602978	-0.01701570680628271	-0.013089005235602049	148401126
2024-12-04	0.006587615283267434	0.022397891963109345	0.027667984189723317	-0.0013175230566534633	0.006587615283267434	218884831
2024-12-03	0.0	0.0013175230566534633	0.00527009222661397	-0.014492753623188331	0.0	123568957
2024-12-02	0.00930851063829791	0.001329787234042643	0.013297872340425603	-0.001329787234042525	0.00930851063829791	142230415
2024-11-29	0.0	-0.001329787234042525	0.01196808510638308	-0.015957446808510536	0.0	115711950
2024-11-28	-0.015706806282722526	0.0	0.0026178010471204793	-0.01701570680628271	-0.015706806282722526	98575885
2024-11-27	0.009247027741083142	-0.002642007926023839	0.010568031704095121	-0.01585204755614268	0.009247027741083142	96307067
2024-11-26	0.0	-0.0052840158520475605	0.013210039630118842	-0.011889035667106982	0.0	79610605
2024-11-25	-0.010457516339869289	-0.0013071895424837483	0.014379084967320186	-0.019607843137254947	-0.010457516339869289	108407114
2024-11-22	-0.03530895334174015	-0.003783102143757801	0.003783102143757913	-0.03783102143757879	-0.03530895334174015	128124241
2024-11-21	0.0025284450063210585	-0.0012642225031605293	0.01011378002528446	-0.015170670037926689	0.0025284450063210585	113600942
2024-11-20	-0.0037783375314861772	0.005037783375314866	0.02267002518891673	-0.0075566750629723544	-0.0037783375314861772	138271942
2024-11-19	0.017948717948718024	0.0	0.019230769230769277	-0.008974358974358897	0.017948717948718024	134919207
2024-11-18	-0.022556390977443684	-0.048872180451127886	0.0012531328320801738	-0.05513784461152887	-0.022556390977443684	250881808
2024-11-15	0.0037735849056604086	-0.0025157232704403096	0.025157232704402538	-0.005031446540880507	0.0037735849056604086	149878608
2024-11-14	-0.018518518518518455	0.0	0.012345679012345635	-0.020987654320987648	-0.018518518518518455	136722142
2024-11-13	0.004962779156327438	-0.006203473945409517	0.012406947890818814	-0.011166253101737064	0.004962779156327438	121895960
2024-11-12	-0.039332538736591184	-0.008343265792610284	-0.0011918951132300103	-0.04648390941597146	-0.039332538736591184	290554646
2024-11-11	-0.012941176470588168	-0.012941176470588168	-0.012941176470588168	-0.035294117647058906	-0.012941176470588168	227550042
2024-11-08	0.0023584905660376855	0.02594339622641496	0.03773584905660381	-0.010613207547169793	0.0023584905660376855	301533713
2024-11-07	0.029126213592233035	-0.013349514563106726	0.03276699029126209	-0.023058252427184404	0.029126213592233035	296238801
2024-11-06	0.018541409147095223	0.01112484548825709	0.035846724351050796	0.003708281829418957	0.018541409147095223	302978368
2024-11-05	0.021464646464646457	-0.005050505050505055	0.02777777777777786	-0.012626262626262581	0.021464646464646457	271729072
2024-11-04	-0.0025188916876574888	0.015113350125944598	0.015113350125944598	-0.026448362720403018	-0.0025188916876574888	274049361
2024-11-01	0.0406290956749673	0.003931847968545249	0.06815203145478381	0.003931847968545249	0.0406290956749673	397514759
2024-10-31	-0.0078023407022107276	-0.005201560468140447	0.011703511053315976	-0.014304291287386257	-0.0078023407022107276	252052395
2024-10-30	-0.07904191616766458	-0.04790419161676641	-0.04790419161676641	-0.08862275449101789	-0.07904191616766458	523755239
2024-10-29	-0.026806526806526856	-0.00582750582750591	-0.00582750582750591	-0.031468531468531416	-0.026806526806526856	169548815
2024-10-28	0.010600706713780902	0.003533568904593564	0.025912838633686763	0.002355712603062376	0.010600706713780902	189761154
2024-10-25	-0.037414965986394565	-0.0147392290249434	-0.01247165532879812	-0.044217687074829995	-0.037414965986394565	279195839
2024-10-24	0.01146788990825684	-0.010321100917431176	0.019495412844036688	-0.019495412844036688	0.01146788990825684	181203156
2024-10-23	-0.013574660633484075	0.0022624434389139788	0.006787330316742138	-0.026018099547511362	-0.013574660633484075	189929305
2024-10-22	0.009132420091324209	-0.0068493150684932076	0.01141552511415521	-0.02054794520547942	0.009132420091324209	171198521
2024-10-21	0.02456140350877182	0.009356725146198838	0.03742690058479514	-0.003508771929824694	0.02456140350877182	228666561
2024-10-18	0.004700352526439591	-0.01057579318448882	0.02350176263219754	-0.014101057579318357	0.004700352526439591	236161880
2024-10-17	-0.01618497109826596	0.009248554913294805	0.028901734104046242	-0.017341040462427786	-0.01618497109826596	183624360
2024-10-16	0.016451233842538257	-0.01880141010575795	0.028202115158636923	-0.02115158636897764	0.016451233842538257	192436023
2024-10-15	-0.06380638063806382	-0.017601760176017618	-0.015401540154015464	-0.06380638063806382	-0.06380638063806382	273428862
2024-10-14	0.06690140845070426	0.023474178403755996	0.08215962441314567	0.023474178403755996	0.06690140845070426	423082173
2024-10-11	0.003533568904593564	0.010600706713780902	0.03651354534746767	-0.02237926972909299	0.003533568904593564	264888863
2024-10-10	0.0625782227784731	0.012515644555694573	0.09511889862327907	0.011264080100125138	0.0625782227784731	327788343
2024-10-09	-0.08266360505166481	-0.024110218140068983	-0.024110218140068983	-0.08955223880597027	-0.08266360505166481	365056483
2024-10-08	-0.021348314606741515	0.08651685393258422	0.09213483146067418	-0.059550561797752935	-0.021348314606741515	612233944
2024-09-30	0.09471094710947103	0.03321033210332098	0.09717097170971699	0.03321033210332098	0.09471094710947103	325958617
2024-09-27	0.036989795918367464	0.019132653061224535	0.04846938775510214	0.019132653061224535	0.036989795918367464	114575439
2024-09-26	0.06089309878213805	-0.0013531799729363718	0.06224627875507442	-0.006765899864681979	0.06089309878213805	199524272
2024-09-25	0.019310344827586163	0.02068965517241384	0.05103448275862071	0.013793103448275813	0.019310344827586163	225547304
2024-09-24	0.03571428571428571	0.011428571428571439	0.04857142857142855	0.008571428571428516	0.03571428571428571	196760119
2024-09-23	-0.008498583569405044	-0.009915014164305864	0.0028328611898017653	-0.021246458923512672	-0.008498583569405044	110779046
2024-09-20	0.011461318051575813	-0.01002865329512898	0.014326647564469863	-0.01719197707736391	0.011461318051575813	162073786
2024-09-19	0.06079027355623105	0.0015197568389057428	0.06079027355623105	-0.0060790273556231055	0.06079027355623105	196312940
2024-09-18	0.041139240506329076	0.011075949367088512	0.04905063291139234	0.006329113924050638	0.041139240506329076	135340625
2024-09-13	0.001584786053882833	0.009508716323296435	0.02535657686212364	0.0	0.001584786053882833	105015541
2024-09-12	0.009599999999999937	0.007999999999999972	0.025600000000000022	-0.0031999999999999316	0.009599999999999937	94821576
2024-09-11	-0.007936507936507908	-0.003174603174603107	0.0	-0.026984126984126975	-0.007936507936507908	100072391
2024-09-10	-0.006309148264984233	0.0015772870662460231	0.006309148264984233	-0.022082018927444744	-0.006309148264984233	97535765
2024-09-09	-0.01857585139318887	-0.01238390092879258	-0.007739938080495328	-0.03405572755417953	-0.01857585139318887	113028627
2024-09-06	0.0	0.00619195046439629	0.009287925696594366	-0.0046439628482972525	0.0	68660307
2024-09-05	-0.022692889561270854	0.0015128593040846878	0.010590015128592948	-0.034795763993948625	-0.022692889561270854	133551295
2024-09-04	-0.03221083455344067	-0.014641288433382086	-0.013177159590043903	-0.0453879941434847	-0.03221083455344067	133608780
2024-09-03	0.008862629246676587	-0.0029542097488921087	0.02511078286558358	-0.004431314623338163	0.008862629246676587	110398606
2024-09-02	-0.008784773060029356	-0.010248901903367538	0.0	-0.02196193265007326	-0.008784773060029356	115109414
2024-08-30	-0.0014619883040935362	-0.004385964912280738	0.01169590643274855	-0.02192982456140343	-0.0014619883040935362	142225272
2024-08-29	-0.002915451895043799	-0.008746355685131267	0.010204081632652972	-0.02915451895043734	-0.002915451895043799	134711014
2024-08-28	-0.004354136429608035	0.0	0.015965166908563182	-0.015965166908563054	-0.004354136429608035	126551654
2024-08-27	0.0029112081513827616	-0.0014556040756913808	0.010189228529839925	-0.007278020378457034	0.0029112081513827616	102305902
2024-08-26	0.01327433628318582	0.01327433628318582	0.019174041297935086	-0.0029498525073746993	0.01327433628318582	101264778
2024-08-23	0.002958579881656873	-0.0059171597633136145	0.010355029585798859	-0.01479289940828397	0.002958579881656873	78215335
2024-08-22	-0.0044182621502209495	-0.0014727540500736062	0.0014727540500736062	-0.019145802650957274	-0.0044182621502209495	95051155
2024-08-21	0.013432835820895501	0.0	0.014925373134328304	-0.0059701492537313485	0.013432835820895501	118535116
2024-08-20	-0.016152716593245145	0.007342143906020663	0.007342143906020663	-0.023494860499265677	-0.016152716593245145	112943980
2024-08-19	0.0287009063444108	0.012084592145015116	0.042296072507552906	0.00906344410876127	0.0287009063444108	155711327
2024-08-16	0.010687022900763402	0.010687022900763402	0.027480916030534444	0.007633587786259515	0.010687022900763402	115971110
2024-08-15	0.018662519440124436	-0.0031104199066873364	0.026438569206842913	-0.00777604976671848	0.018662519440124436	105175998
2024-08-14	-0.019817073170731694	-0.0015243902439024066	0.0	-0.0213414634146341	-0.019817073170731694	71250281
2024-08-13	0.0	0.004573170731707355	0.012195121951219523	-0.012195121951219388	0.0	78988922
2024-08-12	0.013910355486862421	0.0	0.030911901081916566	-0.001545595054095794	0.013910355486862421	119511703
2024-08-09	0.012519561815336476	0.017214397496087688	0.040688575899843614	0.01095461658841945	0.012519561815336476	149345807
2024-08-08	-0.004672897196261721	-0.007788161993769443	0.0015576323987538609	-0.015576323987538885	-0.004672897196261721	79891596
2024-08-07	0.006269592476489034	0.0015673981191222236	0.015673981191222656	-0.007836990595611257	0.006269592476489034	102740679
2024-08-06	0.0031446540880502474	0.0062893081761006345	0.012578616352201269	-0.015723270440251656	0.0031446540880502474	119496288
2024-08-05	-0.031963470319634694	-0.015220700152207082	0.0015220700152206675	-0.0380517503805175	-0.031963470319634694	184833616
2024-08-02	-0.03947368421052625	-0.017543859649122823	-0.016081871345029156	-0.04824561403508773	-0.03947368421052625	203161273
2024-08-01	-0.008695652173913115	0.013043478260869544	0.03188405797101446	-0.0173913043478261	-0.008695652173913115	179908834
2024-07-31	0.04387291981845689	0.0015128593040846878	0.04689863842662626	0.0015128593040846878	0.04387291981845689	124475810
2024-07-30	-0.03362573099415198	-0.01169590643274855	-0.010233918128655012	-0.03801169590643272	-0.03362573099415198	126837639
2024-07-29	0.0029325513196480314	0.0029325513196480314	0.0131964809384164	-0.01026392961876837	0.0029325513196480314	72915007
2024-07-26	0.013372956909361048	-0.002971768202080306	0.03120356612184249	-0.00594353640416048	0.013372956909361048	118168612
2024-07-25	-0.026049204052098367	-0.008683068017366208	-0.004341534008683104	-0.034732272069464575	-0.026049204052098367	128144107
2024-07-24	-0.014265335235377982	0.0	0.0028530670470756723	-0.028530670470756088	-0.014265335235377982	140542204
2024-07-23	-0.055256064690026974	-0.002695417789757355	0.004043126684636152	-0.056603773584905655	-0.055256064690026974	164102107
2024-07-22	0.02203856749311297	0.0	0.02754820936639121	-0.006887052341597772	0.02203856749311297	142417622
2024-07-19	-0.013586956521739203	-0.017663043478260854	-0.005434782608695656	-0.03668478260869571	-0.013586956521739203	124766237
2024-07-18	0.0027247956403270383	-0.012261580381471371	0.0040871934604904975	-0.035422343324250656	0.0027247956403270383	157482930
2024-07-17	-0.07206068268015174	-0.007585335018963401	-0.00505689001264223	-0.0745891276864728	-0.07206068268015174	282183482
2024-07-16	-0.017391304347826157	-0.004968944099378997	0.0037267080745340816	-0.02484472049689454	-0.017391304347826157	158129742
2024-07-15	0.016414141414141513	-0.0025252525252524713	0.035353535353535276	-0.016414141414141402	0.016414141414141513	167993312
2024-07-12	0.0153846153846154	0.03846153846153844	0.06410256410256422	0.008974358974359012	0.0153846153846154	332400816
2024-07-11	0.03174603174603178	0.001322751322751412	0.04100529100529107	-0.027777777777777776	0.03174603174603178	185017198
2024-07-10	-0.0620347394540944	-0.008684863523573236	-0.002481389578163939	-0.07196029776674938	-0.0620347394540944	228069835
2024-07-09	0.04134366925064603	0.003875968992247979	0.04392764857881135	0.0	0.04134366925064603	160513411
2024-07-08	0.006501950585175529	0.0013003901170350828	0.020806241872561672	-0.005201560468140447	0.006501950585175529	131477081
2024-07-05	0.013175230566534985	-0.0013175230566534633	0.017127799736495374	-0.014492753623188331	0.013175230566534985	101810957
2024-07-04	-0.010430247718383322	0.005215123859191661	0.018252933507170752	-0.011734028683181207	-0.010430247718383322	104167389
2024-07-03	-0.016666666666666653	0.0025641025641026235	0.007692307692307756	-0.026923076923076918	-0.016666666666666653	105558998
2024-07-02	-0.013906447534766159	-0.0012642225031605293	-0.0012642225031605293	-0.026548672566371678	-0.013906447534766159	110951752
2024-07-01	0.03669724770642205	0.002621231979030205	0.03669724770642205	0.0013106159895150441	0.03669724770642205	121613859
2024-06-28	0.03809523809523813	-0.002721088435374092	0.04489795918367348	-0.005442176870748304	0.03809523809523813	122653083
2024-06-27	-0.026490066225165587	-0.007947019867549617	-0.003973509933774867	-0.030463576158940336	-0.026490066225165587	85925315
2024-06-26	0.0	-0.00132450331125825	0.0026490066225166174	-0.02516556291390722	0.0	103366671
2024-06-25	0.018893387314439902	-0.00134952766531711	0.031039136302294133	-0.004048582995951451	0.018893387314439902	121032612
2024-06-24	-0.022427440633245373	-0.022427440633245373	-0.007915567282321965	-0.03166226912928763	-0.022427440633245373	119226555
2024-06-21	-0.007853403141361206	0.006544502617801141	0.010471204188481685	-0.01439790575916223	-0.007853403141361206	97464349
2024-06-20	0.0	0.0	0.018324607329843007	-0.005235602094240842	0.0	98203695
2024-06-19	0.011920529801324485	0.006622516556291367	0.030463576158940454	0.00132450331125825	0.011920529801324485	117359463
2024-06-18	0.008010680907877116	0.002670226969292333	0.01735647530040052	-0.012016021361815735	0.008010680907877116	108110629
2024-06-17	-0.0310478654592497	-0.014230271668822809	0.0012936610608020422	-0.03492884864165594	-0.0310478654592497	147844239
2024-06-14	0.009138381201044423	-0.005221932114882511	0.01174934725848562	-0.007832898172323825	0.009138381201044423	116277062
2024-06-13	-0.025445292620865163	-0.006361323155216375	0.006361323155216262	-0.03689567430025446	-0.025445292620865163	131074539
2024-06-12	0.022106631989596868	-0.0039011703511053638	0.028608582574772397	-0.0039011703511053638	0.022106631989596868	106229633
2024-06-11	-0.02904040404040398	-0.03661616161616162	-0.012626262626262581	-0.04166666666666668	-0.02904040404040398	141423304
2024-06-07	-0.0025188916876574888	0.0062972292191435545	0.012594458438286996	-0.021410579345088263	-0.0025188916876574888	117557585
2024-06-06	0.021879021879021986	0.003861003861003893	0.034749034749034693	0.0025740025740026338	0.021879021879021986	158686803
2024-06-05	-0.039555006180469754	-0.003708281829418957	-0.003708281829418957	-0.042027194066749055	-0.039555006180469754	180195915
2024-06-04	0.012515644555694573	0.0	0.022528160200250277	-0.01877346683354197	0.012515644555694573	196914912
2024-06-03	-0.024420024420024333	-0.013431013431013362	0.001221001221001195	-0.035409035409035304	-0.024420024420024333	173951641
2024-05-31	-0.010869565217391288	0.002415458937198231	0.008454106280193273	-0.024154589371980593	-0.010869565217391288	138938039
2024-05-30	-0.017793594306049865	0.017793594306049865	0.04033214709371291	-0.02609727164887294	-0.017793594306049865	262699900
2024-05-29	0.036900369003689905	0.0012300123001229748	0.04551045510455094	-0.0036900369003691432	0.036900369003689905	230531917
2024-05-28	0.014981273408239825	0.009987515605493142	0.0424469413233458	0.0	0.014981273408239825	205985942
2024-05-27	0.05812417437252305	0.0052840158520475605	0.06076618229854677	0.003963011889035583	0.05812417437252305	213354160
2024-05-24	-0.013037809647979093	-0.003911342894393774	0.009126466753585435	-0.018252933507170752	-0.013037809647979093	192021828
2024-05-23	-0.03156565656565657	-0.03535353535353539	-0.015151515151515166	-0.053030303030303025	-0.03156565656565657	192760070
2024-05-22	-0.01858736059479558	0.007434944237918277	0.01858736059479558	-0.027261462205700204	-0.01858736059479558	199418581
2024-05-21	-0.008599508599508634	0.04299754299754295	0.04791154791154776	-0.01719901719901727	-0.008599508599508634	318998086
2024-05-20	0.04761904761904775	0.021879021879021986	0.06177606177606183	0.0025740025740026338	0.04761904761904775	302824221
2024-05-17	0.015686274509803817	0.0	0.015686274509803817	-0.011764705882353038	0.015686274509803817	99271446
2024-05-16	0.005256241787122212	0.010512483574244424	0.027595269382391586	0.0026281208935610475	0.005256241787122212	139492732
2024-05-15	-0.031806615776081425	-0.011450381679389407	-0.006361323155216375	-0.03689567430025446	-0.031806615776081425	144067679
2024-05-14	0.005115089514066501	0.0038363171355497903	0.015345268542199501	-0.010230179028133002	0.005115089514066501	141601838
2024-05-13	-0.010126582278481022	-0.018987341772151944	-0.0037974683544304113	-0.034177215189873475	-0.010126582278481022	164597271
2024-05-10	-0.0025252525252524713	0.005050505050505055	0.016414141414141513	-0.016414141414141402	-0.0025252525252524713	169456723
2024-05-09	0.038007863695937096	0.0	0.045871559633027595	-0.0026212319790300882	0.038007863695937096	219478324
2024-05-08	-0.0078023407022107276	-0.010403120936280893	0.0039011703511052484	-0.02470741222366715	-0.0078023407022107276	121745505
2024-05-07	0.03221476510067117	-0.0013422818791946022	0.046979865771812034	-0.004026845637583926	0.03221476510067117	249547482
2024-05-06	0.004043126684636152	0.0013477088948786774	0.006738544474393507	-0.03638814016172501	0.004043126684636152	179209511
2024-04-30	-0.0026881720430108145	0.004032258064516043	0.03225806451612894	-0.004032258064516162	-0.0026881720430108145	163583734
2024-04-29	-0.011952191235059742	-0.003984063745019953	0.0013280212483399452	-0.030544488711819445	-0.011952191235059742	161382875
2024-04-26	0.02448979591836743	-0.012244897959183655	0.03129251700680278	-0.013605442176870701	0.02448979591836743	227284602
2024-04-25	0.03813559322033892	-0.002824858757062212	0.05084745762711869	-0.00847457627118651	0.03813559322033892	199554396
2024-04-24	0.027576197387518202	0.001451378809869474	0.027576197387518202	-0.004354136429608035	0.027576197387518202	155162693
2024-04-23	-0.05745554035567715	-0.02188782489740072	-0.02188782489740072	-0.06155950752393972	-0.05745554035567715	318619668
2024-04-22	0.0013698630136986009	0.012328767123287652	0.043835616438356206	0.0	0.0013698630136986009	264554051
2024-04-19	-0.008152173913043546	0.0	0.02309782608695651	-0.01630434782608697	-0.008152173913043546	163596161
2024-04-18	-0.012080536912751658	-0.014765100671140983	-0.008053691275167852	-0.03221476510067117	-0.012080536912751658	164961449
2024-04-17	0.03905160390516042	0.0013947001394699842	0.04044630404463041	-0.004184100418410076	0.03905160390516042	179229871
2024-04-16	-0.054089709762533	-0.0171503957783641	0.0	-0.056728232189973575	-0.054089709762533	217133914
2024-04-15	0.021563342318059318	0.017520215633423167	0.024258760107816673	-0.0296495956873315	0.021563342318059318	264034394
2024-04-12	0.01227830832196451	0.002728512960436504	0.025920873124147273	-0.009549795361528005	0.01227830832196451	172512072
2024-04-11	0.013831258644536604	-0.013831258644536725	0.04287690179806357	-0.02351313969571242	0.013831258644536604	203420809
2024-04-10	0.004166666666666701	0.00555555555555556	0.01805555555555554	-0.01249999999999998	0.004166666666666701	174787412
2024-04-09	-0.017735334242837637	-0.013642564802182762	0.008185538881309632	-0.028649386084583898	-0.017735334242837637	214004409
2024-04-08	-0.021361815754339136	0.0	0.03204272363150871	-0.029372496662216373	-0.021361815754339136	322542445
2024-04-03	0.03596127247579527	0.009681881051175572	0.04011065006915617	-0.0027662517289073945	0.03596127247579527	279016305
2024-04-02	0.0013850415512466309	-0.0069252077562326625	0.013850415512465448	-0.01108033240997231	0.0013850415512466309	167724771
2024-04-01	-0.024324324324324405	0.012162162162162142	0.013513513513513466	-0.03243243243243246	-0.024324324324324405	256024354
2024-03-29	0.04078762306610408	0.007032348804500678	0.04219409282700419	0.007032348804500678	0.04078762306610408	215383094
2024-03-28	0.0014084507042254472	0.0	0.014084507042253596	-0.019718309859154886	0.0014084507042254472	204696485
2024-03-27	-0.011142061281337058	-0.00696378830083563	0.009749303621169957	-0.016713091922005586	-0.011142061281337058	128365687
2024-03-26	0.002793296089385415	0.0	0.00837988826815637	-0.013966480446927448	0.002793296089385415	135164261
2024-03-25	0.03768115942028982	0.0	0.06086956521739129	-0.0014492753623189384	0.03768115942028982	257900076
2024-03-22	-0.001447178002894325	-0.005788712011577429	0.02026049204052094	-0.011577424023154858	-0.001447178002894325	168083222
2024-03-21	0.03598200899550228	0.019490254872563704	0.053973013493253424	0.00599700149925038	0.03598200899550228	181720038
2024-03-20	-0.0029895366218236864	-0.008968609865470926	0.011958146487294347	-0.01943198804185363	-0.0029895366218236864	111587713
2024-03-19	-0.01327433628318582	-0.010324483775811251	0.0176991150442478	-0.0176991150442478	-0.01327433628318582	126451482
2024-03-18	0.007429420505200567	0.0059435364041603485	0.028231797919762183	-0.01783060921248144	0.007429420505200567	181763244
2024-03-15	0.040185471406491605	-0.007727975270479108	0.0417310664605874	-0.01700154559505401	0.040185471406491605	202203104
2024-03-14	0.004658385093167602	0.012422360248447077	0.037267080745341505	-0.0015527950310560052	0.004658385093167602	148849106
2024-03-13	0.012578616352201269	-0.003144654088050387	0.023584905660377273	-0.017295597484276778	0.012578616352201269	138258834
2024-03-12	-0.037821482602118	-0.006051437216338886	-0.004538577912254198	-0.04841149773071109	-0.037821482602118	178146653
2024-03-11	-0.0075075075075074806	-0.004504504504504542	0.004504504504504542	-0.028528528528528586	-0.0075075075075074806	146579432
2024-03-08	0.02777777777777773	0.007716049382716021	0.030864197530864085	-0.010802469135802512	0.02777777777777773	164052809
2024-03-07	0.03349282296650732	0.0015948963317385448	0.06060606060606073	-0.0015948963317384032	0.03349282296650732	210178253
2024-03-06	0.0031999999999999316	0.0	0.007999999999999972	-0.009599999999999937	0.0031999999999999316	90769760
2024-03-05	0.0048231511254019695	0.0	0.009646302250803939	-0.008038585209003187	0.0048231511254019695	87236598
2024-03-04	0.016339869281045694	0.004901960784313766	0.02124183006535946	-0.0016339869281045403	0.016339869281045694	117449745
2024-03-01	0.011570247933884345	0.0	0.018181818181818236	0.0	0.011570247933884345	94927718
2024-02-29	0.015100671140939574	-0.008389261744966413	0.015100671140939574	-0.008389261744966413	0.015100671140939574	91106682
2024-02-28	-0.016501650165016445	-0.00330033003300323	0.009900990099009984	-0.016501650165016445	-0.016501650165016445	115782323
2024-02-27	0.018487394957983096	-0.005042016806722731	0.023529411764705827	-0.006722689075630258	0.018487394957983096	105543739
2024-02-26	-0.03409090909090908	-0.009740259740259822	0.006493506493506499	-0.03409090909090908	-0.03409090909090908	143438024
2024-02-23	0.011494252873563265	0.0032840722495895668	0.018062397372742255	-0.004926108374384277	0.011494252873563265	116561071
2024-02-22	0.011627906976744234	-0.003322259136212554	0.01328903654485051	-0.009966777408637809	0.011627906976744234	112110981
2024-02-21	0.020338983050847324	0.0033898305084745037	0.0423728813559322	0.0	0.020338983050847324	150359295
2024-02-20	0.0	-0.0050847457627119065	0.015254237288135568	-0.01694915254237297	0.0	121264519
2024-02-19	0.03508771929824565	0.010526315789473615	0.03508771929824565	0.0017543859649122432	0.03508771929824565	154047329
2024-02-08	-0.0052356020942408805	0.003490401396160484	0.006980802792320968	-0.019197207678883128	-0.0052356020942408805	149812105
2024-02-07	0.014159292035398242	-0.003539823008849639	0.014159292035398242	-0.01769911504424788	0.014159292035398242	167639690
2024-02-06	0.027272727272727337	-0.016363636363636337	0.029090909090909115	-0.02000000000000006	0.027272727272727337	153604678
2024-02-05	-0.007220216606498201	-0.019855595667870093	0.010830324909747223	-0.028880866425992805	-0.007220216606498201	140699489
2024-02-02	-0.007168458781362013	0.0	0.023297491039426504	-0.039426523297490995	-0.007168458781362013	132343794
2024-02-01	-0.01933216168717053	-0.0070298769771529055	0.005272407732864562	-0.03339191564147634	-0.01933216168717053	124789948
2024-01-31	0.001760563380281809	-0.0052816901408449584	0.028169014084507067	-0.015845070422535187	0.001760563380281809	157047293
2024-01-30	-0.012173913043478311	-0.015652173913043455	0.013913043478260882	-0.020869565217391323	-0.012173913043478311	124595358
2024-01-29	0.003490401396160484	0.020942408376963213	0.038394415357766096	0.0	0.003490401396160484	179789877
2024-01-26	0.015957446808510772	-0.0070921985815602905	0.028368794326241162	-0.010638297872340358	0.015957446808510772	186148469
2024-01-25	0.07020872865275145	-0.0037950664136621585	0.0721062618595827	-0.007590132827324317	0.07020872865275145	190460217
2024-01-24	0.0518962075848303	0.01996007984031947	0.05389221556886237	0.003992015968063965	0.0518962075848303	108911132
2024-01-23	-0.001992031872509918	-0.003984063745019836	0.00796812749003985	-0.02390438247011937	-0.001992031872509918	84214068
2024-01-22	-0.045627376425855556	-0.005703422053231818	-0.001901140684410606	-0.05513307984790875	-0.045627376425855556	95501368
2024-01-19	-0.005671077504725945	-0.0037807183364840192	0.011342155009451722	-0.013232514177693815	-0.005671077504725945	63440420
2024-01-18	-0.005639097744360949	-0.005639097744360949	0.0	-0.043233082706767	-0.005639097744360949	106538993
2024-01-17	-0.034482758620689564	0.0	0.0	-0.03629764065335757	-0.034482758620689564	74928189
2024-01-16	0.0	-0.003629764065335676	0.003629764065335837	-0.0181488203266787	0.0	66380975
2024-01-15	-0.0018115942028985121	-0.007246376811594049	0.009057971014492882	-0.010869565217391235	-0.0018115942028985121	58299283
2024-01-12	0.010989010989010917	-0.00549450549450554	0.027472527472527538	-0.009157509157509125	0.010989010989010917	88945021
2024-01-11	-0.00907441016333935	-0.001814882032667838	0.001814882032667838	-0.014519056261343026	-0.00907441016333935	82603077
2024-01-10	-0.005415162454873691	-0.003610108303249181	0.009025270758122712	-0.012635379061371892	-0.005415162454873691	69318568
2024-01-09	-0.003597122302158197	-0.010791366906474751	0.007194244604316554	-0.0197841726618704	-0.003597122302158197	70040851
2024-01-08	0.0	-0.007194244604316554	0.0017985611510792582	-0.014388489208632947	0.0	85618314
2024-01-05	-0.00714285714285715	-0.005357142857142744	0.00714285714285715	-0.012499999999999893	-0.00714285714285715	83943121
2024-01-04	-0.005328596802841963	-0.008880994671403165	-0.005328596802841963	-0.01953818827708709	-0.005328596802841963	94306846
2024-01-03	-0.003539823008849639	-0.00530973451327438	0.008849557522123862	-0.008849557522124019	-0.003539823008849639	129482523
2024-01-02	0.0017730496453901908	0.005319148936170257	0.010638297872340514	-0.01241134751773039	0.0017730496453901908	146857825
2023-12-29	0.01075268817204294	-0.00537634408602155	0.012544802867383563	-0.0107526881720431	0.01075268817204294	128845776
2023-12-28	0.012704174228675189	0.010889292196007351	0.023593466424682377	0.007259528130671513	0.012704174228675189	154097107
2023-12-27	0.02607076350093104	0.0	0.02793296089385465	0.0	0.02607076350093104	114492424
2023-12-26	-0.0073937153419593405	-0.005545286506469547	0.011090573012938929	-0.0073937153419593405	-0.0073937153419593405	80146378
2023-12-25	0.0037105751391466536	-0.011131725417439632	0.0037105751391466536	-0.01669758812615953	0.0037105751391466536	108885580
2023-12-22	0.044573643410852626	0.0	0.05232558139534875	-0.005813953488372141	0.044573643410852626	241667114
2023-12-21	0.013752455795677855	-0.001964636542239644	0.013752455795677855	-0.009823182711198393	0.013752455795677855	86638695
2023-12-20	0.0	0.0	0.011787819253438213	-0.001964636542239644	0.0	90627879
2023-12-19	0.001968503937007832	0.0	0.003937007874015664	-0.007874015748031503	0.001968503937007832	64559084
2023-12-18	-0.005870841487279892	-0.005870841487279892	0.005870841487279718	-0.013698630136986356	-0.005870841487279892	65790270
2023-12-15	0.0	0.0176125244618395	0.035225048923679	0.0	0.0	99850457
2023-12-14	0.003929273084479462	0.011787819253438213	0.017681728880157142	0.001964636542239644	0.003929273084479462	61708719
2023-12-13	-0.026768642447418844	0.0	0.0	-0.030592734225621438	-0.026768642447418844	94602417
2023-12-12	0.0	-0.0076481835564053595	0.0019120458891012976	-0.019120458891013485	0.0	88005212
2023-12-11	0.0	-0.011472275334608125	0.0019120458891012976	-0.02868068833652014	0.0	121084596
2023-12-08	-0.007590132827324317	0.0	0.003795066413662327	-0.013282732447817724	-0.007590132827324317	79494937
2023-12-07	-0.007532956685499066	-0.0037664783427494492	0.0018832391713748918	-0.01883239171374758	-0.007532956685499066	93062705
2023-12-06	-0.005617977528089934	-0.0037453183520598453	0.0	-0.014981273408239714	-0.005617977528089934	86655093
2023-12-05	-0.025547445255474553	-0.012773722627737277	-0.0072992700729927066	-0.029197080291970826	-0.025547445255474553	101102457
2023-12-04	-0.01967799642218237	0.0017889087656529135	0.01610017889087654	-0.025044722719141266	-0.01967799642218237	156042486
2023-12-01	0.009025270758122712	0.0	0.010830324909747223	-0.009025270758122712	0.009025270758122712	81105946
2023-11-30	-0.008944543828264727	-0.0053667262969589	0.0017889087656529135	-0.01610017889087654	-0.008944543828264727	78514746
2023-11-29	-0.008865248226950324	0.0	0.0070921985815602905	-0.010638297872340358	-0.008865248226950324	63100346
2023-11-28	0.005347593582887587	0.0	0.005347593582887587	-0.012477718360071352	0.005347593582887587	72797069
2023-11-27	-0.008833922261484068	-0.001766784452296782	0.005300353356890503	-0.019434628975265072	-0.008833922261484068	89763457
2023-11-24	-0.008756567425569146	-0.001751313485113798	0.003502626970227752	-0.014010507880910695	-0.008756567425569146	65830546
2023-11-23	0.0052816901408451146	-0.0052816901408449584	0.007042253521126767	-0.010563380281690073	0.0052816901408451146	54622122
2023-11-22	-0.02739726027397263	-0.005136986301369906	-0.0034246575342465023	-0.02739726027397263	-0.02739726027397263	120877328
2023-11-21	0.013888888888888902	0.0	0.029513888888888878	-0.0017361111111110742	0.013888888888888902	132460731
2023-11-20	-0.010309278350515549	0.005154639175257622	0.005154639175257622	-0.018900343642611738	-0.010309278350515549	89099081
2023-11-17	0.0034482758620690453	-0.006896551724137937	0.005172413793103492	-0.01724137931034477	0.0034482758620690453	88316513
2023-11-16	-0.01360544217687076	-0.0034013605442176145	-0.0034013605442176145	-0.023809523809523756	-0.01360544217687076	86315935
2023-11-15	0.012048192771084387	0.012048192771084387	0.04130808950086062	0.0068846815834767705	0.012048192771084387	160768714
2023-11-14	0.022887323943661955	0.0	0.02992957746478872	-0.0017605633802816527	0.022887323943661955	153941572
2023-11-13	0.0	-0.0017605633802816527	0.001760563380281809	-0.012323943661971726	0.0	101059039
2023-11-10	-0.015597920277296336	-0.005199306759098676	-0.0034662045060657844	-0.02253032928942806	-0.015597920277296336	90465755
2023-11-09	0.0017361111111110742	0.0017361111111110742	0.005208333333333376	-0.006944444444444451	0.0017361111111110742	93023125
2023-11-08	-0.012006861063464885	0.0	0.0	-0.01886792452830194	-0.012006861063464885	106483608
2023-11-07	-0.0068143100511073315	-0.005110732538330536	-0.001703577512776795	-0.017035775127768403	-0.0068143100511073315	122421242
2023-11-06	-0.026533996683250436	0.006633499170812609	0.009950248756218841	-0.029850746268656816	-0.026533996683250436	170539500
2023-11-03	-0.022690437601296545	0.004862236628849311	0.006482982171799033	-0.025931928687196133	-0.022690437601296545	114815030
2023-11-02	-0.015948963317384313	0.0015948963317385448	0.014354066985646053	-0.019138755980861122	-0.015948963317384313	105316521
2023-11-01	0.011290322580645063	0.0	0.012903225806451623	-0.01774193548387102	0.011290322580645063	85515560
2023-10-31	0.00977198697068412	-0.003257328990227944	0.013029315960912065	-0.003257328990227944	0.00977198697068412	76440396
2023-10-30	0.01655629139072842	0.0016556291390728123	0.028145695364238398	-0.0016556291390728123	0.01655629139072842	84838871
2023-10-27	0.006666666666666672	-0.006666666666666672	0.02500000000000006	-0.008333333333333304	0.006666666666666672	88195501
2023-10-26	0.01694915254237282	-0.0033898305084746542	0.018644067796610073	-0.01694915254237297	0.01694915254237282	85414902
2023-10-25	0.027874564459930338	0.027874564459930338	0.0627177700348431	0.020905923344947754	0.027874564459930338	125226660
2023-10-24	0.008787346221441093	-0.003514938488576531	0.012302284710017469	-0.003514938488576531	0.008787346221441093	67787439
2023-10-23	-0.03722504230118439	-0.0033840947546532082	-0.0033840947546532082	-0.04906937394247039	-0.03722504230118439	92499088
2023-10-20	-0.006722689075630258	0.0	0.008403361344537785	-0.008403361344537785	-0.006722689075630258	61170258
2023-10-19	-0.014900662251655606	-0.0016556291390728123	0.0016556291390728123	-0.018211920529801376	-0.014900662251655606	62469766
2023-10-18	0.0	0.0016556291390728123	0.013245033112582794	-0.0016556291390728123	0.0	66166035
2023-10-17	-0.00330033003300323	0.0016501650165017616	0.0033003300330033767	-0.011551155115511452	-0.00330033003300323	71241814
2023-10-16	-0.008183306055646596	0.0032733224222585224	0.009819967266775713	-0.01145662847790512	-0.008183306055646596	51887330
2023-10-13	-0.03015873015873008	-0.007936507936507908	-0.006349206349206355	-0.033333333333333326	-0.03015873015873008	82669153
2023-10-12	0.014492753623188383	0.0032206119162641648	0.016103059581320394	0.0016103059581320108	0.014492753623188383	69135151
2023-10-11	-0.009569377990430561	0.007974481658692299	0.012759170653907508	-0.019138755980861122	-0.009569377990430561	82953000
2023-10-10	-0.00633914421553091	0.001584786053882833	0.00633914421553091	-0.009508716323296293	-0.00633914421553091	46889633
2023-10-09	0.004777070063694166	-0.006369426751592362	0.009554140127388472	-0.022292993630573337	0.004777070063694166	74126521
2023-09-28	-0.003174603174603107	0.003174603174603248	0.01269841269841271	-0.006349206349206355	-0.003174603174603107	64509167
2023-09-27	-0.009433962264151021	-0.0015723270440252634	0.004716981132075371	-0.014150943396226532	-0.009433962264151021	71873831
2023-09-26	-0.003134796238244447	-0.0015673981191222236	0.012539184952978068	-0.003134796238244447	-0.003134796238244447	55983831
2023-09-25	-0.013910355486862421	0.0	0.010819165378670833	-0.015455950540958215	-0.013910355486862421	58792640
2023-09-22	-0.0030816640986133224	-0.006163328197226508	0.006163328197226508	-0.02465331278890603	-0.0030816640986133224	102054079
2023-09-21	-0.010670731707316982	0.004573170731707355	0.00914634146341471	-0.015243902439024336	-0.010670731707316982	74713393
2023-09-20	-0.0075642965204237075	-0.004538577912254198	0.006051437216338886	-0.009077155824508396	-0.0075642965204237075	53436622
2023-09-19	0.004559270516717363	-0.0015197568389057428	0.010638297872340469	-0.004559270516717363	0.004559270516717363	69217724
2023-09-18	-0.014970059880239469	-0.005988023952095814	-0.0029940119760478406	-0.025449101796407175	-0.014970059880239469	89948617
2023-09-15	0.0014992503748125618	0.010494752623688198	0.026986506746626643	-0.004497751124437818	0.0014992503748125618	163150856
2023-09-14	0.01060606060606065	-0.0015151515151514828	0.016666666666666715	-0.004545454545454449	0.01060606060606065	107560606
2023-09-13	0.0060975609756097615	-0.003048780487804813	0.018292682926829285	-0.009146341463414575	0.0060975609756097615	84619270
2023-09-12	-0.015015015015015095	0.006006006006006011	0.010510510510510553	-0.016516516516516564	-0.015015015015015095	73170142
2023-09-11	0.01369863013698628	0.009132420091324141	0.021308980213089752	0.004566210045662003	0.01369863013698628	97719819
2023-09-08	-0.01940298507462685	0.0	0.002985074626865608	-0.028358208955223937	-0.01940298507462685	97101391
2023-09-07	-0.010339734121122511	-0.005908419497784217	0.014771048744460936	-0.017725258493352915	-0.010339734121122511	126972820
2023-09-06	0.0029629629629629	-0.00148148148148145	0.005925925925925931	-0.022222222222222275	0.0029629629629629	118367850
2023-09-05	-0.01026392961876837	-0.01026392961876837	-0.005865102639296193	-0.02346041055718477	-0.01026392961876837	166642634
2023-09-04	0.08082408874801914	0.00633914421553091	0.08399366085578451	0.003169572107765525	0.08082408874801914	335268521
2023-09-01	0.06587837837837833	0.0050675675675676095	0.0743243243243244	0.0016891891891891533	0.06587837837837833	264599930
2023-08-31	0.00509337860780989	0.0016977928692700638	0.02207130730050932	-0.003395585738539826	0.00509337860780989	107405157
2023-08-30	-0.008417508417508537	0.0	0.01851851851851842	-0.015151515151515277	-0.008417508417508537	110551989
2023-08-29	0.0	-0.005050505050505092	0.003367003367003295	-0.016835016835016925	0.0	129784403
2023-08-28	0.020618556701030945	0.06872852233676967	0.06872852233676967	0.01546391752577317	0.020618556701030945	106478315
2023-08-25	-0.020202020202020218	-0.005050505050505092	-0.0033670033670034445	-0.02525252525252531	-0.020202020202020218	80422055
2023-08-24	0.020618556701030945	0.005154639175257622	0.037800687285223324	0.0034364261168384146	0.020618556701030945	116716101
2023-08-23	-0.02512562814070343	-0.006700167504187611	0.0016750418760470144	-0.02847571189279731	-0.02512562814070343	92993382
2023-08-22	0.01877133105802038	0.0017064846416381888	0.02047781569965872	0.0	0.01877133105802038	86771093
2023-08-21	-0.01013513513513507	-0.0050675675675676095	0.011824324324324372	-0.01013513513513507	-0.01013513513513507	52825308
2023-08-18	-0.01986754966887419	-0.0016556291390728123	0.004966887417218584	-0.01986754966887419	-0.01986754966887419	72355494
2023-08-17	0.008347245409014995	-0.005008347245409057	0.011686143572620935	-0.01669449081803014	0.008347245409014995	80302138
2023-08-16	-0.013179571663920933	-0.0032948929159803066	0.0032948929159801604	-0.014827018121911013	-0.013179571663920933	64853259
2023-08-15	-0.008169934640522847	-0.0016339869281045403	0.006535947712418306	-0.01960784313725492	-0.008169934640522847	67476840
2023-08-14	-0.003257328990227944	-0.02280130293159604	0.006514657980456032	-0.027687296416938102	-0.003257328990227944	92717441
2023-08-11	-0.02694136291600633	0.0	0.003169572107765525	-0.02852614896988902	-0.02694136291600633	98130510
2023-08-10	0.0	0.00633914421553091	0.009508716323296435	-0.001584786053882692	0.0	56782553
2023-08-09	-0.012519561815336476	0.0	0.0	-0.023474178403755788	-0.012519561815336476	89178717
2023-08-08	0.011075949367088512	-0.006329113924050638	0.018987341772151913	-0.006329113924050638	0.011075949367088512	80638267
2023-08-07	0.001584786053882833	-0.003169572107765384	0.00633914421553091	-0.007923930269413602	0.001584786053882833	81062410
2023-08-04	-0.003159557661927403	0.011058451816745701	0.020537124802527628	-0.0063191153238546655	-0.003159557661927403	110244673
2023-08-03	-0.006279434850863428	-0.004709576138147605	0.0	-0.020408163265306107	-0.006279434850863428	83972695
2023-08-02	0.0063191153238546655	-0.0063191153238546655	0.011058451816745701	-0.014218009478672963	0.0063191153238546655	117933486
2023-08-01	-0.006279434850863428	0.004709576138147605	0.020408163265306107	-0.014128728414442678	-0.006279434850863428	160503315
2023-07-31	0.025764895330112746	0.009661835748792208	0.0450885668276973	0.009661835748792208	0.025764895330112746	148436183
2023-07-28	0.016366612111292905	-0.0065466448445171905	0.027823240589198023	-0.013093289689034381	0.016366612111292905	157191809
2023-07-27	0.0	0.0	0.019639934533551572	-0.008183306055646596	0.0	125059118
2023-07-26	0.0032840722495895668	0.004926108374384277	0.018062397372742255	-0.008210180623973698	0.0032840722495895668	116701557
2023-07-25	0.05729166666666668	0.017361111111111206	0.07465277777777789	0.017361111111111206	0.05729166666666668	267747449
2023-07-24	-0.017064846416382343	-0.003412969283276529	-0.003412969283276529	-0.022184300341296908	-0.017064846416382343	90906181
2023-07-21	0.0	0.0	0.006825938566552906	-0.008532423208191246	0.0	77339524
2023-07-20	0.010344827586206983	0.0	0.031034482758620793	-0.001724137931034446	0.010344827586206983	154519496
2023-07-19	0.0	-0.005172413793103492	0.0034482758620690453	-0.012068965517241275	0.0	77595046
2023-07-18	0.010452961672473799	0.0034843205574912146	0.019163763066201992	-0.0034843205574913694	0.010452961672473799	89491295
2023-07-17	-0.025466893039049147	-0.013582342954159604	-0.008488964346349716	-0.03225806451612895	-0.025466893039049147	113243627
2023-07-14	-0.0016949152542374024	0.00847457627118641	0.030508474576271136	-0.0050847457627119065	-0.0016949152542374024	205903554
2023-07-13	0.027874564459930338	0.0017421602787456073	0.029616724738675944	0.0017421602787456073	0.027874564459930338	202021393
2023-07-12	-0.0017391304347825717	-0.005217391304347869	0.008695652173913012	-0.010434782608695584	-0.0017391304347825717	164783460
2023-07-11	-0.01877133105802053	-0.005119453924914718	-0.0017064846416383404	-0.030716723549488158	-0.01877133105802053	223579764
2023-07-10	-0.03300330033003289	-0.009900990099009837	0.021452145214521583	-0.03300330033003289	-0.03300330033003289	375474768
2023-07-07	0.07256637168141579	0.001769911504424741	0.10088495575221228	0.001769911504424741	0.07256637168141579	544356084
2023-07-06	-0.02249134948096884	0.012110726643598512	0.012110726643598512	-0.025951557093425667	-0.02249134948096884	135060694
2023-07-05	0.02846975088967974	-0.0035587188612100466	0.03736654804270462	-0.005338078291814991	0.02846975088967974	214223060
2023-07-04	0.0017825311942958621	0.042780748663101484	0.05347593582887697	-0.0053475935828877445	0.0017825311942958621	171947784
2023-07-03	0.021857923497267777	0.0	0.023679417122040053	0.0	0.021857923497267777	88549026
2023-06-30	0.00549450549450554	-0.003663003663003585	0.012820512820512872	-0.003663003663003585	0.00549450549450554	51279444
2023-06-29	-0.00907441016333935	0.001814882032667838	0.001814882032667838	-0.014519056261343026	-0.00907441016333935	50479899
2023-06-28	0.0	0.010889292196007351	0.010889292196007351	-0.016333938294010864	0.0	57239372
2023-06-27	0.033771106941838595	0.005628517823639822	0.04502814258911824	0.0	0.033771106941838595	84847808
2023-06-26	-0.02201834862385323	-0.018348623853211107	0.0018348623853210618	-0.0311926605504587	-0.02201834862385323	76444941
2023-06-21	-0.016245487364620913	-0.005415162454873691	0.0036101083032490204	-0.018050541516245425	-0.016245487364620913	59209697
2023-06-20	-0.017730496453900648	-0.0017730496453900331	0.0	-0.017730496453900648	-0.017730496453900648	86662220
2023-06-19	-0.035897435897435895	-0.008547008547008517	-0.008547008547008517	-0.04615384615384609	-0.035897435897435895	153546122
2023-06-16	0.03539823008849545	0.001769911504424741	0.038938053097345084	0.0	0.03539823008849545	153593981
2023-06-15	0.0	-0.003539823008849639	0.005309734513274223	-0.01769911504424788	0.0	73195590
2023-06-14	0.021699819168173616	0.0090415913200723	0.034358047016274776	0.0054249547920432835	0.021699819168173616	105779009
2023-06-13	-0.012499999999999893	-0.005357142857142744	-0.0017857142857142477	-0.023214285714285698	-0.012499999999999893	81091534
2023-06-12	0.0035842293906809273	0.0017921146953404636	0.008960573476702477	-0.008960573476702477	0.0035842293906809273	74045451
2023-06-09	-0.0035714285714284954	0.008928571428571556	0.0196428571428572	-0.00714285714285715	-0.0035714285714284954	83838901
2023-06-08	0.016333938294010864	-0.005444646098003514	0.023593466424682377	-0.007259528130671513	0.016333938294010864	70783662
2023-06-07	-0.0018115942028985121	0.001811594202898673	0.012681159420289908	-0.009057971014492723	-0.0018115942028985121	50320648
2023-06-06	0.005464480874316823	-0.005464480874316985	0.030965391621129313	-0.007285974499089259	0.005464480874316823	99575537
2023-06-05	-0.028318584070796484	-0.00530973451327438	-0.0017699115044248982	-0.033628318584070865	-0.028318584070796484	93211350
2023-06-02	0.038602941176470576	0.007352941176470594	0.04044117647058819	0.0018382352941176078	0.038602941176470576	134671062
2023-06-01	0.005545286506469547	0.005545286506469547	0.012939001848428888	-0.0073937153419593405	0.005545286506469547	98394898
2023-05-31	-0.009157509157509125	-0.010989010989010917	-0.0018315018315017925	-0.016483516483516456	-0.009157509157509125	75458904
2023-05-30	0.01675977653631282	-0.0037243947858473857	0.022346368715083817	-0.013035381750465602	0.01675977653631282	119087051
2023-05-29	0.02091254752851717	0.005703422053231987	0.034220532319391754	-0.003802281368821212	0.02091254752851717	118129632
2023-05-26	0.011538461538461463	-0.001923076923076882	0.015384615384615398	-0.013461538461538516	0.011538461538461463	69457540
2023-05-25	-0.015151515151515164	0.0	0.0056818181818180605	-0.028409090909090974	-0.015151515151515164	102558428
2023-05-24	-0.025830258302582967	-0.005535055350553551	0.0	-0.025830258302582967	-0.025830258302582967	92661582
2023-05-23	-0.03386809269162217	-0.0053475935828877445	0.0017825311942958621	-0.03565062388591803	-0.03386809269162217	113574484
2023-05-22	0.0035778175313059862	-0.003577817531305827	0.008944543828264727	-0.01610017889087654	0.0035778175313059862	63768190
2023-05-19	-0.015845070422535187	-0.0052816901408449584	0.001760563380281809	-0.02464788732394361	-0.015845070422535187	56668773
2023-05-18	0.005309734513274223	0.010619469026548603	0.021238938053097206	0.001769911504424741	0.005309734513274223	67542264
2023-05-17	-0.0070298769771529055	-0.0017574692442883435	0.005272407732864562	-0.01757469244288234	-0.0070298769771529055	95657060
2023-05-16	-0.01386481802426329	0.0017331022530330462	0.012131715771230553	-0.01906412478336212	-0.01386481802426329	93975623
2023-05-15	-0.0034542314335061245	0.012089810017271206	0.018998272884283303	-0.03454231433506048	-0.0034542314335061245	166412030
2023-05-12	-0.04455445544554449	-0.009900990099009837	-0.009900990099009837	-0.05280528052805271	-0.04455445544554449	185304453
2023-05-11	-0.0365659777424484	-0.004769475357710691	-0.00158982511923685	-0.0397456279809221	-0.0365659777424484	153493491
2023-05-10	-0.009448818897637734	-0.006299212598425203	0.006299212598425203	-0.01889763779527547	-0.009448818897637734	86923636
2023-05-09	-0.02756508422664634	0.007656967840735041	0.009188361408882023	-0.02756508422664634	-0.02756508422664634	145551292
2023-05-08	0.03322784810126581	0.0	0.044303797468354326	-0.0015822784810127649	0.03322784810126581	164344773
2023-05-05	-0.014040561622464877	-0.006240249609984405	0.0	-0.028081123244929753	-0.014040561622464877	108685471
2023-05-04	0.0031298904538341883	-0.009389671361502287	0.0219092331768389	-0.021909233176838763	0.0031298904538341883	151202428
2023-04-28	0.0306451612903225	-0.004838709677419395	0.04838709677419352	-0.004838709677419395	0.0306451612903225	137825240
2023-04-27	-0.009584664536741151	-0.0015974440894568351	0.004792332268370647	-0.022364217252396117	-0.009584664536741151	74837591
2023-04-26	0.016233766233766177	-0.0016233766233765888	0.03571428571428567	-0.01623376623376632	0.016233766233766177	148544728
2023-04-25	0.0	0.009740259740259676	0.012987012987012998	-0.014610389610389588	0.0	110242612
2023-04-24	-0.028391167192428977	0.0	0.0015772870662460231	-0.03312302839116719	-0.028391167192428977	138434158
2023-04-21	-0.03206106870229007	-0.0030534351145037517	-0.0015267175572518759	-0.033587786259541945	-0.03206106870229007	102376923
2023-04-20	-0.007575757575757549	-0.006060606060606067	-0.0015151515151514828	-0.0333333333333333	-0.007575757575757549	148148097
2023-04-19	0.009174311926605444	-0.0015290519877675516	0.03363914373088681	-0.003058103975535239	0.009174311926605444	137942431
2023-04-18	-0.013574660633484142	0.0015082956259426527	0.003016591251885439	-0.030165912518853723	-0.013574660633484142	134382586
2023-04-17	0.04245283018867917	-0.0062893081761006345	0.0440251572327043	-0.012578616352201269	0.04245283018867917	200023552
2023-04-14	0.02746365105008076	0.014539579967689798	0.035541195476575076	0.008077544426494316	0.02746365105008076	139803918
2023-04-13	-0.0016129032258064171	-0.003225806451612978	0.02258064516129027	-0.008064516129032228	-0.0016129032258064171	167945692
2023-04-12	0.03333333333333336	0.0016666666666666312	0.041666666666666664	0.0016666666666666312	0.03333333333333336	163286883
2023-04-11	0.015228426395939063	-0.001692047377326529	0.01861252115059212	-0.008460236886632796	0.015228426395939063	155478777
2023-04-10	0.033216783216783285	-0.003496503496503422	0.05244755244755242	-0.003496503496503422	0.033216783216783285	161499326
2023-04-07	0.0035087719298244864	0.0	0.019298245614034988	-0.008771929824561372	0.0035087719298244864	100610156
2023-04-06	0.010638297872340514	-0.0070921985815602905	0.01950354609929084	-0.008865248226950324	0.010638297872340514	96859251
2023-04-04	0.023593466424682377	-0.003629764065335676	0.038112522686025406	-0.01088929219600719	0.023593466424682377	137295257
2023-04-03	-0.0018115942028985121	-0.007246376811594049	0.005434782608695698	-0.012681159420289747	-0.0018115942028985121	58809972
2023-03-31	0.024118738404452673	-0.0018552875695732444	0.02968460111317257	-0.0055658627087197335	0.024118738404452673	96139250
2023-03-30	0.005597014925373014	0.0037313432835820097	0.007462686567164185	-0.018656716417910547	0.005597014925373014	65660719
2023-03-29	-0.007407407407407414	0.009259259259259226	0.011111111111111039	-0.012962962962963015	-0.007407407407407414	63982144
2023-03-28	-0.010989010989010917	0.0	0.016483516483516456	-0.012820512820512872	-0.010989010989010917	72034045
2023-03-27	-0.02846975088967974	-0.007117437722419935	-0.005338078291814991	-0.030249110320284683	-0.02846975088967974	81137560
2023-03-24	-0.00530973451327438	-0.00530973451327438	0.005309734513274223	-0.023008849557522262	-0.00530973451327438	103245022
2023-03-23	0.0541044776119403	-0.0018656716417911705	0.0634328358208955	-0.009328358208955357	0.0541044776119403	197094253
2023-03-22	-0.032490974729241826	-0.007220216606498201	-0.003610108303249181	-0.04332129963898921	-0.032490974729241826	146434852
2023-03-21	-0.003597122302158197	0.0	0.007194244604316554	-0.008992805755395652	-0.003597122302158197	56205700
2023-03-20	0.0036101083032490204	0.0018050541516245102	0.025270758122743625	0.0018050541516245102	0.0036101083032490204	93640515
2023-03-17	0.02973977695167289	0.003717472118959194	0.04275092936802982	0.003717472118959194	0.02973977695167289	119693436
2023-03-16	-0.05944055944055942	-0.01748251748251742	-0.01573426573426571	-0.06118881118881113	-0.05944055944055942	175034784
2023-03-15	0.017793594306049758	0.005338078291814991	0.026690391459074637	-0.017793594306049917	0.017793594306049758	107262118
2023-03-14	0.0053667262969589	-0.0017889087656529135	0.03756708407871198	-0.003577817531305827	0.0053667262969589	124712566
2023-03-13	0.02380952380952379	-0.003663003663003585	0.027472527472527538	-0.003663003663003585	0.02380952380952379	107473778
2023-03-10	-0.023255813953488354	-0.01073345259391764	-0.008944543828264727	-0.030411449016100166	-0.023255813953488354	90663908
2023-03-09	-0.01061946902654876	0.007079646017699121	0.007079646017699121	-0.024778761061947003	-0.01061946902654876	81336647
2023-03-08	-0.012237762237762132	-0.012237762237762132	-0.006993006993007	-0.020979020979020997	-0.012237762237762132	92726919
2023-03-07	0.005272407732864562	0.0	0.028119507908611466	-0.008787346221441249	0.005272407732864562	158924258
2023-03-06	-0.005244755244755133	0.0017482517482518664	0.027972027972028	-0.020979020979020997	-0.005244755244755133	131813200
2023-03-03	0.0035087719298244864	-0.008771929824561372	0.010526315789473615	-0.012280701754386015	0.0035087719298244864	85697116
2023-03-02	0.003521126760563462	0.0	0.014084507042253534	-0.010563380281690073	0.003521126760563462	102637444
2023-03-01	0.0271247739602169	-0.0018083182640145886	0.0271247739602169	-0.0036166365280290162	0.0271247739602169	110597071
2023-02-28	0.01467889908256882	0.00733944954128441	0.01651376146788988	-0.0036697247706422866	0.01467889908256882	84311785
2023-02-27	-0.007285974499089259	-0.005464480874316985	0.003642987249544549	-0.012750455373406244	-0.007285974499089259	71311812
2023-02-24	-0.019642857142857042	-0.00714285714285715	-0.0035714285714284954	-0.024999999999999946	-0.019642857142857042	88344165
2023-02-23	-0.008849557522124019	-0.0017699115044248982	0.005309734513274223	-0.021238938053097362	-0.008849557522124019	82113847
2023-02-22	-0.015679442508710777	-0.012195121951219561	0.0	-0.019163763066202145	-0.015679442508710777	89214733
2023-02-21	0.010563380281690229	0.0	0.022887323943661955	-0.0052816901408449584	0.010563380281690229	151786191
2023-02-20	0.0636704119850187	0.02059925093632965	0.08052434456928834	0.018726591760299727	0.0636704119850187	232068926
2023-02-17	0.01136363636363629	0.0056818181818180605	0.03409090909090903	0.0018939393939393534	0.01136363636363629	103833914
2023-02-16	-0.03825136612021857	-0.0018214936247722745	0.0	-0.047358834244080106	-0.03825136612021857	126505707
2023-02-15	0.009191176470588203	-0.0036764705882353786	0.02205882352941162	-0.005514705882352987	0.009191176470588203	119937206
2023-02-14	0.02255639097744363	0.003759398496240521	0.03947368421052631	0.003759398496240521	0.02255639097744363	121625195
2023-02-13	0.009487666034155733	-0.0037950664136621585	0.01518026565464897	-0.009487666034155564	0.009487666034155733	71213174
2023-02-10	-0.011257035647279643	0.0	0.0	-0.016885553470919298	-0.011257035647279643	70340300
2023-02-09	0.0037664783427496166	-0.0037664783427494492	0.009416195856873958	-0.01318267419962324	0.0037664783427496166	57494233
2023-02-08	-0.01301115241635693	0.003717472118959194	0.005576208178438708	-0.01672862453531596	-0.01301115241635693	66199107
2023-02-07	0.015094339622641523	0.011320754716981227	0.016981132075471674	0.0018867924528301486	0.015094339622641523	78196365
2023-02-06	-0.009345794392523333	-0.011214953271027965	0.0018691588785047992	-0.026168224299065363	-0.009345794392523333	104836072
2023-02-03	-0.02550091074681249	-0.007285974499089259	-0.007285974499089259	-0.03460837887067402	-0.02550091074681249	138976954
2023-02-02	-0.009025270758122712	-0.003610108303249181	-0.0018050541516245102	-0.012635379061371892	-0.009025270758122712	121273168
2023-02-01	0.04725897920604915	0.009451795841209797	0.06616257088846875	0.005671077504725945	0.04725897920604915	232856636
2023-01-31	0.005703422053231987	-0.003802281368821212	0.01711026615969579	-0.013307984790874411	0.005703422053231987	114165897
2023-01-30	0.011538461538461463	0.01730769230769228	0.023076923076923096	-0.003846153846153935	0.011538461538461463	167731544
2023-01-20	0.03379721669980118	0.0019880715705764985	0.037773359840954174	-0.003976143141153173	0.03379721669980118	176522209
2023-01-19	0.003992015968063965	-0.003992015968063787	0.003992015968063965	-0.007984031936127753	0.003992015968063965	70424422
2023-01-18	0.024539877300613522	0.002044989775051263	0.03680981595092037	0.0	0.024539877300613522	138751687
2023-01-17	-0.006097560975609807	-0.002032520325203209	-0.002032520325203209	-0.016260162601626032	-0.006097560975609807	70285591
2023-01-16	0.010266940451745343	0.008213552361396311	0.018480492813141656	-0.004106776180698247	0.010266940451745343	108832829
2023-01-13	0.01670146137787058	0.006263048016701514	0.02087682672233813	0.004175365344467552	0.01670146137787058	109636057
2023-01-12	0.0	0.006263048016701514	0.010438413361169066	-0.006263048016701514	0.0	75718640
2023-01-11	0.004192872117400517	0.006289308176100681	0.016771488469601692	0.002096436058700351	0.004192872117400517	111940609
2023-01-10	0.01705756929637509	0.0	0.03411513859275037	-0.0042643923240939146	0.01705756929637509	153530929
2023-01-09	0.04222222222222231	0.00444444444444435	0.057777777777777733	0.00444444444444435	0.04222222222222231	162783795
2023-01-06	0.004464285714285619	-0.0022321428571430075	0.015624999999999863	-0.004464285714285817	0.004464285714285619	65085878
2023-01-05	0.006741573033707921	0.002247191011235907	0.013483146067415642	0.0	0.006741573033707921	62669566
2023-01-04	-0.019823788546255477	-0.006607929515418557	-0.0022026431718061203	-0.024229074889867912	-0.019823788546255477	71682106
2023-01-03	0.015659955257270756	0.002237136465324536	0.017897091722595095	-0.01565995525727056	0.015659955257270756	81173834
2022-12-30	0.0022421524663676653	0.01345291479820619	0.015695067264574054	0.0	0.0022421524663676653	41828933
2022-12-29	-0.030434782608695584	-0.0021739130434782145	0.0	-0.030434782608695584	-0.030434782608695584	69057943
2022-12-28	-0.00216919739696327	-0.004338394793926347	0.01952277657266808	-0.01084598698481577	-0.00216919739696327	76221116
2022-12-27	0.029017857142857116	0.0022321428571428093	0.031249999999999927	0.0022321428571428093	0.029017857142857116	73441367
2022-12-26	-0.00444444444444435	0.0	0.002222222222222175	-0.01555555555555562	-0.00444444444444435	51452004
2022-12-23	0.0022271714922048524	-0.008908685968819607	0.004454342984409705	-0.020044543429844065	0.0022271714922048524	44471661
2022-12-22	-0.008830022075055195	0.013245033112582695	0.030905077262693086	-0.01324503311258289	-0.008830022075055195	83063480
2022-12-21	-0.01091703056768555	0.004366812227074143	0.00873362445414848	-0.013100436681222816	-0.01091703056768555	62042912
2022-12-20	-0.004347826086956429	-0.004347826086956429	0.01086956521739146	-0.013043478260869481	-0.004347826086956429	68229766
2022-12-19	-0.02953586497890307	0.0021097046413501657	0.004219409282700331	-0.03375527426160341	-0.02953586497890307	104229728
2022-12-16	0.002114164904862534	-0.01268498942917558	0.012684989429175392	-0.014799154334038113	0.002114164904862534	76017090
2022-12-15	-0.00838574423480066	-0.010482180293501012	-0.006289308176100496	-0.027253668763102704	-0.00838574423480066	93593244
2022-12-14	0.010593220338983014	0.0	0.021186440677966215	0.0	0.010593220338983014	86982415
2022-12-13	-0.0021141649048627216	-0.0021141649048627216	0.010570824524312858	-0.010570824524313046	-0.0021141649048627216	107018586
2022-12-12	-0.036659877800407276	-0.01425661914460291	-0.012219959266802544	-0.042769857433808546	-0.036659877800407276	163791085
2022-12-09	0.025052192066805867	-0.006263048016701514	0.03131524008350738	-0.006263048016701514	0.025052192066805867	206022656
2022-12-08	-0.002083333333333289	-0.008333333333333342	0.002083333333333289	-0.016666666666666684	-0.002083333333333289	126046527
2022-12-07	-0.02636916835699795	-0.01622718052738338	-0.01014198782961457	-0.03651115618661252	-0.02636916835699795	232591244
2022-12-06	0.010245901639344227	-0.016393442622950834	0.018442622950819644	-0.02663934426229506	0.010245901639344227	381721887
2022-12-05	0.09909909909909898	0.013513513513513424	0.09909909909909898	0.009009009009009016	0.09909909909909898	443593750
2022-12-02	-0.013333333333333246	-0.00444444444444435	0.0	-0.01999999999999997	-0.013333333333333246	89449360
2022-12-01	0.006711409395973211	0.024608501118568306	0.02684563758389264	0.002237136465324536	0.006711409395973211	115892236
2022-11-30	-0.015418502202643234	-0.008810572687224677	0.0	-0.017621145374449355	-0.015418502202643234	105262607
2022-11-29	0.02714932126696835	-0.0022624434389139788	0.03167420814479631	-0.0045248868778279576	0.02714932126696835	182725595
2022-11-28	-0.011185682326621885	-0.013422818791946222	-0.006711409395973012	-0.04026845637583887	-0.011185682326621885	107662597
2022-11-25	0.011312217194570096	0.0	0.018099547511312233	-0.013574660633484075	0.011312217194570096	119269069
2022-11-24	0.009132420091324209	0.01141552511415521	0.02054794520547942	-0.004566210045662003	0.009132420091324209	112260425
2022-11-23	0.00921658986175116	0.002304147465437739	0.03225806451612916	-0.002304147465437739	0.00921658986175116	149121031
2022-11-22	0.018779342723004713	0.0	0.053990610328638604	-0.002347417840375537	0.018779342723004713	154615805
2022-11-21	-0.009302325581395357	-0.009302325581395357	-0.0046511627906975755	-0.020930232558139503	-0.009302325581395357	68232774
2022-11-18	-0.01376146788990837	-0.0022935779816515307	0.0	-0.01376146788990837	-0.01376146788990837	71196656
2022-11-17	-0.011337868480725584	-0.00680272108843543	-0.002267573696145076	-0.024943310657596442	-0.011337868480725584	95550157
2022-11-16	0.004555808656036552	0.0	0.006833712984054727	-0.006833712984054525	0.004555808656036552	92396632
2022-11-15	0.013856812933025313	-0.00692840646651276	0.013856812933025313	-0.011547344110854462	0.013856812933025313	93227794
2022-11-14	-0.002304147465437739	0.01843317972350232	0.023041474654378002	-0.006912442396313422	-0.002304147465437739	122589444
2022-11-11	0.02600472813238757	0.028368794326240947	0.03546099290780129	0.014184397163120473	0.02600472813238757	175229254
2022-11-10	-0.004705882352941076	-0.00941176470588236	0.0	-0.01882352941176472	-0.004705882352941076	72938969
2022-11-09	0.0	0.007058823529411823	0.021176470588235262	-0.002352941176470538	0.0	121698995
2022-11-08	0.0023584905660376855	0.0	0.009433962264150952	-0.009433962264150952	0.0023584905660376855	122495928
2022-11-07	0.029126213592233035	0.01456310679611641	0.04126213592233008	0.009708737864077678	0.029126213592233035	181348567
2022-11-04	0.02743142144638412	-0.0024937655860348597	0.03241895261845384	-0.0024937655860348597	0.02743142144638412	134707532
2022-11-03	0.0	-0.007481296758104689	0.0149625935162096	-0.01246882793017452	0.0	86140144
2022-11-02	0.01007556675062962	-0.005037783375314866	0.017632241813601974	-0.010075566750629731	0.01007556675062962	76884286
2022-11-01	0.028497409326424954	0.0025906735751295936	0.028497409326424954	0.0	0.028497409326424954	77388392
2022-10-31	-0.015306122448979605	-0.01020408163265307	0.0	-0.017857142857142818	-0.015306122448979605	92600022
2022-10-28	-0.03685503685503694	-0.007371007371007432	-0.007371007371007432	-0.03685503685503694	-0.03685503685503694	127367537
2022-10-27	0.0	0.0024570024570024045	0.009828009828009836	-0.0024570024570026226	0.0	80483015
2022-10-26	0.0	-0.014742014742014864	0.007371007371007213	-0.01719901719901727	0.0	93585793
2022-10-25	0.002463054187192285	-0.0024630541871920658	0.007389162561576417	-0.01724137931034468	0.002463054187192285	81610676
2022-10-24	-0.014563106796116625	0.0024271844660193657	0.012135922330097044	-0.019417475728155355	-0.014563106796116625	79444655
2022-10-21	0.0024330900243308483	0.0048661800486616965	0.014598540145985306	-0.0024330900243310642	0.0024330900243308483	60785863
2022-10-20	-0.0048426150121064345	-0.0048426150121064345	0.00484261501210665	-0.014527845036319518	-0.0048426150121064345	65181257
2022-10-19	-0.011961722488038236	-0.0023923444976076047	0.004784688995215422	-0.011961722488038236	-0.011961722488038236	66922177
2022-10-18	-0.009478672985782	0.002369668246445658	0.004739336492891105	-0.011848341232227447	-0.009478672985782	83930190
2022-10-17	-0.007058823529411823	-0.0117647058823529	-0.002352941176470538	-0.0235294117647058	-0.007058823529411823	122884972
2022-10-14	0.011904761904761862	0.009523809523809532	0.01666666666666652	-0.00238095238095233	0.011904761904761862	118544901
2022-10-13	0.007194244604316606	0.01199040767386087	0.021582733812949607	0.0023980815347721313	0.007194244604316606	132794040
2022-10-12	0.014598540145985306	0.0	0.014598540145985306	-0.01703163017031637	0.014598540145985306	116004296
2022-10-11	0.007352941176470649	0.007352941176470649	0.01470588235294108	-0.007352941176470649	0.007352941176470649	69183766
2022-10-10	-0.012106537530266302	-0.0024213075060532173	0.014527845036319733	-0.014527845036319518	-0.012106537530266302	94811406
2022-09-30	0.02227722772277224	0.0024752475247524224	0.027227722772277307	0.0	0.02227722772277224	110054651
2022-09-29	0.004975124378109568	0.009950248756218916	0.01990049751243783	0.0	0.004975124378109568	89395114
2022-09-28	-0.03597122302158282	-0.01199040767386087	-0.007194244604316606	-0.03836930455635495	-0.03597122302158282	129185425
2022-09-27	0.009685230024213084	0.0	0.014527845036319733	-0.01937046004842617	0.009685230024213084	126043159
2022-09-26	-0.06136363636363646	-0.015909090909090973	-0.015909090909090973	-0.06363636363636369	-0.06136363636363646	228630302
2022-09-23	-0.01565995525727056	0.0	0.008948545861297548	-0.020134228187919434	-0.01565995525727056	109760207
2022-09-22	-0.011061946902654829	-0.011061946902654829	0.002212389380531123	-0.015486725663716682	-0.011061946902654829	84270536
2022-09-21	0.011185682326621885	-0.006711409395973012	0.015659955257270756	-0.024608501118568108	0.011185682326621885	139078073
2022-09-20	0.004494382022471814	0.006741573033707921	0.015730337078651548	0.0	0.004494382022471814	115220708
2022-09-19	-0.008908685968819607	-0.0022271714922048524	0.011135857461024459	-0.015590200445434362	-0.008908685968819607	145093211
2022-09-16	-0.05274261603375527	0.0021097046413501657	0.004219409282700331	-0.05485232067510544	-0.05274261603375527	237260372
2022-09-15	-0.020661157024793316	0.004132231404958773	0.008264462809917363	-0.030991735537189972	-0.020661157024793316	156515262
2022-09-14	-0.022222222222222286	-0.018181818181818153	-0.0020202020202019773	-0.02626262626262624	-0.022222222222222286	144238887
2022-09-13	-0.01197604790419154	0.011976047904191716	0.015968063872255505	-0.017964071856287397	-0.01197604790419154	233079383
2022-09-09	0.02663934426229506	0.010245901639344227	0.038934426229508275	0.0040983606557378	0.02663934426229506	313783817
2022-09-08	-0.01014198782961457	-0.006085192697768633	0.004056795131845935	-0.03245436105476676	-0.01014198782961457	299344964
2022-09-07	0.07877461706783356	-0.00437636761487975	0.09190371991247262	-0.008752735229759306	0.07877461706783356	578380659
2022-09-06	0.017817371937639215	0.0	0.020044543429844065	-0.0022271714922048524	0.017817371937639215	102599377
2022-09-05	0.008988764044943828	-0.002247191011235907	0.008988764044943828	-0.004494382022472014	0.008988764044943828	71539512
2022-09-02	-0.006696428571428627	-0.0022321428571430075	0.0022321428571428093	-0.011160714285714444	-0.006696428571428627	76625110
2022-09-01	-0.006651884700665047	-0.0044345898004433644	0.004434589800443561	-0.011086474501108608	-0.006651884700665047	99657936
2022-08-31	-0.023809523809523878	-0.010822510822510784	-0.006493506493506547	-0.03246753246753254	-0.023809523809523878	138823806
2022-08-30	-0.017021276595744695	-0.004255319148936268	0.0	-0.023404255319149005	-0.017021276595744695	110313390
2022-08-29	0.0	-0.017021276595744695	0.004255319148936079	-0.025531914893617044	0.0	135506098
2022-08-26	-0.014675052410901342	-0.002096436058700165	0.0	-0.020964360587002025	-0.014675052410901342	181191924
2022-08-25	0.03470715835140981	0.0021691973969630773	0.03904555314533616	-0.01084598698481577	0.03470715835140981	333668549
2022-08-24	0.0	0.017353579175705004	0.03036876355748366	-0.00216919739696327	0.0	220083626
2022-08-23	-0.004319654427645697	-0.006479481641468736	0.0021598272138228483	-0.01511879049676032	-0.004319654427645697	90877018
2022-08-22	0.031180400890868525	-0.004454342984409903	0.033407572383073375	-0.013363028953229508	0.031180400890868525	163089373
2022-08-19	-0.017505470459518613	-0.006564551422319529	-0.00437636761487975	-0.021881838074398363	-0.017505470459518613	89315717
2022-08-18	-0.01720430107526883	-0.002150537634408747	0.002150537634408556	-0.01935483870967758	-0.01720430107526883	102462683
2022-08-17	0.017505470459518613	0.004376367614879556	0.01969365426695839	-0.006564551422319529	0.017505470459518613	132462068
2022-08-16	-0.008676789587852502	-0.004338394793926347	0.0	-0.01084598698481577	-0.008676789587852502	94839022
2022-08-15	-0.010729613733905541	-0.010729613733905541	-0.004291845493562331	-0.021459227467811273	-0.010729613733905541	113966803
2022-08-12	0.01525054466230943	-0.0021786492374727207	0.021786492374727785	-0.004357298474945441	0.01525054466230943	148121410
2022-08-11	0.006578947368421108	0.004385964912280803	0.010964912280701912	-0.0021929824561403044	0.006578947368421108	104409847
2022-08-10	0.011086474501108608	-0.0022172949002216822	0.02882483370288246	-0.0044345898004433644	0.011086474501108608	137490723
2022-08-09	0.002222222222222175	-0.002222222222222175	0.00444444444444435	-0.006666666666666722	0.002222222222222175	80527166
2022-08-08	0.0022271714922048524	-0.006681514476614754	0.006681514476614556	-0.011135857461024459	0.0022271714922048524	72050177
2022-08-05	0.02045454545454542	0.0	0.022727272727272645	0.0	0.02045454545454542	93122517
2022-08-04	0.004566210045662206	-0.0022831050228310015	0.0068493150684932076	-0.0068493150684932076	0.004566210045662206	78688312
2022-08-03	-0.009049773755656116	-0.0045248868778279576	0.013574660633484276	-0.015837104072398255	-0.009049773755656116	111901516
2022-08-02	-0.045356371490280774	-0.012958963282937282	-0.012958963282937282	-0.056155507559395204	-0.045356371490280774	173585547
2022-08-01	-0.00856531049250536	-0.00856531049250536	-0.004282655246252586	-0.01713062098501072	-0.00856531049250536	100100680
2022-07-29	0.008639308855291584	0.004319654427645888	0.019438444924406016	-0.004319654427645697	0.008639308855291584	151523691
2022-07-28	0.008714596949891075	0.01307189542483671	0.01525054466230943	0.004357298474945635	0.008714596949891075	81638663
2022-07-27	-0.006493506493506547	-0.004329004329004429	0.0	-0.008658008658008665	-0.006493506493506547	64448477
2022-07-26	0.0021691973969630773	0.0	0.004338394793926155	-0.015184381778741925	0.0021691973969630773	86368482
2022-07-25	0.01766004415011039	0.048565121412803475	0.05518763796909492	0.011037527593818946	0.01766004415011039	203024804
2022-07-22	0.0	0.0	0.008830022075055195	-0.01324503311258289	0.0	87373332
2022-07-21	-0.017353579175705004	-0.0065075921908894245	-0.004338394793926347	-0.017353579175705004	-0.017353579175705004	95477532
2022-07-20	-0.008602150537634416	0.0	0.0	-0.015053763440860275	-0.008602150537634416	82596831
2022-07-19	0.004319654427645888	0.004319654427645888	0.019438444924406016	-0.006479481641468736	0.004319654427645888	137278708
2022-07-18	0.05707762557077626	0.01141552511415521	0.061643835616438464	0.01141552511415521	0.05707762557077626	196320139
2022-07-15	-0.02666666666666669	-0.006666666666666722	-0.00444444444444435	-0.02666666666666669	-0.02666666666666669	113178151
2022-07-14	-0.008810572687224677	0.0	0.0	-0.008810572687224677	-0.008810572687224677	71600478
2022-07-13	-0.004385964912280609	-0.006578947368420913	-0.0021929824561403044	-0.01754385964912263	-0.004385964912280609	99344146
2022-07-12	-0.0021881838074399723	-0.008752735229759306	0.010940919037199084	-0.008752735229759306	-0.0021881838074399723	86966586
2022-07-11	-0.02141327623126331	-0.006423982869379069	-0.006423982869379069	-0.029978586723768668	-0.02141327623126331	126474063
2022-07-08	0.0	0.00856531049250536	0.01713062098501072	-0.004282655246252586	0.0	98126440
2022-07-07	0.008639308855291584	-0.004319654427645697	0.019438444924406016	-0.004319654427645697	0.008639308855291584	110572621
2022-07-06	-0.03541666666666665	-0.016666666666666684	-0.014583333333333209	-0.041666666666666706	-0.03541666666666665	212180732
2022-07-05	0.0169491525423729	-0.002118644067796565	0.0338983050847458	-0.00423728813559313	0.0169491525423729	237394129
2022-07-04	-0.00421940928270052	-0.008438818565400852	-0.0021097046413501657	-0.01265822784810137	-0.00421940928270052	103995312
2022-07-01	-0.002105263157894692	-0.008421052631578954	0.002105263157894692	-0.016842105263157908	-0.002105263157894692	113219382
2022-06-30	-0.002100840336134409	-0.006302521008403227	0.0042016806722690045	-0.008403361344537823	-0.002100840336134409	148137132
2022-06-29	-0.038383838383838464	0.0	0.008080808080808088	-0.040404040404040435	-0.038383838383838464	324287088
2022-06-28	0.031250000000000076	0.002083333333333289	0.031250000000000076	0.0	0.031250000000000076	285856704
2022-06-27	0.012658227848101182	0.0021097046413501657	0.025316455696202552	-0.0021097046413501657	0.012658227848101182	196704591
2022-06-24	-0.004201680672268818	-0.004201680672268818	-0.002100840336134409	-0.016806722689075647	-0.004201680672268818	159601996
2022-06-23	0.012765957446808427	-0.0021276595744680396	0.014893617021276466	-0.019148936170212735	0.012765957446808427	221244478
2022-06-22	-0.014675052410901342	0.002096436058700351	0.010482180293501198	-0.016771488469601508	-0.014675052410901342	173975979
2022-06-21	-0.01851851851851867	-0.002057613168724419	0.0020576131687242358	-0.024691358024691377	-0.01851851851851867	207410139
2022-06-20	-0.02605210420841681	-0.0020040080160320215	0.0	-0.03006012024048103	-0.02605210420841681	262653684
2022-06-17	-0.00795228628230617	-0.01789264413518884	-0.001988071570576675	-0.025844930417495006	-0.00795228628230617	226914949
2022-06-16	-0.005928853754940585	0.011857707509881523	0.02569169960474324	-0.009881422924901151	-0.005928853754940585	248663713
2022-06-15	0.018108651911468786	-0.006036217303822809	0.03621730382293775	-0.010060362173038195	0.018108651911468786	344973072
2022-06-14	-0.021653543307086676	-0.011811023622047341	-0.0059055118110236705	-0.07086614173228353	-0.021653543307086676	373898128
2022-06-13	-0.013592233009708792	-0.013592233009708792	0.005825242718446477	-0.025242718446602093	-0.013592233009708792	231602778
2022-06-10	0.01577909270216964	-0.0177514792899408	0.02169625246548312	-0.023668639053254458	0.01577909270216964	265146587
2022-06-09	-0.024999999999999977	-0.005769230769230817	-0.001923076923076882	-0.03269230769230768	-0.024999999999999977	207816836
2022-06-08	0.029702970297029774	0.007920792079207928	0.03168316831683171	-0.00594059405940599	0.029702970297029774	314602272
2022-06-07	-0.013671875000000056	-0.007812500000000007	0.0	-0.019531250000000104	-0.013671875000000056	188200038
2022-06-06	0.015873015873015886	0.0	0.02182539682539689	-0.001984126984126942	0.015873015873015886	239726348
2022-06-02	0.003984063745020013	-0.007968127490039672	0.00796812749003985	-0.013944223107569601	0.003984063745020013	157765886
2022-06-01	-0.025242718446602093	-0.019417475728155442	-0.01747572815533995	-0.034951456310679724	-0.025242718446602093	185412252
2022-05-31	0.01778656126482228	-0.0019762845849801954	0.04150197628458498	-0.017786561264822108	0.01778656126482228	184589111
2022-05-30	0.00796812749003985	0.001992031872510095	0.011952191235059861	-0.01593625498007952	0.00796812749003985	121287849
2022-05-27	0.0	0.00796812749003985	0.017928286852589792	-0.011952191235059684	0.0	128059035
2022-05-26	0.010060362173038195	0.006036217303822988	0.026156941649899377	-0.022132796780683993	0.010060362173038195	172714714
2022-05-25	0.00811359026369169	-0.002028397565922878	0.01622718052738338	-0.006085192697768633	0.00811359026369169	161442611
2022-05-24	-0.05916030534351154	-0.017175572519083943	-0.003816793893129859	-0.05916030534351154	-0.05916030534351154	250402984
2022-05-23	0.03353057199211044	0.02169625246548312	0.05917159763313606	-0.003944773175542498	0.03353057199211044	398579184
2022-05-20	0.09978308026030368	0.01952277657266808	0.09978308026030368	0.015184381778741733	0.09978308026030368	358185408
2022-05-19	0.006550218340611408	-0.01746724890829696	0.006550218340611408	-0.02838427947598251	0.006550218340611408	116713685
2022-05-18	-0.008658008658008665	0.002164502164502118	0.004329004329004236	-0.01731601731601733	-0.008658008658008665	90333487
2022-05-17	0.00873362445414848	-0.0021834061135370714	0.00873362445414848	-0.01091703056768555	0.00873362445414848	107954211
2022-05-16	0.004385964912280803	0.013157894736842216	0.02192982456140363	0.0	0.004385964912280803	123013019
2022-05-13	0.008849557522123902	0.0	0.008849557522123902	-0.013274336283185756	0.008849557522123902	103986139
2022-05-12	-0.017391304347826105	-0.006521739130434644	0.008695652173913052	-0.0326086956521738	-0.017391304347826105	139699777
2022-05-11	0.015452538631346444	-0.0022075055187639457	0.03311258278145683	-0.004415011037527695	0.015452538631346444	169644379
2022-05-10	0.004434589800443561	-0.035476718403547707	0.006651884700665244	-0.04212860310421275	0.004434589800443561	141330737
2022-05-09	0.011210762331838525	-0.01345291479820619	0.01793721973094172	-0.01793721973094172	0.011210762331838525	102524500
2022-05-06	-0.05307855626326964	-0.03609341825902334	-0.03609341825902334	-0.05944798301486205	-0.05307855626326964	157485776
2022-05-05	-0.010504201680672232	-0.018907563025210055	-0.002100840336134409	-0.029411764705882287	-0.010504201680672232	151331496
2022-04-29	0.0236559139784945	0.002150537634408556	0.027956989247311805	-0.008602150537634416	0.0236559139784945	179647918
2022-04-28	-0.004282655246252586	-0.010706638115631655	0.006423982869379069	-0.029978586723768668	-0.004282655246252586	153489508
2022-04-27	0.054176072234763034	-0.015801354401805735	0.06320541760722354	-0.027088036117381517	0.054176072234763034	241686459
2022-04-26	-0.06342494714587753	-0.00634249471458779	-0.0021141649048627216	-0.06976744186046513	-0.06342494714587753	219403655
2022-04-25	-0.09904761904761897	-0.022857142857142878	-0.020952380952381014	-0.09904761904761897	-0.09904761904761897	237782715
2022-04-22	-0.005681818181818229	-0.020833333333333395	0.003787878787878707	-0.034090909090909206	-0.005681818181818229	115684288
2022-04-21	-0.027624309392265095	-0.0036832412523019474	0.007366482504604059	-0.03314917127071818	-0.027624309392265095	151703803
2022-04-20	-0.04569420035149396	-0.008787346221441249	-0.0070298769771529055	-0.050966608084358524	-0.04569420035149396	172668154
2022-04-19	0.021543985637342927	0.00897666068222618	0.030520646319569106	0.001795332136445204	0.021543985637342927	138980509
2022-04-18	-0.02622377622377613	-0.01923076923076913	-0.01573426573426571	-0.036713286713286705	-0.02622377622377613	121314679
2022-04-15	-0.02555366269165253	0.0068143100511073315	0.018739352640545198	-0.02896081771720612	-0.02555366269165253	155847177
2022-04-14	0.00859106529209619	0.006872852233676982	0.024054982817869358	-0.008591065292096342	0.00859106529209619	186537042
2022-04-13	0.02826855123674914	-0.012367491166077788	0.04946996466431099	-0.017667844522968292	0.02826855123674914	248184596
2022-04-12	0.04621072088724584	-0.014787430683918681	0.04621072088724584	-0.016635859519408477	0.04621072088724584	159701998
2022-04-11	-0.05419580419580413	-0.012237762237762132	-0.001748251748251711	-0.05594405594405584	-0.05419580419580413	189814256
2022-04-08	0.0035087719298244864	-0.003508771929824642	0.008771929824561372	-0.02456140350877203	0.0035087719298244864	129162598
2022-04-07	-0.03389830508474579	-0.011864406779661064	-0.006779661016949158	-0.035593220338983045	-0.03389830508474579	149062264
2022-04-06	0.015490533562822848	-0.012048192771084234	0.015490533562822848	-0.025817555938037775	0.015490533562822848	161248542
2022-04-01	-0.00171821305841936	-0.010309278350515549	0.005154639175257622	-0.02405498281786951	-0.00171821305841936	135356528
2022-03-31	-0.02512562814070343	0.0016750418760470144	0.005025125628140745	-0.03852596314907865	-0.02512562814070343	202690006
2022-03-30	-0.009950248756218987	-0.016583747927031597	-0.008291873963515725	-0.02819237147595355	-0.009950248756218987	196458835
2022-03-29	-0.014705882352941154	-0.0016339869281045403	0.0	-0.01960784313725492	-0.014705882352941154	128588668
2022-03-28	0.020000000000000018	-0.018333333333333385	0.029999999999999954	-0.03166666666666673	0.020000000000000018	197157231
2022-03-25	-0.02280130293159604	-0.014657980456026036	0.0032573289902280886	-0.026058631921823984	-0.02280130293159604	184759985
2022-03-24	0.0032679738562090806	0.009803921568627387	0.01960784313725492	-0.006535947712418306	0.0032679738562090806	230905024
2022-03-23	-0.022364217252396117	-0.025559105431309927	-0.0143769968051118	-0.03354632587859425	-0.022364217252396117	212134274
2022-03-22	0.016233766233766177	0.006493506493506499	0.029220779220779175	-0.008116883116883088	0.016233766233766177	248896966
2022-03-21	0.030100334448160484	0.02173913043478259	0.03846153846153838	0.015050167224080242	0.030100334448160484	268785376
2022-03-18	0.034602076124567505	0.013840830449827002	0.04152249134948085	0.008650519031141838	0.034602076124567505	261385752
2022-03-17	0.026642984014209656	0.028419182948490256	0.04795737122557735	0.0	0.026642984014209656	283385840
2022-03-16	0.038745387453874534	0.014760147601476028	0.046125461254612546	-0.018450184501844952	0.038745387453874534	278728176
2022-03-15	-0.09966777408637868	-0.029900332225913578	-0.029900332225913578	-0.09966777408637868	-0.09966777408637868	405053072
2022-03-14	-0.05494505494505503	-0.029827315541601316	-0.010989010989011033	-0.05808477237048667	-0.05494505494505503	278427856
2022-03-11	0.022471910112359498	-0.01123595505617982	0.02568218298555365	-0.043338683788122064	0.022471910112359498	353134176
2022-03-10	-0.014240506329113901	-0.018987341772151913	-0.0015822784810127649	-0.04272151898734184	-0.014240506329113901	307215952
2022-03-09	-0.05812220566318922	-0.03576751117734728	-0.028315946348733294	-0.09687034277198217	-0.05812220566318922	472152128
2022-03-08	-0.08082191780821917	-0.05479452054794513	-0.04109589041095888	-0.09999999999999994	-0.08082191780821917	541151120
2022-03-07	0.0267229254571026	0.03938115330520384	0.04500703234880441	0.00843881856540079	0.0267229254571026	450227744
2022-03-04	-0.005594405594405599	0.008391608391608336	0.048951048951048896	-0.027972027972027996	-0.005594405594405599	539728944
2022-03-03	0.034732272069464575	0.014471780028943509	0.049204052098408085	0.00868306801736608	0.034732272069464575	635084000
2022-03-02	0.08647798742138361	0.020440251572327026	0.10062893081761001	0.014150943396226393	0.08647798742138361	841971472
2022-03-01	-0.018518518518518535	-0.012345679012345689	-0.009259259259259335	-0.038580246913580245	-0.018518518518518535	325702688
2022-02-28	0.023696682464455034	0.020537124802527628	0.030015797788309557	-0.004739336492891035	0.023696682464455034	357887440
2022-02-25	0.01118210862619813	0.004792332268370647	0.036741214057508055	-0.004792332268370505	0.01118210862619813	509890992
2022-02-24	0.017886178861788525	-0.011382113821138257	0.06178861788617884	-0.014634146341463535	0.017886178861788525	638787408
2022-02-23	-0.019138755980861122	-0.019138755980861122	-0.009569377990430561	-0.030303030303030224	-0.019138755980861122	243530613
2022-02-22	0.017857142857142766	0.008116883116883088	0.017857142857142766	-0.014610389610389588	0.017857142857142766	276026112
2022-02-21	-0.015974440894568634	-0.009584664536741151	-0.007987220447284317	-0.025559105431309927	-0.015974440894568634	166341485
2022-02-18	0.01458670988654779	-0.009724473257698478	0.027552674230145856	-0.01458670988654779	0.01458670988654779	243859362
2022-02-17	0.02321724709784406	0.009950248756218841	0.03482587064676616	0.008291873963515725	0.02321724709784406	282292544
2022-02-16	0.0016611295681064244	-0.006644518272425108	0.00830564784053168	-0.011627906976744087	0.0016611295681064244	168926306
2022-02-15	-0.006600660066006607	0.004950495049504992	0.011551155115511599	-0.024752475247524667	-0.006600660066006607	186994649
2022-02-14	-0.014634146341463535	0.003252032520325134	0.011382113821138113	-0.022764227642276515	-0.014634146341463535	213982094
2022-02-11	-0.017571884984025468	-0.020766773162939282	0.0143769968051118	-0.025559105431309927	-0.017571884984025468	300837712
2022-02-10	0.017886178861788525	0.021138211382113803	0.03739837398373976	0.001626016260162567	0.017886178861788525	410583552
2022-02-09	0.044142614601018794	0.040747028862478815	0.0577249575551784	0.0254668930390493	0.044142614601018794	422193168
2022-02-08	0.04804270462633444	0.005338078291814991	0.058718861209964425	-0.0017793594306049442	0.04804270462633444	280533968
2022-02-07	0.06844106463878333	0.02091254752851717	0.07414448669201532	0.01330798479087458	0.06844106463878333	237406559
2022-01-28	-0.04882459312839068	-0.02712477396021706	-0.019891500904159188	-0.07775768535262216	-0.04882459312839068	314247248
2022-01-27	-0.022968197879858637	0.001766784452296782	0.008833922261484068	-0.024734982332155576	-0.022968197879858637	146810134
2022-01-26	0.04621072088724584	0.014787430683918681	0.059149722735674724	0.0073937153419593405	0.04621072088724584	242659917
2022-01-25	-0.050877192982456146	-0.003508771929824642	0.012280701754385859	-0.05263157894736839	-0.050877192982456146	191711295
2022-01-24	-0.023972602739725974	-0.02226027397260272	-0.017123287671232817	-0.046232876712328695	-0.023972602739725974	159748432
2022-01-21	-0.010169491525423813	-0.0033898305084746542	0.005084745762711756	-0.022033898305084877	-0.010169491525423813	146279871
2022-01-20	-0.011725293132328207	-0.0033500837520937313	0.01005025125628149	-0.018425460636515817	-0.011725293132328207	133454033
2022-01-19	0.0033613445378150543	0.006722689075630258	0.025210084033613356	-0.010084033613445462	0.0033613445378150543	192336343
2022-01-18	0.015358361774744003	-0.0017064846416383404	0.023890784982935096	-0.008532423208191246	0.015358361774744003	172650863
2022-01-17	-0.011804384485666003	-0.011804384485666003	-0.0033726812816188153	-0.02866779089376053	-0.011804384485666003	179320758
2022-01-14	-0.02627257799671595	-0.011494252873563265	-0.004926108374384277	-0.031198686371100084	-0.02627257799671595	208534811
2022-01-13	-0.025600000000000022	-0.0031999999999999316	0.007999999999999972	-0.027199999999999988	-0.025600000000000022	234814267
2022-01-12	0.003210272873194153	0.01605136436597105	0.024077046548956572	-0.016051364365971193	0.003210272873194153	240480963
2022-01-11	0.02298850574712653	0.0032840722495895668	0.03448275862068965	-0.003284072249589421	0.02298850574712653	361285200
2022-01-10	0.01669449081802999	-0.003338898163606087	0.030050083472454043	-0.010016694490818113	0.01669449081802999	228029209
2022-01-07	0.022184300341296908	0.0	0.03412969283276438	-0.006825938566552906	0.022184300341296908	276188816
2022-01-06	0.006872852233676982	-0.0034364261168385673	0.018900343642611585	-0.008591065292096342	0.006872852233676982	185733531
2022-01-05	-0.04118616144975288	-0.004942339373970386	-0.0032948929159803066	-0.06095551894563428	-0.04118616144975288	372622528
2022-01-04	-0.003284072249589421	0.0032840722495895668	0.004926108374384277	-0.014778325123152686	-0.003284072249589421	220686791
2021-12-31	-0.00975609756097569	-0.006504065040650412	-0.0016260162601627113	-0.014634146341463535	-0.00975609756097569	165144391
2021-12-30	0.016528925619834798	0.004958677685950454	0.028099173553718996	-0.003305785123966872	0.016528925619834798	254626925
2021-12-29	-0.025764895330112746	-0.008051529790660197	-0.008051529790660197	-0.025764895330112746	-0.025764895330112746	236552200
2021-12-28	0.008116883116883088	-0.004870129870129911	0.019480519480519497	-0.021103896103896087	0.008116883116883088	249659789
2021-12-27	-0.041990668740279874	-0.018662519440124436	-0.017107309486780627	-0.048211508553654685	-0.041990668740279874	375474848
2021-12-24	-0.05441176470588237	0.0	0.0	-0.05588235294117646	-0.05441176470588237	569159968
2021-12-23	0.10032362459546927	0.03398058252427184	0.10032362459546927	0.00647249190938512	0.10032362459546927	984791632
2021-12-22	-0.008025682182985668	0.019261637239165203	0.0321027287319421	-0.020866773675762562	-0.008025682182985668	311054128
2021-12-21	0.004838709677419395	-0.016129032258064602	0.024193548387096687	-0.04032258064516129	0.004838709677419395	394018096
2021-12-20	0.006493506493506499	0.0	0.03571428571428567	0.0	0.006493506493506499	381469008
2021-12-17	0.0032573289902280886	0.0032573289902280886	0.03094462540716619	-0.001628664495113972	0.0032573289902280886	365904000
2021-12-16	0.021630615640598986	0.0	0.02828618968386022	-0.011647254575707054	0.021630615640598986	381602240
2021-12-15	-0.011513157894736888	-0.008223684210526286	0.009868421052631514	-0.013157894736842117	-0.011513157894736888	344518192
2021-12-14	-0.04851330203442874	-0.010954616588419312	-0.007824726134585262	-0.056338028169013996	-0.04851330203442874	536345440
2021-12-13	0.0	0.0	0.028169014084507137	-0.018779342723004713	0.0	509632736
2021-12-10	0.014285714285714263	-0.007936507936507908	0.028571428571428668	-0.023809523809523725	0.014285714285714263	553095392
2021-12-09	-0.023255813953488427	-0.015503875968992331	-0.0015503875968991916	-0.031007751937984523	-0.023255813953488427	589767648
2021-12-08	0.025437201907790166	0.0031796502384737	0.058823529411764726	-0.031796502384737704	0.025437201907790166	855722768
2021-12-07	0.060708263069140025	0.011804384485666152	0.07251264755480617	-0.0016863406408094076	0.060708263069140025	1215150752
2021-12-06	0.10018552875695734	0.0018552875695734092	0.10018552875695734	0.0018552875695734092	0.10018552875695734	661352240
2021-12-03	0.018903591682419594	-0.0037807183364840192	0.026465028355387464	-0.020793950850661685	0.018903591682419594	407186832
2021-12-02	0.0018939393939393534	-0.005681818181818229	0.009469696969696935	-0.015151515151515164	0.0018939393939393534	219724659
2021-12-01	0.015384615384615398	-0.005769230769230817	0.021153846153846044	-0.009615384615384581	0.015384615384615398	217979299
2021-11-30	-0.00952380952380949	-0.0019047619047618642	0.01904761904761898	-0.022857142857142878	-0.00952380952380949	295382416
2021-11-29	-0.0037950664136621585	-0.02087286527514221	0.0018975332068312477	-0.041745730550284584	-0.0037950664136621585	333240544
2021-11-26	-0.014953271028037398	-0.009345794392523333	0.007476635514018699	-0.018691588785046665	-0.014953271028037398	255861478
2021-11-25	-0.00925925925925939	0.005555555555555437	0.009259259259259226	-0.014814814814814828	-0.00925925925925939	305796240
2021-11-24	0.015037593984962419	-0.003759398496240688	0.024436090225563888	-0.013157894736842158	0.015037593984962419	404253424
2021-11-23	0.0	0.003759398496240521	0.02631578947368415	-0.0018796992481204275	0.0	408894560
2021-11-22	-0.0037453183520598453	-0.0037453183520598453	0.0018726591760299227	-0.020599250936329482	-0.0037453183520598453	265606387
2021-11-19	0.022988505747126457	-0.0019157088122604958	0.028735632183908115	-0.011494252873563144	0.022988505747126457	326153904
2021-11-18	-0.005714285714285762	-0.0019047619047618642	0.007619047619047626	-0.020952380952381014	-0.005714285714285762	277928496
2021-11-17	0.009615384615384581	-0.013461538461538516	0.009615384615384581	-0.013461538461538516	0.009615384615384581	240942645
2021-11-16	-0.02255639097744363	-0.011278195488721898	0.005639097744360781	-0.026315789473684317	-0.02255639097744363	272133312
2021-11-15	0.0	-0.011278195488721898	0.0075187969924812095	-0.020676691729323366	0.0	238363654
2021-11-12	-0.02742230347349168	0.0109689213893968	0.03290676416819024	-0.029250457038391253	-0.02742230347349168	403563616
2021-11-11	0.01296296296296285	0.0	0.020370370370370264	-0.00925925925925939	0.01296296296296285	276838288
2021-11-10	-0.01279707495429605	-0.01279707495429605	-0.009140767824497225	-0.04936014625228512	-0.01279707495429605	364883904
2021-11-09	-0.007259528130671513	0.00907441016333935	0.014519056261343026	-0.014519056261343026	-0.007259528130671513	191123202
2021-11-08	0.003642987249544549	0.009107468123861534	0.025500910746812325	0.0	0.003642987249544549	273358960
2021-11-05	-0.05670103092783506	-0.03436426116838491	-0.020618556701030945	-0.06013745704467363	-0.05670103092783506	402749072
2021-11-04	-0.02512562814070343	-0.008375209380234476	-0.005025125628140597	-0.030150753768844175	-0.02512562814070343	251137505
2021-11-03	0.010152284263959324	0.0	0.013536379018612533	-0.013536379018612533	0.010152284263959324	289904848
2021-11-02	-0.029556650246305372	0.0	0.006568144499178988	-0.05418719211822661	-0.029556650246305372	391820624
2021-11-01	-0.008143322475570003	-0.003257328990227944	0.017915309446254125	-0.014657980456026036	-0.008143322475570003	295615968
2021-10-29	-0.0032467532467533216	0.017857142857142766	0.022727272727272676	-0.008116883116883088	-0.0032467532467533216	274504720
2021-10-28	-0.053763440860215	-0.01689708141321036	-0.010752688172042918	-0.06912442396313367	-0.053763440860215	482453824
2021-10-27	-0.05924855491329482	-0.01445086705202307	-0.0028901734104045626	-0.08092485549132943	-0.05924855491329482	543829392
2021-10-26	-0.0043165467625899635	0.0	0.01582733812949632	-0.012949640287769763	-0.0043165467625899635	199103937
2021-10-25	0.031157270029673584	0.0014836795252225203	0.04302670623145401	-0.005934718100890213	0.031157270029673584	302320336
2021-10-22	-0.05997210599721056	-0.01394700139470009	0.005578800557880061	-0.06694560669456061	-0.05997210599721056	467135424
2021-10-21	0.009859154929577505	0.015492957746478919	0.04084507042253522	-0.004225352112675967	0.009859154929577505	365273504
2021-10-20	-0.02739726027397263	-0.04109589041095888	-0.013698630136986254	-0.06575342465753418	-0.02739726027397263	379940368
2021-10-19	-0.021447721179624683	-0.010723860589812341	-0.009383378016085828	-0.04155495978552273	-0.021447721179624683	319877712
2021-10-18	0.03467406380027739	0.005547850208044388	0.041608876560332846	-0.026352288488210873	0.03467406380027739	514529072
2021-10-15	0.016925246826516235	0.00846262341325818	0.02961918194640338	-0.016925246826516235	0.016925246826516235	395262352
2021-10-14	-0.0014084507042253223	-0.011267605633802828	0.022535211267605656	-0.035211267605633804	-0.0014084507042253223	313283104
2021-10-13	0.0	0.015492957746478919	0.021126760563380333	-0.02112676056338021	0.0	278037840
2021-10-12	-0.044414535666218044	0.006729475100942222	0.016150740242261118	-0.06594885598923275	-0.044414535666218044	341979968
2021-10-11	-0.01589403973509935	-0.013245033112582735	0.007947019867549735	-0.04635761589403969	-0.01589403973509935	283856816
2021-10-08	-0.02580645161290325	0.028387096774193515	0.03225806451612903	-0.0348387096774193	-0.02580645161290325	290719904
2021-09-30	-0.021464646464646457	0.022727272727272693	0.02777777777777786	-0.026515151515151512	-0.021464646464646457	316013984
2021-09-29	-0.05714285714285719	0.0	0.003571428571428495	-0.0642857142857143	-0.05714285714285719	308980736
2021-09-28	0.051314142678347954	-0.005006257822277852	0.06883604505632027	-0.005006257822277852	0.051314142678347954	392744752
2021-09-27	-0.0992108229988725	-0.00789177001127379	-0.0022547914317925114	-0.10033821871476875	-0.0992108229988725	531834688
2021-09-24	-0.05235042735042738	0.02670940170940171	0.04700854700854715	-0.061965811965811975	-0.05235042735042738	574757344
2021-09-23	-0.0448979591836736	0.02551020408163265	0.03673469387755096	-0.05204081632653077	-0.0448979591836736	486313440
2021-09-22	0.02725366876310289	-0.00943396226415093	0.04088050314465415	-0.05660377358490558	0.02725366876310289	497437296
2021-09-17	-0.003134796238244633	-0.02821316614420058	0.050156739811912265	-0.04388714733542319	-0.003134796238244633	558983824
2021-09-16	0.02352941176470595	0.029946524064171247	0.06310160427807486	-0.003208556149732552	0.02352941176470595	541558768
2021-09-15	-0.032091097308488664	-0.04554865424430637	-0.011387163561076545	-0.06314699792960657	-0.032091097308488664	522980336
2021-09-14	-0.05571847507331381	-0.03714565004887593	-0.005865102639296236	-0.06744868035190628	-0.05571847507331381	720372928
2021-09-13	0.09999999999999996	0.05591397849462361	0.09999999999999996	0.03225806451612891	0.09999999999999996	812389184
2021-09-10	-0.010638297872340387	0.014893617021276466	0.06489361702127654	-0.017021276595744695	-0.010638297872340387	696078624
2021-09-09	0.04677060133630288	0.0011135857461024262	0.06570155902004453	-0.013363028953229508	0.04677060133630288	664421744
2021-09-08	0.0832328106151992	0.0048250904704464324	0.09650180940892651	-0.027744270205066184	0.0832328106151992	568114512
2021-09-07	0.0414572864321607	0.02763819095477384	0.051507537688442115	0.0	0.0414572864321607	460223424
2021-09-06	0.0487483530961792	0.054018445322793165	0.10013175230566532	0.02371541501976281	0.0487483530961792	580237552
2021-09-03	-0.0368020304568528	-0.0012690355329948969	0.012690355329949306	-0.0456852791878173	-0.0368020304568528	350076480
2021-09-02	0.05347593582887693	0.0147058823529411	0.06818181818181815	0.00401069518716569	0.05347593582887693	507236208
2021-09-01	-0.04102564102564095	-0.012820512820512775	0.037179487179487186	-0.07435897435897437	-0.04102564102564095	671871232
2021-08-31	0.02362204724409445	-0.009186351706036783	0.034120734908136455	-0.019685039370078785	0.02362204724409445	574154688
2021-08-30	0.05103448275862071	0.015172413793103492	0.07034482758620687	0.015172413793103492	0.05103448275862071	680549824
2021-08-27	0.004155124653739647	0.0069252077562326625	0.05955678670360119	-0.008310249307479171	0.004155124653739647	688775552
2021-08-26	0.09228441754916784	0.016641452344931834	0.09984871406959141	0.0	0.09228441754916784	889119328
2021-08-25	0.09983361064891856	0.03826955074875215	0.09983361064891856	0.014975041597337747	0.09983361064891856	518667216
2021-08-24	0.013490725126475561	0.011804384485666152	0.032040472175379496	0.005059021922428373	0.013490725126475561	235865872
2021-08-23	0.010221465076660921	0.0068143100511073315	0.02896081771720612	0.001703577512776795	0.010221465076660921	189828328
2021-08-20	-0.0017006802721088073	-0.011904761904761953	0.00680272108843538	-0.030612244897959134	-0.0017006802721088073	216527558
2021-08-19	-0.029702970297029656	-0.02640264026402628	-0.023102310231023052	-0.07095709570957091	-0.029702970297029656	298966896
2021-08-18	0.004975124378109347	-0.011608623548922102	0.038142620232172395	-0.02487562189054732	0.004975124378109347	245660452
2021-08-17	-0.013093289689034381	-0.0065466448445171905	0.018003273322422166	-0.026186579378068762	-0.013093289689034381	240078350
2021-08-16	-0.03015873015873008	0.01269841269841271	0.022222222222222313	-0.03968253968253968	-0.03015873015873008	304042016
2021-08-13	0.012861736334405157	-0.006430868167202578	0.016077170418006517	-0.022508038585208952	0.012861736334405157	280431936
2021-08-12	0.04713804713804703	0.0	0.06734006734006724	-0.008417508417508537	0.04713804713804703	434718224
2021-08-11	0.038461538461538575	0.017482517482517577	0.05244755244755242	0.013986013986014	0.038461538461538575	317229712
2021-08-10	-0.0034843205574913694	-0.0069686411149825845	0.013937282229965169	-0.027874564459930338	-0.0034843205574913694	197898145
2021-08-09	0.017730496453900804	-0.014184397163120581	0.028368794326241162	-0.02659574468085097	0.017730496453900804	210601155
2021-08-06	0.031078610603290664	0.0018281535648995751	0.042047531992687466	0.0	0.031078610603290664	179355236
2021-08-05	-0.03185840707964612	-0.014159292035398242	-0.014159292035398242	-0.04424778761061947	-0.03185840707964612	181468117
2021-08-04	0.021699819168173616	-0.005424954792043445	0.030741410488245916	-0.016274864376130172	0.021699819168173616	183308717
2021-08-03	-0.059523809523809465	-0.017006802721088374	-0.008503401360544187	-0.08163265306122441	-0.059523809523809465	290101152
2021-08-02	-0.015075376884422087	-0.015075376884422087	-0.0016750418760468656	-0.05695142378559462	-0.015075376884422087	305297392
2021-07-30	0.058510638297872355	0.008865248226950482	0.06914893617021287	0.0017730496453901908	0.058510638297872355	309806656
2021-07-29	0.03867403314917127	0.04604051565377532	0.049723756906077436	0.009208103130755195	0.03867403314917127	228963278
2021-07-28	-0.03893805309734524	-0.04070796460176999	0.0	-0.05132743362831859	-0.03893805309734524	318862384
2021-07-27	-0.08723747980613894	0.022617124394184115	0.035541195476575076	-0.09046849757673675	-0.08723747980613894	468131952
2021-07-26	-0.014331210191082779	0.007961783439490418	0.027070063694267503	-0.04140127388535043	-0.014331210191082779	390315488
2021-07-23	0.01782820097244738	0.008103727714748757	0.0388978930307942	-0.006482982171799033	0.01782820097244738	470211296
2021-07-22	0.061962134251290935	0.005163511187607616	0.07745266781411363	0.003442340791738462	0.061962134251290935	386971568
2021-07-21	0.0246913580246913	0.014109347442680789	0.03880070546737209	-0.0017636684303350594	0.0246913580246913	238322975
2021-07-20	-0.02577319587628872	-0.036082474226804113	-0.02233676975945015	-0.053264604810996645	-0.02577319587628872	240153413
2021-07-19	0.0	0.027491408934707928	0.039518900343642534	-0.013745704467353964	0.0	381585840
2021-07-16	0.041144901610017964	-0.007155635062611813	0.06618962432915923	-0.008944543828264727	0.041144901610017964	357009744
2021-07-15	0.01821493624772307	-0.005464480874316985	0.025500910746812325	-0.020036429872495504	0.01821493624772307	243745709
2021-07-14	-0.048526863084921906	-0.005199306759098676	0.0017331022530330462	-0.055459272097053626	-0.048526863084921906	324766432
2021-07-13	0.005226480836236822	0.008710801393728191	0.019163763066201992	-0.015679442508710777	0.005226480836236822	266126517
2021-07-12	-0.02047781569965872	0.03242320819112619	0.052901023890784916	-0.027303754266211625	-0.02047781569965872	488997888
2021-07-09	0.09943714821763606	-0.007504690431519707	0.09943714821763606	-0.015009380863039413	0.09943714821763606	387651424
2021-07-08	-0.00559701492537318	0.0	0.050373134328358125	-0.009328358208955357	-0.00559701492537318	229714037
2021-07-07	-0.0018621973929236102	-0.02420856610800743	0.005586592178770996	-0.03538175046554942	-0.0018621973929236102	149407510
2021-07-06	0.0	0.005586592178770996	0.013035381750465602	-0.02420856610800743	0.0	153666919
2021-07-05	0.04474708171206234	0.021400778210116794	0.07198443579766539	0.021400778210116794	0.04474708171206234	224786830
2021-07-02	0.005870841487279718	-0.005870841487279892	0.03913894324853215	-0.005870841487279892	0.005870841487279718	150674656
2021-07-01	-0.035849056603773494	-0.0018867924528301486	-0.0018867924528301486	-0.035849056603773494	-0.035849056603773494	124593031
2021-06-30	0.017274472168905923	0.007677543186180429	0.032629558541266784	0.007677543186180429	0.017274472168905923	114527306
2021-06-29	-0.03339517625231906	-0.011131725417439632	0.0018552875695734092	-0.0408163265306122	-0.03339517625231906	167615951
2021-06-28	-0.0036968576709797527	-0.0036968576709797527	0.0018484288354897942	-0.02033271719038823	-0.0036968576709797527	110399438
2021-06-25	0.044401544401544486	0.0019305019305020609	0.05984555984555995	-0.0019305019305018896	0.044401544401544486	202870925
2021-06-24	0.001934235976789127	0.005802707930367553	0.029013539651837592	-0.001934235976789127	0.001934235976789127	172508499
2021-06-23	0.05942622950819673	0.0040983606557378	0.07172131147540994	0.0020491803278688088	0.05942622950819673	231769747
2021-06-22	0.008264462809917363	0.012396694214876136	0.018595041322314022	-0.014462809917355431	0.008264462809917363	113981308
2021-06-21	-0.008196721311475417	-0.008196721311475417	0.010245901639344227	-0.022540983606557444	-0.008196721311475417	116517311
2021-06-18	0.00618556701030933	-0.03298969072164933	0.01237113402061866	-0.04948453608247409	0.00618556701030933	147590699
2021-06-17	0.012526096033402842	-0.002087682672233776	0.02922755741127342	-0.004175365344467738	0.012526096033402842	120295866
2021-06-16	-0.060784313725490126	-0.019607843137254832	-0.013725490196078313	-0.06274509803921557	-0.060784313725490126	222739973
2021-06-15	-0.06422018348623863	-0.0018348623853210618	0.01467889908256882	-0.07155963302752304	-0.06422018348623863	282324688
2021-06-11	0.060311284046692705	0.021400778210116794	0.07392996108949415	0.0019455252918289252	0.060311284046692705	333828400
2021-06-10	-0.00963391136801555	-0.005780346820809296	0.01156069364161842	-0.013487475915221633	-0.00963391136801555	103874140
2021-06-09	0.023668639053254458	0.001972386587771161	0.0355029585798816	0.001972386587771161	0.023668639053254458	130898453
2021-06-08	-0.019342359767891615	-0.005802707930367553	0.005802707930367553	-0.021276595744680913	-0.019342359767891615	126538501
2021-06-07	0.0019379844961239896	0.007751937984496131	0.02713178294573637	0.0	0.0019379844961239896	111314845
2021-06-04	-0.013384321223709422	-0.024856596558317547	0.003824091778202595	-0.03250478011472291	-0.013384321223709422	160215936
2021-06-03	-0.0038095238095237284	-0.00952380952380949	0.017142857142857116	-0.011428571428571354	-0.0038095238095237284	117960250
2021-06-02	-0.022346368715083817	-0.013035381750465602	0.0074487895716946065	-0.02607076350093104	-0.022346368715083817	142369253
2021-06-01	0.026768642447418674	-0.009560229445506828	0.032504780114722735	-0.0344168260038242	0.026768642447418674	259701647
2021-05-31	-0.024253731343283562	-0.0018656716417911705	0.03358208955223875	-0.02611940298507473	-0.024253731343283562	262034738
2021-05-28	0.015151515151515164	0.03219696969696968	0.041666666666666616	0.013257575757575642	0.015151515151515164	273262144
2021-05-27	0.005714285714285762	0.0	0.022857142857142878	-0.00952380952380949	0.005714285714285762	188575362
2021-05-26	-0.016853932584269638	-0.005617977528089934	0.018726591760299727	-0.020599250936329482	-0.016853932584269638	232054440
2021-05-25	0.022988505747126457	-0.0019157088122604958	0.03831417624521077	-0.019157088122605297	0.022988505747126457	209433583
2021-05-24	-0.02247191011235957	-0.026217228464419415	-0.0018726591760299227	-0.04119850187265913	-0.02247191011235957	194817029
2021-05-21	0.030888030888030917	-0.00965250965250962	0.05019305019305033	-0.013513513513513398	0.030888030888030917	228748239
2021-05-20	-0.01893939393939404	-0.05492424242424243	-0.009469696969696935	-0.06439393939393936	-0.01893939393939404	261317567
2021-05-19	-0.0311926605504587	-0.02201834862385323	-0.01467889908256882	-0.0422018348623854	-0.0311926605504587	217388658
2021-05-18	0.014897579143389213	0.020484171322160207	0.03910614525139664	0.0074487895716946065	0.014897579143389213	256868956
2021-05-17	0.017045454545454516	0.0018939393939393534	0.03787878787878791	-0.015151515151515164	0.017045454545454516	350771008
2021-05-14	-0.005649717514124174	0.0018832391713748918	0.02071563088512247	-0.02448210922787192	-0.005649717514124174	333568832
2021-05-13	-0.09230769230769231	-0.042735042735042736	-0.041025641025640915	-0.09914529914529917	-0.09230769230769231	491544480
2021-05-12	0.012110726643598512	-0.02422145328719733	0.015570934256055338	-0.034602076124567505	0.012110726643598512	394583408
2021-05-11	0.0	-0.04325259515570934	0.034602076124567505	-0.06401384083044984	0.0	569276272
2021-05-10	0.100952380952381	0.02857142857142864	0.100952380952381	0.0038095238095237284	0.100952380952381	505298288
2021-05-07	0.07581967213114757	0.03073770491803286	0.07581967213114757	0.016393442622950834	0.07581967213114757	495169760
2021-05-06	0.09909909909909898	0.0540540540540539	0.09909909909909898	0.051801801801801696	0.09909909909909898	365865136
2021-04-30	-0.022026431718061595	-0.004405286343612437	-0.0022026431718061203	-0.039647577092510954	-0.022026431718061595	182677865
2021-04-29	0.031818181818181746	0.009090909090909097	0.04999999999999994	-0.006818181818181874	0.031818181818181746	269789712
2021-04-28	-0.009009009009009016	-0.009009009009009016	0.0	-0.029279279279279452	-0.009009009009009016	145335428
2021-04-27	0.013698630136986415	0.01141552511415521	0.02968036529680363	-0.004566210045662003	0.013698630136986415	163507932
2021-04-26	0.023364485981308327	0.004672897196261582	0.0630841121495326	0.002336448598130791	0.023364485981308327	224715843
2021-04-23	0.004694835680751282	0.0	0.009389671361502356	-0.01408450704225343	0.004694835680751282	112109965
2021-04-22	0.01187648456057003	0.014251781472683992	0.03325415676959612	0.009501187648456066	0.01187648456057003	150707879
2021-04-21	-0.004728132387706964	-0.014184397163120683	0.004728132387706754	-0.023640661938534403	-0.004728132387706964	126192269
2021-04-20	-0.004705882352941076	-0.0117647058823529	0.01882352941176472	-0.0235294117647058	-0.004705882352941076	164576722
2021-04-19	0.004728132387706754	-0.007092198581560342	0.007092198581560132	-0.018912529550827437	0.004728132387706754	149721262
2021-04-16	-0.020833333333333297	0.0	0.006944444444444296	-0.0277777777777778	-0.020833333333333297	192383983
2021-04-15	0.03597122302158282	0.004796163069544475	0.045563549160671554	-0.0023980815347721313	0.03597122302158282	256706728
2021-04-14	0.007246376811594264	0.012077294685990511	0.03140096618357486	-0.007246376811594049	0.007246376811594264	150038096
2021-04-13	0.012224938875305581	-0.0024449877750610726	0.02689486552567245	-0.01711491442542794	0.012224938875305581	165182923
2021-04-12	-0.03764705882352944	-0.0117647058823529	-0.007058823529411823	-0.03999999999999998	-0.03764705882352944	211306994
2021-04-09	0.0625	0.050000000000000044	0.08000000000000007	0.03249999999999997	0.0625	355448352
2021-04-08	0.025641025641025664	0.0051282051282051325	0.05128205128205122	0.0	0.025641025641025664	232439051
2021-04-07	0.02362204724409445	-0.005249343832021002	0.03149606299212601	-0.015748031496063006	0.02362204724409445	135970301
2021-04-06	0.0	0.0026246719160104427	0.013123359580052446	0.0	0.0	66916178
2021-04-02	-0.005221932114882511	0.0	0.007832898172323709	-0.018276762402088847	-0.005221932114882511	82559680
2021-04-01	0.01591511936339524	0.005305039787798413	0.021220159151193654	-0.010610079575596827	0.01591511936339524	90173567
2021-03-31	-0.013089005235602049	-0.015706806282722526	-0.007853403141361206	-0.028795811518324575	-0.013089005235602049	106610577
2021-03-30	-0.0026109660574413136	-0.0026109660574413136	0.007832898172323709	-0.026109660574412556	-0.0026109660574413136	104217079
2021-03-29	0.00789473684210533	0.018421052631579022	0.026315789473684237	0.002631578947368482	0.00789473684210533	125397599
2021-03-26	0.016042780748662996	0.005347593582887587	0.0213903743315507	0.0026737967914437933	0.016042780748662996	113221142
2021-03-25	0.01081081081081082	0.002702702702702645	0.029729729729729693	-0.002702702702702765	0.01081081081081082	139412907
2021-03-24	-0.060913705583756285	-0.027918781725888294	-0.017766497461928894	-0.06345177664974619	-0.060913705583756285	223260385
2021-03-23	-0.05060240963855431	0.002409638554216816	0.004819277108433632	-0.06024096385542179	-0.05060240963855431	239458169
2021-03-22	0.0	0.004819277108433632	0.02891566265060222	-0.012048192771084508	0.0	196445926
2021-03-19	-0.02810304449648694	-0.02810304449648694	-0.01405152224824347	-0.046838407494145036	-0.02810304449648694	183499682
2021-03-18	-0.00928074245939676	0.020881670533642867	0.030162412993039626	-0.0116009280742459	-0.00928074245939676	154011525
2021-03-17	-0.029279279279279452	-0.02252252252252264	-0.013513513513513624	-0.040540540540540675	-0.029279279279279452	159142877
2021-03-16	-0.01986754966887414	0.008830022075055195	0.026490066225165584	-0.028697571743929336	-0.01986754966887414	241197574
2021-03-15	0.020270270270270237	0.02252252252252244	0.06756756756756752	0.004504504504504408	0.020270270270270237	338894336
2021-03-12	0.01601830663615567	0.02517162471395888	0.04576659038901606	0.0	0.01601830663615567	408403664
2021-03-11	0.1007556675062972	0.02015113350125935	0.1007556675062972	0.015113350125944598	0.1007556675062972	353709072
2021-03-10	-0.012437810945273478	0.0024875621890548946	0.007462686567164241	-0.02736318407960185	-0.012437810945273478	143004485
2021-03-09	0.0	0.009950248756218916	0.03233830845771164	-0.042288557213930225	0.0	220369799
2021-03-08	-0.01228501228501246	0.024570024570024482	0.044226044226044155	-0.014742014742014864	-0.01228501228501246	202397738
2021-03-05	-0.06221198156682018	-0.055299539170506964	-0.05069124423963128	-0.07603686635944702	-0.06221198156682018	233536305
2021-03-04	-0.018099547511312233	-0.011312217194570096	0.029411764705882328	-0.02714932126696835	-0.018099547511312233	328065760
2021-03-03	0.06763285024154596	0.02898550724637684	0.06763285024154596	0.026570048309178824	0.06763285024154596	288805264
2021-03-02	-0.052631578947368515	-0.011441647597253964	-0.004576659038901708	-0.06178489702517173	-0.052631578947368515	267744568
2021-03-01	0.028235294117647084	0.0117647058823529	0.03294117647058816	-0.007058823529411823	0.028235294117647084	268609824
2021-02-26	-0.059734513274336196	-0.06637168141592917	-0.022123893805309658	-0.07079646017699102	-0.059734513274336196	338546480
2021-02-25	0.06352941176470578	0.06117647058823524	0.08941176470588233	0.03294117647058816	0.06352941176470578	473177088
2021-02-24	-0.02968036529680363	-0.01141552511415521	0.02968036529680363	-0.045662100456621044	-0.02968036529680363	380399200
2021-02-23	0.0045871559633026545	0.0045871559633026545	0.03440366972477052	-0.01376146788990837	0.0045871559633026545	427676592
2021-02-22	0.0845771144278609	0.03731343283582099	0.09950248756218916	0.034825870646766316	0.0845771144278609	494584672
2021-02-19	0.017721518987341617	0.0	0.030379746835443065	-0.020253164556962043	0.017721518987341617	395068400
2021-02-18	0.10027855153203352	0.08635097493036213	0.10027855153203352	0.0779944289693594	0.10027855153203352	373887728
2021-02-10	0.008426966292134776	-0.002808988764045009	0.01966292134831456	-0.02247191011235957	0.008426966292134776	155562015
2021-02-09	0.02890173410404627	0.011560693641618507	0.03468208092485552	0.0057803468208092535	0.02890173410404627	161670314
2021-02-08	0.04216867469879522	0.003012048192771154	0.05421686746987957	0.0	0.04216867469879522	159648099
2021-02-05	0.012195121951219523	0.00914634146341471	0.04878048780487809	0.0060975609756097615	0.012195121951219523	162419742
2021-02-04	-0.015015015015015095	-0.009009009009009084	0.003003003003002939	-0.039039039039039006	-0.015015015015015095	102775315
2021-02-03	0.021472392638036897	0.0	0.046012269938650416	-0.009202453987730001	0.021472392638036897	130026158
2021-02-02	-0.003058103975535239	-0.003058103975535239	0.006116207951070342	-0.015290519877675787	-0.003058103975535239	78608569
2021-02-01	0.02187499999999995	0.0	0.024999999999999883	-0.0062500000000000056	0.02187499999999995	74474559
2021-01-29	-0.012345679012345689	0.0030864197530863537	0.015432098765432042	-0.02777777777777787	-0.012345679012345689	91488572
2021-01-28	-0.027027027027026983	-0.012012012012012022	0.0	-0.033033033033032996	-0.027027027027026983	101216073
2021-01-27	-0.0176991150442478	0.0	0.005899705014749268	-0.0176991150442478	-0.0176991150442478	83415238
2021-01-26	-0.0258620689655172	-0.008620689655172358	0.008620689655172358	-0.03735632183908043	-0.0258620689655172	119000521
2021-01-25	-0.014164305949008449	-0.005665722379603405	0.00849858356940517	-0.022662889518413495	-0.014164305949008449	129022933
2021-01-22	-0.04076086956521749	-0.010869565217391313	-0.005434782608695656	-0.04076086956521749	-0.04076086956521749	173015475
2021-01-21	0.0454545454545455	0.0	0.06534090909090909	-0.008522727272727217	0.0454545454545455	236748838
2021-01-20	0.01734104046242776	-0.0028901734104045626	0.020231213872832325	-0.008670520231213816	0.01734104046242776	104374658
2021-01-19	-0.03621169916434538	-0.005571030640668529	-0.005571030640668529	-0.04735376044568243	-0.03621169916434538	138341101
2021-01-18	0.011267605633802828	0.0	0.01690140845070424	-0.011267605633802828	0.011267605633802828	94455015
2021-01-15	-0.002808988764045009	0.005617977528089893	0.025280898876404456	-0.014044943820224793	-0.002808988764045009	130263658
2021-01-14	-0.024657534246575304	-0.010958904109589052	0.024657534246575425	-0.024657534246575304	-0.024657534246575304	150476329
2021-01-13	0.0027472527472526885	-0.005494505494505499	0.035714285714285685	-0.013736263736263809	0.0027472527472526885	160066088
2021-01-12	0.01111111111111112	-0.008333333333333403	0.01111111111111112	-0.019444444444444525	0.01111111111111112	137948615
2021-01-11	-0.08396946564885498	-0.01781170483460567	-0.01781170483460567	-0.09414758269720104	-0.08396946564885498	268370552
2021-01-08	-0.01749999999999996	-0.0050000000000000044	-0.0050000000000000044	-0.04249999999999998	-0.01749999999999996	221534844
2021-01-07	0.07238605898123325	-0.005361930294906171	0.09919571045576399	-0.010723860589812341	0.07238605898123325	347012720
2021-01-06	-0.018421052631578907	0.0	0.010526315789473694	-0.02105263157894727	-0.018421052631578907	129338950
