2024-12-31	-0.061676331049024744	0.0015814443858724902	0.002284308557371333	-0.061676331049024744	-0.061676331049024744	36654416
2024-12-30	0.01661307609860664	0.011164701679171133	0.03394069310468035	-0.014916041443372522	0.01661307609860664	32104010
2024-12-27	-0.026434782608695705	-8.695652173917492e-05	0.021739130434782608	-0.03052173913043483	-0.026434782608695705	40396885
2024-12-26	0.04774052478134106	-0.01147959183673474	0.05575801749271128	-0.016126093294460735	0.04774052478134106	48428440
2024-12-25	0.016296296296296343	0.009259259259259259	0.05555555555555555	-0.00037037037037042825	0.016296296296296343	49478897
2024-12-24	0.006993006993006993	0.006993006993006993	0.016223776223776177	-0.04130536130536137	0.006993006993006993	56896208
2024-12-23	-0.052561837455830415	0.030565371024734927	0.03356890459363955	-0.052561837455830415	-0.052561837455830415	59923433
2024-12-20	0.00936246098974585	-0.012929112795363377	0.021845742309406942	-0.023183236736513672	0.00936246098974585	66829266
2024-12-19	0.08830664725861241	0.0334788937409025	0.10004852013585641	0.018922852983988384	0.08830664725861241	104783629
2024-12-18	0.10002134927412457	-0.004056362083689258	0.10002134927412457	-0.004056362083689258	0.10002134927412457	57622684
2024-12-17	-0.0308297123939581	-0.015104489964825097	0.003517483964411374	-0.036209393751293194	-0.0308297123939581	39121516
2024-12-16	0.03957840395784031	-0.015057001505700211	0.07550010755001071	-0.02032695203269521	0.03957840395784031	89943490
2024-12-13	0.0999645096415474	-0.006269963326629612	0.0999645096415474	-0.008399384833786916	0.0999645096415474	80388117
2024-12-12	0.0038000237501485267	0.00011875074219219946	0.010093813086331891	-0.009856311601947493	0.0038000237501485267	15534949
2024-12-11	0.006213406619667774	-0.004660054964750873	0.015653005138009348	-0.007288803919225708	0.006213406619667774	13704544
2024-12-10	0.004440710513682244	0.03072491598655788	0.03504560729716757	0.00012001920307255301	0.004440710513682244	22781053
2024-12-09	-0.03093742730867656	-0.010118632240055879	-0.0023261223540358552	-0.036985345429169654	-0.03093742730867656	21996964
2024-12-06	0.010578279266572704	-0.00035260930888576797	0.013164080865068225	-0.00905030559473432	0.010578279266572704	15601840
2024-12-05	-0.00919995341795745	0.00011645510655631658	0.003260742983579843	-0.015372074065447855	-0.00919995341795745	15354915
2024-12-04	0.02568084089823227	0.02508361204013371	0.04634495938843759	0.01958910654562829	0.02568084089823227	31331614
2024-12-03	-0.01250294880868132	0.003302665723047902	0.00389242745930642	-0.020877565463552676	-0.01250294880868132	16622375
2024-12-02	-0.011657729074376311	-0.020750757752389846	-0.005595709955700676	-0.027395663324784266	-0.011657729074376311	23990197
2024-11-29	0.006335053965274593	-0.005044580009385179	0.024401689347724055	-0.015603003284842779	0.006335053965274593	16104599
2024-11-28	0.002823529411764646	0.0034117647058824266	0.0170588235294118	-0.0058823529411764705	0.002823529411764646	14304781
2024-11-27	0.021389089161259325	-0.00240326844508535	0.021389089161259325	-0.015861571737563005	0.021389089161259325	13866877
2024-11-26	-0.008223096174472623	-0.008461446788225406	0.0054820641163151945	-0.009414849243236706	-0.008223096174472623	8780355
2024-11-25	-0.005570040293908496	0.007347712728134683	0.012562218535197942	-0.02583550604408619	-0.005570040293908496	14196156
2024-11-22	-0.04461050724637679	0.00011322463768121736	0.007472826086956644	-0.045516304347826046	-0.04461050724637679	17145648
2024-11-21	0.00011323745895131814	0.00011323745895131814	0.009738421469822211	-0.010531083682482243	0.00011323745895131814	12234407
2024-11-20	-0.005069851284362357	-0.005069851284362357	0.001802613789995455	-0.014082920234339791	-0.005069851284362357	12417981
2024-11-19	0.0266018968309046	0.007055285681239873	0.028799444829979287	-0.006592643997224071	0.0266018968309046	16317517
2024-11-18	-0.03493693492577307	-0.0010045764036165131	0.008259850429735404	-0.041299252148677336	-0.03493693492577307	20314058
2024-11-15	-0.02851875948818039	0.0004337453914552836	0.021795705920624648	-0.03328995879418774	-0.02851875948818039	21198816
2024-11-14	-0.04246703353753508	-0.0042570864915377074	-0.0042570864915377074	-0.04475132385006751	-0.04246703353753508	19403530
2024-11-13	-0.005678298575263237	-0.00960148668180872	-0.0006194507536651071	-0.030559570514144062	-0.005678298575263237	21244900
2024-11-12	-0.02299778091587655	0.0008069396812588087	0.003530361105507306	-0.031168045188622186	-0.02299778091587655	29664817
2024-11-11	0.03833263510682862	0.0020946795140343822	0.04409300377042306	0.00188521156263084	0.03833263510682862	40235612
2024-11-08	-0.01200331125827811	0.010347682119205299	0.0274213576158941	-0.016970198675496696	-0.01200331125827811	36673219
2024-11-07	0.022429115531104576	0.00169276343630989	0.028142192128650136	-0.005395683453237314	0.022429115531104576	29854689
2024-11-06	0.026498696785403973	0.09969591659426594	0.09969591659426594	0.01813640312771505	0.026498696785403973	49902103
2024-11-05	0.023111111111111093	0.002222222222222254	0.03044444444444439	-0.005444444444444387	0.023111111111111093	28777210
2024-11-04	0.042873696407879525	0.0034762456546928986	0.053186558516801895	0.0	0.042873696407879525	24716399
2024-11-01	-0.0429189309082844	-0.007652212487523541	-0.0029943440168570036	-0.044249750471331874	-0.0429189309082844	22223191
2024-10-31	0.015885534024335245	-0.00011266336187477597	0.02298332582244245	-0.017575484452456085	0.015885534024335245	28035452
2024-10-30	0.0018058690744922213	-0.005869074492099278	0.020767494356659182	-0.009706546275395028	0.0018058690744922213	19984518
2024-10-29	-0.02379903040987231	0.0026443367122079646	0.011899515204936076	-0.02379903040987231	-0.02379903040987231	25767835
2024-10-28	0.018059450364554114	-0.00011217049915877863	0.027930454290521534	-0.0097588334268088	0.018059450364554114	24488105
2024-10-25	0.009626274065685262	0.0028312570781426957	0.022650056625141565	-0.012457531143827796	0.009626274065685262	21559241
2024-10-24	0.003409090909090877	-0.0054545454545455	0.01761363636363633	-0.011249999999999942	0.003409090909090877	18743117
2024-10-23	-0.009009009009008978	-0.009009009009008978	0.008445945945945946	-0.011711711711711623	-0.009009009009008978	19867696
2024-10-22	-0.012455516014234926	-0.012121886120996479	0.006227758007117463	-0.023576512455516063	-0.012455516014234926	25415141
2024-10-21	0.024846136311830486	0.05413722361522681	0.060975609756097664	0.022110781855482244	0.024846136311830486	48779368
2024-10-18	0.06493506493506486	-0.0023061051098434	0.09236557834688675	-0.0046122102196868	0.06493506493506486	36143165
2024-10-17	-0.008305247953779462	0.007221954742417051	0.025517573423206603	-0.008425613866153139	-0.008305247953779462	17252313
2024-10-16	-0.022588235294117666	-0.023529411764705882	-0.006235294117647072	-0.033529411764705815	-0.022588235294117666	18382604
2024-10-15	-0.013005109150023276	0.0001161170459822446	0.027055271713887576	-0.01823037621922907	-0.013005109150023276	24654037
2024-10-14	0.025238095238095292	0.0	0.027142857142857156	-0.029999999999999954	0.025238095238095292	28720800
2024-10-11	-0.046321525885558566	-0.017938237965485902	-0.0021571298819254964	-0.059150772025431356	-0.046321525885558566	26759269
2024-10-10	-0.05392051557465087	0.004403866809881964	0.01793770139634803	-0.0706766917293233	-0.05392051557465087	43039970
2024-10-09	-0.042279600864108625	-0.0011315708260466973	0.04042793951239591	-0.0535953091245756	-0.042279600864108625	60829780
2024-10-08	0.10003394817245659	0.10003394817245659	0.10003394817245659	0.03485345705556182	0.10003394817245659	42265565
2024-09-30	0.09912935323383082	0.06156716417910433	0.0999999999999999	0.02002487562189054	0.09912935323383082	41920744
2024-09-27	0.0681546432841771	0.01501262123023794	0.06855320844958165	0.0062441875913378355	0.0681546432841771	18296278
2024-09-26	0.08380129589632819	0.007631389488840908	0.0839452843772498	0.0051835853131749375	0.08380129589632819	28858952
2024-09-25	0.015350877192982414	0.01184210526315772	0.04590643274853801	0.007748538011695922	0.015350877192982414	21660755
2024-09-24	0.05020727775218809	0.010440657147244079	0.050360816827882716	-0.0019960079840318666	0.05020727775218809	19155435
2024-09-23	-0.0024506049931078385	0.0	0.01792004901209967	-0.0068923265431153746	-0.0024506049931078385	7621567
2024-09-20	-0.0033582659136009592	0.0024423752098915673	0.007785070981529398	-0.01389100900625875	-0.0033582659136009592	8135227
2024-09-19	0.011268910157456066	0.008027168879283668	0.024235875270145	-0.00524853349799326	0.011268910157456066	10680573
2024-09-18	-0.00796324655436441	0.0007656967840734634	0.01071975497702914	-0.01791730474732009	-0.00796324655436441	8693296
2024-09-13	-0.02245508982035928	0.0	0.004191616766467083	-0.02245508982035928	-0.02245508982035928	10362866
2024-09-12	-0.012418687167356644	0.005322294500295675	0.012123004139562289	-0.012418687167356644	-0.012418687167356644	7182167
2024-09-11	-0.004269100544678437	-0.004857941999116921	0.0023553658177535193	-0.013690563815692725	-0.004269100544678437	7740953
2024-09-10	0.004287403903016059	0.0035481963335303795	0.011235955056179851	-0.01833234772324061	0.004287403903016059	10247245
2024-09-09	-0.003535651149086548	-0.007513258691808941	0.013406010606953607	-0.009133765468473635	-0.003535651149086548	6195010
2024-09-06	-0.021761060671566582	0.0007205649228995123	0.002882259691598254	-0.021761060671566582	-0.021761060671566582	7428440
2024-09-05	0.00798954096455545	0.0023242300987797297	0.017576990122021987	-0.00029052876234762103	0.00798954096455545	7572898
2024-09-04	-0.016852327906312376	-0.014138817480719722	-0.001999428734647252	-0.020708369037417924	-0.016852327906312376	9824716
2024-09-03	0.021593230230522172	0.009775313685438975	0.03107674350744084	0.005544207761890799	0.021593230230522172	9534208
2024-09-02	-0.053053329649074187	0.0	0.0	-0.053329649074329924	-0.053053329649074187	15040989
2024-08-30	0.03399999999999993	0.0	0.041857142857142954	-0.0017142857142857792	0.03399999999999993	17053794
2024-08-29	0.0007147962830592875	-0.0035739814152966403	0.015725518227305137	-0.01686919228020024	0.0007147962830592875	10725590
2024-08-28	-0.003986900185106096	0.0	0.007261853908585945	-0.00825857895486257	-0.003986900185106096	7639058
2024-08-27	-0.014730639730639691	-0.00014029180695854538	0.0039281705948372775	-0.01795735129068464	-0.014730639730639691	9216904
2024-08-26	-0.014925373134328335	0.003593145384190231	0.007186290768380265	-0.018518518518518566	-0.014925373134328335	10119834
2024-08-23	-0.017515274949083587	-0.008825526137135175	-0.0020366598778004843	-0.022131704005431223	-0.017515274949083587	11164297
2024-08-22	-0.004595215569671431	0.005270982565211523	0.010136504933099068	-0.018651169076902223	-0.004595215569671431	14704266
2024-08-21	-0.06613656443266451	-0.00833017796289298	-0.00833017796289298	-0.06638899406790363	-0.06613656443266451	27929610
2024-08-20	0.003165358318561661	0.006204102304380791	0.010382375284882162	-0.007976702962775507	0.003165358318561661	8279687
2024-08-19	0.001013941698352323	-0.0038022813688214367	0.011280101394169842	-0.007351077313054657	0.001013941698352323	6817317
2024-08-16	0.001904761904761977	0.004190476190476169	0.01701587301587306	-0.001142857142857186	0.001904761904761977	8424192
2024-08-15	0.006647066342835178	-0.000383484596702047	0.026076952575738103	-0.005240956154927915	0.006647066342835178	9914579
2024-08-14	-0.009245187436676669	0.0005065856129686709	0.004432624113475286	-0.010764944275582502	-0.009245187436676669	6314456
2024-08-13	0.009847806624888043	0.005243637293771539	0.012405678475508363	-0.007801509144391859	0.009847806624888043	7006975
2024-08-12	0.0008960573476701635	-0.0044802867383513635	0.006784434203789057	-0.007296466973886423	0.0008960573476701635	6011610
2024-08-09	0.007090369988397724	0.01585664561041645	0.02488075286837704	0.005543380172747285	0.007090369988397724	11723319
2024-08-08	0.008057179987004422	-0.008836907082521207	0.01559454191033142	-0.024301494476933132	0.008057179987004422	14485945
2024-08-07	-0.01573292402148892	-0.0016628293681249637	0.0028140189306727916	-0.019442312611921336	-0.01573292402148892	9295136
2024-08-06	0.006695853721349604	0.016997167138810294	0.02343548802472325	-0.00939994849343278	0.006695853721349604	12730323
2024-08-05	-0.06501324343847828	-0.02444016373705756	-0.0067421141343607304	-0.06561521791476045	-0.06501324343847828	23258132
2024-08-02	-0.04242563984320951	-0.017293059718699565	-0.007724233341019158	-0.04415494581507953	-0.04242563984320951	13156249
2024-08-01	0.008839264945336019	0.003721795766457236	0.019655733891602672	-0.004419632472668174	0.008839264945336019	13555527
2024-07-31	0.036028437161103856	-0.00710929027593673	0.03687191227858781	-0.01192914809013128	0.036028437161103856	16042966
2024-07-30	0.005330102967898216	-0.003997577225923662	0.013446396123561471	-0.023622047244094523	0.005330102967898216	12352303
2024-07-29	-0.02203530387394858	0.0	0.009003672550645719	-0.022627650752280497	-0.02203530387394858	12616257
2024-07-26	0.00011848341232216712	0.0035545023696682125	0.01327014218009467	-0.013507109004739342	0.00011848341232216712	11913837
2024-07-25	-0.022016222479721802	-0.0005793742757821223	-0.0005793742757821223	-0.03012746234067201	-0.022016222479721802	12745554
2024-07-24	-0.02902790279027901	-0.002025202520251942	0.012713771377137823	-0.032403240324032356	-0.02902790279027901	16962596
2024-07-23	-0.058175267563844536	0.00010596587898686981	0.003073010490621935	-0.058175267563844536	-0.058175267563844536	19479001
2024-07-22	-0.016979166666666618	0.0007291666666665956	0.007395833333333268	-0.02520833333333335	-0.016979166666666618	12213376
2024-07-19	0.02127659574468085	-0.010531914893616967	0.035000000000000066	-0.011702127659574407	0.02127659574468085	16018096
2024-07-18	-0.020833333333333332	-0.017604166666666643	-0.0010416666666666075	-0.0625	-0.020833333333333332	20597174
2024-07-17	-0.020308194713746248	0.0001020512297173703	0.002041024594346391	-0.02122665578120215	-0.020308194713746248	10274739
2024-07-16	0.008127572016460824	-0.0051440329218107	0.01440329218106987	-0.01934156378600833	0.008127572016460824	14101155
2024-07-15	-0.001540832049306538	-0.0035952747817154015	0.010272213662044172	-0.008217770929635307	-0.001540832049306538	7949222
2024-07-12	-0.004804743406256378	-0.012369658556532343	0.0038846861582499457	-0.025761602944183153	-0.004804743406256378	10475798
2024-07-11	0.008037922506182881	0.012984336356141702	0.02906018136850776	-0.015663643858202906	0.008037922506182881	15758720
2024-07-10	0.00643020120306995	0.0004148516905205563	0.015556938394523958	-0.006637627048330228	0.00643020120306995	14493568
2024-07-09	0.04849934754240983	0.0004349717268378236	0.05480643758155727	-0.013701609395389202	0.04849934754240983	20846816
2024-07-08	0.0013066202090591282	0.012304006968641064	0.019054878048780487	-0.0018510452961672658	0.0013066202090591282	11883652
2024-07-05	0.0026200873362446407	0.0	0.009825327510917093	-0.03296943231441044	0.0026200873362446407	14475001
2024-07-04	-0.000981568328061985	-0.0005453157378121623	0.02508452393936086	-0.004253462754935114	-0.000981568328061985	11445590
2024-07-03	0.016406163396519277	-0.0021061966522558226	0.02538521228245213	-0.008868196430550906	0.016406163396519277	13029988
2024-07-02	-0.044486812837623166	-0.00423683931786878	-0.00423683931786878	-0.048723652155491945	-0.044486812837623166	18359135
2024-07-01	-0.01265425643170893	-0.005856515373352879	0.0038694833716794636	-0.05302238025517682	-0.01265425643170893	15848340
2024-06-28	0.015074309978768595	-0.012208067940552077	0.021656050955413928	-0.012632696390658149	0.015074309978768595	16069384
2024-06-27	0.01072961373390558	-0.011695278969957118	0.03497854077253209	-0.012875536480686725	0.01072961373390558	20637172
2024-06-26	0.03613118399110617	0.007893274041133894	0.0428015564202334	-0.006559199555308542	0.03613118399110617	15530505
2024-06-25	-0.02704164413196322	-0.004867495943753411	0.011357490535424522	-0.03764196863169285	-0.02704164413196322	21070142
2024-06-24	-0.021693121693121663	-0.0031746031746031447	0.022433862433862483	-0.024021164021163978	-0.021693121693121663	18387667
2024-06-21	0.016129032258064516	-0.020645161290322598	0.021505376344086023	-0.026881720430107527	0.016129032258064516	17103753
2024-06-20	-0.01805511561609116	-0.007496568472178162	0.009397106958082574	-0.02069475240206941	-0.01805511561609116	16626929
2024-06-19	0.011858974358974353	0.017094017094017186	0.03792735042735055	0.0005341880341881557	0.011858974358974353	21226048
2024-06-18	-0.007212558336868974	-0.000848536274925735	0.012834111158251948	-0.01962240135765798	-0.007212558336868974	19500928
2024-06-17	0.039929406574012845	-0.003970880211780272	0.04776086476946833	-0.007390249283035537	0.039929406574012845	24311161
2024-06-14	0.01865168539325839	-0.0056179775280898875	0.0188764044943821	-0.02415730337078658	0.01865168539325839	19235018
2024-06-13	0.027713625866050876	0.015011547344110986	0.05461893764434185	0.010969976905311811	0.027713625866050876	27153434
2024-06-12	-0.01096391046139799	-0.0061671996345363895	0.012791228871630934	-0.0143901324805848	-0.01096391046139799	18921814
2024-06-11	0.04912532949916138	0.006470165348670097	0.04936496525281578	0.0016774502755811237	0.04912532949916138	23333784
2024-06-07	0.0037282020444977517	0.005051112447384095	0.02585688514732401	-0.009019843656043294	0.0037282020444977517	13729946
2024-06-06	-0.019110534387165156	0.01002713224017941	0.016869175415831154	-0.022295623451692823	-0.019110534387165156	18498410
2024-06-05	-0.006213364595545149	-0.004103165298944834	0.018053927315357637	-0.006799531066822958	-0.006213364595545149	12739065
2024-06-04	-0.01009632122548456	0.0	0.007079029824764993	-0.02309388418243002	-0.01009632122548456	14370434
2024-06-03	0.0368186740464445	0.01082902177836609	0.047046083503790116	0.0046925761039586155	0.0368186740464445	24898109
2024-05-31	0.008861374119932071	0.001335275552318517	0.03168244719592134	-0.004248604030104326	0.008861374119932071	16715105
2024-05-30	0.024117354549975108	-0.0007458975634013212	0.031576330183988144	-0.013550472401790198	0.024117354549975108	15428912
2024-05-29	-0.015301750520259519	-0.008201738278859123	0.003550006120700285	-0.02068796670339084	-0.015301750520259519	10737034
2024-05-28	0.002577319587628789	-0.00110456553755527	0.045164457535591465	-0.0056455571919490416	0.002577319587628789	22107670
2024-05-27	0.03664122137404593	0.0030534351145039326	0.03715012722646313	-0.02022900763358765	0.03664122137404593	18354356
2024-05-24	-0.032734432685208106	-0.002092050209205042	0.007629830174747604	-0.03630322421855775	-0.032734432685208106	18008872
2024-05-23	-0.015388343632618394	0.0	0.012964982430631202	-0.0158730158730159	-0.015388343632618394	12084767
2024-05-22	-0.004703328509406664	0.0	0.0060299083453931495	-0.019898697539797464	-0.004703328509406664	12437459
2024-05-21	0.00290275761973869	-0.002177068214804146	0.019956458635703812	-0.007014997581035467	0.00290275761973869	10591201
2024-05-20	-0.002292747677084563	-0.0002413418607458698	0.006274888379389357	-0.016290575600337982	-0.002292747677084563	12259048
2024-05-17	0.01618638871857765	0.0012262415695893137	0.017780502759043568	-0.009196811771919068	0.01618638871857765	13686007
2024-05-16	-0.02241668664588833	0.0069527691201150595	0.012946535602972887	-0.029009829777031905	-0.02241668664588833	18224707
2024-05-15	-0.036942969291156806	0.0010390210113136596	0.0019625952435927234	-0.04132994689448162	-0.036942969291156806	17066814
2024-05-14	0.003475440222428306	0.003475440222428306	0.01019462465245609	-0.01413345690454123	0.003475440222428306	18139577
2024-05-13	0.04642987028730754	-0.018062795490362406	0.06158322220875256	-0.02085101224390834	0.04642987028730754	27023946
2024-05-10	-0.0012108003390241982	0.0025426807119505236	0.03523428986560112	-0.008475602373168698	-0.0012108003390241982	23419768
2024-05-09	0.007317965605561758	-0.005854372484449199	0.018416880107330225	-0.006708135138431482	0.007317965605561758	16650087
2024-05-08	-0.02427704391288833	-0.0003570153516601349	-0.0003570153516601349	-0.029870284422230216	-0.02427704391288833	18668070
2024-05-07	0.025506468147424986	0.0004881620698072523	0.061630461313155936	-0.0018306077617768059	0.025506468147424986	27886862
2024-05-06	0.04050793650793648	0.016126984126984076	0.053079365079365164	0.016126984126984076	0.04050793650793648	24131969
2024-04-30	0.0	-0.0005079365079365874	0.02349206349206342	-0.006730158730158744	0.0	17926047
2024-04-29	0.0006353240152477402	0.0	0.028843710292248994	-0.002922490470139822	0.0006353240152477402	28811533
2024-04-26	0.020619893658410108	-0.00012968486577623028	0.033329010504474225	-0.002334327583970855	0.020619893658410108	25022732
2024-04-25	-0.010141206675224727	-0.010141206675224727	0.017586649550705907	-0.011424903722721444	-0.010141206675224727	21455033
2024-04-24	0.045637583892617524	0.010067114093959731	0.05127516778523481	0.010067114093959731	0.045637583892617524	29444411
2024-04-23	-0.019220642443391178	-0.0034228541337544883	0.004476040021063763	-0.02474986835176403	-0.019220642443391178	19473399
2024-04-22	0.02523957349169915	-0.05047914698339869	0.028073964097718965	-0.0674854906195168	0.02523957349169915	36890346
2024-04-19	-0.025131578947368376	-0.009210526315789511	-0.006578947368421052	-0.044078947368420975	-0.025131578947368376	22347182
2024-04-18	0.0031678986272438603	0.009899683210137275	0.021647307286166848	-0.004355860612460379	0.0031678986272438603	27641979
2024-04-17	0.10004356033105852	0.023667779875126985	0.10004356033105852	0.013503702628139866	0.10004356033105852	34327549
2024-04-16	-0.05915300546448085	-0.007103825136611968	-0.007103825136611968	-0.06010928961748641	-0.05915300546448085	18105146
2024-04-15	-0.008801624915368877	-0.011509817197020912	-0.0009478672985781067	-0.024102911306702793	-0.008801624915368877	20979199
2024-04-12	0.05229410088344239	-0.0054146480478770255	0.08634938728982598	-0.008264462809917533	0.05229410088344239	35840065
2024-04-11	0.0566094549834388	0.0027100271002708913	0.08897922312556454	0.0027100271002708913	0.0566094549834388	33596868
2024-04-10	-0.04910522548317814	0.002147458840372308	0.005869720830350907	-0.05211166785969937	-0.04910522548317814	17433099
2024-04-09	0.0015772870662460487	0.0008603383997706091	0.01648981932893613	-0.010610840263837037	0.0015772870662460487	11952312
2024-04-08	-0.026113671274961663	-0.0029325513196480067	0.005446166736489325	-0.026113671274961663	-0.026113671274961663	15821765
2024-04-03	-0.004033379694019558	-0.007510431154381172	0.027399165507649495	-0.0350486787204452	-0.004033379694019558	23837759
2024-04-02	-0.007454445057978908	0.020016565433462214	0.021673108779679838	-0.013666482606294795	-0.007454445057978908	16482731
2024-04-01	0.007930986503408838	0.0011131209127591246	0.011131209127591444	-0.012105189926255802	0.007930986503408838	17932957
2024-03-29	-0.012096219931271416	-0.00013745704467360985	-0.00013745704467360985	-0.03161512027491405	-0.012096219931271416	14497340
2024-03-28	0.028268551236749116	0.0	0.038303886925794964	-0.015123674911660681	0.028268551236749116	17020041
2024-03-27	-0.07480057538904145	-0.006669282071400617	-0.003138485680659015	-0.07780829083300644	-0.07480057538904145	24253899
2024-03-26	0.039983680130558925	0.015231878144974903	0.08336733306133545	0.011831905344757303	0.039983680130558925	30206875
2024-03-25	-0.0618780301097218	-0.017351365144169423	-0.012248022454707755	-0.06430211788721603	-0.0618780301097218	26722382
2024-03-22	-0.02208359326263269	0.010605115408608787	0.02844666250779789	-0.02320648783530879	-0.02208359326263269	31645246
2024-03-21	0.039559014267185624	0.029053177691310106	0.06770428015564202	0.015564202334630389	0.039559014267185624	37843922
2024-03-20	-0.0014246859215127502	-0.005698743686051001	0.008289081725165142	-0.018650433881621523	-0.0014246859215127502	15425847
2024-03-19	-0.00873026062395695	0.00012838618564649012	0.026447554243163463	-0.012710232378995955	-0.00873026062395695	22380477
2024-03-18	0.006070782743477123	0.0029708085765952465	0.01394988375096872	-0.009816584861792885	0.006070782743477123	21306486
2024-03-15	0.0031096138896086404	-0.0023322104172066186	0.007514900233221019	-0.02332210417206545	0.0031096138896086404	18226787
2024-03-14	-0.014932992980216817	-0.010210593490746614	0.0034460753031271252	-0.025398851308232228	-0.014932992980216817	17770735
2024-03-13	-0.008227848101265894	0.012658227848101266	0.017721518987341846	-0.021518987341772187	-0.008227848101265894	29531018
2024-03-12	0.05855554066729204	0.004555808656036492	0.0999598016883292	-0.0018759212113091327	0.05855554066729204	44915090
2024-03-11	0.04231843575418996	-0.012290502793296026	0.04469273743016764	-0.021648044692737393	0.04231843575418996	19419285
2024-03-08	0.015314804310833782	0.007231990924560482	0.027793533749291097	-0.0007090187180941174	0.015314804310833782	12336319
2024-03-07	-0.03171769875051493	0.0019222847727584866	0.018810929561993747	-0.031992310860908944	-0.03171769875051493	15181523
2024-03-06	-0.0192566657689201	-0.0035012119579855253	-0.00013466199838412492	-0.029356315647724302	-0.0192566657689201	14820036
2024-03-05	-0.008941678900306975	-0.011077005204858032	0.01014279994661672	-0.015214199919925269	-0.008941678900306975	16705729
2024-03-04	-0.010955649419218562	0.005543822597676896	0.011879619852164618	-0.021251319957761344	-0.010955649419218562	19293767
2024-03-01	0.03398389518220294	0.0013648150675584622	0.04626723079022793	-0.0015012965743141727	0.03398389518220294	24492835
2024-02-29	0.04821173104434893	-0.008583690987124585	0.04864091559370517	-0.011301859799713966	0.04821173104434893	22964032
2024-02-28	-0.0578245046502223	0.0014826796064159515	0.019005256773149976	-0.05903760614638085	-0.0578245046502223	24215016
2024-02-27	0.0396580717488789	-0.006165919282511179	0.04582399103139008	-0.015414798206277948	0.0396580717488789	23433466
2024-02-26	-0.008613503751042018	0.0002778549597109755	0.011669908307863144	-0.016393442622950914	-0.008613503751042018	18635305
2024-02-23	-0.0077198786876206535	0.0001378549765645286	0.0106148331954783	-0.021367521367521524	-0.0077198786876206535	26247608
2024-02-22	0.04720658293633623	-0.01833405514652802	0.05442471488378823	-0.021221307925508862	0.04720658293633623	30134313
2024-02-21	-0.012544547398432068	-0.03777619387027805	0.020669992872416085	-0.03991446899501085	-0.012544547398432068	34144703
2024-02-20	0.04779686333084395	-0.011351755041075506	0.07572815533980572	-0.03764002987303952	0.04779686333084395	30158154
2024-02-19	-0.02305559608930393	0.0002918429884721439	0.006712388734860554	-0.05486648183277404	-0.02305559608930393	26161136
2024-02-08	0.10000000000000007	0.007704654895666196	0.10000000000000007	0.007223113964687044	0.10000000000000007	21011024
2024-02-07	0.005487411233053523	0.00306649451258873	0.025984506132989017	-0.009360877985797262	0.005487411233053523	17746534
2024-02-06	0.0697513812154696	-0.005006906077348052	0.07044198895027622	-0.015883977900552515	0.0697513812154696	17348952
2024-02-05	-0.03755400465270851	-0.0031571950814223617	-0.0029910269192422686	-0.08275174476570284	-0.03755400465270851	18284040
2024-02-02	-0.04943926709840472	0.006160164271047237	0.012004422682040607	-0.08387300584425844	-0.04943926709840472	18211986
2024-02-01	0.012960000000000036	-0.0012799999999999728	0.05103999999999996	-0.009440000000000054	0.012960000000000036	15342504
2024-01-31	-0.043611323641928	-0.005355776587605116	0.007039020657995531	-0.04498852333588367	-0.043611323641928	14230693
2024-01-30	-0.019946010797840617	-0.0023995200959809654	0.009148170365926805	-0.024445110977804583	-0.019946010797840617	9885278
2024-01-29	-0.029826858722537423	-0.012076240360832217	0.008293321693583489	-0.04394005528881144	-0.029826858722537423	19437408
2024-01-26	-0.073220064724919	-0.029126213592232966	-0.029126213592232966	-0.08306364617044225	-0.073220064724919	29918652
2024-01-25	0.028571428571428605	-0.0031900138696253784	0.030513176144244147	-0.010263522884882038	0.028571428571428605	11939188
2024-01-24	-0.015430834357503887	0.007783695206882332	0.009695479994537673	-0.04547316673494467	-0.015430834357503887	13124861
2024-01-23	0.013003181629547623	0.0001383317194631471	0.02365472402821958	-0.004011619864435001	0.013003181629547623	9923749
2024-01-22	-0.03971838469713064	-0.002391073326248762	0.0029224229543039167	-0.05286928799149846	-0.03971838469713064	12616436
2024-01-19	-0.008560516264980977	-0.005004609508758194	0.007375214012906466	-0.012248123271434305	-0.008560516264980977	8170013
2024-01-18	0.021525628951971056	-0.006188618323691561	0.024889008475716515	-0.02044934750437234	0.021525628951971056	13784603
2024-01-17	-0.02811192468619254	-0.006276150627615115	0.003922594142259377	-0.028242677824267922	-0.02811192468619254	8126423
2024-01-16	-0.0009144350097974289	-0.0019595035924231414	0.004833442194644083	-0.023383409536250715	-0.0009144350097974289	11077803
2024-01-15	-0.0006527415143602762	-0.005874673629242672	0.02219321148825069	-0.014360313315926819	-0.0006527415143602762	9691794
2024-01-12	-0.016182892370922235	-0.006293347033136333	-0.0024402774210120436	-0.019650655021834076	-0.016182892370922235	7963537
2024-01-11	0.016714546879080715	-0.005484460694698377	0.020632018803865216	-0.0058762078871768455	0.016714546879080715	10206702
2024-01-10	-0.014414414414414472	-0.00733590733590743	0.0023166023166022215	-0.02380952380952392	-0.014414414414414472	9530840
2024-01-09	0.0011596443757248217	0.0050251256281407105	0.01520422625950273	-0.016106171885066356	0.0011596443757248217	12295609
2024-01-08	-0.026223337515683856	-0.008782936010037677	0.002258469259723872	-0.03776662484316192	-0.026223337515683856	17052819
2024-01-05	-0.01968019680196795	-0.007995079950799403	0.011685116851168548	-0.035793357933579295	-0.01968019680196795	17185508
2024-01-04	-0.05531024866372304	-0.0039507320474088245	-0.0023239600278875533	-0.0704159888449919	-0.05531024866372304	21178745
2024-01-03	-0.04356523671927097	-0.002000444543231905	-0.0008890864636585718	-0.05690153367414986	-0.04356523671927097	16606379
2024-01-02	-0.026085074142223146	0.00010823682216695656	0.00010823682216695656	-0.02749215283039297	-0.026085074142223146	8930619
2023-12-29	-0.001189189189189183	-0.002162162162162193	0.010810810810810811	-0.0067027027027027515	-0.001189189189189183	8548055
2023-12-28	0.018385995816360252	-0.0009908620499835233	0.026863371132885585	-0.016404271716393207	0.018385995816360252	11209263
2023-12-27	0.018958940991698425	0.0012340139107022596	0.03208436167825891	0.0012340139107022596	0.018958940991698425	10892918
2023-12-26	-0.019577650681918184	0.0	0.0019797624285084977	-0.023207215134183893	-0.019577650681918184	5959556
2023-12-25	-0.0021949078138718487	-0.006804214223002683	0.006694468832309036	-0.012401229148375874	-0.0021949078138718487	5022404
2023-12-22	-0.006216599411058929	0.014178209183116994	0.02464827134911119	-0.01188788308430585	-0.006216599411058929	8227364
2023-12-21	0.005813953488372106	-0.004058797718297393	0.018538832821412877	-0.008336989907854222	0.005813953488372106	6951757
2023-12-20	-0.028973157221985502	-0.0013847464848742593	0.0009586706433745571	-0.0362164465274818	-0.028973157221985502	9380117
2023-12-19	0.013385146804835869	-0.0028065630397237167	0.025474956822107073	-0.004317789291882618	0.013385146804835869	7828817
2023-12-18	-0.015933715742511154	-0.009878903760356987	-0.0037178670065858756	-0.019864032292330618	-0.015933715742511154	5833148
2023-12-15	-0.010198717274734505	0.002628535380086216	0.006834191988224221	-0.016822626432551724	-0.010198717274734505	8561626
2023-12-14	0.019399785637727786	0.011897106109324753	0.03397642015005361	0.005787781350482382	0.019399785637727786	13008465
2023-12-13	-0.0034180730613117645	-0.0050202948088015256	0.016342661824396507	-0.010040589617603051	-0.0034180730613117645	9656784
2023-12-12	0.007750269106566188	0.0010764262648008	0.028310010764262598	-0.004198062432723364	0.007750269106566188	11180762
2023-12-11	0.01077140681101087	-0.009356979654009352	0.016755521706016824	-0.02295724077902295	0.01077140681101087	10581956
2023-12-08	0.023838698897181695	0.0008911663139133151	0.028517322045226716	-0.004901414726523313	0.023838698897181695	13218653
2023-12-07	-0.016973280770915432	-0.003504161191414731	0.004489706526500338	-0.022120017520805915	-0.016973280770915432	7863039
2023-12-06	0.013990672884743403	-0.008771929824561472	0.021541194759049496	-0.00954918942926937	0.013990672884743403	9069573
2023-12-05	-0.04668148618609079	-0.0049751243781094405	-0.004869270667936845	-0.04826929183867897	-0.04668148618609079	12565290
2023-12-04	-0.007146610614818779	-0.002942722017866538	0.002627430373095113	-0.008617971623752049	-0.007146610614818779	6928011
2023-12-01	0.01115834218916059	0.0005313496280553812	0.013602550478214678	-0.0192348565356003	0.01115834218916059	10048985
2023-11-30	-0.005705832628909618	-0.00464919695688924	-0.0017962806424345066	-0.014792899408284084	-0.005705832628909618	6992907
2023-11-29	-0.005882352941176494	0.01365546218487392	0.018802521008403277	-0.008928571428571518	-0.005882352941176494	9047275
2023-11-28	0.0016835016835016474	0.0	0.0069444444444444085	-0.008838383838383874	0.0016835016835016474	7690428
2023-11-27	0.0029548332629801724	-0.006648374841705463	0.005698607007175939	-0.013296749683410776	0.0029548332629801724	8851994
2023-11-24	-0.01996069914158644	0.0001034233116144908	0.0010342331161444672	-0.021615472127417556	-0.01996069914158644	7550381
2023-11-23	0.010450412791305257	-0.0006270247674783391	0.011495454070435871	-0.008464834360957282	0.010450412791305257	10336605
2023-11-22	-0.0225740551583249	-0.006639427987742652	-0.0015321756894791183	-0.023493360572012373	-0.0225740551583249	12158810
2023-11-21	-0.021587047771337162	0.0003997601439135723	0.004197481511093361	-0.024485308814711202	-0.021587047771337162	13061174
2023-11-20	-0.04686606972756717	0.0	9.525623928358645e-05	-0.04858068203467335	-0.04686606972756717	18339908
2023-11-17	0.0027700831024931346	-0.0038208042793007116	0.014710096475308113	-0.009456490591269413	0.0027700831024931346	7934311
2023-11-16	-0.0214973361996448	-0.010187868025048969	-0.007290400972053474	-0.028320403776053847	-0.0214973361996448	7571136
2023-11-15	0.032024693739751066	0.015337127423555546	0.04080254654191187	0.003279637310697438	0.032024693739751066	14771613
2023-11-14	-0.004226299106714031	-0.0010565747766785078	0.00835654596100283	-0.011430218038612983	-0.004226299106714031	7471657
2023-11-13	-0.010173036698992274	0.005609431450846065	0.012549914432401532	-0.015497242821829337	-0.010173036698992274	9527902
2023-11-10	0.0007611798287346576	0.0017126546146527767	0.01636536631779257	-0.005708848715508985	0.0007611798287346576	6555497
2023-11-09	-0.014902989970943888	-0.0027181554035054087	0.003374261880213698	-0.020620489267972657	-0.014902989970943888	8370446
2023-11-08	-0.0023377594913035348	-0.0025247802506077805	0.005049560501215694	-0.0102861417617355	-0.0023377594913035348	9362059
2023-11-07	-0.022039323273891145	-0.0032007315957932724	-0.00018289894833101072	-0.03191586648376767	-0.022039323273891145	11852754
2023-11-06	0.012499999999999947	-0.0013888888888889414	0.020555555555555546	-0.0071296296296295926	0.012499999999999947	12234913
2023-11-03	0.03319621161389074	0.0016263273701329925	0.041423514780445786	0.0016263273701329925	0.03319621161389074	10967116
2023-11-02	-0.008818509387445408	0.0008534041342689495	0.011758012516594056	-0.009956381566470673	-0.008818509387445408	6126406
2023-11-01	-0.01439252336448604	-0.0018691588785046994	0.004299065420560689	-0.018598130841121448	-0.01439252336448604	6439321
2023-10-31	0.0011227544910180067	0.019835329341317407	0.02694610778443123	-0.015063622754491014	0.0011227544910180067	11344234
2023-10-30	0.04959245801826571	-0.008838259844839354	0.06609054306196606	-0.00903466561916922	0.04959245801826571	21671340
2023-10-27	0.0789362152998517	0.00021190930281850216	0.09302818393727487	0.00021190930281850216	0.0789362152998517	17379032
2023-10-26	-0.021461897356143154	-0.0035251425609124252	-0.00020736132711245226	-0.03172628304821153	-0.021461897356143154	6733414
2023-10-25	-0.012592137592137632	-0.019451269451269508	-0.009009009009009108	-0.05804668304668306	-0.012592137592137632	12525678
2023-10-24	0.03146779303062306	0.010348468848996874	0.036536430834213235	-0.0028511087645194935	0.03146779303062306	8435061
2023-10-23	-0.027620905637129045	-0.004004517917650689	0.0035937981312249134	-0.03860765992401689	-0.027620905637129045	7707685
2023-10-20	-0.02081238688920162	-0.0016086869093102413	0.006233661773577363	-0.025035190026141112	-0.02081238688920162	7345693
2023-10-19	-0.009362549800796932	-0.010856573705179316	0.027390438247011952	-0.011952191235059789	-0.009362549800796932	7727956
2023-10-18	-0.0176125244618395	-0.005870841487279926	0.005870841487279788	-0.04109589041095893	-0.0176125244618395	6982389
2023-10-17	0.010480522048645465	0.0	0.016907257267154377	-0.007217718014633221	0.010480522048645465	7132876
2023-10-16	-0.019771273502616846	-0.0064935064935065095	-0.0019383601473153987	-0.025586353944562903	-0.019771273502616846	7954919
2023-10-13	-0.010738255033556954	-0.004793863854266539	0.002876318312559896	-0.017257909875359512	-0.010738255033556954	8897509
2023-10-12	-0.006666666666666694	-0.009523809523809525	0.004285714285714313	-0.02619047619047619	-0.006666666666666694	9968491
2023-10-11	0.011073663938372709	0.0033702455464613246	0.02599903707270104	-0.0076071256620124416	0.011073663938372709	10776697
2023-10-10	0.011296133995520466	-0.006719252118025102	0.022981789852955493	-0.006719252118025102	0.011296133995520466	10485637
2023-10-09	0.04148073022312377	0.0	0.053549695740365125	-0.0030425963488843527	0.04148073022312377	12705431
2023-09-28	-0.0028317152103559985	0.0	0.012338187702265361	-0.007888349514563119	-0.0028317152103559985	5809974
2023-09-27	0.001012350678274897	0.0020247013565499374	0.01680502125936421	-0.0011135857461024442	0.001012350678274897	5397029
2023-09-26	-0.011705852926463249	-0.003201600800400274	0.004302151075537695	-0.012806403201600812	-0.011705852926463249	7180881
2023-09-25	-0.01990586389488136	-0.0052951559129241635	-0.0009805844283193618	-0.02137674053736033	-0.01990586389488136	6792478
2023-09-22	0.014524472741743016	-0.003183446080381946	0.016514126541981804	-0.013828093911659378	0.014524472741743016	9604123
2023-09-21	0.0007964954201513172	-0.004380724810832315	0.008562325766626836	-0.01264436479490239	0.0007964954201513172	6342712
2023-09-20	-0.009369760331393657	-0.0034520169641975964	0.01094782522931255	-0.01479435841798994	-0.009369760331393657	8271564
2023-09-19	0.018892573610692347	-0.0041201889257362154	0.03386594312129424	-0.012159581951562736	0.018892573610692347	14155578
2023-09-18	-0.004899999999999949	-0.007999999999999972	0.005	-0.012999999999999972	-0.004899999999999949	8906480
2023-09-15	0.03135313531353142	0.003506600660066042	0.0591996699669968	-0.011860561056105523	0.03135313531353142	17688912
2023-09-14	-0.020111167256190086	-0.008084891359272331	-0.0001010611419909562	-0.028398180899444184	-0.020111167256190086	8919241
2023-09-13	0.011862153594437024	0.008283055527149892	0.03078024337866848	-0.006033336741998194	0.011862153594437024	12955935
2023-09-12	0.0029743589743590386	0.00020512820512816432	0.010051282051282091	-0.006153846153846096	0.0029743589743590386	6077094
2023-09-11	0.001540832049306684	0.00010272213662049427	0.01890087313816131	-0.007190549563430803	0.001540832049306684	9004269
2023-09-08	-0.009664292980671443	-0.013123092573753735	0.004577822990844383	-0.016276703967446536	-0.009664292980671443	7547559
2023-09-07	-0.016212970376301088	0.0	0.010508406725380276	-0.01661329063250597	-0.016212970376301088	11844606
2023-09-06	0.002810116419108803	-0.01344841429144925	0.008631071858691284	-0.013849859494178999	0.002810116419108803	9823281
2023-09-05	0.02933884297520665	0.0010330578512397575	0.044421487603305755	0.0	0.02933884297520665	20339873
2023-09-04	0.02433862433862431	-0.005291005291005291	0.02465608465608464	-0.00582010582010579	0.02433862433862431	10862798
2023-09-01	0.005533092147265333	0.016173653968929516	0.03702915513939125	-0.0023409236007661083	0.005533092147265333	11498051
2023-08-31	-0.00021276595744676617	-0.008297872340425543	0.008085106382978777	-0.014893617021276655	-0.00021276595744676617	9090240
2023-08-30	0.018749322640078076	0.0024926845128427876	0.03446407282973889	0.0003251327625447181	0.018749322640078076	13922373
2023-08-29	0.031064923455134667	-0.00100569896077762	0.042015867694714555	-0.005140239132863937	0.031064923455134667	12628998
2023-08-28	0.004377104377104384	0.0719416386083054	0.0719416386083054	0.0	0.004377104377104384	13606293
2023-08-25	-0.026335919571631634	-0.010927767457108512	-0.006447382799694059	-0.03420391214074975	-0.026335919571631634	9342925
2023-08-24	0.015649278579356392	0.0037735849056604156	0.02641509433962275	-0.0002219755826858604	0.015649278579356392	9039108
2023-08-23	-0.02214022140221409	0.001085304970696704	0.008031256783156011	-0.02311699587584106	-0.02214022140221409	9146266
2023-08-22	0.006884493497978313	0.01081848978253737	0.015517429789094105	-0.021636979565074897	0.006884493497978313	13146983
2023-08-21	-0.024101525007998198	0.00031993174789379477	0.00725178628559248	-0.025807827663431822	-0.024101525007998198	10373337
2023-08-18	-0.017806640829580004	-0.0011521944066198748	0.01005551482140995	-0.019063580182256134	-0.017806640829580004	7561659
2023-08-17	0.010264550264550252	-0.00550264550264546	0.01798941798941802	-0.010582010582010581	0.010264550264550252	7837641
2023-08-16	-0.03324808184143223	-0.00982097186700761	-0.001534526854220007	-0.03324808184143223	-0.03324808184143223	11214491
2023-08-15	-0.03399545409625455	0.006028263662417229	0.010277695424449118	-0.06235794050795535	-0.03399545409625455	20399961
2023-08-14	-0.00842724154826065	-0.020088192062714328	-0.005487506124448822	-0.020578147966682944	-0.00842724154826065	6519257
2023-08-11	-0.015436565364206546	9.647853352620265e-05	0.0022190062711045806	-0.019488663772310757	-0.015436565364206546	7679159
2023-08-10	-0.003940034595425683	0.0	0.003940034595425683	-0.02123774745339235	-0.003940034595425683	8718945
2023-08-09	-0.006587112171837687	-0.0002863961813842591	0.004105011933174289	-0.010978520286396235	-0.006587112171837687	6514668
2023-08-08	-0.005506503370359806	-0.004272287097692992	0.007310357922719036	-0.007310357922719036	-0.005506503370359806	7939204
2023-08-07	-0.014317798989331847	-0.017405951712521052	-0.004304697735354611	-0.026763990267639898	-0.014317798989331847	13421585
2023-08-04	-0.06353518534747174	-0.0066602401191832895	0.0021032337218472954	-0.09692402068179828	-0.06353518534747174	35252001
2023-08-03	0.0011405509738550224	-0.005790489559571949	0.01333567292507454	-0.014914897350412378	0.0011405509738550224	8116275
2023-08-02	-0.003758412726160236	-0.007167205663840514	0.0027095533607202366	-0.00961454418320072	-0.003758412726160236	7405158
2023-08-01	-0.0032235581111692327	8.712319219380655e-05	0.004530405994075588	-0.015072312249520856	-0.0032235581111692327	8102854
2023-07-31	0.004814847238028514	-0.01068020660071784	0.01523242580758115	-0.014356999037030556	0.004814847238028514	14299052
2023-07-28	0.03413000181061027	0.008419337316675782	0.04001448488140505	0.003259098316132532	0.03413000181061027	17450577
2023-07-27	-0.011985688729874808	-0.007245080500894475	0.004472271914132379	-0.014132379248658303	-0.011985688729874808	7985787
2023-07-26	-0.009743135518157737	-0.0008857395925598629	0.02170062001771469	-0.015411868910540381	-0.009743135518157737	10334532
2023-07-25	0.017758947083746496	0.013251600108176316	0.02650320021635263	-9.01469395114497e-05	0.017758947083746496	11945805
2023-07-24	-0.01193551260354493	-0.0006234969270507988	0.004542620468513451	-0.018526765832368383	-0.01193551260354493	7471088
2023-07-21	-0.00088991723769697	-0.002224793094242235	0.018065319925246962	-0.01147993236628999	-0.00088991723769697	9072093
2023-07-20	-0.019458987783595026	0.0036649214659686016	0.007504363001745196	-0.023734729493891788	-0.019458987783595026	9665492
2023-07-19	-0.009764106109047002	-0.006307785362481672	0.008381577810420798	-0.017281603732826407	-0.009764106109047002	9572381
2023-07-18	-0.022220344711050992	-0.0027036160865156573	0.012842176410949611	-0.024501520784048714	-0.022220344711050992	14924319
2023-07-17	0.008692687915459315	-0.008777910346003077	0.020197716038861346	-0.00997102437361515	0.008692687915459315	15989221
2023-07-14	-0.00769556025369976	0.0074418604651162405	0.042706131078224074	-0.008202959830866798	-0.00769556025369976	25653972
2023-07-13	0.04451903542089927	0.001766628389718248	0.05909371963607466	-0.003179931101492796	0.04451903542089927	25877935
2023-07-12	-0.018382034162837117	-0.00026012312494581754	0.007543570623428462	-0.021243388537240986	-0.018382034162837117	18448994
2023-07-11	0.08801886792452829	0.005188679245282992	0.09584905660377355	0.005188679245282992	0.08801886792452829	31510889
2023-07-10	0.007508791939929724	0.0020910559832716764	0.029179735766562187	-0.004657351962741136	0.007508791939929724	8868149
2023-07-07	-0.04735603042375954	-0.031148134733792084	-0.030061571894241156	-0.06718580224556323	-0.04735603042375954	19398924
2023-07-06	0.0008155867693702167	-0.008608971454462969	0.02383325781603996	-0.01078386950611688	0.0008155867693702167	12448454
2023-07-05	0.014059915456717526	-0.00569748208049982	0.033817312993935006	-0.005881271825032038	0.014059915456717526	17081120
2023-07-04	0.022840492527493116	0.00018798759281883656	0.03891343171350691	-0.011561236958360786	0.022840492527493116	15131026
2023-07-03	0.0013176470588235347	-0.002352941176470588	0.008941176470588261	-0.013552941176470566	0.0013176470588235347	9493793
2023-06-30	0.00844722854973425	-0.01195899772209572	0.02164009111617313	-0.022399392558845856	0.00844722854973425	10106804
2023-06-29	0.0029509757258448575	0.028748215135649652	0.046834840552118055	0.0014278914802475554	0.0029509757258448575	13843526
2023-06-28	-0.007464096749811094	-0.0004724111866968741	0.013510959939531298	-0.024659863945578224	-0.007464096749811094	11449071
2023-06-27	-9.447331128947478e-05	0.0	0.02390174775625887	-0.006991025035427444	-9.447331128947478e-05	9080084
2023-06-26	-0.018089053803339545	-0.021706864564007455	-0.00463821892393321	-0.034230055658627065	-0.018089053803339545	11311926
2023-06-21	-0.049047282992237144	-0.00670430486944253	-0.006263232180663318	-0.049047282992237144	-0.049047282992237144	17737583
2023-06-20	-0.006311360448807844	-0.013849929873772777	0.0025420757363254407	-0.020511921458625557	-0.006311360448807844	12087752
2023-06-19	0.019663925634608535	-0.00893814801573114	0.03173042545584565	-0.014122273864855187	0.019663925634608535	18523954
2023-06-16	0.008745829952213496	-0.007213055630691526	0.01433594806599949	-0.015327743215219573	0.008745829952213496	14090345
2023-06-15	-0.011497326203208612	0.00534759358288765	0.008912655971479501	-0.018716577540107027	-0.011497326203208612	13494499
2023-06-14	0.002322672860461007	-0.0014293371448990226	0.013936037162765789	-0.010184027157405759	0.002322672860461007	19541288
2023-06-13	0.08785228377065103	0.0012633624878522396	0.09999999999999992	-0.0028182701652090013	0.08785228377065103	35567309
2023-06-12	-0.003389830508474521	-0.008135593220339016	0.00677966101694918	-0.018401937046004898	-0.003389830508474521	14381669
2023-06-09	0.020963116780381732	0.0032631266686443026	0.021556412538317086	-0.009393849500642626	0.020963116780381732	15737981
2023-06-08	-0.020437814800464933	-0.007748934521503266	-0.005714839209608575	-0.02566834560247958	-0.020437814800464933	9524788
2023-06-07	0.001746555404618597	0.0022317096836794487	0.012905103823015702	-0.004851542790607413	0.001746555404618597	9766783
2023-06-06	-0.03682242990654203	-0.00841121495327108	-0.0083177570093458	-0.038971962616822446	-0.03682242990654203	14308287
2023-06-05	-0.0173569657452475	-0.004959133070070771	0.011938653687207246	-0.02194875562494261	-0.0173569657452475	13806278
2023-06-02	-0.012872812981597332	-0.00281026198894028	0.008974707642099492	-0.024023207324811946	-0.012872812981597332	11697140
2023-06-01	-0.004422382671480098	-0.01615523465703964	0.010379061371841207	-0.018050541516245487	-0.004422382671480098	13238594
2023-05-31	-0.01598579040852573	-0.005417406749555946	0.0009769094138543466	-0.04085257548845466	-0.01598579040852573	17489106
2023-05-30	0.0038334670589283463	-0.006062226976910108	0.008736738878488045	-0.027814923776410844	0.0038334670589283463	13691485
2023-05-29	-0.016052631578947353	0.009035087719298255	0.016315789473684207	-0.020175438596491204	-0.016052631578947353	15188034
2023-05-26	0.028880866425992805	0.0068592057761733315	0.03971119133574012	-0.006768953068592058	0.028880866425992805	16098588
2023-05-25	0.022328842959955728	0.005628344713046683	0.027403579996309272	-0.006366488281970823	0.022328842959955728	14003687
2023-05-24	0.008373650911797464	0.014979531075548934	0.03275027912169702	-0.01097878675102351	0.008373650911797464	16724453
2023-05-23	-0.05145176948195215	-0.01941576206866122	-0.015973876974671276	-0.05145176948195215	-0.05145176948195215	15628076
2023-05-22	0.011606106597625187	0.03740737434157662	0.05624497812695292	-0.009017052048924248	0.011606106597625187	23405220
2023-05-19	0.04486940298507465	0.018563432835820848	0.05895522388059695	0.014925373134328304	0.04486940298507465	23723265
2023-05-18	-0.02055733211512106	-0.010507080858839704	0.009502055733211438	-0.024211968935587077	-0.02055733211512106	15694770
2023-05-17	0.03186574903365711	-0.01951541434901474	0.042330536438201276	-0.02045818798906371	0.03186574903365711	25175668
2023-05-16	0.039086990595611236	0.015282131661442029	0.05201802507836993	-0.014890282131661403	0.039086990595611236	26246374
2023-05-15	0.01551929964186234	-0.0030839633903700986	0.01551929964186234	-0.0191006764822921	0.01551929964186234	12430297
2023-05-12	-0.003074481801051297	0.011603689378161279	0.02806704353862936	-0.003272835465635211	-0.003074481801051297	18057404
2023-05-11	0.0073933459886102	0.013088220601458709	0.021980217803976448	-0.0007992806474173074	0.0073933459886102	14189667
2023-05-10	-0.016411163522012596	-0.002456761006289308	0.006191037735849012	-0.029481132075471695	-0.016411163522012596	15926478
2023-05-09	-0.023041474654377798	-0.0014400921658985356	0.007776497695852556	-0.024577572964669763	-0.023041474654377798	17981952
2023-05-08	-0.00610687022900764	0.0	0.020610687022900732	-0.01145038167938934	-0.00610687022900764	16802425
2023-05-05	-0.0019047619047619319	-0.002380952380952381	0.03209523809523814	-0.008571428571428626	-0.0019047619047619319	18276894
2023-05-04	-0.03199041209551027	-0.00894256476445099	0.003042315847699809	-0.034295196828616197	-0.03199041209551027	20116087
2023-04-28	-0.03565078236130872	-0.04818634423897583	0.009246088193456544	-0.04863086770981507	-0.03565078236130872	32220241
2023-04-27	0.013515948819607135	-0.015408181654352206	0.04117859073706968	-0.017931158767345547	0.013515948819607135	20937873
2023-04-26	-0.057254502208630605	-0.001868841318382593	0.005691471287801578	-0.0664288141352361	-0.057254502208630605	30207916
2023-04-25	-0.025012423389100515	-0.0028159681961238132	0.007868146430346222	-0.03818121583567997	-0.025012423389100515	21673235
2023-04-24	-0.04485404635709202	-0.0005537536587294769	-7.910766553271818e-05	-0.059488964480658144	-0.04485404635709202	31261827
2023-04-21	-0.07242442031112419	-0.0019812151452891858	-0.0008071617258586267	-0.07301144702083946	-0.07242442031112419	28992046
2023-04-20	0.042294455066921616	-0.007571701720841369	0.04443594646271512	-0.0077246653919693375	0.042294455066921616	26966644
2023-04-19	-0.016251598826273393	7.52388834549011e-05	0.01610112105936359	-0.01813257091264763	-0.016251598826273393	19339362
2023-04-18	-0.02200147167034591	-0.013980868285504088	-0.006622516556291432	-0.03620309050772638	-0.02200147167034591	18207163
2023-04-17	0.0036186396868769597	0.015434606011372894	0.033380104866701205	-0.0030278413706520684	0.0036186396868769597	26075143
2023-04-14	0.05533473618579997	0.013171225937183366	0.06749279089704618	-0.012313927207544215	0.05533473618579997	36508972
2023-04-13	-0.04948514704792952	-0.019705163345432968	-0.0028150233350618227	-0.053559522927624295	-0.04948514704792952	26799704
2023-04-12	0.017103676913803573	-0.012884267631103135	0.03473477998794465	-0.02697408077154922	0.017103676913803573	27773508
2023-04-11	0.014213663457129643	0.017576035457740967	0.04302307809873143	-0.004126547455295892	0.014213663457129643	34584287
2023-04-10	-0.05584415584415571	0.0021645021645022465	0.006132756132756092	-0.06226551226551223	-0.05584415584415571	37168458
2023-04-07	0.03048327137546464	0.014944237918215546	0.05955390334572484	0.006765799256505551	0.03048327137546464	36141328
2023-04-06	0.030177696078431356	-0.00045955882352942916	0.09696691176470586	-0.011182598039215747	0.030177696078431356	48016704
2023-04-04	-0.007374743404546483	-0.015053599939177296	0.017106363567247016	-0.021516003953470787	-0.007374743404546483	39845479
2023-04-03	0.07811475409836066	0.06032786885245913	0.08688524590163929	0.037049180327868816	0.07811475409836066	48475204
2023-03-31	0.005605011539729698	-0.009231783712495799	0.007253544345532556	-0.03478404220243982	0.005605011539729698	24708282
2023-03-30	0.054773082942097005	0.03460267779516609	0.08676751869240136	0.03460267779516609	0.054773082942097005	49695815
2023-03-29	0.057169117647058815	-0.006617647058823519	0.06764705882352941	-0.016727941176470525	0.057169117647058815	31685318
2023-03-28	-0.04569774581177097	-0.00885887202876945	0.002280501710376203	-0.051837558108937906	-0.04569774581177097	20580853
2023-03-27	-0.032994062765055135	0.0	0.00025445292620866105	-0.04427480916030533	-0.032994062765055135	27206610
2023-03-24	0.010629178810217806	0.01971541230927479	0.028630207440425198	-0.011657809017658147	0.010629178810217806	42201071
2023-03-23	0.10004714757190004	-0.004714757190004715	0.10004714757190004	-0.0063177746346063345	0.10004714757190004	38890504
2023-03-22	-0.013580132080736749	-0.0010231606362198812	-0.0005580876197563228	-0.019719095898056035	-0.013580132080736749	9131543
2023-03-21	-0.0028751623075495094	-0.0029679094787608347	0.01010944166202934	-0.011129660545353262	-0.0028751623075495094	9317784
2023-03-20	0.025197299610154905	-0.0016164305410288266	0.03527621945421692	-0.01302652847770281	0.025197299610154905	15656361
2023-03-17	-0.0010448328267477149	0.012063069908814552	0.01633738601823707	-0.005414133738601894	-0.0010448328267477149	12513034
2023-03-16	0.003048780487804949	-0.009241615853658526	0.017149390243902548	-0.011051829268292651	0.003048780487804949	11212530
2023-03-15	-0.0007616146230008807	0.0043792840822543195	0.014661081492764584	-0.0051408987052552	-0.0007616146230008807	11795992
2023-03-14	0.03487684729064046	-0.0049261083743842365	0.0380295566502463	-0.01960591133004921	0.03487684729064046	18694742
2023-03-13	0.004652083539542699	-0.0022765515193507273	0.006037810551321384	-0.01890527566069481	0.004652083539542699	7620753
2023-03-10	-0.011351404246990866	-0.011644975046482021	0.008904980917898	-0.02035424209805263	-0.011351404246990866	9409246
2023-03-09	0.003831041257367393	0.0019646365422397137	0.017288801571709284	-0.0014734774066796805	0.003831041257367393	10056719
2023-03-08	0.005233534116717697	-0.0035548533622987996	0.01570060235015309	-0.012540732694776301	0.005233534116717697	7824771
2023-03-07	-0.036624809741248175	-0.005136986301369923	0.0036149162861491193	-0.036624809741248175	-0.036624809741248175	11915732
2023-03-06	-0.005957446808510595	0.0	0.008226950354609972	-0.016548463356973995	-0.005957446808510595	11295865
2023-03-03	0.0053236999714802	0.019108280254777118	0.026428367715562326	-0.004087841049529353	0.0053236999714802	13671611
2023-03-02	0.006602870813397108	0.003827751196172303	0.0328229665071771	0.00028708133971292956	0.006602870813397108	13109276
2023-03-01	-0.003718180951472977	-0.005148250548193405	0.00772237582229004	-0.011535894746877622	-0.003718180951472977	11124599
2023-02-28	0.008363776196885258	0.009613535858488752	0.01326667948471457	-0.0101903480099981	0.008363776196885258	8669136
2023-02-27	-0.028032143524574848	-0.009998131190431631	-0.0037376191366099	-0.029994393571295026	-0.028032143524574848	14494139
2023-02-24	-0.013913203722473096	0.00433059983414723	0.011978254860407234	-0.02340366718879578	-0.013913203722473096	9177391
2023-02-23	0.000276497695852545	-0.0027649769585253196	0.004608294930875576	-0.007281105990783468	0.000276497695852545	4172427
2023-02-22	-0.003215434083601234	-0.007900780891134584	0.0045016077170418846	-0.015158474965548842	-0.003215434083601234	5863952
2023-02-21	-0.006117604090577079	-9.130752373987314e-05	0.012509130752374038	-0.01661796932067196	-0.006117604090577079	8848761
2023-02-20	0.007173073386058499	-9.196247930835852e-05	0.013518484458340987	-0.013610446937649345	0.007173073386058499	11106036
2023-02-17	-0.04050119121150625	-0.0029118503485396478	0.008206123709520929	-0.041030618547604265	-0.04050119121150625	14211331
2023-02-16	-0.029459621478119362	-0.0023122377322942196	0.022779823584824964	-0.03588250406782562	-0.029459621478119362	13698013
2023-02-15	0.00785430692214739	0.001208354911099608	0.011651993785603266	-0.024684964612463313	0.00785430692214739	10840130
2023-02-14	-0.010166595472020486	-0.00042716787697562715	0.01691584792823583	-0.02349423323366083	-0.010166595472020486	10019551
2023-02-13	0.00429000429000429	-0.009781209781209787	0.010467610467610458	-0.0188760188760189	0.00429000429000429	9649758
2023-02-10	-0.012957317073170741	0.00016937669376690398	0.012787940379403838	-0.01998644986449864	-0.012957317073170741	8689994
2023-02-09	0.04421648390519986	-0.006013441811107115	0.04881499823134061	-0.017421294658648733	0.04421648390519986	13992465
2023-02-08	-0.00361265309718915	0.003612653097189275	0.021764032073310416	-0.007842100625605785	-0.00361265309718915	8640965
2023-02-07	-0.007867820613690058	-0.0007867820613690306	0.005245213742459956	-0.016435003059707978	-0.007867820613690058	8036096
2023-02-06	-0.026633764465622836	-0.012933968686181041	-0.004339686861810678	-0.03250510551395502	-0.026633764465622836	11381991
2023-02-03	0.003672388760782241	-0.009309078486634242	0.02399863352976345	-0.012981467247416605	0.003672388760782241	9361592
2023-02-02	0.01817391304347829	0.00791304347826084	0.03730434782608701	0.0009565217391304298	0.01817391304347829	12552503
2023-02-01	0.003928415539065935	-0.004801396769969421	0.012483631601920618	-0.010039284155390585	0.003928415539065935	11141923
2023-01-31	-0.05525773195876291	-0.0030515463917526148	0.0012371134020619026	-0.06391752577319587	-0.05525773195876291	21951478
2023-01-30	-0.01125336377721598	0.02144662806817263	0.023403734812036243	-0.02095735138220658	-0.01125336377721598	11185095
2023-01-20	0.031978456618698956	-0.005301691492047424	0.03913153244130275	-0.0069847681561895	0.031978456618698956	11332993
2023-01-19	0.01833918930499615	0.001799640071985671	0.026651812494643923	-0.005827405947381889	0.01833918930499615	12471060
2023-01-18	-0.02766436130322479	-0.008415965336222023	-0.002833097241896537	-0.028830930755770416	-0.02766436130322479	11566114
2023-01-17	0.04338375934620074	-0.0035645974613110467	0.04425317336115461	-0.007737784733089902	0.04338375934620074	19735727
2023-01-16	0.06077653785852614	-0.015862768606474342	0.06870792216176325	-0.024163054505210776	0.06077653785852614	21444643
2023-01-13	0.019749835418038264	0.009968964544343104	0.0313175961628891	0.002539264553747729	0.019749835418038264	9830965
2023-01-12	-0.007189542483660094	0.006069094304388475	0.008403361344537869	-0.028011204481792718	-0.007189542483660094	8915089
2023-01-11	0.00676818950930625	0.023500658018424516	0.05602556871592412	0.004512126339537545	0.00676818950930625	21554160
2023-01-10	0.012564249000571038	-0.0019036740909956485	0.054635446411574286	-0.004568817818389529	0.012564249000571038	18222852
2023-01-09	0.021189735614307998	0.009622861586314242	0.046656298600311154	0.003596423017107354	0.021189735614307998	12596298
2023-01-06	0.002142996298460928	-0.014124293785310762	0.010909799337619371	-0.03272939801285797	0.002142996298460928	10950137
2023-01-05	0.022408126680609503	0.014241609401454107	0.024001593466786143	9.959167413609318e-05	0.022408126680609503	9538955
2023-01-04	-0.027034883720930294	-0.0049418604651163284	0.020058139534883654	-0.030038759689922562	-0.027034883720930294	9459803
2023-01-03	0.007124036303308324	-9.75895384015333e-05	0.008685468917732024	-0.022152825217136685	0.007124036303308324	6759789
2022-12-30	-0.0067849180963458645	0.00804497431423862	0.014442182805078946	-0.016380730832606355	-0.0067849180963458645	5423982
2022-12-29	-0.00029069767441861565	-0.0029069767441860187	0.012596899224806174	-0.013468992248062021	-0.00029069767441861565	5643302
2022-12-28	-0.006832836108170472	-0.004426907901068172	0.009431238571841055	-0.010971032624386494	-0.006832836108170472	6062425
2022-12-27	0.026677205809702627	0.007805552810987119	0.035470803280308306	-0.010275664460033515	0.026677205809702627	9334704
2022-12-26	0.06874340021119314	0.0019007391763462788	0.08405491024287216	0.0019007391763462788	0.06874340021119314	13232771
2022-12-23	-0.05630293971101138	-0.01843547583457892	-0.01733931240657693	-0.07154957648231183	-0.05630293971101138	13307192
2022-12-22	-0.008595139300533537	0.00760719225449512	0.01630112625963254	-0.013238490416913688	-0.008595139300533537	5675307
2022-12-21	-0.0002962962962963075	-0.006617283950617301	0.014617283950617323	-0.006617283950617301	-0.0002962962962963075	6249410
2022-12-20	0.006661364088287947	0.0	0.017001391926824497	-0.005269437263869568	0.006661364088287947	6782124
2022-12-19	-0.029337965643698186	-0.009457633661455356	0.00656243968345872	-0.03416328894035906	-0.029337965643698186	7517918
2022-12-16	-0.024661144578313164	-0.012330572289156514	-0.005741716867469875	-0.0349209337349397	-0.024661144578313164	10480169
2022-12-15	0.016650717703349232	-0.00019138755980857436	0.03349282296650718	-0.004497607655502381	0.016650717703349232	14397039
2022-12-14	-0.030792060842144253	0.0434056761268782	0.0480430346874421	-0.03264700426636984	-0.030792060842144253	25572821
2022-12-13	0.010496719775070199	-0.007497656982193038	0.01940018744142449	-0.02661668228678541	0.010496719775070199	18615183
2022-12-12	0.0738727858293076	0.0005032206119162355	0.10004025764895327	-0.0031199677938808603	0.0738727858293076	31089784
2022-12-09	0.008935824532900035	0.001827782290820396	0.021730300568643383	0.001827782290820396	0.008935824532900035	8058386
2022-12-08	-0.016183816183816088	-9.990009990000904e-05	-9.990009990000904e-05	-0.020779220779220762	-0.016183816183816088	8178588
2022-12-07	-0.019876627827278972	-0.00998727112503668	-0.003916576911779022	-0.024282776853030354	-0.019876627827278972	9092581
2022-12-06	0.02140214021402141	-0.003700370037003604	0.0311031103110311	-0.0073007300730071984	0.02140214021402141	12951436
2022-12-05	0.013069908814589585	0.0	0.016210739614994876	-0.004052684903748791	0.013069908814589585	7742445
2022-12-02	-0.029403087815911052	-0.011702232274559915	0.0030484806765660563	-0.029796440161274473	-0.029403087815911052	9845797
2022-12-01	0.008929457287429223	0.021926778450243017	0.039388828256771494	0.00515924198829245	0.008929457287429223	11462046
2022-11-30	-0.012830558276199689	-0.007443682664054759	0.002546523016650393	-0.01714005876591577	-0.012830558276199689	7376555
2022-11-29	0.04119926575565972	-0.005710789312665738	0.055476239037324064	-0.005710789312665738	0.04119926575565972	13738594
2022-11-28	-0.023112173739788737	-0.013648137079099327	0.0015939430165372664	-0.03028491731420594	-0.023112173739788737	9515873
2022-11-25	0.017743080198722498	0.0	0.02402920004055566	-0.004258339247693417	0.017743080198722498	9668079
2022-11-24	-0.009738955823293162	-0.000602409638554097	0.009839357429718917	-0.015261044176706788	-0.009738955823293162	7988149
2022-11-23	-0.011119936457506002	-0.005659253375694929	0.004269261318506819	-0.03335980937251787	-0.011119936457506002	11669245
2022-11-22	0.0033871289101414966	0.0	0.019127316198445925	-0.008866308029487952	0.0033871289101414966	12983519
2022-11-21	-0.03248192771084342	-0.016867469879518072	0.0014457831325301752	-0.03807228915662653	-0.03248192771084342	17129077
2022-11-18	-0.03899592441645048	-0.020007410151908083	0.0075027788069655646	-0.042515746572804644	-0.03899592441645048	22965718
2022-11-17	0.04561743341404352	-0.018111380145278494	0.0847457627118644	-0.04523002421307508	0.04561743341404352	34501563
2022-11-16	0.012552711581837806	0.010101010101010112	0.02951848582916549	-0.008531921153280421	0.012552711581837806	27499897
2022-11-15	0.09999999999999995	-0.006903991370010794	0.09999999999999995	-0.012297734627831722	0.09999999999999995	26487416
2022-11-14	0.04063762909744056	0.00246969016614278	0.07846879209699141	0.0008980691513246329	0.04063762909744056	24510242
2022-11-11	0.02662210441396799	0.03722484729745308	0.0656909069955054	0.025123890745649496	0.02662210441396799	20855572
2022-11-10	-0.015766787658802184	-0.004764065335753196	0.013384754990925668	-0.02109800362976406	-0.015766787658802184	10500083
2022-11-09	-0.008881394041596472	0.0	0.004721753794266461	-0.010118043844856725	-0.008881394041596472	7272619
2022-11-08	-0.012873155032737726	0.0025524359116635667	0.00732438131173007	-0.01831095327932533	-0.012873155032737726	10226031
2022-11-07	-0.009453666043750681	-0.0018687479388809684	0.009123886995712854	-0.01604924700450691	-0.009453666043750681	13769593
2022-11-04	0.007977839335180042	-0.0006648199445983632	0.0221606648199446	-0.017174515235457034	0.007977839335180042	18281332
2022-11-03	0.034383954154727794	-0.014326647564469915	0.04045845272206305	-0.017994269340974135	0.034383954154727794	19388084
2022-11-02	0.016189145119962736	0.0	0.030747728860936414	-0.008851618914512057	0.016189145119962736	15073407
2022-11-01	0.04363680563996601	0.0076577124103562625	0.04533851950893405	-0.0215145253433815	0.04363680563996601	18076910
2022-10-31	-0.008675744065550052	-0.04205325942884679	0.022050849499939733	-0.06615254849981919	-0.008675744065550052	20878174
2022-10-28	-0.04400414698767432	-0.009215528164957921	0.014629650961870706	-0.04734477594747148	-0.04400414698767432	15630175
2022-10-27	0.0024249422632795377	0.002886836027713626	0.025288683602771502	-0.011547344110854504	0.0024249422632795377	14091404
2022-10-26	0.033412887828162256	0.002505966587112267	0.049999999999999975	-0.004534606205250542	0.033412887828162256	15604442
2022-10-25	-0.019883040935672548	-0.005847953216374269	0.014035087719298279	-0.02257309941520476	-0.019883040935672548	13663117
2022-10-24	0.0037567504108944956	0.0	0.05999060812397275	-0.013853017140173828	0.0037567504108944956	21063868
2022-10-21	-0.026180404710186258	-0.011546816051217618	-0.0067451697724934655	-0.03441179833085635	-0.026180404710186258	14747700
2022-10-20	0.040071343638525624	-0.00951248513674194	0.06337693222354356	-0.01474435196195	0.040071343638525624	25941546
2022-10-19	-0.015222482435597321	-0.004683840749414586	0.007611241217798495	-0.015222482435597321	-0.015222482435597321	9620893
2022-10-18	-0.01578886711997223	0.0026506857208713147	0.005531865852253129	-0.017632822404056715	-0.01578886711997223	11282967
2022-10-17	0.003933819275714325	-0.01747078560684953	0.009371745921554877	-0.02117320374869851	0.003933819275714325	16395012
2022-10-14	0.050182260024301456	0.018590522478736344	0.05552855407047397	0.010935601458080264	0.050182260024301456	20001954
2022-10-13	-0.013544288625194889	-0.005273882296536161	0.019777058612009964	-0.015222342083183628	-0.013544288625194889	17784201
2022-10-12	0.0005996641880548258	0.00023986567522199848	0.0028783881026626184	-0.04617414248021102	0.0005996641880548258	26197295
2022-10-11	-0.024795321637426954	-0.00011695906432754522	0.004327485380117012	-0.03380116959064328	-0.024795321637426954	18688512
2022-10-10	-0.088	-0.029333333333333333	-0.020266666666666728	-0.09226666666666673	-0.088	19191122
2022-09-30	-0.02587281795511217	-0.0004156275976724028	0.003532834580216162	-0.026288445552784718	-0.02587281795511217	7421586
2022-09-29	-0.011909650924024752	0.008110882956878769	0.019507186858316133	-0.015605749486653081	-0.011909650924024752	6719762
2022-09-28	-0.025122610349314293	-0.008107296566910243	0.0008007206485837083	-0.025122610349314293	-0.025122610349314293	4856632
2022-09-27	0.01586171835282158	-0.0011184544992374117	0.017996949669547638	-0.005083884087442807	0.01586171835282158	6319749
2022-09-26	0.0011197068403908737	-0.00895765472312699	0.013436482084690629	-0.012316775244299612	0.0011197068403908737	5929542
2022-09-23	-0.027904215317633162	-0.004749653671086523	0.002374826835543191	-0.03512764694241042	-0.027904215317633162	9541975
2022-09-22	-0.012121212121212071	-0.012903225806451547	0.004887585532746823	-0.02248289345063536	-0.012121212121212071	8152867
2022-09-21	-0.029779969650986348	-0.007397572078907446	-0.00047420333839147535	-0.04590288315629745	-0.029779969650986348	10895727
2022-09-20	0.008512673362027743	0.00908656145384986	0.014634146341463426	-0.004208512673362006	0.008512673362027743	5734452
2022-09-19	-0.01562941342623102	-0.0019772149515110984	0.00885039073533577	-0.01704170982016748	-0.01562941342623102	7401953
2022-09-16	-0.02200736648250461	-0.0030386740331491556	0.016482504604051623	-0.02200736648250461	-0.02200736648250461	8046877
2022-09-15	-0.03397971891122582	0.0011563778687065953	0.004536559331079925	-0.04002846468599893	-0.03397971891122582	9519479
2022-09-14	-0.015500481653384674	-0.027935896313162255	-0.006042560644539782	-0.027935896313162255	-0.015500481653384674	6836976
2022-09-13	-0.00635224504002788	0.013661677688826951	0.016272189349112464	-0.006787330316742091	-0.00635224504002788	5534799
2022-09-09	-0.0032957502168256326	0.006071118820468368	0.008586296617519593	-0.018907198612315636	-0.0032957502168256326	5513642
2022-09-08	-0.01140358398353767	-0.0012003772614250243	0.0008574123295893726	-0.013032667409757318	-0.01140358398353767	5927226
2022-09-07	0.03477952266879604	0.0006210629047999946	0.04657971785999468	0.0005323396326856737	0.03477952266879604	12942138
2022-09-06	0.013396871066354926	0.008991188635137565	0.015644668225139317	-0.012767487861895358	0.013396871066354926	6717316
2022-09-05	-0.01792494481236204	-0.005739514348785922	-0.003796909492273791	-0.03302428256070636	-0.01792494481236204	6923481
2022-09-02	0.0026560424966799215	-0.002124833997344038	0.015316511730854396	-0.003010181496237303	0.0026560424966799215	5178582
2022-09-01	-0.026041217556264516	0.00034491678882474995	0.008019315340174242	-0.026644821936707797	-0.026041217556264516	6941479
2022-08-31	0.030661215783860673	-0.0027550657660860493	0.03981514397440459	-0.008620689655172403	0.030661215783860673	10959266
2022-08-30	-0.01720674294698226	-0.0028823478033015836	0.008122980172940927	-0.019739715258974503	-0.01720674294698226	8226448
2022-08-29	-0.00356832027850314	-0.00783289817232381	0.01340295909486503	-0.01531766753698873	-0.00356832027850314	6393159
2022-08-26	0.004809794490599138	0.0	0.019239177962396176	-0.002186270222999563	0.004809794490599138	6726918
2022-08-25	-0.005392711142037093	0.0014786466034617874	0.00600156562581541	-0.03827085326606946	-0.005392711142037093	11379443
2022-08-24	-0.02740884865916585	-0.00042297605955500517	0.0022840707215972442	-0.031215633195161137	-0.02740884865916585	9734911
2022-08-23	-0.012117666722380101	0.0	0.0036770850743773837	-0.013621928798261703	-0.012117666722380101	5941937
2022-08-22	0.0030176026823134907	-0.0076278290025146404	0.0076278290025146404	-0.017435037720033516	0.0030176026823134907	6705802
2022-08-19	-0.03533597477156954	-0.008086035416835126	0.022560038812969935	-0.03711490256327325	-0.03533597477156954	13536317
2022-08-18	0.003407707910750521	0.0	0.005841784989858003	-0.01574036511156185	0.003407707910750521	9002565
2022-08-17	-0.0020242914979757085	-0.004048582995951417	0.0037246963562752532	-0.01425101214574903	-0.0020242914979757085	6699425
2022-08-16	-0.01033736677618404	0.0006410770093757376	0.012981809439858886	-0.019472714159788497	-0.01033736677618404	8549609
2022-08-15	-0.015074980268350406	-0.005524861878453061	0.005367008681925751	-0.017363851617995286	-0.015074980268350406	8153450
2022-08-12	-0.013777535611426762	-0.01144236008406631	0.0038141200280221773	-0.01502296255935232	-0.013777535611426762	7911701
2022-08-11	0.02000793965859465	0.005001984914648634	0.03406113537117909	-0.002143707820563684	0.02000793965859465	10664266
2022-08-10	-0.022127329192546646	-0.015139751552795162	0.012344720496894215	-0.02368012422360257	-0.022127329192546646	10504388
2022-08-09	0.00845599749451936	-0.00970873786407763	0.008612590040714017	-0.025211399937362974	0.00845599749451936	11315276
2022-08-08	-0.018142681426814373	0.009993849938499253	0.012300123001229967	-0.03490159901599021	-0.018142681426814373	17178416
2022-08-05	0.04414833841708151	-0.0020067426553218816	0.05964039171616626	-0.01685663830470376	0.04414833841708151	21485826
2022-08-04	0.019059304703476467	0.005071574642126826	0.026584867075664622	0.0012269938650307213	0.019059304703476467	13082729
2022-08-03	0.03874585776191692	0.012235534030079003	0.060073073328235256	0.0	0.03874585776191692	19429508
2022-08-02	-0.013329979879275682	-0.019114688128772647	0.00855130784708246	-0.0367203219315895	-0.013329979879275682	10737710
2022-08-01	0.00853978185507741	-0.008117020377103186	0.013105605817197913	-0.03441278430709388	0.00853978185507741	9324403
2022-07-29	-0.00904901550062839	0.005529953917050782	0.00963552576455807	-0.01122748219522404	-0.00904901550062839	8667437
2022-07-28	0.006154105547125187	0.01036924633282743	0.0311920418141965	0.0032035069971336656	0.006154105547125187	12289606
2022-07-27	-0.023864384463462736	-0.010862409479920945	-0.004443712969058526	-0.028966425279789303	-0.023864384463462736	10547297
2022-07-26	0.00737793252093178	0.0	0.009450385476249695	-0.006134460747740984	0.00737793252093178	6043668
2022-07-25	-0.020780907541196544	-0.0066563844467894566	-8.11754200827251e-05	-0.02589495900641284	-0.020780907541196544	7943091
2022-07-22	-0.027549731607199313	0.00015787811809280091	0.005131038838016983	-0.03173350173665938	-0.027549731607199313	10774007
2022-07-21	0.015796648223879505	-0.008018603159329646	0.04305989896560034	-0.019966321866730776	0.015796648223879505	16072542
2022-07-20	0.022464540460769	0.007296876281052723	0.0425514470771501	0.004591292940887122	0.022464540460769	12702799
2022-07-19	-0.007728603970061852	-0.00748454279205989	0.0033355027660266563	-0.024975593882199866	-0.007728603970061852	11070838
2022-07-18	-0.02676167854315119	0.0	0.005542359461599389	-0.04204275534441807	-0.02676167854315119	14793297
2022-07-15	0.001347815745659254	0.016173788947910824	0.029017680171251857	0.0004756996749385735	0.001347815745659254	11124693
2022-07-14	0.01276698249558366	8.029548739353545e-05	0.023767464268508058	-0.0035330014453188686	0.01276698249558366	7280330
2022-07-13	-0.011587301587301539	-0.0031746031746032197	0.007857142857142816	-0.023809523809523808	-0.011587301587301539	8474030
2022-07-12	-0.023180091479959756	-0.004573997984339898	0.00395379486781914	-0.02581595472517259	-0.023180091479959756	9029923
2022-07-11	-0.046496156120638614	-0.0020697811945594407	-0.0020697811945594407	-0.05011827321111769	-0.046496156120638614	15702429
2022-07-08	0.04624903325599373	0.01160092807424594	0.07393658159319413	0.009280742459396663	0.04624903325599373	23295362
2022-07-07	-0.015082266910420397	-0.0006093845216332457	0.004570383912248586	-0.02346130408287639	-0.015082266910420397	9966587
2022-07-06	0.0054376962548825	7.658727119567532e-05	0.03545990656352911	-0.00819483801792137	0.0054376962548825	13432171
2022-07-05	0.0029188109685843416	-0.0015362162992548479	0.01451724402795925	-0.015208541362623779	0.0029188109685843416	12020642
2022-07-04	-0.06236946344976591	-0.03240907454087145	-0.03075261073100455	-0.07814187972632333	-0.06236946344976591	22647685
2022-07-01	-0.023627030447929215	-0.006047394697981954	-0.00014063708599965002	-0.02594754236692214	-0.023627030447929215	10875500
2022-06-30	0.04076405152224841	0.00043911007025762794	0.049838992974238897	0.00043911007025762794	0.04076405152224841	14721756
2022-06-29	-0.02386055150735822	-0.007001000142877481	0.017288184026289583	-0.026146592370338596	-0.02386055150735822	18689770
2022-06-28	0.04948268106162839	-0.006672664567401307	0.05248163142899985	-0.022342180236917003	0.04948268106162839	21992658
2022-06-27	0.01045454545454542	0.005530303030302953	0.022727272727272728	0.0006060606060607008	0.01045454545454542	11412996
2022-06-24	0.029480580252690698	0.01208859772266426	0.04211511464670103	0.0021837466853845042	0.029480580252690698	13638841
2022-06-23	0.01271621514888239	0.0	0.016507384882710602	-0.01508569623252505	0.01271621514888239	11901930
2022-06-22	-0.029064417177914158	0.004294478527607379	0.006748466257668676	-0.029064417177914158	-0.029064417177914158	9890924
2022-06-21	-0.022122234720659835	-0.0017997750281213399	0.002624671916010456	-0.030746156730408657	-0.022122234720659835	11829745
2022-06-20	0.016464669563228878	0.0028965622379754207	0.030490128820794268	-0.008842137358030312	0.016464669563228878	13886166
2022-06-17	0.00030499428135716386	-0.008768585589020248	0.0038886770873045435	-0.024933282500953183	0.00030499428135716386	10836769
2022-06-16	0.004211332312404375	0.0	0.0258805513016845	-0.0022970903522203903	0.004211332312404375	9339954
2022-06-15	-0.007070630274462151	-0.0021287919105907483	0.019843381738006427	-0.014597430244050691	-0.007070630274462151	12390229
2022-06-14	-0.01615678061186324	-0.00590919290896845	-0.0013463983843219898	-0.04555314533622562	-0.01615678061186324	12579711
2022-06-13	-0.022090556652768708	-0.019822982956623568	-0.0008046229244386924	-0.036866359447004754	-0.022090556652768708	14423273
2022-06-10	0.0001463164825518343	-0.018289560318969934	0.009510571365864449	-0.018289560318969934	0.0001463164825518343	14504223
2022-06-09	-0.04131014167484931	-0.007574694908121843	0.0	-0.05197082339739111	-0.04131014167484931	10955821
2022-06-08	0.019448019448019438	-0.001859001859001997	0.04032604032604022	-0.005934505934506023	0.019448019448019438	10307399
2022-06-07	-0.028412643278916117	-0.003542896839180208	-0.003542896839180208	-0.043417853421326855	-0.028412643278916117	15655892
2022-06-06	-0.007378292649289901	-6.89560060682618e-05	0.01572196938353331	-0.02427251413598131	-0.007378292649289901	9415817
2022-06-02	0.00813347236704912	-0.007368786930830743	0.020090371915189538	-0.02572123740006944	0.00813347236704912	8689524
2022-06-01	0.001461988304093623	-0.0023670286828179825	0.014271790587580142	-0.011487050960735014	0.001461988304093623	5956124
2022-05-31	0.011549295774647791	-0.0029577464788731514	0.02014084507042263	-0.033943661971830935	0.011549295774647791	9329935
2022-05-30	0.02187679907887156	0.010362694300518118	0.030512377662636588	-0.006908462867012147	0.02187679907887156	6349633
2022-05-27	-0.006008583690987148	0.01144492131616591	0.029971387696709567	-0.010944206008583698	-0.006008583690987148	7064557
2022-05-26	-0.009844889864721202	0.0	0.007082654578936185	-0.026914087399957584	-0.009844889864721202	7350531
2022-05-25	-0.0011319419879730922	0.0056597099398656625	0.022072868765475803	-0.013795542978422276	-0.0011319419879730922	7568682
2022-05-24	-0.0468001888192056	-0.008699170544203872	0.0014161440420797625	-0.048890687167037566	-0.0468001888192056	11663155
2022-05-23	0.04246045694200346	0.012302284710017574	0.049068541300527166	0.0072407732864674945	0.04246045694200346	15577464
2022-05-20	0.033718479761645125	0.010101010101010001	0.05326647772690926	0.006758229779812356	0.033718479761645125	12517153
2022-05-19	0.020542865618510903	-0.022174428952833055	0.03589439335508753	-0.028255710471670144	0.020542865618510903	13414345
2022-05-18	0.03946962688868336	0.0026981190255935426	0.041936478569226006	-0.0026981190255935426	0.03946962688868336	13176696
2022-05-17	0.039423076923076936	-0.0026442307692307555	0.05272435897435896	-0.0026442307692307555	0.039423076923076936	10432761
2022-05-16	-0.012736334150779207	0.007673443556680633	0.01866940906573858	-0.015267779447828436	-0.012736334150779207	6213061
2022-05-13	-0.017029548989113512	0.003110419906687447	0.01710730948678085	-0.020217729393468074	-0.017029548989113512	7440317
2022-05-12	-0.005798221878623889	-0.018167761886354807	0.005257054503285712	-0.020564360262852698	-0.005798221878623889	7976252
2022-05-11	0.05678104575163389	-0.006535947712418394	0.08807189542483661	-0.011437908496732072	0.05678104575163389	17461262
2022-05-10	0.04499274310595074	-0.026722445146418472	0.0499445061043286	-0.030991206351916635	0.04499274310595074	12518935
2022-05-09	-0.018189438390611917	-0.002514668901927889	0.002849958088851663	-0.030762782900251483	-0.018189438390611917	7019085
2022-05-06	-0.04537088901336322	-0.03192766263903333	-0.02376570376890453	-0.04689125390093622	-0.04537088901336322	7188710
2022-05-05	0.0012819485618139298	-0.000881339636247091	0.025078118740485503	-0.009694735998718115	0.0012819485618139298	9402407
2022-04-29	0.05271592442645074	0.01636302294197029	0.06882591093117406	0.008434547908232119	0.05271592442645074	13126663
2022-04-28	-0.05151999999999998	-0.008	-0.008	-0.072	-0.05151999999999998	14991954
2022-04-27	0.077957916522939	-0.02552604346326314	0.08054501552259404	-0.029837875129354898	0.077957916522939	12786366
2022-04-26	-0.057235772357723626	0.0022764227642276514	0.01341463414634151	-0.06495934959349589	-0.057235772357723626	11065071
2022-04-25	-0.05384615384615385	-0.02807692307692312	-0.015384615384615385	-0.05684615384615385	-0.05384615384615385	10044388
2022-04-22	-0.020494273658830612	-0.008514165159734745	0.018233875828812442	-0.03172091621458716	-0.020494273658830612	6865697
2022-04-21	-0.005842696629213492	-0.015280898876404434	0.018726591760299626	-0.017078651685393267	-0.005842696629213492	7190193
2022-04-20	-0.013084941228653878	0.009092925260589855	0.01552450654247057	-0.015154875434316635	-0.013084941228653878	7727362
2022-04-19	-0.032403433476394856	-0.012303290414878388	-0.005722460658083056	-0.03426323319027196	-0.032403433476394856	7347218
2022-04-18	0.055891238670694905	-0.0037764350453172203	0.060422960725075525	-0.018277945619335465	0.055891238670694905	12101826
2022-04-15	0.013782542113323212	-0.0047473200612557775	0.03369065849923435	-0.016079632465543604	0.013782542113323212	11916596
2022-04-14	0.059205190592051885	0.012165450121654502	0.07948094079480938	0.007866991078669902	0.059205190592051885	13045575
2022-04-13	-0.029821386419073146	-0.008576599260366696	0.014084507042253459	-0.03060823038791408	-0.029821386419073146	8997761
2022-04-12	0.028402654151157187	-0.0025894157630684026	0.03333872794950643	-0.012866159572746427	0.028402654151157187	9355640
2022-04-11	-0.08030066235022702	-0.019796085435737118	-0.012130683932425359	-0.08268214631242092	-0.08030066235022702	12958545
2022-04-08	0.010452699654083433	0.003308768235824919	0.026394946608512704	-0.01263347871860414	0.010452699654083433	7404211
2022-04-07	-0.013501483679525382	-0.005934718100890291	0.006528189910979194	-0.013501483679525382	-0.013501483679525382	6225403
2022-04-06	-0.04015949871831377	-0.004984334947308378	-0.004557106237539066	-0.05197949302193115	-0.04015949871831377	11834564
2022-04-01	-0.004183507055236499	-0.007657945118060076	0.006877969226405721	-0.015812238530808976	-0.004183507055236499	7551879
2022-03-31	-0.037928917388634985	-0.01084657889351254	-0.005320963230779734	-0.05518793915001025	-0.037928917388634985	11716197
2022-03-30	0.03326989497427221	0.005709452315500122	0.03594840346796359	0.004440685134277828	0.03326989497427221	11053510
2022-03-29	-0.05306367641169396	0.007876118008276645	0.012414897877453035	-0.07061807502336126	-0.05306367641169396	15271347
2022-03-28	-0.020976279160948887	-0.009017839639286384	-0.001241586617003187	-0.026269358949225708	-0.020976279160948887	6947384
2022-03-25	-0.008937244997085652	0.01677352503076228	0.029726054012045873	-0.01016773525030758	-0.008937244997085652	10659717
2022-03-24	-0.022102596580114053	-0.010829639012032983	-0.005699810006333158	-0.02469917669411023	-0.022102596580114053	7320340
2022-03-23	-0.01176617849543119	0.005132056577794425	0.01057704343472273	-0.025034422330704718	-0.01176617849543119	9688903
2022-03-22	0.003328100470957621	0.007849293563579277	0.027189952904238698	-0.0009419152276295491	0.003328100470957621	9067595
2022-03-21	-0.014176055466138369	-0.00024761668936481397	0.0069951714745573575	-0.034233007304692344	-0.014176055466138369	11067941
2022-03-18	-0.007739557739557858	-0.00018427518427519124	0.007309582309582295	-0.01719901719901727	-0.007739557739557858	8773569
2022-03-17	0.014203837528033897	0.030089708447545375	0.04036880139546467	0.0072265138300523085	0.014203837528033897	19759373
2022-03-16	0.09308818522301679	0.02941777323799791	0.09635682669390538	0.017568947906026644	0.09308818522301679	23541083
2022-03-15	-0.04846756949394167	-0.01490312965722809	0.01114494913497051	-0.050735437050476326	-0.04846756949394167	13974635
2022-03-14	-0.02211380053225181	-0.017741731086047288	0.01748827778481827	-0.02420479026739319	-0.02211380053225181	10675565
2022-03-11	-0.008855115242102599	-0.026565345726307792	0.0008792313006343955	-0.036927714626640684	-0.008855115242102599	14173018
2022-03-10	0.03201762913993129	0.03700823125283562	0.06293343703415652	0.008684943936742521	0.03201762913993129	21170402
2022-03-09	0.024501992031872494	0.009296148738379853	0.029548472775564525	-0.03054448871181935	0.024501992031872494	16821853
2022-03-08	0.003999999999999962	-6.666666666660604e-05	0.030066666666666606	-0.032133333333333285	0.003999999999999962	15014206
2022-03-07	-0.030819926342314466	0.0001292240098209072	0.0098856367513084	-0.040253279059249324	-0.030819926342314466	13065771
2022-03-04	0.043487055016181345	0.011326860841423994	0.06917475728155353	-0.00026968716289099275	0.043487055016181345	18876935
2022-03-03	-0.014485049833887088	0.0033222591362126247	0.018604651162790774	-0.016611295681063124	-0.014485049833887088	7545506
2022-03-02	-0.01723912759566401	-0.007378869008750134	-0.007378869008750134	-0.03793914065560908	-0.01723912759566401	10810193
2022-03-01	-0.0011088643924076441	0.0007175004892047826	0.010827734655273607	-0.011480007827278005	-0.0011088643924076441	6271631
2022-02-28	-0.008985132514544192	-0.0029088558500322474	0.008209437621202393	-0.012411118293471154	-0.008985132514544192	7490271
2022-02-25	0.01957424372240163	0.018256112832004286	0.03526000131813104	0.004349831938311452	0.01957424372240163	10695172
2022-02-24	-0.014100064977258063	-0.00617283950617295	0.018323586744639332	-0.030084470435347597	-0.014100064977258063	13323655
2022-02-23	0.052811602134354894	0.00020522643316459938	0.06033657135038988	0.0001368176221096033	0.052811602134354894	13550981
2022-02-22	0.01232686980609419	-0.009695290858725801	0.022091412742382254	-0.023545706371191175	0.01232686980609419	8011270
2022-02-21	-0.010891156928556774	6.849784231790468e-05	0.004452359750667698	-0.015891499417768486	-0.010891156928556774	6608874
2022-02-18	-0.022235617172325986	-0.009443439823186635	-0.005424954792043414	-0.02511553144464537	-0.022235617172325986	6581244
2022-02-17	0.024074074074074008	0.0	0.044581618655692726	-0.010013717421124882	0.024074074074074008	9684800
2022-02-16	0.0033721010253940477	0.011836762783015613	0.025600440437684942	-0.0007570022710069069	0.0033721010253940477	7343347
2022-02-15	0.041350150494481944	0.01067794180880041	0.04385839185896521	0.00623477139171567	0.041350150494481944	10160246
2022-02-14	-0.012455767869780745	-0.017126680820948446	0.004670912951167704	-0.029016277423920895	-0.012455767869780745	6783559
2022-02-11	-0.025785990071704224	-0.010617760617760564	0.0057915057915058155	-0.02999172642029781	-0.025785990071704224	6908940
2022-02-10	0.012354296084316197	0.007189223145110638	0.02561596984714167	-0.006072450617714836	0.012354296084316197	8329467
2022-02-09	0.016387627695800242	-0.0004256526674233986	0.024616912599318946	-0.018870601589103267	0.016387627695800242	8084266
2022-02-08	-0.01995411249391646	0.0019467426823333179	0.006326913717583234	-0.0464437182785233	-0.01995411249391646	9953786
2022-02-07	0.034004313443565914	0.027677929547088385	0.07699496764917332	0.01581595974119351	0.034004313443565914	12630400
2022-01-28	-0.05122433667553385	0.0026601186822180363	0.011731805470295332	-0.05272491644499023	-0.05122433667553385	14685267
2022-01-27	-0.022078441835645505	-0.0060699039487726566	0.01307363927427967	-0.039487726787619984	-0.022078441835645505	11046898
2022-01-26	0.010174516542011933	0.0	0.03901354356175454	-0.005457853244390555	0.010174516542011933	11249493
2022-01-25	-0.04559485530546626	0.029581993569131795	0.03536977491961415	-0.06045016077170422	-0.04559485530546626	18536645
2022-01-24	0.016339869281045753	-0.0032679738562091504	0.018431372549019564	-0.005359477124182962	0.016339869281045753	6634721
2022-01-21	-0.036523929471032814	-0.014609571788413234	-0.0017632241813602086	-0.037846347607053014	-0.036523929471032814	8279712
2022-01-20	0.005699810006333158	-0.0001266624445852453	0.03736542115262828	-0.008233058898036804	0.005699810006333158	7249016
2022-01-19	-0.021503377331598184	-0.011092520294974232	0.0008056020325958695	-0.029063642560575063	-0.021503377331598184	7947419
2022-01-18	-0.0021025292189722554	-0.0032156329231340683	0.01323356626058986	-0.010079772432131566	-0.0021025292189722554	8091719
2022-01-17	0.027382465057179176	0.0008894536213468002	0.0358958068614994	-0.008894536213468906	0.027382465057179176	10085287
2022-01-14	0.014567487430707874	-0.013793992522882471	0.03132654376692029	-0.01669459842722686	0.014567487430707874	10539679
2022-01-13	0.001096986513518665	-0.001096986513518665	0.029876750338775217	-0.016519326321223476	0.001096986513518665	10348483
2022-01-12	0.01826664038373087	0.008870490833826102	0.022340495433339942	-0.005519416518825176	0.01826664038373087	10990127
2022-01-11	-0.027539936102236436	-0.00293929712460069	-0.00019169329073483155	-0.03514376996805112	-0.027539936102236436	9804885
2022-01-10	-0.0031847133757961785	-0.009044585987261067	0.006369426751592357	-0.03611464968152858	-0.0031847133757961785	9994758
2022-01-07	-0.03657339224349539	-0.01196612665684841	0.006259204712812849	-0.03884388807069227	-0.03657339224349539	14487899
2022-01-06	0.029437776373973445	-0.020846493998736646	0.06001263423878711	-0.023373341756159297	0.029437776373973445	16493526
2022-01-05	-0.09995451444166469	-0.006311121219012879	-0.006311121219012879	-0.10001137138958383	-0.09995451444166469	25663497
2022-01-04	0.00017059994313335875	0.004037531987489383	0.01734432755189088	-0.027523457492180856	0.00017059994313335875	10874197
2021-12-31	-0.0035133450444835073	0.010143367144557103	0.010143367144557103	-0.024366747889159695	-0.0035133450444835073	11216088
2021-12-30	0.0695151515151515	-0.00036363636363637744	0.09745454545454553	-0.003757575757575785	0.0695151515151515	22836351
2021-12-29	-0.03520056133785528	-0.005964214711729682	-0.0012863992515495196	-0.04806455385335048	-0.03520056133785528	12086019
2021-12-28	0.019797257006559463	0.0077519379844961924	0.024150268336314916	-0.006857483601669513	0.019797257006559463	10959384
2021-12-27	-0.035597216631203625	0.003335441946057925	0.005693254356202249	-0.04341825291851161	-0.035597216631203625	11418962
2021-12-24	0.01387674188093986	0.004606145414261679	0.027928400676345524	0.00023322255262095775	0.01387674188093986	9993805
2021-12-23	0.0025134440028055783	-0.0006429740472294461	0.012041150339022526	-0.009352349777881824	0.0025134440028055783	8278923
2021-12-22	0.029176442278770517	0.010527582265535703	0.05275822655357042	0.010527582265535703	0.029176442278770517	15862196
2021-12-21	0.016821629557132373	0.013518473207731882	0.038047467580132124	0.00929777342794232	0.016821629557132373	10451909
2021-12-20	-0.021897810218978082	-0.006820629412468508	0.020102907742012767	-0.024709824099557232	-0.021897810218978082	10634034
2021-12-17	-0.022115609641937758	-0.004505031593727954	0.0033934004212497807	-0.02293470629534278	-0.022115609641937758	11549503
2021-12-16	0.0026397606616999393	0.011849592303631197	0.035900744999120104	-0.00023464539215106494	0.0026397606616999393	13091264
2021-12-15	-0.012054476963199145	0.003187481889307348	0.011301072152999064	-0.013039698638075919	-0.012054476963199145	7551329
2021-12-14	-0.010607798165137582	-0.005160550458715629	0.009977064220183376	-0.013761467889908289	-0.010607798165137582	9307658
2021-12-13	-0.002744739249771213	0.0	0.00811985361390677	-0.009949679780420913	-0.002744739249771213	10565654
2021-12-10	-0.029037810227083547	-0.006107378824052094	-0.006107378824052094	-0.032258064516129045	-0.029037810227083547	15091916
2021-12-09	-0.002436998061478802	-0.0030462475768485812	0.005206314040432001	-0.018942121296039966	-0.002436998061478802	13885848
2021-12-08	0.055847953216374334	0.023391812865497075	0.08578947368421046	0.023391812865497075	0.055847953216374334	26639626
2021-12-07	-0.009384775808133499	0.02496813810682425	0.03209361603522183	-0.01697369945545132	-0.009384775808133499	14600082
2021-12-06	-0.02192758796532384	0.02396736359000504	0.024703949232251034	-0.02192758796532384	-0.02192758796532384	18003760
2021-12-03	0.039460510041816464	0.007008657753695729	0.06843748159491139	0.005418458095294281	0.039460510041816464	30229632
2021-12-02	0.024930580707473112	0.02619823735361586	0.03899553301943745	0.006096824821924369	0.024930580707473112	36239228
2021-12-01	0.10000000000000002	0.019256308100929653	0.10000000000000002	0.019256308100929653	0.10000000000000002	22869362
2021-11-30	0.002462890234973072	0.010250948545563606	0.020701590893962684	-0.003794182253877343	0.002462890234973072	10353673
2021-11-29	-0.011579709191394297	-0.015000986907033364	0.005855648397920825	-0.01822488321600112	-0.011579709191394297	10942530
2021-11-26	-0.02776178596558564	6.396724876857228e-05	0.00428580566749816	-0.035437855817821405	-0.02776178596558564	14399375
2021-11-25	0.001986924753236779	-6.409434687872918e-05	0.0063453403409818015	-0.020317907960517984	0.001986924753236779	14300491
2021-11-24	-0.037863838184509044	-0.003515046867291522	0.009065120868278237	-0.03798717316230881	-0.037863838184509044	19600320
2021-11-23	-0.019944397437447185	-0.0027801281276441914	0.006889882751118012	-0.022422337725129988	-0.019944397437447185	14711524
2021-11-22	0.03866917765222848	-0.0018832391713748359	0.04130571249215307	-0.010295040803515471	0.03866917765222848	20478549
2021-11-19	0.004476953149631174	0.0003783340689829262	0.010782520966013039	-0.009836685793555724	0.004476953149631174	11557095
2021-11-18	-0.020565711462450495	-0.004384881422924775	0.006608201581027802	-0.02062747035573107	-0.020565711462450495	10898782
2021-11-17	-0.007721534501777296	-0.0016546145360951724	0.0017771785758058096	-0.025983576418678815	-0.007721534501777296	14492985
2021-11-16	-0.02158532198105285	-0.00767478114881881	0.0019786545149299227	-0.022544669624655178	-0.02158532198105285	12068992
2021-11-15	0.02463598943294213	0.001474473183018865	0.03815199361061608	0.00141303680039313	0.02463598943294213	19036137
2021-11-12	-0.010877491492464706	-0.012882839086047669	0.0014584346135148828	-0.018777345649003425	-0.010877491492464706	13058279
2021-11-11	-0.009867629362214119	-0.008423586040914425	0.017930204572803962	-0.030505415162454835	-0.009867629362214119	19608437
2021-11-10	0.01156421180766876	-0.007912355447352472	0.013572732805842907	-0.025623858794887447	0.01156421180766876	12947333
2021-11-09	0.014260139514784876	0.0012963763195257703	0.028582011235261405	-0.014753997160318628	0.014260139514784876	16200385
2021-11-08	-0.031797262566493296	-0.013806706114398435	-0.007889546351084771	-0.04644073874843112	-0.031797262566493296	16762338
2021-11-05	0.0018562874251497141	0.01317365269461071	0.01982035928143714	-0.007784431137724619	0.0018562874251497141	13672547
2021-11-04	-0.010663507109004806	0.007109004739336425	0.01658767772511838	-0.019549763033175422	-0.010663507109004806	15654761
2021-11-03	-0.01860465116279063	0.00668604651162794	0.014534883720930232	-0.02366279069767438	-0.01860465116279063	17581047
2021-11-02	0.005318838038459271	0.005318838038459271	0.022152083698638098	-0.01209889531825351	0.005318838038459271	20835609
2021-11-01	0.009320984012742685	-0.003008672054745979	0.029024836292844174	-0.015043360273730063	0.009320984012742685	21310186
2021-10-29	0.031710286062081434	0.009738283627510617	0.07699330493000595	6.086427267188621e-05	0.031710286062081434	31970400
2021-10-28	0.042777354658542835	0.09164762630109163	0.09164762630109163	0.02564102564102559	0.042777354658542835	41154185
2021-10-27	-0.0028479210176570384	0.00012657426745149187	0.0003797228023542958	-0.02854249731029676	-0.0028479210176570384	15100540
2021-10-26	0.03545216251638268	-0.004259501965924022	0.052948885976408996	-0.007011795543905591	0.03545216251638268	20057868
2021-10-25	-0.011658031088082974	0.012694300518134766	0.015349740932642516	-0.027396373056994935	-0.011658031088082974	13945109
2021-10-22	0.05255982002863186	0.008930397436771438	0.06135387551980367	0.0025223259935919598	0.05255982002863186	21608309
2021-10-21	-0.0010215200217924658	-0.011781530918005923	0.01334786161808777	-0.013620266957232362	-0.0010215200217924658	9501857
2021-10-20	-0.010845402492421592	-0.00498484338160984	0.01488716739642983	-0.013539912428427019	-0.010845402492421592	10901354
2021-10-19	-0.005759828544638763	-0.00743419730761512	0.0066305003013864385	-0.019891500904159126	-0.005759828544638763	11533702
2021-10-18	-0.040054005400539994	-0.02918863314902914	-0.021473575929021497	-0.04828339976854823	-0.040054005400539994	22414963
2021-10-15	0.06446756090884195	-0.0008212428141254075	0.06665754174650977	-0.007664932931836877	0.06446756090884195	24228909
2021-10-14	0.0059204185598238585	-0.001789893983202471	0.01879388682362673	-0.00729726008536419	0.0059204185598238585	7015624
2021-10-13	0.021878297572986177	0.005698206120295478	0.026310235666549282	-0.009919099542736521	0.021878297572986177	8695223
2021-10-12	-0.03529012555140813	-0.009161859518154018	0.006786562606040041	-0.043094672548354224	-0.03529012555140813	14492695
2021-10-11	-0.01569806279225113	-0.004676018704074741	0.018036072144288692	-0.0180360721442885	-0.01569806279225113	12175384
2021-10-08	0.03248499896544575	0.020346230774536095	0.07524656872887782	0.010276570797985935	0.03248499896544575	16662947
2021-09-30	-0.013941784548422083	-0.0003400435255711572	0.012717627856365647	-0.01795429815016313	-0.013941784548422083	12542575
2021-09-29	-0.03838859459812965	-0.005951213131907636	-0.005951213131907636	-0.05630763194035698	-0.03838859459812965	17178949
2021-09-28	0.0531717060403609	-0.01508368344927335	0.08306357187134102	-0.016116812452648278	0.0531717060403609	19719236
2021-09-27	-0.03335552596537943	0.015579227696404817	0.01784287616511323	-0.03462050599201058	-0.03335552596537943	15884394
2021-09-24	-0.002722262797955149	-0.0040501958701282354	0.01786069982072902	-0.017329526591859858	-0.002722262797955149	9218252
2021-09-23	0.00884185143010263	-0.0019425279657042807	0.03148234978900139	-0.01895639359635598	0.00884185143010263	12637164
2021-09-22	-0.012958677685950467	-0.019107438016528835	0.0036363636363637114	-0.021487603305785124	-0.012958677685950467	7626833
2021-09-17	0.022650439486139245	0.008722109533468506	0.028397565922920816	0.008451656524678837	0.022650439486139245	8022325
2021-09-16	-0.024084460574068	-0.000989772352358995	0.012471131639722773	-0.028043549983503793	-0.024084460574068	14755485
2021-09-15	-0.019981893429901545	-0.00420331091567497	0.005302638385928748	-0.026771857216761424	-0.019981893429901545	11094351
2021-09-14	-0.004249839021249356	-0.007855763039278808	0.02446877012234374	-0.016097875080489373	-0.004249839021249356	10662965
2021-09-13	-0.028767979987492146	0.0	0.006879299562226356	-0.04940587867417139	-0.028767979987492146	14970675
2021-09-10	0.036628849270664544	0.004862236628849271	0.05400324149108598	-0.0036952998379254014	0.036628849270664544	17133337
2021-09-09	-0.011217948717948718	0.0	0.00641025641025641	-0.022051282051282036	-0.011217948717948718	9904168
2021-09-08	0.0	0.00044871794871790497	0.019423076923076932	-0.00641025641025641	0.0	9666434
2021-09-07	0.022548505506030398	0.00039328788673310353	0.032577346617724164	0.00039328788673310353	0.022548505506030398	11375874
2021-09-06	0.03171704875904509	6.762696963542912e-05	0.04957056874281453	-0.010211672414959024	0.03171704875904509	15998089
2021-09-03	0.00942043825517097	0.010307870844426179	0.03379070243702634	-0.0026622977677658185	0.00942043825517097	15064793
2021-09-02	-0.04659941425317277	-0.01399284087211198	0.0035795639440285255	-0.05056947608200462	-0.04659941425317277	24118021
2021-09-01	0.003920287487749064	-0.009147337471414607	0.012675596210388745	-0.04730480235217255	0.003920287487749064	32292937
2021-08-31	-0.10002352111019634	-0.10002352111019634	-0.06509467246854048	-0.10002352111019634	-0.10002352111019634	32987921
2021-08-30	-0.030997150997150984	0.042735042735042736	0.04387464387464381	-0.03886039886039882	-0.030997150997150984	26518420
2021-08-27	0.044642857142857144	-0.0005952380952380614	0.050595238095238096	-0.007976190476190496	0.044642857142857144	17659586
2021-08-26	-0.019550627370878287	-0.013714619200466849	0.029413481178873605	-0.024978114969360966	-0.019550627370878287	16892288
2021-08-25	-0.04048605666927997	0.0	0.0005599731212901462	-0.06764475305185358	-0.04048605666927997	24827446
2021-08-24	0.07740573152337865	0.0062141779788838685	0.08265460030165905	0.0012066365007540791	0.07740573152337865	25335388
2021-08-23	-0.013921113689095148	0.010768040930453937	0.017907073591528294	-0.01998929145100847	-0.013921113689095148	18975459
2021-08-20	0.006406418393006784	0.005867560771165068	0.024907196742905018	-0.023170877739192935	0.006406418393006784	15447953
2021-08-19	0.0013189448441246934	0.0	0.02338129496402864	-0.01678657074340534	0.0013189448441246934	15174496
2021-08-18	0.01881260688981195	0.022843879794771618	0.026142193989738584	-0.0043977522599560155	0.01881260688981195	14653350
2021-08-17	-0.06177650429799428	5.7306590257827536e-05	0.005959885386819438	-0.06458452722063043	-0.06177650429799428	25256203
2021-08-16	0.012122266689867198	-0.0023780523171509577	0.04187692129226842	-0.026564584420857167	0.012122266689867198	26008377
2021-08-13	-0.08424071811759713	-0.03064747437191273	-0.022733308546236793	-0.08918043235778414	-0.08424071811759713	33027063
2021-08-12	0.012149884414816512	-0.00806408257620558	0.04564270738132364	-0.011397236707703913	0.012149884414816512	16897073
2021-08-11	0.01705943463283944	0.0022417846793155722	0.027776258953469368	-0.0075455191645251	0.01705943463283944	16640168
2021-08-10	-0.03610203436281239	5.2703699799678004e-05	0.007431221671761339	-0.06182143986507862	-0.03610203436281239	23441260
2021-08-09	-0.031938775510204034	-0.020357142857142903	-0.020357142857142903	-0.07908163265306123	-0.031938775510204034	20334161
2021-08-06	-0.012892828364222413	0.01918815471394038	0.041196615632554424	-0.03802377115229659	-0.012892828364222413	19567584
2021-08-05	-0.013856468835361272	-0.011671219269927958	0.023094114725602213	-0.0314874596473802	-0.013856468835361272	18586320
2021-08-04	0.01691919191919189	-0.005050505050505051	0.03530303030303035	-0.030252525252525298	0.01691919191919189	31034851
2021-08-03	-0.1	-0.022727272727272728	-0.022727272727272728	-0.1	-0.1	21650585
2021-08-02	-0.043686155183655775	-0.008911106281243256	-0.005868289502282211	-0.09154531623560096	-0.043686155183655775	26807946
2021-07-30	0.07044809455120755	-0.01307524079847379	0.09408589642175794	-0.021916150946908044	0.07044809455120755	27219543
2021-07-29	0.06449056416860673	0.02778740898509096	0.08970231314081933	0.0005448511565704772	0.06449056416860673	26577599
2021-07-28	-0.018140258729695644	-0.018188892131115693	0.031076743507440843	-0.07606263982102915	-0.018140258729695644	28403181
2021-07-27	0.02522935779816515	0.022138013562026316	0.1000199441563622	0.017500997207818062	0.02522935779816515	40414880
2021-07-26	0.02321310137237902	0.0011223917147084276	0.043314116626702766	-0.021733585021172345	0.02321310137237902	24868625
2021-07-23	0.033317518055775174	-0.003742949022088713	0.05698771680109654	-0.008909273024408233	0.033317518055775174	20610099
2021-07-22	0.030699847859161085	-0.00032601608346012975	0.04803303629645731	-0.01988698109106714	0.030699847859161085	18759083
2021-07-21	0.06504629629629619	0.006944444444444378	0.07598379629629627	-0.0042824074074074596	0.06504629629629619	23431613
2021-07-20	0.009463722397476367	-0.007652763173267918	0.020387895782217436	-0.02441874050706862	0.009463722397476367	11004849
2021-07-19	0.021665174574753775	-0.015219337511190756	0.03175171590569975	-0.021187705162638085	0.021665174574753775	12403019
2021-07-16	-0.03612725076223897	0.0006903296323993334	0.03733532761893793	-0.039981591209802776	-0.03612725076223897	18339032
2021-07-15	-0.006117781589479663	0.0006289308176099784	0.00514579759862782	-0.045168667810177275	-0.006117781589479663	16488983
2021-07-14	-0.021209916615367353	-0.0005036655660641525	0.016173260954726144	-0.02624657227600872	-0.021209916615367353	14845049
2021-07-13	-0.06932291666666668	-0.010416666666666666	0.002083333333333363	-0.08854166666666667	-0.06932291666666668	25137392
2021-07-12	0.015873015873015872	0.02222222222222216	0.03544973544973539	-0.013968253968253895	0.015873015873015872	20250109
2021-07-09	-0.011454573983994966	-0.006224174904545205	0.014645117422459393	-0.03943720905905117	-0.011454573983994966	15303078
2021-07-08	0.045325314379442275	0.0005467468562055457	0.06965554948059038	-0.0019136139967194878	0.045325314379442275	22741250
2021-07-07	0.022930648769574912	-0.024608501118568264	0.030984340044742684	-0.04368008948545862	0.022930648769574912	21712264
2021-07-06	-0.0652446675031367	-0.006691760769552494	-0.006691760769552494	-0.09556670849017149	-0.0652446675031367	28846274
2021-07-05	0.07285882550900225	0.020023557126030746	0.07998205171350059	0.009591115598182782	0.07285882550900225	23374111
2021-07-02	-0.03460038986354784	-0.022471301711067822	-0.00010829542993291223	-0.04266839939354557	-0.03460038986354784	20871304
2021-07-01	-0.01713677488025545	-0.005055880787653098	0.020436402341671118	-0.025172964342735592	-0.01713677488025545	17919062
2021-06-30	0.07525035765379116	0.014592274678111652	0.07828326180257515	0.012932761087267474	0.07525035765379116	22523636
2021-06-29	-0.02144697054541389	0.0023518871094186777	0.007951618322320457	-0.03180647328928215	-0.02144697054541389	14128090
2021-06-28	0.044327485380117035	0.0	0.06959064327485383	-0.0007602339181286284	0.044327485380117035	19982326
2021-06-25	-0.01121776338614547	-0.005435411125245737	0.009020469527003598	-0.04585405342893493	-0.01121776338614547	18334077
2021-06-24	-0.0012128212532486742	-0.009529309846953542	0.010049090384059952	-0.028876696505919723	-0.0012128212532486742	18493493
2021-06-23	0.047742950502238986	-0.013130824155875515	0.08616725160353389	-0.019544959457823974	0.047742950502238986	32887631
2021-06-22	0.040156092648539754	0.006986404833836944	0.05110775427995975	-0.015672205438066522	0.040156092648539754	25665039
2021-06-21	0.005569620253164528	0.0	0.024556962025316428	-0.019620253164556924	0.005569620253164528	21885455
2021-06-18	0.06182795698924723	0.028225806451612826	0.07513440860215038	0.02567204301075264	0.06182795698924723	37680848
2021-06-17	0.10002217786648925	0.007984031936127626	0.10002217786648925	0.007836179492866135	0.10002217786648925	25491527
2021-06-16	-0.018858344817581738	0.010879814317835641	0.041270762312323184	-0.020961775585696778	-0.018858344817581738	17999126
2021-06-15	-0.022198581560283655	0.0	0.030141843971631204	-0.028368794326241134	-0.022198581560283655	15391913
2021-06-11	-0.00423728813559318	0.00423728813559318	0.008474576271186562	-0.011299435028248548	-0.00423728813559318	11319651
2021-06-10	0.006468121401663207	-0.002132347714834113	0.010022034259719927	-0.008458312602174979	0.006468121401663207	10899841
2021-06-09	0.003566588201726229	-0.005563877594692925	0.017618945716527563	-0.008845138740281111	0.003566588201726229	9742605
2021-06-08	-0.0257140871499061	0.006880255750920906	0.00757523107929671	-0.031134894711237683	-0.0257140871499061	12918768
2021-06-07	0.00890478193801698	0.02187631468237277	0.029869583508624252	-0.002594306548871158	0.00890478193801698	20697636
2021-06-04	0.03347826086956525	-0.00014492753623195821	0.04268115942028976	-0.0071739130434783265	0.03347826086956525	18849869
2021-06-03	-0.002385599653003777	-0.0036868358273694736	0.010988216583532	-0.04055519410106277	-0.002385599653003777	14243200
2021-06-02	0.016534391534391533	0.025867136978247954	0.043503821281598964	0.012051734273956395	0.016534391534391533	18607191
2021-06-01	0.005988023952095824	0.0	0.025060989132845317	-0.03001404598210987	0.005988023952095824	14109153
2021-05-31	0.013258426966292211	0.01947565543071157	0.055505617977528066	0.0021722846441946967	0.013258426966292211	16603595
2021-05-28	-0.0028383627128771697	-0.004257544069315755	0.023827308037048085	-0.021511801613385086	-0.0028383627128771697	15960335
2021-05-27	0.0330246913580247	0.005015432098765476	0.05370370370370377	0.0030092592592593733	0.0330246913580247	18266203
2021-05-26	-0.005753739930955121	0.011891062523974004	0.011891062523974004	-0.010049865746068296	-0.005753739930955121	10939966
2021-05-25	0.08879051119278313	0.006264617440694955	0.09547276979619117	0.006264617440694955	0.08879051119278313	22781346
2021-05-24	-0.01707717569786534	-0.022742200328407194	-0.01206896551724137	-0.05541871921182266	-0.01707717569786534	14822506
2021-05-21	-0.29983904345826634	-0.28793975626580826	-0.2641986663600828	-0.30386295700160965	-0.29983904345826634	8418417
2021-05-20	-0.007077625570776146	-0.0011415525114154602	-0.000970319634703125	-0.02796803652968024	-0.007077625570776146	7442370
2021-05-19	0.012950971322849102	-0.003584643848288648	0.01809666975023124	-0.00578168362627197	0.012950971322849102	4972840
2021-05-18	-0.006547960941987285	-0.01171740379092471	-0.004997128087306172	-0.022802986789201604	-0.006547960941987285	4272625
2021-05-17	0.012857059747512991	0.006457618244226039	0.02839024957821877	0.0004072371865729339	0.012857059747512991	7284799
2021-05-14	0.02682198327359606	0.009557945041815976	0.030465949820788495	-0.023835125448028727	0.02682198327359606	8295981
2021-05-13	-0.01535203811540489	-0.014763837421328104	-0.0005293806246691572	-0.02352802776307276	-0.01535203811540489	5733769
2021-05-12	0.0238482384823847	-0.0015055706112616681	0.0238482384823847	-0.006323396567299074	0.0238482384823847	8231344
2021-05-11	-0.02012274283016639	-5.9010976041657774e-05	0.004307801251032631	-0.03210197096659977	-0.02012274283016639	7370985
2021-05-10	-0.047710030907558196	0.0	0.0	-0.055577409384658535	-0.047710030907558196	10043465
2021-05-07	-0.05032554168000858	0.01168747998719179	0.022414345180915878	-0.051126054007898304	-0.05032554168000858	8579640
2021-05-06	-0.030274802049371188	-0.004554158256999408	0.008487294933499015	-0.03224137038762092	-0.030274802049371188	6457444
2021-04-30	-0.0029411764705883467	0.0	0.0165118679050567	-0.004076367389060993	-0.0029411764705883467	5517235
2021-04-29	-0.010062828829749189	0.0037288655054400046	0.032742503958727055	-0.012106042805332812	-0.010062828829749189	8282326
2021-04-28	0.05258347222968977	0.03769019839776327	0.05640088176783687	-0.00962417334265294	0.05258347222968977	12841452
2021-04-27	0.010540613963596835	0.0024449877750610627	0.01390926378701441	-0.01662591687041566	0.010540613963596835	6159504
2021-04-26	0.05129376820700302	0.010338721654195478	0.08242417318786775	0.005312160849945775	0.05129376820700302	10276334
2021-04-23	0.025600468658465173	0.0076157000585823755	0.027299355594610577	0.0017574692442882916	0.025600468658465173	5477177
2021-04-22	0.0019957736557875967	0.0002347969006808643	0.017609767551068325	-0.005048133364639666	0.0019957736557875967	4527137
2021-04-21	-0.008381839348079147	-0.006635622817229422	0.0059371362048893	-0.01775320139697329	-0.008381839348079147	4891771
2021-04-20	0.007033997655334215	-0.0035169988276670242	0.029308323563892145	-0.009085580304806466	0.007033997655334215	7891756
2021-04-19	-0.019540229885057502	-0.03735632183908046	-0.0028735632183908046	-0.08333333333333333	-0.019540229885057502	14093433
2021-04-16	-0.03920485919381554	0.0001656543346217622	0.007620099392600748	-0.03931529541689677	-0.03920485919381554	6182336
2021-04-15	-0.008811778227792751	-0.0027913086311642456	0.004871107219090287	-0.03261999890536921	-0.008811778227792751	4509859
2021-04-14	0.01336661120354962	-0.0072102052135330635	0.028729894620077526	-0.008042151968940748	0.01336661120354962	4137243
2021-04-13	-0.01957585644371938	-0.0033170201196303078	0.011310494834148907	-0.02485046220772155	-0.01957585644371938	4962417
2021-04-12	0.01043956043956047	-0.018241758241758204	0.02785714285714282	-0.03175824175824177	0.01043956043956047	7521109
2021-04-09	-0.0010976948408341857	0.0	0.0165751920965972	-0.004390779363336899	-0.0010976948408341857	4497210
2021-04-08	-0.00010975743606634964	-0.01037207770826466	0.009439139501701234	-0.01536604104928115	-0.00010975743606634964	4139122
2021-04-07	0.012052207720077686	-0.00660927520133295	0.0132185504026659	-0.027381282976950885	0.012052207720077686	6205963
2021-04-06	-0.013478713495150839	0.011506218837324108	0.013588296531696993	-0.013752671086515757	-0.013478713495150839	4545748
2021-04-02	0.04273553105181963	0.01628292292749811	0.05564760326801125	0.01628292292749811	0.04273553105181963	9614001
2021-04-01	0.024286048689138612	0.003628277153558079	0.033707865168539276	0.0	0.024286048689138612	6904490
2021-03-31	0.010466560227071028	0.0028975223227483923	0.013423215658447056	-0.009402164271775787	0.010466560227071028	4251497
2021-03-30	-0.01879895561357691	-0.002030751378009831	0.006672468813461014	-0.024078909196402702	-0.01879895561357691	5647754
2021-03-29	0.008307494295910533	0.006961914233896903	0.033698005031299307	-0.001345580062013796	0.008307494295910533	6835178
2021-03-26	0.007010722281135841	-0.00011782726522923431	0.02097325321079299	-0.014374926357959217	0.007010722281135841	5597257
2021-03-25	0.016650694777192148	-0.011739338763775801	0.038751796837565876	-0.014734068040249208	0.016650694777192148	4657568
2021-03-24	-0.007372175980974915	-0.007134363852556413	0.008323424494649262	-0.02223543400713425	-0.007372175980974915	4166846
2021-03-23	-0.0077866918357717176	0.006724870221802656	0.02996696554978754	-0.011444077394997627	-0.0077866918357717176	4823714
2021-03-22	-0.002823529411764646	0.0	0.01547058823529409	-0.01935294117647054	-0.002823529411764646	4054611
2021-03-19	0.019184652278177387	-0.021702637889688275	0.05335731414868092	-0.03603117505995215	0.019184652278177387	8688322
2021-03-18	-0.012316437707247656	0.006572714353387101	0.009474182851729004	-0.021672193273330156	-0.012316437707247656	5132196
2021-03-17	0.08590534979423858	0.0	0.09342849794238683	-0.012795781893004173	0.08590534979423858	11340880
2021-03-16	0.014018386907478683	0.010627893329855875	0.024255069439916534	-0.04133794092716961	0.014018386907478683	9694892
2021-03-15	-0.09248520710059169	-0.005917159763313609	-0.005917159763313609	-0.10000000000000003	-0.09248520710059169	13216596
2021-03-12	-0.027282145735006383	0.0012087026591457322	0.0014964890065614763	-0.029526879244848595	-0.027282145735006383	5711743
2021-03-11	0.015667017420788066	5.845902022676783e-05	0.04057056003741376	-0.015667017420788066	0.015667017420788066	7035529
2021-03-10	-0.013608580325221921	0.011994002998500822	0.018221658401568593	-0.014531195940491189	-0.013608580325221921	5238520
2021-03-09	-0.0418784530386741	-0.012154696132596622	-0.0001104972375691173	-0.05519337016574591	-0.0418784530386741	9161412
2021-03-08	-0.07074648321182873	0.0011294794126706996	0.0036964780778313937	-0.07074648321182873	-0.07074648321182873	8244696
2021-03-05	0.0039688675841452	-0.015514664192567347	0.017937219730941797	-0.020050512860161778	0.0039688675841452	5300568
2021-03-04	-0.025075376884422157	-0.009296482412060273	0.008592964824120643	-0.032562814070351706	-0.025075376884422157	6163418
2021-03-03	-0.027655623961692546	-0.008208736440926448	-0.008208736440926448	-0.04666275774455186	-0.027655623961692546	9401558
2021-03-02	0.009171597633136021	0.008481262327416167	0.017603550295857955	-0.011242603550295863	0.009171597633136021	12307461
2021-03-01	0.053506493506493565	0.01818181818181818	0.06223376623376618	0.005194805194805195	0.053506493506493565	12874671
2021-02-26	-0.01990733669365102	-0.020314647930349827	0.020772873071635927	-0.03609795835242607	-0.01990733669365102	10089261
2021-02-25	0.010703442597643102	0.007976123089589785	0.028405289970668355	-0.009571347707507918	0.010703442597643102	10070047
2021-02-24	0.06075327510917044	0.004366812227074298	0.09170305676855901	0.0016375545851529006	0.06075327510917044	17262619
2021-02-23	-0.025531914893617082	-0.010638297872340425	-0.009042553191489302	-0.03893617021276592	-0.025531914893617082	5896885
2021-02-22	-0.04037568271144912	-0.01480271553264257	-0.0026032361798784694	-0.04037568271144912	-0.04037568271144912	8256545
2021-02-19	0.036177077272967706	-0.0014280425239328388	0.03972073835087544	-0.010683873697572233	0.036177077272967706	10455538
2021-02-18	0.02856054836252856	0.020563594821020572	0.05255140898705254	0.011587422478511564	0.02856054836252856	9118520
2021-02-10	0.0008711749972775595	0.006207121855602825	0.006207121855602825	-0.010780790591309973	0.0008711749972775595	4857492
2021-02-09	0.025632434243591913	0.006198693248450403	0.026246719160105084	-0.0059753169151728	0.025632434243591913	5991006
2021-02-08	0.019180421172453072	0.0	0.03710870802504275	-0.00022766078542966445	0.019180421172453072	6265294
2021-02-05	-0.05522396085390122	-0.015970317793192444	-0.011184599666612963	-0.058988008818626654	-0.05522396085390122	8796967
2021-02-04	0.021813186813186808	-0.010934065934065984	0.03021978021978022	-0.07142857142857142	0.021813186813186808	15769942
2021-02-03	-0.03983117910841472	-0.006647322606172615	-0.0010551305724084254	-0.03983117910841472	-0.03983117910841472	7853043
2021-02-02	0.02815144282924711	0.0034714688652635406	0.039542200043393316	0.003362985463223997	0.02815144282924711	7430417
2021-02-01	0.012967032967033042	-0.005494505494505495	0.016318681318681312	-0.007142857142857205	0.012967032967033042	5808456
2021-01-29	-0.023081052066559374	0.005850778314546296	0.011808910359634935	-0.030595813204508947	-0.023081052066559374	9653682
2021-01-28	-0.022970421648835723	-0.014054961191525104	0.011799874134675896	-0.025749947556114938	-0.022970421648835723	8024092
2021-01-27	-0.025701292729037865	0.006591385212814839	0.007613305400848095	-0.03857748709825768	-0.025701292729037865	11304197
2021-01-26	-0.03147424159944567	-0.009749096847627054	0.015489681793437895	-0.031870144009501646	-0.03147424159944567	10448500
2021-01-25	-0.03629339946585279	-0.05107783288821064	-0.014832125143075227	-0.07797596337275846	-0.03629339946585279	21974099
2021-01-22	-0.038385691355193784	-0.004815409309791384	-0.0002293052052282108	-0.04801650997477642	-0.038385691355193784	19050915
2021-01-21	-0.03303769401330372	0.0066518847006651885	0.0066518847006651885	-0.0411973392461197	-0.03303769401330372	15088330
2021-01-20	0.0022222222222222222	0.00035555555555561114	0.011511111111111126	-0.00844444444444447	0.0022222222222222222	10927176
2021-01-19	0.0016471530962026647	0.0011574589324666825	0.02168009615812672	-0.015581177937052042	0.0016471530962026647	15415461
2021-01-18	0.04576350093109862	-0.012476722532588486	0.06378026070763496	-0.031098696461824983	0.04576350093109862	22001659
2021-01-15	-0.02105550998085852	-0.008294594840944277	0.009342812870294466	-0.046212742685261085	-0.02105550998085852	16542026
2021-01-14	0.019941430762794553	0.012922419002463633	0.03704736670850183	-0.021986705712824756	0.019941430762794553	27717907
2021-01-13	0.043611138061511644	0.008877461919084178	0.043950713107596795	-0.009217036965169192	0.043611138061511644	23391489
2021-01-12	0.009549928987707472	-0.012929134629511663	0.011215044811205211	-0.038101767961212604	0.009549928987707472	13198597
2021-01-11	0.008046998420221146	0.026856240126382293	0.05746445497630325	0.002221563981042598	0.008046998420221146	16017900
2021-01-08	0.010022438294689557	0.0012465719272001994	0.018100224382946874	-0.019097481924707116	0.010022438294689557	9413583
2021-01-07	-0.015560573335951244	-0.0059886118201452915	-0.0010308266247791476	-0.03494993127822504	-0.015560573335951244	10361907
2021-01-06	-0.02479655337482052	0.011632359980852115	0.015797032072762004	-0.03757778841550979	-0.02479655337482052	12854464
