2024-12-31	0.014430014430014508	0.0	0.021645021645021696	-0.004329004329004237	0.014430014430014508	150008322
2024-12-30	0.008733624454148414	0.0014556040756913808	0.013100436681222686	-0.007278020378457034	0.008733624454148414	101846006
2024-12-27	-0.026912181303116078	0.0	0.004249291784702585	-0.029745042492917845	-0.026912181303116078	135566631
2024-12-26	0.0042674253200568075	-0.0028449502133713316	0.012802275960170676	-0.004267425320056934	0.0042674253200568075	65721520
2024-12-25	-0.014025245441795182	-0.0014025245441794932	0.007012622720897591	-0.018232819074333786	-0.014025245441795182	75465823
2024-12-24	0.036337209302325583	-0.0029069767441859845	0.036337209302325583	-0.005813953488372098	0.036337209302325583	179703430
2024-12-23	-0.0057803468208092535	0.0	0.007225433526011535	-0.0057803468208092535	-0.0057803468208092535	93667758
2024-12-20	0.0	0.0	0.013005780346820789	-0.0057803468208092535	0.0	75624835
2024-12-19	-0.0043165467625899635	-0.0043165467625899635	-0.002877697841726685	-0.018705035971223007	-0.0043165467625899635	85547782
2024-12-18	0.007246376811594177	0.0014492753623188096	0.024637681159420277	-0.0014492753623189384	0.007246376811594177	105243039
2024-12-17	0.0	0.0	0.014492753623188354	-0.004347826086956557	0.0	103904922
2024-12-16	-0.007194244604316521	0.0014388489208632786	0.018705035971223007	-0.010071942446043206	-0.007194244604316521	142580241
2024-12-13	-0.012784090909090889	-0.008522727272727217	0.007102272727272702	-0.015625000000000045	-0.012784090909090889	165867368
2024-12-12	0.0071530758226036936	0.0028612303290414267	0.0071530758226036936	-0.012875536480686674	0.0071530758226036936	153300163
2024-12-11	-0.008510638297872285	-0.002836879432624053	0.008510638297872412	-0.017021276595744695	-0.008510638297872285	121830756
2024-12-10	0.024709302325581384	0.024709302325581384	0.06104651162790697	0.02034883720930228	0.024709302325581384	213939000
2024-12-09	-0.021337126600284546	0.0014224751066856027	0.0028449502133712054	-0.03271692745376962	-0.021337126600284546	196608075
2024-12-06	-0.008462623413258055	0.0	0.0028208744710861017	-0.015514809590973122	-0.008462623413258055	110533680
2024-12-05	0.012857142857142836	-0.0028571428571427964	0.019999999999999955	-0.0042857142857143215	0.012857142857142836	103165911
2024-12-04	-0.0028490028490027884	-0.005698005698005577	0.0056980056980057035	-0.012820512820512801	-0.0028490028490027884	75732274
2024-12-03	0.005730659025787843	0.0	0.020057306590257833	-0.012893982808023029	0.005730659025787843	116967183
2024-12-02	0.011594202898550735	0.002898550724637619	0.01884057971014491	-0.005797101449275368	0.011594202898550735	99892126
2024-11-29	0.011730205278592386	0.0014662756598240157	0.0263929618768328	-0.0029325513196481615	0.011730205278592386	95830935
2024-11-28	-0.021520803443328476	0.004304160688665746	0.004304160688665746	-0.024390243902439015	-0.021520803443328476	88644676
2024-11-27	0.014556040756914067	-0.005822416302765653	0.01746724890829696	-0.014556040756914197	0.014556040756914067	85652092
2024-11-26	-0.010086455331412144	-0.005763688760806921	0.012968299711815541	-0.011527377521613843	-0.010086455331412144	69274772
2024-11-25	-0.008571428571428516	-0.0028571428571427964	0.0042857142857143215	-0.019999999999999955	-0.008571428571428516	88596599
2024-11-22	-0.0277777777777778	0.0	0.00555555555555556	-0.0277777777777778	-0.0277777777777778	76093381
2024-11-21	0.0027855153203343265	-0.0027855153203342024	0.006963788300835754	-0.00696378830083563	0.0027855153203343265	57719632
2024-11-20	-0.0013908205841447392	0.0	0.009735744089012432	-0.013908205841446527	-0.0013908205841447392	80158336
2024-11-19	0.005594405594405599	-0.0041958041958042305	0.009790209790209706	-0.011188811188811197	0.005594405594405599	66081274
2024-11-18	-0.013793103448275813	0.0027586206896551137	0.008275862068965464	-0.02620689655172419	-0.013793103448275813	111596673
2024-11-15	-0.005486968449931418	-0.00274348422496577	0.027434842249657088	-0.0068587105624142415	-0.005486968449931418	95479555
2024-11-14	-0.012195121951219494	-0.0040650406504065375	0.028455284552845524	-0.012195121951219494	-0.012195121951219494	123196381
2024-11-13	0.020746887966804906	-0.00414937759336103	0.02627939142461957	-0.006915629322268424	0.020746887966804906	101408556
2024-11-12	-0.022972972972972964	-0.0013513513513514425	0.0202702702702702	-0.02702702702702705	-0.022972972972972964	129655463
2024-11-11	-0.012016021361815735	-0.014686248331108187	-0.008010680907877236	-0.03604806408544732	-0.012016021361815735	129225451
2024-11-08	-0.020915032679738578	0.009150326797385542	0.014379084967320186	-0.03137254901960787	-0.020915032679738578	121437356
2024-11-07	0.017287234042553296	-0.0053191489361701	0.017287234042553296	-0.010638297872340318	0.017287234042553296	118205061
2024-11-06	0.004005340453938499	-0.0026702269692924514	0.021361815754339136	-0.006675567423230951	0.004005340453938499	110963306
2024-11-05	0.03168044077134992	0.0	0.04407713498622594	-0.008264462809917302	0.03168044077134992	132529557
2024-11-04	0.0027624309392264602	0.00414364640883969	0.009668508287292734	-0.011049723756906087	0.0027624309392264602	83069223
2024-11-01	0.00555555555555556	-0.002777777777777842	0.02083333333333326	-0.00694444444444442	0.00555555555555556	114111094
2024-10-31	-0.01234567901234566	-0.004115226337448594	0.001371742112482824	-0.0192043895747599	-0.01234567901234566	103675037
2024-10-30	-0.006811989100817414	-0.010899182561307912	0.010899182561307912	-0.017711171662125328	-0.006811989100817414	100631214
2024-10-29	-0.021333333333333353	0.0026666666666666098	0.0026666666666666098	-0.03200000000000003	-0.021333333333333353	146973636
2024-10-28	0.013513513513513466	-0.00540540540540541	0.029729729729729693	-0.013513513513513585	0.013513513513513466	167241878
2024-10-25	-0.00671140939597313	-0.00671140939597313	0.014765100671140863	-0.028187919463087244	-0.00671140939597313	162511232
2024-10-24	0.01498637602179841	-0.009536784741144453	0.017711171662125328	-0.01634877384196187	0.01498637602179841	147867549
2024-10-23	0.011019283746556485	0.00137741046831953	0.02617079889807168	0.0	0.011019283746556485	224388538
2024-10-22	0.03714285714285711	-0.0057142857142857195	0.07000000000000003	-0.01000000000000004	0.03714285714285711	342203824
2024-10-21	0.0014306151645207133	0.0014306151645207133	0.00429184549356214	-0.03433476394849788	0.0014306151645207133	193448092
2024-10-18	0.00286944045911054	0.0	0.020086083213773396	-0.017216642754662857	0.00286944045911054	180656543
2024-10-17	-0.008534850640113868	0.0028449502133712054	0.019914651493598817	-0.008534850640113868	-0.008534850640113868	119899123
2024-10-16	0.01884057971014491	-0.013043478260869672	0.04057971014492744	-0.0173913043478261	0.01884057971014491	213656210
2024-10-15	-0.010043041606886571	-0.0014347202295552062	0.017216642754662857	-0.010043041606886571	-0.010043041606886571	176472892
2024-10-14	0.01603498542274044	0.004373177842565504	0.020408163265306076	-0.01603498542274057	0.01603498542274044	167139937
2024-10-11	-0.03380281690140836	0.0	0.007042253521126861	-0.04929577464788728	-0.03380281690140836	142271878
2024-10-10	0.020114942528735587	-0.0014367816091953717	0.03735632183908043	-0.017241379310344845	0.020114942528735587	205064225
2024-10-09	-0.06577181208053694	-0.014765100671140983	-0.014765100671140983	-0.08322147651006713	-0.06577181208053694	311597897
2024-10-08	0.05374823196605373	0.10042432814710041	0.10042432814710041	-0.008486562942008556	0.05374823196605373	449487545
2024-09-30	0.084355828220859	0.03527607361963197	0.08742331288343563	0.03220858895705535	0.084355828220859	318060293
2024-09-27	0.03987240829346093	0.014354066985646053	0.06220095693779914	0.014354066985646053	0.03987240829346093	303805351
2024-09-26	0.06996587030716711	-0.010238907849829436	0.06996587030716711	-0.015358361774744153	0.06996587030716711	240699773
2024-09-25	-0.0034013605442176145	0.02040816326530614	0.028911564625850327	-0.00680272108843538	-0.0034013605442176145	154555375
2024-09-24	0.050000000000000044	0.008928571428571556	0.051785714285714296	0.0017857142857144064	0.050000000000000044	173749189
2024-09-23	0.009009009009008978	-0.0018018018018017634	0.02702702702702709	-0.005405405405405451	0.009009009009008978	121208736
2024-09-20	0.023985239852398504	-0.007380073800738014	0.025830258302582967	-0.01107011070110694	0.023985239852398504	134079959
2024-09-19	0.011194029850746195	0.0	0.01492537313432837	-0.02611940298507473	0.011194029850746195	155352291
2024-09-18	0.015151515151515164	0.0018939393939393534	0.017045454545454516	-0.005681818181818229	0.015151515151515164	64250632
2024-09-13	-0.020408163265306017	-0.003710575139146489	0.0074211502782931425	-0.024118738404452673	-0.020408163265306017	108859216
2024-09-12	-0.04092526690391467	-0.0035587188612100466	0.005338078291814991	-0.0480427046263346	-0.04092526690391467	163944223
2024-09-11	0.0053667262969589	-0.003577817531305827	0.017889087656529613	-0.0053667262969589	0.0053667262969589	86704941
2024-09-10	0.016363636363636337	0.0018181818181817794	0.021818181818181837	-0.007272727272727279	0.016363636363636337	69570932
2024-09-09	-0.04181184668989551	-0.005226480836236977	-0.0017421602787456073	-0.04529616724738672	-0.04181184668989551	104068676
2024-09-06	-0.0017391304347825717	0.0	0.008695652173913012	-0.006956521739130441	-0.0017391304347825717	49326312
2024-09-05	0.012323943661971882	-0.0035211267605633053	0.015845070422535187	-0.0052816901408449584	0.012323943661971882	65188756
2024-09-04	0.0017636684303350594	-0.005291005291005335	0.017636684303350907	-0.008818342151675453	0.0017636684303350594	83931269
2024-09-03	0.01795332136445236	0.0	0.021543985637342927	-0.0035906642728905673	0.01795332136445236	83905820
2024-09-02	-0.02792321116928449	-0.0052356020942408805	0.0	-0.02792321116928449	-0.02792321116928449	69280731
2024-08-30	0.03616636528028936	-0.005424954792043445	0.04701627486437609	-0.005424954792043445	0.03616636528028936	178788692
2024-08-29	0.0	0.0	0.0018083182640144279	-0.021699819168173616	0.0	101297385
2024-08-28	0.001811594202898673	-0.0018115942028985121	0.005434782608695698	-0.009057971014492723	0.001811594202898673	64934975
2024-08-27	-0.003610108303249181	-0.003610108303249181	0.0018050541516245102	-0.010830324909747223	-0.003610108303249181	48501273
2024-08-26	-0.0053859964093357715	0.0	0.003590664272890408	-0.016157989228007156	-0.0053859964093357715	68630382
2024-08-23	0.0	-0.0053859964093357715	0.005385996409335612	-0.008976660682226339	0.0	49260873
2024-08-22	-0.007130124777183606	0.0035650623885917243	0.008912655971479468	-0.010695187165775489	-0.007130124777183606	65142589
2024-08-21	-0.003552397868561203	-0.0017761989342806016	0.007104795737122564	-0.005328596802841963	-0.003552397868561203	58903072
2024-08-20	-0.014010507880910695	-0.001751313485113798	0.001751313485113798	-0.019264448336252245	-0.014010507880910695	102339924
2024-08-19	-0.013816925734024191	0.0017271157167529857	0.012089810017271206	-0.015544041450777177	-0.013816925734024191	81172299
2024-08-16	-0.008561643835616408	0.0	0.0017123287671232511	-0.011986301369863063	-0.008561643835616408	64733672
2024-08-15	-0.011844331641286003	-0.0033840947546532082	0.008460236886632796	-0.015228426395939063	-0.011844331641286003	99792405
2024-08-14	0.0	0.0	0.0050761421319797375	-0.01692047377326574	0.0	71898237
2024-08-13	0.0068143100511073315	0.001703577512776795	0.008517887563884127	-0.0034071550255537412	0.0068143100511073315	52858816
2024-08-12	0.015570934256055338	0.006920415224913501	0.025951557093425514	-0.006920415224913501	0.015570934256055338	85962597
2024-08-09	-0.02857142857142856	0.005042016806722731	0.013445378151260515	-0.03361344537815129	-0.02857142857142856	117221169
2024-08-08	0.0347826086956522	0.0017391304347825717	0.04173913043478265	-0.0017391304347825717	0.0347826086956522	119429317
2024-08-07	-0.008620689655172384	-0.003448275862068892	0.010344827586206983	-0.012068965517241275	-0.008620689655172384	45938089
2024-08-06	-0.0034364261168385673	0.0034364261168384146	0.012027491408934603	-0.020618556701030945	-0.0034364261168385673	68231746
2024-08-05	0.022847100175746905	-0.005272407732864718	0.04042179261862909	-0.0070298769771529055	0.022847100175746905	141611955
2024-08-02	-0.003502626970227596	-0.007005253940455348	0.003502626970227752	-0.008756567425569146	-0.003502626970227596	46388022
2024-08-01	-0.01551724137931032	0.0	0.008620689655172384	-0.01724137931034477	-0.01551724137931032	58571476
2024-07-31	0.030195381882770857	-0.003552397868561203	0.03374777975133222	-0.005328596802841963	0.030195381882770857	95829659
2024-07-30	-0.017452006980802882	-0.001745200698080397	0.001745200698080242	-0.03141361256544513	-0.017452006980802882	92216821
2024-07-29	-0.006932409012131569	-0.0017331022530328922	0.0	-0.024263431542460953	-0.006932409012131569	59096685
2024-07-26	0.0034782608695651434	0.0	0.006956521739130441	-0.008695652173913012	0.0034782608695651434	54130386
2024-07-25	0.014109347442680789	-0.0035273368606701188	0.017636684303350907	-0.008818342151675453	0.014109347442680789	72444192
2024-07-24	-0.015624999999999976	0.0017361111111110742	0.0034722222222223027	-0.01736111111111105	-0.015624999999999976	74480820
2024-07-23	-0.0415973377703827	0.0	0.0033277870216306925	-0.0415973377703827	-0.0415973377703827	130402795
2024-07-22	-0.01636661211129305	-0.0016366612111294067	0.0032733224222585224	-0.019639934533551572	-0.01636661211129305	88230695
2024-07-19	0.01158940397350998	0.0	0.018211920529801376	-0.0016556291390728123	0.01158940397350998	93884111
2024-07-18	0.006666666666666672	-0.0016666666666666312	0.016666666666666607	-0.006666666666666672	0.006666666666666672	89200597
2024-07-17	0.010101010101010034	0.0	0.015151515151515126	-0.00673400673400674	0.010101010101010034	82374622
2024-07-16	-0.0033557046979865056	0.0	0.005033557046979908	-0.011744966442953067	-0.0033557046979865056	76223009
2024-07-15	-0.016501650165016445	-0.008250825082508222	0.0	-0.019801980198019674	-0.016501650165016445	95750478
2024-07-12	0.05574912891986052	0.019163763066201992	0.0609756097560975	0.012195121951219407	0.05574912891986052	274255218
2024-07-11	-0.04651162790697664	0.006644518272425255	0.011627906976744234	-0.06976744186046512	-0.04651162790697664	355669885
2024-07-10	-0.00986842105263166	-0.0016447368421052282	0.0032894736842104563	-0.013157894736842117	-0.00986842105263166	80660528
2024-07-09	-0.009771986970683976	0.0	0.008143322475570149	-0.019543973941368097	-0.009771986970683976	77697114
2024-07-08	-0.012861736334405157	-0.0016077170418006088	0.008038585209003187	-0.017684887459806984	-0.012861736334405157	60430198
2024-07-05	-0.006389776357827482	-0.0031948881789136702	0.003194888178913812	-0.009584664536741151	-0.006389776357827482	58241905
2024-07-04	-0.004769475357710691	-0.006359300476947541	0.012718600953895083	-0.009538950715421242	-0.004769475357710691	76693634
2024-07-03	0.014516129032258041	0.0	0.016129032258064457	-0.006451612903225812	0.014516129032258041	69787321
2024-07-02	0.018062397372742255	-0.003284072249589421	0.024630541871921242	-0.004926108374384277	0.018062397372742255	91668960
2024-07-01	0.004950495049504992	-0.00330033003300323	0.006600660066006607	-0.01815181518151806	0.004950495049504992	62764360
2024-06-28	0.00831946755407651	-0.003327787021630545	0.01996672212978371	-0.0049916805324458175	0.00831946755407651	71876237
2024-06-27	0.0	-0.0049916805324458175	0.016638935108153168	-0.0066555740432612375	0.0	72685646
2024-06-26	0.011784511784511682	0.0	0.015151515151515126	-0.00673400673400674	0.011784511784511682	87246613
2024-06-25	-0.013289036544850363	0.0016611295681064244	0.004983388704318978	-0.024916943521594598	-0.013289036544850363	112849165
2024-06-24	-0.011494252873563265	-0.003284072249589421	0.004926108374384277	-0.014778325123152686	-0.011494252873563265	81052855
2024-06-21	0.014999999999999977	-0.0033333333333332624	0.020000000000000018	-0.005000000000000042	0.014999999999999977	112569720
2024-06-20	-0.006622516556291397	-0.0016556291390728123	0.0	-0.018211920529801376	-0.006622516556291397	108852275
2024-06-19	-0.001652892561983436	0.0033057851239670184	0.004958677685950454	-0.008264462809917326	-0.001652892561983436	72564419
2024-06-18	-0.014657980456026036	0.0	0.008143322475570149	-0.019543973941368097	-0.014657980456026036	78102712
2024-06-17	0.008210180623973698	-0.004926108374384277	0.008210180623973698	-0.008210180623973698	0.008210180623973698	55705533
2024-06-14	0.0	0.0016420361247947105	0.018062397372742255	-0.016420361247947397	0.0	123746940
2024-06-13	-0.05140186915887852	-0.042056074766355075	-0.03894080996884735	-0.054517133956386236	-0.05140186915887852	121791237
2024-06-12	-0.0015552099533436682	-0.0015552099533436682	0.009331259720062286	-0.004665629860031005	-0.0015552099533436682	87358999
2024-06-11	-0.012288786482334882	-0.006144393241167441	-0.003072196620583652	-0.024577572964669763	-0.012288786482334882	103836770
2024-06-07	-0.004587155963302791	-0.0015290519877675516	0.003058103975535103	-0.022935779816513815	-0.004587155963302791	73116999
2024-06-06	0.001531393568146981	0.0	0.012251148545176121	-0.0030627871362940984	0.001531393568146981	69067337
2024-06-05	-0.00457317073170722	0.001524390243902542	0.01676829268292688	-0.009146341463414575	-0.00457317073170722	91652651
2024-06-04	0.028213166144200583	0.0015673981191222236	0.029780564263322946	-0.0015673981191222236	0.028213166144200583	89105548
2024-06-03	0.006309148264984233	-0.0015772870662460231	0.02050473186119872	-0.006309148264984233	0.006309148264984233	115530505
2024-05-31	-0.003144654088050387	-0.003144654088050387	0.0062893081761006345	-0.0047169811320755105	-0.003144654088050387	77320618
2024-05-30	-0.015479876160990657	-0.0015479876160990381	0.00619195046439629	-0.020123839009287908	-0.015479876160990657	107555087
2024-05-29	-0.0030864197530864907	-0.0046296296296296675	0.0046296296296295305	-0.007716049382716158	-0.0030864197530864907	56550655
2024-05-28	-0.015197568389057697	-0.0030395136778116204	0.0030395136778114855	-0.019756838905775058	-0.015197568389057697	77552321
2024-05-27	0.0045801526717557635	0.0015267175572518759	0.007633587786259515	-0.007633587786259515	0.0045801526717557635	58802948
2024-05-24	-0.016516516516516564	-0.0015015015015014694	0.003003003003002939	-0.018018018018018035	-0.016516516516516564	73914053
2024-05-23	-0.010401188707280873	0.0	0.0029717682020801743	-0.01931649331352166	-0.010401188707280873	97170294
2024-05-22	-0.004437869822485113	0.0	0.004437869822485244	-0.0059171597633136145	-0.004437869822485113	64651735
2024-05-21	-0.01169590643274855	-0.004385964912280738	0.002923976608187202	-0.017543859649122823	-0.01169590643274855	77351065
2024-05-20	0.005882352941176476	-0.002941176470588173	0.008823529411764779	-0.005882352941176476	0.005882352941176476	100141682
2024-05-17	0.007407407407407381	0.0	0.022222222222222275	0.0	0.007407407407407381	110931313
2024-05-16	-0.02173913043478266	-0.004347826086956557	0.0014492753623188096	-0.028985507246376836	-0.02173913043478266	105424176
2024-05-15	0.010248901903367538	-0.004392386530014678	0.01756954612005858	-0.007320644216691043	0.010248901903367538	115697033
2024-05-14	0.030165912518853723	0.0015082956259426527	0.04072398190045256	0.0	0.030165912518853723	181592727
2024-05-13	0.001510574018126856	-0.004531722054380702	0.003021148036253712	-0.012084592145015116	0.001510574018126856	84859084
2024-05-10	0.0015128593040846878	0.0015128593040846878	0.015128593040847146	-0.00302571860816951	0.0015128593040846878	84140008
2024-05-09	0.01692307692307697	-0.0015384615384615057	0.02153846153846149	-0.0015384615384615057	0.01692307692307697	99631432
2024-05-08	-0.019607843137254888	-0.0060331825037707445	-0.0015082956259426527	-0.02564102564102563	-0.019607843137254888	147573077
2024-05-07	0.001510574018126856	0.0	0.013595166163141973	-0.007552870090634414	0.001510574018126856	122269412
2024-05-06	0.018461538461538477	0.009230769230769171	0.030769230769230795	-0.0015384615384615057	0.018461538461538477	286755258
2024-04-30	-0.07275320970042794	-0.028530670470756088	-0.02139800285306697	-0.07845934379457915	-0.07275320970042794	478184585
2024-04-29	0.023357664233576665	0.004379562043795657	0.02919708029197083	-0.007299270072992675	0.023357664233576665	157543313
2024-04-26	-0.020028612303290495	-0.004291845493562267	0.0028612303290414267	-0.03290414878397717	-0.020028612303290495	142292887
2024-04-25	-0.0014285714285713982	0.0014285714285713982	0.014285714285714235	-0.01000000000000004	-0.0014285714285713982	53821843
2024-04-24	0.014492753623188354	0.0014492753623188096	0.01884057971014491	-0.007246376811594305	0.014492753623188354	79263134
2024-04-23	-0.011461318051575941	0.0	0.017191977077363783	-0.012893982808023029	-0.011461318051575941	82740481
2024-04-22	0.0043165467625899635	-0.005755395683453243	0.010071942446043078	-0.007194244604316521	0.0043165467625899635	68445114
2024-04-19	-0.0071428571428571175	-0.0028571428571427964	0.0014285714285713982	-0.01571428571428576	-0.0071428571428571175	66260750
2024-04-18	-0.008498583569405044	-0.004249291784702459	0.004249291784702585	-0.014164305949008449	-0.008498583569405044	78286938
2024-04-17	0.011461318051575813	-0.001432664756447088	0.012893982808022902	-0.01002865329512898	0.011461318051575813	82722299
2024-04-16	-0.0042796005706133185	0.004279600570613445	0.014265335235378108	-0.011412268188302436	-0.0042796005706133185	135904482
2024-04-15	0.013005780346820789	0.0	0.027456647398843986	-0.0028901734104045626	0.013005780346820789	108913591
2024-04-12	-0.01704545454545456	-0.005681818181818187	0.0028409090909090303	-0.021306818181818232	-0.01704545454545456	97383209
2024-04-11	0.0071530758226036936	-0.0028612303290415537	0.018597997138769654	-0.0071530758226036936	0.0071530758226036936	104626330
2024-04-10	0.0014326647564469608	0.0028653295128939216	0.015759312320916822	-0.00859598853868202	0.0014326647564469608	124477319
2024-04-09	0.008670520231213945	-0.0028901734104045626	0.011560693641618507	-0.01445086705202307	0.008670520231213945	121269039
2024-04-08	0.01169590643274855	-0.0014619883040935362	0.02192982456140356	-0.01169590643274855	0.01169590643274855	168556817
2024-04-03	0.01937406855439641	0.0	0.028315946348733294	-0.0014903129657227701	0.01937406855439641	130132833
2024-04-02	0.0	0.0014903129657227701	0.013412816691505194	-0.005961251862891212	0.0	74707922
2024-04-01	0.02914110429447859	0.0015337423312884472	0.03680981595092028	0.0015337423312884472	0.02914110429447859	92562026
2024-03-29	0.0030769230769230114	-0.0030769230769230114	0.004615384615384654	-0.010769230769230812	0.0030769230769230114	44558774
2024-03-28	0.007751937984496096	0.0	0.018604651162790715	-0.0046511627906977125	0.007751937984496096	63143879
2024-03-27	-0.024205748865355543	-0.001512859304084822	0.004538577912254063	-0.024205748865355543	-0.024205748865355543	102540428
2024-03-26	-0.0030165912518853055	0.0	0.009049773755656184	-0.015082956259426794	-0.0030165912518853055	94280111
2024-03-25	-0.014858841010401268	0.0029717682020801743	0.004457652303120261	-0.016344725111441354	-0.014858841010401268	97931488
2024-03-22	0.0014880952380953386	-0.0044642857142856195	0.004464285714285751	-0.013392857142857123	0.0014880952380953386	133726744
2024-03-21	0.010526315789473592	0.006015037593984967	0.015037593984962351	-0.0030075187969925503	0.010526315789473592	124822108
2024-03-20	0.043956043956043994	-0.0031397174254317838	0.04866562009419146	-0.006279434850863428	0.043956043956043994	204181088
2024-03-19	-0.0377643504531722	-0.0030211480362538463	0.006042296072507558	-0.04078549848942605	-0.0377643504531722	145113844
2024-03-18	0.03437499999999996	0.0031249999999999334	0.03593749999999993	-0.003125000000000072	0.03437499999999996	137013688
2024-03-15	0.0015649452269171635	0.0031298904538341883	0.006259780907668238	-0.012519561815336476	0.0015649452269171635	67578789
2024-03-14	0.0	0.009389671361502426	0.01408450704225364	-0.006259780907668238	0.0	106276750
2024-03-13	-0.015408320493066337	-0.0030816640986133224	0.006163328197226508	-0.018489984591679522	-0.015408320493066337	90176682
2024-03-12	0.035087719298245716	-0.0015948963317384032	0.04944178628389163	-0.006379585326953613	0.035087719298245716	158931241
2024-03-11	0.009661835748792208	-0.004830917874396175	0.009661835748792208	-0.016103059581320394	0.009661835748792208	97187827
2024-03-08	0.0016129032258064171	-0.0016129032258064171	0.009677419354838646	-0.00967741935483879	0.0016129032258064171	62331136
2024-03-07	-0.009584664536741151	-0.0015974440894568351	0.004792332268370647	-0.011182108626197987	-0.009584664536741151	64379792
2024-03-06	-0.014173228346456672	-0.004724409448818797	0.0047244094488189375	-0.014173228346456672	-0.014173228346456672	68632116
2024-03-05	-0.0031397174254317838	-0.006279434850863428	0.003139717425431644	-0.018838304552590283	-0.0031397174254317838	105622639
2024-03-04	0.009508716323296435	0.0	0.014263074484944651	-0.004754358161648076	0.009508716323296435	100898610
2024-03-01	0.0015873015873015535	-0.003174603174603107	0.003174603174603248	-0.01269841269841271	0.0015873015873015535	111720979
2024-02-29	0.016129032258064457	-0.004838709677419395	0.019354838709677438	-0.008064516129032228	0.016129032258064457	91466583
2024-02-28	-0.023622047244094405	0.0015748031496064057	0.0047244094488189375	-0.026771653543307076	-0.023622047244094405	100741780
2024-02-27	0.004746835443037873	-0.0031645569620253893	0.007911392405063262	-0.011075949367088653	0.004746835443037873	111519876
2024-02-26	-0.020155038759689905	0.0	0.0	-0.021705426356589234	-0.020155038759689905	98741607
2024-02-23	0.023809523809523867	-0.003174603174603107	0.03015873015873022	-0.011111111111111016	0.023809523809523867	144535797
2024-02-22	0.006389776357827482	-0.006389776357827482	0.007987220447284317	-0.0143769968051118	0.006389776357827482	119086447
2024-02-21	0.00481540930979123	-0.004815409309791372	0.022471910112359498	-0.016051364365971193	0.00481540930979123	135752727
2024-02-20	0.0	-0.004815409309791372	0.006420545746388306	-0.01123595505617982	0.0	92348021
2024-02-19	0.03660565723793688	0.01996672212978371	0.0415973377703827	0.00998336106489193	0.03660565723793688	129032718
2024-02-08	0.005016722408026648	0.0	0.013377926421404545	-0.006688963210702346	0.005016722408026648	125464005
2024-02-07	0.00673400673400674	0.0050505050505049425	0.016835016835016776	-0.01346801346801348	0.00673400673400674	150930375
2024-02-06	0.0476190476190477	-0.005291005291005335	0.05820105820105821	-0.008818342151675453	0.0476190476190477	165805058
2024-02-05	0.0	-0.0035273368606701188	0.015873015873015848	-0.021164021164021184	0.0	137822392
2024-02-02	-0.0017605633802816527	0.0	0.015845070422535187	-0.02992957746478872	-0.0017605633802816527	100032729
2024-02-01	0.005309734513274223	-0.0017699115044248982	0.021238938053097206	-0.01769911504424788	0.005309734513274223	107656235
2024-01-31	-0.0070298769771529055	0.0	0.015817223198593997	-0.0070298769771529055	-0.0070298769771529055	85303189
2024-01-30	-0.015570934256055338	0.010380622837370174	0.012110726643598512	-0.015570934256055338	-0.015570934256055338	97026900
2024-01-29	-0.01027397260273966	-0.0017123287671232511	0.008561643835616408	-0.01027397260273966	-0.01027397260273966	82545717
2024-01-26	-0.013513513513513526	-0.0050675675675676095	-0.0016891891891891533	-0.035472972972972965	-0.013513513513513526	153486105
2024-01-25	-0.0016863406408094076	0.0	0.003372681281618965	-0.016863406408094375	-0.0016863406408094076	97665615
2024-01-24	0.04035087719298237	0.0017543859649122432	0.04210526315789477	0.0	0.04035087719298237	107174300
2024-01-23	0.02150537634408604	0.0	0.02688172043010759	-0.007168458781362013	0.02150537634408604	86207865
2024-01-22	-0.032928942807625566	0.0034662045060659384	0.0051993067590988306	-0.04159445407279018	-0.032928942807625566	102815915
2024-01-19	-0.0068846815834767705	-0.003442340791738309	0.005163511187607616	-0.018932874354561004	-0.0068846815834767705	106953000
2024-01-18	0.019298245614034988	-0.003508771929824642	0.02280701754385963	-0.012280701754386015	0.019298245614034988	116293884
2024-01-17	-0.023972602739725974	0.0	0.005136986301369906	-0.023972602739725974	-0.023972602739725974	69871485
2024-01-16	-0.018487394957983246	0.0016806722689075271	0.0033613445378150543	-0.031932773109243764	-0.018487394957983246	130560608
2024-01-15	-0.005016722408026797	-0.001672240802675698	0.008361204013377897	-0.008361204013378044	-0.005016722408026797	69076487
2024-01-12	-0.026058631921823984	-0.004885993485341916	-0.003257328990227944	-0.027687296416938102	-0.026058631921823984	113551966
2024-01-11	0.004909983633387784	-0.0016366612111294067	0.011456628477904974	-0.0049099836333879295	0.004909983633387784	57711909
2024-01-10	-0.012924071082390964	0.0016155088852988345	0.003231017770597669	-0.012924071082390964	-0.012924071082390964	67825080
2024-01-09	-0.015898251192368783	0.0	0.006359300476947541	-0.019077901430842623	-0.015898251192368783	92871083
2024-01-08	0.016155088852988633	-0.006462035541195482	0.02423263327948295	-0.009693053311793294	0.016155088852988633	124987859
2024-01-05	0.004870129870129911	-0.0032467532467533216	0.014610389610389588	-0.012987012987012998	0.004870129870129911	101366511
2024-01-04	-0.009646302250803797	0.0	0.011254019292604547	-0.012861736334405157	-0.009646302250803797	63014525
2024-01-03	0.013029315960912065	0.0	0.016286644951140152	-0.004885993485341916	0.013029315960912065	58088308
2024-01-02	-0.02848101265822794	0.0	0.004746835443037873	-0.030063291139240566	-0.02848101265822794	96963122
2023-12-29	0.011200000000000045	0.0	0.014399999999999977	-0.0015999999999999658	0.011200000000000045	86661112
2023-12-28	0.041666666666666664	0.0016666666666666312	0.0433333333333333	-0.005000000000000042	0.041666666666666664	101691332
2023-12-27	-0.01800327332242231	0.0016366612111292612	0.004909983633387784	-0.026186579378068762	-0.01800327332242231	101180223
2023-12-26	0.01158940397350998	0.006622516556291397	0.01655629139072842	-0.0016556291390728123	0.01158940397350998	68959440
2023-12-25	0.016835016835016776	0.00673400673400674	0.02020202020202007	-0.0033670033670034445	0.016835016835016776	82769915
2023-12-22	-0.03257328990228001	-0.006514657980456032	-0.003257328990227944	-0.03908794788273605	-0.03257328990228001	149856236
2023-12-21	0.011532125205930707	-0.0016474464579902264	0.018121911037891174	-0.009884678747940773	0.011532125205930707	93534636
2023-12-20	-0.01779935275080897	0.0016181229773463877	0.004854368932038875	-0.01779935275080897	-0.01779935275080897	62058149
2023-12-19	0.009803921568627387	-0.003267973856209226	0.011437908496732072	-0.011437908496732072	0.009803921568627387	58077404
2023-12-18	-0.016077170418006374	-0.006430868167202578	0.0	-0.019292604501607736	-0.016077170418006374	68609885
2023-12-15	-0.001605136436597219	-0.001605136436597219	0.01605136436597105	-0.01123595505617982	-0.001605136436597219	87242170
2023-12-14	-0.004792332268370505	0.0015974440894568351	0.0143769968051118	-0.009584664536741151	-0.004792332268370505	127721994
2023-12-13	-0.011058451816745701	-0.004739336492891035	0.003159557661927263	-0.02211690363349126	-0.011058451816745701	100797170
2023-12-12	0.029268292682926782	0.014634146341463391	0.035772357723577196	0.009756097560975546	0.029268292682926782	187079558
2023-12-11	0.013179571663920933	0.0	0.0197693574958814	-0.01647446457990124	0.013179571663920933	132702736
2023-12-08	-0.011400651465797948	-0.001628664495113972	0.0032573289902280886	-0.016286644951140006	-0.011400651465797948	96403923
2023-12-07	0.019933554817275767	0.0016611295681064244	0.02657807308970102	-0.004983388704318831	0.019933554817275767	106013723
2023-12-06	-0.006600660066006607	0.006600660066006607	0.008250825082508368	-0.014851485148514828	-0.006600660066006607	144197918
2023-12-05	-0.022580645161290415	0.0	0.008064516129032228	-0.024193548387096833	-0.022580645161290415	115229298
2023-12-04	-0.015873015873015817	-0.004761904761904801	-0.0015873015873015535	-0.03492063492063488	-0.015873015873015817	157716533
2023-12-01	-0.03669724770642205	-0.003058103975535239	0.0	-0.05657492354740063	-0.03669724770642205	215528959
2023-11-30	-0.012084592145015116	-0.004531722054380702	-0.001510574018126856	-0.015105740181268963	-0.012084592145015116	90097303
2023-11-29	-0.008982035928143655	0.0	0.0014970059880240532	-0.01946107784431136	-0.008982035928143655	86070116
2023-11-28	0.004511278195488626	-0.001503759398496342	0.009022556390977385	-0.006015037593984967	0.004511278195488626	63694299
2023-11-27	-0.007462686567164152	-0.004477611940298544	0.0	-0.01940298507462685	-0.007462686567164152	88906721
2023-11-24	-0.005934718100890213	0.0	0.011869436201780426	-0.010385756676557905	-0.005934718100890213	54449725
2023-11-23	-0.00148148148148145	0.0	0.0	-0.016296296296296343	-0.00148148148148145	64737365
2023-11-22	0.008968609865470793	-0.0014947683109119096	0.01644245142002981	-0.005979073243647239	0.008968609865470793	84621481
2023-11-21	-0.001492537313432804	0.0	0.01044776119402976	-0.004477611940298544	-0.001492537313432804	119389823
2023-11-20	0.009036144578313329	0.0	0.015060240963855503	-0.01656626506024088	0.009036144578313329	109542658
2023-11-17	-0.010432190760059655	-0.004470938897168443	0.0029806259314456725	-0.013412816691505194	-0.010432190760059655	75863307
2023-11-16	-0.002971768202080306	-0.004457652303120394	0.0029717682020801743	-0.008915304606240787	-0.002971768202080306	88838155
2023-11-15	0.0029806259314456725	0.011922503725782425	0.02533532041728762	-0.005961251862891212	0.0029806259314456725	97298305
2023-11-14	-0.008862629246676457	0.0014771048744461855	0.011816838995568697	-0.010339734121122511	-0.008862629246676457	79974509
2023-11-13	-0.01884057971014504	0.0	0.002898550724637619	-0.02028985507246385	-0.01884057971014504	57749106
2023-11-10	0.001451378809869474	-0.0087082728592162	0.004354136429608164	-0.011611030478955018	0.001451378809869474	54728256
2023-11-09	-0.011477761836441905	-0.0014347202295552062	-0.0014347202295552062	-0.017216642754662857	-0.011477761836441905	77181429
2023-11-08	0.002877697841726557	-0.0014388489208632786	0.014388489208633042	-0.007194244604316521	0.002877697841726557	85878223
2023-11-07	-0.00429799426934101	-0.00429799426934101	0.0028653295128939216	-0.007163323782235058	-0.00429799426934101	59830213
2023-11-06	0.01453488372093031	0.00726744186046509	0.017441860465116296	-0.010174418604651203	0.01453488372093031	94125864
2023-11-03	-0.0057803468208092535	-0.0028901734104045626	0.007225433526011535	-0.011560693641618507	-0.0057803468208092535	77389980
2023-11-02	-0.002881844380403525	0.0	0.010086455331412017	-0.008645533141210446	-0.002881844380403525	57316611
2023-11-01	0.002890173410404691	0.0014450867052022813	0.01445086705202307	-0.004335260115606972	0.002890173410404691	79956050
2023-10-31	-0.005747126436781614	0.0	0.005747126436781614	-0.008620689655172358	-0.005747126436781614	85174783
2023-10-30	-0.0014347202295552062	-0.005738880918220952	0.005738880918220952	-0.02295552367288381	-0.0014347202295552062	111612192
2023-10-27	0.029542097488921743	-0.0014771048744460543	0.033973412112260036	-0.007385524372230403	0.029542097488921743	91492226
2023-10-26	0.0059435364041603485	-0.008915304606240787	0.007429420505200567	-0.01337295690936118	0.0059435364041603485	87260004
2023-10-25	-0.005908419497784217	0.019202363367799232	0.04431314623338268	-0.02954209748892161	-0.005908419497784217	193866588
2023-10-24	-0.0014749262536874151	0.0029498525073745683	0.008849557522123836	-0.014749262536873234	-0.0014749262536874151	86975752
2023-10-23	0.005934718100890213	0.0029673590504450406	0.014836795252225466	-0.007418397626112733	0.005934718100890213	55956859
2023-10-20	-0.017492711370262405	-0.002915451895043799	0.0014577259475218346	-0.02186588921282804	-0.017492711370262405	125706401
2023-10-19	-0.02418207681365575	-0.004267425320056934	-0.0028449502133713316	-0.02560455192034148	-0.02418207681365575	73062898
2023-10-18	-0.011251758087201134	0.00843881856540079	0.009845288326300898	-0.016877637130801704	-0.011251758087201134	102081165
2023-10-17	0.0028208744710861017	0.0	0.00846262341325818	-0.028208744710860392	0.0028208744710861017	81658044
2023-10-16	-0.01936376210235139	0.0	0.0027662517289072713	-0.020746887966805027	-0.01936376210235139	58831840
2023-10-13	-0.012295081967213095	-0.004098360655737739	-0.002732240437158533	-0.021857923497267777	-0.012295081967213095	55271386
2023-10-12	0.006877579092159658	0.00825309491059154	0.022008253094910613	0.0013755158184320048	0.006877579092159658	48953678
2023-10-11	0.00137741046831953	0.0041322314049587125	0.03030303030303039	0.0	0.00137741046831953	89236438
2023-10-10	-0.004115226337448594	0.0	0.005486968449931418	-0.02880658436213991	-0.004115226337448594	69821128
2023-10-09	0.019580419580419534	0.0	0.025174825174825135	-0.008391608391608461	0.019580419580419534	72934827
2023-09-28	-0.02853260869565217	0.001358695652173884	0.004076086956521652	-0.03532608695652183	-0.02853260869565217	91899787
2023-09-27	0.005464480874316944	-0.004098360655737739	0.015027322404371506	-0.008196721311475478	0.005464480874316944	60634733
2023-09-26	0.006877579092159658	0.00412654745529577	0.009628610729023424	-0.0027510316368637654	0.006877579092159658	46718645
2023-09-25	-0.009536784741144453	0.0	0.0027247956403270383	-0.013623978201634829	-0.009536784741144453	52992016
2023-09-22	0.025139664804469233	-0.0013966480446927076	0.02653631284916194	-0.005586592178770954	0.025139664804469233	65525043
2023-09-21	-0.012413793103448256	-0.0027586206896551137	0.0	-0.017931034482758606	-0.012413793103448256	58830886
2023-09-20	0.0013812154696132301	0.0027624309392264602	0.011049723756906087	-0.0013812154696132301	0.0013812154696132301	65984274
2023-09-19	-0.026881720430107548	-0.001344086021505467	-0.001344086021505467	-0.038978494623655914	-0.026881720430107548	89426013
2023-09-18	0.02479338842975215	-0.00275482093663906	0.02479338842975215	-0.005509641873278242	0.02479338842975215	87217796
2023-09-15	-0.012244897959183655	0.0	0.005442176870748304	-0.014965986394557746	-0.012244897959183655	83250544
2023-09-14	-0.005412719891745607	0.0	0.0027063599458728637	-0.013531799729363959	-0.005412719891745607	75350619
2023-09-13	0.0	-0.0027063599458727436	0.013531799729364078	-0.0027063599458727436	0.0	52006326
2023-09-12	-0.012032085561497425	0.0	0.0026737967914437933	-0.016042780748663114	-0.012032085561497425	51008947
2023-09-11	0.01081081081081082	0.012162162162162142	0.01756756756756755	0.0013513513513513226	0.01081081081081082	55930456
2023-09-08	-0.01726427622841964	-0.003984063745019953	0.0013280212483399452	-0.01992031872509965	-0.01726427622841964	45982823
2023-09-07	-0.00659630606860156	0.0026385224274405768	0.003957783641160982	-0.010554089709762543	-0.00659630606860156	45657868
2023-09-06	-0.0065530799475753375	-0.003931847968545249	0.0	-0.013106159895150675	-0.0065530799475753375	59054970
2023-09-05	-0.0078023407022107276	-0.0013003901170351982	0.013003901170351058	-0.011703511053316091	-0.0078023407022107276	80584492
2023-09-04	0.014511873350923524	0.009234828496042255	0.019788918205804796	0.00659630606860156	0.014511873350923524	84888478
2023-09-01	-0.015584415584415598	-0.0025974025974026572	0.010389610389610398	-0.019480519480519525	-0.015584415584415598	68077482
2023-08-31	-0.007731958762886548	-0.0038659793814432167	0.009020618556701068	-0.011597938144329878	-0.007731958762886548	85652266
2023-08-30	0.03743315508021382	0.008021390374331498	0.04144385026737962	0.00401069518716569	0.03743315508021382	162327908
2023-08-29	0.00537634408602151	-0.0026881720430108145	0.017473118279569877	-0.009408602150537673	0.00537634408602151	104297305
2023-08-28	0.008130081300813075	0.0365853658536586	0.04471544715447155	0.002710027100271065	0.008130081300813075	110044480
2023-08-25	-0.002702702702702765	-0.002702702702702765	0.012162162162162142	-0.008108108108108174	-0.002702702702702765	113137019
2023-08-24	0.03496503496503496	0.006993006993006968	0.04615384615384616	0.0027972027972027374	0.03496503496503496	108079090
2023-08-23	-0.016506189821182838	-0.0027510316368637654	0.006877579092159658	-0.01788170563961484	-0.016506189821182838	103154038
2023-08-22	0.009722222222222137	0.00833333333333328	0.01388888888888884	-0.004166666666666701	0.009722222222222137	74736890
2023-08-21	0.006993006993006968	0.0	0.02797202797202787	-0.011188811188811197	0.006993006993006968	88972564
2023-08-18	-0.02188782489740072	0.0	0.0041039671682626885	-0.024623803009575885	-0.02188782489740072	75705337
2023-08-17	0.005502063273727653	0.0	0.009628610729023424	-0.019257221458046724	0.005502063273727653	74964982
2023-08-16	-0.00274348422496577	-0.001371742112482824	0.005486968449931418	-0.0068587105624142415	-0.00274348422496577	69604242
2023-08-15	-0.012195121951219494	0.0040650406504065375	0.005420054200542011	-0.025745257452574458	-0.012195121951219494	63010769
2023-08-14	0.015130674002751077	-0.006877579092159536	0.017881705639614963	-0.026134800550206262	0.015130674002751077	125408969
2023-08-11	-0.02021563342318064	0.004043126684636152	0.008086253369272304	-0.0296495956873315	-0.02021563342318064	105127503
2023-08-10	-0.0013458950201883967	0.0	0.00807537012113062	-0.02288021534320322	-0.0013458950201883967	100903951
2023-08-09	-0.011968085106382961	-0.00265957446808505	0.0	-0.01728723404255318	-0.011968085106382961	55554514
2023-08-08	-0.0026525198938992657	-0.0026525198938992657	0.00795755968169756	-0.011936339522546401	-0.0026525198938992657	77840806
2023-08-07	-0.00132450331125825	0.0	0.006622516556291367	-0.0172185430463576	-0.00132450331125825	100374790
2023-08-04	0.0013262599469495739	0.006631299734747987	0.014588859416445665	-0.009283819628647253	0.0013262599469495739	76199648
2023-08-03	0.008021390374331498	-0.004010695187165809	0.012032085561497307	-0.00668449197860972	0.008021390374331498	63888591
2023-08-02	-0.006640106241699843	-0.003984063745019953	0.010624169986719797	-0.013280212483399804	-0.006640106241699843	88861994
2023-08-01	0.010738255033557057	0.008053691275167732	0.021476510067114114	-0.00671140939597313	0.010738255033557057	106524740
2023-07-31	0.02335164835164834	0.013736263736263687	0.037087912087912026	0.005494505494505499	0.02335164835164834	155198307
2023-07-28	0.0013755158184320048	-0.006877579092159536	0.006877579092159658	-0.011004126547455185	0.0013755158184320048	65959225
2023-07-27	0.0	0.0013755158184320048	0.012379642365887311	-0.005502063273727531	0.0	47879356
2023-07-26	-0.022849462365591506	-0.004032258064516162	-0.004032258064516162	-0.029569892473118364	-0.022849462365591506	79685220
2023-07-25	0.04788732394366208	0.021126760563380333	0.050704225352112726	0.009859154929577505	0.04788732394366208	141034602
2023-07-24	-0.013888888888888963	-0.004166666666666701	0.0027777777777777185	-0.019444444444444525	-0.013888888888888963	63035632
2023-07-21	-0.006896551724137907	-0.0013793103448275568	0.009655172413793142	-0.013793103448275813	-0.006896551724137907	93141290
2023-07-20	-0.008207934336525256	0.0	0.01094391244870042	-0.0109439124487003	-0.008207934336525256	78437172
2023-07-19	0.0152777777777777	-0.0013888888888888592	0.0194444444444444	-0.004166666666666701	0.0152777777777777	75554114
2023-07-18	0.0	0.00555555555555556	0.01111111111111112	-0.01249999999999998	0.0	61588440
2023-07-17	-0.017735334242837637	-0.002728512960436625	-0.002728512960436625	-0.020463847203274262	-0.017735334242837637	68877026
2023-07-14	-0.002721088435374092	0.0013605442176871667	0.005442176870748304	-0.012244897959183655	-0.002721088435374092	76558605
2023-07-13	0.03813559322033892	0.007062146892655342	0.04519774011299439	0.0028248587570620866	0.03813559322033892	155806267
2023-07-12	0.005681818181818187	0.01988636363636359	0.03267045454545448	0.0	0.005681818181818187	139715989
2023-07-11	0.0014224751066856027	-0.001422475106685729	0.0028449502133712054	-0.02418207681365575	0.0014224751066856027	106415199
2023-07-10	0.03840472673559833	0.011816838995568697	0.04431314623338268	0.010339734121122643	0.03840472673559833	131248714
2023-07-07	-0.0014749262536874151	-0.0029498525073746993	0.01622418879056039	-0.010324483775811251	-0.0014749262536874151	137844529
2023-07-06	0.02571860816944023	-0.001512859304084822	0.05143721633888046	-0.004538577912254198	0.02571860816944023	193994029
2023-07-05	-0.00451807228915653	0.0	0.015060240963855503	-0.013554216867469859	-0.00451807228915653	103353169
2023-07-04	0.024691358024691242	0.0046296296296295305	0.0324074074074074	0.0	0.024691358024691242	105679850
2023-07-03	-0.04845814977973557	-0.026431718061673968	-0.026431718061673968	-0.058737151248164386	-0.04845814977973557	128416748
2023-06-30	-0.004385964912280738	-0.004385964912280738	0.010233918128655012	-0.016081871345029156	-0.004385964912280738	115484226
2023-06-29	-0.014409221902017367	0.007204610951008619	0.025936599423631083	-0.024495677233429512	-0.014409221902017367	101353637
2023-06-28	0.002890173410404691	0.0014450867052022813	0.013005780346820789	-0.024566473988439298	0.002890173410404691	105847329
2023-06-27	0.007278020378457034	0.010189228529839925	0.01746724890829696	-0.008733624454148544	0.007278020378457034	85152014
2023-06-26	-0.032394366197183035	-0.007042253521126736	0.0014084507042254472	-0.03802816901408445	-0.032394366197183035	116443715
2023-06-21	-0.039242219215155624	-0.009472259810554723	0.005412719891745607	-0.041948579161028364	-0.039242219215155624	104523713
2023-06-20	-0.006720430107526977	0.0	0.0	-0.018817204301075346	-0.006720430107526977	108891487
2023-06-19	-0.006675567423230951	0.014686248331108067	0.01735647530040052	-0.029372496662216373	-0.006675567423230951	186721099
2023-06-16	0.01628222523744913	-0.0027137042062415823	0.03527815468113973	-0.005427408412483044	0.01628222523744913	213159029
2023-06-15	0.022191400832177553	0.0027739251040222557	0.03606102635228846	-0.004160887656033322	0.022191400832177553	214077201
2023-06-14	0.04040404040404044	0.02308802308802311	0.04906204906204904	0.014430014430014508	0.04040404040404044	233430816
2023-06-13	0.023633677991137393	0.0	0.03101920236336793	-0.005908419497784217	0.023633677991137393	103279352
2023-06-12	0.0014792899408283709	0.004437869822485244	0.007396449704141985	-0.008875739644970357	0.0014792899408283709	105449733
2023-06-09	0.013493253373313321	0.0014992503748125618	0.02248875562218896	-0.007496251874062942	0.013493253373313321	123653546
2023-06-08	0.023006134969325208	-0.007668711656441691	0.03527607361963197	-0.027607361963190143	0.023006134969325208	138111579
2023-06-07	-0.009118541033434726	0.0	0.009118541033434591	-0.015197568389057697	-0.009118541033434726	71880589
2023-06-06	0.0045801526717557635	0.0	0.027480916030534444	-0.009160305343511392	0.0045801526717557635	139743708
2023-06-05	0.010802469135802375	0.0	0.023148148148148064	-0.006172839506172844	0.010802469135802375	77832576
2023-06-02	0.0046511627906977125	0.006201550387596904	0.015503875968992192	-0.010852713178294617	0.0046511627906977125	72447766
2023-06-01	0.004672897196261721	-0.004672897196261721	0.018691588785046745	-0.009345794392523303	0.004672897196261721	109903729
2023-05-31	-0.018348623853211024	0.0	0.010703363914373131	-0.0382262996941896	-0.018348623853211024	168054611
2023-05-30	0.013953488372093	-0.0046511627906977125	0.020155038759689905	-0.018604651162790715	0.013953488372093	113113460
2023-05-29	-0.006163328197226508	-0.0015408320493065927	0.0030816640986131853	-0.02311248073959944	-0.006163328197226508	84041185
2023-05-26	0.0030911901081917253	0.0015455950540959314	0.0061823802163833135	-0.0061823802163833135	0.0030911901081917253	40278939
2023-05-25	-0.007668711656441691	-0.003067484662576622	0.0	-0.021472392638036762	-0.007668711656441691	90570802
2023-05-24	-0.010622154779969695	0.001517450682852775	0.004552352048558459	-0.018209408194233705	-0.010622154779969695	95587406
2023-05-23	-0.009022556390977519	0.0	0.007518796992481176	-0.009022556390977519	-0.009022556390977519	65772546
2023-05-22	-0.0029985007496251236	0.0	0.00599700149925038	-0.013493253373313321	-0.0029985007496251236	83868831
2023-05-19	-0.01767304860088367	0.0	0.0014727540500736062	-0.02209131075110462	-0.01767304860088367	95531478
2023-05-18	-0.00585651537335286	0.0	0.004392386530014678	-0.01171303074670572	-0.00585651537335286	89900621
2023-05-17	0.0014662756598240157	0.005865102639296193	0.029325513196480833	-0.004398826979472177	0.0014662756598240157	115644927
2023-05-16	-0.017291066282420765	0.0014409221902016982	0.0028818443804033964	-0.02593659942363121	-0.017291066282420765	118989356
2023-05-15	-0.005730659025787971	0.005730659025787843	0.008595988538681891	-0.03295128939828086	-0.005730659025787971	158584630
2023-05-12	-0.021037868162692774	-0.008415147265077085	0.0028050490883591113	-0.023842917251051882	-0.021037868162692774	133836788
2023-05-11	0.008486562942008431	0.0028288543140027682	0.03111739745403108	-0.009900990099009941	0.008486562942008431	126440670
2023-05-10	0.004261363636363672	0.009943181818181858	0.02272727272727275	-0.011363636363636374	0.004261363636363672	134164968
2023-05-09	-0.023578363384188616	-0.00832177531206652	0.006934812760055454	-0.024965325936199684	-0.023578363384188616	129994616
2023-05-08	-0.00551724137931035	-0.006896551724137907	0.006896551724137907	-0.03172413793103454	-0.00551724137931035	225028386
2023-05-05	0.02401129943502824	0.0	0.029661016949152536	-0.025423728813559282	0.02401129943502824	530326993
2023-05-04	0.09937888198757758	0.052795031055900596	0.09937888198757758	0.05124223602484459	0.09937888198757758	482207956
2023-04-28	0.03536977491961425	-0.0016077170418006088	0.05144694533762063	-0.008038585209003187	0.03536977491961425	179511693
2023-04-27	0.0	0.0032154340836013607	0.019292604501607736	-0.008038585209003187	0.0	99723914
2023-04-26	-0.0048000000000000395	-0.0064000000000000055	0.0064000000000000055	-0.02079999999999998	-0.0048000000000000395	130639493
2023-04-25	0.03993344425956742	-0.003327787021630545	0.04825291181364393	-0.00831946755407651	0.03993344425956742	223880852
2023-04-24	-0.05205047318611988	0.0015772870662460231	0.0031545741324921863	-0.061514195583596165	-0.05205047318611988	294325010
2023-04-21	-0.05089820359281435	0.01946107784431136	0.02844311377245515	-0.053892215568862194	-0.05089820359281435	248537128
2023-04-20	0.003003003003002939	0.0015015015015014694	0.004504504504504542	-0.016516516516516564	0.003003003003002939	129804435
2023-04-19	0.009090909090909167	-0.004545454545454449	0.04090909090909098	-0.007575757575757549	0.009090909090909167	193551439
2023-04-18	0.0361067503924646	0.003139717425431644	0.04866562009419146	-0.014128728414442678	0.0361067503924646	219957127
2023-04-17	-0.015455950540958215	-0.001545595054095794	0.0	-0.01854714064914994	-0.015455950540958215	162500884
2023-04-14	-0.041481481481481515	0.0	0.004444444444444481	-0.04444444444444442	-0.041481481481481515	202837811
2023-04-13	-0.005891016200294556	0.0014727540500736062	0.03240058910161999	-0.007363770250368162	-0.005891016200294556	196766273
2023-04-12	0.01041666666666671	0.0	0.017857142857142873	-0.00892857142857137	0.01041666666666671	184207612
2023-04-11	0.049999999999999906	0.009374999999999939	0.084375	-0.0015625000000001055	0.049999999999999906	354118708
2023-04-10	-0.006211180124223607	0.0015527950310558673	0.01552795031055895	-0.010869565217391347	-0.006211180124223607	95449944
2023-04-07	0.01417322834645681	0.0	0.03307086614173228	-0.006299212598425203	0.01417322834645681	126070768
2023-04-06	-0.04367469879518073	-0.009036144578313195	-0.009036144578313195	-0.049698795180722906	-0.04367469879518073	179231360
2023-04-04	-0.01337295690936118	0.0	0.014858841010401134	-0.022288261515601836	-0.01337295690936118	136464603
2023-04-03	-0.02037845705967972	-0.004366812227074272	-0.004366812227074272	-0.036390101892285295	-0.02037845705967972	153175134
2023-03-31	0.011782032400589112	0.0014727540500736062	0.011782032400589112	-0.01620029455081006	0.011782032400589112	102680537
2023-03-30	0.022590361445783188	0.0	0.022590361445783188	-0.009036144578313195	0.022590361445783188	112866758
2023-03-29	-0.02209131075110462	0.010309278350515505	0.014727540500736325	-0.025036818851251832	-0.02209131075110462	138348650
2023-03-28	0.007418397626112733	0.0	0.037091988130563795	-0.004451038575667692	0.007418397626112733	209213732
2023-03-27	0.013533834586466143	0.007518796992481176	0.03909774436090222	0.0	0.013533834586466143	159022006
2023-03-24	-0.0029985007496251236	0.0014992503748125618	0.01649175412293858	-0.01199400299850076	-0.0029985007496251236	111189063
2023-03-23	-0.010385756676557905	0.0	0.0044510385756675605	-0.017804154302670638	-0.010385756676557905	120676345
2023-03-22	0.015060240963855503	0.009036144578313329	0.02560240963855421	-0.00451807228915653	0.015060240963855503	150988659
2023-03-21	0.019969278033794148	0.006144393241167441	0.035330261136712816	0.0	0.019969278033794148	130468986
2023-03-20	-0.01661631419939582	0.04984894259818732	0.05589123867069488	-0.022658610271903377	-0.01661631419939582	244729438
2023-03-17	0.03115264797507791	0.012461059190031164	0.04517133956386293	0.007788161993769443	0.03115264797507791	149498526
2023-03-16	-0.0168453292496172	-0.004594180704441079	0.006125574272588061	-0.01837672281776418	-0.0168453292496172	78001476
2023-03-15	0.0219092331768389	0.01095461658841945	0.03912363067292645	0.0031298904538341883	0.0219092331768389	103556344
2023-03-14	-0.013888888888889003	0.0015432098765431768	0.006172839506172707	-0.013888888888889003	-0.013888888888889003	64029193
2023-03-13	0.025316455696202552	0.0031645569620252488	0.03481012658227844	0.0015822784810126244	0.025316455696202552	71883880
2023-03-10	-0.010954616588419312	-0.009389671361502287	0.0078247261345854	-0.014084507042253499	-0.010954616588419312	75889782
2023-03-09	0.0	0.0	0.009389671361502426	-0.009389671361502287	0.0	53525765
2023-03-08	0.0015673981191222236	0.0	0.0047021943573668104	-0.015673981191222514	0.0015673981191222236	76568198
2023-03-07	-0.01238390092879258	0.0046439628482972525	0.009287925696594366	-0.01238390092879258	-0.01238390092879258	77175763
2023-03-06	-0.03869047619047616	0.0014880952380953386	0.004464285714285751	-0.04315476190476191	-0.03869047619047616	135895653
2023-03-03	-0.007385524372230403	0.0014771048744461855	0.017725258493353047	-0.01624815361890686	-0.007385524372230403	75931862
2023-03-02	0.0044510385756675605	-0.0014836795252225203	0.0044510385756675605	-0.008902077151335385	0.0044510385756675605	67882667
2023-03-01	0.03058103975535171	0.0076452599388378934	0.03211009174311926	0.0015290519877675516	0.03058103975535171	101735628
2023-02-28	0.03154574132492116	0.007886435331230256	0.04889589905362784	0.0015772870662460231	0.03154574132492116	135083700
2023-02-27	-0.006269592476489034	-0.003134796238244447	0.0031347962382445864	-0.014106583072100292	-0.006269592476489034	61450271
2023-02-24	-0.010852713178294617	0.0015503875968991916	0.007751937984496096	-0.023255813953488427	-0.010852713178294617	131661071
2023-02-23	-0.013761467889908235	-0.004587155963302791	0.003058103975535103	-0.016819571865443472	-0.013761467889908235	87785467
2023-02-22	-0.02242152466367718	-0.007473841554559149	-0.0029895366218236864	-0.026905829596412644	-0.02242152466367718	103123880
2023-02-21	-0.020497803806734945	0.0014641288433381826	0.002928257686676365	-0.03367496339677898	-0.020497803806734945	105748873
2023-02-20	0.028614457831325362	0.001506024096385644	0.028614457831325362	-0.006024096385542174	0.028614457831325362	119954185
2023-02-17	-0.020648967551622502	0.0	0.01032448377581112	-0.02359882005899707	-0.020648967551622502	86905788
2023-02-16	-0.0044052863436122415	0.0	0.0264317180616741	-0.010279001468428693	-0.0044052863436122415	104051745
2023-02-15	-0.0029282576866764953	0.004392386530014678	0.00585651537335286	-0.010248901903367538	-0.0029282576866764953	54765320
2023-02-14	-0.011577424023154858	0.001447178002894325	0.004341534008683104	-0.01881331403762661	-0.011577424023154858	82668586
2023-02-13	0.01617647058823534	-0.002941176470588173	0.02941176470588238	-0.013235294117647038	0.01617647058823534	157883591
2023-02-10	0.007407407407407381	-0.00148148148148145	0.020740740740740695	-0.007407407407407381	0.007407407407407381	69658837
2023-02-09	0.02739726027397256	0.0015220700152206675	0.028919330289193225	-0.004566210045662138	0.02739726027397256	70419895
2023-02-08	-0.0015197568389057428	0.007598784194528849	0.021276595744680802	-0.004559270516717363	-0.0015197568389057428	52008584
2023-02-07	-0.010526315789473726	0.013533834586466143	0.015037593984962351	-0.016541353383458694	-0.010526315789473726	108753791
2023-02-06	-0.019174041297935086	-0.011799410029498535	0.0	-0.0383480825958703	-0.019174041297935086	93571696
2023-02-03	-0.007320644216691043	0.0014641288433381826	0.00585651537335286	-0.01756954612005858	-0.007320644216691043	66235363
2023-02-02	0.004411764705882389	0.0	0.019117647058823514	-0.008823529411764649	0.004411764705882389	81281884
2023-02-01	-0.02158273381294969	0.002877697841726557	0.002877697841726557	-0.03741007194244601	-0.02158273381294969	157432063
2023-01-31	0.004335260115606972	0.0014450867052022813	0.011560693641618507	-0.0057803468208092535	0.004335260115606972	93405902
2023-01-30	-0.011428571428571439	0.02142857142857148	0.038571428571428513	-0.018571428571428555	-0.011428571428571439	127365040
2023-01-20	0.0	-0.0014285714285713982	0.0071428571428571175	-0.011428571428571439	0.0	68495322
2023-01-19	0.02941176470588238	-0.002941176470588173	0.030882352941176465	-0.014705882352941124	0.02941176470588238	100992019
2023-01-18	-0.011627906976744196	-0.0014534883720929922	0.00726744186046509	-0.0159883720930233	-0.011627906976744196	70569195
2023-01-17	-0.026874115983026928	0.004243281471004153	0.004243281471004153	-0.04101838755304102	-0.026874115983026928	112852373
2023-01-16	0.007122507122507224	0.0056980056980057035	0.01709401709401711	-0.019943019943019898	0.007122507122507224	106602367
2023-01-13	0.0338733431516936	0.005891016200294556	0.0338733431516936	-0.0029455081001473434	0.0338733431516936	94803016
2023-01-12	0.004437869822485244	0.0059171597633136145	0.011834319526627229	-0.016272189349112343	0.004437869822485244	67800395
2023-01-11	-0.038406827880512154	-0.004267425320056934	-0.004267425320056934	-0.042674253200568966	-0.038406827880512154	113155566
2023-01-10	-0.005657708628005662	0.0	0.007072135785007047	-0.019801980198019882	-0.005657708628005662	89242734
2023-01-09	0.027616279069767498	0.0014534883720929922	0.037790697674418575	-0.0014534883720929922	0.027616279069767498	119321077
2023-01-06	-0.0690121786197564	0.0027063599458728637	0.009472259810554842	-0.07848443843031125	-0.0690121786197564	283942038
2023-01-05	0.06791907514450864	0.0057803468208092535	0.0751445086705203	0.0	0.06791907514450864	210486012
2023-01-04	0.016152716593245277	0.005873715124816452	0.03083700440528634	-0.010279001468428693	0.016152716593245277	134519867
2023-01-03	0.01946107784431136	0.004491017964071893	0.0419161676646707	-0.0029940119760478406	0.01946107784431136	145140200
2022-12-30	-0.0014947683109119096	0.007473841554559016	0.013452914798206256	-0.008968609865470926	-0.0014947683109119096	48184181
2022-12-29	0.0	-0.0029895366218236864	0.013452914798206256	-0.02242152466367718	0.0	72459855
2022-12-28	0.0029985007496252567	-0.0014992503748125618	0.008995502248875636	-0.007496251874062942	0.0029985007496252567	71906108
2022-12-27	0.019877675840978576	0.013761467889908235	0.029051987767584157	0.0015290519877675516	0.019877675840978576	67868985
2022-12-26	-0.020958083832335283	0.0014970059880240532	0.025449101796407175	-0.023952095808383256	-0.020958083832335283	89049385
2022-12-23	0.012121212121212133	-0.004545454545454449	0.022727272727272783	-0.009090909090909031	0.012121212121212133	74315203
2022-12-22	0.018518518518518396	0.0030864197530863537	0.04475308641975295	-0.0015432098765433139	0.018518518518518396	123723402
2022-12-21	0.01408450704225364	0.0031298904538341883	0.018779342723004713	0.0015649452269171635	0.01408450704225364	62644167
2022-12-20	-0.025914634146341455	0.007621951219512304	0.00914634146341471	-0.03201219512195121	-0.025914634146341455	68162504
2022-12-19	-0.012048192771084348	0.003012048192771154	0.03012048192771087	-0.018072289156626523	-0.012048192771084348	108505705
2022-12-16	0.0015082956259426527	-0.0030165912518853055	0.009049773755656184	-0.018099547511312233	0.0015082956259426527	103429692
2022-12-15	-0.03493449781659392	0.004366812227074272	0.008733624454148414	-0.03784570596797668	-0.03493449781659392	140005057
2022-12-14	0.04090909090909098	0.0	0.053030303030303115	-0.013636363636363615	0.04090909090909098	175392534
2022-12-13	-0.001512859304084822	0.007564296520423573	0.021180030257186032	-0.001512859304084822	-0.001512859304084822	113955399
2022-12-12	-0.03644314868804664	-0.008746355685131267	0.0029154518950436693	-0.04373177842565608	-0.03644314868804664	199747799
2022-12-09	0.03313253012048203	-0.006024096385542174	0.03765060240963856	-0.01656626506024088	0.03313253012048203	210170772
2022-12-08	0.03426791277258563	-0.0031152647975077217	0.040498442367601216	-0.010903426791277303	0.03426791277258563	180480277
2022-12-07	0.0	-0.007788161993769443	0.03271028037383177	-0.020249221183800608	0.0	208618529
2022-12-06	0.0031249999999999334	-0.0015625000000001055	0.018749999999999878	-0.014062500000000117	0.0031249999999999334	181289149
2022-12-05	0.0648918469217971	0.029950083194675643	0.07653910149750416	0.02662229617304495	0.0648918469217971	233063470
2022-12-02	-0.04603174603174604	0.0015873015873015535	0.007936507936507908	-0.04603174603174604	-0.04603174603174604	197060203
2022-12-01	0.05175292153589309	0.060100166944908086	0.10016694490818023	0.04674457429048403	0.05175292153589309	396616258
2022-11-30	0.011824324324324372	-0.0016891891891891533	0.021959459459459443	-0.008445945945945915	0.011824324324324372	158613956
2022-11-29	0.08424908424908424	0.02564102564102558	0.08974358974358979	0.012820512820512872	0.08424908424908424	200766232
2022-11-28	-0.012658227848101316	-0.01808318264014476	0.012658227848101156	-0.04159132007233281	-0.012658227848101316	139407859
2022-11-25	-0.005395683453237296	0.007194244604316554	0.010791366906474911	-0.014388489208632947	-0.005395683453237296	72026414
2022-11-24	-0.01592920353982314	0.003539823008849482	0.014159292035398242	-0.01946902654867262	-0.01592920353982314	65043436
2022-11-23	-0.019097222222222123	-0.010416666666666598	-0.006944444444444451	-0.03472222222222225	-0.019097222222222123	98473351
2022-11-22	0.0034843205574912146	0.0034843205574912146	0.017421602787456383	-0.008710801393728191	0.0034843205574912146	85241482
2022-11-21	-0.041736227045075125	-0.023372287145242164	-0.018363939899833107	-0.056761268781302145	-0.041736227045075125	188557021
2022-11-18	0.005033557046979908	-0.010067114093959667	0.023489932885905986	-0.011744966442953067	0.005033557046979908	160242560
2022-11-17	0.011884550084889693	0.0	0.0254668930390493	-0.008488964346349716	0.011884550084889693	110564911
2022-11-16	0.00340715502555359	-0.001703577512776795	0.018739352640545198	-0.005110732538330536	0.00340715502555359	97741357
2022-11-15	0.0	0.0	0.010221465076660921	-0.010221465076661072	0.0	123799865
2022-11-14	0.029824561403508757	0.010526315789473615	0.054385964912280635	0.010526315789473615	0.029824561403508757	259318256
2022-11-11	0.05947955390334578	0.03159851301115241	0.07620817843866173	0.027881040892193374	0.05947955390334578	239022190
2022-11-10	0.04263565891472863	-0.007751937984496131	0.054263565891472916	-0.00968992248062012	0.04263565891472863	177197994
2022-11-09	-0.005780346820809296	-0.005780346820809296	0.01156069364161842	-0.015414258188824675	-0.005780346820809296	89547175
2022-11-08	-0.018903591682419594	0.0	0.011342155009451722	-0.026465028355387464	-0.018903591682419594	112800447
2022-11-07	0.005703422053231987	-0.011406844106463804	0.022813688212927778	-0.020912547528517005	0.005703422053231987	115246209
2022-11-04	0.0499001996007984	0.0	0.08383233532934131	-0.0019960079840318935	0.0499001996007984	285637466
2022-11-03	-0.009881422924901151	-0.019762845849802303	0.005928853754940761	-0.02371541501976269	-0.009881422924901151	130407602
2022-11-02	0.04545454545454541	0.0	0.07231404958677697	-0.010330578512396658	0.04545454545454541	244639270
2022-11-01	0.08035714285714272	0.004464285714285619	0.09821428571428559	-0.015625000000000062	0.08035714285714272	235299956
2022-10-31	-0.044776119402985065	-0.03837953091684448	-0.029850746268656834	-0.0959488272921109	-0.044776119402985065	241191640
2022-10-28	-0.04868154158214997	-0.01825557809330626	-0.01014198782961457	-0.0669371196754564	-0.04868154158214997	207735875
2022-10-27	-0.014000000000000058	0.0060000000000000496	0.011999999999999922	-0.019999999999999928	-0.014000000000000058	123454326
2022-10-26	0.0	0.003999999999999915	0.019999999999999928	-0.003999999999999915	0.0	117305533
2022-10-25	-0.009900990099009866	-0.009900990099009866	0.01188118811881198	-0.019801980198019733	-0.009900990099009866	103788602
2022-10-24	-0.061338289962825296	-0.007434944237918222	0.005576208178438708	-0.07063197026022303	-0.061338289962825296	177525842
2022-10-21	-0.01645338208409504	0.0	0.0036563071297989877	-0.02193784277879344	-0.01645338208409504	74010176
2022-10-20	-0.0018248175182482983	-0.005474452554744571	0.01642335766423355	-0.0072992700729927066	-0.0018248175182482983	81658935
2022-10-19	-0.03350970017636676	-0.008818342151675453	-0.005291005291005335	-0.03527336860670197	-0.03350970017636676	88171468
2022-10-18	-0.0017605633802816527	0.001760563380281809	0.012323943661971882	-0.007042253521126767	-0.0017605633802816527	98488758
2022-10-17	0.008880994671403165	0.0	0.01776198934280649	-0.012433392539964526	0.008880994671403165	116874431
2022-10-14	0.0425925925925925	0.011111111111111039	0.044444444444444314	0.007407407407407414	0.0425925925925925	136293479
2022-10-13	-0.007352941176470594	-0.001838235294117771	0.007352941176470594	-0.011029411764705973	-0.007352941176470594	87232015
2022-10-12	0.011152416356877417	0.007434944237918222	0.01301115241635693	-0.02416356877323418	0.011152416356877417	141147184
2022-10-11	-0.011029411764705973	0.005514705882352824	0.005514705882352824	-0.020220588235294174	-0.011029411764705973	86232344
2022-10-10	-0.014492753623188259	0.0	0.003623188405797185	-0.018115942028985445	-0.014492753623188259	86506596
2022-09-30	0.01657458563535909	-0.0018416206261509737	0.03130755064456721	-0.005524861878452921	0.01657458563535909	106995355
2022-09-29	-0.01092896174863397	0.005464480874316823	0.014571948998178519	-0.016393442622950793	-0.01092896174863397	73185080
2022-09-28	0.00549450549450554	0.0018315018315017925	0.021978021978021997	-0.012820512820512872	0.00549450549450554	145554373
2022-09-27	0.058139534883720895	0.005813953488372141	0.06395348837209304	-0.007751937984496131	0.058139534883720895	155377304
2022-09-26	0.003891050583657678	-0.007782101167315182	0.01750972762645929	-0.01361867704280144	0.003891050583657678	112394979
2022-09-23	-0.0038759689922481513	0.0	0.003875968992247979	-0.025193798449612382	-0.0038759689922481513	129855797
2022-09-22	-0.03910614525139664	-0.005586592178770996	-0.0037243947858473857	-0.04283054003724403	-0.03910614525139664	121217671
2022-09-21	-0.011049723756906006	-0.005524861878452921	-0.0036832412523019474	-0.022099447513812175	-0.011049723756906006	56267990
2022-09-20	0.005555555555555437	0.0037037037037036245	0.014814814814814828	-0.003703703703703789	0.005555555555555437	59909938
2022-09-19	0.003717472118959194	0.0018587360594795144	0.01301115241635693	-0.014869888475836444	0.003717472118959194	64072078
2022-09-16	-0.03411131059245967	-0.0017953321364453634	-0.0017953321364453634	-0.035906642728904876	-0.03411131059245967	103926826
2022-09-15	-0.010657193605683768	0.0017761989342806016	0.02131438721136769	-0.01598579040852573	-0.010657193605683768	96289882
2022-09-14	-0.012280701754386015	-0.012280701754386015	-0.0017543859649122432	-0.015789473684210503	-0.012280701754386015	53639121
2022-09-13	0.012433392539964526	0.003552397868561361	0.028419182948490256	0.0017761989342806016	0.012433392539964526	83613148
2022-09-09	0.014414414414414429	0.0	0.016216216216216193	-0.009009009009008978	0.014414414414414429	61875960
2022-09-08	-0.0035906642728905673	0.001795332136445204	0.00897666068222618	-0.0053859964093357715	-0.0035906642728905673	56254008
2022-09-07	-0.021089630931458717	-0.0070298769771529055	-0.0070298769771529055	-0.024604569420035246	-0.021089630931458717	89302294
2022-09-06	0.007079646017699121	0.001769911504424741	0.008849557522123862	-0.007079646017699121	0.007079646017699121	70431677
2022-09-05	-0.03583617747440272	0.0017064846416381888	0.0034129692832763777	-0.04095563139931744	-0.03583617747440272	146659457
2022-09-02	-0.0034013605442176145	0.0	0.00680272108843538	-0.010204081632652994	-0.0034013605442176145	59033055
2022-09-01	-0.029702970297029656	-0.001650165016501615	-0.001650165016501615	-0.03300330033003289	-0.029702970297029656	99300971
2022-08-31	0.035897435897435895	0.001709401709401825	0.04786324786324791	-0.001709401709401673	0.035897435897435895	201426501
2022-08-30	-0.010152284263959475	-0.0050761421319797375	0.008460236886632796	-0.01692047377326574	-0.010152284263959475	54419040
2022-08-29	-0.005050505050505092	-0.010101010101010183	-0.001683501683501797	-0.023569023569023663	-0.005050505050505092	58894944
2022-08-26	-0.0033557046979865056	0.00671140939597316	0.016778523489932827	-0.010067114093959667	-0.0033557046979865056	62878660
2022-08-25	0.03292894280762572	0.0017331022530330462	0.03466204506065861	-0.006932409012131569	0.03292894280762572	97246178
2022-08-24	-0.0034542314335061245	-0.0017271157167529857	0.015544041450777177	-0.00518134715025911	-0.0034542314335061245	56628797
2022-08-23	-0.016977928692699432	-0.005093378607809739	0.0016977928692700638	-0.018675721561969345	-0.016977928692699432	66030538
2022-08-22	-0.006745362563237781	0.0	0.015177065767284968	-0.020236087689713342	-0.006745362563237781	64452177
2022-08-19	0.013675213675213687	-0.001709401709401673	0.03931623931623939	-0.006837606837606844	0.013675213675213687	117287553
2022-08-18	-0.011824324324324372	-0.0033783783783783066	-0.0016891891891891533	-0.025337837837837898	-0.011824324324324372	67347947
2022-08-17	0.015437392795883338	-0.0017152658662092258	0.020583190394511168	-0.017152658662092563	0.015437392795883338	85848501
2022-08-16	0.005172413793103492	0.0034482758620690453	0.006896551724137937	-0.006896551724137937	0.005172413793103492	60048670
2022-08-15	-0.02192242833052275	-0.005059021922428223	-0.0033726812816188153	-0.02192242833052275	-0.02192242833052275	71658942
2022-08-12	-0.005033557046979908	0.0033557046979866547	0.008389261744966413	-0.01342281879194632	-0.005033557046979908	46957981
2022-08-11	0.047451669595781995	0.005272407732864562	0.04920913884007018	0.0035149384885763747	0.047451669595781995	99327900
2022-08-10	-0.017271157167530162	-0.00518134715025911	-0.0034542314335061245	-0.025906735751295398	-0.017271157167530162	50769658
2022-08-09	0.006956521739130441	0.0	0.008695652173913012	-0.010434782608695584	0.006956521739130441	40419241
2022-08-08	-0.023769100169779234	-0.001697792869269913	0.0016977928692700638	-0.025466893039049147	-0.023769100169779234	70853025
2022-08-05	0.01551724137931032	-0.003448275862068892	0.018965517241379366	-0.005172413793103492	0.01551724137931032	51006625
2022-08-04	0.030195381882770857	0.005328596802841963	0.03907637655417402	0.005328596802841963	0.030195381882770857	88513784
2022-08-03	-0.04414261460101864	-0.013582342954159604	-0.008488964346349716	-0.04923599320882853	-0.04414261460101864	94170080
2022-08-02	-0.015050167224080391	-0.013377926421404692	0.0	-0.04013377926421408	-0.015050167224080391	105815399
2022-08-01	0.011844331641286003	-0.001692047377326529	0.013536379018612533	-0.01692047377326574	0.011844331641286003	49056170
2022-07-29	-0.024752475247524667	-0.004950495049504846	0.0016501650165017616	-0.031353135313531275	-0.024752475247524667	98617900
2022-07-28	0.004975124378109347	0.004975124378109347	0.02819237147595355	-0.0016583747927032628	0.004975124378109347	63392210
2022-07-27	-0.013093289689034381	0.0016366612111292612	0.0032733224222585224	-0.01800327332242231	-0.013093289689034381	79152721
2022-07-26	0.014950166112956936	0.006644518272425255	0.028239202657807445	0.0	0.014950166112956936	77923826
2022-07-25	-0.014729950900163788	0.0	0.0032733224222585224	-0.0245499181669395	-0.014729950900163788	95086082
2022-07-22	-0.014516129032258041	0.0	0.006451612903225812	-0.029032258064516224	-0.014516129032258041	83971492
2022-07-21	-0.017432646592709895	0.001584786053882833	0.001584786053882833	-0.017432646592709895	-0.017432646592709895	59641041
2022-07-20	-0.003159557661927403	0.004739336492891035	0.012638230647709331	-0.00947867298578207	-0.003159557661927403	49890248
2022-07-19	0.0	-0.007898894154818297	0.015797788309636594	-0.007898894154818297	0.0	58162848
2022-07-18	0.022617124394184115	0.0	0.02746365105008076	-0.0032310177705978126	0.022617124394184115	91827297
2022-07-15	-0.009599999999999937	-0.0015999999999999658	0.009599999999999937	-0.012800000000000011	-0.009599999999999937	79442840
2022-07-14	0.012965964343598067	-0.009724473257698478	0.022690437601296545	-0.011345218800648345	0.012965964343598067	87834799
2022-07-13	-0.009630818619582744	0.0016051364365970765	0.008025682182985525	-0.016051364365971193	-0.009630818619582744	100037750
2022-07-12	-0.007961783439490418	-0.0015923566878981966	0.007961783439490418	-0.012738853503184724	-0.007961783439490418	84004731
2022-07-11	-0.054216867469879436	0.001506024096385644	0.001506024096385644	-0.06626506024096378	-0.054216867469879436	206222685
2022-07-08	0.019969278033794148	0.009216589861751228	0.041474654377880255	0.0076804915514592665	0.019969278033794148	126805733
2022-07-07	-0.007621951219512168	-0.0015243902439024066	0.01981707317073183	-0.015243902439024336	-0.007621951219512168	131105823
2022-07-06	-0.031019202363367797	-0.007385524372230403	-0.004431314623338163	-0.04874446085672071	-0.031019202363367797	190370042
2022-07-05	0.0044510385756675605	0.0014836795252225203	0.026706231454005892	-0.011869436201780426	0.0044510385756675605	149687794
2022-07-04	0.018126888217522674	-0.001510574018126856	0.018126888217522674	-0.021148036253776387	0.018126888217522674	90755919
2022-07-01	-0.016344725111441354	-0.004457652303120394	0.007429420505200567	-0.020802377414561746	-0.016344725111441354	73189264
2022-06-30	0.012030075187969934	0.016541353383458562	0.03909774436090222	0.007518796992481176	0.012030075187969934	144020371
2022-06-29	0.0075757575757576835	-0.010606060606060515	0.04545454545454557	-0.010606060606060515	0.0075757575757576835	159973036
2022-06-28	0.01538461538461533	0.004615384615384654	0.01692307692307697	-0.013846153846153824	0.01538461538461533	103331436
2022-06-27	0.023622047244094547	0.006299212598425203	0.056692913385826826	-0.006299212598425203	0.023622047244094547	193105668
2022-06-24	0.007936507936507908	-0.003174603174603107	0.01587301587301596	-0.007936507936507908	0.007936507936507908	106634553
2022-06-23	0.004784688995215351	-0.0015948963317384032	0.004784688995215351	-0.01435406698564591	0.004784688995215351	97833381
2022-06-22	-0.03981623277182246	0.003062787136293962	0.007656967840735041	-0.04134762633996944	-0.03981623277182246	142832721
2022-06-21	0.004615384615384654	-0.0015384615384615057	0.02153846153846149	-0.007692307692307665	0.004615384615384654	114125154
2022-06-20	0.018808777429467103	0.0031347962382445864	0.02664576802507836	-0.006269592476489034	0.018808777429467103	124120052
2022-06-17	0.006309148264984233	-0.00946372239747628	0.007886435331230256	-0.026813880126182955	0.006309148264984233	145038696
2022-06-16	-0.007824726134585262	-0.0015649452269170245	0.01095461658841945	-0.012519561815336476	-0.007824726134585262	135589359
2022-06-15	0.027331189710610923	0.0032154340836013607	0.05144694533762063	-0.008038585209003187	0.027331189710610923	177131405
2022-06-14	-0.0048000000000000395	-0.0064000000000000055	0.0031999999999999316	-0.027199999999999988	-0.0048000000000000395	155766805
2022-06-13	-0.023437500000000056	-0.0062500000000000056	-0.0015625000000001055	-0.04218750000000007	-0.023437500000000056	208803290
2022-06-10	-0.01990811638591116	-0.004594180704441079	-0.0030627871362940984	-0.04134762633996944	-0.01990811638591116	233433235
2022-06-09	-0.010606060606060515	-0.007575757575757549	0.019696969696969817	-0.022727272727272648	-0.010606060606060515	147331800
2022-06-08	0.004566210045662003	0.0	0.010654490106544809	-0.019786910197869084	0.004566210045662003	113806769
2022-06-07	-0.0015197568389057428	0.0015197568389057428	0.009118541033434591	-0.010638297872340469	-0.0015197568389057428	85877993
2022-06-06	0.03296703296703296	0.0	0.04552590266875982	-0.006279434850863428	0.03296703296703296	157622738
2022-06-02	-0.012403100775193809	-0.010852713178294617	-0.0046511627906977125	-0.024806201550387617	-0.012403100775193809	131857058
2022-06-01	0.004672897196261721	-0.0031152647975077217	0.014018691588785024	-0.015576323987538885	0.004672897196261721	213970584
2022-05-31	0.07537688442211059	0.0016750418760470144	0.08542713567839208	0.0016750418760470144	0.07537688442211059	304155568
2022-05-30	0.03466204506065861	0.013864818024263445	0.043327556325823226	0.013864818024263445	0.03466204506065861	208947650
2022-05-27	-0.011986301369863063	0.010273972602739812	0.023972602739726127	-0.02226027397260272	-0.011986301369863063	153757341
2022-05-26	0.0428571428571429	0.0	0.0535714285714287	-0.00714285714285715	0.0428571428571429	233023667
2022-05-25	0.021897810218977957	0.0	0.023722627737226255	-0.0036496350364964344	0.021897810218977957	85390388
2022-05-24	-0.03859649122807013	0.0035087719298244864	0.0035087719298244864	-0.03859649122807013	-0.03859649122807013	129530512
2022-05-23	-0.038785834738617124	-0.0033726812816188153	0.003372681281618965	-0.04721753794266431	-0.038785834738617124	237499226
2022-05-20	0.042179261862917275	0.0070298769771529055	0.04920913884007018	0.0	0.042179261862917275	173760495
2022-05-19	-0.02065404475043016	-0.01721170395869185	-0.01032702237521508	-0.029259896729776236	-0.02065404475043016	114090596
2022-05-18	0.008680555555555525	0.005208333333333376	0.015624999999999976	-0.010416666666666598	0.008680555555555525	120571558
2022-05-17	0.019469026548672465	-0.014159292035398242	0.023008849557522103	-0.014159292035398242	0.019469026548672465	97270568
2022-05-16	0.0	0.010619469026548603	0.038938053097345084	-0.012389380530973501	0.0	139191593
2022-05-13	-0.02249134948096884	0.0034602076124566734	0.006920415224913501	-0.03287197231833917	-0.02249134948096884	112496241
2022-05-12	-0.020338983050847474	-0.006779661016949158	0.0016949152542372519	-0.032203389830508536	-0.020338983050847474	105354943
2022-05-11	0.02608695652173919	0.0017391304347825717	0.060869565217391244	-0.005217391304347869	0.02608695652173919	203994901
2022-05-10	0.005244755244755288	-0.01923076923076913	0.012237762237762288	-0.03321678321678313	0.005244755244755288	165070226
2022-05-09	0.001751313485113798	-0.0052539404553415495	0.010507880910682945	-0.007005253940455348	0.001751313485113798	81383904
2022-05-06	-0.030560271646859035	-0.028862478777589122	-0.006791171477079802	-0.050933786078098446	-0.030560271646859035	170696293
2022-05-05	0.010291595197255508	-0.00514579759862783	0.01886792452830194	-0.022298456260720394	0.010291595197255508	262028772
2022-04-29	0.10000000000000005	-0.015094339622641523	0.10000000000000005	-0.022641509433962283	0.10000000000000005	246705752
2022-04-28	-0.014869888475836444	-0.011152416356877252	-0.0037174721189590287	-0.03531598513011143	-0.014869888475836444	97597156
2022-04-27	0.052837573385518505	-0.00978473581213321	0.05479452054794508	-0.03131115459882586	0.052837573385518505	179437031
2022-04-26	-0.03402646502835533	0.009451795841209797	0.011342155009451722	-0.041587901701323204	-0.03402646502835533	134754098
2022-04-25	-0.05366726296958852	-0.025044722719141266	-0.01073345259391764	-0.055456171735241436	-0.05366726296958852	147073775
2022-04-22	0.04096834264432025	0.0	0.05027932960893847	-0.0074487895716946065	0.04096834264432025	174469940
2022-04-21	-0.047872340425531845	-0.008865248226950324	-0.008865248226950324	-0.04964539007092188	-0.047872340425531845	202526750
2022-04-20	-0.01052631578947377	0.0035087719298244864	0.021052631578947385	-0.0175438596491229	-0.01052631578947377	149303733
2022-04-19	-0.008695652173913012	-0.005217391304347869	0.022608695652173893	-0.015652173913043455	-0.008695652173913012	105133093
2022-04-18	-0.023769100169779234	-0.006791171477079802	-0.006791171477079802	-0.03565365025466893	-0.023769100169779234	124470008
2022-04-15	0.0	-0.005093378607809739	0.015280135823429668	-0.01018675721561963	0.0	80792638
2022-04-14	0.00340715502555359	0.005110732538330536	0.018739352640545198	-0.010221465076661072	0.00340715502555359	122874316
2022-04-13	-0.011784511784511831	-0.00673400673400674	0.008417508417508388	-0.020202020202020218	-0.011784511784511831	104471952
2022-04-12	0.04577464788732406	0.003521126760563462	0.05105633802816902	0.001760563380281809	0.04577464788732406	160145343
2022-04-11	-0.046979865771812124	0.0	0.0016778523489932528	-0.05033557046979863	-0.046979865771812124	144156237
2022-04-08	-0.006666666666666672	0.006666666666666672	0.006666666666666672	-0.02500000000000006	-0.006666666666666672	97418881
2022-04-07	-0.025974025974025997	-0.0016233766233765888	0.0016233766233765888	-0.029220779220779175	-0.025974025974025997	91893907
2022-04-06	-0.009646302250803797	-0.0032154340836012176	0.009646302250803939	-0.016077170418006374	-0.009646302250803797	104986760
2022-04-01	0.018003273322422166	-0.0016366612111294067	0.026186579378068616	-0.014729950900163788	0.018003273322422166	116391949
2022-03-31	-0.0016339869281045403	-0.006535947712418306	0.02450980392156854	-0.013071895424836612	-0.0016339869281045403	126110322
2022-03-30	0.032040472175379496	0.011804384485666152	0.032040472175379496	-0.006745362563237781	0.032040472175379496	150338246
2022-03-29	-0.011666666666666714	0.0033333333333332624	0.006666666666666672	-0.016666666666666607	-0.011666666666666714	90955290
2022-03-28	-0.006622516556291397	-0.01158940397350998	0.0033112582781456247	-0.01986754966887419	-0.006622516556291397	83430205
2022-03-25	-0.009836065573770428	0.008196721311475526	0.009836065573770574	-0.019672131147540857	-0.009836065573770428	101472201
2022-03-24	-0.017713365539452547	-0.009661835748792208	-0.0032206119162640216	-0.020933977455716568	-0.017713365539452547	104544452
2022-03-23	-0.003210272873194295	0.006420545746388306	0.009630818619582602	-0.012841091492776896	-0.003210272873194295	116145626
2022-03-22	0.004838709677419395	-0.0016129032258064171	0.012903225806451623	-0.01774193548387102	0.004838709677419395	139402717
2022-03-21	-0.022082018927444744	0.009463722397476419	0.012618296529968466	-0.03312302839116719	-0.022082018927444744	185544802
2022-03-18	-0.004709576138147605	-0.00784929356357925	0.010989010989011033	-0.020408163265306107	-0.004709576138147605	151760987
2022-03-17	0.04084967320261438	0.04575163398692814	0.07026143790849669	0.017973856209150377	0.04084967320261438	211457923
2022-03-16	0.0812720848056537	0.030035335689045924	0.09540636042402827	0.001766784452296782	0.0812720848056537	267665053
2022-03-15	-0.08265802269043757	-0.01782820097244738	-0.009724473257698478	-0.08265802269043757	-0.08265802269043757	327207520
2022-03-14	-0.09131075110456555	-0.01620029455081006	-0.010309278350515505	-0.09278350515463916	-0.09131075110456555	286801456
2022-03-11	-0.020202020202020155	-0.017316017316017333	0.005772005772005777	-0.04617604617604609	-0.020202020202020155	177457810
2022-03-10	-0.014224751066856405	0.03129445234708389	0.03129445234708389	-0.018492176386913212	-0.014224751066856405	159770183
2022-03-09	0.01884057971014491	0.007246376811594177	0.02028985507246372	-0.028985507246376836	0.01884057971014491	142505245
2022-03-08	-0.030898876404494346	-0.002808988764045009	0.009831460674157343	-0.03651685393258424	-0.030898876404494346	147150402
2022-03-07	-0.009735744089012557	-0.006954102920723325	0.006954102920723202	-0.025034770514603698	-0.009735744089012557	105547174
2022-03-04	-0.01909959072305589	-0.009549795361528005	-0.004092769440654877	-0.02319236016371077	-0.01909959072305589	94816748
2022-03-03	0.004109589041095925	0.0	0.005479452054794526	-0.010958904109589052	0.004109589041095925	118916358
2022-03-02	-0.04325032765399739	-0.003931847968545249	-0.0026212319790300882	-0.04587155963302748	-0.04325032765399739	183026046
2022-03-01	-0.0026143790849673804	0.0	0.003921568627450896	-0.016993464052287684	-0.0026143790849673804	104430623
2022-02-28	-0.016709511568123378	0.0	0.003856041131105316	-0.034704370179948645	-0.016709511568123378	134296659
2022-02-25	0.007772020725388666	0.006476683937823811	0.029792746113989695	0.006476683937823811	0.007772020725388666	84517995
2022-02-24	-0.03980099502487555	0.0024875621890548946	0.004975124378109568	-0.05223880597014914	-0.03980099502487555	155729515
2022-02-23	0.034749034749034693	-0.0025740025740025193	0.04633204633204649	-0.003861003861003779	0.034749034749034693	133792053
2022-02-22	-0.02996254681647943	-0.0062421972534331864	-0.0062421972534331864	-0.041198501872659186	-0.02996254681647943	112878105
2022-02-21	-0.011111111111111094	-0.003703703703703625	0.0012345679012345416	-0.018518518518518455	-0.011111111111111094	69577585
2022-02-18	0.008717310087173137	-0.008717310087173026	0.014943960149439727	-0.0099626400996263	0.008717310087173137	72541247
2022-02-17	-0.0024844720496896085	-0.004968944099378997	0.014906832298136547	-0.0062111801242236905	-0.0024844720496896085	68347191
2022-02-16	-0.004944375772558609	0.0049443757725588285	0.019777503090234877	-0.01112484548825709	-0.004944375772558609	71786746
2022-02-15	0.012515644555694573	0.0	0.01877346683354197	-0.005006257822277852	0.012515644555694573	99145999
2022-02-14	-0.012360939431396743	0.003708281829418957	0.0061804697156984814	-0.018541409147095112	-0.012360939431396743	101447867
2022-02-11	-0.018203883495145675	0.0024271844660193657	0.03033980582524272	-0.023058252427184404	-0.018203883495145675	176244530
2022-02-10	0.05641025641025646	0.0012820512820512547	0.06282051282051274	-0.008974358974358897	0.05641025641025646	257076170
2022-02-09	0.019607843137254832	-0.0013071895424837483	0.03529411764705877	-0.003921568627451012	0.019607843137254832	178281101
2022-02-08	-0.005201560468140447	-0.002600780234070281	0.007802340702210612	-0.022106631989596986	-0.005201560468140447	126388132
2022-02-07	0.009186351706036783	0.01968503937007867	0.027559055118110232	0.0	0.009186351706036783	72767597
2022-01-28	-0.00910273081924581	0.0026007802340701656	0.011703511053315976	-0.019505851755526705	-0.00910273081924581	76762143
2022-01-27	-0.0038860103626942176	0.0012953367875648543	0.016839378238341956	-0.007772020725388551	-0.0038860103626942176	82522519
2022-01-26	-0.011523687580025591	0.0	0.016645326504481535	-0.02944942381562094	-0.011523687580025591	116960043
2022-01-25	-0.04872107186358114	-0.00609013398294771	-0.0048721071863582115	-0.04872107186358114	-0.04872107186358114	131237392
2022-01-24	0.026250000000000107	-0.0050000000000000044	0.03499999999999992	-0.010000000000000009	0.026250000000000107	122017740
2022-01-21	-0.013563501849568366	-0.00739827373612808	0.017262638717632624	-0.017262638717632513	-0.013563501849568366	124480167
2022-01-20	0.04510309278350511	0.005154639175257737	0.05283505154639177	-0.006443298969072142	0.04510309278350511	168838150
2022-01-19	-0.017721518987341842	-0.005063291139240511	0.0037974683544302985	-0.024050632911392453	-0.017721518987341842	108608261
2022-01-18	0.005089058524173033	0.0025445292620864595	0.013994910941475754	-0.007633587786259605	0.005089058524173033	64885156
2022-01-17	-0.0025380710659897937	0.006345177664974597	0.02157360406091381	-0.008883248730964504	-0.0025380710659897937	100813646
2022-01-14	-0.01622971285892633	-0.007490636704119802	0.0037453183520598453	-0.0212234706616729	-0.01622971285892633	91533585
2022-01-13	-0.024360535931790626	0.0	0.012180267965895206	-0.025578562728380126	-0.024360535931790626	85259906
2022-01-12	-0.004848484848484745	0.0	0.0036363636363635587	-0.021818181818181785	-0.004848484848484745	85353328
2022-01-11	-0.017857142857142898	-0.001190476190476165	0.001190476190476165	-0.03928571428571429	-0.017857142857142898	131758607
2022-01-10	-0.004739336492890894	0.0	0.018957345971564	-0.02251184834123217	-0.004739336492890894	117146500
2022-01-07	0.026763990267639762	0.0024330900243308483	0.04987834549878347	0.0024330900243308483	0.026763990267639762	202791249
2022-01-06	-0.022592152199762128	-0.003567181926278164	-0.0011890606420927215	-0.03329369797859683	-0.022592152199762128	117923201
2022-01-05	-0.010588235294117631	0.0	0.029411764705882353	-0.021176470588235262	-0.010588235294117631	166144466
2022-01-04	0.03785103785103791	-0.003663003663003585	0.0463980463980465	-0.009768009768009777	0.03785103785103791	186084250
2021-12-31	-0.008474576271186475	0.0012106537530266086	0.00484261501210665	-0.01815980629539956	-0.008474576271186475	109877035
2021-12-30	0.042929292929292914	-0.0063131313131312905	0.05176767676767679	-0.01010101010101011	0.042929292929292914	173969620
2021-12-29	-0.036496350364963584	-0.0024330900243310642	-0.0024330900243310642	-0.036496350364963584	-0.036496350364963584	126388983
2021-12-28	0.023661270236612863	0.0024906600249067685	0.027397260273972684	-0.012453300124532957	0.023661270236612863	219736264
2021-12-27	0.025542784163473727	0.0025542784163473274	0.039591315453384485	-0.002554278416347441	0.025542784163473727	161524418
2021-12-24	0.010322580645161299	-0.0025806451612902675	0.020645161290322598	-0.009032258064516166	0.010322580645161299	117942172
2021-12-23	0.003886010362694333	-0.0025906735751294787	0.015544041450777216	-0.022020725388601028	0.003886010362694333	156700572
2021-12-22	0.002597402597402542	-0.001298701298701271	0.02467532467532461	-0.01168831168831167	0.002597402597402542	129021308
2021-12-21	0.010498687664042003	-0.0013123359580052214	0.01968503937007867	-0.0026246719160105594	0.010498687664042003	137589313
2021-12-20	-0.015503875968992262	-0.005167958656330754	0.007751937984496074	-0.02454780361757111	-0.015503875968992262	126768414
2021-12-17	-0.02149178255372945	-0.007585335018963401	0.0	-0.022756005056889975	-0.02149178255372945	97662784
2021-12-16	0.020645161290322598	0.010322580645161299	0.033548387096774164	-0.0025806451612902675	0.020645161290322598	164498033
2021-12-15	-0.02022756005056892	0.0	0.0	-0.029077117572692848	-0.02022756005056892	147976600
2021-12-14	-0.027060270602706105	0.007380073800737849	0.012300123001229967	-0.03321033210332109	-0.027060270602706105	214770686
2021-12-13	0.029113924050632962	0.018987341772151944	0.050632911392405104	0.010126582278481022	0.029113924050632962	336352208
2021-12-10	0.02199223803363518	-0.012936610608020767	0.045278137128072396	-0.020698576972833133	0.02199223803363518	429980192
2021-12-09	0.09026798307475326	0.0014104372355429884	0.1001410437235543	-0.0014104372355429884	0.09026798307475326	631899728
2021-12-08	0.004249291784702585	0.0028328611898017653	0.004249291784702585	-0.014164305949008449	0.004249291784702585	128482155
2021-12-07	0.021707670043415263	0.004341534008683104	0.023154848046309715	0.004341534008683104	0.021707670043415263	154087324
2021-12-06	-0.02263083451202265	-0.002828854314002894	-0.0014144271570015099	-0.02263083451202265	-0.02263083451202265	149339079
2021-12-03	-0.005625879043600567	0.004219409282700331	0.004219409282700331	-0.01406469760900148	-0.005625879043600567	121612533
2021-12-02	0.0014084507042254472	-0.0014084507042253223	0.0028169014084507694	-0.005633802816901414	0.0014084507042254472	105101511
2021-12-01	0.004243281471004153	-0.005657708628005662	0.004243281471004153	-0.008486562942008556	0.004243281471004153	70783801
2021-11-30	-0.007022471910112334	0.002808988764044884	0.00421348314606745	-0.015449438202247236	-0.007022471910112334	112988357
2021-11-29	-0.01111111111111112	-0.01111111111111112	0.0027777777777777185	-0.013888888888888963	-0.01111111111111112	122117000
2021-11-26	-0.009628610729023301	0.00412654745529577	0.00412654745529577	-0.02063273727647861	-0.009628610729023301	106891086
2021-11-25	0.0069252077562326625	-0.002770083102493016	0.015235457063711957	-0.008310249307479171	0.0069252077562326625	107520022
2021-11-24	0.006973500697350045	0.0013947001394699842	0.01394700139470009	-0.009762900976290137	0.006973500697350045	118120096
2021-11-23	-0.00829875518672206	-0.0027662517289073945	0.005532503457814543	-0.016597510373443997	-0.00829875518672206	137851693
2021-11-22	-0.0027586206896551137	0.0	0.012413793103448256	-0.006896551724137907	-0.0027586206896551137	106756215
2021-11-19	0.005547850208044388	-0.004160887656033322	0.009708737864077709	-0.011095700416088776	0.005547850208044388	125412170
2021-11-18	-0.02435723951285517	-0.0027063599458727436	-0.0027063599458727436	-0.02976995940460078	-0.02435723951285517	167013819
2021-11-17	-0.03018372703412079	0.0013123359580052214	0.005249343832021002	-0.034120734908136455	-0.03018372703412079	153074984
2021-11-16	0.007936507936508002	0.0	0.02380952380952389	-0.005291005291005296	0.007936507936508002	142529872
2021-11-15	0.03846153846153837	-0.010989010989010999	0.04395604395604387	-0.010989010989010999	0.03846153846153837	205418282
2021-11-12	-0.013550135501354966	0.002710027100271065	0.006775067750677483	-0.024390243902438987	-0.013550135501354966	151278026
2021-11-11	-0.006729475100942103	-0.0080753701211305	0.0013458950201885162	-0.014804845222072602	-0.006729475100942103	107154651
2021-11-10	-0.008010680907877236	0.0	0.008010680907877116	-0.018691588785046804	-0.008010680907877236	114647960
2021-11-09	-0.01834862385321097	-0.003931847968545249	0.005242463958060293	-0.02096985583224117	-0.01834862385321097	110243939
2021-11-08	0.02691790040376853	-0.00403768506056519	0.036339165545087544	-0.014804845222072602	0.02691790040376853	171482428
2021-11-05	-0.0425257731958763	-0.010309278350515474	-0.0012886597938144056	-0.051546391752577254	-0.0425257731958763	251368488
2021-11-04	0.040214477211796225	0.008042895442359197	0.04825737265415554	0.0	0.040214477211796225	216701833
2021-11-03	-0.001338688085676009	-0.009370816599732181	0.02008032128514061	-0.017402945113788475	-0.001338688085676009	150148141
2021-11-02	0.03606102635228846	0.0	0.06102635228848827	-0.005547850208044388	0.03606102635228846	281232416
2021-11-01	-0.020380434782608745	-0.02309782608695651	-0.006793478260869661	-0.038043478260869595	-0.020380434782608745	207212062
2021-10-29	0.0424929178470256	-0.009915014164305864	0.04532577903682724	-0.01558073654390927	0.0424929178470256	183911896
2021-10-28	0.0056980056980057035	-0.0014245014245013942	0.009971509971510013	-0.0455840455840455	0.0056980056980057035	196857600
2021-10-27	-0.056451612903225916	-0.001344086021505467	-0.001344086021505467	-0.05913978494623661	-0.056451612903225916	276779248
2021-10-26	0.012244897959183775	-0.0068027210884353505	0.029931972789115736	-0.008163265306122396	0.012244897959183775	113370866
2021-10-25	-0.02000000000000005	-0.0013333333333333049	0.013333333333333286	-0.03333333333333333	-0.02000000000000005	163438440
2021-10-22	0.0	-0.02666666666666669	0.018666666666666623	-0.0293333333333333	0.0	136538429
2021-10-21	-0.00265957446808505	0.0	0.015957446808510654	-0.011968085106382961	-0.00265957446808505	98885452
2021-10-20	-0.024643320363164772	0.005188067444876788	0.007782101167315124	-0.028534370946822277	-0.024643320363164772	127346709
2021-10-19	0.003906250000000033	-0.00781249999999995	0.013020833333333403	-0.00781249999999995	0.003906250000000033	87809600
2021-10-18	-0.0253807106598985	0.0012690355329948969	0.0050761421319797	-0.02918781725888319	-0.0253807106598985	120143577
2021-10-15	-0.0025316455696203113	-0.005063291139240511	0.008860759493670808	-0.018987341772151944	-0.0025316455696203113	136602577
2021-10-14	0.0012674271229405165	-0.011406844106463861	0.020278833967047025	-0.011406844106463861	0.0012674271229405165	166524971
2021-10-13	0.03815789473684211	0.0013157894736842994	0.03947368421052641	-0.018421052631578907	0.03815789473684211	200625036
2021-10-12	0.009296148738379733	0.0	0.019920318725099532	-0.01726427622841964	0.009296148738379733	139727280
2021-10-11	-0.013106159895150675	0.007863695937090498	0.02096985583224117	-0.014416775884665835	-0.013106159895150675	138564172
2021-10-08	0.04234972677595623	0.010928961748633888	0.058743169398907065	-0.002732240437158533	0.04234972677595623	230044421
2021-09-30	0.013850415512465448	0.0013850415512466309	0.03324099722991693	0.0013850415512466309	0.013850415512465448	86021274
2021-09-29	-0.024324324324324405	-0.013513513513513585	-0.0067567567567568525	-0.03108108108108114	-0.024324324324324405	109589854
2021-09-28	-0.025032938076416274	0.0	0.0	-0.03162055335968382	-0.025032938076416274	137268845
2021-09-27	0.044016506189821225	0.0	0.053645116918844646	-0.0027510316368637654	0.044016506189821225	235865295
2021-09-24	0.00414364640883969	-0.0041436464088398135	0.022099447513812175	-0.01381215469613267	0.00414364640883969	119620304
2021-09-23	0.0013831258644536356	0.006915629322268302	0.03319502074688787	-0.00414937759336103	0.0013831258644536356	126608644
2021-09-22	-0.0109439124487003	-0.015047879616962988	-0.0027359781121750444	-0.017783857729138153	-0.0109439124487003	68661734
2021-09-17	0.019525801952580153	0.0013947001394699842	0.019525801952580153	-0.006973500697350045	0.019525801952580153	119863232
2021-09-16	-0.0027816411682893547	0.0013908205841446156	0.013908205841446404	-0.004172461752433971	-0.0027816411682893547	105375857
2021-09-15	-0.008275862068965464	-0.00551724137931035	0.0027586206896551137	-0.017931034482758606	-0.008275862068965464	121315313
2021-09-14	-0.018944519621109566	0.00811907983761847	0.00811907983761847	-0.02435723951285517	-0.018944519621109566	129623977
2021-09-13	-0.0159786950732357	0.005326231691078567	0.010652463382157133	-0.021304926764314266	-0.0159786950732357	126117687
2021-09-10	0.008053691275167732	-0.0013422818791946022	0.02550335570469792	-0.012080536912751658	0.008053691275167732	141176731
2021-09-09	-0.005340453938584784	-0.006675567423230951	0.008010680907877116	-0.021361815754339136	-0.005340453938584784	138116535
2021-09-08	0.0067204301075268575	0.0026881720430106952	0.03225806451612894	-0.001344086021505467	0.0067204301075268575	178336238
2021-09-07	0.023383768913342616	0.0027510316368638877	0.034387895460797804	-0.0013755158184318827	0.023383768913342616	183952964
2021-09-06	0.009722222222222137	0.0027777777777777185	0.01805555555555554	-0.00555555555555556	0.009722222222222137	149991056
2021-09-03	-0.00414937759336103	-0.00414937759336103	0.009681881051175572	-0.017980636237897755	-0.00414937759336103	122588699
2021-09-02	-0.0109439124487003	0.00547195622435021	0.01094391244870042	-0.019151846785225676	-0.0109439124487003	136710237
2021-09-01	0.016689847009735633	0.0013908205841446156	0.02225312934631422	-0.016689847009735758	0.016689847009735633	166785642
2021-08-31	0.0	0.0	0.025034770514603576	-0.012517385257301911	0.0	183482371
2021-08-30	-0.029689608636977022	0.005398110661268561	0.010796221322537122	-0.04183535762483138	-0.029689608636977022	242391942
2021-08-27	-0.03766233766233767	0.0	0.012987012987012941	-0.044155844155844136	-0.03766233766233767	195007682
2021-08-26	-0.03749999999999998	0.04125000000000001	0.04125000000000001	-0.04874999999999996	-0.03749999999999998	236807971
2021-08-25	0.02040816326530614	0.0	0.025510204081632563	-0.008928571428571465	0.02040816326530614	131878550
2021-08-24	0.024836601307189475	-0.009150326797385658	0.03006535947712412	-0.013071895424836671	0.024836601307189475	139427150
2021-08-23	0.07746478873239447	0.0042253521126760915	0.08591549295774653	0.0	0.07746478873239447	197885468
2021-08-20	-0.04183535762483138	-0.00134952766531711	0.0	-0.058029689608636935	-0.04183535762483138	175313575
2021-08-19	-0.005369127516778528	0.0013422818791946022	0.028187919463087244	-0.009395973154362454	-0.005369127516778528	98862415
2021-08-18	-0.014550264550264477	0.006613756613756708	0.013227513227513298	-0.01984126984126977	-0.014550264550264477	104399694
2021-08-17	-0.02827763496143967	0.0	0.005141388174807203	-0.030848329048843215	-0.02827763496143967	101181969
2021-08-16	0.025032938076416388	0.00527009222661397	0.0408432147562583	-0.007905138339920898	0.025032938076416388	101752042
2021-08-13	-0.014285714285714327	-0.005194805194805199	0.005194805194805199	-0.019480519480519525	-0.014285714285714327	96575298
2021-08-12	-0.04466501240694793	-0.0037220843672457985	0.002481389578163719	-0.04590570719602979	-0.04466501240694793	149967976
2021-08-11	-0.0024752475247524224	0.0012376237623762112	0.02970297029702973	-0.007425742574257487	-0.0024752475247524224	110202440
2021-08-10	0.02278481012658224	-0.012658227848101333	0.030379746835443065	-0.03164556962025316	0.02278481012658224	176235251
2021-08-09	0.08219178082191789	-0.005479452054794526	0.09863013698630134	-0.010958904109589052	0.08219178082191789	211222925
2021-08-06	-0.02013422818791951	-0.0026845637583893236	0.004026845637583926	-0.022818791946308713	-0.02013422818791951	83315086
2021-08-05	-0.028683181225554074	-0.009126466753585435	0.009126466753585435	-0.029986962190351962	-0.028683181225554074	105343809
2021-08-04	0.0013054830287205987	0.005221932114882511	0.018276762402088732	-0.03394255874673626	0.0013054830287205987	135136057
2021-08-03	-0.014157014157014085	-0.006435006435006413	0.009009009009009045	-0.01930501930501924	-0.014157014157014085	108186314
2021-08-02	0.03599999999999994	0.0	0.05333333333333338	-0.006666666666666643	0.03599999999999994	125166349
2021-07-30	-0.025974025974025997	0.0	0.0	-0.042857142857142864	-0.025974025974025997	118880209
2021-07-29	0.019867549668874218	0.01854304635761597	0.06622516556291402	0.0172185430463576	0.019867549668874218	218052122
2021-07-28	0.041379310344827565	-0.00551724137931035	0.05103448275862071	-0.006896551724137907	0.041379310344827565	199903439
2021-07-27	-0.06812339331619541	0.0	0.0077120822622107465	-0.06812339331619541	-0.06812339331619541	219734826
2021-07-26	-0.026282853566958694	-0.023779724655819824	0.007509386733416833	-0.045056320400500664	-0.026282853566958694	225955484
2021-07-23	-0.04880952380952382	0.00238095238095233	0.007142857142857202	-0.05357142857142859	-0.04880952380952382	222151192
2021-07-22	0.021897810218978065	0.0	0.04866180048661783	-0.0048661800486619125	0.021897810218978065	147552948
2021-07-21	0.012315270935960767	-0.0012315270935960329	0.032019704433497734	-0.0012315270935960329	0.012315270935960767	104647739
2021-07-20	-0.013365735115431494	-0.006075334143377972	0.0	-0.0182260024301337	-0.013365735115431494	61655129
2021-07-19	0.0	-0.015795868772782596	0.008505467800729074	-0.0182260024301337	0.0	79312411
2021-07-16	-0.02603550295857975	-0.004733727810650787	-0.0011834319526626968	-0.02958579881656805	-0.02603550295857975	85883473
2021-07-15	0.008353221957040394	0.0	0.013126491646777974	-0.02028639618138424	0.008353221957040394	104124141
2021-07-14	-0.008284023668638877	0.008284023668639088	0.008284023668639088	-0.023668639053254354	-0.008284023668638877	95958484
2021-07-13	0.019300361881785303	-0.003618817852834664	0.021712907117008625	-0.010856453558504207	0.019300361881785303	116812704
2021-07-12	0.004848484848484745	0.009696969696969706	0.020606060606060597	-0.021818181818181785	0.004848484848484745	135690410
2021-07-09	0.011029411764705864	0.0012254901960784053	0.025735294117646947	-0.01960784313725492	0.011029411764705864	158620391
2021-07-08	-0.034319526627218835	0.005917159763313694	0.005917159763313694	-0.03668639053254423	-0.034319526627218835	161054988
2021-07-07	0.005952380952380825	-0.010714285714285697	0.02023809523809523	-0.010714285714285697	0.005952380952380825	108766567
2021-07-06	-0.01639344262295068	-0.023419203747072518	-0.012880562060889864	-0.04449648711943783	-0.01639344262295068	148464797
2021-07-05	-0.03937007874015764	0.001124859392575904	0.001124859392575904	-0.0573678290213723	-0.03937007874015764	209242377
2021-07-02	-0.032644178454842104	-0.009793253536452651	-0.0032644178454841527	-0.03808487486398255	-0.032644178454842104	106747496
2021-07-01	-0.023379383634431525	0.0	0.0010626992561104981	-0.037194473963868185	-0.023379383634431525	84477847
2021-06-30	-0.0021208907741250872	-0.0031813361611876313	0.007423117709437994	-0.02014846235418871	-0.0021208907741250872	78777281
2021-06-29	0.016163793103448315	0.002155172413793249	0.025862068965517265	-0.004310344827586115	0.016163793103448315	128009902
2021-06-28	0.014207650273223935	0.0	0.018579234972677588	-0.018579234972677588	0.014207650273223935	128291558
2021-06-25	0.02234636871508392	-0.005586592178770831	0.023463687150838086	-0.018994413407821223	0.02234636871508392	127933931
2021-06-24	-0.04072883172561637	0.0032154340836012176	0.006430868167202625	-0.04394426580921759	-0.04072883172561637	141952682
2021-06-23	0.04362416107382557	0.002237136465324536	0.05480984340044746	0.002237136465324536	0.04362416107382557	191096260
2021-06-22	0.00562429696287952	0.007874015748031527	0.014623172103486952	-0.004499437570303816	0.00562429696287952	125007909
2021-06-21	-0.01767955801104974	-0.0011049723756907804	0.0011049723756905842	-0.03314917127071831	-0.01767955801104974	169635848
2021-06-18	-0.005494505494505378	0.0087912087912088	0.024175824175824246	-0.006593406593406648	-0.005494505494505378	114489525
2021-06-17	-0.0193965517241379	-0.007543103448275702	0.006465517241379364	-0.025862068965517265	-0.0193965517241379	115700346
2021-06-16	-0.010660980810234692	0.003198294243070294	0.006396588486140588	-0.012793176972281555	-0.010660980810234692	65874519
2021-06-15	-0.029989658738365992	-0.0010341261633919118	0.0020682523267838235	-0.048603929679420954	-0.029989658738365992	124194388
2021-06-11	-0.0061664953751285195	0.007194244604316576	0.007194244604316576	-0.02363823227132584	-0.0061664953751285195	107662290
2021-06-10	0.002059732234809431	0.006179196704428292	0.024716786817713533	-0.003089598352214329	0.002059732234809431	108317283
2021-06-09	-0.029970029970029864	0.003996003996004088	0.0059940059940060434	-0.031968031968031996	-0.029970029970029864	93650521
2021-06-08	-0.012820512820512896	-0.0009861932938855806	0.00788954635108482	-0.0177514792899408	-0.012820512820512896	83847113
2021-06-07	0.019095477386934803	-0.0010050251256281193	0.02311557788944728	-0.012060301507537612	0.019095477386934803	110250510
2021-06-04	0.019467213114754047	0.0	0.021516393442623037	-0.014344262295082027	0.019467213114754047	109039452
2021-06-03	-0.007121057985757913	0.0	0.02034587995930817	-0.011190233977619474	-0.007121057985757913	83633212
2021-06-02	-0.0248015873015873	0.001984126984126942	0.004960317460317531	-0.03472222222222219	-0.0248015873015873	127097748
2021-06-01	-0.015625000000000014	-0.00390625000000009	0.0009765624999999792	-0.020507812500000083	-0.015625000000000014	100454276
2021-05-31	-0.016330451488952923	-0.00960614793467816	-0.005763688760806964	-0.03362151777137364	-0.016330451488952923	116549974
2021-05-28	0.009699321047526637	0.0	0.03491755577109597	-0.0019398642095054654	0.009699321047526637	115849761
2021-05-27	0.0009708737864077462	0.0009708737864077462	0.009708737864077634	-0.01650485436893203	0.0009708737864077462	93167098
2021-05-26	-0.05069124423963124	-0.004608294930875478	0.0064516129032258325	-0.06082949308755762	-0.05069124423963124	203281041
2021-05-25	0.05339805825242708	0.0	0.05825242718446598	-0.00582524271844665	0.05339805825242708	168774237
2021-05-24	-0.003868471953578254	-0.008704061895551243	0.0009671179883945635	-0.021276595744680913	-0.003868471953578254	99673539
2021-05-21	-0.011472275334608125	-0.0009560229445508186	0.012428298279158603	-0.021988527724665433	-0.011472275334608125	88444799
2021-05-20	0.016520894071914646	0.0019436345966959525	0.033041788143829125	-0.015549076773566413	0.016520894071914646	105106518
2021-05-19	-0.00483558994197299	0.0009671179883945635	0.005802707930367553	-0.02030947775628618	-0.00483558994197299	64322218
2021-05-18	0.009765624999999965	0.005859375000000049	0.02050781249999991	0.0019531249999999584	0.009765624999999965	74687277
2021-05-17	0.03434343434343433	0.0050505050505049425	0.06565656565656569	0.0050505050505049425	0.03434343434343433	143851059
2021-05-14	0.004056795131845935	-0.005070993914807195	0.011156186612576188	-0.01622718052738338	0.004056795131845935	96591359
2021-05-13	-0.02085402184707059	-0.011916583912611816	-0.003972194637537331	-0.03177755710029794	-0.02085402184707059	69884181
2021-05-12	0.015120967741935519	-0.0020161290322580215	0.020161290322580575	-0.012096774193548309	0.015120967741935519	71741360
2021-05-11	-0.020730503455083992	-0.007897334649555781	0.006910167818361155	-0.031589338598223125	-0.020730503455083992	96060118
2021-05-10	-0.036156041864890485	-0.006660323501427239	0.002854424357754459	-0.04852521408182681	-0.036156041864890485	159971284
2021-05-07	-0.019589552238806048	0.007462686567164185	0.00932835820895519	-0.024253731343283562	-0.019589552238806048	104504801
2021-05-06	-0.0055658627087197335	0.0	0.026901669758812703	-0.025046382189239293	-0.0055658627087197335	125287087
2021-04-30	0.012206572769952958	0.0	0.026291079812206512	-0.0037558685446010256	0.012206572769952958	94362969
2021-04-29	-0.0056022408963585894	-0.011204481792717179	0.0009337068160597372	-0.028944911297852517	-0.0056022408963585894	132759636
2021-04-28	0.01612903225806468	0.0009487666034157081	0.026565464895635785	-0.009487666034155564	0.01612903225806468	104306959
2021-04-27	0.005725190839694534	0.005725190839694534	0.008587786259541971	-0.011450381679389407	0.005725190839694534	111690188
2021-04-26	0.04174950298210735	0.011928429423459166	0.05864811133200794	0.010934393638170918	0.04174950298210735	191973916
2021-04-23	0.007007007007007036	0.034034034034034016	0.045045045045044974	-0.013013013013013091	0.007007007007007036	221702810
2021-04-22	0.029896907216494944	0.009278350515463904	0.03608247422680427	-0.020618556701030855	0.029896907216494944	128972930
2021-04-21	0.0041407867494823135	-0.0217391304347827	0.009316770186335388	-0.022774327122153274	0.0041407867494823135	76734606
2021-04-20	-0.00617283950617289	-0.002057613168724419	0.0051440329218105894	-0.010288065843621545	-0.00617283950617289	72476014
2021-04-19	0.05882352941176481	0.0010893246187363603	0.06427015250544661	-0.005446623093681801	0.05882352941176481	153886694
2021-04-16	0.0087912087912088	0.007692307692307724	0.024175824175824246	0.0	0.0087912087912088	88043026
2021-04-15	-0.029850746268656834	0.007462686567164019	0.011727078891257934	-0.03411513859275056	-0.029850746268656834	106995056
2021-04-14	0.03532008830022078	-0.0011037527593818748	0.03973509933774828	-0.006622516556291445	0.03532008830022078	105175925
2021-04-13	-0.024757804090419663	-0.00645855758880503	0.0032292787944027063	-0.037674919268030106	-0.024757804090419663	131136436
2021-04-12	-0.02107481559536365	0.0010537407797681546	0.02739726027397258	-0.02528977871443627	-0.02107481559536365	105946899
2021-04-09	-0.011458333333333275	0.002083333333333289	0.012500000000000105	-0.01249999999999992	-0.011458333333333275	86329364
2021-04-08	0.012658227848101182	0.004219409282700331	0.021097046413502032	-0.009493670886075934	0.012658227848101182	100522409
2021-04-07	0.01935483870967739	0.007526881720429947	0.025806451612903056	-0.005376344086021581	0.01935483870967739	133773118
2021-04-06	0.0010764262648010295	0.0010764262648010295	0.007534983853606059	-0.009687836383207736	0.0010764262648010295	71208322
2021-04-02	-0.0032188841201717957	0.0064377682403434005	0.019313304721030013	-0.021459227467811273	-0.0032188841201717957	134183652
2021-04-01	0.004310344827586307	-0.008620689655172422	0.016163793103448315	-0.00969827586206895	0.004310344827586307	118415334
2021-03-31	-0.046248715313463626	-0.004110996916752407	0.0030832476875641683	-0.06372045220966094	-0.046248715313463626	232319582
2021-03-30	0.02745512143611402	-0.010559662090813243	0.03484688489968322	-0.023231256599788874	0.02745512143611402	298779008
2021-03-29	-0.06237623762376228	-0.05148514851485145	-0.05148514851485145	-0.09999999999999998	-0.06237623762376228	353216912
2021-03-26	0.025380710659898477	0.013197969543147288	0.06294416243654832	0.005076142131979768	0.025380710659898477	182025776
2021-03-25	-0.015000000000000036	0.03399999999999999	0.04499999999999993	-0.03699999999999992	-0.015000000000000036	210271905
2021-03-24	-0.014778325123152743	-0.0019704433497536524	0.003940886699507305	-0.018719211822660047	-0.014778325123152743	88579563
2021-03-23	-0.02215799614643549	0.0019267822736030416	0.012524084778419941	-0.03275529865125256	-0.02215799614643549	92812487
2021-03-22	0.03386454183266949	-0.003984063745019836	0.035856573705179404	-0.012948207171314643	0.03386454183266949	126198952
2021-03-19	-0.049242424242424365	-0.017045454545454516	-0.01609848484848484	-0.0520833333333334	-0.049242424242424365	153724980
2021-03-18	0.018322082931533392	0.00867888138862118	0.035679845708775415	-0.00867888138862101	0.018322082931533392	121310010
2021-03-17	0.02369200394866717	0.0029615004935833523	0.05725567620927937	-0.007897334649555781	0.02369200394866717	111478750
2021-03-16	0.014014014014014071	-0.004004004004004097	0.025025025025025023	-0.005005005005005076	0.014014014014014071	118167630
2021-03-15	-0.01673228346456692	-0.017716535433070838	0.020669291338582585	-0.0383858267716536	-0.01673228346456692	199351099
2021-03-12	0.03147208121827416	0.019289340101522792	0.058883248730964476	0.011167512690355453	0.03147208121827416	257831332
2021-03-11	-0.0716305372290292	-0.010367577756833123	0.008482563619227132	-0.09802073515551359	-0.0716305372290292	486723200
2021-03-10	0.05049504950495048	0.01980198019801991	0.06138613861386149	0.012871287128712949	0.05049504950495048	147750049
2021-03-09	-0.0019762845849801954	-0.010869565217391249	0.027667984189723435	-0.042490118577075076	-0.0019762845849801954	153320105
2021-03-08	-0.042573320719016185	0.007568590350047311	0.03689687795648066	-0.05203405865657528	-0.042573320719016185	206513988
2021-03-05	-0.0037700282752119838	-0.031102733270499536	0.007540056550424135	-0.03204524033930253	-0.0037700282752119838	141297004
2021-03-04	-0.047576301615799024	-0.012567324955116747	-0.012567324955116747	-0.057450628366247806	-0.047576301615799024	183456083
2021-03-03	0.014571948998178519	-0.011839708561020108	0.016393442622950793	-0.0282331511839709	0.014571948998178519	109460749
2021-03-02	-0.04272013949433306	-0.0017436791630341193	0.0017436791630339645	-0.07236268526591108	-0.04272013949433306	242120314
2021-03-01	0.04748858447488597	0.0182648401826485	0.05296803652968037	0.013698630136986335	0.04748858447488597	165460136
2021-02-26	-0.022321428571428572	-0.024999999999999946	0.0	-0.03214285714285709	-0.022321428571428572	167513635
2021-02-25	0.028466483011937438	0.01836547291092739	0.06887052341597796	0.014692378328741977	0.028466483011937438	191592707
2021-02-24	-0.027678571428571316	0.0017857142857144064	0.016071428571428705	-0.0375	-0.027678571428571316	170154682
2021-02-23	-0.03531438415159347	-0.007751937984496112	0.01205857019810513	-0.039621016365202336	-0.03531438415159347	157063110
2021-02-22	-0.05839416058394166	-0.0016220600162205655	0.0048661800486618405	-0.06731549067315491	-0.05839416058394166	169366632
2021-02-19	-0.0419580419580419	0.001554001554001659	0.007770007770007881	-0.07536907536907529	-0.0419580419580419	168253190
2021-02-18	0.04719283970707894	0.04231082180634674	0.07323026851098458	0.015459723352319064	0.04719283970707894	237040066
2021-02-10	0.011522633744855867	-0.006584362139917701	0.02304526748971188	-0.014814814814814791	0.011522633744855867	150900957
2021-02-09	0.03404255319148939	-0.0008510638297872159	0.04680851063829793	-0.012765957446808541	0.03404255319148939	153398551
2021-02-08	0.01819757365684583	0.006932409012131722	0.019064124783362276	-0.036395147313691506	0.01819757365684583	152385181
2021-02-05	0.039639639639639596	0.01531531531531531	0.08018018018018024	0.009909909909910019	0.039639639639639596	170824098
2021-02-04	-0.04392764857881135	0.0017226528854436996	0.0068906115417743385	-0.04823428079242022	-0.04392764857881135	133905209
2021-02-03	0.018421052631578866	0.0	0.03245614035087712	-0.007017543859649129	0.018421052631578866	135353882
2021-02-02	-0.003496503496503422	0.007867132867132856	0.014860139860139855	-0.01923076923076913	-0.003496503496503422	130121461
2021-02-01	0.05340699815837938	0.005524861878453084	0.05801104972375698	0.002762430939226624	0.05340699815837938	148194413
2021-01-29	-0.01272727272727278	0.010909090909090839	0.025454545454545396	-0.0363636363636364	-0.01272727272727278	127286402
2021-01-28	-0.026548672566371743	-0.012389380530973501	-0.007079646017699121	-0.05309734513274349	-0.026548672566371743	144532821
2021-01-27	0.004444444444444508	0.0	0.0257777777777777	-0.013333333333333365	0.004444444444444508	144927354
2021-01-26	-0.07635467980295564	-0.004926108374384277	-0.0024630541871920658	-0.09031198686371097	-0.07635467980295564	258280734
2021-01-25	0.0454935622317596	0.00429184549356214	0.06094420600858361	-0.01115879828326187	0.0454935622317596	163899703
2021-01-22	0.01657940663176261	-0.013089005235602124	0.03228621291448509	-0.022687609075043764	0.01657940663176261	159953753
2021-01-21	-0.027989821882951512	-0.006785411365563893	0.015267175572519212	-0.037319762510602164	-0.027989821882951512	171815891
2021-01-20	0.009417808219178033	-0.013698630136986314	0.02739726027397263	-0.013698630136986314	0.009417808219178033	121034503
2021-01-19	-0.019311502938707006	-0.002518891687657377	-0.001679261125104918	-0.03862300587741401	-0.019311502938707006	175221158
2021-01-18	0.06816143497757846	0.0	0.08071748878923769	0.0	0.06816143497757846	215068663
2021-01-15	0.02293577981651376	0.0009174311926605309	0.039449541284403644	-0.010091743119266165	0.02293577981651376	155781956
2021-01-14	-0.020664869721473533	-0.0026954177897575145	0.03504043126684625	-0.025157232704402618	-0.020664869721473533	168820996
2021-01-13	-0.014171833480956455	0.0008857395925599259	0.02657218777679369	-0.022143489813994686	-0.014171833480956455	154279298
2021-01-12	-0.004409171075837806	-0.012345679012345729	-0.0008818342151675297	-0.03880070546737209	-0.004409171075837806	183172971
2021-01-11	0.03846153846153846	0.0018315018315017925	0.07692307692307691	-0.004578754578754644	0.03846153846153846	240713152
2021-01-08	0.02631578947368415	0.02255639097744363	0.07142857142857141	0.00939849624060147	0.02631578947368415	267233117
2021-01-07	0.023076923076923096	0.000961538461538441	0.03653846153846144	-0.02596153846153842	0.023076923076923096	208159440
2021-01-06	0.053698074974670836	-0.0010131712259371618	0.053698074974670836	-0.019250253292806434	0.053698074974670836	241072166
