2024-12-31	0.001052631578947346	-0.003157894736842038	0.014736842105263218	-0.004210526315789384	0.001052631578947346	34442513
2024-12-30	-0.02263374485596714	-0.0010288065843621179	0.008230452674897125	-0.027777777777777915	-0.02263374485596714	50423803
2024-12-27	0.006211180124223654	0.0010351966873705784	0.010351966873705968	-0.0072463768115942325	0.006211180124223654	27190479
2024-12-26	-0.023255813953488413	-0.0010111223458038206	0.0	-0.025278058645096056	-0.023255813953488413	37063473
2024-12-25	0.00918367346938774	0.0030612244897958527	0.012244897959183593	-0.00204081632653075	0.00918367346938774	36884698
2024-12-24	0.015544041450777238	0.0010362694300517913	0.01761658031088082	-0.00518134715025914	0.015544041450777238	38554469
2024-12-23	0.013655462184874033	-0.0010504201680672045	0.019957983193277445	-0.01995798319327726	0.013655462184874033	50364435
2024-12-20	-0.006263048016701514	0.001043841336116888	0.007306889352818401	-0.007306889352818401	-0.006263048016701514	43515482
2024-12-19	-0.013388259526261666	-0.00514933058702376	0.0010298661174047154	-0.015447991761071096	-0.013388259526261666	30431196
2024-12-18	-0.0010288065843621179	0.0041152263374484715	0.014403292181069834	-0.0030864197530865367	-0.0010288065843621179	36187852
2024-12-17	-0.00917431192660549	0.0	0.014271151885830662	-0.01121304791029574	-0.00917431192660549	49693582
2024-12-16	0.019750519750519883	0.0	0.024948024948024974	0.0	0.019750519750519883	57638328
2024-12-13	-0.005170630816959743	-0.0020682523267838235	0.009307135470527389	-0.005170630816959743	-0.005170630816959743	33330595
2024-12-12	0.011506276150627555	-0.001046025104602488	0.01778242677824267	-0.00313807531380765	0.011506276150627555	41060750
2024-12-11	0.002096436058700351	-0.002096436058700165	0.005241090146750599	-0.00419287211740033	0.002096436058700351	18547418
2024-12-10	-0.006250000000000052	0.006250000000000052	0.008333333333333342	-0.008333333333333342	-0.006250000000000052	36657345
2024-12-09	0.01802757158006362	0.0010604453870625436	0.026511134676564158	-0.008483563096500538	0.01802757158006362	40500952
2024-12-06	0.0021253985122209962	-0.0010626992561104981	0.005313496280552679	-0.0031880977683314943	0.0021253985122209962	26821556
2024-12-05	-0.02385892116182577	0.0	0.0010373443983402268	-0.02697095435684645	-0.02385892116182577	41020482
2024-12-04	0.006263048016701514	-0.001043841336116888	0.007306889352818401	-0.00835073068893529	0.006263048016701514	31856312
2024-12-03	0.019148936170212735	0.0010638297872340198	0.020212765957446754	-0.0031914893617022485	0.019148936170212735	40686701
2024-12-02	0.010752688172042972	0.002150537634408556	0.01182795698924725	-0.003225806451613025	0.010752688172042972	26706163
2024-11-29	-0.00214592274678107	0.0032188841201716053	0.0064377682403434005	-0.00214592274678107	-0.00214592274678107	20812400
2024-11-28	-0.011664899257688169	0.0031813361611878195	0.0031813361611878195	-0.012725344644750712	-0.011664899257688169	18284600
2024-11-27	0.021668472372697648	-0.0010834236186348632	0.02600216684723729	-0.0010834236186348632	0.021668472372697648	37242013
2024-11-26	-0.0075268817204301374	0.0	0.0053763440860213904	-0.009677419354838694	-0.0075268817204301374	18255867
2024-11-25	-0.01273885350318463	0.0010615711252653702	0.01061571125265389	-0.01592356687898093	-0.01273885350318463	29874644
2024-11-22	-0.025853154084798345	0.0020682523267838235	0.007238883143743566	-0.026887280248190256	-0.025853154084798345	31680661
2024-11-21	0.0020725388601035826	-0.004145077720207349	0.007253886010362724	-0.00518134715025914	0.0020725388601035826	17905530
2024-11-20	0.005208333333333408	0.0	0.005208333333333408	-0.008333333333333342	0.005208333333333408	27165227
2024-11-19	-0.007238883143743566	0.0	0.0020682523267838235	-0.01344364012409522	-0.007238883143743566	28190206
2024-11-18	0.007291666666666696	0.0031250000000001186	0.019791666666666617	0.0031250000000001186	0.007291666666666696	35906111
2024-11-15	-0.02040816326530623	-0.003061224489796034	0.0020408163265305686	-0.02040816326530623	-0.02040816326530623	41657302
2024-11-14	-0.0020366598778003638	0.006109979633401272	0.008146639511201636	-0.006109979633401272	-0.0020366598778003638	47811225
2024-11-13	0.025052192066805867	-0.002087682672233776	0.04384133611691022	-0.00835073068893529	0.025052192066805867	67239563
2024-11-12	-0.014403292181070016	-0.0010288065843621179	0.006172839506172707	-0.017489711934156372	-0.014403292181070016	47754068
2024-11-11	-0.007150153217568796	-0.0020429009193053704	0.0	-0.010214504596527034	-0.007150153217568796	31202098
2024-11-08	0.0010224948875255406	0.0030674846625768034	0.02249488752556244	-0.0010224948875255406	0.0010224948875255406	49464803
2024-11-07	0.0072090628218330075	0.0010298661174047154	0.009268795056642621	-0.0010298661174048982	0.0072090628218330075	31467297
2024-11-06	-0.011201629327902182	-0.0010183299389001819	0.007128309572301455	-0.012219959266802544	-0.011201629327902182	41401468
2024-11-05	-0.0010172939979653903	-0.004069175991861742	0.0010172939979653903	-0.008138351983723303	-0.0010172939979653903	36089713
2024-11-04	0.0030612244897958527	0.004081632653061137	0.005102040816326422	-0.00918367346938774	0.0030612244897958527	24347320
2024-11-01	0.007194244604316576	-0.003083247687564351	0.01438848920863297	-0.007194244604316576	0.007194244604316576	34184993
2024-10-31	-0.011178861788617829	-0.005081300813008202	0.006097560975609807	-0.017276422764227636	-0.011178861788617829	39509893
2024-10-30	-0.017964071856287397	-0.005988023952095681	0.0029940119760480176	-0.030938123752494884	-0.017964071856287397	47579900
2024-10-29	-0.007920792079207928	0.0	0.008910891089108898	-0.011881188118811805	-0.007920792079207928	36980612
2024-10-28	-0.0009891196834816802	-0.0029673590504450406	0.001978239366963536	-0.015825914935707234	-0.0009891196834816802	31289710
2024-10-25	-0.02413127413127413	0.0019305019305020609	0.00579150579150584	-0.027027027027026966	-0.02413127413127413	49965195
2024-10-24	0.0	0.0009652509652509448	0.00579150579150584	-0.008687258687258673	0.0	18335800
2024-10-23	-0.006711409395973182	-0.0009587727708532873	0.008628954937679756	-0.009587727708533044	-0.006711409395973182	27930977
2024-10-22	0.01855468749999995	0.0	0.02246093750000004	0.0	0.01855468749999995	34539575
2024-10-21	-0.019157088122605297	0.0009578544061302479	0.0019157088122606658	-0.024904214559386954	-0.019157088122605297	49594609
2024-10-18	0.01853658536585361	0.006829268292682955	0.027317073170731645	-0.010731707317073116	0.01853658536585361	46286302
2024-10-17	-0.023809523809523808	0.008571428571428558	0.010476190476190422	-0.023809523809523808	-0.023809523809523808	35658678
2024-10-16	0.009615384615384581	-0.001923076923076882	0.014423076923076957	-0.004807692307692376	0.009615384615384581	27777239
2024-10-15	-0.020715630885122304	-0.005649717514124174	0.002824858757062254	-0.020715630885122304	-0.020715630885122304	42497954
2024-10-14	0.011428571428571354	0.007619047619047626	0.021904761904761944	-0.0038095238095237284	0.011428571428571354	59615940
2024-10-11	-0.03047091412742383	0.006463527239150534	0.011080332409972226	-0.03508771929824569	-0.03047091412742383	58054016
2024-10-10	0.014044943820224753	0.010299625468164741	0.048689138576778986	0.006554307116104895	0.014044943820224753	79046530
2024-10-09	-0.04386750223813789	-0.009847806624888043	-0.0017905102954341606	-0.04386750223813789	-0.04386750223813789	78031590
2024-10-08	-0.032900432900432965	0.08225108225108219	0.08225108225108219	-0.04761904761904768	-0.032900432900432965	150334708
2024-09-30	0.060606060606060615	0.0073461891643709885	0.06887052341597796	-0.003673094582185576	0.060606060606060615	98931442
2024-09-27	0.00833333333333332	0.009259259259259226	0.009259259259259226	-0.015740740740740732	0.00833333333333332	31098371
2024-09-26	0.00465116279069774	-0.0009302325581395151	0.00465116279069774	-0.02232558139534886	0.00465116279069774	41742658
2024-09-25	0.005612722170252619	0.006548175865294695	0.024321796071094463	0.0037418147801684684	0.005612722170252619	41227044
2024-09-24	0.02003816793893121	0.006679389312977126	0.022900763358778647	-0.009541984732824393	0.02003816793893121	37660682
2024-09-23	0.02343750000000002	0.02343750000000002	0.029296874999999896	0.0019531249999999584	0.02343750000000002	25732189
2024-09-20	-0.00582524271844665	0.0009708737864077462	0.009708737864077634	-0.00582524271844665	-0.00582524271844665	39672600
2024-09-19	-0.00866217516843117	0.0009624639076034443	0.002887391722810333	-0.023099133782483176	-0.00866217516843117	33733668
2024-09-18	-0.0019212295869355978	-0.002881844380403397	0.015369836695485124	-0.008645533141210361	-0.0019212295869355978	16821711
2024-09-13	-0.007626310772163972	0.0	0.0009532888465204754	-0.013346043851286994	-0.007626310772163972	20381115
2024-09-12	0.00865384615384614	-0.004807692307692376	0.012499999999999904	-0.012500000000000075	0.00865384615384614	28539862
2024-09-11	-0.03792784458834414	-0.0074005550416281285	-0.0037002775208141462	-0.04255319148936178	-0.03792784458834414	34933349
2024-09-10	-0.005519779208831529	-0.0009199632014719216	0.01655933762649508	-0.016559337626494915	-0.005519779208831529	23686089
2024-09-09	-0.0027522935779817556	0.006422018348623879	0.00733944954128441	-0.010091743119266165	-0.0027522935779817556	24922665
2024-09-06	0.003683241252302111	0.0	0.015653775322283604	-0.0009208103130754869	0.003683241252302111	18130874
2024-09-05	0.002770083102493016	0.0018467220683286772	0.006463527239150534	-0.012927054478301067	0.002770083102493016	20442839
2024-09-04	0.0027777777777777185	-0.004629629629629695	0.01296296296296285	-0.00925925925925939	0.0027777777777777185	24292791
2024-09-03	-0.02173913043478247	0.0009057971014494171	0.006340579710144954	-0.02898550724637668	-0.02173913043478247	34439191
2024-09-02	0.004549590536851587	-0.009099181073703335	0.015468607825295716	-0.012738853503184764	0.004549590536851587	48480747
2024-08-30	-0.015232974910394258	-0.0035842293906810864	0.0017921146953404636	-0.03494623655913984	-0.015232974910394258	84795665
2024-08-29	-0.03958691910499132	-0.003442340791738309	-0.003442340791738309	-0.04561101549053351	-0.03958691910499132	49209608
2024-08-28	0.009556907037358769	0.002606429192006895	0.01824500434404873	0.000868809730668965	0.009556907037358769	36699052
2024-08-27	-0.01455479452054794	-0.004280821917808128	0.0	-0.019691780821917845	-0.01455479452054794	26368001
2024-08-26	-0.008488964346349716	-0.004244482173174783	-0.001697792869269913	-0.028013582342954167	-0.008488964346349716	32936161
2024-08-23	-0.03836734693877556	-0.0008163265306122275	0.004081632653061282	-0.04653061224489798	-0.03836734693877556	54486995
2024-08-22	0.027684563758389267	-0.0016778523489932528	0.029362416107382522	-0.004194630872483281	0.027684563758389267	27293501
2024-08-21	-0.0016750418760468656	0.0	0.0	-0.013400335008375222	-0.0016750418760468656	15356633
2024-08-20	0.004205214465937673	0.0	0.007569386038687961	-0.004205214465937823	0.004205214465937673	18916052
2024-08-19	0.0016849199663017144	0.0033698399326032792	0.006739679865206409	-0.011794439764111105	0.0016849199663017144	20602212
2024-08-16	-0.005029337803855867	-0.0008382229673092864	0.0025146689019280083	-0.015088013411567453	-0.005029337803855867	21453086
2024-08-15	0.01273344651952465	-0.003395585738539826	0.018675721561969495	-0.008488964346349716	0.01273344651952465	27350475
2024-08-14	0.022569444444444427	0.005208333333333376	0.042534722222222245	-0.006076388888888914	0.022569444444444427	41077048
2024-08-13	0.013192612137203198	0.0026385224274407333	0.024626209322779345	0.0	0.013192612137203198	25878500
2024-08-12	-0.0008787346221442498	0.004393673110720468	0.017574692442882185	-0.004393673110720624	-0.0008787346221442498	20059500
2024-08-09	-0.003502626970227596	-0.0052539404553415495	0.002626970227670697	-0.012259194395796898	-0.003502626970227596	14630242
2024-08-08	-0.006092254134029616	0.0017406440382941317	0.006092254134029616	-0.009573542210617878	-0.006092254134029616	13621773
2024-08-07	0.007011393514461005	0.0	0.019281332164767802	-0.0017528483786152123	0.007011393514461005	18812499
2024-08-06	-0.0034934497816593146	0.0	0.011353711790393082	-0.011353711790392927	-0.0034934497816593146	21567830
2024-08-05	-0.012931034482758652	-0.002586206896551669	0.000862068965517223	-0.02327586206896548	-0.012931034482758652	23260055
2024-08-02	0.004329004329004236	0.0	0.009523809523809474	-0.008658008658008781	0.004329004329004236	18821997
2024-08-01	0.009615384615384722	-0.003496503496503422	0.018356643356643432	-0.006118881118881144	0.009615384615384722	25345744
2024-07-31	-0.011235955056179843	-0.0008643042350907335	-0.0008643042350907335	-0.03802938634399304	-0.011235955056179843	46985906
2024-07-30	-0.011955593509820714	0.0	0.011955593509820561	-0.0170794192997439	-0.011955593509820714	24014744
2024-07-29	0.004288164665523217	-0.003430531732418604	0.013722126929674111	-0.009433962264150894	0.004288164665523217	27684058
2024-07-26	-0.026711185308848102	0.0	0.0008347245409014846	-0.03589315525876458	-0.026711185308848102	35005551
2024-07-25	-0.013179571663920933	0.0	0.0016474464579900802	-0.026359143327841866	-0.013179571663920933	32014290
2024-07-24	0.020168067226890775	0.002521008403361291	0.027731092436974795	-0.006722689075630258	0.020168067226890775	38199894
2024-07-23	0.011904761904761953	-0.004251700680272018	0.017006802721088527	-0.005102040816326573	0.011904761904761953	25316032
2024-07-22	-0.006756756756756763	-0.0016891891891891533	0.0	-0.03716216216216212	-0.006756756756756763	36036639
2024-07-19	-0.0016863406408094076	-0.0016863406408094076	0.010961214165261449	-0.007588532883642484	-0.0016863406408094076	27723134
2024-07-18	0.022413793103448258	-0.002586206896551669	0.02327586206896548	-0.012931034482758652	0.022413793103448258	29811600
2024-07-17	-0.011925042589437867	-0.0034071550255537412	0.007666098807495729	-0.020442930153321996	-0.011925042589437867	28079826
2024-07-16	0.0008525149190110645	0.0008525149190110645	0.007672634271099731	-0.007672634271099731	0.0008525149190110645	20833356
2024-07-15	0.023560209424083732	0.001745200698080242	0.024432809773123853	-0.00872600349040152	0.023560209424083732	27821598
2024-07-12	-0.016309012875536436	0.0	0.007725321888412005	-0.017167381974249017	-0.016309012875536436	26102716
2024-07-11	0.007785467128027669	-0.0034602076124568273	0.007785467128027669	-0.010380622837370328	0.007785467128027669	22646888
2024-07-10	-0.016170212765957405	-0.0008510638297872159	0.0034042553191488637	-0.027234042553191513	-0.016170212765957405	34972475
2024-07-09	0.00685518423307627	0.0008568980291345147	0.009425878320479815	-0.005141388174807241	0.00685518423307627	31142998
2024-07-08	0.030918727915194313	-0.000883392226148391	0.04240282685512371	-0.004416961130742112	0.030918727915194313	39986700
2024-07-05	-0.004397537379067629	0.0	0.004397537379067785	-0.022867194371152137	-0.004397537379067629	34607705
2024-07-04	0.010666666666666597	0.00088888888888887	0.01866666666666674	0.00088888888888887	0.010666666666666597	28109060
2024-07-03	0.003568242640499478	-0.0008920606601250278	0.010704727921498592	-0.008920606601249012	0.003568242640499478	26276657
2024-07-02	0.014479638009049786	0.0	0.020814479638008927	-0.007239819004524893	0.014479638009049786	36366438
2024-07-01	0.02504638218923946	0.0027829313543600315	0.028756957328385947	0.0009276437847866222	0.02504638218923946	30756109
2024-06-28	0.017941454202077385	-0.0009442870632672131	0.021718602455146407	-0.0066100094428706594	0.017941454202077385	30060687
2024-06-27	0.0018921475875117856	0.0009460737937558928	0.012298959318826774	-0.0028382213812678464	0.0018921475875117856	27302439
2024-06-26	-0.0009451795841209628	0.0018903591682419257	0.013232514177693815	-0.01039697542533076	-0.0009451795841209628	23864661
2024-06-25	-0.002827521206408988	0.0028275212064091553	0.003770028275212151	-0.016022620169651267	-0.002827521206408988	29507003
2024-06-24	-0.0009416195856873623	-0.0009416195856873623	0.009416195856873958	-0.0037664783427494492	-0.0009416195856873623	30072945
2024-06-21	-0.000940733772342574	0.000940733772342407	0.0047036688617120345	-0.013170272812794032	-0.000940733772342574	20850394
2024-06-20	0.013346043851286994	-0.0028598665395614263	0.01620591039084842	-0.0038131553860820708	0.013346043851286994	26549362
2024-06-19	0.0	-0.009532888465204923	0.006673021925643497	-0.010486177311725398	0.0	25884458
2024-06-18	0.0009541984732824223	0.0	0.0038167938931296893	-0.009541984732824393	0.0009541984732824223	27917272
2024-06-17	-0.002854424357754459	-0.0009514747859181529	0.010466222645099851	-0.007611798287345393	-0.002854424357754459	33211681
2024-06-14	-0.021415270018622014	-0.0018621973929236102	0.0	-0.027932960893854813	-0.021415270018622014	37939836
2024-06-13	0.007504690431519707	0.0009380863039399424	0.015947467166979354	0.0	0.007504690431519707	22919430
2024-06-12	0.004712535344015147	-0.002827521206408988	0.007540056550424135	-0.009425070688030127	0.004712535344015147	23644104
2024-06-11	-0.009337068160597704	0.002801120448179212	0.01213818860877675	-0.02427637721755383	-0.009337068160597704	33336461
2024-06-07	0.015165876777251197	-0.0028436018957347046	0.017061611374407554	-0.005687203791469241	0.015165876777251197	29059928
2024-06-06	0.0018993352326686942	-0.0028490028490027884	0.0180436847103515	-0.008547008547008534	0.0018993352326686942	37699698
2024-06-05	0.010556621880998027	0.0019193857965450647	0.017274472168905923	-0.0019193857965450647	0.010556621880998027	33111695
2024-06-04	0.01658536585365853	0.0019512195121950803	0.01951219512195115	-0.0029268292682926205	0.01658536585365853	44065800
2024-06-03	0.03640040444893826	0.0040444893832152825	0.039433771486349724	0.003033367037411462	0.03640040444893826	59611638
2024-05-31	0.0010121457489878326	0.0010121457489878326	0.014170040485829836	-0.008097165991902841	0.0010121457489878326	29265949
2024-05-30	-0.010020040080160284	-0.0010020040080160107	0.008016032064128263	-0.014028056112224505	-0.010020040080160284	32941124
2024-05-29	0.008080808080808088	-0.0030303030303031452	0.009090909090909077	-0.018181818181818153	0.008080808080808088	34445946
2024-05-28	0.014344262295082027	0.0010245901639344044	0.020491803278688634	-0.0020491803278688088	0.014344262295082027	32332141
2024-05-27	0.007223942208462362	0.0020639834881322344	0.01547987616099075	-0.004127966976264102	0.007223942208462362	39489696
2024-05-24	0.021074815595363464	-0.004214963119072805	0.02739726027397258	-0.004214963119072805	0.021074815595363464	47831752
2024-05-23	0.004232804232804331	-0.0021164021164020714	0.012698412698412804	-0.0031746031746031074	0.004232804232804331	24099934
2024-05-22	-0.008394543546694656	0.0	0.010493179433368461	-0.011542497376705083	-0.008394543546694656	33530481
2024-05-21	0.0042149631190726185	0.0	0.007376185458377269	-0.0031612223393044634	0.0042149631190726185	21488875
2024-05-20	0.012806830309498507	-0.001067235859124844	0.014941302027748194	-0.0032017075773745317	0.012806830309498507	34617462
2024-05-17	0.0021390374331550347	0.0	0.007486631016042812	-0.0042780748663100695	0.0021390374331550347	33047657
2024-05-16	-0.012671594508975818	0.0021119324181625735	0.0031678986272438603	-0.015839493136219678	-0.012671594508975818	38984543
2024-05-15	-0.010449320794148342	0.0	0.007314524555903896	-0.01149425287356316	-0.010449320794148342	21961939
2024-05-14	0.0	-0.003134796238244633	0.00626959247648908	-0.017763845350052238	0.0	38017063
2024-05-13	0.017003188097768348	0.0021253985122209962	0.022316684378320836	0.0	0.017003188097768348	57446908
2024-05-10	0.003198294243070294	0.0	0.00852878464818764	-0.0031982942430704834	0.003198294243070294	35020721
2024-05-09	-0.00740740740740725	0.0010582010582012237	0.0021164021164022592	-0.009523809523809509	-0.00740740740740725	30464161
2024-05-08	0.00853788687299894	0.0010672358591250334	0.014941302027748194	-0.001067235859124844	0.00853788687299894	23875634
2024-05-07	-0.01575630252100844	0.0	0.002100840336134409	-0.016806722689075647	-0.01575630252100844	32453394
2024-05-06	-0.004184100418410139	0.001046025104602488	0.0031380753138074645	-0.01987447698744783	-0.004184100418410139	38770959
2024-04-30	0.008438818565400852	-0.003164556962025436	0.015822784810126618	-0.00421940928270052	0.008438818565400852	34143206
2024-04-29	-0.019648397104446692	0.0010341261633919118	0.0031023784901757353	-0.02792140641158217	-0.019648397104446692	41738621
2024-04-26	0.0010351966873705784	-0.0020703933747411567	0.00828157349896481	-0.005175983436853076	0.0010351966873705784	19347801
2024-04-25	-0.010245901639344227	0.0010245901639344044	0.0051229508196722045	-0.016393442622950834	-0.010245901639344227	24902006
2024-04-24	0.014553014553014613	0.0	0.020790020790020902	0.0	0.014553014553014613	25465336
2024-04-23	-0.014344262295082027	-0.003073770491803213	0.0	-0.016393442622950834	-0.014344262295082027	20673653
2024-04-22	-0.009137055837563437	-0.0030456852791877526	0.012182741116751371	-0.014213197969543024	-0.009137055837563437	24823949
2024-04-19	-0.0020263424518743235	0.0030395136778116655	0.008105369807497475	-0.0101317122593718	-0.0020263424518743235	26611819
2024-04-18	-0.01003009027081258	0.005015045135406112	0.011033099297893624	-0.018054162487462534	-0.01003009027081258	35519672
2024-04-17	0.005040322580645233	-0.0020161290322580215	0.006048387096774244	-0.01713709677419354	0.005040322580645233	27763433
2024-04-16	-0.004016064257028205	0.0010040160642570066	0.010040160642570245	-0.014056224899598449	-0.004016064257028205	37211527
2024-04-15	0.015290519877675877	0.0030581039755351027	0.015290519877675877	-0.0010193679918450342	0.015290519877675877	30048517
2024-04-12	0.00409416581371555	0.001023541453428842	0.01330603889457531	-0.001023541453428842	0.00409416581371555	25979284
2024-04-11	0.01243523316062168	-0.0031088082901555582	0.015544041450777238	-0.008290155440414514	0.01243523316062168	25943321
2024-04-10	0.011530398322851281	0.0010482180293502688	0.02096436058700221	-0.002096436058700165	0.011530398322851281	28975095
2024-04-09	-0.012422360248447308	-0.004140786749482497	-0.0010351966873705784	-0.01656314699792962	-0.012422360248447308	26082482
2024-04-08	0.021141649048625717	0.001057082452431267	0.028541226215644772	-0.0010570824524314547	0.021141649048625717	32013199
2024-04-03	0.0	0.0	0.003171247357293801	-0.009513742071881779	0.0	19094000
2024-04-02	0.0010582010582012237	0.0010582010582012237	0.014814814814814876	-0.006349206349206215	0.0010582010582012237	24516902
2024-04-01	-0.013569937369519915	-0.002087682672233776	0.003131524008350664	-0.019832985386221243	-0.013569937369519915	28670432
2024-03-29	0.020234291799786953	0.0021299254526091133	0.020234291799786953	0.0	0.020234291799786953	23007913
2024-03-28	-0.0021253985122209962	-0.0010626992561104981	0.0042507970244419924	-0.015940488841657847	-0.0021253985122209962	24219521
2024-03-27	0.010741138560687395	0.004296455424274881	0.017185821697099906	0.0	0.010741138560687395	26568431
2024-03-26	0.001075268817204278	-0.002150537634408747	0.0053763440860213904	-0.012903225806451719	0.001075268817204278	23244252
2024-03-25	0.0	-0.003225806451613025	0.009677419354838694	-0.003225806451613025	0.0	19743251
2024-03-22	-0.011689691817215667	-0.0031880977683314943	0.0031880977683314943	-0.012752391073326354	-0.011689691817215667	25706342
2024-03-21	-0.0021208907741250872	-0.0031813361611876313	0.0021208907741250872	-0.008483563096500538	-0.0021208907741250872	13608098
2024-03-20	0.0031914893617020594	-0.0021276595744680396	0.013829787234042447	-0.017021276595744695	0.0031914893617020594	21486500
2024-03-19	-0.00423728813559313	0.0010593220338982825	0.00953389830508473	-0.006355932203389696	-0.00423728813559313	20320600
2024-03-18	-0.00526870389884096	0.0	0.011591148577449887	-0.010537407797681732	-0.00526870389884096	23012251
2024-03-15	0.005296610169491601	-0.002118644067796565	0.01906779661016946	-0.002118644067796565	0.005296610169491601	21660050
2024-03-14	0.0031880977683314943	-0.0031880977683314943	0.011689691817215667	-0.006376195536663177	0.0031880977683314943	21419755
2024-03-13	-0.005285412262156523	-0.003171247357293989	0.008456659619450135	-0.009513742071881779	-0.005285412262156523	27180389
2024-03-12	-0.027749229188078064	0.0	0.0030832476875641683	-0.03186022610483047	-0.027749229188078064	30126403
2024-03-11	-0.02014098690835844	0.001007049345417904	0.00805639476334341	-0.026183282980866043	-0.02014098690835844	37789200
2024-03-08	0.00914634146341462	0.0	0.014227642276422823	-0.006097560975609807	0.00914634146341462	23282623
2024-03-07	0.005107252298263607	-0.0020429009193053704	0.008171603677221662	-0.005107252298263426	0.005107252298263607	21598863
2024-03-06	0.0061664953751283365	0.0	0.018499486125385375	-0.0020554984583761125	0.0061664953751283365	27768822
2024-03-05	0.011434511434511562	-0.00415800415800407	0.022869022869022936	-0.005197505197505087	0.011434511434511562	33214309
2024-03-04	0.04338394793926231	-0.004338394793926347	0.04338394793926231	-0.0065075921908894245	0.04338394793926231	37481778
2024-03-01	-0.006465517241379173	-0.004310344827586115	0.006465517241379364	-0.008620689655172422	-0.006465517241379173	24372299
2024-02-29	-0.006423982869379069	-0.002141327623126293	-0.0010706638115631465	-0.016059957173447575	-0.006423982869379069	26343200
2024-02-28	0.00214592274678107	0.0	0.007510729613733936	-0.01716738197424894	0.00214592274678107	27497640
2024-02-27	-0.003208556149732552	-0.02352941176470576	0.0053475935828877766	-0.03208556149732609	-0.003208556149732552	29467315
2024-02-26	-0.022988505747126502	0.0	0.005224660397074078	-0.02612330198537095	-0.022988505747126502	30373566
2024-02-23	0.018085106382978715	0.0	0.026595744680851064	-0.0031914893617022485	0.018085106382978715	30885475
2024-02-22	0.01952277657266808	0.0	0.01952277657266808	-0.00216919739696327	0.01952277657266808	24303702
2024-02-21	-0.01495726495726483	-0.0021367521367520914	0.004273504273504373	-0.01709401709401711	-0.01495726495726483	41269995
2024-02-20	0.015184381778741733	0.0021691973969630773	0.01952277657266808	-0.007592190889370963	0.015184381778741733	25765532
2024-02-19	0.03945885005636995	0.0	0.03945885005636995	-0.006764374295377534	0.03945885005636995	55603851
2024-02-08	-0.011148272017837392	-0.0011148272017836997	0.0	-0.03232998885172808	-0.011148272017837392	62851379
2024-02-07	-0.005543237250554206	0.0011086474501108411	0.0022172949002216822	-0.025498891352549936	-0.005543237250554206	56534846
2024-02-06	0.01576576576576563	-0.002252252252252404	0.023648648648648542	-0.002252252252252404	0.01576576576576563	51453332
2024-02-05	0.0011273957158964558	0.0	0.00789177001127399	-0.011273957158962757	0.0011273957158964558	50484957
2024-02-02	0.014874141876430092	0.0	0.024027459954233304	-0.0034324942791761283	0.014874141876430092	46246800
2024-02-01	0.0	-0.001144164759725376	0.011441647597253964	-0.010297482837528588	0.0	34764488
2024-01-31	0.0022935779816513273	0.0	0.012614678899082502	-0.008027522935779848	0.0022935779816513273	34344931
2024-01-30	-0.011337868480725584	-0.001133786848072538	0.004535147392290152	-0.0147392290249434	-0.011337868480725584	25546529
2024-01-29	0.01146788990825684	0.0	0.027522935779816536	0.0	0.01146788990825684	37121015
2024-01-26	0.00692840646651276	0.0	0.008083140877598186	-0.00692840646651276	0.00692840646651276	30745249
2024-01-25	0.00814901047729922	0.0	0.010477299185098935	-0.004656577415599435	0.00814901047729922	26896141
2024-01-24	0.018979833926453162	0.0011862396204032962	0.018979833926453162	-0.0011862396204032962	0.018979833926453162	31231418
2024-01-23	0.014440433212996295	-0.00120336943441634	0.019253910950661868	-0.015643802647412847	0.014440433212996295	29053673
2024-01-22	-0.02350176263219733	-0.004700352526439383	0.004700352526439591	-0.028202115158636923	-0.02350176263219733	32126176
2024-01-19	-0.007001166861143581	-0.0035005834305718944	0.009334889148191373	-0.011668611435239165	-0.007001166861143581	25335761
2024-01-18	-0.00695249130938592	-0.002317497103128777	-0.002317497103128777	-0.04055619930475103	-0.00695249130938592	45783000
2024-01-17	-0.010321100917431176	-0.0034403669724771945	0.0057339449541283175	-0.011467889908257043	-0.010321100917431176	18473123
2024-01-16	0.005767012687427994	-0.0011534025374855578	0.00807381776239911	-0.004613610149942231	0.005767012687427994	22573773
2024-01-15	0.011668611435239165	0.0023337222870477917	0.015169194865810852	-0.004667444574095791	0.011668611435239165	31453052
2024-01-12	0.014201183431952782	-0.0023668639053253935	0.018934911242603568	-0.0035502958579880905	0.014201183431952782	30291472
2024-01-11	-0.015151515151515242	0.0	0.0	-0.019813519813519805	-0.015151515151515242	35301780
2024-01-10	-0.004640371229698278	-0.004640371229698278	0.012761020881670675	-0.015081206496519608	-0.004640371229698278	36675301
2024-01-09	-0.014857142857142947	-0.002285714285714237	-0.002285714285714237	-0.03771428571428572	-0.014857142857142947	51355809
2024-01-08	-0.010180995475113107	0.0	0.0022624434389139788	-0.018099547511312233	-0.010180995475113107	34473236
2024-01-05	-0.006741573033707921	-0.00337078651685406	0.005617977528089768	-0.008988764044943828	-0.006741573033707921	24794975
2024-01-04	-0.001122334455667765	-0.005611672278339024	0.005611672278339024	-0.01122334455667785	-0.001122334455667765	20679000
2024-01-03	0.007918552036199128	-0.0011312217194569894	0.009049773755656116	-0.009049773755656116	0.007918552036199128	27920360
2024-01-02	0.02433371958285041	-0.003476245654693063	0.0254924681344147	-0.005793742757821635	0.02433371958285041	35756049
2023-12-29	-0.003464203233256277	-0.00692840646651276	0.003464203233256277	-0.018475750577367223	-0.003464203233256277	40921078
2023-12-28	-0.03563474387527843	0.003340757238307278	0.006681514476614556	-0.04899777282850794	-0.03563474387527843	90049755
2023-12-27	0.01126126126126122	0.0	0.013513513513513424	-0.003378378378378506	0.01126126126126122	27682700
2023-12-26	-0.001124859392575904	-0.0022497187851520076	0.00562429696287952	-0.0056242969628797195	-0.001124859392575904	27833800
2023-12-25	0.019495412844036688	0.0	0.019495412844036688	-0.006880733944954185	0.019495412844036688	25698712
2023-12-22	0.00692840646651276	0.0	0.009237875288683611	-0.004618937644341908	0.00692840646651276	24216275
2023-12-21	0.001156069364161825	0.00231213872832365	0.005780346820809125	-0.009248554913294805	0.001156069364161825	23701378
2023-12-20	-0.0023068050749711156	-0.003460207612456674	0.009227220299884669	-0.004613610149942231	-0.0023068050749711156	20554333
2023-12-19	0.010489510489510473	-0.0011655011655011406	0.012820512820512754	-0.0046620046620047696	0.010489510489510473	27618086
2023-12-18	0.0011668611435238958	-0.0011668611435238958	0.007001166861143581	-0.007001166861143581	0.0011668611435238958	28619900
2023-12-15	-0.009248554913294805	-0.001156069364161825	0.0069364161849711555	-0.009248554913294805	-0.009248554913294805	27229564
2023-12-14	0.0023174971031285716	-0.0011587485515644916	0.006952491309385715	-0.015063731170336126	0.0023174971031285716	33173436
2023-12-13	-0.004613610149942231	0.0	0.009227220299884669	-0.006920415224913552	-0.004613610149942231	26028254
2023-12-12	0.01641266119577967	-0.0035169988276669826	0.019929660023446653	-0.004689331770222644	0.01641266119577967	36551900
2023-12-11	0.0011737089201877685	-0.0035211267605633053	0.004694835680751282	-0.01291079812206566	0.0011737089201877685	37399327
2023-12-08	0.009478672985782	0.0	0.011848341232227447	-0.005924170616113618	0.009478672985782	32719051
2023-12-07	0.010778443113772438	0.0	0.015568862275449196	-0.0035928143712574087	0.010778443113772438	24661953
2023-12-06	0.0011990407673860657	-0.003597122302158197	0.003597122302158197	-0.013189448441246934	0.0011990407673860657	25738169
2023-12-05	0.0024038461538461024	-0.0012019230769230512	0.016826923076923146	-0.0024038461538461024	0.0024038461538461024	28331937
2023-12-04	-0.004784688995215209	0.0	0.0035885167464116195	-0.011961722488038236	-0.004784688995215209	24022105
2023-12-01	0.0023980815347721313	0.003597122302158197	0.010791366906474803	-0.007194244604316606	0.0023980815347721313	41610860
2023-11-30	0.01336573511543128	0.0012150668286755512	0.01579586877278238	-0.0024301336573511025	0.01336573511543128	24767971
2023-11-29	0.011056511056511039	0.0012285012285012022	0.015970515970515846	-0.0012285012285012022	0.011056511056511039	25098006
2023-11-28	0.011180124223602466	-0.0012422360248449146	0.013664596273291854	-0.011180124223602575	0.011180124223602466	32633154
2023-11-27	-0.004944375772558609	-0.003708281829418957	0.0	-0.009888751545117438	-0.004944375772558609	27485077
2023-11-24	0.0012376237623762112	0.0	0.00990099009900991	-0.004950495049505065	0.0012376237623762112	26189330
2023-11-23	-0.0049261083743841316	0.002463054187192285	0.002463054187192285	-0.009852216748768483	-0.0049261083743841316	15624653
2023-11-22	0.007444168734491156	0.003722084367245578	0.012406947890818814	-0.0012406947890818594	0.007444168734491156	24104904
2023-11-21	-0.0012391573729863428	0.0	0.0037174721189590283	-0.004956629491945592	-0.0012391573729863428	14875000
2023-11-20	0.0024844720496893877	0.0	0.008695652173912858	-0.004968944099378997	0.0024844720496893877	23435773
2023-11-17	-0.006172839506172708	-0.0012345679012345416	0.0	-0.012345679012345635	-0.006172839506172708	22922242
2023-11-16	0.007462686567164241	0.0	0.013681592039801146	-0.0024875621890546734	0.007462686567164241	23907602
2023-11-15	0.011320754716981003	0.001257861635220099	0.012578616352201324	0.0	0.011320754716981003	21349903
2023-11-14	0.002522068095838646	-0.002522068095838534	0.01387137452711216	-0.0063051702395964465	0.002522068095838646	26679725
2023-11-13	0.0	-0.001261034047919267	0.001261034047919379	-0.01387137452711216	0.0	19687523
2023-11-10	0.006345177664974597	0.0	0.008883248730964504	-0.007614213197969494	0.006345177664974597	20806606
2023-11-09	0.008962868117797732	0.0	0.011523687580025704	-0.0064020486555697595	0.008962868117797732	16846214
2023-11-08	0.0025673940949935267	-0.0012836970474967633	0.01412066752246474	-0.0077021822849806946	0.0025673940949935267	19448691
2023-11-07	0.01168831168831167	0.0	0.01818181818181814	-0.0025974025974026572	0.01168831168831167	16320248
2023-11-06	-0.012820512820512775	0.0012820512820512547	0.0051282051282051325	-0.016666666666666653	-0.012820512820512775	28263159
2023-11-03	-0.0038314176245211047	0.0	0.011494252873563201	-0.006385696040868432	-0.0038314176245211047	22746950
2023-11-02	0.0025608194622279722	0.0	0.005121638924455831	-0.005121638924455831	0.0025608194622279722	22968189
2023-11-01	0.016927083333333322	0.0013020833333334213	0.024739583333333384	-0.0026041666666666114	0.016927083333333322	42936410
2023-10-31	0.014531043593130703	0.0	0.019815059445178265	-0.0039630118890357	0.014531043593130703	29299229
2023-10-30	0.005312084993359899	0.0026560424966798903	0.023904382470119483	-0.0013280212483400631	0.005312084993359899	27188969
2023-10-27	0.0	0.0026560424966798903	0.015936254980079695	-0.003984063745019953	0.0	19936028
2023-10-26	0.02032520325203257	-0.0013550135501354725	0.024390243902438987	-0.002710027100270945	0.02032520325203257	25013982
2023-10-25	-0.0289473684210526	0.002631578947368482	0.003947368421052665	-0.03552631578947363	-0.0289473684210526	39732122
2023-10-24	0.020134228187919392	0.005369127516778528	0.022818791946308713	-0.008053691275167852	0.020134228187919392	21228438
2023-10-23	-0.013245033112582735	-0.00132450331125825	0.003973509933774867	-0.0172185430463576	-0.013245033112582735	17759700
2023-10-20	-0.009186351706036783	0.0026246719160104427	0.005249343832021002	-0.013123359580052563	-0.009186351706036783	22671708
2023-10-19	-0.0013106159895150441	0.0013106159895150441	0.009174311926605542	-0.011795543905635631	-0.0013106159895150441	26101268
2023-10-18	-0.005215123859191661	0.0	0.009126466753585435	-0.005215123859191661	-0.005215123859191661	18652418
2023-10-17	0.009210526315789511	0.0013157894736842994	0.011842105263157994	0.0	0.009210526315789511	20647702
2023-10-16	0.009296148738379733	-0.0026560424966800083	0.010624169986719797	-0.003984063745019953	0.009296148738379733	22029202
2023-10-13	0.006684491978609601	0.0013368983957218966	0.008021390374331498	0.0	0.006684491978609601	11525138
2023-10-12	0.0	0.0013368983957218966	0.006684491978609601	0.0	0.0	9775733
2023-10-11	-0.009271523178807868	-0.00132450331125825	0.006622516556291367	-0.010596026490066236	-0.009271523178807868	15353831
2023-10-10	0.0013262599469495739	-0.0013262599469495739	0.005305039787798413	-0.005305039787798413	0.0013262599469495739	15889033
2023-10-09	0.01617250673854449	0.0	0.024258760107816673	-0.002695417789757355	0.01617250673854449	24069315
2023-09-28	-0.006693440428380164	-0.001338688085676009	0.002677376171352137	-0.008032128514056172	-0.006693440428380164	13691683
2023-09-27	0.004032258064516043	0.0026881720430106952	0.0067204301075268575	-0.004032258064516162	0.004032258064516043	17764916
2023-09-26	0.0026954177897574746	0.0026954177897574746	0.008086253369272304	0.0	0.0026954177897574746	8203698
2023-09-25	0.005420054200542011	0.0013550135501354725	0.012195121951219494	0.0	0.005420054200542011	17804835
2023-09-22	-0.002702702702702765	0.0040540540540539675	0.006756756756756733	-0.00540540540540541	-0.002702702702702765	19405052
2023-09-21	-0.010695187165775409	0.00401069518716569	0.00401069518716569	-0.012032085561497425	-0.010695187165775409	15743464
2023-09-20	-0.0013351134846461665	0.0	0.002670226969292333	-0.006675567423230951	-0.0013351134846461665	10204384
2023-09-19	0.00807537012113062	-0.0026917900403767934	0.00807537012113062	-0.0053835800807537065	0.00807537012113062	16240972
2023-09-18	-0.004021447721179658	0.001340482573726513	0.002680965147453145	-0.01876675603217154	-0.004021447721179658	26175243
2023-09-15	-0.013227513227513182	-0.0013227513227512947	0.0	-0.01587301587301577	-0.013227513227513182	21470918
2023-09-14	0.020242914979757012	0.00134952766531711	0.024291497975708464	-0.004048582995951451	0.020242914979757012	40775036
2023-09-13	0.0040650406504065375	0.0	0.006775067750677483	-0.002710027100270945	0.0040650406504065375	13393761
2023-09-12	0.004081632653061259	-0.001360544217687046	0.010884353741496608	-0.001360544217687046	0.004081632653061259	13612330
2023-09-11	0.006849315068493127	0.0013698630136986009	0.00958904109589045	0.0	0.006849315068493127	13526180
2023-09-08	0.0	0.0	0.00821917808219185	-0.0013698630136986009	0.0	11882035
2023-09-07	-0.010840108401084021	0.006775067750677483	0.013550135501355086	-0.010840108401084021	-0.010840108401084021	23112400
2023-09-06	-0.004048582995951451	-0.00134952766531711	0.005398110661268561	-0.006747638326585671	-0.004048582995951451	15599194
2023-09-05	0.017857142857142842	0.0	0.021978021978021997	-0.002747252747252811	0.017857142857142842	32142870
2023-09-04	0.0013755158184320048	-0.0013755158184318827	0.006877579092159658	-0.008253094910591419	0.0013755158184320048	23119053
2023-09-01	0.0027586206896551137	0.0	0.0041379310344827926	-0.009655172413793142	0.0027586206896551137	15327388
2023-08-31	0.009749303621169957	0.0	0.013927576601671383	-0.0013927576601671012	0.009749303621169957	16759126
2023-08-30	0.0041958041958041065	0.0027972027972027374	0.019580419580419534	0.0013986013986013687	0.0041958041958041065	19143567
2023-08-29	-0.009695290858725678	0.0	0.004155124653739647	-0.012465373961218818	-0.009695290858725678	23849169
2023-08-28	-0.0041379310344827926	0.02068965517241384	0.02620689655172419	-0.009655172413793142	-0.0041379310344827926	30212502
2023-08-25	0.008344923504867817	-0.0027816411682893547	0.01529902642559102	-0.005563282336578586	0.008344923504867817	16123012
2023-08-24	-0.008275862068965464	-0.0013793103448275568	0.0	-0.013793103448275813	-0.008275862068965464	18293432
2023-08-23	0.0	-0.0013793103448275568	0.0110344827586207	-0.0013793103448275568	0.0	17348048
2023-08-22	-0.00137741046831953	-0.00275482093663906	0.00137741046831953	-0.009641873278236832	-0.00137741046831953	16243870
2023-08-21	0.0013793103448275568	0.0	0.008275862068965464	-0.006896551724137907	0.0013793103448275568	17821057
2023-08-18	0.009749303621169957	0.0	0.023676880222841215	0.0	0.009749303621169957	20560550
2023-08-17	-0.006915629322268424	-0.0027662517289073945	0.0	-0.013831258644536725	-0.006915629322268424	16501000
2023-08-16	-0.004132231404958589	-0.00275482093663906	0.006887052341597772	-0.006887052341597772	-0.004132231404958589	13237519
2023-08-15	0.026874115983026803	0.0014144271570013841	0.03818953323903813	0.0	0.026874115983026803	36439271
2023-08-14	0.002836879432624179	-0.004255319148936206	0.0056737588652482325	-0.009929078014184311	0.002836879432624179	17702609
2023-08-11	-0.012605042016806704	0.0	0.0014005602240897304	-0.014005602240896309	-0.012605042016806704	10204509
2023-08-10	0.004219409282700331	0.0	0.004219409282700331	-0.004219409282700457	0.004219409282700331	9508614
2023-08-09	-0.0028050490883589864	0.0	0.0014025245441794932	-0.007012622720897591	-0.0028050490883589864	12578500
2023-08-08	0.002812939521800221	-0.0014064697609002354	0.012658227848101245	-0.002812939521800346	0.002812939521800221	12420200
2023-08-07	0.005657708628005662	0.0	0.007072135785007047	-0.007072135785007172	0.005657708628005662	15045340
2023-08-04	0.0014164305949009456	0.005665722379603405	0.01133144475920681	0.0014164305949009456	0.0014164305949009456	13159999
2023-08-03	0.0014184397163120265	-0.0014184397163120265	0.004255319148936206	-0.004255319148936206	0.0014184397163120265	8789640
2023-08-02	-0.0056417489421720785	0.0	0.0014104372355429884	-0.009873060648801169	-0.0056417489421720785	15729642
2023-08-01	0.009971509971510013	0.002849002849002915	0.011396011396011407	-0.0014245014245013942	0.009971509971510013	20609451
2023-07-31	0.00429184549356214	0.0	0.011444921316165962	-0.0028612303290415537	0.00429184549356214	17771486
2023-07-28	0.00286944045911054	0.0014347202295553337	0.004304160688665746	-0.0028694404591104125	0.00286944045911054	14928459
2023-07-27	0.0014367816091953717	-0.0014367816091953717	0.008620689655172358	-0.0028735632183907434	0.0014367816091953717	11254278
2023-07-26	0.0072358900144717546	0.00289435600578865	0.011577424023154858	-0.0028943560057887786	0.0072358900144717546	17560529
2023-07-25	-0.012857142857142836	0.0014285714285713982	0.0057142857142857195	-0.01571428571428576	-0.012857142857142836	33063074
2023-07-24	0.0014306151645207133	0.0014306151645207133	0.00429184549356214	-0.0028612303290415537	0.0014306151645207133	8269278
2023-07-21	-0.005689900426742537	0.0	0.0014224751066856027	-0.005689900426742537	-0.005689900426742537	10008182
2023-07-20	-0.0014204545454545151	0.0	0.005681818181818187	-0.004261363636363672	-0.0014204545454545151	9728400
2023-07-19	0.0014224751066856027	0.0014224751066856027	0.0028449502133712054	-0.001422475106685729	0.0014224751066856027	9115401
2023-07-18	0.0	0.0	0.005689900426742537	-0.004267425320056934	0.0	9058748
2023-07-17	0.0042857142857143215	0.0014285714285713982	0.0057142857142857195	-0.0014285714285713982	0.0042857142857143215	7376400
2023-07-14	-0.0028490028490027884	-0.0014245014245013942	0.0042735042735043095	-0.004273504273504183	-0.0028490028490027884	10880469
2023-07-13	0.007173601147776158	0.0	0.010043041606886698	-0.0014347202295552062	0.007173601147776158	12359052
2023-07-12	-0.0028612303290415537	0.0014306151645207133	0.00429184549356214	-0.004291845493562267	-0.0028612303290415537	11756438
2023-07-11	-0.005689900426742537	-0.001422475106685729	0.0	-0.008534850640113868	-0.005689900426742537	8912730
2023-07-10	0.0014245014245015208	0.0	0.01709401709401711	-0.004273504273504183	0.0014245014245015208	12249595
2023-07-07	0.00429184549356214	0.0	0.01001430615164512	-0.0014306151645207133	0.00429184549356214	9525473
2023-07-06	-0.007102272727272702	-0.0014204545454545151	0.005681818181818187	-0.012784090909090889	-0.007102272727272702	16739960
2023-07-05	-0.004243281471004278	-0.008486562942008556	0.011315417256011324	-0.009900990099009941	-0.004243281471004278	17133400
2023-07-04	-0.011188811188811197	0.0	0.0013986013986013687	-0.016783216783216797	-0.011188811188811197	15458427
2023-07-03	0.0028050490883591113	0.0	0.007012622720897591	-0.0014025245441794932	0.0028050490883591113	9782495
2023-06-30	-0.008344923504867941	0.005563282336578586	0.009735744089012432	-0.012517385257301911	-0.008344923504867941	14861387
2023-06-29	0.0027894002789400924	0.0	0.009762900976290137	-0.006973500697350045	0.0027894002789400924	15692120
2023-06-28	0.024285714285714275	0.0	0.025714285714285672	-0.0028571428571427964	0.024285714285714275	23622081
2023-06-27	-0.007092198581560258	0.0014184397163120265	0.002836879432624179	-0.017021276595744695	-0.007092198581560258	17517020
2023-06-26	0.008583690987124408	-0.0014306151645207133	0.01001430615164512	-0.004291845493562267	0.008583690987124408	20158405
2023-06-21	0.0	0.0	0.021459227467811082	-0.010014306151645247	0.0	22554405
2023-06-20	-0.0014285714285713982	0.0	0.0028571428571427964	-0.0071428571428571175	-0.0014285714285713982	11326464
2023-06-19	-0.005681818181818187	-0.014204545454545404	0.0014204545454545151	-0.018465909090909075	-0.005681818181818187	20116841
2023-06-16	-0.02086230876216973	0.0	0.004172461752433847	-0.026425591098748313	-0.02086230876216973	48501388
2023-06-15	0.004189944134078247	0.0	0.0069832402234636624	-0.005586592178770954	0.004189944134078247	11627203
2023-06-14	-0.012413793103448256	0.0027586206896551137	0.006896551724137907	-0.013793103448275813	-0.012413793103448256	25725270
2023-06-13	-0.017615176151761502	0.002710027100271065	0.0040650406504065375	-0.021680216802168042	-0.017615176151761502	21760091
2023-06-12	-0.02251655629139072	0.0	0.019867549668874218	-0.02384105960264897	-0.02251655629139072	20659696
2023-06-09	0.02581521739130428	-0.002717391304347889	0.03260869565217382	-0.002717391304347889	0.02581521739130428	28252025
2023-06-08	0.017980636237897633	-0.0027662517289073945	0.024896265560165935	-0.0027662517289073945	0.017980636237897633	15563740
2023-06-07	-0.0027586206896551137	0.0041379310344827926	0.006896551724137907	-0.00551724137931035	-0.0027586206896551137	11279446
2023-06-06	-0.005486968449931418	0.0	0.009602194787380012	-0.005486968449931418	-0.005486968449931418	16988323
2023-06-05	0.0027510316368638877	0.0	0.015130674002751077	-0.005502063273727531	0.0027510316368638877	16808119
2023-06-02	-0.004109589041095925	0.0013698630136986009	0.005479452054794526	-0.008219178082191728	-0.004109589041095925	18014142
2023-06-01	-0.02666666666666669	0.0	0.005333333333333338	-0.027999999999999994	-0.02666666666666669	32130830
2023-05-31	-0.01315789473684206	0.011842105263157994	0.019736842105263205	-0.02105263157894727	-0.01315789473684206	19772969
2023-05-30	-0.0013140604467806406	0.005256241787122212	0.010512483574244424	-0.007884362680683377	-0.0013140604467806406	20249483
2023-05-29	0.028378378378378373	-0.0013513513513514425	0.03783783783783775	-0.002702702702702765	0.028378378378378373	32554650
2023-05-26	0.0	0.0040540540540539675	0.014864864864864788	-0.002702702702702765	0.0	10536749
2023-05-25	0.001353179972936492	0.0	0.006765899864682099	-0.006765899864681979	0.001353179972936492	14028881
2023-05-24	-0.01989389920424408	-0.0026525198938992657	-0.0026525198938992657	-0.01989389920424408	-0.01989389920424408	15947988
2023-05-23	0.0	0.0013262599469495739	0.006631299734747987	-0.003978779840848839	0.0	27654900
2023-05-22	0.03429355281207133	0.0	0.04115226337448557	-0.01234567901234566	0.03429355281207133	43769470
2023-05-19	-0.012195121951219494	0.0	0.0	-0.012195121951219494	-0.012195121951219494	13464769
2023-05-18	0.0	0.0013550135501354725	0.006775067750677483	-0.006775067750677483	0.0	20393740
2023-05-17	-0.005390835579514829	-0.002695417789757355	0.0026954177897574746	-0.014824797843665811	-0.005390835579514829	21379597
2023-05-16	0.002702702702702645	0.0040540540540539675	0.014864864864864788	-0.004054054054054087	0.002702702702702645	19919378
2023-05-15	-0.01726427622841964	0.0013280212483399452	0.013280212483399686	-0.0239043824701196	-0.01726427622841964	29504283
2023-05-12	0.006684491978609601	0.0	0.0213903743315507	-0.013368983957219322	0.006684491978609601	43872634
2023-05-11	0.05203938115330522	0.012658227848101245	0.09845288326300974	0.009845288326300898	0.05203938115330522	74086483
2023-05-10	-0.004201680672268818	0.004201680672268943	0.014005602240896434	-0.008403361344537761	-0.004201680672268818	18590600
2023-05-09	-0.009708737864077709	0.0013869625520110662	0.016643550624133162	-0.013869625520110907	-0.009708737864077709	31337468
2023-05-08	0.014064697609001356	-0.002812939521800346	0.022503516174402143	-0.004219409282700457	0.014064697609001356	25276460
2023-05-05	-0.0069832402234636624	0.0	0.005586592178770954	-0.012569832402234617	-0.0069832402234636624	21929543
2023-05-04	0.03021582733812949	-0.0014388489208632786	0.033093525179856045	-0.0043165467625899635	0.03021582733812949	36524791
2023-04-28	-0.005722460658082981	0.0014306151645207133	0.005722460658082981	-0.0071530758226036936	-0.005722460658082981	20165596
2023-04-27	0.01895043731778424	0.005830903790087469	0.01895043731778424	-0.0014577259475219643	0.01895043731778424	19643704
2023-04-26	-0.008670520231213816	-0.0028901734104045626	0.002890173410404691	-0.008670520231213816	-0.008670520231213816	15698351
2023-04-25	0.008746355685131138	0.0	0.013119533527696771	-0.002915451895043799	0.008746355685131138	18843466
2023-04-24	-0.019999999999999955	0.0	0.0028571428571427964	-0.022857142857142878	-0.019999999999999955	29242057
2023-04-21	-0.0028490028490027884	-0.0028490028490027884	0.014245014245014322	-0.005698005698005577	-0.0028490028490027884	21995432
2023-04-20	-0.0028409090909091565	0.0014204545454545151	0.004261363636363672	-0.011363636363636374	-0.0028409090909091565	13380566
2023-04-19	-0.004243281471004278	0.0	0.008486562942008431	-0.005657708628005662	-0.004243281471004278	13730603
2023-04-18	-0.008415147265077085	0.0	0.0014025245441794932	-0.012622720897615689	-0.008415147265077085	15988000
2023-04-17	0.027377521613832778	0.0028818443804033964	0.030259365994236304	-0.010086455331412144	0.027377521613832778	32007631
2023-04-14	0.0	-0.004322766570605223	0.004322766570605095	-0.005763688760806921	0.0	25618098
2023-04-13	0.007256894049346983	0.0	0.013062409288824493	-0.0029027576197386902	0.007256894049346983	27215490
2023-04-12	0.011747430249632904	0.0014684287812042108	0.013215859030837114	0.0	0.011747430249632904	27928026
2023-04-11	-0.010174418604651203	0.0	0.0014534883720929922	-0.01308139534883719	-0.010174418604651203	25903634
2023-04-10	0.0029154518950436693	0.0014577259475218346	0.0029154518950436693	-0.010204081632653102	0.0029154518950436693	24393903
2023-04-07	-0.0072358900144717546	0.0	0.00289435600578865	-0.010130246020260534	-0.0072358900144717546	20277571
2023-04-06	-0.008608321377331364	-0.007173601147776158	-0.0028694404591104125	-0.01291248206599711	-0.008608321377331364	18221007
2023-04-04	0.005772005772005777	0.0	0.00865800865800873	-0.0028860028860028244	0.005772005772005777	14941932
2023-04-03	-0.019801980198019882	-0.0014144271570015099	0.0028288543140027682	-0.025459688826025544	-0.019801980198019882	32538869
2023-03-31	0.0014164305949009456	-0.004249291784702459	0.00849858356940517	-0.004249291784702459	0.0014164305949009456	21939488
2023-03-30	0.02467343976777938	0.0	0.026124818577648857	0.0	0.02467343976777938	24813836
2023-03-29	-0.008633093525179927	-0.0014388489208632786	0.002877697841726557	-0.011510791366906485	-0.008633093525179927	13517682
2023-03-28	0.005788712011577429	-0.0028943560057887786	0.013024602026049183	-0.0028943560057887786	0.005788712011577429	17555896
2023-03-27	-0.0028860028860028244	-0.0014430014430014122	0.002886002886002953	-0.011544011544011554	-0.0028860028860028244	21291116
2023-03-24	-0.007163323782235058	0.0	0.005730659025787843	-0.00859598853868202	-0.007163323782235058	17578814
2023-03-23	-0.011331444759206683	0.0	0.0028328611898017653	-0.01699716713881009	-0.011331444759206683	22595986
2023-03-22	-0.002824858757062212	0.004237288135593255	0.009887005649717555	-0.004237288135593255	-0.002824858757062212	23358327
2023-03-21	-0.01666666666666668	0.0	0.01111111111111112	-0.019444444444444525	-0.01666666666666668	34465364
2023-03-20	-0.005524861878453044	-0.0013812154696132301	0.031767955801104905	-0.019337016574585714	-0.005524861878453044	42134798
2023-03-17	-0.0068587105624142415	0.001371742112482824	0.008230452674897066	-0.01234567901234566	-0.0068587105624142415	18904955
2023-03-16	0.0	-0.004115226337448594	0.008230452674897066	-0.010973936899862835	0.0	16026595
2023-03-15	0.00551724137931035	0.0013793103448275568	0.008275862068965464	-0.0027586206896551137	0.00551724137931035	13060764
2023-03-14	0.005547850208044388	0.0013869625520110662	0.012482662968099842	-0.004160887656033322	0.005547850208044388	14690800
2023-03-13	0.012640449438202228	-0.001404494382022442	0.015449438202247236	-0.002808988764045009	0.012640449438202228	16936649
2023-03-10	-0.005586592178770954	0.002793296089385415	0.002793296089385415	-0.013966480446927448	-0.005586592178770954	16428347
2023-03-09	-0.011049723756906087	0.0	0.00414364640883969	-0.012430939226519317	-0.011049723756906087	18255054
2023-03-08	-0.0068587105624142415	-0.005486968449931418	-0.001371742112482824	-0.01234567901234566	-0.0068587105624142415	19889767
2023-03-07	0.0041322314049587125	0.0	0.012396694214876014	-0.00137741046831953	0.0041322314049587125	17243348
2023-03-06	-0.005479452054794526	0.0	0.004109589041095925	-0.009589041095890328	-0.005479452054794526	21141379
2023-03-03	0.016713091922005586	0.0	0.019498607242339913	-0.0013927576601671012	0.016713091922005586	22153429
2023-03-02	0.0041958041958041065	0.0	0.005594405594405599	-0.0041958041958042305	0.0041958041958041065	16970289
2023-03-01	0.007042253521126861	0.0014084507042254472	0.007042253521126861	0.0	0.007042253521126861	18269033
2023-02-28	-0.0014064697609002354	0.0	0.004219409282700331	-0.004219409282700457	-0.0014064697609002354	18066319
2023-02-27	0.0028208744710861017	-0.0028208744710859768	0.009873060648801169	-0.00423131170662909	0.0028208744710861017	23760140
2023-02-24	0.0056737588652482325	0.0	0.008510638297872412	-0.002836879432624053	0.0056737588652482325	15989584
2023-02-23	0.0014204545454545151	0.0	0.009943181818181858	-0.0028409090909091565	0.0014204545454545151	18713600
2023-02-22	0.004279600570613445	-0.0028530670470755456	0.009985734664764663	-0.0042796005706133185	0.004279600570613445	20542375
2023-02-21	0.010086455331412017	0.0014409221902016982	0.015850144092218937	-0.002881844380403525	0.010086455331412017	20010518
2023-02-20	0.011661807580174937	0.0	0.013119533527696771	-0.002915451895043799	0.011661807580174937	17429800
2023-02-17	-0.0014556040756913808	-0.004366812227074272	0.008733624454148414	-0.004366812227074272	-0.0014556040756913808	16322900
2023-02-16	-0.0014534883720929922	-0.0029069767441859845	0.010174418604651203	-0.00726744186046509	-0.0014534883720929922	25759105
2023-02-15	0.0	0.0014534883720929922	0.0029069767441861137	-0.011627906976744196	0.0	21025656
2023-02-14	0.0029154518950436693	-0.002915451895043799	0.004373177842565504	-0.005830903790087469	0.0029154518950436693	14845646
2023-02-13	-0.0014556040756913808	0.0014556040756913808	0.0029112081513827616	-0.013100436681222686	-0.0014556040756913808	20812735
2023-02-10	0.016272189349112474	0.0	0.02218934911242609	-0.0029585798816567418	0.016272189349112474	25864265
2023-02-09	0.01046337817638257	0.0014947683109117766	0.011958146487294347	0.0	0.01046337817638257	15314512
2023-02-08	0.0	-0.0014947683109119096	0.0044843049327353305	-0.0029895366218236864	0.0	14109999
2023-02-07	0.006015037593984967	-0.001503759398496342	0.006015037593984967	-0.0030075187969925503	0.006015037593984967	18230206
2023-02-06	0.0	-0.004511278195488759	0.006015037593984967	-0.006015037593984967	0.0	16660689
2023-02-03	-0.004491017964071761	-0.0014970059880239203	0.0	-0.010479041916167576	-0.004491017964071761	20246474
2023-02-02	0.0014992503748125618	0.0	0.004497751124437818	-0.004497751124437818	0.0014992503748125618	21350800
2023-02-01	-0.0014970059880239203	0.0	0.0014970059880240532	-0.005988023952095814	-0.0014970059880239203	25546700
2023-01-31	-0.0074294205052007	0.0029717682020801743	0.0029717682020801743	-0.01337295690936118	-0.0074294205052007	24255669
2023-01-30	-0.033045977011494185	0.0014367816091953717	0.004310344827586242	-0.035919540229885055	-0.033045977011494185	48172578
2023-01-20	0.008695652173912986	0.0	0.008695652173912986	-0.008695652173913115	0.008695652173912986	36159281
2023-01-19	0.026785714285714378	0.0014880952380953386	0.028273809523809583	-0.0044642857142856195	0.026785714285714378	36714208
2023-01-18	0.012048192771084348	0.0	0.013554216867469993	0.0	0.012048192771084348	15982876
2023-01-17	-0.007473841554559149	0.0014947683109117766	0.0029895366218235533	-0.007473841554559149	-0.007473841554559149	16934469
2023-01-16	0.004504504504504542	0.0	0.00900900900900895	-0.0015015015015014694	0.004504504504504542	24775799
2023-01-13	0.003012048192771154	0.0045180722891566645	0.009036144578313329	-0.0015060240963855102	0.003012048192771154	15805413
2023-01-12	-0.004497751124437818	-0.0014992503748125618	0.0029985007496252567	-0.010494752623688198	-0.004497751124437818	12933129
2023-01-11	0.0015015015015014694	0.0	0.0075075075075074806	-0.0015015015015014694	0.0015015015015014694	12388034
2023-01-10	0.0	0.006006006006006011	0.0075075075075074806	-0.0030030030030030724	0.0	13220956
2023-01-09	-0.01624815361890686	-0.0014771048744460543	0.0014771048744461855	-0.0192023633677991	-0.01624815361890686	20430696
2023-01-06	0.0059435364041603485	0.0059435364041603485	0.007429420505200567	0.0	0.0059435364041603485	17267411
2023-01-05	-0.0014836795252225203	0.0029673590504450406	0.007418397626112733	-0.005934718100890213	-0.0014836795252225203	18917400
2023-01-04	0.0	0.0	0.0044510385756675605	-0.008902077151335385	0.0	21995479
2023-01-03	0.0212121212121213	0.0030303030303031006	0.025757575757575746	0.0	0.0212121212121213	27399696
2022-12-30	0.009174311926605444	0.004587155963302791	0.015290519877675787	0.003058103975535103	0.009174311926605444	17746011
2022-12-29	0.0	-0.0076452599388378934	0.009174311926605444	-0.010703363914373131	0.0	14446320
2022-12-28	0.010819165378670833	-0.003091190108191588	0.021638330757341666	-0.010819165378670696	0.010819165378670833	27905846
2022-12-27	0.02535657686212364	-0.001584786053882692	0.02535657686212364	-0.00633914421553091	0.02535657686212364	18400911
2022-12-26	0.017741935483870874	0.0	0.017741935483870874	-0.008064516129032228	0.017741935483870874	14617938
2022-12-23	0.0016155088852988345	-0.001615508885298978	0.004846526655896504	-0.004846526655896647	0.0016155088852988345	10935813
2022-12-22	-0.008012820512820484	0.0016025641025640682	0.009615384615384552	-0.0144230769230769	-0.008012820512820484	21661580
2022-12-21	0.0	0.0	0.012820512820512832	-0.0016025641025640682	0.0	11920544
2022-12-20	-0.011093502377178986	-0.001584786053882692	0.0	-0.017432646592709895	-0.011093502377178986	25064871
2022-12-19	-0.049698795180722906	-0.009036144578313195	-0.00451807228915653	-0.049698795180722906	-0.049698795180722906	50771872
2022-12-16	0.004538577912254063	0.0	0.010590015128592948	-0.004538577912254198	0.004538577912254063	11098585
2022-12-15	-0.01783060921248144	0.0	0.0014858841010400871	-0.01783060921248144	-0.01783060921248144	13355967
2022-12-14	0.007485029940119867	0.0	0.007485029940119867	-0.0014970059880239203	0.007485029940119867	11282645
2022-12-13	0.0014992503748125618	-0.0014992503748125618	0.00599700149925038	-0.0029985007496251236	0.0014992503748125618	8504296
2022-12-12	-0.008915304606240787	0.0	0.0029717682020801743	-0.01188707280832096	-0.008915304606240787	19820439
2022-12-09	-0.005908419497784217	0.0	0.005908419497784348	-0.007385524372230403	-0.005908419497784217	19574591
2022-12-08	0.01044776119402976	0.001492537313432804	0.013432835820895501	0.001492537313432804	0.01044776119402976	21228222
2022-12-07	-0.004457652303120394	-0.001485884101040219	0.0014858841010400871	-0.008915304606240787	-0.004457652303120394	20757292
2022-12-06	-0.010294117647058735	0.0014705882352940864	0.004411764705882389	-0.011764705882352951	-0.010294117647058735	23290093
2022-12-05	0.010401188707280741	0.0014858841010400871	0.013372956909361048	0.0	0.010401188707280741	29794750
2022-12-02	-0.0029629629629629	0.004444444444444481	0.004444444444444481	-0.008888888888888832	-0.0029629629629629	16132483
2022-12-01	0.0	0.0029629629629629	0.004444444444444481	-0.005925925925925931	0.0	20825511
2022-11-30	0.0	0.0	0.004444444444444481	-0.007407407407407381	0.0	23683642
2022-11-29	-0.004424778761061983	-0.0029498525073746993	0.004424778761061852	-0.007374631268436552	-0.004424778761061983	22294598
2022-11-28	-0.002941176470588173	-0.007352941176470562	0.0	-0.026470588235294076	-0.002941176470588173	32130008
2022-11-25	0.013412816691505194	0.0014903129657227701	0.013412816691505194	-0.005961251862891212	0.013412816691505194	20755377
2022-11-24	-0.004451038575667692	0.007418397626112733	0.007418397626112733	-0.007418397626112733	-0.004451038575667692	15943996
2022-11-23	0.022761760242792164	0.0	0.03490136570561463	-0.001517450682852775	0.022761760242792164	37522272
2022-11-22	0.012288786482334882	-0.001536098310291826	0.016897081413210495	-0.003072196620583652	0.012288786482334882	21289272
2022-11-21	0.0015384615384615057	-0.004615384615384654	0.0030769230769230114	-0.009230769230769171	0.0015384615384615057	14805401
2022-11-18	0.0	0.0015384615384615057	0.0030769230769230114	-0.007692307692307665	0.0	17569610
2022-11-17	-0.012158054711246211	-0.0015197568389057428	0.0030395136778114855	-0.018237082066869317	-0.012158054711246211	24362227
2022-11-16	0.007656967840735041	0.001531393568146981	0.024502297090352242	-0.0030627871362940984	0.007656967840735041	33272513
2022-11-15	0.006163328197226508	-0.0015408320493065927	0.006163328197226508	-0.0077041602465331	0.006163328197226508	37943865
2022-11-14	-0.006125574272588061	0.003062787136293962	0.009188361408882023	-0.007656967840735041	-0.006125574272588061	21166499
2022-11-11	0.013975155279503083	0.009316770186335343	0.018633540372670686	0.007763975155279475	0.013975155279503083	29950720
2022-11-10	-0.009230769230769171	-0.0030769230769230114	-0.0015384615384615057	-0.01692307692307697	-0.009230769230769171	19121675
2022-11-09	-0.010654490106544944	0.0015220700152206675	0.0015220700152206675	-0.01369863013698628	-0.010654490106544944	14084694
2022-11-08	-0.012030075187969934	-0.0030075187969925503	0.0	-0.018045112781954902	-0.012030075187969934	19718528
2022-11-07	0.009104704097116919	-0.00303490136570555	0.013657056145675243	-0.009104704097116785	0.009104704097116919	23683940
2022-11-04	0.023291925465838425	0.0	0.026397515527950298	-0.0031055900621118726	0.023291925465838425	24288775
2022-11-03	-0.013782542113323101	-0.007656967840735041	-0.006125574272588061	-0.0168453292496172	-0.013782542113323101	25569458
2022-11-02	0.020312499999999983	-0.0062500000000000056	0.024999999999999883	-0.010937500000000044	0.020312499999999983	27134597
2022-11-01	0.004709576138147605	-0.001569858712715822	0.00784929356357925	-0.015698587127158638	0.004709576138147605	34427409
2022-10-31	-0.015455950540958215	-0.0061823802163833135	0.0015455950540959314	-0.020092735703245733	-0.015455950540958215	29858301
2022-10-28	-0.024132730015082978	-0.004524886877828092	-0.0015082956259426527	-0.02564102564102563	-0.024132730015082978	39235670
2022-10-27	-0.008968609865470926	-0.0014947683109119096	0.0044843049327353305	-0.011958146487294478	-0.008968609865470926	30946994
2022-10-26	-0.0029806259314455403	-0.0029806259314455403	0.005961251862891212	-0.004470938897168443	-0.0029806259314455403	27759070
2022-10-25	0.02599388379204892	-0.0015290519877675516	0.029051987767584157	-0.003058103975535239	0.02599388379204892	39374465
2022-10-24	-0.028231797919762314	-0.002971768202080306	0.004457652303120261	-0.03417533432392279	-0.028231797919762314	49832464
2022-10-21	0.008995502248875636	0.0029985007496252567	0.01799100449775114	-0.0014992503748125618	0.008995502248875636	39007156
2022-10-20	-0.004477611940298544	-0.001492537313432804	0.007462686567164152	-0.007462686567164152	-0.004477611940298544	30300677
2022-10-19	-0.0029761904761904127	-0.005952380952380958	0.007440476190476164	-0.005952380952380958	-0.0029761904761904127	28644435
2022-10-18	-0.023255813953488393	0.0	0.0	-0.03197674418604648	-0.023255813953488393	65133617
2022-10-17	-0.028248587570621493	-0.00847457627118651	-0.004237288135593255	-0.03248587570621475	-0.028248587570621493	40540873
2022-10-14	-0.008403361344537761	0.007002801120448279	0.007002801120448279	-0.014005602240896309	-0.008403361344537761	27275130
2022-10-13	0.005633802816901414	-0.0014084507042253223	0.012676056338028275	-0.007042253521126736	0.005633802816901414	18431800
2022-10-12	0.0028248587570620866	-0.002824858757062212	0.009887005649717555	-0.015536723163841852	0.0028248587570620866	21163980
2022-10-11	0.036603221083455345	0.004392386530014678	0.04099560761347002	0.0014641288433381826	0.036603221083455345	38697149
2022-10-10	-0.00726744186046509	0.005813953488372098	0.02034883720930228	-0.008720930232558082	-0.00726744186046509	31818402
2022-09-30	-0.0014513788098693451	0.0	0.008708272859216328	-0.004354136429608035	-0.0014513788098693451	13977669
2022-09-29	-0.008633093525179927	0.0043165467625899635	0.0086330935251798	-0.012949640287769763	-0.008633093525179927	15205800
2022-09-28	-0.005722460658082981	-0.004291845493562267	0.011444921316165962	-0.010014306151645247	-0.005722460658082981	19915535
2022-09-27	0.0014326647564469608	0.0028653295128939216	0.008595988538681891	-0.01575931232091695	0.0014326647564469608	26125315
2022-09-26	-0.021037868162692774	-0.007012622720897591	0.0014025245441794932	-0.025245441795231378	-0.021037868162692774	21432197
2022-09-23	-0.009722222222222262	0.0	0.00555555555555556	-0.01249999999999998	-0.009722222222222262	17627079
2022-09-22	-0.005524861878453044	-0.0041436464088398135	0.006906077348066274	-0.01657458563535913	-0.005524861878453044	19774404
2022-09-21	0.009762900976290137	-0.0027894002789399684	0.019525801952580153	-0.00836820083682003	0.009762900976290137	23277316
2022-09-20	0.00843881856540079	0.00843881856540079	0.02390998593530238	0.004219409282700331	0.00843881856540079	22985407
2022-09-19	-0.016597510373443997	-0.005532503457814666	-0.0013831258644537586	-0.020746887966805027	-0.016597510373443997	25980825
2022-09-16	-0.020325203252032447	0.0	0.0	-0.027100271002710053	-0.020325203252032447	47581886
2022-09-15	-0.008064516129032324	0.00537634408602151	0.0107526881720429	-0.01075268817204302	-0.008064516129032324	25141296
2022-09-14	-0.01587301587301577	-0.003968253968253884	-0.0013227513227512947	-0.01984126984126977	-0.01587301587301577	20848640
2022-09-13	-0.013054830287206335	-0.0026109660574413136	0.0013054830287205987	-0.020887728459530044	-0.013054830287206335	24822422
2022-09-09	0.0	0.0013054830287205987	0.005221932114882511	-0.007832898172323825	0.0	23820844
2022-09-08	0.006570302233902736	0.0013140604467805237	0.023653088042049897	-0.005256241787122212	0.006570302233902736	31453144
2022-09-07	0.0026350461133070437	0.0	0.006587615283267434	-0.007905138339920898	0.0026350461133070437	24762853
2022-09-06	0.0026420079260237217	0.0	0.009247027741083142	-0.00924702774108326	0.0026420079260237217	30678972
2022-09-05	0.013386880856760446	-0.002677376171352018	0.02275769745649263	-0.006693440428380164	0.013386880856760446	39368490
2022-09-02	0.02049180327868845	0.0	0.028688524590163928	-0.0013661202185793271	0.02049180327868845	43642405
2022-09-01	0.006877579092159658	0.0	0.015130674002751077	-0.0027510316368637654	0.006877579092159658	23235368
2022-08-31	-0.009536784741144453	0.0027247956403270383	0.0040871934604904975	-0.012261580381471371	-0.009536784741144453	29663296
2022-08-30	-0.006765899864681979	0.001353179972936492	0.009472259810554842	-0.008119079837618351	-0.006765899864681979	29749381
2022-08-29	0.009562841530054562	0.0027322404371584114	0.02049180327868845	-0.002732240437158533	0.009562841530054562	41111619
2022-08-26	-0.009472259810554723	0.0	0.006765899864682099	-0.013531799729363959	-0.009472259810554723	22230043
2022-08-25	0.027816411682892807	0.004172461752433847	0.03059805285118216	0.004172461752433847	0.027816411682892807	40053991
2022-08-24	-0.006906077348066274	0.0013812154696132301	0.005524861878453044	-0.012430939226519317	-0.006906077348066274	27610540
2022-08-23	0.006954102920723202	0.0	0.012517385257301788	-0.008344923504867941	0.006954102920723202	27503471
2022-08-22	0.0	0.002781641168289231	0.012517385257301788	-0.004172461752433971	0.0	26664808
2022-08-19	0.022759601706970146	-0.001422475106685729	0.027027027027026956	-0.005689900426742537	0.022759601706970146	38410284
2022-08-18	-0.012640449438202228	0.0	0.005617977528089893	-0.012640449438202228	-0.012640449438202228	20346073
2022-08-17	0.0014064697609001105	0.0014064697609001105	0.015471167369901466	-0.0014064697609002354	0.0014064697609001105	30118487
2022-08-16	0.0014084507042254472	0.0014084507042254472	0.012676056338028275	-0.004225352112675967	0.0014084507042254472	20573058
2022-08-15	0.008522727272727217	0.0014204545454545151	0.009943181818181858	-0.0028409090909091565	0.008522727272727217	24043147
2022-08-12	-0.004243281471004278	-0.002828854314002894	0.008486562942008431	-0.005657708628005662	-0.004243281471004278	20531551
2022-08-11	0.007122507122507224	0.0042735042735043095	0.014245014245014322	0.0	0.007122507122507224	21952149
2022-08-10	-0.0028409090909091565	0.0	0.005681818181818187	-0.011363636363636374	-0.0028409090909091565	15930167
2022-08-09	-0.014005602240896309	-0.0028011204481792123	0.0014005602240897304	-0.018207282913165253	-0.014005602240896309	30067669
2022-08-08	0.007052186177715067	-0.0028208744710859768	0.00846262341325818	-0.0056417489421720785	0.007052186177715067	24266850
2022-08-05	0.012857142857142836	0.0	0.012857142857142836	-0.0028571428571427964	0.012857142857142836	18275749
2022-08-04	0.011560693641618507	0.002890173410404691	0.01445086705202307	-0.010115606936416227	0.011560693641618507	29934658
2022-08-03	-0.0043165467625899635	0.0014388489208632786	0.017266187050359726	-0.0043165467625899635	-0.0043165467625899635	25078326
2022-08-02	-0.02387640449438201	-0.011235955056179785	-0.009831460674157343	-0.037921348314606806	-0.02387640449438201	35372180
2022-08-01	0.007072135785007047	-0.002828854314002894	0.011315417256011324	-0.016973125884016987	0.007072135785007047	36820780
2022-07-29	-0.004225352112675967	-0.0014084507042253223	0.011267605633802828	-0.007042253521126736	-0.004225352112675967	25736650
2022-07-28	0.0028248587570620866	0.0	0.008474576271186385	-0.004237288135593255	0.0028248587570620866	20262752
2022-07-27	-0.005617977528089893	0.0	0.005617977528089893	-0.009831460674157343	-0.005617977528089893	17915800
2022-07-26	0.017142857142857158	0.0042857142857143215	0.0285714285714286	-0.0014285714285713982	0.017142857142857158	26874261
2022-07-25	-0.008498583569405044	0.00991501416430599	0.012747875354107756	-0.014164305949008449	-0.008498583569405044	22667029
2022-07-22	0.018759018759018746	0.017316017316017333	0.0303030303030303	0.011544011544011554	0.018759018759018746	36683679
2022-07-21	-0.014224751066856405	0.0014224751066856027	0.0028449502133712054	-0.01706970128022761	-0.014224751066856405	21958868
2022-07-20	-0.019525801952580153	-0.0013947001394699842	-0.0013947001394699842	-0.025104602510460212	-0.019525801952580153	38948363
2022-07-19	-0.005547850208044388	0.0027739251040222557	0.009708737864077709	-0.012482662968099842	-0.005547850208044388	25440185
2022-07-18	0.016925246826516235	0.0028208744710861017	0.018335684062059224	0.0014104372355429884	0.016925246826516235	23372582
2022-07-15	-0.01800554016620497	-0.001385041551246508	0.0069252077562326625	-0.01800554016620497	-0.01800554016620497	44790807
2022-07-14	-0.025641025641025692	-0.00134952766531711	0.0	-0.032388663967611364	-0.025641025641025692	44129936
2022-07-13	0.005427408412483044	0.001356852103120731	0.01221166892808682	-0.01221166892808682	0.005427408412483044	29806590
2022-07-12	0.0054570259208731285	-0.002728512960436625	0.020463847203274262	-0.008185538881309753	0.0054570259208731285	34050021
2022-07-11	-0.002721088435374092	0.004081632653061259	0.02448979591836743	-0.008163265306122396	-0.002721088435374092	39891851
2022-07-08	0.011004126547455306	0.005502063273727653	0.01925722145804685	-0.006877579092159536	0.011004126547455306	38429474
2022-07-07	0.016783216783216672	0.005594405594405599	0.0377622377622377	0.005594405594405599	0.016783216783216672	50597640
2022-07-06	0.009887005649717555	0.0	0.01977401129943498	-0.002824858757062212	0.009887005649717555	41215508
2022-07-05	-0.01666666666666668	0.0	0.00694444444444442	-0.02916666666666666	-0.01666666666666668	65710805
2022-07-04	0.006993006993006968	0.0	0.0265734265734265	-0.005594405594405599	0.006993006993006968	37684651
2022-07-01	0.022889842632331923	0.0014306151645207133	0.030042918454935615	0.0014306151645207133	0.022889842632331923	27572122
2022-06-30	-0.015492957746478794	0.0	0.008450704225352183	-0.016901408450704116	-0.015492957746478794	27598726
2022-06-29	0.0	0.007042253521126861	0.008450704225352183	-0.008450704225352058	0.0	22375069
2022-06-28	0.014285714285714235	-0.0042857142857143215	0.022857142857142878	-0.0071428571428571175	0.014285714285714235	28551249
2022-06-27	0.020408163265306076	0.0	0.02186588921282791	-0.011661807580174937	0.020408163265306076	35488669
2022-06-24	-0.011527377521613843	-0.004322766570605223	0.0014409221902016982	-0.01873198847262259	-0.011527377521613843	27671921
2022-06-23	-0.009985734664764536	-0.0014265335235377728	0.005706134094151218	-0.019971469329529198	-0.009985734664764536	33933471
2022-06-22	0.0	-0.0028530670470755456	0.0213980028530671	-0.005706134094151218	0.0	23366112
2022-06-21	0.02186588921282791	-0.0014577259475219643	0.04664723032069962	-0.0014577259475219643	0.02186588921282791	42425168
2022-06-20	-0.019999999999999955	-0.017142857142857158	-0.011428571428571439	-0.027142857142857198	-0.019999999999999955	34707885
2022-06-17	-0.005681818181818187	-0.005681818181818187	-0.004261363636363672	-0.021306818181818232	-0.005681818181818187	41061328
2022-06-16	-0.015384615384615429	0.0	0.0	-0.025174825174825256	-0.015384615384615429	31238169
2022-06-15	-0.00832177531206652	0.0013869625520110662	0.005547850208044388	-0.016643550624133162	-0.00832177531206652	36087531
2022-06-14	-0.0041436464088398135	-0.002762430939226583	-0.0013812154696132301	-0.020718232044198943	-0.0041436464088398135	32080506
2022-06-13	-0.009575923392612777	-0.006839945280437733	0.0	-0.02188782489740072	-0.009575923392612777	41104665
2022-06-10	0.045779685264663715	0.0	0.052932761087267535	-0.008583690987124535	0.045779685264663715	77089832
2022-06-09	0.020437956204379645	-0.002919708029197018	0.049635036496350475	-0.002919708029197018	0.020437956204379645	60329874
2022-06-08	0.01032448377581112	0.0	0.014749262536873104	-0.008849557522123967	0.01032448377581112	24448003
2022-06-07	-0.015965166908563054	0.0	0.002902757619738819	-0.018867924528301872	-0.015965166908563054	34646318
2022-06-06	0.0029112081513827616	-0.0029112081513828912	0.005822416302765653	-0.01892285298398834	0.0029112081513827616	48217590
2022-06-02	-0.029661016949152536	-0.00847457627118651	-0.007062146892655342	-0.03389830508474579	-0.029661016949152536	37490721
2022-06-01	-0.0028169014084506445	-0.0014084507042253223	0.0028169014084507694	-0.02676056338028162	-0.0028169014084506445	42574476
2022-05-31	-0.004207573632538604	0.0	0.009817671809256702	-0.007012622720897591	-0.004207573632538604	27969291
2022-05-30	-0.004189944134078247	0.0013966480446927076	0.015363128491620031	-0.011173184357541908	-0.004189944134078247	23596911
2022-05-27	0.009873060648801169	-0.0056417489421720785	0.018335684062059224	-0.014104372355430134	0.009873060648801169	41806708
2022-05-26	0.029027576197387547	0.005805515239477509	0.04499274310595073	0.001451378809869474	0.029027576197387547	49888178
2022-05-25	0.020740740740740695	0.0	0.023703703703703723	-0.005925925925925931	0.020740740740740695	28118697
2022-05-24	-0.01026392961876837	-0.0014662756598241458	0.019061583577712593	-0.014662756598240546	-0.01026392961876837	27829404
2022-05-23	-0.007278020378457034	0.0014556040756913808	0.008733624454148414	-0.011644832605531306	-0.007278020378457034	26901835
2022-05-20	-0.007225433526011535	0.0014450867052022813	0.01589595375722548	-0.007225433526011535	-0.007225433526011535	32936283
2022-05-19	0.016152716593245277	-0.008810572687224613	0.017621145374449355	-0.019089574155653436	0.016152716593245277	32191193
2022-05-18	0.010385756676557773	0.0	0.028189910979228412	-0.017804154302670638	0.010385756676557773	36182399
2022-05-17	-0.014619883040935621	-0.005847953216374275	-0.004385964912280738	-0.02923976608187137	-0.014619883040935621	43462546
2022-05-16	0.005882352941176476	-0.004411764705882389	0.011764705882352951	-0.023529411764705903	0.005882352941176476	49461222
2022-05-13	0.027190332326283945	0.0	0.03927492447129906	-0.015105740181268963	0.027190332326283945	70066902
2022-05-12	0.00914634146341471	-0.0060975609756097615	0.04878048780487809	-0.009146341463414575	0.00914634146341471	86397098
2022-05-11	0.0076804915514592665	0.0	0.015360983102918668	-0.019969278033794148	0.0076804915514592665	83968701
2022-05-10	0.07072368421052627	-0.006578947368421058	0.09375000000000004	-0.011513157894736888	0.07072368421052627	109246024
2022-05-09	0.016722408026755793	-0.005016722408026797	0.016722408026755793	-0.006688963210702346	0.016722408026755793	21651842
2022-05-06	-0.03392568659127625	-0.014539579967689942	-0.011308562197092129	-0.03554119547657522	-0.03392568659127625	35517235
2022-05-05	0.008143322475570149	-0.001628664495113972	0.017915309446254125	-0.003257328990227944	0.008143322475570149	35583007
2022-04-29	-0.00967741935483879	0.0032258064516128343	0.0032258064516128343	-0.022580645161290415	-0.00967741935483879	40525414
2022-04-28	0.013071895424836612	-0.003267973856209226	0.031045751633986846	-0.006535947712418306	0.013071895424836612	57520087
2022-04-27	0.011570247933884345	-0.003305785123966872	0.014876033057851217	-0.014876033057851217	0.011570247933884345	26002836
2022-04-26	0.0	0.0033057851239670184	0.01983471074380167	-0.014876033057851217	0.0	36206346
2022-04-25	-0.03815580286168525	-0.006359300476947541	0.006359300476947541	-0.042925278219395936	-0.03815580286168525	41763640
2022-04-22	0.024429967426710157	-0.004885993485341916	0.027687296416938102	-0.014657980456026036	0.024429967426710157	46967172
2022-04-21	-0.00967741935483879	-0.003225806451612978	0.008064516129032228	-0.016129032258064602	-0.00967741935483879	23871658
2022-04-20	-0.022082018927444744	-0.0015772870662460231	0.0015772870662460231	-0.028391167192428977	-0.022082018927444744	27098786
2022-04-19	0.019292604501607736	0.0	0.020900321543408342	-0.0016077170418006088	0.019292604501607736	33000725
2022-04-18	0.0	-0.006430868167202578	0.0016077170418007517	-0.009646302250803797	0.0	16505091
2022-04-15	0.0016103059581320108	-0.0016103059581320108	0.019323671497584557	-0.006441223832528186	0.0016103059581320108	19192624
2022-04-14	0.008116883116883088	0.0016233766233765888	0.011363636363636409	-0.0016233766233765888	0.008116883116883088	14264269
2022-04-13	-0.0016207455429497223	0.0	0.004862236628849311	-0.004862236628849311	-0.0016207455429497223	15291169
2022-04-12	-0.001618122977346244	0.0	0.0032362459546926314	-0.014563106796116483	-0.001618122977346244	20303414
2022-04-11	-0.009615384615384694	0.0	0.008012820512820484	-0.0144230769230769	-0.009615384615384694	35202511
2022-04-08	0.012987012987012998	-0.004870129870129911	0.017857142857142766	-0.004870129870129911	0.012987012987012998	31187800
2022-04-07	-0.019108280254777087	0.004777070063694166	0.004777070063694166	-0.022292993630573337	-0.019108280254777087	36143678
2022-04-06	0.07167235494880544	0.010238907849829284	0.09385665529010236	0.010238907849829284	0.07167235494880544	101742447
2022-04-01	0.006872852233676982	-0.0034364261168385673	0.012027491408934603	-0.006872852233676982	0.006872852233676982	17129800
2022-03-31	0.0017211703958693073	-0.003442340791738309	0.005163511187607616	-0.005163511187607463	0.0017211703958693073	13657080
2022-03-30	0.010434782608695584	0.0034782608695651434	0.012173913043478311	-0.0017391304347825717	0.010434782608695584	16793802
2022-03-29	0.003490401396160484	0.005235602094240726	0.008726003490401365	0.0	0.003490401396160484	13273678
2022-03-28	-0.0017421602787456073	-0.0034843205574913694	0.0017421602787456073	-0.020905923344947754	-0.0017421602787456073	21586425
2022-03-25	-0.01880341880341871	0.0	0.003418803418803498	-0.02051282051282038	-0.01880341880341871	28876262
2022-03-24	-0.00847457627118656	-0.0033898305084746542	0.00847457627118641	-0.013559322033898317	-0.00847457627118656	17508715
2022-03-23	0.01724137931034492	0.0034482758620690453	0.022413793103448258	0.001724137931034446	0.01724137931034492	28802756
2022-03-22	-0.0034364261168385673	-0.006872852233676982	0.005154639175257622	-0.018900343642611738	-0.0034364261168385673	34706203
2022-03-21	-0.013559322033898317	-0.0016949152542374024	0.0016949152542372519	-0.035593220338983045	-0.013559322033898317	30248400
2022-03-18	0.013745704467353964	-0.00171821305841936	0.01546391752577317	-0.005154639175257774	0.013745704467353964	24776302
2022-03-17	-0.0034246575342465023	0.008561643835616408	0.015410958904109566	-0.006849315068493157	-0.0034246575342465023	28385157
2022-03-16	0.037300177619893425	0.012433392539964526	0.040852575488454786	-0.014209591474245128	0.037300177619893425	38091363
2022-03-15	-0.07553366174055828	-0.009852216748768409	-0.008210180623973698	-0.08374384236453199	-0.07553366174055828	72385942
2022-03-14	-0.02870813397129182	-0.011164274322168963	-0.007974481658692157	-0.04625199362041454	-0.02870813397129182	45024200
2022-03-11	-0.03389830508474586	-0.015408320493066337	-0.015408320493066337	-0.050847457627118654	-0.03389830508474586	59886157
2022-03-10	0.03015873015873022	0.026984126984126975	0.03809523809523813	0.0	0.03015873015873022	75751012
2022-03-09	0.031096563011456545	0.0032733224222585224	0.049099836333878856	0.0032733224222585224	0.031096563011456545	89165488
2022-03-08	-0.025518341307814874	-0.0015948963317384032	0.007974481658692299	-0.02711323763955342	-0.025518341307814874	35276435
2022-03-07	-0.004761904761904801	0.011111111111111157	0.019047619047619067	-0.006349206349206355	-0.004761904761904801	35456136
2022-03-04	-0.010989010989011033	0.0	0.0	-0.018838304552590283	-0.010989010989011033	25082012
2022-03-03	0.032414910858995165	0.012965964343598067	0.04376012965964351	0.012965964343598067	0.032414910858995165	56710827
2022-03-02	0.00652528548123981	-0.0032626427406198324	0.008156606851549727	-0.00652528548123981	0.00652528548123981	17666432
2022-03-01	-0.004870129870129911	0.0	0.008116883116883088	-0.008116883116883088	-0.004870129870129911	17759664
2022-02-28	0.011494252873563265	0.0	0.02627257799671595	-0.003284072249589421	0.011494252873563265	31192978
2022-02-25	0.014999999999999977	0.0033333333333332624	0.018333333333333385	0.0016666666666666312	0.014999999999999977	28149878
2022-02-24	-0.01639344262295076	-0.003278688524590094	0.009836065573770574	-0.02131147540983605	-0.01639344262295076	27671852
2022-02-23	0.011608623548921955	0.0016583747927031154	0.014925373134328334	0.0	0.011608623548921955	17500675
2022-02-22	-0.014705882352941154	-0.003267973856209226	-0.0016339869281045403	-0.017973856209150377	-0.014705882352941154	19740591
2022-02-21	-0.003257328990227944	-0.004885993485341916	0.0016286644951141165	-0.006514657980456032	-0.003257328990227944	15745175
2022-02-18	0.0016313213703099162	-0.0016313213703099162	0.0048939641109298935	-0.00652528548123981	0.0016313213703099162	16534288
2022-02-17	-0.001628664495113972	0.0	0.0032573289902280886	-0.004885993485341916	-0.001628664495113972	14713359
2022-02-16	-0.0032467532467533216	0.004870129870129911	0.009740259740259676	-0.006493506493506499	-0.0032467532467533216	14356981
2022-02-15	0.001626016260162567	0.0	0.013008130081300823	-0.008130081300813123	0.001626016260162567	20171982
2022-02-14	-0.029968454258675	-0.0015772870662460231	-0.0015772870662460231	-0.034700315457413214	-0.029968454258675	23704016
2022-02-11	-0.010920436817472743	-0.003120124804992272	0.0015600624024960665	-0.01560062402496108	-0.010920436817472743	21235217
2022-02-10	0.009448818897637875	0.0	0.01574803149606308	-0.0031496062992125316	0.009448818897637875	25670309
2022-02-09	0.0143769968051118	0.003194888178913812	0.02236421725239626	-0.007987220447284317	0.0143769968051118	33631439
2022-02-08	0.02960526315789469	0.0032894736842104563	0.031249999999999917	-0.003289473684210602	0.02960526315789469	27397588
2022-02-07	0.023569023569023514	0.010101010101010034	0.025252525252525162	0.00673400673400674	0.023569023569023514	18450745
2022-01-28	-0.009999999999999934	0.0	0.006666666666666672	-0.011666666666666714	-0.009999999999999934	18991041
2022-01-27	-0.009900990099009837	-0.00330033003300323	0.0016501650165017616	-0.013201320132013068	-0.009900990099009837	23055472
2022-01-26	0.004975124378109347	0.0016583747927031154	0.011608623548921955	-0.004975124378109493	0.004975124378109347	17766876
2022-01-25	-0.02584814216478193	-0.004846526655896647	-0.0032310177705978126	-0.02907915993537974	-0.02584814216478193	21898348
2022-01-24	0.004870129870129911	0.0016233766233765888	0.006493506493506499	-0.012987012987012998	0.004870129870129911	25766126
2022-01-21	-0.003236245954692488	0.0	0.008090614886731507	-0.00647249190938512	-0.003236245954692488	20066369
2022-01-20	0.0032467532467531776	0.0	0.016233766233766177	-0.004870129870129911	0.0032467532467531776	27392894
2022-01-19	-0.008051529790660197	-0.006441223832528186	-0.0016103059581320108	-0.014492753623188383	-0.008051529790660197	21865783
2022-01-18	0.01305057096247962	0.0	0.019575856443719432	-0.0032626427406198324	0.01305057096247962	29059633
2022-01-17	-0.026984126984126975	-0.014285714285714263	-0.01269841269841271	-0.03015873015873008	-0.026984126984126975	32632527
2022-01-14	0.024390243902438935	0.0	0.024390243902438935	-0.00975609756097569	0.024390243902438935	28784179
2022-01-13	-0.0032414910858994447	0.0	0.01782820097244738	-0.009724473257698478	-0.0032414910858994447	37976601
2022-01-12	-0.0032310177705978126	0.0016155088852988345	0.003231017770597669	-0.009693053311793294	-0.0032310177705978126	26454397
2022-01-11	0.013093289689034381	0.0032733224222585224	0.022913256955810094	0.0	0.013093289689034381	23956950
2022-01-10	-0.014516129032258041	0.0	0.009677419354838646	-0.01774193548387102	-0.014516129032258041	31647744
2022-01-07	-0.006410256410256416	0.004807692307692205	0.008012820512820484	-0.006410256410256416	-0.006410256410256416	24448201
2022-01-06	-0.011093502377178986	-0.003169572107765384	0.003169572107765525	-0.017432646592709895	-0.011093502377178986	30767848
2022-01-05	-0.024729520865533254	-0.007727975270479108	-0.007727975270479108	-0.027820710973724842	-0.024729520865533254	38522520
2022-01-04	-0.018209408194233705	0.003034901365705685	0.004552352048558459	-0.02276176024279203	-0.018209408194233705	45485350
2021-12-31	0.034536891679748785	0.0	0.040816326530612214	-0.0031397174254317838	0.034536891679748785	55434439
2021-12-30	0.0063191153238546655	-0.003159557661927403	0.014218009478672963	-0.007898894154818297	0.0063191153238546655	27543501
2021-12-29	-0.0047169811320755105	0.0	0.004716981132075371	-0.014150943396226532	-0.0047169811320755105	37126915
2021-12-28	-0.02752293577981647	-0.0015290519877675516	0.0015290519877675516	-0.035168195718654496	-0.02752293577981647	50357232
2021-12-27	-0.019490254872563704	-0.0014992503748125618	0.020989505247376264	-0.025487256371814083	-0.019490254872563704	58794134
2021-12-24	-0.0133136094674556	-0.0014792899408283709	0.017751479289940846	-0.016272189349112343	-0.0133136094674556	43330936
2021-12-23	0.04320987654320978	0.0	0.046296296296296266	-0.012345679012345689	0.04320987654320978	57519785
2021-12-22	-0.006134969325153244	-0.003067484662576622	0.004601226993865069	-0.013803680981595071	-0.006134969325153244	33597094
2021-12-21	0.01085271317829448	-0.006201550387596904	0.017054263565891386	-0.01705426356589152	0.01085271317829448	50179706
2021-12-20	-0.055636896046852104	0.010248901903367538	0.014641288433382086	-0.061493411420204966	-0.055636896046852104	91203812
2021-12-17	0.013353115727002946	-0.005934718100890213	0.053412462908011785	-0.007418397626112733	0.013353115727002946	83197540
2021-12-16	0.008982035928143787	0.0014970059880240532	0.017964071856287442	-0.004491017964071761	0.008982035928143787	50557584
2021-12-15	0.010590015128592948	-0.004538577912254198	0.037821482602118	-0.02723146747352505	0.010590015128592948	79829659
2021-12-14	-0.011958146487294478	-0.007473841554559149	0.01046337817638257	-0.025411061285500868	-0.011958146487294478	63746234
2021-12-13	0.01057401812688826	0.006042296072507558	0.048338368580060465	-0.001510574018126856	0.01057401812688826	86831025
2021-12-10	0.012232415902140683	-0.0015290519877675516	0.03975535168195715	-0.009174311926605444	0.012232415902140683	85410996
2021-12-09	0.023474178403755926	-0.0015649452269170245	0.034428794992175375	-0.007824726134585262	0.023474178403755926	77250510
2021-12-08	-0.006220839813374812	-0.0015552099533436682	0.013996889580093291	-0.017107309486780627	-0.006220839813374812	61425552
2021-12-07	0.04045307443365696	0.0016181229773463877	0.04530744336569584	-0.009708737864077607	0.04045307443365696	72370498
2021-12-06	-0.019047619047619067	0.0015873015873015535	0.01587301587301596	-0.020634920634920617	-0.019047619047619067	62338094
2021-12-03	0.043046357615894	-0.0033112582781457717	0.05960264900662257	-0.006622516556291397	0.043046357615894	82157228
2021-12-02	-0.001652892561983436	-0.00661157024793389	0.009917355371900909	-0.00661157024793389	-0.001652892561983436	26766470
2021-12-01	0.008333333333333304	-0.0033333333333332624	0.009999999999999934	-0.009999999999999934	0.008333333333333304	40088741
2021-11-30	-0.006622516556291397	-0.0016556291390728123	0.01655629139072842	-0.01158940397350998	-0.006622516556291397	39113657
2021-11-29	0.006666666666666672	-0.006666666666666672	0.011666666666666714	-0.014999999999999977	0.006666666666666672	35452017
2021-11-26	-0.01800327332242231	-0.0049099836333879295	-0.0049099836333879295	-0.0245499181669395	-0.01800327332242231	39866400
2021-11-25	0.018333333333333385	0.0033333333333332624	0.0433333333333333	0.0016666666666666312	0.018333333333333385	82547925
2021-11-24	-0.01800327332242231	0.009819967266775713	0.009819967266775713	-0.021276595744680833	-0.01800327332242231	47331720
2021-11-23	0.014950166112956936	-0.003322259136212554	0.02325581395348847	-0.011627906976744087	0.014950166112956936	56400820
2021-11-22	-0.019543973941368097	-0.001628664495113972	0.008143322475570149	-0.027687296416938102	-0.019543973941368097	59633600
2021-11-19	0.02675585284280924	0.003344481605351099	0.033444816053511586	-0.010033444816053593	0.02675585284280924	49382435
2021-11-18	0.0016750418760470144	0.0016750418760470144	0.015075376884422087	-0.010050251256281341	0.0016750418760470144	37187029
2021-11-17	-0.024509803921568686	0.0	0.0	-0.027777777777777766	-0.024509803921568686	52829496
2021-11-16	0.025125628140703578	0.0	0.033500837520938055	-0.005025125628140597	0.025125628140703578	77139925
2021-11-15	-0.003338898163606087	0.0	0.0016694490818029693	-0.015025041736227021	-0.003338898163606087	40727852
2021-11-12	-0.011551155115511452	-0.001650165016501615	0.009900990099009984	-0.016501650165016445	-0.011551155115511452	49531999
2021-11-11	-0.01941747572815536	-0.001618122977346244	0.0	-0.030744336569579207	-0.01941747572815536	65106078
2021-11-10	-0.008025682182985668	-0.001605136436597219	0.0	-0.03852327447833069	-0.008025682182985668	67205118
2021-11-09	-0.0016025641025640682	0.012820512820512832	0.03044871794871787	-0.012820512820512832	-0.0016025641025640682	40225979
2021-11-08	-0.018867924528301903	0.0031446540880502474	0.009433962264150882	-0.02201257861635229	-0.018867924528301903	34556925
2021-11-05	-0.033434650455927015	-0.0060790273556231055	-0.0030395136778116204	-0.045592705167173224	-0.033434650455927015	73395623
2021-11-04	-0.007541478129713397	-0.0030165912518853055	0.0060331825037707445	-0.02262443438914019	-0.007541478129713397	43073986
2021-11-03	0.029503105590062032	0.0	0.057453416149068195	-0.0015527950310560052	0.029503105590062032	65681278
2021-11-02	-0.05154639175257727	-0.0014727540500736062	0.0029455081001472125	-0.055964653902798214	-0.05154639175257727	73218400
2021-11-01	0.0	-0.007363770250368162	0.020618556701030882	-0.01620029455081006	0.0	58930297
2021-10-29	-0.031383737517831634	-0.008559201141226764	-0.0042796005706133185	-0.06990014265335238	-0.031383737517831634	106600166
2021-10-28	-0.04103967168262652	-0.008207934336525256	-0.008207934336525256	-0.05335157318741446	-0.04103967168262652	77002967
2021-10-27	0.05483405483405482	0.004329004329004365	0.07647907647907652	-0.011544011544011554	0.05483405483405482	87566540
2021-10-26	0.011678832116788333	0.0	0.04671532846715333	-0.004379562043795527	0.011678832116788333	49258830
2021-10-25	0.008836524300441769	0.0	0.023564064801178224	-0.0029455081001473434	0.008836524300441769	39331331
2021-10-22	-0.021613832853025986	-0.0014409221902018264	0.007204610951008619	-0.028818443804034605	-0.021613832853025986	43755658
2021-10-21	-0.015602836879432544	-0.011347517730496465	0.01560283687943267	-0.031205673758865213	-0.015602836879432544	58896993
2021-10-20	0.04754829123328371	-0.0074294205052007	0.06240713224368498	-0.014858841010401268	0.04754829123328371	72752115
2021-10-19	0.008995502248875636	0.0	0.01649175412293858	-0.019490254872563704	0.008995502248875636	49515430
2021-10-18	0.04218749999999993	0.0062500000000000056	0.07343749999999996	-0.0015625000000001055	0.04218749999999993	95746113
2021-10-15	-0.018404907975460003	-0.007668711656441691	0.0061349693251533804	-0.03374233128834352	-0.018404907975460003	79748188
2021-10-14	-0.018072289156626523	-0.006024096385542174	0.0045180722891566645	-0.03313253012048189	-0.018072289156626523	51027526
2021-10-13	-0.027818448023426118	-0.008784773060029356	-0.0029282576866764953	-0.04099560761347002	-0.027818448023426118	83025969
2021-10-12	-0.06438356164383559	-0.020547945205479378	-0.0013698630136986009	-0.08904109589041088	-0.06438356164383559	137964573
2021-10-11	-0.05071521456436938	0.0026007802340701656	0.013003901170351058	-0.07932379713914178	-0.05071521456436938	126322509
2021-10-08	-0.09953161592505841	0.024590163934426333	0.03395784543325538	-0.09953161592505841	-0.09953161592505841	120447813
2021-09-30	0.1005154639175257	0.003865979381443331	0.1005154639175257	-0.0038659793814432167	0.1005154639175257	131083700
2021-09-29	-0.008939974457215873	-0.02554278416347384	0.03703703703703693	-0.0498084291187739	-0.008939974457215873	142802392
2021-09-28	0.0997191011235955	0.0	0.0997191011235955	-0.001404494382022442	0.0997191011235955	157826791
2021-09-27	-0.03913630229419703	0.022941970310391354	0.032388663967611364	-0.053981106612685605	-0.03913630229419703	118024564
2021-09-24	-0.04999999999999996	0.0012820512820512547	0.007692307692307756	-0.057692307692307716	-0.04999999999999996	113022463
2021-09-23	-0.01886792452830193	0.01635220125786162	0.055345911949685585	-0.030188679245283043	-0.01886792452830193	178332443
2021-09-22	0.09958506224066387	0.016597510373443876	0.09958506224066387	0.011065006915629208	0.09958506224066387	123397276
2021-09-17	0.08558558558558563	-0.0030030030030030724	0.09609609609609604	-0.004504504504504542	0.08558558558558563	162092284
2021-09-16	0.003012048192771154	0.0	0.036144578313253045	-0.006024096385542174	0.003012048192771154	70175513
2021-09-15	-0.016296296296296343	-0.008888888888888832	0.010370370370370412	-0.022222222222222275	-0.016296296296296343	63557680
2021-09-14	0.005961251862891212	0.0	0.04918032786885247	-0.020864381520119178	0.005961251862891212	113147532
2021-09-13	0.00599700149925038	-0.008995502248875504	0.010494752623688198	-0.025487256371814083	0.00599700149925038	47115592
2021-09-10	-0.02769679300291551	0.0029154518950436693	0.014577259475218606	-0.04373177842565608	-0.02769679300291551	82707199
2021-09-09	-0.010101010101010015	-0.004329004329004237	0.007215007215007318	-0.03607503607503608	-0.010101010101010015	156103473
2021-09-08	0.09999999999999999	0.011111111111111157	0.09999999999999999	0.011111111111111157	0.09999999999999999	133449381
2021-09-07	0.011235955056179678	0.011235955056179678	0.02568218298555365	-0.016051364365971193	0.011235955056179678	79999627
2021-09-06	0.040066777963272154	0.0033388981636059386	0.048414023372287146	0.0016694490818029693	0.040066777963272154	76279661
2021-09-03	-0.006633499170812609	-0.004975124378109493	0.049751243781094495	-0.014925373134328334	-0.006633499170812609	93993019
2021-09-02	0.018581081081081134	0.0	0.027027027027027053	-0.006756756756756763	0.018581081081081134	74698432
2021-09-01	0.022452504317789272	0.0034542314335059715	0.02936096718480137	-0.0017271157167529857	0.022452504317789272	55458272
2021-08-31	0.0	0.0	0.012089810017271206	-0.018998272884283303	0.0	30842608
2021-08-30	0.012237762237762288	0.005244755244755288	0.02272727272727271	0.0	0.012237762237762288	29550782
2021-08-27	0.0	0.0017482517482518664	0.019230769230769287	-0.012237762237762132	0.0	26173445
2021-08-26	-0.001745200698080397	-0.00872600349040152	0.008726003490401365	-0.01570680628272264	-0.001745200698080397	28768255
2021-08-25	0.01058201058201067	-0.0070546737213403946	0.021164021164021184	-0.017636684303350907	0.01058201058201067	43310279
2021-08-24	0.042279411764705795	0.0	0.05698529411764698	-0.001838235294117771	0.042279411764705795	60568801
2021-08-23	0.0018416206261511372	0.0	0.011049723756906169	-0.007366482504604059	0.0018416206261511372	34292208
2021-08-20	-0.00549450549450554	0.0018315018315017925	0.0018315018315017925	-0.012820512820512872	-0.00549450549450554	27163651
2021-08-19	0.0036764705882352156	-0.0036764705882353786	0.014705882352941025	-0.005514705882352987	0.0036764705882352156	21046369
2021-08-18	0.0018416206261511372	0.0	0.005524861878453084	-0.014732965009208118	0.0018416206261511372	27595061
2021-08-17	-0.019855595667870093	0.0036101083032490204	0.010830324909747223	-0.021660649819494605	-0.019855595667870093	28283114
2021-08-16	-0.003597122302158197	-0.005395683453237296	0.0053956834532374555	-0.007194244604316554	-0.003597122302158197	15638947
2021-08-13	-0.0035842293906810864	-0.0017921146953404636	0.007168458781362013	-0.014336917562724026	-0.0035842293906810864	20985802
2021-08-12	-0.0053475935828877445	-0.0017825311942960204	0.012477718360071192	-0.010695187165775489	-0.0053475935828877445	26560523
2021-08-11	0.012635379061371892	-0.0018050541516245102	0.018050541516245425	-0.003610108303249181	0.012635379061371892	31175120
2021-08-10	0.0054446460980036755	0.0	0.007259528130671513	-0.014519056261343026	0.0054446460980036755	26513833
2021-08-09	-0.007207207207207214	0.0	0.003603603603603687	-0.014414414414414429	-0.007207207207207214	30293334
2021-08-06	0.005434782608695698	0.001811594202898673	0.01630434782608709	-0.005434782608695537	0.005434782608695698	25598344
2021-08-05	-0.007194244604316554	0.003597122302158357	0.007194244604316554	-0.014388489208632947	-0.007194244604316554	27528295
2021-08-04	0.04905660377358487	-0.0018867924528301486	0.060377358490566094	-0.00943396226415091	0.04905660377358487	65914543
2021-08-03	0.0	-0.007547169811320762	0.005660377358490613	-0.00943396226415091	0.0	25897474
2021-08-02	0.015325670498084306	-0.007662835249042153	0.022988505747126457	-0.028735632183907945	0.015325670498084306	41610402
2021-07-30	0.0	0.01340996168582381	0.04214559386973193	-0.0038314176245209915	0.0	62285513
2021-07-29	-0.0019120458891014674	0.0019120458891012976	0.005736137667303892	-0.011472275334608125	-0.0019120458891014674	27602564
2021-07-28	0.021484375000000062	0.0019531249999999584	0.03125000000000003	-0.013671875000000056	0.021484375000000062	37036122
2021-07-27	-0.0038910505836575048	0.003891050583657678	0.0252918287937743	-0.007782101167315182	-0.0038910505836575048	36829734
2021-07-26	0.015810276679841914	0.0	0.02964426877470363	-0.007905138339920957	0.015810276679841914	38836467
2021-07-23	-0.03802281368821296	0.001901140684410606	0.001901140684410606	-0.05133079847908737	-0.03802281368821296	64228803
2021-07-22	0.0019047619047618642	0.0019047619047618642	0.013333333333333388	-0.005714285714285762	0.0019047619047618642	21506930
2021-07-21	-0.015009380863039413	0.0	0.005628517823639822	-0.020637898686679233	-0.015009380863039413	29850273
2021-07-20	-0.0018726591760299227	-0.0037453183520598453	0.007490636704119857	-0.007490636704119857	-0.0018726591760299227	14805835
2021-07-19	-0.01838235294117657	0.01102941176470581	0.014705882352941025	-0.029411764705882377	-0.01838235294117657	41992714
2021-07-16	-0.04056437389770715	-0.0017636684303350594	0.0070546737213403946	-0.04232804232804237	-0.04056437389770715	53253624
2021-07-15	0.003539823008849482	0.003539823008849482	0.005309734513274223	-0.01592920353982314	0.003539823008849482	21315611
2021-07-14	-0.012237762237762132	-0.001748251748251711	0.01573426573426571	-0.020979020979020997	-0.012237762237762132	25629682
2021-07-13	0.0196078431372548	-0.0035650623885918825	0.0196078431372548	-0.010695187165775489	0.0196078431372548	26287516
2021-07-12	0.007181328545780976	0.001795332136445204	0.012567324955116588	-0.010771992818671543	0.007181328545780976	23763281
2021-07-09	-0.003577817531305827	-0.003577817531305827	0.0017889087656529135	-0.02146690518783544	-0.003577817531305827	25494896
2021-07-08	0.014519056261343026	0.0054446460980036755	0.03085299455535389	0.001814882032667838	0.014519056261343026	29311846
2021-07-07	-0.02131438721136769	0.003552397868561361	0.005328596802841963	-0.028419182948490256	-0.02131438721136769	27567021
2021-07-06	0.0035650623885917243	-0.0017825311942960204	0.016042780748663076	-0.0053475935828877445	0.0035650623885917243	21541543
2021-07-05	-0.014059753954305811	0.0035149384885763747	0.015817223198593997	-0.024604569420035246	-0.014059753954305811	29206638
2021-07-02	-0.018965517241379213	-0.001724137931034446	0.0034482758620690453	-0.03448275862068969	-0.018965517241379213	36130345
2021-07-01	0.0017271157167529857	0.012089810017271206	0.02417962003454226	-0.0034542314335061245	0.0017271157167529857	20174860
2021-06-30	-0.01025641025641019	-0.003418803418803346	0.0	-0.017094017094017033	-0.01025641025641019	21302223
2021-06-29	-0.03624382207578264	0.0	0.0	-0.0395387149917628	-0.03624382207578264	36972367
2021-06-28	0.06491228070175441	0.019298245614034988	0.07017543859649113	0.019298245614034988	0.06491228070175441	66241276
2021-06-25	-0.015544041450777177	-0.0034542314335061245	0.0017271157167529857	-0.018998272884283303	-0.015544041450777177	21053346
2021-06-24	-0.006861063464837056	-0.0017152658662092258	0.012006861063464885	-0.01029159519725566	-0.006861063464837056	19530280
2021-06-23	0.012152777777777828	0.006944444444444451	0.02604166666666673	0.0	0.012152777777777828	23264905
2021-06-22	-0.0017331022530328922	-0.0034662045060657844	0.00866551126516477	-0.020797227036395013	-0.0017331022530328922	30797714
2021-06-21	0.05677655677655671	0.00549450549450554	0.0787545787545787	-0.0018315018315017925	0.05677655677655671	46954903
2021-06-18	-0.05536332179930801	-0.027681660899654004	-0.02249134948096884	-0.05882352941176468	-0.05536332179930801	32529655
2021-06-17	-0.008576329331046281	-0.006861063464837056	0.017152658662092563	-0.012006861063464885	-0.008576329331046281	24540641
2021-06-16	-0.0017123287671232511	-0.006849315068493157	0.008561643835616408	-0.023972602739725974	-0.0017123287671232511	34417602
2021-06-15	0.012131715771230553	0.0	0.025996533795494	-0.012131715771230399	0.012131715771230553	43533325
2021-06-11	0.03220035778175308	0.0053667262969589	0.04651162790697671	0.0017889087656529135	0.03220035778175308	46381905
2021-06-10	-0.01061946902654876	0.001769911504424741	0.003539823008849482	-0.014159292035398242	-0.01061946902654876	24927844
2021-06-09	0.038602941176470576	0.0	0.042279411764705795	-0.0036764705882353786	0.038602941176470576	61305431
2021-06-08	0.0018416206261511372	0.0018416206261511372	0.009208103130755195	-0.007366482504604059	0.0018416206261511372	19377200
2021-06-07	0.005555555555555437	0.0018518518518518122	0.007407407407407414	-0.012962962962963015	0.005555555555555437	19516136
2021-06-04	-0.01279707495429605	0.0	0.0018281535648995751	-0.02193784277879344	-0.01279707495429605	26271954
2021-06-03	-0.007259528130671513	0.0	0.007259528130671513	-0.012704174228675027	-0.007259528130671513	18275587
2021-06-02	0.007312614259597813	-0.007312614259597813	0.012797074954296214	-0.009140767824497225	0.007312614259597813	25966324
2021-06-01	0.0	-0.005484460694698238	0.0054844606946984	-0.010968921389396638	0.0	27023312
2021-05-31	0.014842300556586285	0.0037105751391466536	0.01855287569573294	-0.025974025974025917	0.014842300556586285	51294369
2021-05-28	-0.03231597845601447	0.0	0.0	-0.03770197486535008	-0.03231597845601447	41008659
2021-05-27	0.0017985611510792582	-0.005395683453237296	0.0017985611510792582	-0.010791366906474751	0.0017985611510792582	25920771
2021-05-26	0.0018018018018017634	0.0	0.010810810810810902	-0.018018018018017955	0.0018018018018017634	34271664
2021-05-25	0.0018050541516245102	-0.010830324909747223	0.005415162454873691	-0.023465703971119113	0.0018050541516245102	35351604
2021-05-24	0.0018083182640144279	0.010849909584086728	0.032549728752260344	-0.0018083182640145886	0.0018083182640144279	48441435
2021-05-21	0.0054545454545455	0.0	0.016363636363636337	-0.027272727272727337	0.0054545454545455	51863913
2021-05-20	-0.014336917562724026	-0.0017921146953404636	0.0	-0.017921146953404955	-0.014336917562724026	29731141
2021-05-19	-0.0017889087656529135	-0.0017889087656529135	0.0035778175313059862	-0.01967799642218237	-0.0017889087656529135	34017103
2021-05-18	-0.019298245614035144	0.0017543859649122432	0.0035087719298244864	-0.028070175438596516	-0.019298245614035144	33087723
2021-05-17	-0.001751313485113798	-0.001751313485113798	0.008756567425569146	-0.012259194395796898	-0.001751313485113798	22882370
2021-05-14	0.0052816901408451146	-0.0017605633802816527	0.012323943661971882	-0.010563380281690073	0.0052816901408451146	24984716
2021-05-13	-0.03565365025466893	-0.011884550084889542	-0.005093378607809739	-0.04753820033955847	-0.03565365025466893	33606301
2021-05-12	-0.015050167224080391	-0.001672240802675698	0.0	-0.03846153846153853	-0.015050167224080391	38581440
2021-05-11	-0.00993377483443702	0.0016556291390728123	0.01655629139072842	-0.014900662251655606	-0.00993377483443702	40482059
2021-05-10	0.04137931034482763	-0.003448275862068892	0.05689655172413795	-0.003448275862068892	0.04137931034482763	46697218
2021-05-07	0.0017271157167529857	-0.00518134715025911	0.018998272884283303	-0.010362694300518067	0.0017271157167529857	30911276
2021-05-06	-0.011945392491467624	-0.006825938566552906	0.006825938566552906	-0.01877133105802053	-0.011945392491467624	27034286
2021-04-30	-0.01346801346801348	-0.00673400673400674	0.0016835016835016474	-0.01851851851851857	-0.01346801346801348	28007967
2021-04-29	-0.006688963210702346	-0.006688963210702346	0.0	-0.028428093645485084	-0.006688963210702346	36873097
2021-04-28	0.06216696269982248	-0.0017761989342806016	0.09769094138543515	-0.007104795737122564	0.06216696269982248	79162898
2021-04-27	0.0180831826401446	-0.0036166365280290162	0.0271247739602169	-0.0036166365280290162	0.0180831826401446	49281340
2021-04-26	-0.029824561403508757	-0.01052631578947377	-0.005263157894736885	-0.03157894736842116	-0.029824561403508757	53772842
2021-04-23	-0.04999999999999997	-0.02500000000000006	-0.02333333333333328	-0.0866666666666666	-0.04999999999999997	118654211
2021-04-22	0.02040816326530614	0.003401360544217766	0.030612244897959134	-0.015306122448979567	0.02040816326530614	53283986
2021-04-21	-0.0033898305084746542	-0.00847457627118656	0.0033898305084745037	-0.027118644067796634	-0.0033898305084746542	46374683
2021-04-20	-0.005059021922428223	-0.008431703204047188	0.008431703204047339	-0.020236087689713342	-0.005059021922428223	54981041
2021-04-19	0.0	0.0	0.011804384485666152	-0.008431703204047188	0.0	51936258
2021-04-16	-0.014950166112956789	0.004983388704318978	0.014950166112956936	-0.026578073089700876	-0.014950166112956789	82560464
2021-04-15	-0.02431118314424641	0.0016207455429497223	0.012965964343598067	-0.025931928687196133	-0.02431118314424641	57223157
2021-04-14	-0.004838709677419395	0.0	0.025806451612903247	-0.014516129032258041	-0.004838709677419395	85477544
2021-04-13	-0.022082018927444744	0.026813880126182955	0.04889589905362784	-0.023659305993690767	-0.022082018927444744	158862888
2021-04-12	0.10069444444444446	0.005208333333333376	0.10069444444444446	-0.0034722222222221483	0.10069444444444446	99425604
2021-04-09	0.006993006993007	-0.005244755244755133	0.034965034965034995	-0.013986013986014	0.006993006993007	70611775
2021-04-08	0.001751313485113798	-0.0052539404553415495	0.007005253940455348	-0.02802101576182139	0.001751313485113798	57597231
2021-04-07	0.016014234875444813	0.0035587188612098883	0.030249110320284683	-0.0035587188612100466	0.016014234875444813	71047424
2021-04-06	0.0199637023593467	0.0	0.038112522686025406	-0.005444646098003514	0.0199637023593467	52713754
2021-04-02	-0.016071428571428546	-0.00714285714285715	0.00714285714285715	-0.02857142857142844	-0.016071428571428546	76274726
2021-04-01	-0.03281519861830749	-0.010362694300518067	0.018998272884283303	-0.04835924006908467	-0.03281519861830749	97777616
2021-03-31	0.024778761061946843	-0.008849557522124019	0.058407079646017705	-0.030088495575221225	0.024778761061946843	126383163
2021-03-30	0.014362657091561952	-0.0035906642728905673	0.03411131059245951	-0.028725314183123903	0.014362657091561952	88989046
2021-03-29	0.01272727272727278	0.0054545454545455	0.04909090909090901	0.0054545454545455	0.01272727272727278	109097073
2021-03-26	0.014760147601476028	-0.005535055350553551	0.040590405904059	-0.005535055350553551	0.014760147601476028	85933238
2021-03-25	-0.012750455373406244	-0.01821493624772323	-0.005464480874316985	-0.061930783242258626	-0.012750455373406244	89398567
2021-03-24	0.00549450549450554	-0.014652014652014666	0.020146520146520207	-0.03296703296703291	0.00549450549450554	87855378
2021-03-23	-0.061855670103092834	-0.012027491408934755	-0.012027491408934755	-0.07216494845360823	-0.061855670103092834	122181324
2021-03-22	0.041144901610017964	0.01610017889087654	0.06440071556350632	0.007155635062611813	0.041144901610017964	167738708
2021-03-19	0.014519056261343026	-0.016333938294010864	0.04718693284936475	-0.029038112522686052	0.014519056261343026	163607288
2021-03-18	0.014732965009208118	-0.009208103130755032	0.07550644567219156	-0.011049723756906006	0.014732965009208118	137656632
2021-03-17	-0.01808318264014476	-0.019891500904159188	-0.01084990958408689	-0.0705244122965643	-0.01808318264014476	138400763
2021-03-16	-0.007181328545780976	-0.017953321364452518	0.016157989228007156	-0.03770197486535008	-0.007181328545780976	134778757
2021-03-15	-0.017636684303350907	0.03350970017636691	0.07054673721340395	-0.05820105820105821	-0.017636684303350907	265521862
2021-03-12	0.10097087378640768	-0.0019417475728156649	0.10097087378640768	-0.009708737864077808	0.10097087378640768	183921702
2021-03-11	0.10042735042735057	0.004273504273504373	0.10042735042735057	0.002136752136752281	0.10042735042735057	141999023
2021-03-10	0.012987012987012903	0.002164502164502118	0.021645021645021568	-0.006493506493506547	0.012987012987012903	50206096
2021-03-09	0.0	-0.006493506493506547	0.021645021645021568	-0.006493506493506547	0.0	48636772
2021-03-08	0.031249999999999927	0.0	0.037946428571428555	-0.0022321428571430075	0.031249999999999927	49216239
2021-03-05	-0.015384615384615252	-0.004395604395604302	0.002197802197802151	-0.026373626373626398	-0.015384615384615252	31572669
2021-03-04	0.008869179600886927	0.0022172949002216822	0.01552106430155217	-0.006651884700665047	0.008869179600886927	32929971
2021-03-03	0.0	-0.0044345898004433644	0.0022172949002216822	-0.008869179600886927	0.0	14009118
2021-03-02	0.01805869074492101	0.0022573363431152766	0.020316027088036086	0.0	0.01805869074492101	23649127
2021-03-01	-0.008948545861297548	0.002237136465324536	0.0044742729306488736	-0.011185682326621885	-0.008948545861297548	24759192
2021-02-26	-0.011061946902654829	-0.004424778761061853	0.0	-0.019911504424778733	-0.011061946902654829	30558552
2021-02-25	-0.0022075055187639457	0.004415011037527499	0.011037527593818946	-0.006622516556291445	-0.0022075055187639457	26176500
2021-02-24	-0.01948051948051945	0.0	0.006493506493506547	-0.02164502164502176	-0.01948051948051945	37908273
2021-02-23	-0.012820512820512739	-0.006410256410256274	0.008547008547008555	-0.01709401709401711	-0.012820512820512739	35272807
2021-02-22	0.002141327623126293	0.004282655246252776	0.023554603854389792	-0.010706638115631655	0.002141327623126293	53366130
2021-02-19	0.028634361233480152	0.0	0.030837004405286274	-0.004405286343612437	0.028634361233480152	40208118
2021-02-18	-0.010893246187363797	0.008714596949891075	0.010893246187363797	-0.01525054466230943	-0.010893246187363797	36556115
2021-02-10	0.043181818181818064	0.006818181818181672	0.04545454545454529	0.002272727272727224	0.043181818181818064	44741081
2021-02-09	-0.020044543429844065	-0.0022271714922048524	0.0	-0.022271714922049116	-0.020044543429844065	40124509
2021-02-08	-0.015350877192982325	-0.0021929824561403044	0.01535087719298252	-0.01973684210526313	-0.015350877192982325	36670183
2021-02-05	0.017857142857142672	-0.0022321428571430075	0.02232142857142849	-0.0022321428571430075	0.017857142857142672	43833328
2021-02-04	-0.00444444444444435	0.0	0.002222222222222175	-0.017777777777777795	-0.00444444444444435	25778650
2021-02-03	0.0	-0.002222222222222175	0.011111111111111072	-0.00444444444444435	0.0	19905558
2021-02-02	0.0022271714922048524	0.006681514476614556	0.011135857461024459	-0.008908685968819607	0.0022271714922048524	28054823
2021-02-01	0.006726457399103195	-0.0022421524663676653	0.00896860986547086	-0.011210762331838525	0.006726457399103195	29096260
2021-01-29	-0.006681514476614754	-0.004454342984409903	0.004454342984409705	-0.020044543429844065	-0.006681514476614754	27987945
2021-01-28	0.015837104072398255	-0.006787330316742138	0.02714932126696835	-0.009049773755656116	0.015837104072398255	51837318
2021-01-27	0.013761467889908166	-0.0022935779816515307	0.01605504587155949	-0.0045871559633028575	0.013761467889908166	25987851
2021-01-26	0.009259259259259267	-0.002314814814814971	0.009259259259259267	-0.002314814814814971	0.009259259259259267	18724503
2021-01-25	-0.013698630136986212	-0.0022831050228310015	0.0	-0.02054794520547942	-0.013698630136986212	28935571
2021-01-22	0.002288329519450752	0.0	0.009153318077803212	-0.009153318077803212	0.002288329519450752	27800677
2021-01-21	0.016279069767441926	-0.0023255813953487877	0.018604651162790715	-0.0046511627906975755	0.016279069767441926	29061056
2021-01-20	-0.004629629629629736	0.0023148148148147652	0.0046296296296295305	-0.011574074074074238	-0.004629629629629736	16138269
2021-01-19	0.009345794392523372	0.002336448598130791	0.014018691588784955	-0.007009345794392581	0.009345794392523372	16758944
2021-01-18	-0.016091954022988367	0.0	0.006896551724137989	-0.018390804597701167	-0.016091954022988367	23497095
2021-01-15	0.011627906976744146	0.0023255813953487877	0.025581395348837285	-0.00697674418604657	0.011627906976744146	34490299
2021-01-14	0.002331002331002281	0.0	0.009324009324009333	-0.009324009324009333	0.002331002331002281	22039990
2021-01-13	0.00941176470588236	0.002352941176470538	0.021176470588235262	-0.002352941176470538	0.00941176470588236	32650847
2021-01-12	-0.01620370370370377	0.0023148148148147652	0.0023148148148147652	-0.025462962962963034	-0.01620370370370377	52867355
2021-01-11	-0.011441647597253964	0.002288329519450752	0.009153318077803212	-0.01372997711670492	-0.011441647597253964	29588012
2021-01-08	-0.009070294784580506	-0.002267573696145076	0.00680272108843543	-0.01360544217687086	-0.009070294784580506	24247799
2021-01-07	-0.013422818791946222	-0.006711409395973012	0.002237136465324536	-0.02237136465324377	-0.013422818791946222	33605177
2021-01-06	0.025229357798165004	0.0	0.025229357798165004	-0.0045871559633028575	0.025229357798165004	39245365
