2024-12-31	-0.013677811550151953	0.0015197568389057428	0.007598784194528849	-0.015197568389057697	-0.013677811550151953	43675082
2024-12-30	-0.012012012012012022	-0.012012012012012022	0.012012012012012022	-0.024024024024024045	-0.012012012012012022	63604511
2024-12-27	0.021472392638036897	0.0	0.027607361963190278	-0.003067484662576622	0.021472392638036897	59429843
2024-12-26	-0.015105740181268963	-0.006042296072507558	0.003021148036253712	-0.01963746223564953	-0.015105740181268963	41776105
2024-12-25	-0.029325513196480964	-0.02052785923753674	-0.01026392961876837	-0.05865102639296193	-0.029325513196480964	78422310
2024-12-24	0.007385524372230534	-0.0029542097488921087	0.011816838995568697	-0.007385524372230403	0.007385524372230534	34919501
2024-12-23	0.014992503748125883	0.0029985007496252567	0.03448275862068972	0.0	0.014992503748125883	55609860
2024-12-20	-0.019117647058823514	0.0029411764705883033	0.008823529411764779	-0.02499999999999999	-0.019117647058823514	51931036
2024-12-19	0.0014727540500736062	-0.005891016200294556	0.010309278350515505	-0.026509572901325437	0.0014727540500736062	66219325
2024-12-18	-0.0014705882352940864	0.004411764705882389	0.01764705882352943	-0.011764705882352951	-0.0014705882352940864	42415031
2024-12-17	-0.0014684287812040803	-0.0029368575624081606	0.011747430249632904	-0.013215859030836984	-0.0014684287812040803	49082170
2024-12-16	-0.047552447552447655	-0.002797202797202862	0.0041958041958041065	-0.05314685314685325	-0.047552447552447655	79184528
2024-12-13	-0.005563282336578586	0.002781641168289231	0.008344923504867817	-0.013908205841446527	-0.005563282336578586	61598062
2024-12-12	-0.011004126547455185	0.00412654745529577	0.013755158184319194	-0.016506189821182838	-0.011004126547455185	75217523
2024-12-11	0.00414364640883969	-0.0013812154696132301	0.009668508287292734	-0.01795580110497236	0.00414364640883969	90021525
2024-12-10	0.014005602240896434	0.022408963585434195	0.04901960784313733	0.008403361344537886	0.014005602240896434	174055017
2024-12-09	0.024390243902439015	-0.0028694404591104125	0.04017216642754667	-0.008608321377331364	0.024390243902439015	112257408
2024-12-06	0.049698795180722906	0.0045180722891566645	0.05120481927710855	-0.0015060240963855102	0.049698795180722906	128548444
2024-12-05	0.026275115919629048	-0.001545595054095794	0.027820710973724978	-0.004636785162287382	0.026275115919629048	59331234
2024-12-04	-0.016717325227963573	-0.0030395136778116204	-0.0015197568389057428	-0.02279635258358668	-0.016717325227963573	52247917
2024-12-03	-0.009036144578313195	0.0	0.006024096385542174	-0.012048192771084348	-0.009036144578313195	49267628
2024-12-02	-0.017751479289940846	-0.007396449704141985	0.007396449704141985	-0.03698224852071006	-0.017751479289940846	86790997
2024-11-29	-0.0044182621502209495	0.0	0.0029455081001472125	-0.023564064801178224	-0.0044182621502209495	83039960
2024-11-28	0.0014749262536872842	-0.0029498525073746993	0.029498525073746337	-0.016224188790560517	0.0014749262536872842	90297584
2024-11-27	0.03353658536585376	0.0060975609756097615	0.041158536585365925	-0.012195121951219388	0.03353658536585376	140767728
2024-11-26	0.013910355486862421	0.0015455950540959314	0.06491499227202473	-0.001545595054095794	0.013910355486862421	124880090
2024-11-25	-0.016717325227963573	-0.004559270516717363	0.021276595744680802	-0.02279635258358668	-0.016717325227963573	97797727
2024-11-22	0.021739130434782556	0.0	0.037267080745341505	-0.00931677018633548	0.021739130434782556	141210856
2024-11-21	-0.0015503875968991916	-0.0015503875968991916	0.007751937984496096	-0.013953488372093	-0.0015503875968991916	40657356
2024-11-20	0.01574803149606308	-0.004724409448818797	0.023622047244094547	-0.004724409448818797	0.01574803149606308	86468823
2024-11-19	0.004746835443037873	0.0	0.020569620253164538	-0.011075949367088653	0.004746835443037873	75735416
2024-11-18	0.009584664536741293	-0.0031948881789136702	0.023961661341853093	-0.006389776357827482	0.009584664536741293	97085464
2024-11-15	0.034710743801652885	0.0	0.049586776859504106	-0.001652892561983436	0.034710743801652885	138507881
2024-11-14	-0.011437908496732072	-0.003267973856209226	0.004901960784313766	-0.013071895424836612	-0.011437908496732072	61619864
2024-11-13	0.0	-0.0016339869281045403	0.004901960784313766	-0.006535947712418306	0.0	46963941
2024-11-12	-0.004878048780487845	0.0	0.013008130081300823	-0.00975609756097569	-0.004878048780487845	66266752
2024-11-11	-0.023809523809523725	-0.003174603174603107	-0.0015873015873015535	-0.03492063492063488	-0.023809523809523725	102073598
2024-11-08	-0.010989010989011033	0.004709576138147605	0.009419152276295072	-0.021978021978021928	-0.010989010989011033	90860566
2024-11-07	0.024115755627009704	-0.0032154340836012176	0.024115755627009704	-0.009646302250803797	0.024115755627009704	105869664
2024-11-06	-0.0048000000000000395	0.0	0.0048000000000000395	-0.009599999999999937	-0.0048000000000000395	60379564
2024-11-05	0.008064516129032228	-0.004838709677419395	0.009677419354838646	-0.011290322580645207	0.008064516129032228	60858246
2024-11-04	0.016393442622950907	-0.001639344262295047	0.016393442622950907	-0.003278688524590094	0.016393442622950907	66959240
2024-11-01	-0.009740259740259822	-0.0032467532467533216	-0.0032467532467533216	-0.025974025974025997	-0.009740259740259822	74994248
2024-10-31	0.018181818181818236	0.0	0.02314049586776869	-0.004958677685950454	0.018181818181818236	121464646
2024-10-30	0.010016694490817964	0.0016694490818029693	0.026711185308848102	-0.0016694490818029693	0.010016694490817964	101402151
2024-10-29	-0.0016666666666666312	0.006666666666666672	0.016666666666666607	-0.008333333333333304	-0.0016666666666666312	122374956
2024-10-28	0.02040816326530614	0.003401360544217766	0.028911564625850327	-0.0017006802721088073	0.02040816326530614	106649027
2024-10-25	-0.0050761421319797375	0.001692047377326529	0.008460236886632796	-0.006768189509306266	-0.0050761421319797375	64640749
2024-10-24	-0.02314049586776854	-0.00661157024793389	0.004958677685950454	-0.02644628099173556	-0.02314049586776854	64660149
2024-10-23	0.02716468590831921	0.0016977928692700638	0.0322580645161291	-0.003395585738539826	0.02716468590831921	136994502
2024-10-22	0.0017006802721088073	-0.00680272108843538	0.0017006802721088073	-0.008503401360544187	0.0017006802721088073	38983930
2024-10-21	0.0034129692832763777	0.0	0.027303754266211476	-0.006825938566552906	0.0034129692832763777	64489334
2024-10-18	0.010344827586206983	-0.006896551724137937	0.018965517241379366	-0.012068965517241275	0.010344827586206983	78872834
2024-10-17	-0.0017211703958691545	0.0017211703958693073	0.0068846815834767705	-0.01032702237521508	-0.0017211703958691545	64236659
2024-10-16	0.008680555555555525	-0.0034722222222221483	0.01909722222222228	-0.010416666666666598	0.008680555555555525	52761812
2024-10-15	-0.0034602076124568273	-0.0034602076124568273	0.012110726643598512	-0.012110726643598664	-0.0034602076124568273	64303040
2024-10-14	-0.003448275862068892	0.0	0.0034482758620690453	-0.020689655172413814	-0.003448275862068892	67895614
2024-10-11	-0.03333333333333336	-0.006666666666666672	-0.006666666666666672	-0.040000000000000036	-0.03333333333333336	100580740
2024-10-10	0.02040816326530614	0.005102040816326573	0.03571428571428571	-0.008503401360544187	0.02040816326530614	108631321
2024-10-09	-0.07981220657276993	-0.021909233176838763	-0.020344287949921738	-0.08450704225352114	-0.07981220657276993	167010087
2024-10-08	-0.022935779816513815	0.09785932721712533	0.09785932721712533	-0.05963302752293573	-0.022935779816513815	296810658
2024-09-30	0.06341463414634141	0.024390243902438935	0.07317073170731696	0.01626016260162596	0.06341463414634141	230369152
2024-09-27	0.051282051282051405	0.006837606837606844	0.0615384615384616	0.006837606837606844	0.051282051282051405	88040920
2024-09-26	0.04092526690391451	0.0	0.04092526690391451	-0.008896797153024879	0.04092526690391451	69765720
2024-09-25	0.025547445255474394	0.009124087591240842	0.03102189781021896	0.005474452554744409	0.025547445255474394	53855739
2024-09-24	0.03787878787878791	0.0056818181818180605	0.03787878787878791	0.003787878787878707	0.03787878787878791	49511622
2024-09-23	-0.020408163265306017	-0.003710575139146489	-0.003710575139146489	-0.024118738404452673	-0.020408163265306017	32695988
2024-09-20	0.024714828897338385	-0.001901140684410606	0.03041825095057037	-0.015209125475285185	0.024714828897338385	50762132
2024-09-19	-0.0018975332068310792	0.0018975332068312477	0.007590132827324485	-0.009487666034155564	-0.0018975332068310792	36680570
2024-09-18	-0.025878003696857776	0.0	0.0018484288354897942	-0.029574861367837362	-0.025878003696857776	29764779
2024-09-13	-0.0036832412523019474	0.0	0.003683241252302111	-0.014732965009208118	-0.0036832412523019474	23640175
2024-09-12	-0.007312614259597813	0.0	0.0036563071297989877	-0.01279707495429605	-0.007312614259597813	25787702
2024-09-11	0.005514705882352824	-0.0036764705882353786	0.005514705882352824	-0.009191176470588366	0.005514705882352824	16322681
2024-09-10	-0.021582733812949503	0.0	0.0017985611510792582	-0.04136690647482007	-0.021582733812949503	43061785
2024-09-09	-0.008912655971479628	-0.0053475935828877445	0.0017825311942958621	-0.012477718360071352	-0.008912655971479628	16060290
2024-09-06	0.0	0.0	0.0017825311942958621	-0.008912655971479628	0.0	19262990
2024-09-05	0.0	0.0	0.0035650623885917243	-0.007130124777183606	0.0	15017494
2024-09-04	0.0017857142857144064	-0.0035714285714284954	0.010714285714285805	-0.005357142857142744	0.0017857142857144064	21060774
2024-09-03	0.007194244604316554	-0.0017985611510790984	0.008992805755395811	-0.007194244604316554	0.007194244604316554	24199911
2024-09-02	-0.02456140350877203	-0.003508771929824642	-0.003508771929824642	-0.02456140350877203	-0.02456140350877203	41813620
2024-08-30	0.005291005291005335	-0.0035273368606701188	0.014109347442680789	-0.005291005291005335	0.005291005291005335	44702466
2024-08-29	0.012500000000000051	0.0017857142857144064	0.0196428571428572	-0.00714285714285715	0.012500000000000051	28311038
2024-08-28	-0.010600706713781006	0.0	0.005300353356890503	-0.015901060070671352	-0.010600706713781006	25064801
2024-08-27	-0.007017543859649129	-0.003508771929824642	0.0	-0.015789473684210503	-0.007017543859649129	23894418
2024-08-26	0.010638297872340514	0.0	0.012411347517730547	-0.008865248226950324	0.010638297872340514	27533420
2024-08-23	-0.008787346221441249	0.0017574692442881873	0.0070298769771529055	-0.012302284710017623	-0.008787346221441249	24019908
2024-08-22	-0.0017543859649122432	0.0	0.0035087719298244864	-0.012280701754386015	-0.0017543859649122432	31950009
2024-08-21	-0.0069686411149825845	-0.0034843205574913694	0.0034843205574912146	-0.008710801393728191	-0.0069686411149825845	20605185
2024-08-20	0.0	0.0	0.005226480836236822	-0.005226480836236977	0.0	18970450
2024-08-19	0.010563380281690229	0.0	0.012323943661971882	-0.0017605633802816527	0.010563380281690229	24905250
2024-08-16	-0.0052539404553415495	0.0	0.001751313485113798	-0.008756567425569146	-0.0052539404553415495	20827423
2024-08-15	0.0052816901408451146	-0.0035211267605633053	0.008802816901408576	-0.007042253521126767	0.0052816901408451146	23606928
2024-08-14	0.005309734513274223	-0.0017699115044248982	0.008849557522123862	-0.008849557522124019	0.005309734513274223	22278672
2024-08-13	-0.0052816901408449584	-0.0017605633802816527	-0.0017605633802816527	-0.019366197183098493	-0.0052816901408449584	38309788
2024-08-12	-0.020689655172413814	-0.003448275862068892	0.0	-0.024137931034482703	-0.020689655172413814	54559553
2024-08-09	-0.011925042589437867	-0.001703577512776795	0.001703577512776795	-0.017035775127768403	-0.011925042589437867	46988095
2024-08-08	-0.0050847457627119065	-0.0016949152542374024	0.006779661016949158	-0.010169491525423813	-0.0050847457627119065	54877382
2024-08-07	-0.001692047377326529	-0.0033840947546532082	0.001692047377326529	-0.015228426395939063	-0.001692047377326529	41910735
2024-08-06	-0.008389261744966413	0.00671140939597316	0.021812080536912734	-0.016778523489932827	-0.008389261744966413	59222986
2024-08-05	0.010169491525423662	0.011864406779660913	0.03220338983050839	0.00847457627118641	0.010169491525423662	69719965
2024-08-02	-0.001692047377326529	-0.0033840947546532082	0.011844331641286003	-0.008460236886632796	-0.001692047377326529	24869170
2024-08-01	-0.0016891891891891533	-0.0050675675675676095	0.0033783783783784566	-0.006756756756756763	-0.0016891891891891533	18147598
2024-07-31	0.01718213058419238	-0.0034364261168385673	0.018900343642611585	-0.005154639175257774	0.01718213058419238	39627573
2024-07-30	0.00518134715025911	-0.0017271157167529857	0.0069084628670120956	-0.017271157167530162	0.00518134715025911	38235323
2024-07-29	-0.008561643835616408	0.0	0.0017123287671232511	-0.011986301369863063	-0.008561643835616408	24210258
2024-07-26	0.0034364261168384146	0.0	0.012027491408934603	-0.00171821305841936	0.0034364261168384146	19251222
2024-07-25	0.00518134715025911	-0.0017271157167529857	0.008635578583765081	-0.00518134715025911	0.00518134715025911	18233395
2024-07-24	-0.01025641025641019	-0.001709401709401673	0.003418803418803498	-0.011965811965811863	-0.01025641025641019	22300025
2024-07-23	-0.015151515151515277	-0.001683501683501797	0.0016835016835016474	-0.015151515151515277	-0.015151515151515277	22773176
2024-07-22	-0.0016806722689075271	0.0	0.0033613445378150543	-0.008403361344537785	-0.0016806722689075271	22043801
2024-07-19	0.011904761904761953	-0.0017006802721088073	0.015306122448979567	-0.005102040816326573	0.011904761904761953	32806997
2024-07-18	-0.001697792869269913	-0.005093378607809739	0.006791171477079802	-0.008488964346349716	-0.001697792869269913	25664535
2024-07-17	0.017271157167530162	0.0	0.020725388601036288	-0.00518134715025911	0.017271157167530162	47063477
2024-07-16	0.008710801393728191	-0.0017421602787456073	0.017421602787456383	-0.0034843205574913694	0.008710801393728191	31103454
2024-07-15	-0.02047781569965872	-0.008532423208191246	-0.003412969283276529	-0.025597269624573437	-0.02047781569965872	50668443
2024-07-12	-0.02819237147595355	-0.013266998341625218	-0.013266998341625218	-0.046434494195688264	-0.02819237147595355	91282647
2024-07-11	0.04687500000000008	0.005208333333333376	0.04687500000000008	0.005208333333333376	0.04687500000000008	69723708
2024-07-10	-0.023728813559322128	-0.0016949152542374024	0.0033898305084745037	-0.02542372881355938	-0.023728813559322128	36865255
2024-07-09	0.015490533562822848	0.0	0.015490533562822848	-0.0068846815834767705	0.015490533562822848	30081682
2024-07-08	0.0	0.0	0.010327022375215232	-0.003442340791738309	0.0	30292800
2024-07-05	0.005190311418685011	0.0017301038062283367	0.008650519031141838	-0.012110726643598664	0.005190311418685011	39544710
2024-07-04	-0.02857142857142856	0.0	0.0016806722689075271	-0.030252100840336235	-0.02857142857142856	33172100
2024-07-03	0.006768189509306266	0.003384094754653058	0.011844331641286003	-0.0033840947546532082	0.006768189509306266	17825100
2024-07-02	0.0068143100511073315	0.0	0.018739352640545198	-0.0034071550255537412	0.0068143100511073315	31190400
2024-07-01	-0.003395585738539826	-0.005093378607809739	0.00509337860780989	-0.01018675721561963	-0.003395585738539826	20360800
2024-06-28	0.010291595197255508	0.0	0.012006861063464885	-0.003430531732418604	0.010291595197255508	33049350
2024-06-27	0.0	-0.003430531732418604	0.012006861063464885	-0.01029159519725566	0.0	23575838
2024-06-26	0.008650519031141838	0.0	0.010380622837370174	-0.010380622837370328	0.008650519031141838	27164301
2024-06-25	0.0	0.0	0.005190311418685011	-0.012110726643598664	0.0	44143310
2024-06-24	0.0	-0.008650519031141838	0.010380622837370174	-0.0207612456747405	0.0	62502367
2024-06-21	-0.006872852233676982	-0.00171821305841936	0.005154639175257622	-0.020618556701030945	-0.006872852233676982	50188444
2024-06-20	-0.0034246575342465023	0.0	0.015410958904109566	-0.011986301369863063	-0.0034246575342465023	44426087
2024-06-19	-0.018487394957983246	-0.006722689075630258	-0.0016806722689075271	-0.023529411764705976	-0.018487394957983246	36885165
2024-06-18	0.017094017094017186	-0.005128205128205019	0.02222222222222236	-0.008547008547008517	0.017094017094017186	47276951
2024-06-17	0.012110726643598512	-0.005190311418685164	0.017301038062283676	-0.015570934256055338	0.012110726643598512	40006858
2024-06-14	-0.003448275862068892	-0.005172413793103492	0.0	-0.012068965517241275	-0.003448275862068892	29801618
2024-06-13	-0.010238907849829436	0.0017064846416381888	0.0017064846416381888	-0.032423208191126346	-0.010238907849829436	53931382
2024-06-12	0.001709401709401825	-0.003418803418803346	0.00854700854700867	-0.005128205128205019	0.001709401709401825	25270559
2024-06-11	-0.0034071550255537412	0.001703577512776795	0.00340715502555359	-0.011925042589437867	-0.0034071550255537412	30097117
2024-06-07	0.003418803418803498	0.005128205128205171	0.011965811965812015	-0.003418803418803346	0.003418803418803498	23532569
2024-06-06	-0.013490725126475561	-0.0033726812816188153	0.0	-0.018549747048903782	-0.013490725126475561	28928058
2024-06-05	0.0016891891891891533	-0.0016891891891891533	0.011824324324324372	-0.0033783783783783066	0.0016891891891891533	36152643
2024-06-04	0.015437392795883338	0.0	0.017152658662092563	-0.003430531732418604	0.015437392795883338	34241901
2024-06-03	-0.008503401360544187	0.0017006802721088073	0.005102040816326573	-0.017006802721088374	-0.008503401360544187	38866860
2024-05-31	-0.0033898305084746542	0.006779661016949158	0.010169491525423662	-0.0050847457627119065	-0.0033898305084746542	28013106
2024-05-30	-0.0033783783783783066	-0.0050675675675676095	0.006756756756756763	-0.006756756756756763	-0.0033783783783783066	24594969
2024-05-29	0.0	0.0	0.013513513513513526	-0.008445945945945915	0.0	36153190
2024-05-28	-0.010033444816053593	-0.001672240802675698	0.011705685618728996	-0.015050167224080391	-0.010033444816053593	41887585
2024-05-27	0.00673400673400674	0.0	0.008417508417508388	-0.00673400673400674	0.00673400673400674	35638422
2024-05-24	-0.009999999999999934	-0.005000000000000042	0.016666666666666607	-0.011666666666666714	-0.009999999999999934	40401492
2024-05-23	-0.021207177814029348	-0.0016313213703099162	0.0048939641109298935	-0.02446982055464918	-0.021207177814029348	56611824
2024-05-22	0.023372287145242015	0.0	0.026711185308848102	-0.003338898163606087	0.023372287145242015	73700057
2024-05-21	0.00335008375209388	0.00335008375209388	0.005025125628140745	-0.006700167504187611	0.00335008375209388	54428600
2024-05-20	0.04370629370629371	0.0	0.045454545454545574	-0.003496503496503422	0.04370629370629371	136248173
2024-05-17	0.023255813953488354	0.0	0.025044722719141425	-0.0053667262969589	0.023255813953488354	60077392
2024-05-16	-0.005338078291814991	0.0035587188612098883	0.005338078291814991	-0.007117437722419935	-0.005338078291814991	36679592
2024-05-15	-0.007067137809187285	-0.001766784452296782	0.001766784452296782	-0.008833922261484068	-0.007067137809187285	24941640
2024-05-14	0.0035460992907802237	-0.0017730496453900331	0.005319148936170257	-0.0070921985815602905	0.0035460992907802237	32609449
2024-05-13	-0.003533568904593721	-0.001766784452296782	0.001766784452296782	-0.010600706713781006	-0.003533568904593721	30933917
2024-05-10	-0.0035211267605633053	0.0	0.003521126760563462	-0.012323943661971726	-0.0035211267605633053	35454020
2024-05-09	0.0142857142857143	0.003571428571428654	0.016071428571428705	0.0	0.0142857142857143	46780115
2024-05-08	-0.0070921985815602905	-0.0017730496453900331	0.005319148936170257	-0.008865248226950324	-0.0070921985815602905	32368085
2024-05-07	-0.01052631578947377	0.0	0.0	-0.015789473684210503	-0.01052631578947377	43986495
2024-05-06	0.005291005291005335	0.014109347442680789	0.015873015873015848	0.0035273368606702753	0.005291005291005335	54678500
2024-04-30	0.001766784452296782	0.01060070671378085	0.01413427561837457	-0.005300353356890503	0.001766784452296782	43819624
2024-04-29	-0.010489510489510422	-0.00874125874125871	-0.00874125874125871	-0.027972027972028	-0.010489510489510422	57345409
2024-04-26	0.012389380530973344	0.001769911504424741	0.014159292035398242	-0.00530973451327438	0.012389380530973344	48817684
2024-04-25	0.014362657091561952	-0.0035906642728905673	0.01795332136445236	-0.007181328545780976	0.014362657091561952	42039800
2024-04-24	0.005415162454873691	0.0	0.005415162454873691	-0.005415162454873691	0.005415162454873691	20561347
2024-04-23	-0.0018018018018017634	-0.005405405405405451	0.0018018018018017634	-0.007207207207207214	-0.0018018018018017634	28893382
2024-04-22	0.014625228519195626	0.0018281535648995751	0.01645338208409504	-0.0018281535648994127	0.014625228519195626	30814301
2024-04-19	-0.02146690518783544	-0.003577817531305827	-0.003577817531305827	-0.025044722719141266	-0.02146690518783544	38178470
2024-04-18	0.014519056261343026	0.0	0.0199637023593467	0.0	0.014519056261343026	50122963
2024-04-17	0.014732965009208118	0.005524861878453084	0.014732965009208118	0.0	0.014732965009208118	38518950
2024-04-16	-0.019855595667870093	-0.0018050541516245102	-0.0018050541516245102	-0.021660649819494605	-0.019855595667870093	43449010
2024-04-15	0.010948905109488979	0.001824817518248136	0.020072992700729823	-0.012773722627737277	0.010948905109488979	37139806
2024-04-12	-0.017921146953404955	0.0	0.0035842293906809273	-0.019713261648745577	-0.017921146953404955	41595986
2024-04-11	-0.012389380530973501	-0.007079646017699121	-0.007079646017699121	-0.01769911504424788	-0.012389380530973501	29344207
2024-04-10	0.005338078291814991	0.0017793594306049442	0.007117437722419935	-0.008896797153024879	0.005338078291814991	31489963
2024-04-09	0.0053667262969589	-0.0017889087656529135	0.007155635062611813	-0.0053667262969589	0.0053667262969589	31719070
2024-04-08	-0.008865248226950324	-0.0035460992907800663	0.0	-0.01241134751773039	-0.008865248226950324	25741740
2024-04-03	-0.008787346221441249	-0.0017574692442883435	0.0017574692442881873	-0.014059753954305811	-0.008787346221441249	31701912
2024-04-02	-0.006980802792321122	0.0	0.006980802792320968	-0.010471204188481761	-0.006980802792321122	36142546
2024-04-01	0.025044722719141425	0.0017889087656529135	0.02683363148479434	-0.0017889087656529135	0.025044722719141425	55547864
2024-03-29	-0.0017857142857142477	-0.0017857142857142477	-0.0017857142857142477	-0.012499999999999893	-0.0017857142857142477	26808169
2024-03-28	-0.0017825311942960204	-0.0017825311942960204	0.0035650623885917243	-0.012477718360071352	-0.0017825311942960204	46083600
2024-03-27	-0.0053191489361701	-0.0017730496453900331	0.005319148936170257	-0.0070921985815602905	-0.0053191489361701	21500400
2024-03-26	0.0017761989342806016	-0.0017761989342806016	0.005328596802841963	-0.005328596802841963	0.0017761989342806016	26427402
2024-03-25	-0.0070546737213403946	-0.0017636684303350594	0.005291005291005335	-0.015873015873015848	-0.0070546737213403946	32647811
2024-03-22	-0.019031141868512166	-0.0017301038062284904	0.0	-0.0207612456747405	-0.019031141868512166	42679454
2024-03-21	-0.006872852233676982	-0.0034364261168385673	0.010309278350515396	-0.008591065292096342	-0.006872852233676982	32790202
2024-03-20	0.013937282229965169	0.0	0.013937282229965169	-0.0034843205574913694	0.013937282229965169	44712892
2024-03-19	-0.010344827586206829	-0.001724137931034446	-0.001724137931034446	-0.012068965517241275	-0.010344827586206829	35708096
2024-03-18	0.0034602076124566734	0.0034602076124566734	0.01903114186851201	-0.008650519031141838	0.0034602076124566734	64046817
2024-03-15	0.012259194395796898	-0.003502626970227596	0.012259194395796898	-0.0052539404553415495	0.012259194395796898	46009462
2024-03-14	0.0	-0.0052539404553415495	0.012259194395796898	-0.010507880910682945	0.0	42267808
2024-03-13	-0.01721170395869185	-0.0017211703958691545	0.0	-0.02409638554216862	-0.01721170395869185	53889216
2024-03-12	0.01751313485113829	0.0	0.01751313485113829	-0.003502626970227596	0.01751313485113829	66622428
2024-03-11	0.016014234875444813	-0.0017793594306049442	0.017793594306049758	-0.0017793594306049442	0.016014234875444813	45687658
2024-03-08	-0.0017761989342806016	-0.003552397868561203	0.0017761989342806016	-0.012433392539964526	-0.0017761989342806016	28838202
2024-03-07	-0.005300353356890503	0.001766784452296782	0.005300353356890503	-0.010600706713781006	-0.005300353356890503	33949133
2024-03-06	-0.005272407732864718	0.0	0.005272407732864562	-0.010544815465729437	-0.005272407732864718	36026174
2024-03-05	0.005300353356890503	-0.003533568904593721	0.008833922261484068	-0.005300353356890503	0.005300353356890503	43718662
2024-03-04	-0.008756567425569146	-0.003502626970227596	0.003502626970227752	-0.01751313485113829	-0.008756567425569146	55228667
2024-03-01	-0.035472972972972965	-0.006756756756756763	-0.0016891891891891533	-0.04054054054054058	-0.035472972972972965	100544111
2024-02-29	0.00509337860780989	-0.006791171477079802	0.006791171477079802	-0.006791171477079802	0.00509337860780989	39570837
2024-02-28	-0.013400335008375222	-0.0016750418760468656	0.006700167504187611	-0.015075376884422087	-0.013400335008375222	37918890
2024-02-27	0.011864406779660913	-0.0033898305084746542	0.022033898305084728	-0.0050847457627119065	0.011864406779660913	39421460
2024-02-26	-0.00673400673400674	-0.005050505050505092	0.00673400673400674	-0.008417508417508537	-0.00673400673400674	32806216
2024-02-23	-0.024630541871921097	0.0016420361247947105	0.0032840722495895668	-0.024630541871921097	-0.024630541871921097	54608843
2024-02-22	0.018394648829431343	-0.0033444816053512477	0.02173913043478259	-0.005016722408026797	0.018394648829431343	45131643
2024-02-21	0.018739352640545198	-0.0034071550255537412	0.03918228279386704	-0.010221465076661072	0.018739352640545198	62835790
2024-02-20	0.005136986301369906	-0.0017123287671232511	0.013698630136986314	-0.018835616438356066	0.005136986301369906	40218387
2024-02-19	0.010380622837370174	0.006920415224913501	0.032871972318339014	-0.0034602076124568273	0.010380622837370174	62496670
2024-02-08	0.012259194395796898	0.0	0.012259194395796898	-0.010507880910682945	0.012259194395796898	59615476
2024-02-07	0.014209591474245128	0.003552397868561361	0.014209591474245128	-0.01598579040852573	0.014209591474245128	54718007
2024-02-06	0.04066543438077629	0.0	0.04436229205175605	-0.012939001848428888	0.04066543438077629	58748775
2024-02-05	-0.03392857142857134	0.0	0.003571428571428654	-0.04999999999999989	-0.03392857142857134	59887517
2024-02-02	-0.008849557522124019	0.001769911504424741	0.021238938053097206	-0.03893805309734524	-0.008849557522124019	48283677
2024-02-01	-0.019097222222222123	-0.0017361111111110742	0.0	-0.026041666666666574	-0.019097222222222123	42830500
2024-01-31	-0.013698630136986314	-0.005136986301369906	0.0017123287671232511	-0.018835616438356066	-0.013698630136986314	33211038
2024-01-30	-0.03150912106135993	-0.004975124378109493	-0.0016583747927032628	-0.03316749585406305	-0.03150912106135993	35942264
2024-01-29	-0.008223684210526286	-0.014802631578947345	0.008223684210526286	-0.019736842105263174	-0.008223684210526286	53668624
2024-01-26	0.013333333333333345	-0.0033333333333332624	0.018333333333333385	-0.009999999999999934	0.013333333333333345	62223113
2024-01-25	0.01694915254237282	0.0	0.018644067796610073	-0.00847457627118656	0.01694915254237282	48609649
2024-01-24	0.02608695652173919	0.0034782608695651434	0.02608695652173919	0.0	0.02608695652173919	42143851
2024-01-23	0.01054481546572928	0.0017574692442881873	0.014059753954305655	-0.008787346221441249	0.01054481546572928	26681114
2024-01-22	-0.030664395229982915	-0.0034071550255537412	0.0	-0.03236797274275986	-0.030664395229982915	39326302
2024-01-19	-0.008445945945945915	-0.0033783783783783066	0.0	-0.021959459459459443	-0.008445945945945915	32556859
2024-01-18	0.010238907849829284	0.0	0.01877133105802038	-0.02047781569965872	0.010238907849829284	46274461
2024-01-17	-0.02333333333333328	-0.0016666666666666312	-0.0016666666666666312	-0.02500000000000006	-0.02333333333333328	33977336
2024-01-16	0.01694915254237282	-0.0016949152542374024	0.022033898305084728	-0.006779661016949158	0.01694915254237282	52283581
2024-01-15	0.006825938566552906	-0.006825938566552906	0.011945392491467473	-0.011945392491467624	0.006825938566552906	35818654
2024-01-12	0.01559792027729649	0.0	0.025996533795494	-0.006932409012131569	0.01559792027729649	42402893
2024-01-11	0.010507880910682945	-0.001751313485113798	0.015761821366024494	-0.0052539404553415495	0.010507880910682945	28669907
2024-01-10	0.0	0.0	0.008756567425569146	-0.010507880910682945	0.0	31649681
2024-01-09	0.03818181818181818	0.0018181818181817794	0.03818181818181818	-0.0018181818181817794	0.03818181818181818	54768440
2024-01-08	-0.014336917562724026	0.0035842293906809273	0.0035842293906809273	-0.019713261648745577	-0.014336917562724026	32121119
2024-01-05	-0.007117437722419935	0.0	0.005338078291814991	-0.010676156583629982	-0.007117437722419935	35580783
2024-01-04	-0.022608695652173893	-0.0017391304347825717	0.0	-0.027826086956521764	-0.022608695652173893	38985678
2024-01-03	0.0	-0.0017391304347825717	0.010434782608695584	-0.0034782608695651434	0.0	29366055
2024-01-02	-0.0017361111111110742	-0.0017361111111110742	0.005208333333333376	-0.008680555555555525	-0.0017361111111110742	35630310
2023-12-29	-0.010309278350515549	-0.0034364261168385673	0.005154639175257622	-0.01546391752577317	-0.010309278350515549	54082976
2023-12-28	0.013937282229965169	-0.0034843205574913694	0.015679442508710777	-0.005226480836236977	0.013937282229965169	37763767
2023-12-27	0.0052539404553415495	0.0	0.007005253940455348	-0.008756567425569146	0.0052539404553415495	19748734
2023-12-26	-0.006956521739130441	0.0	0.0	-0.012173913043478311	-0.006956521739130441	19914732
2023-12-25	0.015901060070671352	0.0	0.015901060070671352	-0.005300353356890503	0.015901060070671352	29830355
2023-12-22	-0.0035211267605633053	0.0	0.001760563380281809	-0.01760563380281684	-0.0035211267605633053	34317700
2023-12-21	-0.0017574692442883435	-0.003514938488576531	0.0017574692442881873	-0.012302284710017623	-0.0017574692442883435	32711351
2023-12-20	-0.012152777777777674	0.0017361111111110742	0.005208333333333376	-0.013888888888888902	-0.012152777777777674	29680008
2023-12-19	-0.010309278350515549	-0.0034364261168385673	0.0034364261168384146	-0.018900343642611738	-0.010309278350515549	39775920
2023-12-18	-0.008517887563884127	-0.0034071550255537412	0.0	-0.011925042589437867	-0.008517887563884127	23790708
2023-12-15	0.0	0.00340715502555359	0.013628620102214663	-0.001703577512776795	0.0	23238217
2023-12-14	-0.008445945945945915	0.0050675675675676095	0.013513513513513526	-0.008445945945945915	-0.008445945945945915	28901371
2023-12-13	-0.03109656301145669	0.0	0.0016366612111292612	-0.032733224222585955	-0.03109656301145669	40190510
2023-12-12	0.009917355371900909	-0.003305785123966872	0.011570247933884345	-0.004958677685950454	0.009917355371900909	29640822
2023-12-11	0.0016556291390728123	-0.006622516556291397	0.0033112582781456247	-0.028145695364238398	0.0016556291390728123	37894873
2023-12-08	0.0033222591362127014	-0.003322259136212554	0.02325581395348847	-0.003322259136212554	0.0033222591362127014	42403766
2023-12-07	-0.006600660066006607	-0.001650165016501615	0.006600660066006607	-0.016501650165016445	-0.006600660066006607	26944650
2023-12-06	0.001652892561983436	-0.001652892561983436	0.009917355371900909	-0.01983471074380167	0.001652892561983436	29720924
2023-12-05	-0.011437908496732072	0.0032679738562090806	0.004901960784313766	-0.013071895424836612	-0.011437908496732072	28479817
2023-12-04	0.013245033112582794	0.0	0.024834437086092773	-0.004966887417218584	0.013245033112582794	37851500
2023-12-01	-0.017886178861788667	0.0	0.006504065040650412	-0.02439024390243908	-0.017886178861788667	42403501
2023-11-30	0.0032626427406199777	-0.0032626427406198324	0.009787928221859787	-0.00652528548123981	0.0032626427406199777	32742253
2023-11-29	-0.008090614886731363	0.0016181229773463877	0.00647249190938512	-0.01294498381877024	-0.008090614886731363	27419284
2023-11-28	-0.026771653543307076	-0.006299212598425203	-0.004724409448818797	-0.02992125984251961	-0.026771653543307076	36881463
2023-11-27	0.011146496815286528	0.0015923566878980552	0.015923566878980836	-0.006369426751592362	0.011146496815286528	42750066
2023-11-24	-0.003174603174603107	-0.003174603174603107	0.003174603174603248	-0.009523809523809462	-0.003174603174603107	25055351
2023-11-23	0.012861736334405157	0.0032154340836013607	0.014469453376205766	-0.0016077170418006088	0.012861736334405157	30054275
2023-11-22	-0.003205128205128279	-0.003205128205128279	0.008012820512820484	-0.004807692307692347	-0.003205128205128279	27001915
2023-11-21	-0.0015999999999999658	0.0064000000000000055	0.011200000000000045	-0.0048000000000000395	-0.0015999999999999658	37864391
2023-11-20	0.019575856443719432	0.0016313213703099162	0.02610114192495924	-0.0032626427406198324	0.019575856443719432	50537490
2023-11-17	0.011551155115511599	0.0016501650165017616	0.03135313531353142	0.0016501650165017616	0.011551155115511599	58190827
2023-11-16	0.006644518272425255	0.0016611295681064244	0.01328903654485051	-0.004983388704318831	0.006644518272425255	35941583
2023-11-15	0.008375209380234476	0.015075376884422087	0.015075376884422087	0.00335008375209388	0.008375209380234476	25386312
2023-11-14	0.0	-0.0033500837520937313	0.00335008375209388	-0.006700167504187611	0.0	21369800
2023-11-13	-0.001672240802675698	0.0016722408026755495	0.010033444816053446	-0.013377926421404692	-0.001672240802675698	24364486
2023-11-10	-0.008291873963515725	-0.0016583747927032628	0.0	-0.018242122719734712	-0.008291873963515725	25526803
2023-11-09	0.0033277870216306925	0.0033277870216306925	0.0066555740432612375	0.0	0.0033277870216306925	20774334
2023-11-08	0.0	0.0	0.011647254575707202	-0.0049916805324458175	0.0	26936779
2023-11-07	-0.008250825082508222	0.0	0.0016501650165017616	-0.013201320132013068	-0.008250825082508222	25849174
2023-11-06	0.001652892561983436	0.004958677685950454	0.009917355371900909	-0.003305785123966872	0.001652892561983436	40853006
2023-11-03	-0.009819967266775859	0.0016366612111292612	0.004909983633387784	-0.013093289689034381	-0.009819967266775859	32278594
2023-11-02	-0.0032626427406198324	0.0032626427406199777	0.008156606851549727	-0.0032626427406198324	-0.0032626427406198324	20169527
2023-11-01	-0.008090614886731363	0.0032362459546926314	0.004854368932038875	-0.01294498381877024	-0.008090614886731363	27792935
2023-10-31	0.008156606851549727	0.0	0.011419249592169703	-0.008156606851549727	0.008156606851549727	36525314
2023-10-30	0.006568144499178988	0.004926108374384277	0.027914614121510663	0.0	0.006568144499178988	49204405
2023-10-27	0.04280821917808219	0.011986301369863063	0.04452054794520544	0.0017123287671232511	0.04280821917808219	53165735
2023-10-26	0.006896551724137937	-0.006896551724137937	0.006896551724137937	-0.010344827586206829	0.006896551724137937	26065854
2023-10-25	0.022927689594356242	0.0017636684303350594	0.028218694885361578	0.0	0.022927689594356242	36224340
2023-10-24	0.01612903225806449	0.0035842293906809273	0.01612903225806449	-0.0107526881720431	0.01612903225806449	29973555
2023-10-23	-0.01760563380281684	0.0	0.0	-0.028169014084507067	-0.01760563380281684	28094520
2023-10-20	0.0017636684303350594	-0.0035273368606701188	0.0035273368606702753	-0.010582010582010514	0.0017636684303350594	26145913
2023-10-19	-0.022413793103448258	-0.010344827586206829	-0.005172413793103492	-0.029310344827586196	-0.022413793103448258	26381877
2023-10-18	-0.01360544217687076	-0.005102040816326573	0.0	-0.017006802721088374	-0.01360544217687076	18314001
2023-10-17	0.0	0.003401360544217766	0.01360544217687076	-0.005102040816326573	0.0	21998528
2023-10-16	-0.0050761421319797375	-0.0033840947546532082	-0.001692047377326529	-0.015228426395939063	-0.0050761421319797375	27786540
2023-10-13	-0.026359143327841866	-0.004942339373970386	-0.004942339373970386	-0.028006589785831947	-0.026359143327841866	41468199
2023-10-12	0.015050167224080242	0.005016722408026648	0.02508361204013369	0.005016722408026648	0.015050167224080242	31754991
2023-10-11	-0.006644518272425108	0.0016611295681064244	0.004983388704318978	-0.016611295681063065	-0.006644518272425108	31136466
2023-10-10	0.0	-0.001661129568106277	0.01661129568106321	-0.004983388704318831	0.0	26372090
2023-10-09	-0.01633986928104584	-0.0016339869281045403	0.0	-0.03104575163398699	-0.01633986928104584	46812936
2023-09-28	-0.003257328990227944	0.0	0.00488599348534206	-0.01791530944625398	-0.003257328990227944	24413200
2023-09-27	0.009868421052631514	0.0016447368421052282	0.019736842105263174	0.0	0.009868421052631514	27654000
2023-09-26	-0.024077046548956718	0.0	0.003210272873194153	-0.027287319422151013	-0.024077046548956718	38756531
2023-09-25	-0.004792332268370505	0.0	0.004792332268370647	-0.007987220447284317	-0.004792332268370505	18029792
2023-09-22	0.00481540930979123	0.0016051364365970765	0.006420545746388306	-0.008025682182985668	0.00481540930979123	25286350
2023-09-21	-0.007961783439490418	0.0	0.004777070063694166	-0.009554140127388614	-0.007961783439490418	19405230
2023-09-20	-0.007898894154818297	0.0015797788309636315	0.0063191153238546655	-0.007898894154818297	-0.007898894154818297	17065589
2023-09-19	-0.0047169811320755105	-0.0015723270440252634	0.0062893081761006345	-0.011006289308176145	-0.0047169811320755105	22663250
2023-09-18	0.004739336492891035	-0.003159557661927403	0.009478672985781929	-0.004739336492891035	0.004739336492891035	18844239
2023-09-15	-0.01555209953343696	0.0	0.003110419906687475	-0.018662519440124436	-0.01555209953343696	26908741
2023-09-14	0.011006289308176005	0.0	0.015723270440251517	-0.003144654088050387	0.011006289308176005	30917724
2023-09-13	-0.0062500000000000056	-0.003125000000000072	0.0062500000000000056	-0.014062500000000117	-0.0062500000000000056	17245615
2023-09-12	0.0062893081761006345	-0.003144654088050387	0.018867924528301903	-0.0062893081761006345	0.0062893081761006345	28288000
2023-09-11	0.015974440894568776	-0.0015974440894568351	0.019169329073482445	-0.0015974440894568351	0.015974440894568776	26290413
2023-09-08	0.0015999999999999658	-0.0048000000000000395	0.0048000000000000395	-0.007999999999999972	0.0015999999999999658	15095322
2023-09-07	0.0048231511254019695	-0.0016077170418006088	0.019292604501607736	-0.009646302250803797	0.0048231511254019695	34666310
2023-09-06	-0.029641185647425957	-0.007800312012480472	0.0	-0.0390015600624025	-0.029641185647425957	60397400
2023-09-05	-0.007739938080495328	-0.0030959752321980762	-0.0015479876160990381	-0.017027863777089834	-0.007739938080495328	24046084
2023-09-04	0.004665629860031143	0.003110419906687475	0.010886469673405955	-0.01555209953343696	0.004665629860031143	33318851
2023-09-01	0.01740506329113915	0.0031645569620252488	0.025316455696202552	0.0031645569620252488	0.01740506329113915	33254909
2023-08-31	0.001584786053882833	0.004754358161648218	0.011093502377179126	-0.004754358161648076	0.001584786053882833	38573227
2023-08-30	-0.0307219662058372	-0.003072196620583652	0.001536098310291826	-0.0307219662058372	-0.0307219662058372	60314802
2023-08-29	0.026813880126182955	0.0	0.03154574132492116	0.0	0.026813880126182955	35006224
2023-08-28	-0.003144654088050387	0.045597484276729564	0.05345911949685532	-0.0062893081761006345	-0.003144654088050387	52904284
2023-08-25	-0.018518518518518535	-0.007716049382716158	-0.0015432098765433139	-0.024691358024691377	-0.018518518518518535	27737819
2023-08-24	0.015673981191222656	0.0031347962382445864	0.032915360501567396	-0.0047021943573668104	0.015673981191222656	38360810
2023-08-23	-0.019969278033794148	-0.003072196620583652	0.010752688172043055	-0.021505376344085975	-0.019969278033794148	35105635
2023-08-22	0.0046296296296295305	0.0	0.009259259259259198	-0.016975308641975356	0.0046296296296295305	40899268
2023-08-21	-0.031390134529147976	-0.0014947683109119096	-0.0014947683109119096	-0.035874439461883435	-0.031390134529147976	52511806
2023-08-18	-0.011816838995568565	0.0	0.004431314623338294	-0.01624815361890686	-0.011816838995568565	33087480
2023-08-17	0.0044510385756675605	-0.005934718100890213	0.005934718100890213	-0.023738872403560853	0.0044510385756675605	42825524
2023-08-16	-0.013177159590043903	-0.0014641288433381826	-0.0014641288433381826	-0.01756954612005858	-0.013177159590043903	31870019
2023-08-15	-0.011577424023154858	-0.001447178002894325	0.001447178002894325	-0.023154848046309715	-0.011577424023154858	33604952
2023-08-14	0.004360465116279106	0.0	0.017441860465116296	-0.01308139534883719	0.004360465116279106	46413489
2023-08-11	-0.019943019943019898	0.0	0.014245014245014322	-0.019943019943019898	-0.019943019943019898	47415410
2023-08-10	0.041543026706231355	0.014836795252225466	0.04451038575667653	0.0029673590504450406	0.041543026706231355	91802146
2023-08-09	-0.010279001468428693	0.004405286343612372	0.004405286343612372	-0.016152716593245145	-0.010279001468428693	28332887
2023-08-08	0.005908419497784348	-0.0029542097488921087	0.008862629246676587	-0.008862629246676457	0.005908419497784348	29856926
2023-08-07	0.0	0.0	0.0029542097488922396	-0.014771048744460806	0.0	36330034
2023-08-04	-0.013119533527696901	0.0029154518950436693	0.014577259475218606	-0.017492711370262405	-0.013119533527696901	47984631
2023-08-03	-0.0029069767441859845	-0.004360465116279106	-0.0014534883720929922	-0.02034883720930228	-0.0029069767441859845	38615796
2023-08-02	-0.010071942446043206	0.0014388489208632786	0.0086330935251798	-0.017266187050359726	-0.010071942446043206	44380900
2023-08-01	-0.005722460658082981	0.0014306151645207133	0.012875536480686674	-0.011444921316165962	-0.005722460658082981	45716449
2023-07-31	0.01746724890829696	0.007278020378457034	0.030567685589519646	0.0029112081513827616	0.01746724890829696	80476078
2023-07-28	0.008810572687224743	-0.010279001468428693	0.010279001468428823	-0.011747430249632774	0.008810572687224743	39772856
2023-07-27	0.005908419497784348	0.0014771048744461855	0.014771048744460936	0.0	0.005908419497784348	39641180
2023-07-26	-0.010233918128655012	0.0	0.004385964912280738	-0.01900584795321636	-0.010233918128655012	36860806
2023-07-25	0.0363636363636364	0.03030303030303033	0.05151515151515163	0.022727272727272783	0.0363636363636364	102630368
2023-07-24	0.028037383177570048	-0.0015576323987538609	0.040498442367601216	-0.004672897196261721	0.028037383177570048	78495106
2023-07-21	-0.0015552099533436682	0.0	0.013996889580093291	-0.010886469673405817	-0.0015552099533436682	33480533
2023-07-20	-0.013803680981595071	0.0015337423312884472	0.007668711656441827	-0.015337423312883382	-0.013803680981595071	26868803
2023-07-19	-0.012121212121212133	0.0030303030303031006	0.004545454545454583	-0.022727272727272648	-0.012121212121212133	41888510
2023-07-18	0.024844720496894294	-0.0031055900621118726	0.0310559006211179	-0.010869565217391347	0.024844720496894294	80471435
2023-07-17	0.012578616352201269	-0.0015723270440252634	0.018867924528301903	-0.0062893081761006345	0.012578616352201269	39739808
2023-07-14	-0.004694835680751074	0.0031298904538341883	0.004694835680751213	-0.007824726134585262	-0.004694835680751074	26695294
2023-07-13	0.003139717425431644	0.004709576138147605	0.020408163265306107	0.0	0.003139717425431644	33046900
2023-07-12	-0.019999999999999983	0.0015384615384615057	0.0030769230769230114	-0.024615384615384636	-0.019999999999999983	54155308
2023-07-11	0.004636785162287519	0.0030911901081917253	0.009273570324575039	-0.010819165378670696	0.004636785162287519	43046952
2023-07-10	0.003100775193798383	0.017054263565891386	0.017054263565891386	-0.010852713178294617	0.003100775193798383	49651843
2023-07-07	0.014150943396226393	-0.0047169811320755105	0.028301886792452786	-0.007861635220125897	0.014150943396226393	70545529
2023-07-06	0.004739336492891035	0.0	0.020537124802527628	-0.0063191153238546655	0.004739336492891035	49954146
2023-07-05	-0.009389671361502287	-0.0015649452269170245	0.0015649452269171635	-0.020344287949921738	-0.009389671361502287	36142099
2023-07-04	0.003139717425431644	0.0	0.010989010989011033	-0.00941915227629521	0.003139717425431644	52771102
2023-07-03	0.0563847429519071	0.0033167495854062308	0.06467661691542283	0.0033167495854062308	0.0563847429519071	136999382
2023-06-30	0.013445378151260515	0.0	0.020168067226890775	-0.0016806722689075271	0.013445378151260515	37011739
2023-06-29	-0.03252032520325206	-0.004878048780487845	-0.004878048780487845	-0.035772357723577335	-0.03252032520325206	66942637
2023-06-28	0.011513157894736888	0.0	0.014802631578947345	-0.008223684210526286	0.011513157894736888	34401131
2023-06-27	0.013333333333333345	0.008333333333333304	0.020000000000000018	-0.0016666666666666312	0.013333333333333345	35977802
2023-06-26	-0.02280130293159604	-0.006514657980456032	-0.004885993485341916	-0.030944625407166044	-0.02280130293159604	52144769
2023-06-21	-0.00807754442649446	0.0	0.00969305331179315	-0.011308562197092129	-0.00807754442649446	39072297
2023-06-20	-0.009599999999999937	0.0	0.0048000000000000395	-0.014399999999999977	-0.009599999999999937	42027508
2023-06-19	0.0048231511254019695	0.0	0.027331189710610923	-0.004823151125401826	0.0048231511254019695	55176853
2023-06-16	0.018003273322422166	0.004909983633387784	0.021276595744680833	0.0016366612111292612	0.018003273322422166	54437016
2023-06-15	0.013266998341625218	0.0016583747927031154	0.014925373134328334	-0.004975124378109493	0.013266998341625218	34744808
2023-06-14	-0.013093289689034381	0.0	0.008183306055646452	-0.014729950900163788	-0.013093289689034381	37888459
2023-06-13	0.006589785831960467	-0.0032948929159803066	0.02306425041186156	-0.0032948929159803066	0.006589785831960467	44246925
2023-06-12	0.023608768971332305	0.0016863406408095575	0.03709949409780787	-0.006745362563237781	0.023608768971332305	66451206
2023-06-09	0.005084745762711756	0.0	0.022033898305084728	-0.0016949152542374024	0.005084745762711756	61793693
2023-06-08	0.006825938566552906	0.0	0.008532423208191095	-0.013651877133105813	0.006825938566552906	41259903
2023-06-07	0.0034246575342466545	0.0017123287671232511	0.010273972602739812	-0.008561643835616408	0.0034246575342466545	51887564
2023-06-06	-0.008488964346349716	-0.001697792869269913	0.01018675721561978	-0.01018675721561963	-0.008488964346349716	51618383
2023-06-05	0.017271157167530162	0.0017271157167529857	0.018998272884283303	-0.013816925734024191	0.017271157167530162	82284138
2023-06-02	0.0	0.0017271157167529857	0.010362694300518067	-0.017271157167530162	0.0	122668726
2023-06-01	-0.0765550239234449	0.0	0.0	-0.07814992025518332	-0.0765550239234449	211663969
2023-05-31	0.0	-0.0031897926634768064	0.014354066985646053	-0.007974481658692157	0.0	44056449
2023-05-30	-0.00947867298578207	-0.003159557661927403	-0.0015797788309636315	-0.026856240126382293	-0.00947867298578207	67976339
2023-05-29	0.0015822784810126244	0.0031645569620252488	0.012658227848101276	-0.0031645569620253893	0.0015822784810126244	28364711
2023-05-26	-0.0062893081761006345	-0.0015723270440252634	0.0015723270440251237	-0.015723270440251656	-0.0062893081761006345	43833720
2023-05-25	-0.010886469673405817	-0.0031104199066873364	-0.0015552099533436682	-0.018662519440124436	-0.010886469673405817	48719446
2023-05-24	-0.03598200899550228	-0.0014992503748125618	-0.0014992503748125618	-0.040479760119939964	-0.03598200899550228	88433594
2023-05-23	-0.029112081513828263	-0.0029112081513828912	0.0029112081513827616	-0.029112081513828263	-0.029112081513828263	50653790
2023-05-22	0.0	0.0014556040756913808	0.010189228529839925	-0.011644832605531306	0.0	30791734
2023-05-19	0.010294117647058865	-0.0014705882352940864	0.013235294117647038	-0.008823529411764649	0.010294117647058865	28749247
2023-05-18	0.0029498525073745683	0.004424778761061852	0.022123893805309654	0.0	0.0029498525073745683	38879701
2023-05-17	-0.01881331403762661	0.0	0.005788712011577429	-0.024602026049204043	-0.01881331403762661	47911782
2023-05-16	-0.0014450867052022813	0.004335260115606972	0.01445086705202307	-0.007225433526011535	-0.0014450867052022813	39577849
2023-05-15	0.014662756598240416	-0.005865102639296193	0.019061583577712593	-0.014662756598240546	0.014662756598240416	37446290
2023-05-12	-0.01445086705202307	-0.004335260115606972	-0.0028901734104045626	-0.01878612716763004	-0.01445086705202307	33835556
2023-05-11	0.002898550724637619	0.004347826086956429	0.010144927536231797	-0.002898550724637748	0.002898550724637619	29184579
2023-05-10	-0.018492176386913212	0.0	0.0014224751066856027	-0.02418207681365575	-0.018492176386913212	50682995
2023-05-09	-0.008462623413258055	0.0014104372355429884	0.015514809590973247	-0.011283497884344157	-0.008462623413258055	60832136
2023-05-08	-0.020718232044198943	0.0	0.00414364640883969	-0.03591160220994472	-0.020718232044198943	86348782
2023-05-05	0.002770083102493139	0.0069252077562326625	0.013850415512465448	-0.01108033240997231	0.002770083102493139	53965251
2023-05-04	-0.06838709677419358	-0.009032258064516166	-0.009032258064516166	-0.07225806451612898	-0.06838709677419358	132843115
2023-04-28	0.019736842105263205	-0.005263157894736847	0.02105263157894739	-0.01315789473684206	0.019736842105263205	57216684
2023-04-27	0.00795755968169756	-0.0026525198938992657	0.014588859416445665	-0.009283819628647253	0.00795755968169756	39046014
2023-04-26	0.010723860589812341	0.001340482573726513	0.01876675603217154	0.0	0.010723860589812341	37370785
2023-04-25	-0.017127799736495374	0.0013175230566534633	0.017127799736495374	-0.03030303030303024	-0.017127799736495374	59668413
2023-04-24	-0.009138381201044423	0.007832898172323709	0.009138381201044423	-0.02349869451697124	-0.009138381201044423	51717289
2023-04-21	-0.01920614596670928	-0.0025608194622278586	0.006402048655569874	-0.02048655569782321	-0.01920614596670928	36568333
2023-04-20	-0.011392405063291233	0.002531645569620199	0.0037974683544302985	-0.016455696202531744	-0.011392405063291233	37392653
2023-04-19	-0.01618929016189278	0.0024906600249067685	0.00622665006226659	-0.021170610211705986	-0.01618929016189278	40902172
2023-04-18	-0.015931372549019704	0.004901960784313621	0.004901960784313621	-0.022058823529411728	-0.015931372549019704	53377634
2023-04-17	0.02512562814070354	0.007537688442211006	0.036432160804020106	0.0	0.02512562814070354	59828740
2023-04-14	-0.0050000000000000044	0.0012499999999999734	0.012499999999999956	-0.008750000000000036	-0.0050000000000000044	35250272
2023-04-13	-0.0062111801242236905	-0.0024844720496896085	0.007453416149068163	-0.01863354037267085	-0.0062111801242236905	49306567
2023-04-12	0.0012437810945275577	0.006218905472636905	0.008706467661691579	-0.0037313432835820106	0.0012437810945275577	42364380
2023-04-11	-0.01711491442542794	0.0	0.004889975550122362	-0.023227383863080625	-0.01711491442542794	48342241
2023-04-10	-0.003654080389768713	0.0	0.007308160779536993	-0.025578562728380126	-0.003654080389768713	46345800
2023-04-07	0.008599508599508634	0.0024570024570024045	0.022113022113022077	-0.00614250614250623	0.008599508599508634	45323213
2023-04-06	-0.004889975550122145	-0.0012224938875305363	0.0036674816625918262	-0.011002444987775044	-0.004889975550122145	34747105
2023-04-04	0.003680981595091946	-0.0024539877300612974	0.03312883435582817	-0.019631901840490813	0.003680981595091946	67971168
2023-04-03	0.03557814485387551	-0.002541296060991164	0.039390088945362084	-0.0038119440914866896	0.03557814485387551	75990856
2023-03-31	-0.0037974683544304113	-0.0025316455696203113	0.010126582278481022	-0.0075949367088608225	-0.0037974683544304113	46930705
2023-03-30	0.044973544973545075	0.011904761904762005	0.04894179894179896	0.005291005291005296	0.044973544973545075	90677389
2023-03-29	0.007999999999999948	0.0	0.03333333333333333	-0.006666666666666643	0.007999999999999948	52676779
2023-03-28	-0.00265957446808505	-0.00265957446808505	0.010638297872340436	-0.0053191489361701	-0.00265957446808505	26963078
2023-03-27	0.005347593582887587	0.005347593582887587	0.010695187165775291	-0.013368983957219322	0.005347593582887587	33441708
2023-03-24	-0.020942408376963255	0.0026178010471204793	0.005235602094240842	-0.03141361256544494	-0.020942408376963255	58355000
2023-03-23	-0.010362694300518144	0.0	0.0	-0.023316062176165768	-0.010362694300518144	37598846
2023-03-22	-0.0012936610608021571	0.0012936610608020422	0.006468305304010326	-0.006468305304010441	-0.0012936610608021571	30128863
2023-03-21	-0.0012919896640826599	0.0	0.011627906976744167	-0.009043927648578847	-0.0012919896640826599	42502523
2023-03-20	-0.02149178255372945	0.0012642225031605293	0.00505689001264223	-0.025284450063211148	-0.02149178255372945	35169181
2023-03-17	0.016709511568123378	0.001285347043701772	0.039845758354755734	0.0	0.016709511568123378	65759772
2023-03-16	-0.012690355329949193	0.007614213197969607	0.007614213197969607	-0.027918781725888294	-0.012690355329949193	63066816
2023-03-15	-0.012531328320802072	0.0	0.006265664160400869	-0.013784461152882245	-0.012531328320802072	43890962
2023-03-14	0.0037735849056604086	0.0	0.01635220125786162	-0.007547169811320817	0.0037735849056604086	57356603
2023-03-13	0.02185089974293058	-0.0038560411311054305	0.026992287917737785	-0.007712082262210861	0.02185089974293058	43049809
2023-03-10	-0.013941698352344668	0.005069708491761729	0.005069708491761729	-0.01647655259822559	-0.013941698352344668	27804527
2023-03-09	-0.010037641154328742	0.005018820577164371	0.015056461731493113	-0.017565872020075243	-0.010037641154328742	37318043
2023-03-08	0.00504413619167718	-0.002522068095838534	0.008827238335435092	-0.01008827238335436	0.00504413619167718	35283939
2023-03-07	-0.014906832298136769	-0.0024844720496896085	0.008695652173912858	-0.01863354037267085	-0.014906832298136769	42799675
2023-03-06	0.006250000000000089	0.0012499999999999734	0.02499999999999991	-0.0012499999999999734	0.006250000000000089	63938648
2023-03-03	-0.007444168734491377	-0.006203473945409517	0.0012406947890818594	-0.013647642679900783	-0.007444168734491377	38714132
2023-03-02	0.020253164556962043	0.0	0.02531645569620244	-0.0075949367088608225	0.020253164556962043	57024957
2023-03-01	0.0	0.002531645569620199	0.002531645569620199	-0.012658227848101333	0.0	38954375
2023-02-28	0.0038119440914866896	-0.0038119440914866896	0.0050825921219822155	-0.010165184243964431	0.0038119440914866896	39817762
2023-02-27	0.03416557161629432	-0.0013140604467806406	0.03547963206307484	-0.014454664914586112	0.03416557161629432	62594699
2023-02-24	-0.0052287581699346445	0.0013071895424836323	0.0026143790849672646	-0.007843137254902025	-0.0052287581699346445	16862158
2023-02-23	-0.007782101167315124	0.005188067444876788	0.006485084306095956	-0.011673151750972744	-0.007782101167315124	20476792
2023-02-22	0.005215123859191661	-0.009126466753585435	0.010430247718383322	-0.010430247718383322	0.005215123859191661	35549835
2023-02-21	0.0	0.0	0.006518904823989547	-0.011734028683181207	0.0	34729532
2023-02-20	0.017241379310344813	0.013262599469495973	0.023872679045092802	0.0026525198938991477	0.017241379310344813	57464476
2023-02-17	-0.006587615283267434	-0.0013175230566534633	0.013175230566534985	-0.009222661396574478	-0.006587615283267434	38099584
2023-02-16	-0.003937007874015781	0.003937007874015781	0.027559055118110232	-0.013123359580052563	-0.003937007874015781	68560007
2023-02-15	-0.002617801047120363	-0.0013089005235601815	0.003926701570680661	-0.011780104712041866	-0.002617801047120363	39132801
2023-02-14	0.0	0.0	0.006544502617801141	-0.01439790575916223	0.0	53015671
2023-02-13	0.06111111111111104	0.0027777777777777185	0.06527777777777774	-0.004166666666666701	0.06111111111111104	157685624
2023-02-10	0.008403361344537886	0.0	0.011204481792717097	-0.005602240896358549	0.008403361344537886	50235491
2023-02-09	0.0014025245441794932	-0.0014025245441794932	0.007012622720897591	-0.011220196353436195	0.0014025245441794932	48753388
2023-02-08	0.0042253521126760915	0.0014084507042254472	0.009859154929577505	-0.004225352112675967	0.0042253521126760915	41500740
2023-02-07	-0.0014064697609002354	0.005625879043600567	0.005625879043600567	-0.007032348804500803	-0.0014064697609002354	33199640
2023-02-06	-0.005594405594405599	-0.0041958041958042305	0.009790209790209706	-0.00979020979020983	-0.005594405594405599	51633793
2023-02-03	-0.015151515151515074	-0.00137741046831953	-0.00137741046831953	-0.02203856749311297	-0.015151515151515074	49285054
2023-02-02	0.005540166204986155	0.0013850415512466309	0.009695290858725801	-0.013850415512465325	0.005540166204986155	71901935
2023-02-01	-0.015006821282401136	0.0	0.0	-0.02319236016371077	-0.015006821282401136	76540593
2023-01-31	-0.032981530343007916	-0.0052770448548812715	0.003957783641160982	-0.039577836411609474	-0.032981530343007916	69814741
2023-01-30	-0.03439490445859867	0.0038216560509554457	0.006369426751592447	-0.036942675159235674	-0.03439490445859867	72343123
2023-01-20	0.01948051948051941	0.002597402597402542	0.022077922077922068	-0.005194805194805199	0.01948051948051941	41004816
2023-01-19	0.0	0.001298701298701271	0.009090909090909012	-0.012987012987013056	0.0	33267723
2023-01-18	-0.005167958656330754	-0.007751937984496188	0.01808785529715758	-0.011627906976744167	-0.005167958656330754	28244458
2023-01-17	0.005194805194805199	0.002597402597402542	0.0064935064935064705	-0.012987012987013056	0.005194805194805199	37530433
2023-01-16	-0.021601016518424387	0.0	0.01397712833545112	-0.03049555273189329	-0.021601016518424387	68263132
2023-01-13	0.020752269779507154	-0.0025940337224383365	0.020752269779507154	-0.010376134889753577	0.020752269779507154	42072710
2023-01-12	0.011811023622047225	0.0	0.014435695538057784	-0.014435695538057784	0.011811023622047225	41410168
2023-01-11	-0.028061224489795887	-0.0012755102040816054	0.0012755102040816054	-0.028061224489795887	-0.028061224489795887	43036792
2023-01-10	0.006418485237483931	0.0	0.01797175866495503	-0.0025673940949936407	0.006418485237483931	51934427
2023-01-09	0.01963350785340319	0.0026178010471204793	0.026178010471204213	-0.011780104712041866	0.01963350785340319	53854736
2023-01-06	-0.0304568527918782	-0.0025380710659897937	0.0	-0.0355329949238579	-0.0304568527918782	66282296
2023-01-05	0.012853470437017948	0.002570694087403544	0.023136246786632352	-0.0038560411311054305	0.012853470437017948	51231845
2023-01-04	0.035952063914780355	0.006657789613848179	0.04260985352862853	-0.009320905459387404	0.035952063914780355	58446418
2023-01-03	-0.011842105263157876	0.002631578947368482	0.003947368421052665	-0.02631578947368412	-0.011842105263157876	50523198
2022-12-30	0.020134228187919392	0.0013422818791946022	0.02684563758389264	-0.00671140939597313	0.020134228187919392	50502215
2022-12-29	-0.013245033112582735	0.0026490066225166174	0.003973509933774867	-0.019867549668874104	-0.013245033112582735	45783011
2022-12-28	-0.03575989782886338	-0.0012771392081736637	0.011494252873563201	-0.04214559386973181	-0.03575989782886338	79922519
2022-12-27	0.005134788189987168	0.01797175866495503	0.030808729139922893	-0.012836970474967862	0.005134788189987168	63902132
2022-12-26	0.01697127937336813	0.005221932114882511	0.04046997389033937	-0.0039164490861619125	0.01697127937336813	76729508
2022-12-23	0.00789473684210533	-0.005263157894736847	0.019736842105263205	-0.00657894736842103	0.00789473684210533	72041373
2022-12-22	0.005291005291005296	0.002645502645502707	0.022486772486772597	-0.003968253968253884	0.005291005291005296	45631850
2022-12-21	0.006657789613848179	0.0	0.010652463382157133	-0.0026631158455392243	0.006657789613848179	38701161
2022-12-20	-0.01572739187418088	0.002621231979030205	0.013106159895150791	-0.023591087811271262	-0.01572739187418088	35814479
2022-12-19	-0.01548387096774195	-0.0025806451612902675	0.007741935483870917	-0.027096774193548383	-0.01548387096774195	47865386
2022-12-16	0.00911458333333337	0.0	0.011718749999999983	-0.010416666666666676	0.00911458333333337	69773630
2022-12-15	-0.021656050955414004	0.006369426751592447	0.01528662420382167	-0.022929936305732448	-0.021656050955414004	61326986
2022-12-14	0.0064102564102563875	0.0	0.017948717948718024	-0.012820512820512775	0.0064102564102563875	83708220
2022-12-13	0.010362694300518144	-0.0012953367875647393	0.05181347150259061	-0.009067357512953289	0.010362694300518144	149293275
2022-12-12	0.03346720214190094	0.0	0.04551539491298526	-0.008032128514056172	0.03346720214190094	139024166
2022-12-09	-0.004000000000000033	0.0026666666666666098	0.007999999999999948	-0.021333333333333353	-0.004000000000000033	65968380
2022-12-08	-0.00924702774108326	0.010568031704095121	0.017173051519154544	-0.01849405548216652	-0.00924702774108326	125395354
2022-12-07	0.02021563342318064	0.006738544474393507	0.056603773584905655	0.0013477088948786774	0.02021563342318064	132532115
2022-12-06	-0.004026845637583926	-0.0026845637583893236	0.012080536912751658	-0.010738255033557057	-0.004026845637583926	56780281
2022-12-05	0.01498637602179841	0.01498637602179841	0.03269754768392374	0.0040871934604904975	0.01498637602179841	78356856
2022-12-02	-0.008108108108108174	-0.008108108108108174	0.006756756756756733	-0.018918918918918996	-0.008108108108108174	33525518
2022-12-01	-0.00671140939597313	0.030872483221476447	0.030872483221476447	-0.03355704697986577	-0.00671140939597313	100309408
2022-11-30	0.020547945205479503	-0.013698630136986254	0.03424657534246575	-0.020547945205479378	0.020547945205479503	92441922
2022-11-29	0.03988603988603993	0.0	0.04131054131054132	-0.005698005698005577	0.03988603988603993	88118798
2022-11-28	0.02781844802342599	-0.008784773060029356	0.03221083455344067	-0.02196193265007326	0.02781844802342599	59537830
2022-11-25	-0.004373177842565633	-0.005830903790087469	0.004373177842565504	-0.013119533527696901	-0.004373177842565633	39517301
2022-11-24	-0.012949640287769763	-0.002877697841726685	0.0	-0.018705035971223007	-0.012949640287769763	21834097
2022-11-23	0.010174418604651203	-0.005813953488372098	0.01308139534883719	-0.011627906976744196	0.010174418604651203	26096722
2022-11-22	-0.0057803468208092535	-0.0057803468208092535	0.010115606936416227	-0.01445086705202307	-0.0057803468208092535	24643179
2022-11-21	-0.01704545454545456	-0.014204545454545404	-0.008522727272727217	-0.03409090909090912	-0.01704545454545456	34029657
2022-11-18	0.0014224751066856027	-0.001422475106685729	0.01706970128022761	-0.007112375533428139	0.0014224751066856027	40815818
2022-11-17	0.008608321377331493	-0.0014347202295552062	0.020086083213773396	-0.007173601147776158	0.008608321377331493	36110496
2022-11-16	-0.0028612303290415537	0.01001430615164512	0.022889842632331923	-0.008583690987124535	-0.0028612303290415537	43919416
2022-11-15	0.011577424023154858	0.00289435600578865	0.023154848046309715	-0.001447178002894325	0.011577424023154858	61511845
2022-11-14	-0.06998654104979807	0.0013458950201885162	0.0013458950201885162	-0.07402422611036337	-0.06998654104979807	100156413
2022-11-11	0.0013477088948786774	0.012129380053908336	0.04716981132075467	-0.03369272237196765	0.0013477088948786774	108244751
2022-11-10	0.00134952766531711	-0.008097165991902902	0.009446693657220012	-0.035087719298245584	0.00134952766531711	50939281
2022-11-09	0.0013513513513513226	0.0040540540540539675	0.013513513513513466	-0.01081081081081082	0.0013513513513513226	34105843
2022-11-08	0.012311901504788064	-0.009575923392612777	0.02188782489740084	-0.0109439124487003	0.012311901504788064	71747295
2022-11-07	0.002743484224965648	-0.020576131687242847	0.008230452674897066	-0.023319615912208495	0.002743484224965648	53324581
2022-11-04	0.05043227665706047	0.0	0.07636887608069155	-0.005763688760806921	0.05043227665706047	114225437
2022-11-03	-0.012802275960170676	-0.018492176386913212	0.01706970128022761	-0.028449502133712685	-0.012802275960170676	63669485
2022-11-02	0.026277372262773813	-0.01605839416058386	0.07007299270072999	-0.01751824817518237	0.026277372262773813	141637858
2022-11-01	0.060371517027863725	-0.0015479876160990381	0.06501547987616098	-0.02167182662538695	0.060371517027863725	68830911
2022-10-31	-0.030030030030030058	-0.0030030030030030724	0.004504504504504542	-0.05105105105105103	-0.030030030030030058	53297301
2022-10-28	-0.013333333333333312	0.0	0.013333333333333312	-0.016296296296296343	-0.013333333333333312	34022748
2022-10-27	0.0	0.00148148148148145	0.020740740740740695	-0.011851851851851862	0.0	38735333
2022-10-26	0.04006163328197223	0.0015408320493065927	0.04776579352850533	-0.004622496147919915	0.04006163328197223	72675683
2022-10-25	0.01724137931034488	-0.0047021943573668104	0.028213166144200583	-0.007836990595611257	0.01724137931034488	45953909
2022-10-24	-0.06725146198830409	-0.013157894736842085	-0.010233918128655012	-0.07017543859649117	-0.06725146198830409	69437538
2022-10-21	0.04109589041095884	-0.010654490106544944	0.04414003044140031	-0.01369863013698628	0.04109589041095884	74715295
2022-10-20	0.033018867924528295	-0.003144654088050387	0.05817610062893083	-0.009433962264151021	0.033018867924528295	60860764
2022-10-19	-0.01700154559505401	-0.001545595054095794	0.024729520865533254	-0.01854714064914994	-0.01700154559505401	45799162
2022-10-18	-0.007668711656441691	0.010736196319018449	0.052147239263803796	-0.013803680981595071	-0.007668711656441691	53197111
2022-10-17	0.026771653543307076	-0.0015748031496062658	0.03307086614173228	-0.015748031496062936	0.026771653543307076	45059711
2022-10-14	-0.0047021943573668104	-0.0015673981191222236	0.009404388714733621	-0.010971786833855844	-0.0047021943573668104	35913900
2022-10-13	-0.01238390092879258	-0.010835913312693542	-0.0015479876160990381	-0.02476780185758516	-0.01238390092879258	29797037
2022-10-12	-0.004622496147919915	-0.006163328197226508	-0.0015408320493065927	-0.029275808936825944	-0.004622496147919915	29444674
2022-10-11	-0.028443113772455016	0.0014970059880240532	0.0029940119760479733	-0.037425149700598806	-0.028443113772455016	32011119
2022-10-10	0.006024096385542174	0.021084337349397676	0.0391566265060242	-0.0015060240963855102	0.006024096385542174	46247813
2022-09-30	-0.02209131075110462	0.01620029455081006	0.01620029455081006	-0.03240058910161999	-0.02209131075110462	38799292
2022-09-29	-0.011644832605531306	0.008733624454148414	0.008733624454148414	-0.01892285298398834	-0.011644832605531306	34080271
2022-09-28	-0.0014534883720929922	-0.004360465116279106	0.017441860465116296	-0.008720930232558082	-0.0014534883720929922	48666575
2022-09-27	0.05038167938931299	-0.00610687022900764	0.05648854961832063	-0.007633587786259515	0.05038167938931299	56420902
2022-09-26	0.023437499999999917	0.014062499999999978	0.0390625	0.0031249999999999334	0.023437499999999917	39457447
2022-09-23	-0.006211180124223607	0.0	0.012422360248447077	-0.02484472049689443	-0.006211180124223607	35134803
2022-09-22	-0.015290519877675787	-0.003058103975535239	0.0	-0.02599388379204892	-0.015290519877675787	24789066
2022-09-21	0.001531393568146981	0.001531393568146981	0.013782542113323101	-0.007656967840735041	0.001531393568146981	24628213
2022-09-20	-0.009104704097116785	0.009104704097116919	0.009104704097116919	-0.016691957511380796	-0.009104704097116785	29638376
2022-09-19	0.013846153846153824	0.0030769230769230114	0.02307692307692313	-0.013846153846153824	0.013846153846153824	36452969
2022-09-16	-0.025487256371814083	-0.0014992503748125618	0.01199400299850076	-0.0299850074962519	-0.025487256371814083	40742329
2022-09-15	0.0045180722891566645	0.007530120481927818	0.022590361445783188	-0.006024096385542174	0.0045180722891566645	29284534
2022-09-14	-0.005988023952095814	-0.013473053892215548	0.010479041916167707	-0.01946107784431136	-0.005988023952095814	32469826
2022-09-13	0.012121212121212133	0.0030303030303031006	0.0212121212121213	-0.010606060606060515	0.012121212121212133	31304288
2022-09-09	0.0030395136778114855	-0.004559270516717363	0.015197568389057697	-0.010638297872340469	0.0030395136778114855	40448032
2022-09-08	0.021739130434782556	0.004658385093167602	0.029503105590062032	0.0015527950310558673	0.021739130434782556	41321841
2022-09-07	0.0	-0.0031055900621118726	0.012422360248447077	-0.00931677018633548	0.0	28513915
2022-09-06	0.032051282051282076	0.0	0.04006410256410256	-0.0016025641025640682	0.032051282051282076	43106959
2022-09-05	0.008077544426494316	0.0016155088852988345	0.00969305331179315	-0.009693053311793294	0.008077544426494316	31719719
2022-09-02	0.006504065040650412	-0.0032520325203252783	0.01626016260162596	-0.00975609756097569	0.006504065040650412	32173633
2022-09-01	-0.04503105590062112	0.0	0.0031055900621117347	-0.048136645962732996	-0.04503105590062112	56439907
2022-08-31	-0.010752688172042918	-0.003072196620583652	0.006144393241167441	-0.013824884792626706	-0.010752688172042918	32123901
2022-08-30	0.0015384615384615057	-0.0015384615384615057	0.013846153846153824	-0.009230769230769171	0.0015384615384615057	38231809
2022-08-29	0.012461059190031164	-0.009345794392523303	0.018691588785046745	-0.015576323987538885	0.012461059190031164	30840798
2022-08-26	0.004694835680751213	0.0031298904538341883	0.018779342723004713	-0.003129890453834049	0.004694835680751213	28917961
2022-08-25	0.01267828843106182	0.004754358161648218	0.017432646592710037	-0.003169572107765384	0.01267828843106182	24533576
2022-08-24	-0.012519561815336476	-0.003129890453834049	0.0031298904538341883	-0.01721439749608755	-0.012519561815336476	21112251
2022-08-23	0.0	-0.0015649452269170245	0.0078247261345854	-0.014084507042253499	0.0	32734059
2022-08-22	0.015898251192368783	-0.004769475357710691	0.022257551669316325	-0.007949125596184391	0.015898251192368783	38683870
2022-08-19	0.009630818619582602	0.003210272873194153	0.019261637239165203	-0.003210272873194295	0.009630818619582602	29872272
2022-08-18	-0.015797788309636594	-0.003159557661927403	0.004739336492891035	-0.018957345971563996	-0.015797788309636594	22510844
2022-08-17	0.01605136436597105	0.0	0.02086677367576242	-0.004815409309791372	0.01605136436597105	30688444
2022-08-16	-0.0031999999999999316	-0.0064000000000000055	0.0064000000000000055	-0.012800000000000011	-0.0031999999999999316	26384505
2022-08-15	-0.014195583596214489	-0.006309148264984233	-0.006309148264984233	-0.03154574132492116	-0.014195583596214489	39009187
2022-08-12	0.02588996763754048	0.0016181229773463877	0.02750809061488672	-0.008090614886731363	0.02588996763754048	42607708
2022-08-11	0.014778325123152686	0.0016420361247947105	0.016420361247947542	-0.003284072249589421	0.014778325123152686	21506146
2022-08-10	-0.019323671497584557	-0.0016103059581320108	-0.0016103059581320108	-0.024154589371980735	-0.019323671497584557	29152912
2022-08-09	0.011400651465798092	0.0032573289902280886	0.016286644951140152	-0.004885993485341916	0.011400651465798092	26295659
2022-08-08	-0.012861736334405157	-0.009646302250803797	-0.0016077170418006088	-0.016077170418006374	-0.012861736334405157	26882820
2022-08-05	0.0032258064516128343	0.008064516129032228	0.008064516129032228	-0.011290322580645207	0.0032258064516128343	23449586
2022-08-04	0.00813008130081298	0.00813008130081298	0.011382113821138113	-0.006504065040650412	0.00813008130081298	16718814
2022-08-03	-0.029968454258675	-0.0047318611987382094	0.007886435331230256	-0.03312302839116719	-0.029968454258675	50528245
2022-08-02	-0.003144654088050387	-0.007861635220125897	0.004716981132075371	-0.028301886792452925	-0.003144654088050387	34852000
2022-08-01	-0.0062500000000000056	-0.007812500000000111	0.007812499999999972	-0.015625000000000083	-0.0062500000000000056	43402674
2022-07-29	-0.031770045385779114	-0.0075642965204237075	-0.004538577912254198	-0.04538577912254171	-0.031770045385779114	69179564
2022-07-28	-0.027941176470588164	0.0029411764705883033	0.007352941176470562	-0.04264705882352942	-0.027941176470588164	56549859
2022-07-27	0.010401188707280741	-0.001485884101040219	0.013372956909361048	-0.01337295690936118	0.010401188707280741	25699540
2022-07-26	0.010510510510510553	0.0075075075075074806	0.039039039039039006	0.0015015015015014694	0.010510510510510553	38668340
2022-07-25	-0.0029940119760478406	0.0029940119760479733	0.005988023952095814	-0.0074850299401197345	-0.0029940119760478406	19133796
2022-07-22	0.00906344410876127	0.003021148036253712	0.01963746223564953	-0.007552870090634414	0.00906344410876127	26193800
2022-07-21	-0.016344725111441354	-0.004457652303120394	0.008915304606240654	-0.01931649331352166	-0.016344725111441354	27311297
2022-07-20	0.004477611940298544	0.001492537313432804	0.025373134328358197	-0.0029850746268657406	0.004477611940298544	31348117
2022-07-19	-0.02616279069767438	0.00726744186046509	0.00726744186046509	-0.03197674418604648	-0.02616279069767438	43622632
2022-07-18	0.013254786450662718	-0.007363770250368162	0.023564064801178224	-0.011782032400589112	0.013254786450662718	30662542
2022-07-15	-0.031383737517831634	-0.0042796005706133185	0.004279600570613445	-0.03281027104136941	-0.031383737517831634	36594353
2022-07-14	0.015942028985507162	-0.004347826086956557	0.028985507246376708	-0.013043478260869672	0.015942028985507162	41688462
2022-07-13	0.03448275862068972	0.01199400299850076	0.037481259370314844	0.010494752623688198	0.03448275862068972	62691296
2022-07-12	0.007552870090634414	0.006042296072507558	0.021148036253776387	-0.01057401812688826	0.007552870090634414	31932806
2022-07-11	-0.010463378176382702	-0.004484304932735463	-0.004484304932735463	-0.035874439461883435	-0.010463378176382702	35586666
2022-07-08	0.012102874432677772	0.012102874432677772	0.03933434190620269	0.004538577912254063	0.012102874432677772	33741426
2022-07-07	-0.001510574018126856	-0.001510574018126856	0.007552870090634414	-0.007552870090634414	-0.001510574018126856	42839486
2022-07-06	-0.02790014684287805	0.0014684287812042108	0.016152716593245277	-0.041116005873715035	-0.02790014684287805	68247561
2022-07-05	0.004424778761061852	0.0	0.02654867256637164	-0.004424778761061983	0.004424778761061852	52484892
2022-07-04	-0.02865329512893985	0.010028653295128852	0.015759312320916822	-0.05014326647564477	-0.02865329512893985	99434157
2022-07-01	-0.04514363885088908	-0.006839945280437733	0.0	-0.047879616963064246	-0.04514363885088908	56605349
2022-06-30	0.0152777777777777	0.01666666666666668	0.041666666666666644	0.004166666666666701	0.0152777777777777	63487543
2022-06-29	-0.019073569482288784	-0.0013623978201634586	0.020435967302452365	-0.025885558583106198	-0.019073569482288784	77128679
2022-06-28	0.04113475177304965	0.004255319148936206	0.056737588652482324	-0.011347517730496465	0.04113475177304965	74418311
2022-06-27	0.02919708029197083	0.0	0.04817518248175184	0.0	0.02919708029197083	54074243
2022-06-24	0.014814814814814762	-0.0029629629629629	0.022222222222222275	-0.014814814814814762	0.014814814814814762	41567141
2022-06-23	0.0014836795252225203	0.007418397626112733	0.013353115727002946	-0.017804154302670638	0.0014836795252225203	48307065
2022-06-22	0.008982035928143787	0.007485029940119867	0.023952095808383256	-0.004491017964071761	0.008982035928143787	38423889
2022-06-21	-0.004470938897168443	-0.004470938897168443	0.011922503725782425	-0.01639344262295087	-0.004470938897168443	44629091
2022-06-20	0.02914110429447859	0.0015337423312884472	0.03834355828220859	0.0	0.02914110429447859	52779400
2022-06-17	0.020344287949921738	-0.004694835680751074	0.026604068857589976	-0.014084507042253499	0.020344287949921738	51437598
2022-06-16	0.01913875598086126	0.006379585326953754	0.02711323763955356	0.0015948963317385448	0.01913875598086126	42942313
2022-06-15	0.004807692307692205	-0.004807692307692347	0.022435897435897384	-0.011217948717948763	0.004807692307692205	54475479
2022-06-14	0.008077544426494316	-0.0032310177705978126	0.00969305331179315	-0.012924071082390964	0.008077544426494316	33356921
2022-06-13	-0.043276661514683054	-0.010819165378670696	-0.010819165378670696	-0.05718701700154561	-0.043276661514683054	68441946
2022-06-10	0.003100775193798383	-0.007751937984496096	0.003100775193798383	-0.018604651162790715	0.003100775193798383	34923277
2022-06-09	-0.009216589861751093	-0.004608294930875478	0.012288786482334882	-0.013824884792626706	-0.009216589861751093	35897371
2022-06-08	0.023584905660377273	0.0	0.033018867924528295	-0.014150943396226532	0.023584905660377273	51897932
2022-06-07	-0.0062500000000000056	0.0031249999999999334	0.0046874999999999	-0.023437500000000056	-0.0062500000000000056	40040150
2022-06-06	-0.012345679012345689	0.0015432098765431768	0.0015432098765431768	-0.03395061728395071	-0.012345679012345689	46994570
2022-06-02	0.0	-0.0030864197530864907	0.012345679012345552	-0.013888888888889003	0.0	19720781
2022-06-01	-0.0015408320493065927	0.0	0.021571648690292707	-0.0077041602465331	-0.0015408320493065927	30181734
2022-05-31	0.0030911901081917253	0.0015455950540959314	0.01854714064914994	-0.010819165378670696	0.0030911901081917253	47699173
2022-05-30	0.023734177215189788	0.011075949367088512	0.044303797468354326	0.006329113924050638	0.023734177215189788	55493573
2022-05-27	0.0	-0.0031645569620253893	0.006329113924050638	-0.012658227848101276	0.0	39746704
2022-05-26	0.025974025974025997	0.0	0.027597402597402586	0.0	0.025974025974025997	54046279
2022-05-25	0.04230118443316413	0.001692047377326529	0.05245346869712345	0.001692047377326529	0.04230118443316413	73809409
2022-05-24	-0.02314049586776854	0.0	0.028099173553718996	-0.02314049586776854	-0.02314049586776854	47455258
2022-05-23	0.0016556291390728123	-0.004966887417218584	0.00993377483443702	-0.013245033112582794	0.0016556291390728123	29924104
2022-05-20	0.02372881355932198	0.00847457627118641	0.02542372881355923	0.005084745762711756	0.02372881355932198	43903413
2022-05-19	0.003401360544217766	-0.017006802721088374	0.005102040816326573	-0.02040816326530614	0.003401360544217766	27840516
2022-05-18	-0.02325581395348832	0.0016611295681064244	0.004983388704318978	-0.03322259136212613	-0.02325581395348832	46133327
2022-05-17	0.0033333333333332624	-0.008333333333333304	0.008333333333333304	-0.03333333333333336	0.0033333333333332624	47471793
2022-05-16	0.010101010101010034	0.011784511784511682	0.04377104377104373	-0.00673400673400674	0.010101010101010034	70402604
2022-05-13	0.0033783783783784566	0.0050675675675676095	0.011824324324324372	-0.011824324324324372	0.0033783783783784566	17533826
2022-05-12	-0.027914614121510663	-0.006568144499178988	-0.003284072249589421	-0.036124794745484363	-0.027914614121510663	26677518
2022-05-11	0.04280821917808219	-0.0034246575342465023	0.05821917808219176	-0.005136986301369906	0.04280821917808219	59720310
2022-05-10	0.010380622837370174	-0.01730103806228383	0.0207612456747405	-0.041522491349481	0.010380622837370174	60015858
2022-05-09	-0.036666666666666625	-0.016666666666666607	-0.014999999999999977	-0.06000000000000005	-0.036666666666666625	55110187
2022-05-06	-0.05956112852664575	-0.01724137931034488	-0.015673981191222514	-0.09247648902821315	-0.05956112852664575	69723451
2022-05-05	-0.018461538461538477	-0.006153846153846159	0.004615384615384654	-0.038461538461538464	-0.018461538461538477	30948748
2022-04-29	0.030110935023771854	-0.007923930269413602	0.034865293185420074	-0.02060221870047542	0.030110935023771854	32486503
2022-04-28	-0.0047318611987382094	0.0015772870662460231	0.025236593059936932	-0.026813880126182955	-0.0047318611987382094	35758744
2022-04-27	0.006349206349206355	-0.004761904761904801	0.011111111111111157	-0.020634920634920617	0.006349206349206355	30388560
2022-04-26	-0.030769230769230795	0.007692307692307665	0.018461538461538477	-0.036923076923076954	-0.030769230769230795	31076018
2022-04-25	-0.045521292217327404	-0.019089574155653436	-0.0014684287812040803	-0.045521292217327404	-0.045521292217327404	32511316
2022-04-22	0.008888888888888832	-0.007407407407407381	0.017777777777777795	-0.020740740740740695	0.008888888888888832	25539800
2022-04-21	-0.0452616690240453	-0.009900990099009941	0.0	-0.050919377652050964	-0.0452616690240453	35507451
2022-04-20	0.024637681159420277	0.005797101449275368	0.03188405797101446	-0.01884057971014504	0.024637681159420277	43027887
2022-04-19	-0.004329004329004237	0.0	0.007215007215007318	-0.01443001443001438	-0.004329004329004237	16327472
2022-04-18	0.011678832116788333	-0.005839416058394166	0.026277372262773813	-0.01751824817518237	0.011678832116788333	21001568
2022-04-15	-0.0029112081513828912	-0.010189228529839925	0.01746724890829696	-0.014556040756914197	-0.0029112081513828912	18285103
2022-04-14	0.014771048744460936	0.011816838995568697	0.04874446085672084	0.005908419497784348	0.014771048744460936	36870941
2022-04-13	-0.03008595988538694	-0.018624641833811	-0.00429799426934101	-0.03008595988538694	-0.03008595988538694	30556182
2022-04-12	0.08049535603715177	0.00619195046439629	0.08513931888544889	0.0	0.08049535603715177	61704964
2022-04-11	-0.04296296296296297	-0.007407407407407381	0.004444444444444481	-0.04444444444444442	-0.04296296296296297	35298162
2022-04-08	0.022727272727272783	0.0	0.025757575757575746	-0.016666666666666583	0.022727272727272783	37543101
2022-04-07	0.0030395136778114855	-0.007598784194528849	0.027355623100303907	-0.010638297872340469	0.0030395136778114855	41534013
2022-04-06	0.013867488443759608	-0.020030816640986115	0.0231124807395993	-0.02311248073959944	0.013867488443759608	33848424
2022-04-01	0.04846526655896604	-0.0032310177705978126	0.06300484652665585	-0.012924071082390964	0.04846526655896604	59298225
2022-03-31	-0.03129890453834105	-0.006259780907668238	0.040688575899843614	-0.040688575899843475	-0.03129890453834105	52357864
2022-03-30	0.03398058252427184	0.00647249190938512	0.04368932038834959	-0.001618122977346244	0.03398058252427184	42007876
2022-03-29	-0.008025682182985668	0.0	0.014446227929373973	-0.01123595505617982	-0.008025682182985668	18872465
2022-03-28	-0.007961783439490418	-0.007961783439490418	0.0	-0.030254777070063757	-0.007961783439490418	25019050
2022-03-25	-0.03533026113671268	-0.004608294930875478	0.0	-0.04147465437788012	-0.03533026113671268	32395480
2022-03-24	-0.009132420091324277	-0.007610350076103609	0.012176560121765611	-0.010654490106544944	-0.009132420091324277	21701401
2022-03-23	-0.007552870090634414	-0.006042296072507558	0.003021148036253712	-0.028700906344410936	-0.007552870090634414	33328228
2022-03-22	-0.008982035928143655	-0.041916167664670566	0.01946107784431136	-0.04640718562874246	-0.008982035928143655	77360232
2022-03-21	-0.005952380952380958	-0.020833333333333287	0.013392857142857123	-0.032738095238095205	-0.005952380952380958	51502547
2022-03-18	0.00900900900900895	-0.006006006006006011	0.016516516516516432	-0.016516516516516564	0.00900900900900895	30059594
2022-03-17	0.024615384615384636	0.013846153846153824	0.053846153846153794	-0.013846153846153824	0.024615384615384636	70924353
2022-03-16	0.09983079526226732	0.03214890016920465	0.09983079526226732	0.027072758037225066	0.09983079526226732	90764042
2022-03-15	-0.048309178743961324	-0.006441223832528186	-0.004830917874396175	-0.049919484702093335	-0.048309178743961324	57172733
2022-03-14	-0.07451564828614009	-0.02384500745156485	-0.02384500745156485	-0.07600596125186286	-0.07451564828614009	45809701
2022-03-11	0.035493827160493756	-0.018518518518518535	0.049382716049382616	-0.023148148148148202	0.035493827160493756	46082098
2022-03-10	0.025316455696202552	0.023734177215189788	0.044303797468354326	0.012658227848101276	0.025316455696202552	39199673
2022-03-09	-0.00784929356357925	0.0	0.00784929356357925	-0.05808477237048667	-0.00784929356357925	43331443
2022-03-08	-0.02599388379204892	-0.019877675840978576	0.021406727828746128	-0.029051987767584157	-0.02599388379204892	60664744
2022-03-07	-0.09793103448275861	-0.013793103448275813	-0.0110344827586207	-0.09931034482758617	-0.09793103448275861	105614745
2022-03-04	-0.005486968449931418	-0.001371742112482824	0.008230452674897066	-0.01508916323731143	-0.005486968449931418	24541828
2022-03-03	0.03404255319148939	0.0	0.04113475177304965	0.0	0.03404255319148939	40988558
2022-03-02	-0.002828854314002894	-0.009900990099009941	0.0028288543140027682	-0.016973125884016987	-0.002828854314002894	24079065
2022-03-01	0.020202020202020284	-0.004329004329004237	0.04329004329004339	-0.004329004329004237	0.020202020202020284	46396179
2022-02-28	-0.0014409221902018264	-0.008645533141210446	0.0014409221902016982	-0.021613832853025986	-0.0014409221902018264	42093191
2022-02-25	-0.009985734664764536	0.0	0.009985734664764663	-0.019971469329529198	-0.009985734664764536	36550179
2022-02-24	-0.0056737588652482325	0.0	0.012765957446808491	-0.015602836879432544	-0.0056737588652482325	37527232
2022-02-23	-0.022191400832177553	0.0027739251040222557	0.004160887656033322	-0.03051317614424407	-0.022191400832177553	44597756
2022-02-22	-0.016371077762619386	-0.0054570259208731285	-0.004092769440654877	-0.028649386084583898	-0.016371077762619386	41015311
2022-02-21	-0.002721088435374092	-0.001360544217687046	0.004081632653061259	-0.029931972789115614	-0.002721088435374092	23410933
2022-02-18	0.019417475728155296	0.0013869625520110662	0.033287101248266324	-0.012482662968099842	0.019417475728155296	39280380
2022-02-17	-0.021709633649932177	0.004070556309362313	0.006784260515603775	-0.02985074626865668	-0.021709633649932177	40631460
2022-02-16	0.0040871934604904975	0.009536784741144453	0.03950953678474115	-0.005449591280653956	0.0040871934604904975	39409926
2022-02-15	-0.009446693657220012	0.00269905533063422	0.00269905533063422	-0.033738191632928474	-0.009446693657220012	51648036
2022-02-14	-0.027559055118110232	0.0	0.006561679790026223	-0.044619422572178456	-0.027559055118110232	75838830
2022-02-11	-0.02307692307692304	-0.010256410256410265	0.016666666666666653	-0.03461538461538456	-0.02307692307692304	69161050
2022-02-10	0.03174603174603178	0.001322751322751412	0.06216931216931214	-0.003968253968253884	0.03174603174603178	101686250
2022-02-09	0.007999999999999948	-0.004000000000000033	0.023999999999999962	-0.00933333333333337	0.007999999999999948	60273843
2022-02-08	0.01902173913043474	-0.008152173913043546	0.020380434782608623	-0.013586956521739203	0.01902173913043474	53071386
2022-02-07	0.004092769440654877	0.002728512960436504	0.01227830832196451	-0.03137789904502052	0.004092769440654877	45563178
2022-01-28	0.015235457063711957	0.002770083102493139	0.02908587257617728	-0.03601108033240994	0.015235457063711957	59656642
2022-01-27	0.005571030640668529	-0.005571030640668529	0.027855153203342645	-0.012534818941504159	0.005571030640668529	49836356
2022-01-26	-0.006915629322268424	-0.0013831258644537586	0.016597510373443876	-0.01244813278008309	-0.006915629322268424	31713502
2022-01-25	0.011188811188811197	-0.006993006993007092	0.04195804195804193	-0.011188811188811197	0.011188811188811197	57447349
2022-01-24	-0.015151515151515074	-0.008264462809917302	0.0027548209366391823	-0.03030303030303027	-0.015151515151515074	48422930
2022-01-21	0.011142061281337058	0.023676880222841215	0.04317548746518113	-0.019498607242339788	0.011142061281337058	94487881
2022-01-20	0.011267605633802828	0.007042253521126861	0.035211267605633804	-0.004225352112675967	0.011267605633802828	78676497
2022-01-19	-0.013888888888888963	-0.00694444444444442	0.0013888888888888592	-0.02083333333333338	-0.013888888888888963	41307502
2022-01-18	0.03448275862068969	0.002873563218390871	0.038793103448275926	-0.008620689655172358	0.03448275862068969	52449477
2022-01-17	0.0014388489208632786	0.002877697841726557	0.005755395683453243	-0.01438848920863317	0.0014388489208632786	32085829
2022-01-14	-0.014184397163120517	0.012765957446808491	0.014184397163120643	-0.024113475177304954	-0.014184397163120517	46204179
2022-01-13	-0.011220196353436195	-0.0014025245441794932	0.0154277699859748	-0.01963534361851328	-0.011220196353436195	44444958
2022-01-12	0.002812939521800221	0.005625879043600567	0.012658227848101245	-0.011251758087201134	0.002812939521800221	36158201
2022-01-11	-0.001404494382022442	0.0	0.025280898876404456	-0.012640449438202228	-0.001404494382022442	65005642
2022-01-10	0.017142857142857158	-0.0042857142857143215	0.024285714285714275	-0.017142857142857158	0.017142857142857158	49934814
2022-01-07	0.004304160688665746	0.0	0.018651362984218062	-0.007173601147776158	0.004304160688665746	34914596
2022-01-06	-0.031944444444444504	0.01805555555555554	0.01805555555555554	-0.0513888888888889	-0.031944444444444504	63814004
2022-01-05	0.03448275862068969	-0.004310344827586242	0.035919540229885055	-0.007183908045976986	0.03448275862068969	106260288
2022-01-04	0.022026431718061727	0.0014684287812042108	0.03083700440528634	-0.0029368575624081606	0.022026431718061727	70979565
2021-12-31	0.0014705882352940864	0.005882352941176476	0.011764705882352951	-0.004411764705882389	0.0014705882352940864	36885998
2021-12-30	0.011904761904761916	0.0	0.014880952380952462	-0.007440476190476164	0.011904761904761916	44088986
2021-12-29	0.032258064516129024	-0.003072196620583652	0.07373271889400929	-0.006144393241167441	0.032258064516129024	117544321
2021-12-28	-0.0030627871362940984	0.0	0.001531393568146981	-0.0168453292496172	-0.0030627871362940984	24030281
2021-12-27	0.04480000000000004	-0.0048000000000000395	0.046400000000000004	-0.0064000000000000055	0.04480000000000004	54530327
2021-12-24	0.003210272873194153	-0.001605136436597219	0.006420545746388306	-0.01123595505617982	0.003210272873194153	22980290
2021-12-23	0.0032206119162641648	0.0032206119162641648	0.012882447665056373	-0.0016103059581320108	0.0032206119162641648	21834227
2021-12-22	0.0016129032258064171	0.016129032258064457	0.024193548387096687	-0.0016129032258064171	0.0016129032258064171	24762794
2021-12-21	0.00813008130081298	0.0	0.01626016260162596	0.0	0.00813008130081298	20266724
2021-12-20	-0.012841091492776896	-0.003210272873194295	-0.003210272873194295	-0.014446227929374115	-0.012841091492776896	15676769
2021-12-17	-0.007961783439490418	-0.004777070063694307	-0.0015923566878981966	-0.011146496815286669	-0.007961783439490418	11687923
2021-12-16	0.019480519480519497	0.0016233766233765888	0.022727272727272676	-0.004870129870129911	0.019480519480519497	23780764
2021-12-15	-0.012820512820512832	0.0016025641025640682	0.0016025641025640682	-0.0144230769230769	-0.012820512820512832	21821567
2021-12-14	-0.011093502377178986	-0.00633914421553091	-0.00633914421553091	-0.02060221870047542	-0.011093502377178986	20221813
2021-12-13	-0.02923076923076929	-0.010769230769230812	-0.009230769230769171	-0.0323076923076923	-0.02923076923076929	34149658
2021-12-10	0.0	-0.007692307692307665	0.006153846153846159	-0.018461538461538477	0.0	38279482
2021-12-09	0.009316770186335343	0.006211180124223607	0.021739130434782556	-0.00931677018633548	0.009316770186335343	29865500
2021-12-08	-0.004636785162287382	0.0	0.004636785162287519	-0.01854714064914994	-0.004636785162287382	29889570
2021-12-07	0.05032467532467526	0.017857142857142766	0.06331168831168826	0.017857142857142766	0.05032467532467526	63163523
2021-12-06	-0.017543859649122716	-0.009569377990430561	-0.0031897926634768064	-0.019138755980861122	-0.017543859649122716	18579506
2021-12-03	0.01292407108239082	0.014539579967689798	0.01777059773828747	0.0016155088852988345	0.01292407108239082	27539008
2021-12-02	-0.0016129032258064171	-0.006451612903225812	0.008064516129032228	-0.008064516129032228	-0.0016129032258064171	16344661
2021-12-01	0.013071895424836612	-0.003267973856209226	0.016339869281045694	-0.008169934640522847	0.013071895424836612	29307051
2021-11-30	-0.012903225806451623	-0.008064516129032228	0.0	-0.012903225806451623	-0.012903225806451623	21485261
2021-11-29	-0.037267080745341644	-0.052795031055900735	-0.032608695652173905	-0.06677018633540381	-0.037267080745341644	58904019
2021-11-26	-0.013782542113323101	-0.01071975497702914	-0.004594180704441079	-0.0306278713629403	-0.013782542113323101	23385937
2021-11-25	-0.010606060606060515	0.0	0.0	-0.015151515151515098	-0.010606060606060515	11411012
2021-11-24	-0.006024096385542174	-0.0030120481927710203	0.0	-0.021084337349397544	-0.006024096385542174	19892124
2021-11-23	0.0	0.009036144578313329	0.016566265060241014	-0.00451807228915653	0.0	18126850
2021-11-22	-0.01337295690936118	0.0	0.0014858841010400871	-0.016344725111441354	-0.01337295690936118	19662536
2021-11-19	0.015082956259426928	0.0	0.019607843137254888	-0.015082956259426794	0.015082956259426928	17735219
2021-11-18	0.001510574018126856	0.0	0.00906344410876127	-0.0030211480362538463	0.001510574018126856	15974055
2021-11-17	-0.011940298507462697	-0.007462686567164152	0.0	-0.01940298507462685	-0.011940298507462697	17013639
2021-11-16	-0.005934718100890213	-0.0014836795252225203	0.007418397626112733	-0.010385756676557905	-0.005934718100890213	16273387
2021-11-15	-0.01892285298398834	-0.005822416302765653	-0.0029112081513828912	-0.029112081513828263	-0.01892285298398834	27671411
2021-11-12	0.025373134328358197	-0.007462686567164152	0.03582089552238809	-0.008955223880597088	0.025373134328358197	55127759
2021-11-11	0.007518796992481176	0.0015037593984962084	0.015037593984962351	-0.004511278195488759	0.007518796992481176	30706405
2021-11-10	-0.01188707280832096	-0.002971768202080306	0.008915304606240654	-0.020802377414561746	-0.01188707280832096	34150608
2021-11-09	-0.021802325581395273	0.010174418604651203	0.010174418604651203	-0.023255813953488393	-0.021802325581395273	43835999
2021-11-08	0.06832298136645955	0.029503105590062032	0.09937888198757758	0.029503105590062032	0.06832298136645955	142085682
2021-11-05	0.009404388714733621	-0.00940438871473348	0.015673981191222656	-0.010971786833855844	0.009404388714733621	25179947
2021-11-04	0.006309148264984233	-0.0015772870662460231	0.009463722397476419	-0.00946372239747628	0.006309148264984233	16645758
2021-11-03	-0.013996889580093291	-0.01555209953343696	-0.00777604976671848	-0.03576982892690506	-0.013996889580093291	32436180
2021-11-02	0.0015576323987538609	-0.017133956386292885	0.007788161993769443	-0.028037383177570048	0.0015576323987538609	60247691
2021-11-01	-0.0213414634146341	-0.019817073170731694	-0.016768292682926744	-0.05792682926829267	-0.0213414634146341	105722323
2021-10-29	0.04458598726114639	-0.0015923566878981966	0.05095541401273875	-0.012738853503184724	0.04458598726114639	81122184
2021-10-28	0.019480519480519497	0.0	0.040584415584415584	-0.0032467532467533216	0.019480519480519497	54076134
2021-10-27	-0.015974440894568634	0.0	0.0015974440894568351	-0.022364217252396117	-0.015974440894568634	20680571
2021-10-26	0.01294498381877024	-0.011326860841423852	0.024271844660194233	-0.014563106796116483	0.01294498381877024	36207532
2021-10-25	-0.001615508885298978	-0.012924071082390964	0.0	-0.02907915993537974	-0.001615508885298978	32511456
2021-10-22	-0.01746031746031737	-0.006349206349206355	0.006349206349206355	-0.020634920634920617	-0.01746031746031737	26365312
2021-10-21	-0.009433962264151021	-0.0015723270440252634	0.004716981132075371	-0.017295597484276778	-0.009433962264151021	30637427
2021-10-20	0.004739336492891035	0.0	0.017377567140600365	-0.015797788309636594	0.004739336492891035	35437424
2021-10-19	-0.014018691588785024	-0.012461059190031164	-0.0031152647975077217	-0.03426791277258563	-0.014018691588785024	50890499
2021-10-18	-0.0015552099533436682	-0.006220839813374812	0.006220839813374812	-0.023328149300155438	-0.0015552099533436682	46596561
2021-10-15	-0.007716049382716158	-0.0015432098765433139	0.007716049382716021	-0.02006172839506185	-0.007716049382716158	43192459
2021-10-14	0.03846153846153849	-0.003205128205128279	0.07051282051282043	-0.006410256410256416	0.03846153846153849	92974447
2021-10-13	0.0	-0.009615384615384694	0.006410256410256416	-0.020833333333333315	0.0	31456052
2021-10-12	0.0	-0.003205128205128279	0.012820512820512832	-0.012820512820512832	0.0	36602975
2021-10-11	0.028006589785831947	0.0	0.03130148270181211	-0.006589785831960467	0.028006589785831947	68667095
2021-10-08	0.05017301038062284	0.03633217993079584	0.06747404844290651	0.027681660899654004	0.05017301038062284	72462766
2021-09-30	0.014035087719298258	0.0017543859649122432	0.017543859649122744	-0.003508771929824642	0.014035087719298258	22604025
2021-09-29	-0.023972602739725974	-0.0034246575342465023	-0.0034246575342465023	-0.02910958904109588	-0.023972602739725974	26290377
2021-09-28	0.020979020979020997	0.0	0.02272727272727271	-0.003496503496503422	0.020979020979020997	25299762
2021-09-27	-0.01718213058419253	0.0	0.00859106529209619	-0.02405498281786951	-0.01718213058419253	47625798
2021-09-24	-0.0034246575342465023	0.0017123287671232511	0.008561643835616408	-0.011986301369863063	-0.0034246575342465023	25584139
2021-09-23	0.0034364261168384146	0.0	0.010309278350515396	-0.0034364261168385673	0.0034364261168384146	22917940
2021-09-22	0.0034482758620690453	-0.008620689655172384	0.0034482758620690453	-0.01551724137931032	0.0034482758620690453	20338913
2021-09-17	0.013986013986014	0.0	0.019230769230769287	-0.006993006993007	0.013986013986014	24492318
2021-09-16	-0.01718213058419253	0.0017182130584192073	0.018900343642611585	-0.01718213058419253	-0.01718213058419253	35759450
2021-09-15	-0.015228426395939063	-0.001692047377326529	0.0	-0.023688663282572006	-0.015228426395939063	29179168
2021-09-14	-0.029556650246305372	0.006568144499178988	0.011494252873563265	-0.031198686371100084	-0.029556650246305372	43185828
2021-09-13	-0.011363636363636409	-0.025974025974025997	0.004870129870129911	-0.06493506493506498	-0.011363636363636409	57097039
2021-09-10	-0.004846526655896647	0.006462035541195482	0.030694668820678433	-0.004846526655896647	-0.004846526655896647	57881876
2021-09-09	0.021452145214521583	-0.001650165016501615	0.029702970297029806	-0.00330033003300323	0.021452145214521583	48477108
2021-09-08	0.001652892561983436	0.0	0.016528925619834798	-0.004958677685950454	0.001652892561983436	26369545
2021-09-07	0.010016694490817964	-0.003338898163606087	0.013355592654424051	-0.0066777963272120254	0.010016694490817964	33066240
2021-09-06	-0.003327787021630545	-0.00831946755407651	0.0066555740432612375	-0.011647254575707054	-0.003327787021630545	37697073
2021-09-03	0.023850085178875585	0.0	0.02896081771720612	-0.015332197614991458	0.023850085178875585	57099721
2021-09-02	0.005136986301369906	-0.006849315068493157	0.006849315068493157	-0.01027397260273966	0.005136986301369906	30635726
2021-09-01	0.013888888888888902	0.0	0.015624999999999976	-0.008680555555555525	0.013888888888888902	35204773
2021-08-31	0.015873015873015848	0.0017636684303350594	0.015873015873015848	0.0	0.015873015873015848	33477323
2021-08-30	0.0	0.0	0.008818342151675453	-0.010582010582010514	0.0	19855985
2021-08-27	-0.013913043478260882	-0.005217391304347869	0.006956521739130441	-0.01913043478260875	-0.013913043478260882	19992574
2021-08-26	-0.0017361111111110742	0.0	0.012152777777777828	-0.010416666666666598	-0.0017361111111110742	18364442
2021-08-25	0.023090586145648295	0.0017761989342806016	0.026642984014209656	0.0	0.023090586145648295	33221154
2021-08-24	0.0035650623885917243	-0.0017825311942960204	0.008912655971479468	-0.0035650623885918825	0.0035650623885917243	15206125
2021-08-23	0.0	0.0017825311942958621	0.010695187165775331	-0.0035650623885918825	0.0	14504289
2021-08-20	-0.007079646017699121	-0.0017699115044248982	0.003539823008849482	-0.01946902654867262	-0.007079646017699121	21798282
2021-08-19	-0.0035273368606701188	0.0	0.0	-0.019400352733686125	-0.0035273368606701188	21658969
2021-08-18	0.012500000000000051	0.00714285714285715	0.02678571428571435	-0.017857142857142794	0.012500000000000051	35123867
2021-08-17	0.021897810218977957	0.003649635036496272	0.06751824817518233	0.0	0.021897810218977957	65636901
2021-08-16	0.014814814814814828	0.0037037037037036245	0.020370370370370264	-0.0018518518518519768	0.014814814814814828	19323736
2021-08-13	-0.005524861878452921	-0.0018416206261509737	0.003683241252302111	-0.014732965009208118	-0.005524861878452921	21830651
2021-08-12	0.0018450184501844625	0.003690036900369089	0.01660516605166049	-0.0018450184501844625	0.0018450184501844625	23262377
2021-08-11	0.009310986964618215	-0.0018621973929236102	0.014897579143389213	-0.0037243947858473857	0.009310986964618215	17112127
2021-08-10	0.0018656716417910048	-0.00559701492537318	0.005597014925373014	-0.01119402985074636	0.0018656716417910048	17743766
2021-08-09	0.019011406844106567	0.001901140684410606	0.024714828897338385	-0.003802281368821212	0.019011406844106567	20897710
2021-08-06	-0.003787878787878875	0.007575757575757582	0.009469696969696935	-0.007575757575757582	-0.003787878787878875	15283641
2021-08-05	0.009560229445506658	0.0	0.017208413001912018	-0.0038240917782027648	0.009560229445506658	21495565
2021-08-04	-0.011342155009451722	0.0	0.0	-0.018903591682419594	-0.011342155009451722	23107933
2021-08-03	0.0	-0.0037807183364840192	0.009451795841209797	-0.011342155009451722	0.0	25994780
2021-08-02	-0.011214953271027965	-0.031775700934579425	0.007476635514018699	-0.04859813084112146	-0.011214953271027965	55224176
2021-07-30	-0.046345811051693525	-0.0053475935828877445	-0.0053475935828877445	-0.05347593582887713	-0.046345811051693525	50153195
2021-07-29	-0.003552397868561203	0.003552397868561361	0.007104795737122564	-0.005328596802841963	-0.003552397868561203	21213366
2021-07-28	-0.024263431542460953	0.0017331022530330462	0.0051993067590988306	-0.031195840554592673	-0.024263431542460953	24366212
2021-07-27	0.005226480836236822	0.0	0.027874564459930338	-0.0017421602787456073	0.005226480836236822	24829139
2021-07-26	-0.02047781569965872	-0.005119453924914718	-0.005119453924914718	-0.025597269624573437	-0.02047781569965872	29126982
2021-07-23	-0.021702838063439048	-0.0066777963272120254	-0.0016694490818029693	-0.023372287145242164	-0.021702838063439048	27732283
2021-07-22	0.0	-0.005008347245409057	0.0016694490818029693	-0.010016694490818113	0.0	19832944
2021-07-21	-0.014802631578947345	-0.008223684210526286	-0.00493421052631583	-0.024671052631579007	-0.014802631578947345	36013750
2021-07-20	-0.003278688524590094	-0.00819672131147538	0.004918032786885287	-0.011475409836065476	-0.003278688524590094	25442012
2021-07-19	0.023489932885905986	-0.005033557046979908	0.02516778523489939	-0.01342281879194632	0.023489932885905986	50012401
2021-07-16	0.024054982817869358	-0.00171821305841936	0.029209621993127134	-0.005154639175257774	0.024054982817869358	47507489
2021-07-15	0.006920415224913501	0.006920415224913501	0.008650519031141838	-0.005190311418685164	0.006920415224913501	18382446
2021-07-14	-0.020338983050847474	0.0	0.0	-0.022033898305084877	-0.020338983050847474	25381520
2021-07-13	0.018998272884283303	-0.00518134715025911	0.02936096718480137	-0.008635578583765081	0.018998272884283303	36290997
2021-07-12	-0.016977928692699432	0.0016977928692700638	0.0033955857385399766	-0.018675721561969345	-0.016977928692699432	36835355
2021-07-09	0.020797227036395166	0.0	0.03119584055459283	-0.0034662045060657844	0.020797227036395166	40842380
2021-07-08	-0.020373514431239408	0.0	0.0	-0.025466893039049147	-0.020373514431239408	41009830
2021-07-07	-0.0033840947546532082	-0.0033840947546532082	0.0	-0.010152284263959475	-0.0033840947546532082	21759570
2021-07-06	0.005102040816326573	-0.0017006802721088073	0.011904761904761953	-0.00680272108843538	0.005102040816326573	39321674
2021-07-05	-0.011764705882352988	-0.0016806722689075271	0.0	-0.01680672268907572	-0.011764705882352988	26998689
2021-07-02	-0.009983361064891783	-0.0016638935108152725	0.004991680532445965	-0.011647254575707054	-0.009983361064891783	28445195
2021-07-01	-0.001661129568106277	0.004983388704318978	0.004983388704318978	-0.004983388704318831	-0.001661129568106277	21898182
2021-06-30	-0.004958677685950454	0.0	0.004958677685950454	-0.009917355371900763	-0.004958677685950454	32199400
2021-06-29	-0.011437908496732072	-0.0016339869281045403	0.0	-0.01960784313725492	-0.011437908496732072	47771940
2021-06-28	-0.006493506493506499	0.0	0.004870129870129911	-0.011363636363636409	-0.006493506493506499	54652615
2021-06-25	-0.006451612903225812	0.0	0.006451612903225812	-0.01774193548387102	-0.006451612903225812	48454268
2021-06-24	0.006493506493506499	0.0016233766233765888	0.027597402597402586	-0.004870129870129911	0.006493506493506499	60846436
2021-06-23	0.001626016260162567	-0.004878048780487845	0.00813008130081298	-0.008130081300813123	0.001626016260162567	34473922
2021-06-22	0.0016286644951141165	0.0032573289902280886	0.00977198697068412	-0.004885993485341916	0.0016286644951141165	25597680
2021-06-21	-0.019169329073482445	-0.006389776357827482	-0.0031948881789136702	-0.022364217252396117	-0.019169329073482445	27916351
2021-06-18	0.022875816993464	-0.0016339869281045403	0.026143790849673224	-0.008169934640522847	0.022875816993464	33862044
2021-06-17	-0.003257328990227944	0.0016286644951141165	0.006514657980456032	-0.009771986970683976	-0.003257328990227944	31051249
2021-06-16	-0.00647249190938512	0.0016181229773463877	0.004854368932038875	-0.008090614886731363	-0.00647249190938512	20154340
2021-06-15	-0.01435406698564591	-0.0031897926634768064	-0.0015948963317384032	-0.020733652312599667	-0.01435406698564591	26793793
2021-06-11	-0.00633914421553091	0.001584786053882833	0.001584786053882833	-0.02060221870047542	-0.00633914421553091	44342344
2021-06-10	0.0015873015873015535	0.0015873015873015535	0.004761904761904801	-0.004761904761904801	0.0015873015873015535	24252969
2021-06-09	-0.012539184952978068	-0.003134796238244447	-0.0015673981191222236	-0.015673981191222514	-0.012539184952978068	30306355
2021-06-08	0.006309148264984233	0.0	0.017350157728706676	-0.00946372239747628	0.006309148264984233	40899152
2021-06-07	-0.01857585139318887	0.0	0.0046439628482972525	-0.02476780185758516	-0.01857585139318887	28468339
2021-06-04	0.009374999999999939	-0.003125000000000072	0.015624999999999944	-0.007812500000000111	0.009374999999999939	29993171
2021-06-03	-0.007751937984496096	-0.0046511627906977125	0.009302325581395288	-0.007751937984496096	-0.007751937984496096	18026859
2021-06-02	0.010971786833855844	0.0	0.02194357366771155	-0.007836990595611257	0.010971786833855844	49684787
2021-06-01	0.001569858712715822	-0.006279434850863428	0.006279434850863428	-0.015698587127158638	0.001569858712715822	48471868
2021-05-31	-0.03484848484848478	-0.018181818181818063	-0.018181818181818063	-0.040909090909090846	-0.03484848484848478	68710379
2021-05-28	-0.023668639053254458	0.004437869822485244	0.0059171597633136145	-0.028106508875739573	-0.023668639053254458	44170177
2021-05-27	-0.007342143906020533	-0.005873715124816452	0.002936857562408291	-0.013215859030836984	-0.007342143906020533	37943254
2021-05-26	0.010385756676557773	0.0	0.013353115727002946	-0.007418397626112733	0.010385756676557773	55390569
2021-05-25	0.008982035928143787	-0.0014970059880239203	0.016467065868263523	-0.017964071856287442	0.008982035928143787	70221694
2021-05-24	0.003003003003002939	0.004504504504504542	0.006006006006006011	-0.015015015015015095	0.003003003003002939	38535900
2021-05-21	-0.0059701492537313485	0.0	0.008955223880596956	-0.017910447761194045	-0.0059701492537313485	45788243
2021-05-20	0.016691957511380928	-0.00303490136570555	0.018209408194233705	-0.01517450682852802	0.016691957511380928	53572217
2021-05-19	-0.0015151515151514828	0.0	0.004545454545454583	-0.012121212121212133	-0.0015151515151514828	32354559
2021-05-18	0.026438569206842913	0.0	0.026438569206842913	-0.006220839813374812	0.026438569206842913	56126964
2021-05-17	0.011006289308176005	-0.009433962264151021	0.01729559748427664	-0.017295597484276778	0.011006289308176005	53988238
2021-05-14	0.024154589371980735	0.009661835748792208	0.027375201288244756	-0.0032206119162640216	0.024154589371980735	47670580
2021-05-13	-0.009569377990430561	-0.0031897926634768064	0.0	-0.01435406698564591	-0.009569377990430561	25057651
2021-05-12	-0.00633914421553091	-0.003169572107765384	0.009508716323296435	-0.01426307448494451	-0.00633914421553091	31959386
2021-05-11	0.026016260162601505	-0.00975609756097569	0.029268292682926782	-0.011382113821138257	0.026016260162601505	58124763
2021-05-10	-0.008064516129032228	0.0016129032258064171	0.0032258064516128343	-0.02096774193548385	-0.008064516129032228	46499182
2021-05-07	0.004862236628849311	0.0016207455429497223	0.022690437601296545	-0.008103727714748757	0.004862236628849311	51734186
2021-05-06	-0.028346456692913344	-0.007874015748031468	0.007874015748031609	-0.03149606299212587	-0.028346456692913344	67986499
2021-04-30	-0.015503875968992331	-0.015503875968992331	-0.007751937984496096	-0.03720930232558143	-0.015503875968992331	54067603
2021-04-29	0.0015527950310558673	-0.0015527950310560052	0.004658385093167602	-0.015527950310559088	0.0015527950310558673	29413838
2021-04-28	0.0062500000000000056	0.0046874999999999	0.010937499999999906	-0.015625000000000083	0.0062500000000000056	42258346
2021-04-27	-0.022900763358778546	-0.0030534351145037517	0.0045801526717557635	-0.02748091603053431	-0.022900763358778546	46300980
2021-04-26	0.0	-0.0030534351145037517	0.01832061068702292	-0.01526717557251903	0.0	48155099
2021-04-23	-0.020926756352765405	-0.004484304932735463	0.0044843049327353305	-0.03288490284005988	-0.020926756352765405	72635558
2021-04-22	-0.007418397626112733	0.008902077151335253	0.013353115727002946	-0.010385756676557905	-0.007418397626112733	51045204
2021-04-21	-0.026011560693641578	-0.01589595375722548	-0.01445086705202307	-0.03179190751445083	-0.026011560693641578	56354840
2021-04-20	-0.011428571428571439	-0.0071428571428571175	0.0028571428571427964	-0.018571428571428555	-0.011428571428571439	53378980
2021-04-19	0.024890190336749624	0.00585651537335286	0.03513909224011716	0.0014641288433381826	0.024890190336749624	80201220
2021-04-16	0.01940298507462685	-0.0029850746268657406	0.03283582089552235	-0.0059701492537313485	0.01940298507462685	52945586
2021-04-15	-0.008875739644970357	-0.007396449704141985	0.002958579881656873	-0.011834319526627229	-0.008875739644970357	31914166
2021-04-14	0.008955223880596956	-0.0059701492537313485	0.017910447761194045	-0.008955223880597088	0.008955223880596956	36630026
2021-04-13	-0.011799410029498535	-0.0029498525073746993	0.0	-0.02359882005899707	-0.011799410029498535	37830159
2021-04-12	-0.002941176470588173	-0.004411764705882389	0.0029411764705883033	-0.0205882352941176	-0.002941176470588173	47862105
2021-04-09	-0.03409090909090912	-0.005681818181818187	0.0028409090909090303	-0.03835227272727279	-0.03409090909090912	68963822
2021-04-08	0.0057142857142857195	-0.008571428571428516	0.01000000000000004	-0.019999999999999955	0.0057142857142857195	63719832
2021-04-07	0.033973412112260036	0.0014771048744461855	0.04135893648449044	-0.005908419497784217	0.033973412112260036	95532591
2021-04-06	-0.007331378299120338	0.01026392961876824	0.0131964809384164	-0.01612903225806456	-0.007331378299120338	37347184
2021-04-02	0.0029411764705883033	-0.008823529411764649	0.01764705882352943	-0.011764705882352951	0.0029411764705883033	46343884
2021-04-01	-0.010189228529839925	-0.0029112081513828912	-0.0014556040756913808	-0.04075691411935957	-0.010189228529839925	70108066
2021-03-31	-0.0029027576197386902	-0.010159651669085544	0.010159651669085673	-0.013062409288824363	-0.0029027576197386902	53180919
2021-03-30	0.0014534883720929922	-0.004360465116279106	0.010174418604651203	-0.017441860465116296	0.0014534883720929922	50721728
2021-03-29	0.0014556040756913808	0.005822416302765653	0.023289665211062613	-0.007278020378457034	0.0014556040756913808	62235023
2021-03-26	0.0299850074962519	0.01649175412293858	0.0794602698650675	0.010494752623688198	0.0299850074962519	114770936
2021-03-25	0.0045180722891566645	0.009036144578313329	0.01957831325301203	-0.007530120481927685	0.0045180722891566645	60981996
2021-03-24	-0.05815602836879435	-0.014184397163120517	-0.011347517730496465	-0.06241134751773043	-0.05815602836879435	106312409
2021-03-23	-0.016736401673640183	-0.006973500697350045	0.022315202231520243	-0.026499302649930195	-0.016736401673640183	119496727
2021-03-22	0.04671532846715333	0.0	0.06277372262773732	0.0	0.04671532846715333	135015485
2021-03-19	-0.028368794326241162	-0.014184397163120517	-0.004255319148936206	-0.03829787234042547	-0.028368794326241162	109352058
2021-03-18	0.0042735042735043095	0.011396011396011407	0.019943019943020026	-0.014245014245014195	0.0042735042735043095	124783889
2021-03-17	-0.0154277699859748	-0.011220196353436195	-0.0014025245441794932	-0.02945301542776998	-0.0154277699859748	89842552
2021-03-16	0.00991501416430599	-0.0014164305949008198	0.012747875354107756	-0.02407932011331444	0.00991501416430599	222124472
2021-03-15	0.09968847352024918	0.014018691588785024	0.09968847352024918	0.009345794392523442	0.09968847352024918	298231392
2021-03-12	0.0031249999999999334	-0.0015625000000001055	0.007812499999999972	-0.012500000000000011	0.0031249999999999334	55589380
2021-03-11	0.03727714748784448	-0.0032414910858994447	0.0388978930307942	-0.008103727714748757	0.03727714748784448	81347558
2021-03-10	-0.0032310177705978126	0.0	0.011308562197091986	-0.014539579967689942	-0.0032310177705978126	43130340
2021-03-09	0.026533996683250436	0.011608623548921955	0.05140961857379761	0.0	0.026533996683250436	89269893
2021-03-08	-0.01791530944625398	0.0016286644951141165	0.014657980456026181	-0.02117263843648207	-0.01791530944625398	55246049
2021-03-05	-0.020733652312599667	-0.009569377990430561	-0.006379585326953613	-0.02870813397129182	-0.020733652312599667	51847007
2021-03-04	-0.011041009463722443	-0.006309148264984233	0.007886435331230256	-0.01577287066246051	-0.011041009463722443	50019086
2021-03-03	0.03257328990228016	-0.009771986970683976	0.039087947882736195	-0.009771986970683976	0.03257328990228016	61469646
2021-03-02	-0.00647249190938512	0.00647249190938512	0.00970873786407775	-0.016181229773462726	-0.00647249190938512	42210923
2021-03-01	0.018121911037891174	0.009884678747940627	0.03130148270181211	-0.0016474464579902264	0.018121911037891174	56771485
2021-02-26	-0.019386106623586447	-0.022617124394184257	0.0	-0.027463651050080907	-0.019386106623586447	73194383
2021-02-25	-0.020569620253164538	0.012658227848101276	0.03322784810126581	-0.023734177215189927	-0.020569620253164538	98611519
2021-02-24	-0.02918586789554524	0.012288786482334882	0.02150537634408611	-0.04301075268817195	-0.02918586789554524	115650755
2021-02-23	0.031695721077654546	0.0	0.04437400950871637	0.0	0.031695721077654546	114881970
2021-02-22	-0.006299212598425203	-0.0031496062992125316	0.007874015748031609	-0.02204724409448814	-0.006299212598425203	60365317
2021-02-19	-0.0015723270440252634	-0.011006289308176145	0.023584905660377273	-0.012578616352201269	-0.0015723270440252634	70460839
2021-02-18	0.03246753246753249	0.014610389610389588	0.04220779220779217	-0.0016233766233765888	0.03246753246753249	83791920
2021-02-10	-0.006451612903225812	-0.003225806451612978	0.0	-0.016129032258064602	-0.006451612903225812	35436376
2021-02-09	0.0016155088852988345	-0.001615508885298978	0.003231017770597669	-0.012924071082390964	0.0016155088852988345	50304320
2021-02-08	0.04033613445378155	0.0033613445378150543	0.04537815126050413	-0.0033613445378152034	0.04033613445378155	106121322
2021-02-05	0.04569420035149381	-0.003514938488576531	0.04920913884007018	-0.0070298769771529055	0.04569420035149381	89375658
2021-02-04	-0.003502626970227596	-0.001751313485113798	0.01751313485113829	-0.014010507880910695	-0.003502626970227596	35890291
2021-02-03	-0.012110726643598664	0.0034602076124566734	0.008650519031141838	-0.0207612456747405	-0.012110726643598664	41128211
2021-02-02	-0.018675721561969345	-0.01018675721561963	0.013582342954159604	-0.02207130730050932	-0.018675721561969345	46599785
2021-02-01	0.010291595197255508	-0.01886792452830194	0.0325900514579759	-0.032590051457976055	0.010291595197255508	85857072
2021-01-29	0.03736654804270462	0.010676156583629824	0.0676156583629893	0.0035587188612098883	0.03736654804270462	97422010
2021-01-28	-0.019197207678883128	-0.0034904013961606388	0.001745200698080242	-0.022687609075043764	-0.019197207678883128	26543907
2021-01-27	0.01058201058201067	-0.0035273368606701188	0.02645502645502652	-0.008818342151675453	0.01058201058201067	48497454
2021-01-26	0.02162162162162164	0.003603603603603687	0.02702702702702709	-0.005405405405405451	0.02162162162162164	38286058
2021-01-25	-0.007155635062611813	-0.003577817531305827	0.0053667262969589	-0.01073345259391764	-0.007155635062611813	28849346
2021-01-22	-0.015845070422535187	-0.0035211267605633053	-0.0017605633802816527	-0.015845070422535187	-0.015845070422535187	33772652
2021-01-21	-0.010452961672473953	-0.0069686411149825845	-0.0034843205574913694	-0.015679442508710777	-0.010452961672473953	35306839
2021-01-20	-0.012048192771084234	0.0	0.003442340791738462	-0.01721170395869185	-0.012048192771084234	27385167
2021-01-19	0.01573426573426571	0.0017482517482518664	0.026223776223776286	-0.006993006993007	0.01573426573426571	48104155
2021-01-18	0.007042253521126767	-0.0035211267605633053	0.010563380281690229	-0.010563380281690073	0.007042253521126767	29120290
2021-01-15	-0.006993006993007	0.0017482517482518664	0.006993006993007	-0.010489510489510422	-0.006993006993007	28390145
2021-01-14	-0.006944444444444451	-0.010416666666666598	0.005208333333333376	-0.015624999999999976	-0.006944444444444451	28622666
2021-01-13	0.0034843205574912146	-0.005226480836236977	0.0069686411149825845	-0.013937282229965169	0.0034843205574912146	42356055
2021-01-12	0.017730496453900804	-0.008865248226950324	0.017730496453900804	-0.014184397163120581	0.017730496453900804	38893149
2021-01-11	-0.012259194395796898	-0.012259194395796898	-0.008756567425569146	-0.022767075306479843	-0.012259194395796898	66387292
2021-01-08	0.010619469026548603	-0.0017699115044248982	0.014159292035398242	-0.00530973451327438	0.010619469026548603	38096459
2021-01-07	-0.017391304347826025	0.0017391304347825717	0.005217391304347869	-0.02608695652173919	-0.017391304347826025	59035651
2021-01-06	-0.017094017094017033	-0.005128205128205019	-0.005128205128205019	-0.01880341880341871	-0.017094017094017033	55867315
