2024-12-31	-0.009488666315234566	0.0026357406431207547	0.016341591987348567	-0.015287295730100113	-0.009488666315234566	37706962
2024-12-30	0.041163556531284305	0.014818880351262326	0.054884742041712405	0.014270032930845312	0.041163556531284305	62888346
2024-12-27	-0.0005485463521668439	0.0005485463521666489	0.020296215030170102	-0.013713658804168952	-0.0005485463521668439	26802012
2024-12-26	-0.00870038064165308	0.0021750951604132215	0.0021750951604132215	-0.01794453507340956	-0.00870038064165308	24225197
2024-12-25	0.0005440696409141221	0.004896626768226326	0.020674646354733546	-0.01632208922742115	0.0005440696409141221	34398886
2024-12-24	0.03490990990990976	0.007319819819819763	0.037162162162162164	0.002815315315315155	0.03490990990990976	27899624
2024-12-23	0.021864211737629608	0.002301495972382204	0.04602991944764101	0.002301495972382204	0.021864211737629608	29067042
2024-12-20	-0.009686609686609783	0.0	0.0028490028490028895	-0.009686609686609783	-0.009686609686609783	10267690
2024-12-19	-0.004537719795802512	-0.00964265456608044	-0.0028360748723766714	-0.02155416903006234	-0.004537719795802512	10011225
2024-12-18	-0.00843644544431958	0.001687289088863756	0.003937007874015764	-0.011248593925759439	-0.00843644544431958	10460648
2024-12-17	0.023014959723820606	0.0017261219792866018	0.0339470655926352	0.0017261219792866018	0.023014959723820606	21390565
2024-12-16	-0.011376564277588128	0.004550625711035373	0.00967007963595004	-0.01763367463026159	-0.011376564277588128	12767928
2024-12-13	-0.02657807308970102	-0.003322259136212554	-0.0005537098560353274	-0.02713178294573635	-0.02657807308970102	21613933
2024-12-12	0.007812499999999833	0.0	0.01227678571428565	-0.005022321428571618	0.007812499999999833	13977864
2024-12-11	0.006176305446378607	0.0	0.00954519932622132	-0.003930376193149932	0.006176305446378607	14783943
2024-12-10	-0.0022408963585435686	0.030812324929971827	0.036974789915966394	-0.005042016806722681	-0.0022408963585435686	26916777
2024-12-09	0.0056338028169014885	-0.0011267605633802577	0.018591549295774553	-0.003943661971831002	0.0056338028169014885	14287591
2024-12-06	0.002824858757062187	-0.0016949152542371517	0.006214689265536691	-0.003954802259887022	0.002824858757062187	11618221
2024-12-05	-0.01392757660167131	-0.005571030640668405	-0.002228412256267362	-0.018384401114206035	-0.01392757660167131	10307706
2024-12-04	0.0011154489682096806	0.0	0.006134969325153342	-0.007250418293363023	0.0011154489682096806	13164512
2024-12-03	-0.003888888888888905	0.0011111111111110875	0.005555555555555635	-0.011111111111111072	-0.003888888888888905	13812157
2024-12-02	0.0027855153203343017	0.0027855153203343017	0.007799442896935965	-0.010584958217270068	0.0027855153203343017	15922945
2024-11-29	0.01240834743372808	-0.003384094754653058	0.02368866328257181	-0.0045121263395376116	0.01240834743372808	13595183
2024-11-28	-0.008943543879262165	0.005030743432084955	0.005589714924538729	-0.012297372833985402	-0.008943543879262165	8104939
2024-11-27	0.008455467869222218	-0.0039458850056367945	0.010146561443066702	-0.011273957158962757	0.008455467869222218	12630131
2024-11-26	0.013135351227869609	-0.0051399200456881695	0.01713306681896043	-0.007424328954883069	0.013135351227869609	12326904
2024-11-25	-0.01904761904761904	-0.005042016806722681	0.010084033613445361	-0.027450980392156973	-0.01904761904761904	17196601
2024-11-22	-0.01869158878504672	0.0016492578339745785	0.007146783947223694	-0.01869158878504672	-0.01869158878504672	21484547
2024-11-21	-0.008719346049046329	0.0005449591280652866	0.006539509536784601	-0.011989100817438822	-0.008719346049046329	16867808
2024-11-20	-0.0064970221981590385	-0.0016242555495396636	0.014618299945858126	-0.008662696264212245	-0.0064970221981590385	14347739
2024-11-19	0.013165112452002107	-0.0032912781130004782	0.015907844212835937	-0.007679648930334644	0.013165112452002107	15744748
2024-11-18	-0.02356722013926091	0.000535618639528549	0.009641135511515785	-0.02624531333690423	-0.02356722013926091	23171389
2024-11-15	-0.014255543822597654	-0.005279831045406622	0.004751847940865884	-0.016367476240760414	-0.014255543822597654	19295490
2024-11-14	0.019924609585352773	0.0005385029617661826	0.044695745826601956	-0.0037695207323640433	0.019924609585352773	54375732
2024-11-13	0.0010781671159029419	-0.004312668463611959	0.00539083557951471	-0.01239892183288412	0.0010781671159029419	17132283
2024-11-12	-0.015915119363395264	-0.0021220159151195063	0.020159151193633897	-0.02175066312997348	-0.015915119363395264	28430817
2024-11-11	0.005869797225186926	-0.002134471718249688	0.006403415154749253	-0.018143009605122724	0.005869797225186926	26744438
2024-11-08	-0.026998961578400992	0.0036344755970922496	0.006749740394600155	-0.044652128764278445	-0.026998961578400992	66256213
2024-11-07	-0.012813941568426447	-0.008713480266530071	0.00871348026652989	-0.030240902101486406	-0.012813941568426447	51297205
2024-11-06	-0.0061130922058073075	0.0	0.00866021395822729	-0.011207335710646912	-0.0061130922058073075	23229233
2024-11-05	0.0	0.0	0.006113092205807489	-0.018339276617422285	0.0	31623888
2024-11-04	0.009254498714652943	0.0030848329048844356	0.009768637532133742	-0.01028277634961436	0.009254498714652943	18478494
2024-11-01	0.028556319407720736	0.003172924378635575	0.05129561078794283	0.0005288207297726897	0.028556319407720736	40661949
2024-10-31	-0.0010565240359217947	0.0	0.01690438457474909	-0.004226096143687179	-0.0010565240359217947	21746213
2024-10-30	0.006914893617021223	0.002659574468085144	0.009574468085106367	-0.002659574468085144	0.006914893617021223	15045461
2024-10-29	-0.010526315789473648	0.006315789473684263	0.007894736842105189	-0.017894736842105255	-0.010526315789473648	18139085
2024-10-28	-0.005235602094240912	0.00261780104712027	0.009424083769633492	-0.020418848167539295	-0.005235602094240912	18938098
2024-10-25	0.011652542372881484	-0.003177966101694848	0.01906779661016946	-0.00423728813559313	0.011652542372881484	16935113
2024-10-24	0.007470651013874097	-0.007470651013873907	0.03201707577374607	-0.007470651013873907	0.007470651013874097	24825295
2024-10-23	-0.010036978341257332	0.003169572107765384	0.008980454305335537	-0.017432646592709895	-0.010036978341257332	22832947
2024-10-22	0.03499179879715695	0.009841443411700368	0.0497539639147075	0.0005467468562056623	0.03499179879715695	35008096
2024-10-21	0.007713498622589563	0.015426997245179127	0.018732782369146	-0.01157024793388415	0.007713498622589563	21557777
2024-10-18	0.02023608768971329	0.002810567734682446	0.03485103991006189	-0.003934794828555384	0.02023608768971329	21524263
2024-10-17	-0.018211920529801424	0.009381898454746034	0.017108167770419354	-0.018763796909492265	-0.018211920529801424	15589702
2024-10-16	-0.009836065573770475	-0.01366120218579235	-0.0010928961748633646	-0.021857923497267874	-0.009836065573770475	16244126
2024-10-15	-0.040377556371263744	0.0	0.0	-0.040377556371263744	-0.040377556371263744	24726847
2024-10-14	0.06062291434927697	0.011123470522803075	0.06896551724137923	-0.0016685205784205304	0.06062291434927697	42911182
2024-10-11	-0.018558951965065493	-0.0038209606986899717	0.0054585152838428725	-0.026200873362445438	-0.018558951965065493	15762235
2024-10-10	0.01552106430155217	0.0033259423503327204	0.04157427937915743	-0.015521064301551974	0.01552106430155217	33935904
2024-10-09	-0.06334371754932515	-0.012461059190031255	-0.005192107995846387	-0.0726895119418485	-0.06334371754932515	46358434
2024-10-08	0.03160149973219067	0.10016068559185845	0.10016068559185845	0.007498660953401018	0.03160149973219067	62800669
2024-09-30	0.06624785836664764	0.019988577955453904	0.07424328954882907	0.013706453455168384	0.06624785836664764	58479841
2024-09-27	0.030000000000000093	0.02058823529411773	0.050000000000000086	0.007647058823529353	0.030000000000000093	32886583
2024-09-26	0.05003088326127231	0.0024706609017911764	0.0512662137121679	-0.002470660901791396	0.05003088326127231	20326140
2024-09-25	0.006840796019900684	0.0043532338308457895	0.04042288557213944	0.0043532338308457895	0.006840796019900684	24793767
2024-09-24	0.07702612190221023	0.006028131279303407	0.08171466845277957	0.005358338914936375	0.07702612190221023	32085920
2024-09-23	0.0006702412868632565	-0.0033512064343164017	0.016085790884718513	-0.006032171581769427	0.0006702412868632565	10614772
2024-09-20	-0.017774851876234336	-0.005924950625411446	-0.0026333113890717017	-0.028308097432521377	-0.017774851876234336	15504068
2024-09-19	0.00863213811420976	0.00863213811420976	0.027224435590969463	-0.010624169986719797	0.00863213811420976	17777613
2024-09-18	0.021016949152542406	0.00813559322033893	0.02305084745762711	-0.002711864406779603	0.021016949152542406	10764493
2024-09-13	-0.02188328912466844	-0.0013262599469495739	0.0033156498673740523	-0.023872679045092802	-0.02188328912466844	12879034
2024-09-12	0.0013280212483399452	0.0013280212483399452	0.009296148738379733	-0.008632138114209879	0.0013280212483399452	9093275
2024-09-11	-0.009210526315789395	-0.007894736842105211	0.0006578947368422081	-0.022368421052631572	-0.009210526315789395	13300844
2024-09-10	0.006622516556291367	0.0	0.013245033112582853	-0.013245033112582735	0.006622516556291367	10999961
2024-09-09	0.01342281879194626	0.0006711409395973011	0.016778523489932886	-0.016778523489932886	0.01342281879194626	14383697
2024-09-06	-0.020381328073635796	0.0026298487836948813	0.0026298487836948813	-0.022353714661407075	-0.020381328073635796	11529762
2024-09-05	-0.03795066413662237	0.00569259962049335	0.00948766603415562	-0.04174573055028464	-0.03795066413662237	24463979
2024-09-04	-0.025878003696857665	-0.006777572396796021	-0.0006161429451633742	-0.027110289587184304	-0.025878003696857665	10747217
2024-09-03	0.0124766063630692	-0.0037429819089208043	0.01809107922645035	-0.006238303181534711	0.0124766063630692	8803669
2024-09-02	-0.020769700671960895	-0.007330482590103909	0.004886988393402461	-0.022602321319486925	-0.020769700671960895	14763693
2024-08-30	0.02440550688360454	0.0006257822277847176	0.03754693366708372	-0.01939924906132669	0.02440550688360454	19075245
2024-08-29	0.021739130434782598	-0.005115089514066501	0.029411764705882408	-0.010230179028133002	0.021739130434782598	12754982
2024-08-28	0.0006397952655150215	-0.008317338451695508	0.01343570057581568	-0.008317338451695508	0.0006397952655150215	9855310
2024-08-27	-0.0113851992409867	-0.0037950664136622704	0.003795066413662158	-0.01707779886148016	-0.0113851992409867	8013221
2024-08-26	0.009578544061302704	0.004469987228607936	0.009578544061302704	-0.004469987228607936	0.009578544061302704	8300539
2024-08-23	0.0070739549839227926	-0.0019292604501608447	0.01479099678456583	-0.007073954983922907	0.0070739549839227926	13480451
2024-08-22	-0.013324873096446642	-0.0006345177664974484	0.0031725888324873547	-0.020939086294416247	-0.013324873096446642	17195579
2024-08-21	-0.005678233438485796	0.0	0.002523659305993749	-0.015772870662460567	-0.005678233438485796	12642580
2024-08-20	-0.020395550061804702	-0.0024721878862793045	0.0049443757725588285	-0.02843016069221255	-0.020395550061804702	12743030
2024-08-19	0.006218905472636905	-0.005597014925373016	0.023631840796020064	-0.005597014925373016	0.006218905472636905	9775214
2024-08-16	0.007518796992481042	0.0031328320802005457	0.015037593984962308	-0.00438596491228072	0.007518796992481042	8835600
2024-08-15	0.0069400630914827266	0.0012618296529968186	0.027129337539432273	-0.0025236593059936373	0.0069400630914827266	13193825
2024-08-14	-0.027010435850214825	-0.0006138735420502155	0.0	-0.03314917127071818	-0.027010435850214825	11995426
2024-08-13	-0.0036697247706423404	0.001834862385320953	0.0055045871559632935	-0.014678899082568928	-0.0036697247706423404	7407722
2024-08-12	0.0	0.000611620795106912	0.007951070336391376	-0.007951070336391593	0.0	5629648
2024-08-09	-0.0186074429771908	0.0036014405762304154	0.026410564225690353	-0.02400960384153653	-0.0186074429771908	11164135
2024-08-08	0.0018039687312087274	-0.0024052916416114943	0.007817197835237677	-0.0186410102224894	0.0018039687312087274	8248104
2024-08-07	0.02024539877300603	-0.0018404907975460819	0.02760736196319014	-0.0055214723926380275	0.02024539877300603	11656239
2024-08-06	0.006794317479925844	0.01667696108709077	0.024088943792464297	0.0018529956763432725	0.006794317479925844	12262144
2024-08-05	-0.03516090584028604	-0.011918951132300527	0.009535160905840294	-0.038736591179976285	-0.03516090584028604	16588704
2024-08-02	-0.00827423167848703	-0.009456264775413718	0.001773049645389928	-0.021276595744681024	-0.00827423167848703	12949211
2024-08-01	-0.03037249283667608	0.001719197707736455	0.004011461318051592	-0.035530085959885445	-0.03037249283667608	18777202
2024-07-31	0.04303646144650322	0.0011954572624028436	0.04781829049611481	-0.004184100418410059	0.04303646144650322	21167559
2024-07-30	-0.013561320754717006	0.0	0.0017688679245281592	-0.020047169811320747	-0.013561320754717006	13272177
2024-07-29	0.012537313432835873	0.002985074626865714	0.021492537313432803	-0.013731343283582114	0.012537313432835873	15201774
2024-07-26	0.009036144578313166	0.0036144578313252237	0.011445783132529983	-0.005421686746987943	0.009036144578313166	12835196
2024-07-25	-0.0077704722056185895	-0.005379557680812903	0.013150029886431491	-0.016736401673640235	-0.0077704722056185895	15271175
2024-07-24	-0.012979351032448311	-0.0017699115044246363	0.015929203539822984	-0.015929203539822984	-0.012979351032448311	14573986
2024-07-23	-0.03911564625850347	-0.00680272108843543	-0.005102040816326522	-0.03911564625850347	-0.03911564625850347	26857412
2024-07-22	-0.01836393989983296	0.00445186421814145	0.0072342793544798315	-0.02615470228158035	-0.01836393989983296	23902715
2024-07-19	-0.011007154650522995	-0.008255365987892246	-0.004953219592735465	-0.030820033021464074	-0.011007154650522995	19510656
2024-07-18	0.014517029592406564	-0.016750418760469052	0.014517029592406564	-0.036850921273031835	0.014517029592406564	36358124
2024-07-17	-0.015934065934065888	-0.0010989010989010755	0.0010989010989010755	-0.0219780219780219	-0.015934065934065888	14054963
2024-07-16	0.0022026431718061203	0.0	0.009911894273127738	-0.010462555066079366	0.0022026431718061203	12577439
2024-07-15	0.015659955257270756	-0.003914988814317689	0.02908277404921698	-0.008948545861297548	0.015659955257270756	18120238
2024-07-12	-0.003344481605351297	-0.003344481605351297	0.008361204013377846	-0.010033444816053495	-0.003344481605351297	7468524
2024-07-11	0.01298701298701301	0.01072840203274973	0.02428006775832861	-0.013551665725578881	0.01298701298701301	20184699
2024-07-10	-0.024779735682819343	-0.005506607929515497	0.014867841409691607	-0.030837004405286274	-0.024779735682819343	19792526
2024-07-09	0.013958682300390842	-0.004466778336125173	0.015075376884422087	-0.0128419877163596	0.013958682300390842	14570303
2024-07-08	-0.013766519823788546	-0.0033039647577091805	0.009361233480176109	-0.015969162995594668	-0.013766519823788546	13996509
2024-07-05	-0.012506797172376315	-0.007612833061446469	0.0010875475802066107	-0.029907558455682475	-0.012506797172376315	18417267
2024-07-04	0.016022099447513764	0.003314917127071752	0.02983425414364636	0.0022099447513811684	0.016022099447513764	17217329
2024-07-03	-0.0076754385964910654	0.006030701754386129	0.006578947368421108	-0.011513157894736696	-0.0076754385964910654	9301757
2024-07-02	-0.03133297928836962	-0.0005310674455654812	0.00106213489113134	-0.04354753053637795	-0.03133297928836962	20388586
2024-07-01	0.04727474972191312	0.0022246941045605756	0.05506117908787533	-0.005561735261401636	0.04727474972191312	26045780
2024-06-28	0.019852524106636498	0.0	0.03062960862166777	-0.0005672149744752133	0.019852524106636498	18980802
2024-06-27	-0.03131868131868133	-0.005494505494505378	0.01043956043956051	-0.031868131868131776	-0.03131868131868133	18459511
2024-06-26	-0.015684153596538623	-0.002163331530557012	0.0	-0.03407247160627361	-0.015684153596538623	19662069
2024-06-25	0.02041942604856498	-0.0011037527593818748	0.029249448123620174	-0.0022075055187639457	0.02041942604856498	21302745
2024-06-24	-0.0011025358324145299	-0.008820286659316435	0.006063947078280013	-0.011025358324145496	-0.0011025358324145299	12494831
2024-06-21	0.010022271714922032	-0.006681514476614754	0.015590200445434164	-0.007238307349666066	0.010022271714922032	11662654
2024-06-20	-0.025501899077590824	-0.0005425935973954428	0.014107433532284405	-0.02767227346717298	-0.025501899077590824	16534459
2024-06-19	0.017108167770419354	-0.0011037527593818748	0.02041942604856498	-0.016004415011037675	0.017108167770419354	20619602
2024-06-18	0.012856344326439374	0.0	0.020681945220793793	-0.008943543879262165	0.012856344326439374	9337048
2024-06-17	-0.004451864218141252	-0.008903728436282702	0.011129660545353526	-0.016138007790762337	-0.004451864218141252	12447442
2024-06-14	-0.0011117287381878585	-0.0038910505836574063	0.006114508060033518	-0.009449694274596897	-0.0011117287381878585	12414840
2024-06-13	-0.015864332603938876	0.001094091903719889	0.006564551422319334	-0.020787746170678474	-0.015864332603938876	12295241
2024-06-12	0.003293084522502869	-0.008781558726673994	0.008781558726673994	-0.009330406147091007	0.003293084522502869	8813391
2024-06-11	0.009418282548476351	-0.009972299168975053	0.015512465373961084	-0.012188365650969663	0.009418282548476351	10836189
2024-06-07	-0.01795429815016313	0.0005440696409141221	0.005984766050054376	-0.021218715995647473	-0.01795429815016313	13961952
2024-06-06	0.010445299615173046	0.003298515667949352	0.03078614623419454	0.0005497526113247944	0.010445299615173046	17650796
2024-06-05	0.007198228128460829	-0.003875968992248078	0.023809523809523794	-0.004429678848283406	0.007198228128460829	16367294
2024-06-04	0.007812499999999833	-0.003348214285714412	0.01227678571428565	-0.02287946428571429	0.007812499999999833	17382082
2024-06-03	-0.01754385964912263	-0.007127192982456086	-0.0005482456140349787	-0.02357456140350876	-0.01754385964912263	19511188
2024-05-31	-0.003823047515019131	-0.0054614964500271914	0.003823047515019131	-0.00983069361004914	-0.003823047515019131	11040464
2024-05-30	-0.008125677139761762	0.0	0.014084507042253412	-0.013542795232936078	-0.008125677139761762	13015441
2024-05-29	-0.006993006993006939	0.0	0.004303388918773634	-0.010220548682087213	-0.006993006993006939	6949624
2024-05-28	0.0	0.0005379236148467759	0.019365250134480875	-0.0016137708445401364	0.0	11539680
2024-05-27	0.008134490238611637	0.0005422993492406729	0.010303687635574713	-0.01193058568329731	0.008134490238611637	17558814
2024-05-24	-0.005929919137466277	-0.0005390835579515668	0.00808625336927216	-0.007547169811320785	-0.005929919137466277	8489161
2024-05-23	-0.019037546271813824	-0.00793231094658903	-0.0010576414595451916	-0.028027498677948237	-0.019037546271813824	14026594
2024-05-22	0.013941018766756116	0.0026809651474531213	0.02037533512064357	-0.005361930294906053	0.013941018766756116	24087462
2024-05-21	-0.03667355371900831	-0.0010330578512396473	-0.0005165289256197319	-0.044421487603305755	-0.03667355371900831	25679763
2024-05-20	0.02379693283976728	-0.005288207297726146	0.032258064516129004	-0.005817028027498648	0.02379693283976728	25456005
2024-05-17	0.007458710708577548	-0.001065530101225337	0.007991475759190311	-0.028769312733084664	0.007458710708577548	27615021
2024-05-16	-0.011064278187565904	-0.0010537407797681546	0.012644889357218041	-0.01527924130663852	-0.011064278187565904	19565068
2024-05-15	-0.020134228187919493	-0.0030975735673723424	-0.002065049044914956	-0.02426432627774922	-0.020134228187919493	16219916
2024-05-14	-0.01123021949974471	-0.013272077590607532	-0.005615109749872355	-0.02399183256763649	-0.01123021949974471	13865009
2024-05-13	-0.015577889447236117	-0.003517587939698507	-0.0015075376884420898	-0.022110552763818982	-0.015577889447236117	17587881
2024-05-10	-0.005497251374312992	0.0004997501249374318	0.005997001499250246	-0.020489755122438787	-0.005497251374312992	18866149
2024-05-09	0.013677811550152135	0.0025329280648429945	0.017730496453900783	-0.004559270516717318	0.013677811550152135	16610787
2024-05-08	0.003048780487804813	0.0010162601626016044	0.01575203252032514	-0.0035569105691057056	0.003048780487804813	16584447
2024-05-07	-0.006060606060606111	-0.005050505050505122	0.002525252525252561	-0.01565656565656577	-0.006060606060606111	22850134
2024-05-06	0.02697095435684645	0.004668049792531112	0.031639004149377564	-0.01970954356846486	0.02697095435684645	38215637
2024-04-30	0.00836820083682009	-0.00313807531380765	0.015690376569037694	-0.020397489539748983	0.00836820083682009	23635491
2024-04-29	0.042529989094874654	0.0038167938931297865	0.05452562704471101	-0.010905125408942165	0.042529989094874654	33010239
2024-04-26	-0.0010893246187363603	0.0005446623093682769	0.014705882352941154	-0.014161220043572877	-0.0010893246187363603	20979816
2024-04-25	0.006578947368421108	-0.0016447368421051308	0.02192982456140363	-0.0032894736842104563	0.006578947368421108	23922310
2024-04-24	-0.0005479452054795377	-0.0005479452054795377	0.00383561643835618	-0.02136986301369866	-0.0005479452054795377	32448100
2024-04-23	-0.05782137325761492	-0.030459473412493537	-0.026845637583892593	-0.07692307692307702	-0.05782137325761492	62186690
2024-04-22	-0.011734693877551041	0.0	0.01122448979591831	-0.01785714285714293	-0.011734693877551041	22119422
2024-04-19	0.01712506486767005	0.0	0.021276595744680857	-0.009859885832900948	0.01712506486767005	21821214
2024-04-18	-0.005162622612287115	-0.0025813113061435573	0.007227671657201887	-0.022715539494063047	-0.005162622612287115	22107381
2024-04-17	0.022703273495248137	0.0031678986272438603	0.026927138331573282	-0.0005279831045407372	0.022703273495248137	24413549
2024-04-16	-0.028717948717948652	-0.005128205128205201	0.026153846153846232	-0.030769230769230844	-0.028717948717948652	30511217
2024-04-15	0.01934134866701521	0.001568217459487775	0.036069001568217525	-0.005227391531625608	0.01934134866701521	31010868
2024-04-12	0.0036726128016789238	0.0005246589716684976	0.015215110178384193	-0.011017838405036584	0.0036726128016789238	17616207
2024-04-11	-0.0015715034049241035	-0.004190675746464028	0.01466736511262447	-0.016238868517548386	-0.0015715034049241035	16970283
2024-04-10	0.006856540084388133	0.0	0.010021097046413381	-0.011603375527426288	0.006856540084388133	18380659
2024-04-09	-0.002105263157894692	0.0	0.016842105263157908	-0.014736842105263218	-0.002105263157894692	24397629
2024-04-08	-0.0005260389268806713	-0.0005260389268806713	0.018937401367701178	-0.006312467122567122	-0.0005260389268806713	21932133
2024-04-03	0.0005263157894737665	-0.003157894736842038	0.03736842105263163	-0.010000000000000068	0.0005263157894737665	36608305
2024-04-02	0.025917926565874754	-0.0010799136069114242	0.025917926565874754	-0.0021598272138228483	0.025917926565874754	31572567
2024-04-01	0.0010810810810810581	-0.0010810810810810581	0.008648648648648656	-0.024324324324324288	0.0010810810810810581	32720404
2024-03-29	0.08504398826979467	0.0	0.08621700879765389	-0.0011730205278592124	0.08504398826979467	45424129
2024-03-28	0.022182254196642746	-0.0017985611510792049	0.02997601918465228	-0.004796163069544263	0.022182254196642746	20103261
2024-03-27	-0.0005991611743559953	0.0005991611743557825	0.017375674056321098	-0.008388256440982659	-0.0005991611743559953	17854846
2024-03-26	-0.02053990610328626	-0.0052816901408450625	-0.0029342723004695255	-0.03638497652582145	-0.02053990610328626	30162079
2024-03-25	-0.003508771929824694	-0.0011695906432750366	0.019883040935672506	-0.008187134502924008	-0.003508771929824694	14713438
2024-03-22	-0.010416666666666649	0.0005787037037035885	0.0011574074074073826	-0.017939814814814947	-0.010416666666666649	11408629
2024-03-21	0.0005790387955993956	-0.00057903879559919	0.005790387955993134	-0.006369426751592324	0.0005790387955993956	9557210
2024-03-20	0.011124121779859561	0.0	0.016393442622950886	-0.0035128805620608153	0.011124121779859561	15153909
2024-03-19	-0.012716763005780486	-0.00231213872832365	0.005202312138728315	-0.012716763005780486	-0.012716763005780486	17265899
2024-03-18	0.0069848661233993595	0.0	0.021536670547147904	-0.0017462165308498915	0.0069848661233993595	17391594
2024-03-15	0.012374779021803234	0.0017678255745433788	0.01591043017088978	-0.010017678255745325	0.012374779021803234	15997569
2024-03-14	-0.009340338587273797	0.0011675423234091989	0.009340338587273797	-0.014594279042615295	-0.009340338587273797	15163967
2024-03-13	0.008240141259564484	-0.002942907592701422	0.014714537963507947	-0.008240141259564274	0.008240141259564484	16412496
2024-03-12	0.0	0.012360211889346726	0.01765744555620958	-0.009417304296645095	0.0	18622621
2024-03-11	0.0005889281507654895	0.001177856301531188	0.004711425206124752	-0.01825677267373373	0.0005889281507654895	14027856
2024-03-08	0.014336917562724134	0.004181600955794521	0.024492234169653536	0.000597371565113594	0.014336917562724134	14847889
2024-03-07	-0.007117437722419988	0.0005931198102017535	0.008303677342823284	-0.012455516014234927	-0.007117437722419988	17252314
2024-03-06	0.003571428571428495	-0.001190476190476165	0.01488095238095238	-0.004166666666666683	0.003571428571428495	13571546
2024-03-05	-0.00884955752212381	-0.0029498525073746733	0.008259587020649002	-0.017109144542772813	-0.00884955752212381	15401627
2024-03-04	0.020469596628537017	0.004214328717639993	0.030704394942805635	0.0030102347983143114	0.020469596628537017	20583650
2024-03-01	0.001205545509342952	0.001808318264014535	0.025919228450874004	-0.004219409282700439	0.001205545509342952	21363899
2024-02-29	0.03622735790131157	0.0	0.0368519675202998	-0.001873828856964468	0.03622735790131157	26863442
2024-02-28	-0.022588522588522435	-0.006105006105005975	0.004273504273504291	-0.022588522588522435	-0.022588522588522435	18384954
2024-02-27	0.009864364981504324	-0.006781750924784183	0.011097410604192339	-0.010480887792848222	0.009864364981504324	18194535
2024-02-26	0.004334365325077417	0.0	0.019195046439628626	-0.004953560371516922	0.004334365325077417	17462859
2024-02-23	-0.0006188118811882155	0.011757425742574337	0.011757425742574337	-0.006188118811881276	-0.0006188118811882155	11648728
2024-02-22	0.022137887413029706	-0.0031625553447185775	0.03478810879190379	-0.0037950664136622704	0.022137887413029706	23019681
2024-02-21	-0.0025236593059936373	-0.006309148264984205	0.01388012618296534	-0.018296529968454205	-0.0025236593059936373	21498209
2024-02-20	-0.0037712130735386862	0.0025141420490257162	0.003142677561282257	-0.015084852294154632	-0.0037712130735386862	19149676
2024-02-19	0.06421404682274254	0.009364548494983317	0.0662207357859532	0.008695652173913096	0.06421404682274254	45669395
2024-02-08	0.005379959650302628	0.0013449899125757465	0.01546738399462007	-0.009414929388029509	0.005379959650302628	23238651
2024-02-07	0.02551724137931029	0.0	0.028965517241379305	-0.006206896551724128	0.02551724137931029	31184333
2024-02-06	0.07487027427724238	-0.014084507042253483	0.07931801334321721	-0.0177909562638992	0.07487027427724238	29167409
2024-02-05	-0.0022189349112425563	-0.008875739644970357	0.026627218934911333	-0.05769230769230765	-0.0022189349112425563	29236165
2024-02-02	-0.01815541031227306	0.0	0.012345679012345675	-0.054466230936819175	-0.01815541031227306	25154722
2024-02-01	0.008791208791208734	0.013919413919413882	0.030769230769230764	-0.0073260073260073	0.008791208791208734	16639438
2024-01-31	-0.014440433212996338	-0.0036101083032490204	0.005776173285198561	-0.020938628158844706	-0.014440433212996338	17716656
2024-01-30	-0.023272214386459808	-0.00916784203102955	0.0028208744710861017	-0.024682651622002796	-0.023272214386459808	14914432
2024-01-29	-0.020718232044198943	0.0027624309392264602	0.008287292817679504	-0.022099447513812175	-0.020718232044198943	15293754
2024-01-26	0.0	-0.002071823204419968	0.015193370165745778	-0.004834254143646429	0.0	18574234
2024-01-25	0.024045261669024036	0.0007072135785006921	0.028995756718529005	-0.002121640735502202	0.024045261669024036	19723467
2024-01-24	-0.009110021023125369	-0.0028030833917308444	0.011212333566923626	-0.029432375613174487	-0.009110021023125369	23287781
2024-01-23	0.07942511346444772	0.04387291981845689	0.08850226928895612	0.02950075642965195	0.07942511346444772	36954907
2024-01-22	-0.04410701373825014	-0.001446131597975385	-0.001446131597975385	-0.04772234273318873	-0.04410701373825014	15896383
2024-01-19	-0.01143674052894926	-0.004288777698356004	0.00571837026447463	-0.016440314510364578	-0.01143674052894926	12758107
2024-01-18	0.005028735632183929	-0.005028735632183929	0.005747126436781614	-0.0323275862068965	0.005028735632183929	16057772
2024-01-17	-0.02247191011235957	-0.001404494382022442	0.0049157303370786715	-0.02247191011235957	-0.02247191011235957	11499038
2024-01-16	-0.009046624913013153	-0.0006958942240779253	0.0034794711203897503	-0.025748086290883734	-0.009046624913013153	11816007
2024-01-15	-0.008281573498964872	-0.00759144237405103	0.00759144237405103	-0.01794340924775706	-0.008281573498964872	9673501
2024-01-12	0.003462603878116393	-0.002770083102493016	0.01108033240997231	-0.014542936288088578	0.003462603878116393	12594183
2024-01-11	0.0006930006930006783	-0.002079002079002035	0.005544005544005549	-0.020097020097020038	0.0006930006930006783	14602392
2024-01-10	-0.016359918200409013	-0.004089979550102284	0.005453306066803004	-0.018404907975460093	-0.016359918200409013	9455065
2024-01-09	-0.012121212121212102	0.0	0.003367003367003415	-0.016161616161616175	-0.012121212121212102	12209889
2024-01-08	-0.02238314680710993	-0.007241606319947296	-0.003291639236339627	-0.025016458196181635	-0.02238314680710993	12401148
2024-01-05	0.0059602649006622425	-0.0033112582781456247	0.02119205298013247	-0.011920529801324485	0.0059602649006622425	19995635
2024-01-04	-0.009186351706036783	-0.0026246719160105594	-0.0006561679790026107	-0.0255905511811024	-0.009186351706036783	20849981
2024-01-03	0.01735647530040052	-0.004005340453938618	0.024699599465954552	-0.008010680907877236	0.01735647530040052	21879898
2024-01-02	0.015593220338983079	0.0006779661016949008	0.022372881355932208	-0.005423728813559327	0.015593220338983079	26285961
2023-12-29	0.002719238613188249	-0.000679809653297183	0.007477906186267806	-0.02651257647858603	0.002719238613188249	36637503
2023-12-28	-0.0020352781546810962	-0.0027137042062415823	0.008819538670284871	-0.009497964721845357	-0.0020352781546810962	29784600
2023-12-27	-0.0060687795010114535	0.0013486176668914074	0.00539447066756575	-0.014834794335805842	-0.0060687795010114535	15811069
2023-12-26	-0.013962765957446747	-0.001329787234042525	0.0006648936170213806	-0.01994680851063823	-0.013962765957446747	14146558
2023-12-25	0.003335557038025279	0.0006671114076050558	0.007338225483655732	-0.004002668445630454	0.003335557038025279	8717128
2023-12-22	0.014208389715832263	0.0006765899864681859	0.020974289580514244	-0.005412719891745607	0.014208389715832263	12875028
2023-12-21	0.007498295841854085	-0.006816632583503725	0.014314928425357932	-0.010906612133606008	0.007498295841854085	13747753
2023-12-20	-0.008113590263691631	0.003380662609871583	0.008113590263691751	-0.010818120351588802	-0.008113590263691631	15516744
2023-12-19	0.018595041322314022	-0.0020661157024792947	0.029614325068870503	-0.007575757575757537	0.018595041322314022	21878933
2023-12-18	-0.022222222222222227	-0.008080808080808029	-0.005387205387205392	-0.04242424242424236	-0.022222222222222227	37048638
2023-12-15	0.01573187414500687	0.002735978112175166	0.023255813953488486	-0.0006839945280437611	0.01573187414500687	25264898
2023-12-14	-0.06221937139191794	0.0025657472738935807	0.006414368184733781	-0.0750481077613855	-0.06221937139191794	43960127
2023-12-13	-0.013291139240506383	0.00569620253164556	0.00569620253164556	-0.013924050632911432	-0.013291139240506383	12159518
2023-12-12	0.01607717041800643	0.0	0.016720257234726674	-0.0032154340836013317	0.01607717041800643	13886195
2023-12-11	0.0045219638242894235	-0.0006459948320413299	0.008397932816537404	-0.014857881136950931	0.0045219638242894235	11456710
2023-12-08	0.01242642249836503	0.0	0.014388489208633136	-0.010464355788096688	0.01242642249836503	14229168
2023-12-07	-0.0064977257959715025	-0.0006497725795971271	0.005198180636777132	-0.015594541910331397	-0.0064977257959715025	10513308
2023-12-06	0.003913894324853262	0.0	0.010437051532941954	-0.0006523157208088576	0.003913894324853262	8304706
2023-12-05	-0.0191938579654511	-0.005118362124120286	0.0006397952655150215	-0.020473448496481143	-0.0191938579654511	11894918
2023-12-04	-0.002552648372686608	0.0	0.004467134652201677	-0.01659221442246329	-0.002552648372686608	17001350
2023-12-01	-0.018170426065162965	0.0025062656641603475	0.005012531328320695	-0.02506265664160403	-0.018170426065162965	19778734
2023-11-30	0.010766307789740451	0.0	0.02723242558581379	0.0	0.010766307789740451	25773408
2023-11-29	0.011531069827033934	0.00256245996156316	0.015374759769378618	-0.006406149903907729	0.011531069827033934	15111374
2023-11-28	-0.007628734901462237	-0.0019071837253656157	0.0	-0.012078830260648524	-0.007628734901462237	12343659
2023-11-27	-0.0050600885515496566	-0.000632511068943693	0.002530044275774772	-0.016445287792536355	-0.0050600885515496566	8967080
2023-11-24	-0.008777429467084564	-0.0006269592476488895	0.0018808777429467798	-0.012539184952978013	-0.008777429467084564	7266347
2023-11-23	0.006309148264984205	0.0	0.007570977917981135	-0.01261829652996841	0.006309148264984205	9675635
2023-11-22	-0.015527950310559115	-0.0031055900621118453	0.004347826086956539	-0.015527950310559115	-0.015527950310559115	10364425
2023-11-21	0.013853904282115909	0.0	0.022040302267002494	0.0	0.013853904282115909	17669727
2023-11-20	0.0025252525252525836	0.003787878787878819	0.007575757575757638	-0.008207070707070644	0.0025252525252525836	12893109
2023-11-17	-0.010000000000000009	-0.00187499999999996	0.0012499999999999734	-0.013125000000000053	-0.010000000000000009	10630304
2023-11-16	-0.004975124378109347	-0.000621890547263558	0.0031094527363184524	-0.011194029850746141	-0.004975124378109347	11782714
2023-11-15	0.0018691588785045223	0.0062305295950154434	0.016199376947040375	-0.0031152647975078323	0.0018691588785045223	10288625
2023-11-14	0.0	0.0	0.023676012461059128	-0.006853582554517209	0.0	20626310
2023-11-13	0.0314910025706941	0.002570694087403544	0.039845758354755734	-0.007069408740359975	0.0314910025706941	28127516
2023-11-10	-0.007653061224489746	-0.002551020408163211	0.003188775510204127	-0.011479591836734675	-0.007653061224489746	9372750
2023-11-09	-0.004444444444444463	0.0019047619047618642	0.01460317460317463	-0.006349206349206327	-0.004444444444444463	14684977
2023-11-08	-0.0037950664136622704	0.0	0.0050600885515496566	-0.010752688172043006	-0.0037950664136622704	17431615
2023-11-07	-0.02105263157894725	0.0	0.0012383900928794507	-0.03715170278637758	-0.02105263157894725	25578331
2023-11-06	-0.003086419753086464	0.008641975308642011	0.012345679012345635	-0.009259259259259172	-0.003086419753086464	19137423
2023-11-03	0.003095975232198187	0.0024767801857586815	0.014241486068111483	-0.002476780185758461	0.003095975232198187	12505713
2023-11-02	-0.01041666666666677	-0.0024509803921568107	0.011029411764705864	-0.01225490196078427	-0.01041666666666677	14092766
2023-11-01	0.0030731407498463866	0.004917025199754263	0.010448678549477671	-0.00676090964966192	0.0030731407498463866	15172622
2023-10-31	-0.004283965728274192	-0.0012239902080783092	0.009791921664626693	-0.011015911872705002	-0.004283965728274192	11239856
2023-10-30	0.010513296227581827	0.0037105751391464884	0.014842300556586172	0.0	0.010513296227581827	16637566
2023-10-27	0.01698113207547178	-0.0037735849056604086	0.025157232704402538	-0.015094339622641522	0.01698113207547178	15838736
2023-10-26	-0.017305315203955462	-0.005562422744128545	-0.0012360939431396523	-0.03337453646477127	-0.017305315203955462	22967401
2023-10-25	0.056135770234986906	0.028067885117493453	0.060704960835509116	0.02284595300261094	0.056135770234986906	32715311
2023-10-24	0.017940199335548145	0.008637873754152757	0.02724252491694353	-0.0059800664451827145	0.017940199335548145	13223906
2023-10-23	-0.02652005174644244	-0.005174644243208283	-0.004527813712807262	-0.03298835705045288	-0.02652005174644244	9615583
2023-10-20	-0.0006464124111182797	0.0045248868778279576	0.014867485455720662	-0.004524886877828072	-0.0006464124111182797	11971357
2023-10-19	-0.030094043887147252	0.0	0.0006269592476490009	-0.030094043887147252	-0.030094043887147252	14951475
2023-10-18	-0.01725200246457185	-0.0018484288354899037	0.0061614294516326475	-0.020332717190388174	-0.01725200246457185	15864268
2023-10-17	0.025268477574226175	0.040429564118761765	0.04421983575489583	-0.005053695514845235	0.025268477574226175	32114199
2023-10-16	0.006357279084551789	0.005721551176096622	0.012714558169103577	-0.004450095359186286	0.006357279084551789	13031438
2023-10-13	-0.018714909544603912	0.0024953212726137957	0.0024953212726137957	-0.036182158452900924	-0.018714909544603912	15203163
2023-10-12	0.002501563477173291	0.005003126954346471	0.015009380863039413	-0.005628517823639766	0.002501563477173291	12772370
2023-10-11	0.03898635477582844	0.007147498375568514	0.054580896686159834	0.007147498375568514	0.03898635477582844	28430437
2023-10-10	0.0065402223675605905	0.0013080444735121878	0.0274689339437542	0.0013080444735121878	0.0065402223675605905	14523033
2023-10-09	-0.002609262883235546	0.0	0.004566210045662119	-0.011741682974559669	-0.002609262883235546	11870018
2023-09-28	-0.016677357280307874	-0.0006414368184733667	0.010904425914047462	-0.01796023091725461	-0.016677357280307874	11821512
2023-09-27	0.012337662337662305	0.002597402597402542	0.02467532467532461	-0.0019480519480520218	0.012337662337662305	13329721
2023-09-26	-0.012820512820512775	0.0006410256410256274	0.0025641025641026235	-0.0153846153846154	-0.012820512820512775	10955218
2023-09-25	-0.0019193857965451781	0.0	0.007677543186180372	-0.008317338451695508	-0.0019193857965451781	12197608
2023-09-22	0.006439150032195842	-0.005151320025756605	0.009658725048293649	-0.005151320025756605	0.006439150032195842	12162555
2023-09-21	-0.020807061790668352	-0.003783102143757801	0.001261034047919379	-0.02206809583858762	-0.020807061790668352	10866140
2023-09-20	0.008264462809917291	-0.0006357279084551676	0.012078830260648411	-0.006357279084551789	0.008264462809917291	13023719
2023-09-19	0.014184397163120609	0.0006447453255963757	0.018697614442295354	-0.006447453255963871	0.014184397163120609	13701769
2023-09-18	-0.004492939666238786	-0.0012836970474967633	0.001925545571245145	-0.01412066752246474	-0.004492939666238786	11262610
2023-09-15	-0.0019218449711722845	0.00256245996156316	0.010890454836643174	-0.005124919923126206	-0.0019218449711722845	10636432
2023-09-14	0.0006410256410256274	-0.0025641025641025095	0.0051282051282051325	-0.0064102564102563875	0.0006410256410256274	7000137
2023-09-13	-0.0031948881789137834	0.000638977635782734	0.014057507987220373	-0.009584664536741236	-0.0031948881789137834	9402951
2023-09-12	-0.007609384908053216	-0.0038046924540265517	0.0012682308180088505	-0.015218769816106545	-0.007609384908053216	7427615
2023-09-11	0.013496143958868835	0.005141388174807203	0.02377892030848324	0.002570694087403544	0.013496143958868835	10084341
2023-09-08	-0.007019783024888286	0.0025526483726867216	0.0038289725590300253	-0.014039566049776684	-0.007019783024888286	8803459
2023-09-07	-0.008855154965211927	0.000632511068943693	0.004427577482605963	-0.014547754585705275	-0.008855154965211927	10113589
2023-09-06	-0.0025236593059936373	0.0012618296529968186	0.005047318611987386	-0.013880126182965228	-0.0025236593059936373	8884618
2023-09-05	-0.00813516896120155	0.0012515644555694352	0.0018773466833542638	-0.015644555694618274	-0.00813516896120155	10009849
2023-09-04	0.01589319771137953	0.003178639542275838	0.02987921169739344	0.003178639542275838	0.01589319771137953	16412797
2023-09-01	0.028104575163398673	0.0052287581699346445	0.03594771241830058	0.0	0.028104575163398673	14152641
2023-08-31	-0.0013054830287205987	-0.0013054830287205987	0.011096605744125321	-0.007832898172323825	-0.0013054830287205987	8126232
2023-08-30	0.017940199335548145	0.0013289036544850215	0.02857142857142855	0.0006644518272425108	0.017940199335548145	13056466
2023-08-29	0.010745466756212232	0.003357958361316248	0.020819341840161095	-0.010745466756212232	0.010745466756212232	17827880
2023-08-28	0.010862186014935516	0.05295315682281054	0.05431093007467745	0.007467752885268121	0.010862186014935516	13385428
2023-08-25	-0.018654230512991296	0.005996002664890064	0.005996002664890064	-0.02331778814123915	-0.018654230512991296	10340166
2023-08-24	0.044537230340988214	0.004175365344467676	0.05219206680584552	0.0006958942240780489	0.044537230340988214	21181084
2023-08-23	-0.026422764227642316	-0.003387533875338681	0.002710027100271065	-0.027777777777777787	-0.026422764227642316	8505394
2023-08-22	0.02499999999999996	0.0027777777777777185	0.03263888888888881	0.0027777777777777185	0.02499999999999996	15946061
2023-08-21	-0.010309278350515488	0.0	0.009621993127147684	-0.011683848797250854	-0.010309278350515488	9141531
2023-08-18	-0.022834116856950963	-0.004701141705842867	0.002686366689052998	-0.023505708529214332	-0.022834116856950963	8295915
2023-08-17	-0.0020107238605897694	-0.00737265415549594	-0.0006702412868632565	-0.01809651474530828	-0.0020107238605897694	12913390
2023-08-16	-0.001338688085676009	0.0013386880856761279	0.01070950468540831	-0.008701472556894177	-0.001338688085676009	11247291
2023-08-15	0.0	0.0020080321285141324	0.0020080321285141324	-0.017402945113788475	0.0	12340959
2023-08-14	-0.01321003963011896	-0.011889035667106982	-0.011889035667106982	-0.03500660501981513	-0.01321003963011896	20880208
2023-08-11	-0.03873015873015869	0.0	0.0	-0.03873015873015869	-0.03873015873015869	19173518
2023-08-10	-0.002533248891703556	-0.002533248891703556	0.0037998733375554463	-0.01836605446485112	-0.002533248891703556	14002722
2023-08-09	-0.011889862327909968	-0.004380475594493134	0.0006257822277847176	-0.02127659574468084	-0.011889862327909968	9679351
2023-08-08	0.0037688442211055587	-0.004396984924623134	0.008793969849246155	-0.008793969849246267	0.0037688442211055587	8751892
2023-08-07	-0.008099688473520298	-0.004361370716510921	0.008722741433021841	-0.01682242990654214	-0.008099688473520298	9354740
2023-08-04	0.003752345215759881	0.005628517823639655	0.018761726078799182	0.0	0.003752345215759881	11669911
2023-08-03	-0.004358655043586458	-0.003735990037359821	0.0024906600249067685	-0.012453300124532957	-0.004358655043586458	8898040
2023-08-02	-0.011692307692307771	-0.0018461538461539161	0.004923076923076818	-0.015384615384615385	-0.011692307692307771	9487600
2023-08-01	0.008690254500310402	0.003724394785847441	0.016139044072005063	-0.005586592178770941	0.008690254500310402	15189115
2023-07-31	-0.003094059405940638	0.00556930693069306	0.027227722772277307	-0.012995049504950548	-0.003094059405940638	16332190
2023-07-28	0.0037267080745340816	0.0037267080745340816	0.009937888198757771	-0.008074534161490732	0.0037267080745340816	13319091
2023-07-27	0.008140262993112133	-0.0012523481527865591	0.02629931120851596	-0.0075140889167189095	0.008140262993112133	17851855
2023-07-26	0.0006265664160400869	-0.0006265664160401981	0.006892230576441067	-0.009398496240601526	0.0006265664160400869	12432739
2023-07-25	0.04450261780104722	0.02290575916230376	0.04777486910994779	0.014397905759162347	0.04450261780104722	31407294
2023-07-24	-0.032911392405063376	-0.001265822784810212	-0.001265822784810212	-0.03797468354430389	-0.032911392405063376	25237663
2023-07-21	0.0031746031746032197	-0.0031746031746032197	0.0196825396825396	-0.01079365079365079	0.0031746031746032197	12324158
2023-07-20	0.0	0.0	0.015873015873015872	-0.0025396825396824855	0.0	9944647
2023-07-19	-0.009433962264150966	-0.003144654088050359	0.008805031446540804	-0.012578616352201324	-0.009433962264150966	10808677
2023-07-18	0.0	0.005031446540880507	0.01635220125786162	-0.014465408805031473	0.0	20918778
2023-07-17	-0.020332717190388174	-0.008009858287122551	-0.008009858287122551	-0.035120147874306853	-0.020332717190388174	15106886
2023-07-14	0.02268431001890367	0.0037807183364839633	0.030875866414618792	-0.01134215500945178	0.02268431001890367	22660783
2023-07-13	0.00761904761904757	-0.004444444444444463	0.019047619047619094	-0.009523809523809547	0.00761904761904757	25279636
2023-07-12	0.04235605559232301	-0.005294506949040376	0.048974189278623445	-0.0059563203176704075	0.04235605559232301	25637052
2023-07-11	0.016139878950907884	-0.0006724949562878135	0.018829858776059256	-0.004707464694014694	0.016139878950907884	14525876
2023-07-10	-0.009327115256495707	-0.0006662225183211051	0.01798800799467019	-0.014656895403064666	-0.009327115256495707	10859201
2023-07-07	0.00873655913978488	0.0	0.017473118279569877	-0.0047043010752688364	0.00873655913978488	10252353
2023-07-06	-0.013262599469495973	-0.0019893899204243607	-0.0013262599469495739	-0.02188328912466844	-0.013262599469495973	13037898
2023-07-05	-0.00132450331125825	-0.005298013245033118	0.0026490066225166174	-0.011920529801324485	-0.00132450331125825	6923336
2023-07-04	0.007338225483655732	0.002668445630420223	0.01067378252168113	-0.011340893929286186	0.007338225483655732	12085276
2023-07-03	0.002005347593582845	0.0213903743315507	0.028074866310160422	-0.000668449197861067	0.002005347593582845	16858715
2023-06-30	0.024657534246575425	0.0013698630136986009	0.03013698630136983	0.0	0.024657534246575425	16754481
2023-06-29	-0.03630363036303635	-0.005280528052805285	0.00330033003300323	-0.03894389438943893	-0.03630363036303635	20748778
2023-06-28	0.015415549597855257	-0.004691689008042914	0.017426273458445028	-0.010053619302949086	0.015415549597855257	18897630
2023-06-27	0.02402196293754287	0.00205902539464649	0.04598490048043925	0.0013726835964309933	0.02402196293754287	24673575
2023-06-26	0.0006868131868131721	0.0013736263736263442	0.01717032967032967	-0.004807692307692327	0.0006868131868131721	14061773
2023-06-21	0.0041379310344827926	-0.0013793103448275568	0.03586206896551721	-0.004827586206896571	0.0041379310344827926	19737773
2023-06-20	-0.019607843137254846	0.0013522650439487052	0.0013522650439487052	-0.024340770791075012	-0.019607843137254846	18386401
2023-06-19	0.0	0.027045300878972302	0.037863421230561224	-0.008113590263691631	0.0	32890814
2023-06-16	-0.01727574750830575	0.0006644518272425108	0.029900332225913574	-0.03920265780730896	-0.01727574750830575	27483180
2023-06-15	0.035075653370013865	0.0006877579092160635	0.044016506189821225	0.0006877579092160635	0.035075653370013865	34807063
2023-06-14	0.024665257223396735	0.000704721634954178	0.04298801973220587	-0.00563777307963355	0.024665257223396735	16626067
2023-06-13	-0.011838440111420608	-0.004874651810584978	0.003481894150417877	-0.025069637883008318	-0.011838440111420608	16976877
2023-06-12	0.0013947001394699842	0.004184100418410076	0.02092050209205026	-0.009762900976290137	0.0013947001394699842	16349630
2023-06-09	-0.0110344827586207	0.0	0.006896551724137907	-0.013793103448275813	-0.0110344827586207	17027873
2023-06-08	0.028368794326241162	0.010638297872340451	0.03333333333333338	0.0007092198581560132	0.028368794326241162	20156815
2023-06-07	-0.0056417489421720785	0.007757404795486561	0.010578279266572663	-0.019746121297602212	-0.0056417489421720785	13753215
2023-06-06	0.004249291784702585	0.0	0.03045325779036838	-0.0007082152974504099	0.004249291784702585	23906598
2023-06-05	0.0056980056980057035	-0.0021367521367520914	0.017806267806267807	-0.02207977207977199	0.0056980056980057035	24812310
2023-06-02	0.07586206896551712	0.0007662835249041982	0.07969348659003825	0.0007662835249041982	0.07586206896551712	34838379
2023-06-01	0.0299921073401737	-0.0023677979479083946	0.058405682715075	-0.005524861878453061	0.0299921073401737	28661765
2023-05-31	0.008757961783439445	-0.004777070063694307	0.016719745222929863	-0.005573248407643334	0.008757961783439445	16311704
2023-05-30	-0.005542359461599389	-0.003958828186856746	0.011876484560569958	-0.015835312747426847	-0.005542359461599389	10937657
2023-05-29	-0.002369668246445447	0.0015797788309636315	0.010268562401263745	-0.018957345971563996	-0.002369668246445447	14615402
2023-05-26	-0.016317016317016247	0.0	0.009324009324009402	-0.020202020202020186	-0.016317016317016247	14681102
2023-05-25	-0.016806722689075678	-0.002291825821237537	0.0030557677616501852	-0.025974025974025962	-0.016806722689075678	13361338
2023-05-24	-0.007581501137225144	0.0	0.012130401819560285	-0.012888551933282786	-0.007581501137225144	9717891
2023-05-23	-0.014200298953662278	0.0007473841554558883	0.007473841554559016	-0.015695067264574054	-0.014200298953662278	10065135
2023-05-22	0.01904036557501904	0.0	0.02208682406702202	-0.007616146230007724	0.01904036557501904	11721114
2023-05-19	-0.005303030303030191	0.0	0.0037878787878788418	-0.01590909090909084	-0.005303030303030191	15319266
2023-05-18	-0.023668639053254458	0.0051775147928994295	0.014053254437869917	-0.027366863905325386	-0.023668639053254458	14792258
2023-05-17	-0.007342143906020533	-0.0029368575624081606	0.0007342143906021706	-0.018355359765051395	-0.007342143906020533	10181508
2023-05-16	0.000734753857457736	0.000734753857457736	0.01322556943423951	-0.002939015429830944	0.000734753857457736	10689307
2023-05-15	0.00740192450037007	0.0	0.017764618800888247	-0.008882309400444058	0.00740192450037007	13447250
2023-05-12	-0.03292770221904086	0.0035790980672869674	0.0035790980672869674	-0.03650680028632783	-0.03292770221904086	14969185
2023-05-11	0.0007163323782234804	0.003581661891117402	0.007879656160458411	-0.01504297994269347	0.0007163323782234804	9676530
2023-05-10	-0.00498930862437623	-0.00427655024946534	0.010691375623663605	-0.013542409123307165	-0.00498930862437623	10154151
2023-05-09	-0.014054813773717572	0.00070274068868586	0.004919184820801144	-0.022487702037948018	-0.014054813773717572	13974469
2023-05-08	-0.020646937370956568	0.008947006194081265	0.019270474879559612	-0.02615278733654501	-0.020646937370956568	14874615
2023-05-05	0.008327550312283083	-0.003469812630118023	0.013879250520471845	-0.011103400416377526	0.008327550312283083	12944377
2023-05-04	0.015503875968992293	-0.001409443269908356	0.025369978858351037	-0.01973220577871736	0.015503875968992293	16034475
2023-04-28	0.020863309352517925	0.0	0.02230215827338133	-0.005035971223021603	0.020863309352517925	12257338
2023-04-27	-0.00429799426934101	-0.007163323782235058	0.008595988538681891	-0.01719197707736391	-0.00429799426934101	11471928
2023-04-26	-0.0014306151645207133	0.0014306151645207133	0.018597997138769654	-0.011444921316165962	-0.0014306151645207133	12689540
2023-04-25	-0.002141327623126293	0.01498929336188443	0.02569593147751602	-0.009279086366880728	-0.002141327623126293	14820637
2023-04-24	-0.03909465020576133	0.0	0.001371742112482824	-0.06515775034293549	-0.03909465020576133	42453668
2023-04-21	-0.017520215633423167	0.005390835579514829	0.007412398921832846	-0.01954177897574118	-0.017520215633423167	16695848
2023-04-20	-0.060164661177960696	-0.004433185560481223	-0.001266624445851778	-0.07346421785940459	-0.060164661177960696	34618068
2023-04-19	-0.033659730722154266	-0.0018359853121175727	-0.0018359853121175727	-0.0373317013463892	-0.033659730722154266	18774179
2023-04-18	-0.0018326206475260314	0.0018326206475258145	0.013439218081856986	-0.010384850335980555	-0.0018326206475260314	15307612
2023-04-17	0.04068658614113163	-0.005085823267641454	0.04513668150031792	-0.005085823267641454	0.04068658614113163	31700980
2023-04-14	0.003188775510204127	0.003188775510204127	0.02359693877551027	-0.0006377551020408027	0.003188775510204127	19411402
2023-04-13	-0.0012738853503184442	0.0	0.009554140127388559	-0.008917197452229223	-0.0012738853503184442	12148043
2023-04-12	-0.027261462205700204	-0.0006195786864932815	0.0024783147459726857	-0.02973977695167289	-0.027261462205700204	16062304
2023-04-11	0.015733165512901194	-0.001887979861548215	0.0195091252359974	-0.0037759597230963182	0.015733165512901194	13361487
2023-04-10	-0.011200995644057231	0.0018668326073429456	0.009956440572495341	-0.024268823895457408	-0.011200995644057231	15217959
2023-04-07	0.011327879169288842	0.0012586532410320689	0.016991818753933265	-0.005034612964128387	0.011327879169288842	9985220
2023-04-06	0.019243104554201456	-0.005772931366260415	0.025016035920461872	-0.01154586273252083	0.019243104554201456	11845337
2023-04-04	-0.020728643216080405	0.0	0.005025125628140708	-0.03266331658291455	-0.020728643216080405	16628025
2023-04-03	-0.0050000000000000044	0.0	0.013749999999999929	-0.011874999999999969	-0.0050000000000000044	17429206
2023-03-31	0.032924467398321486	0.0019367333763718115	0.05616526791478368	0.0019367333763718115	0.032924467398321486	27185769
2023-03-30	-0.0012894906511927513	0.0	0.003223726627981993	-0.0257898130238556	-0.0012894906511927513	20613717
2023-03-29	-0.02206809583858762	0.003783102143757913	0.01324085750315264	-0.025851197982345534	-0.02206809583858762	16656969
2023-03-28	0.012771392081736863	0.04086845466155815	0.05300127713920806	0.007662835249042096	0.012771392081736863	26111228
2023-03-27	-0.013232514177693704	-0.00441083805923116	0.003150598613736655	-0.027095148078134828	-0.013232514177693704	18049436
2023-03-24	0.00761904761904757	-0.0025396825396824855	0.019047619047619094	-0.01079365079365079	0.00761904761904757	13181356
2023-03-23	0.006389776357827453	0.004472843450479251	0.021086261980830676	-0.010862619808306705	0.006389776357827453	14915157
2023-03-22	-0.01634192331866749	0.0025141420490257162	0.02388434946574475	-0.020741671904462605	-0.01634192331866749	16844456
2023-03-21	0.023809523809523874	-0.0057915057915057825	0.025740025740025763	-0.0057915057915057825	0.023809523809523874	10665865
2023-03-20	-0.0012853470437018861	-0.0012853470437018861	0.005141388174807203	-0.015424164524421607	-0.0012853470437018861	9813538
2023-03-17	-0.015189873417721532	0.00569620253164556	0.01139240506329112	-0.023417721518987404	-0.015189873417721532	18695074
2023-03-16	-0.02408894379246452	-0.011117974058060512	0.0	-0.030883261272390473	-0.02408894379246452	11559070
2023-03-15	0.025982256020278958	0.0	0.03231939163498097	0.0	0.025982256020278958	15433082
2023-03-14	-0.024118738404452833	-0.0006184291898578579	0.0018552875695731343	-0.03092145949288817	-0.024118738404452833	13400094
2023-03-13	0.006849315068493337	-0.0024906600249065473	0.02054794520547957	-0.004358655043586458	0.006849315068493337	12787019
2023-03-10	-0.02902055622732772	-0.007255139056831768	-0.007255139056831768	-0.035066505441354194	-0.02902055622732772	18235589
2023-03-09	0.017220172201721867	0.006150061500614874	0.024600246002459934	-0.011070110701107212	0.017220172201721867	16339829
2023-03-08	-0.010948905109489033	-0.004257907542579093	-0.004257907542579093	-0.03406326034063263	-0.010948905109489033	27648966
2023-03-07	-0.027218934911242446	0.006508875739645147	0.011834319526627389	-0.02958579881656805	-0.027218934911242446	22607805
2023-03-06	-0.018583042973286893	-0.003484320557491215	0.0017421602787457107	-0.03600464576074318	-0.018583042973286893	23370640
2023-03-03	-0.005773672055427333	0.0	0.006351039260969944	-0.009815242494226425	-0.005773672055427333	9212935
2023-03-02	-0.01702610669693534	-0.0022701475595915265	0.002837684449489257	-0.023836549375709518	-0.01702610669693534	17161093
2023-03-01	0.012062033314187297	-0.0011487650775416183	0.013210798391728916	-0.008615738081562239	0.012062033314187297	13310314
2023-02-28	-0.006845407872219109	0.014261266400456359	0.0148317170564745	-0.021106674272675468	-0.006845407872219109	19174439
2023-02-27	-0.015168539325842672	-0.006179775280898844	0.010674157303370659	-0.019662921348314686	-0.015168539325842672	17651542
2023-02-24	-0.011111111111111072	0.0027777777777778173	0.00777777777777781	-0.022222222222222143	-0.011111111111111072	18027195
2023-02-23	-0.03897490656700483	-0.006940736785904912	0.0064068339562200205	-0.04217832354511474	-0.03897490656700483	22635054
2023-02-22	0.009703504043126669	-0.009703504043126669	0.022641509433962162	-0.012938005390835686	0.009703504043126669	25198498
2023-02-21	0.035156249999999944	0.009486607142857038	0.0496651785714284	0.0	0.035156249999999944	33906753
2023-02-20	0.02050113895216418	0.007403189066059372	0.027334851936218704	-0.014806378132118339	0.02050113895216418	24197881
2023-02-17	0.010356731875719201	0.0	0.025891829689298006	-0.0011507479861909997	0.010356731875719201	20979797
2023-02-16	-0.026330532212885286	-0.004481792717086938	0.0033613445378150543	-0.03193277310924371	-0.026330532212885286	20201702
2023-02-15	-0.0077821011673150095	0.0016675931072818865	0.007782101167315207	-0.018899388549193992	-0.0077821011673150095	17189452
2023-02-14	0.005027932960893847	-0.0022346368715083324	0.025139664804469435	-0.01117318435754186	0.005027932960893847	22747598
2023-02-13	0.009588268471517098	-0.0011280315848843528	0.014664410603496785	-0.007332205301748392	0.009588268471517098	16970618
2023-02-10	-0.0033726812816188153	-0.0073074761101742	0.0044969083754919535	-0.0146149522203484	-0.0033726812816188153	13281514
2023-02-09	0.008503401360544137	-0.005102040816326522	0.024376417233560075	-0.00623582766439906	0.008503401360544137	18176517
2023-02-08	0.00341296928327658	0.005688282138794166	0.018202502844141086	0.0	0.00341296928327658	14022279
2023-02-07	-0.0034013605442178158	0.004535147392290152	0.02040816326530609	-0.008503401360544338	-0.0034013605442178158	14954620
2023-02-06	-0.024875621890547223	-0.009397457158651087	0.003316749585406231	-0.034825870646766115	-0.024875621890547223	29174846
2023-02-03	-0.027419354838709758	0.0016129032258063215	0.008064516129032182	-0.044086021505376355	-0.027419354838709758	33353004
2023-02-02	0.023102310231023198	0.0022002200220021533	0.03575357535753568	-0.005500550055005579	0.023102310231023198	27763763
2023-02-01	0.02653867871259169	-0.0005646527385658703	0.02936194240542064	-0.00508187464709203	0.02653867871259169	24445220
2023-01-31	-0.006730229949523133	-0.0016825574873806834	0.023555804823331562	-0.007851934941110321	-0.006730229949523133	19795372
2023-01-30	0.002248454187745877	0.012928611579539092	0.016301292861157907	-0.008431703204047137	0.002248454187745877	20156923
2023-01-20	0.01137009664582145	-0.0028425241614554128	0.013075611142694737	-0.007390562819783912	0.01137009664582145	21796876
2023-01-19	0.0628398791540785	-0.0030211480362538194	0.06888217522658613	-0.006042296072507639	0.0628398791540785	41039746
2023-01-18	-0.001207000603500276	-0.0006035003017502452	0.011466505733252943	-0.010259505129752667	-0.001207000603500276	14830968
2023-01-17	0.026006191950464504	0.006191950464396374	0.026625386996904008	-0.0030959752321979665	0.026006191950464504	19483365
2023-01-16	0.01957070707070699	0.0018939393939393537	0.034722222222222265	-0.005050505050505055	0.01957070707070699	22055078
2023-01-13	-0.010000000000000009	0.0024999999999999467	0.005624999999999991	-0.018750000000000044	-0.010000000000000009	20735582
2023-01-12	0.0031347962382445587	-0.002507836990595558	0.007523510971786896	-0.006269592476489006	0.0031347962382445587	16392673
2023-01-11	-0.008701056556867655	-0.003107520198881337	0.006215040397762674	-0.01615910503418271	-0.008701056556867655	18283434
2023-01-10	-0.031889290012033764	-0.003008423586040957	-0.00120336943441634	-0.0330926594464501	-0.031889290012033764	20893373
2023-01-09	0.012797074954296214	0.00243753808653255	0.021937842778793383	-0.017062766605728284	0.012797074954296214	28452588
2023-01-06	0.05124919923126206	0.007046764894298604	0.06470211402946839	0.005124919923126206	0.05124919923126206	40050485
2023-01-05	0.00904977375565603	-0.001292824822236674	0.024563671622495085	-0.007756948933419586	0.00904977375565603	15129013
2023-01-04	0.011111111111111106	0.0032679738562090806	0.028104575163398673	-0.006535947712418394	0.011111111111111106	20605267
2023-01-03	-0.012903225806451568	-0.012903225806451568	0.009032258064516166	-0.03999999999999995	-0.012903225806451568	24514538
2022-12-30	0.010430247718383322	0.0045632333767927176	0.02281616688396347	-0.0032594524119948314	0.010430247718383322	21882830
2022-12-29	0.014550264550264593	-0.006613756613756591	0.02182539682539683	-0.018518518518518476	0.014550264550264593	19048453
2022-12-28	-0.003952569169960507	0.0013175230566534633	0.007246376811594166	-0.025032938076416274	-0.003952569169960507	20211056
2022-12-27	0.04043865661411925	0.0006854009595613288	0.052775873886223415	0.0	0.04043865661411925	18944728
2022-12-26	0.021708683473389393	-0.0014005602240896062	0.025910364145658334	-0.008403361344537761	0.021708683473389393	14968532
2022-12-23	-0.04736490993996003	-0.012008005336891241	-0.008005336891260907	-0.0493662441627752	-0.04736490993996003	18489004
2022-12-22	0.006040268456375829	0.0	0.017449664429530186	-0.004697986577181227	0.006040268456375829	14416197
2022-12-21	0.002691790040376913	-0.00403768506056519	0.01547779273216692	-0.014804845222072602	0.002691790040376913	13170536
2022-12-20	-0.0113107119095143	0.0006653359946772979	0.016633399866932803	-0.0279441117764471	-0.0113107119095143	12431927
2022-12-19	-0.02655440414507773	-0.0025906735751294787	0.012305699481865369	-0.03626943005181339	-0.02655440414507773	15722185
2022-12-16	0.027962716378162448	0.0019973368841545366	0.04194407456724373	-0.006657789613848179	0.027962716378162448	25741416
2022-12-15	-0.013140604467805588	0.005256241787122212	0.008541392904073521	-0.028909329829172225	-0.013140604467805588	17078301
2022-12-14	-0.0026212319790300882	-0.003931847968545249	0.004587155963302771	-0.01834862385321097	-0.0026212319790300882	10576783
2022-12-13	-0.0006548788474132146	0.0032743942370661895	0.02881466928618214	-0.010478061558611666	-0.0006548788474132146	16481383
2022-12-12	-0.027388535031847117	-0.0012738853503184442	0.00700636942675167	-0.03184713375796178	-0.027388535031847117	17947506
2022-12-09	0.02614379084967311	0.006535947712418277	0.03398692810457513	-0.005882352941176461	0.02614379084967311	19072787
2022-12-08	-0.004554326610279669	-0.0013012361743656197	0.016265452179570594	-0.009108653220559454	-0.004554326610279669	17827549
2022-12-07	-0.027215189873417815	-0.0006329113924051622	0.005063291139240511	-0.031012658227848114	-0.027215189873417815	23919334
2022-12-06	-0.0018951358180669211	-0.009475679090334829	0.013265950726468672	-0.033480732785849614	-0.0018951358180669211	29035374
2022-12-05	0.05392809587217048	0.0	0.05392809587217048	-0.0026631158455392243	0.05392809587217048	35748946
2022-12-02	-0.008580858085808633	-0.003960396039603993	0.006600660066006577	-0.02112211221122114	-0.008580858085808633	23671215
2022-12-01	0.04123711340206183	0.010996563573883171	0.04329896907216488	0.010996563573883171	0.04123711340206183	32322032
2022-11-30	0.024647887323943764	0.0007042253521127861	0.04225352112676067	-0.0014084507042253223	0.024647887323943764	25739746
2022-11-29	0.033478893740902405	-0.0029112081513828912	0.036390101892285295	-0.005822416302765653	0.033478893740902405	21204924
2022-11-28	-0.03171247357293864	-0.013389711064129634	-0.0035236081747708906	-0.038054968287526365	-0.03171247357293864	14261435
2022-11-25	0.008528784648187578	0.0014214641080312418	0.023454157782515996	-0.01705756929637528	0.008528784648187578	13929312
2022-11-24	0.0014234875444839553	-0.003558718861210015	0.009252669039145836	-0.005693950177935948	0.0014234875444839553	7537868
2022-11-23	0.012247838616714692	0.0	0.03242074927953885	-0.004322766570605223	0.012247838616714692	15103003
2022-11-22	-0.010691375623663478	0.0	0.0014255167498219068	-0.022095509622237972	-0.010691375623663478	14950676
2022-11-21	0.0014275517487508619	-0.006423982869379005	0.010706638115631717	-0.022127052105638867	0.0014275517487508619	13126336
2022-11-18	-0.011291460832745246	-0.004940014114326061	0.0035285815102329364	-0.015525758645024746	-0.011291460832745246	14269896
2022-11-17	-0.03736413043478266	-0.012228260869565319	-0.004755434782608715	-0.0441576086956522	-0.03736413043478266	20089726
2022-11-16	0.014472777394900127	0.0	0.042039972432804926	0.0	0.014472777394900127	29161429
2022-11-15	0.01539538138558437	-0.0013995801259621815	0.018894331700489948	-0.018194541637508735	0.01539538138558437	24214285
2022-11-14	-0.007638888888888973	-0.0034722222222222715	0.028472222222222232	-0.017361111111111112	-0.007638888888888973	25732938
2022-11-11	0.0337401292175162	0.0337401292175162	0.043072505384063146	0.0	0.0337401292175162	30719986
2022-11-10	-0.014851485148514912	0.0	0.006364922206506355	-0.02828854314002831	-0.014851485148514912	17258657
2022-11-09	-0.024154589371980652	-0.0020703933747411567	0.012422360248447185	-0.02484472049689437	-0.024154589371980652	19059642
2022-11-08	0.013995801259622189	-0.0006997900629810908	0.03079076277116874	-0.008397480755773214	0.013995801259622189	32259551
2022-11-07	0.05383480825958692	-0.002212389380531057	0.0612094395280236	-0.005899705014749268	0.05383480825958692	35373875
2022-11-04	0.006681514476614688	0.0	0.01930215293244245	-0.008166295471418054	0.006681514476614688	27104255
2022-11-03	0.026676829268292793	-0.014481707317073133	0.03277439024390255	-0.016768292682926744	0.026676829268292793	24194357
2022-11-02	0.0007627765064835841	-0.0038138825324179203	0.01906941266209001	-0.027459954233409568	0.0007627765064835841	22724602
2022-11-01	0.057258064516128956	0.013709677419354832	0.058870967741935516	0.0032258064516128343	0.057258064516128956	19209245
2022-10-31	-0.025923016496465046	-0.010212097407698411	0.00392772977219159	-0.02985074626865678	-0.025923016496465046	16186320
2022-10-28	-0.03924528301886789	0.0	0.00452830188679249	-0.041509433962264204	-0.03924528301886789	17996620
2022-10-27	-0.006746626686656661	0.008245877061469222	0.026986506746626643	-0.01724137931034486	-0.006746626686656661	17601657
2022-10-26	0.0612569610182975	0.006364359586316632	0.09307875894988066	0.0031821797931582455	0.0612569610182975	43489228
2022-10-25	-0.021028037383177538	-0.04984423676012466	-0.016355140186915817	-0.07866043613707163	-0.021028037383177538	35893192
2022-10-24	-0.03021148036253779	-0.006042296072507558	0.018126888217522674	-0.0332326283987915	-0.03021148036253779	25325467
2022-10-21	-0.019985196150999227	-0.0014803849000739877	0.0	-0.032568467801628385	-0.019985196150999227	20027886
2022-10-20	-0.029454022988505756	-0.013649425287356286	-0.0014367816091953717	-0.03735632183908043	-0.029454022988505756	25047450
2022-10-19	-0.037344398340249024	-0.0027662517289073945	0.0	-0.03872752420470266	-0.037344398340249024	35076329
2022-10-18	0.04404332129963908	-0.0021660649819494125	0.05992779783393502	-0.0036101083032490204	0.04404332129963908	47983976
2022-10-17	0.036676646706586845	-0.004491017964071761	0.04640718562874259	-0.028443113772455016	0.036676646706586845	46404415
2022-10-14	0.0007490636704119691	0.0014981273408239382	0.01273408239700374	-0.019475655430711596	0.0007490636704119691	38807997
2022-10-13	-0.3361511685728493	-0.3053207359522625	-0.3053207359522625	-0.35057185479860764	-0.3361511685728493	44561122
2022-10-12	-0.033173076923076986	-0.006730769230769258	-0.006730769230769258	-0.05721153846153852	-0.033173076923076986	27302073
2022-10-11	0.005802707930367553	0.011121856866537739	0.011121856866537739	-0.01837524177949705	0.005802707930367553	10510867
2022-10-10	-0.027738598965679356	0.006111894687353033	0.011753643629525154	-0.03338034790785147	-0.027738598965679356	12572840
2022-09-30	0.0018841262364578024	0.01365991521431932	0.03438530381535565	-0.0037682524729157722	0.0018841262364578024	14760591
2022-09-29	-0.00562060889929747	0.00468384074941442	0.012646370023419184	-0.01686182669789241	-0.00562060889929747	15531564
2022-09-28	-0.027777777777777752	-0.0004553734061931495	0.00683060109289611	-0.03916211293260471	-0.027777777777777752	20142357
2022-09-27	0.022346368715083817	0.00046554934823081983	0.022346368715083817	-0.017690875232774628	0.022346368715083817	32076143
2022-09-26	0.0009319664492078086	-0.00885368126747443	0.01491146318732527	-0.026561043802423124	0.0009319664492078086	22730956
2022-09-23	0.049902152641878646	-0.00048923679060673	0.05479452054794508	-0.005870841487279892	0.049902152641878646	38497009
2022-09-22	-0.0019531249999999584	-0.003417968750000014	0.011718749999999924	-0.015625000000000014	-0.0019531249999999584	18872327
2022-09-21	0.0224663005491762	-0.006490264603095484	0.041937094358462296	-0.012481278082875686	0.0224663005491762	34850995
2022-09-20	0.06091101694915266	0.011652542372881484	0.08845338983050857	0.009004237288135684	0.06091101694915266	38182286
2022-09-19	-0.0026413100898045805	-0.00898045430533535	0.013734812466983706	-0.013734812466983519	-0.0026413100898045805	16028430
2022-09-16	-0.03369065849923431	0.003062787136293962	0.003062787136293962	-0.037774374680959594	-0.03369065849923431	21560660
2022-09-15	-0.029717682020802445	0.003962357602773566	0.00544824170381374	-0.04754829123328384	-0.029717682020802445	29624868
2022-09-14	-0.03765490943755954	-0.022402287893231596	-0.013346043851286994	-0.03956148713060066	-0.03765490943755954	25718507
2022-09-13	-0.01131008482563612	0.003770028275212151	0.008482563619227132	-0.01979264844486325	-0.01131008482563612	17572194
2022-09-09	0.005687203791469073	-0.004265402843601889	0.007582938388625599	-0.010426540284360304	0.005687203791469073	18321756
2022-09-08	-0.03652968036529668	0.004566210045662165	0.006849315068493248	-0.04383561643835605	-0.03652968036529668	34142202
2022-09-07	-0.01573033707865175	0.0004494382022472613	0.012584269662921399	-0.02157303370786519	-0.01573033707865175	25030974
2022-09-06	0.044600938967136114	0.007042253521126694	0.046948356807511735	-0.0009389671361502147	0.044600938967136114	23467155
2022-09-05	-0.022038567493112966	-0.003673094582185576	0.00045913682277309506	-0.026629935720844895	-0.022038567493112966	16839869
2022-09-02	-0.005025125628140678	0.000913659205116472	0.0077661032434900934	-0.011877569666514461	-0.005025125628140678	11181190
2022-09-01	-0.0018239854081166962	0.0018239854081166962	0.016871865025079844	-0.014591883264933894	-0.0018239854081166962	17218361
2022-08-31	-0.0300751879699248	-0.013268465280849214	0.0035382574082265302	-0.03626713843432111	-0.0300751879699248	21289758
2022-08-30	-0.04518581081081082	0.01773648648648656	0.02069256756756765	-0.055320945945945894	-0.04518581081081082	34282091
2022-08-29	-0.019461697722567242	-0.01449275362318832	-0.002484472049689388	-0.029813664596273246	-0.019461697722567242	18529159
2022-08-26	-0.006172839506172927	-0.004526748971193392	0.004938271604938312	-0.014403292181070016	-0.006172839506172927	15019602
2022-08-25	0.02186711522287635	0.008410428931875496	0.032380151387720754	-0.0012615643397813766	0.02186711522287635	18704002
2022-08-24	-0.05634920634920628	0.003968253968254024	0.01269841269841271	-0.060317460317460304	-0.05634920634920628	40935093
2022-08-23	-0.016777214202106896	-0.0031213421771361023	-0.0031213421771361023	-0.03238392508778768	-0.016777214202106896	29577083
2022-08-22	0.03138832997987918	0.0016096579476860824	0.04346076458752508	0.0	0.03138832997987918	40510282
2022-08-19	-0.016620498614958377	-0.007518796992481254	0.006331618519984177	-0.03205381875741981	-0.016620498614958377	54457462
2022-08-18	-0.04856927710843371	-0.021084337349397544	-0.00715361445783124	-0.06626506024096378	-0.04856927710843371	67155690
2022-08-17	-0.0614840989399294	-0.01943462897526504	-0.010247349823321525	-0.0706713780918728	-0.0614840989399294	74796889
2022-08-16	0.04776008885597923	0.026286560533135776	0.0644205849685301	0.011847463902258302	0.04776008885597923	91464982
2022-08-15	0.050563982886036585	0.026837806301050086	0.06962271489692723	0.010112796577207235	0.050563982886036585	106503480
2022-08-12	0.10012836970474967	0.011125374411638767	0.10012836970474967	0.005562687205819383	0.10012836970474967	44659264
2022-08-11	0.02275711159737416	0.01400437636761489	0.034135667396061165	-0.0008752735229760667	0.02275711159737416	16970058
2022-08-10	0.02100089365504926	-0.010277033065236838	0.023235031277926702	-0.014745308310991882	0.02100089365504926	13678219
2022-08-09	0.00901713255184848	0.0063119927862939846	0.01803426510369696	0.0	0.00901713255184848	10057440
2022-08-08	0.015567765567765561	-0.004578754578754644	0.019688644688644674	-0.005952380952380907	0.015567765567765561	11727235
2022-08-05	0.026798307475317362	0.004231311706629048	0.02726845322049844	-0.007052186177715025	0.026798307475317362	14449580
2022-08-04	0.006149479659413387	0.006149479659413387	0.020340586565752116	-0.006149479659413387	0.006149479659413387	10145417
2022-08-03	-0.012149532710280282	0.004672897196261749	0.027102803738317846	-0.014018691588784915	-0.012149532710280282	12018089
2022-08-02	-0.033860045146726865	-0.009932279909706496	-0.007223476297968404	-0.06004514672686223	-0.033860045146726865	20170522
2022-08-01	-0.022937803264225985	-0.0052933392148213935	-0.0030877812086458	-0.030877812086457998	-0.022937803264225985	18612538
2022-07-29	-0.017764298093587375	0.002599653379549492	0.009965337954939361	-0.025129982668977396	-0.017764298093587375	11835497
2022-07-28	-0.007311827956989321	0.0	0.009032258064516166	-0.010322580645161223	-0.007311827956989321	10978097
2022-07-27	-0.01732882502113272	0.000422654268808181	0.00464919695688924	-0.023245984784446352	-0.01732882502113272	9358469
2022-07-26	0.024242424242424187	0.004329004329004236	0.03333333333333331	-0.00043290043290050055	0.024242424242424187	9606602
2022-07-25	-0.03347280334728022	-0.0050209205020919434	0.0020920502092050507	-0.03807531380753139	-0.03347280334728022	9872086
2022-07-22	-0.02726902726902734	-0.0008140008140007966	0.004070004070004128	-0.03825803825803831	-0.02726902726902734	9777108
2022-07-21	-0.0175929628148741	-0.005197920831667435	0.0015993602558976067	-0.018792483006797377	-0.0175929628148741	6397950
2022-07-20	0.029641827912721384	-0.001235076163029954	0.03787566899958838	-0.001235076163029954	0.029641827912721384	13583666
2022-07-19	0.008720930232558176	-0.0008305647840531385	0.01536544850498343	-0.004983388704318831	0.008720930232558176	10846095
2022-07-18	0.007109995817649442	-0.006691760769552494	0.01589293182768712	-0.025512337933918838	0.007109995817649442	12680277
2022-07-15	-0.02725793327908862	-0.007323026851098443	-0.0036615134255492216	-0.029698942229454715	-0.02725793327908862	16274590
2022-07-14	0.011106540518305208	0.0	0.011106540518305208	-0.010283833813245578	0.011106540518305208	7382911
2022-07-13	-0.01578947368421055	-0.007692307692307601	-0.0024291497975707987	-0.020647773279352147	-0.01578947368421055	6563501
2022-07-12	0.029166666666666636	0.007083333333333404	0.03583333333333331	-0.002083333333333363	0.029166666666666636	13837539
2022-07-11	-0.042298483639265715	-0.002394253790901785	-0.002394253790901785	-0.050279329608938474	-0.042298483639265715	11836481
2022-07-08	0.006425702811244986	0.004016064257028169	0.015261044176706932	-0.00281124497991969	0.006425702811244986	9888149
2022-07-07	-0.009940357852882704	0.0	0.004771371769383737	-0.026242544731610345	-0.009940357852882704	9884156
2022-07-06	-0.03787299158377972	-0.010711553175210449	0.00038255547054315265	-0.048201989288446885	-0.03787299158377972	15315688
2022-07-05	0.005384615384615406	0.002692307692307703	0.02153846153846149	-0.005384615384615406	0.005384615384615406	14039407
2022-07-04	0.0	-0.005769230769230715	0.003846153846153901	-0.013461538461538516	0.0	9338321
2022-07-01	0.00580270793036745	0.0	0.009284332688587946	-0.01702127659574473	0.00580270793036745	11277315
2022-06-30	0.015318146111547547	0.005891594658287454	0.020424194815396684	0.0019638648860958643	0.015318146111547547	9534093
2022-06-29	-0.018882466281310153	-0.0038535645472060837	-0.0007707129094412168	-0.021194605009633938	-0.018882466281310153	10341112
2022-06-28	-0.0019230769230769505	-0.00038461538461544473	0.003846153846153901	-0.012307692307692318	-0.0019230769230769505	8995885
2022-06-27	0.0015408320493065927	-0.0003852080123267166	0.012711864406779594	-0.004622496147919915	0.0015408320493065927	13204057
2022-06-24	0.006982156710628383	0.0027152831652443865	0.010473235065942573	-0.006206361520558578	0.006982156710628383	10504379
2022-06-23	0.006245120999219365	-0.004683840749414559	0.010928961748633784	-0.01756440281030442	0.006245120999219365	13545864
2022-06-22	-0.013856812933025382	-0.003079291762894605	0.007698229407236308	-0.01924557351809084	-0.013856812933025382	12215507
2022-06-21	-0.028421839940164475	-0.0026178010471202967	0.0033657442034405335	-0.036275243081525764	-0.028421839940164475	17894025
2022-06-20	-0.028343023255813997	0.02071220930232559	0.02071220930232559	-0.03415697674418609	-0.028343023255813997	20205036
2022-06-17	0.0215293244246473	-0.005196733481811454	0.04157386785449137	-0.007052709725315563	0.0215293244246473	23493012
2022-06-16	-0.035445757250268474	-0.0050125313283208225	0.006086645184389607	-0.038310060866451855	-0.035445757250268474	21832843
2022-06-15	-0.015509340853013791	0.04864293267536126	0.053225237927388015	-0.01868170602749387	-0.015509340853013791	24317357
2022-06-14	0.0391941391941392	-0.010989010989011014	0.04395604395604393	-0.015384615384615446	0.0391941391941392	20834244
2022-06-13	-0.0007320644216690913	-0.0025622254758418846	0.008052708638360134	-0.01866764275256228	-0.0007320644216690913	15310427
2022-06-10	-0.026718916993231208	-0.011400071250445325	-0.0035625222657642117	-0.026718916993231208	-0.026718916993231208	26870918
2022-06-09	0.008623787279913834	0.0007186489399929258	0.013295005389867087	-0.006108515989938849	0.008623787279913834	13825459
2022-06-08	0.014582573824279934	0.0007291286912139837	0.016769959897922015	-0.009843237331388975	0.014582573824279934	9548509
2022-06-07	-0.010104655359076186	0.0025261638397690465	0.0036088054853842606	-0.020209310718152372	-0.010104655359076186	12462206
2022-06-06	-0.2828674948240166	-0.28830227743271225	-0.2756211180124224	-0.31030020703933753	-0.2828674948240166	21417080
2022-06-02	-0.008213552361396311	0.0015400410677618654	0.003080082135523548	-0.013860369609856241	-0.008213552361396311	5003826
2022-06-01	-0.010162601626016224	-0.00330284552845535	0.012195121951219613	-0.017784552845528528	-0.010162601626016224	7392886
2022-05-31	0.019425019425019424	-0.007252007252007282	0.02227402227402226	-0.007770007770007696	0.019425019425019424	7987826
2022-05-30	0.013651877133105696	0.011026516145969929	0.023365712785507833	0.001312680493567791	0.013651877133105696	6747091
2022-05-27	0.01600426780474797	0.014670578821018862	0.02534009069085078	0.004001066951186945	0.01600426780474797	6216279
2022-05-26	0.025157232704402562	0.0030079299972655027	0.03582171178561669	-0.009844134536505317	0.025157232704402562	5970309
2022-05-25	-0.002182810368349203	-0.005184174624829406	0.006548431105047803	-0.01173260572987721	-0.002182810368349203	4818127
2022-05-24	-0.029139072847682156	-0.005298013245033188	0.0058278145695363935	-0.030993377483443753	-0.029139072847682156	6052046
2022-05-23	0.004791056694170874	0.004791056694170874	0.0127761511844556	-0.0058557359595421575	0.004791056694170874	4813507
2022-05-20	0.01157781367797522	-0.005115778136779691	0.014270328486806708	-0.006192784060312439	0.01157781367797522	6119480
2022-05-19	-0.006951871657753958	-0.024064171122994617	-0.0026737967914438883	-0.025935828877005317	-0.006951871657753958	8837909
2022-05-18	0.02018548827059471	0.000545553737043184	0.032733224222586	-0.003546099290780018	0.02018548827059471	7701803
2022-05-17	0.01833333333333324	-0.002222222222222175	0.023611111111111152	-0.01083333333333335	0.01833333333333324	6049797
2022-05-16	0.0053057805082378584	0.0025132644512704913	0.02932141859815686	0.0	0.0053057805082378584	5910191
2022-05-13	0.023435267219205493	0.0008573878250929161	0.0274364104029723	0.00028579594169757103	0.023435267219205493	6997230
2022-05-12	0.0017177211565989772	0.002576581734898466	0.016032064128256578	-0.01517320354995709	0.0017177211565989772	5314649
2022-05-11	0.050526315789473676	0.0024060150375939337	0.06406015037593993	0.0024060150375939337	0.050526315789473676	11115923
2022-05-10	-0.026069127123608687	-0.014352665495020562	-0.005858230814294167	-0.030462800234329207	-0.026069127123608687	12382922
2022-05-09	-0.035593220338982996	-0.002542372881355828	-0.0002824858757061585	-0.04519774011299439	-0.035593220338982996	9069885
2022-05-06	-0.02667033269177891	-0.023920813857574857	-0.0010998075336815824	-0.03161946659334613	-0.02667033269177891	7316297
2022-05-05	0.009156492785793516	-0.0008324084350721736	0.03218645948945626	-0.01359600443951171	0.009156492785793516	10393286
2022-04-29	0.0488940628637951	0.012805587892898653	0.05413271245634457	-0.007275902211874272	0.0488940628637951	8480867
2022-04-28	0.00029112081513822446	0.002620087336244434	0.017758369723435207	-0.01950509461426497	0.00029112081513822446	8997823
2022-04-27	0.041856232939035565	0.0	0.05186533212010922	-0.026387625113739686	0.041856232939035565	12421986
2022-04-26	-0.019916765755053557	-0.0044589774078477576	0.025564803804994037	-0.02645659928656363	-0.019916765755053557	10385434
2022-04-25	-0.06555555555555553	-0.019444444444444525	-0.010555555555555627	-0.06611111111111118	-0.06555555555555553	10122602
2022-04-22	-0.025710419485791686	-0.025710419485791686	0.009742895805142067	-0.03247631935047369	-0.025710419485791686	12529963
2022-04-21	-0.06146812293624574	-0.009144018288036562	-0.005080010160020212	-0.07264414528829057	-0.06146812293624574	9282796
2022-04-20	-0.01991535972118507	-0.003983071944237085	0.0022404779686332164	-0.023649489668907214	-0.01991535972118507	4343527
2022-04-19	0.005758637956935503	-0.010766149223835748	0.009013520280420618	-0.010766149223835748	0.005758637956935503	4200760
2022-04-18	0.0020070245860511365	0.0020070245860511365	0.023582538886101297	-0.011791269443050648	0.0020070245860511365	3014706
2022-04-15	-0.02327860818426863	-0.010046557216368627	-0.009066405292820498	-0.032099975496201964	-0.02327860818426863	3305838
2022-04-14	0.00024509803921581166	0.003921568627451071	0.00588235294117652	-0.013480392156862676	0.00024509803921581166	3748090
2022-04-13	0.011904761904761828	-0.00024801587301582367	0.03596230158730166	-0.012152777777777827	0.011904761904761828	8256172
2022-04-12	-0.02254545454545454	-0.003636363636363602	0.003636363636363602	-0.027878787878787843	-0.02254545454545454	8487256
2022-04-11	0.021292399108690255	0.0064372369398365435	0.0418420401089378	-0.004951720722951296	0.021292399108690255	14946054
2022-04-08	0.046373056994818626	0.0007772020725388896	0.05181347150259067	-0.007772020725388711	0.046373056994818626	10129588
2022-04-07	-0.026972523317368293	-0.004285354171918369	0.0030249558860599305	-0.026972523317368293	-0.026972523317368293	7118667
2022-04-06	-0.01806930693069299	-0.0014851485148513657	0.014603960396039688	-0.02153465346534647	-0.01806930693069299	5785516
2022-04-01	0.025380710659898477	0.0	0.034263959390862984	-0.015228426395939123	0.025380710659898477	7997827
2022-03-31	-0.021118012422360284	-0.006708074534161569	0.0022360248447205818	-0.024844720496894408	-0.021118012422360284	7148407
2022-03-30	0.007761642463695601	0.0010015022533800487	0.015272909364046055	-0.0007511266900350811	0.007761642463695601	5696677
2022-03-29	-0.0015000000000000568	-0.00024999999999995024	0.015000000000000036	-0.008000000000000007	-0.0015000000000000568	5948357
2022-03-28	-0.04283321368748502	-0.006700167504187632	-0.006700167504187632	-0.05240488155061014	-0.04283321368748502	12456134
2022-03-25	-0.0344269870609982	-0.002541589648798508	0.004390018484288302	-0.0388170055452865	-0.0344269870609982	7556193
2022-03-24	0.0065116279069767705	-0.00023255813953483747	0.017674418604651118	-0.006976744186046446	0.0065116279069767705	7539732
2022-03-23	-0.001857010213556135	0.010213556174559072	0.01880222841225632	-0.009749303621169957	-0.001857010213556135	6107419
2022-03-22	0.010555946516537549	0.013370865587614363	0.017593244194229415	-0.011963406052076122	0.010555946516537549	8704879
2022-03-21	0.02648687695641708	0.0036118468576931996	0.04069347459667705	-0.007946063086925073	0.02648687695641708	8353814
2022-03-18	0.018891069676153168	-0.008586849852796894	0.023552502453385693	-0.012757605495583808	0.018891069676153168	7973844
2022-03-17	0.015445939212755293	0.00622820129546587	0.03238664673642245	-0.0024912805181863834	0.015445939212755293	10212181
2022-03-16	-0.0007468259895444644	0.019915359721184894	0.027632561613144122	-0.04406273338312181	-0.0007468259895444644	13891798
2022-03-15	-0.04083094555873927	0.0	0.0	-0.05014326647564473	-0.04083094555873927	12797245
2022-03-14	-0.01966292134831452	-0.014044943820224753	-0.0023408239700374867	-0.0285580524344569	-0.01966292134831452	6325970
2022-03-11	0.005176470588235268	-0.011764705882352941	0.006588235294117674	-0.044705882352941144	0.005176470588235268	8337299
2022-03-10	-0.009324009324009291	0.015850815850815846	0.024009324009324037	-0.015617715617715657	-0.009324009324009291	9742519
2022-03-09	0.026070318105716247	0.0004783544606552504	0.05716335804831381	-0.01243721597703906	0.026070318105716247	17315875
2022-03-08	0.002397506593143165	0.022776312634859644	0.025893071205945774	-0.003836010549029098	0.002397506593143165	13224701
2022-03-07	-0.022498242324818393	-0.005155847199437517	0.0025779235997187584	-0.03187250996015935	-0.022498242324818393	10709624
2022-03-04	0.04583333333333345	0.004901960784313796	0.04656862745098053	-0.004411764705882346	0.04583333333333345	16318392
2022-03-03	-0.05730129390018494	-0.009704251386321666	0.00693160813308681	-0.061691312384473236	-0.05730129390018494	23809136
2022-03-02	0.0025480657864257452	-0.0006949270326615969	0.014825110030113517	-0.008570766736159474	0.0025480657864257452	11436785
2022-03-01	-0.04236912156166807	-0.0037710736468500824	-0.0037710736468500824	-0.07941437444543031	-0.04236912156166807	25599498
2022-02-28	-0.004856512141280328	-0.0008830022075055	0.0030905077262693282	-0.02649006622516547	-0.004856512141280328	8615459
2022-02-25	0.029545454545454482	0.006818181818181754	0.030454545454545533	0.006818181818181754	0.029545454545454482	8476033
2022-02-24	-0.03360421699978039	-0.0032945310784098084	-0.0013178124313639858	-0.051175049417966134	-0.03360421699978039	8318581
2022-02-23	0.0213100044863168	0.008972633467922804	0.0271422162404666	-0.008748317631224778	0.0213100044863168	8227164
2022-02-22	-0.008231368186874406	-0.009788654060066848	0.0011123470522802481	-0.03003337041156844	-0.008231368186874406	7053920
2022-02-21	-0.030204962243797165	0.0	0.00021574973031279418	-0.03667745415318237	-0.030204962243797165	8468483
2022-02-18	0.0010799136069115393	-0.0004319654427644929	0.0038876889848812038	-0.012311015118790503	0.0010799136069115393	5664850
2022-02-17	0.02660753880266066	0.0044345898004433644	0.02993348115299338	-0.005986696230598739	0.02660753880266066	9016388
2022-02-16	-0.018925386121383454	0.013704589949967426	0.013704589949967426	-0.02849684576897982	-0.018925386121383454	8187130
2022-02-15	-0.006268914829226095	0.0008646779074794455	0.011240812797233098	-0.01794206658019884	-0.006268914829226095	9168006
2022-02-14	0.001298701298701194	0.00043290043290034676	0.02575757575757571	-0.024675324675324687	0.001298701298701194	15690495
2022-02-11	0.013157894736842136	0.0	0.027192982456140394	-0.013157894736842136	0.013157894736842136	14289221
2022-02-10	0.03471749489448607	-0.006126616746085844	0.04765146358066715	-0.007714998865441421	0.03471749489448607	16335065
2022-02-09	-0.006985128436232588	-0.0047318611987381895	0.010590356016223499	-0.01667417755745836	-0.006985128436232588	8934619
2022-02-08	0.034981343283582086	0.007929104477611854	0.03801305970149243	-0.020055970149253716	0.034981343283582086	12595512
2022-02-07	0.020952380952381014	0.015714285714285632	0.03571428571428571	-0.007142857142857075	0.020952380952381014	10189369
2022-01-28	-0.011997177134791768	0.006821924253116894	0.011526699600094142	-0.023759115502234723	-0.011997177134791768	9184483
2022-01-27	-0.02275862068965522	0.003448275862068933	0.01563218390804597	-0.024367816091954077	-0.02275862068965522	8949723
2022-01-26	-0.0013774104683196113	0.0011478420569329007	0.023645546372819126	-0.016299357208448138	-0.0013774104683196113	9814804
2022-01-25	-0.009999999999999948	0.003409090909090877	0.0222727272727272	-0.013636363636363669	-0.009999999999999948	10261814
2022-01-24	0.01781170483460567	-0.002544529262086501	0.0316909553550776	-0.008790191996298762	0.01781170483460567	8553180
2022-01-21	-0.013464171611136545	0.0	0.00022820629849379303	-0.02396166134185297	-0.013464171611136545	7023567
2022-01-20	0.02407104463659736	0.003271792474877321	0.04416919841084367	-0.0042065903248422465	0.02407104463659736	11944638
2022-01-19	-0.006039488966318189	-0.003948896631823336	0.012775842044134827	-0.018118466898954567	-0.006039488966318189	9511054
2022-01-18	0.024999999999999932	-0.0028571428571427964	0.02833333333333328	-0.007142857142857075	0.024999999999999932	8842626
2022-01-17	-0.006152389966871699	0.010175106483672498	0.010175106483672498	-0.0298154283009938	-0.006152389966871699	15048469
2022-01-14	-0.0412885662431942	-0.003629764065335676	0.0015880217785843986	-0.05217785843920139	-0.0412885662431942	19998586
2022-01-13	-0.020444444444444484	0.0	0.00355555555555548	-0.022000000000000044	-0.020444444444444484	8904842
2022-01-12	0.02459016393442619	-0.004781420765027342	0.03779599271402542	-0.009107468123861534	0.02459016393442619	12117375
2022-01-11	0.00733944954128441	0.005504587155963348	0.024770642201834822	-0.007568807339449502	0.00733944954128441	14908207
2022-01-10	0.021555763823805103	0.007497656982193072	0.03795688847235233	-0.01194939081537015	0.021555763823805103	16915306
2022-01-07	0.007078810759792288	-0.00023596035865986587	0.018876828692779544	-0.005899008966493629	0.007078810759792288	10361938
2022-01-06	0.017527010804321824	-0.00648259303721479	0.03481392557022816	-0.024009603841536616	0.017527010804321824	18928696
2022-01-05	0.051236749116607805	-0.0010095911155981613	0.07470974255426555	-0.007571933366986299	0.051236749116607805	25086834
2022-01-04	-0.010242318261304114	0.002498126405196138	0.04021983512365724	-0.016237821633774633	-0.010242318261304114	15292628
2021-12-31	-0.04004796163069548	0.007194244604316478	0.007194244604316478	-0.04316546762589938	-0.04004796163069548	20060600
2021-12-30	0.053030303030303066	0.018181818181818153	0.06767676767676767	0.015151515151515187	0.053030303030303066	29499115
2021-12-29	0.014604150653343589	-0.0035869843709966836	0.022290545734050662	-0.007686395080707257	0.014604150653343589	14998722
2021-12-28	-0.009390862944162371	0.0	0.0	-0.022842639593908594	-0.009390862944162371	8257129
2021-12-27	0.005615109749872355	-0.004594180704441034	0.018376722817764136	-0.009443593670239853	0.005615109749872355	8874176
2021-12-24	0.002046035805626555	-0.009718670076726407	0.009718670076726227	-0.013554987212276243	0.002046035805626555	6635956
2021-12-23	-0.006605691056910518	0.0015243902439024968	0.0038109756097560615	-0.020579268292682983	-0.006605691056910518	10183298
2021-12-22	0.058633674018289395	0.0005379236148467759	0.06616460462614311	0.0005379236148467759	0.058633674018289395	19500146
2021-12-21	0.006497022198159231	0.008662696264212245	0.014889009204114897	-0.004331348132106026	0.006497022198159231	6029674
2021-12-20	-0.028150486714022635	-0.002630886608787199	0.003946329913180705	-0.03946329913180742	-0.028150486714022635	10934988
2021-12-17	-0.01934984520123839	-0.001289989680082486	0.0033539731682147205	-0.01934984520123839	-0.01934984520123839	7676255
2021-12-16	0.006230529595015443	-0.003115264797507906	0.00804776739356166	-0.010124610591900325	0.006230529595015443	9355747
2021-12-15	0.0005194805194806007	-0.0005194805194806007	0.005454545454545477	-0.01558441558441562	0.0005194805194806007	15466180
2021-12-14	-0.060746523542327444	0.005123200780678234	0.0124420590387899	-0.06294218101976104	-0.060746523542327444	33251234
2021-12-13	0.0199054491166958	0.02537944762378709	0.09455088330430467	0.015177904951480454	0.0199054491166958	39976543
2021-12-10	0.06604774535809005	0.007161803713527745	0.0663129973474801	-0.001326259946949715	0.06604774535809005	34803663
2021-12-09	-0.0007951232441026779	-0.005565862708719687	0.00636098595282274	-0.012721971905645293	-0.0007951232441026779	11061167
2021-12-08	-0.0015877216194761122	0.0029108229690394134	0.005821645938078827	-0.015347975654935123	-0.0015877216194761122	11778154
2021-12-07	-0.026030927835051496	0.0036082474226804273	0.015463917525773233	-0.030927835051546285	-0.026030927835051496	12773967
2021-12-06	-0.004873044370351496	0.0	0.01923570146191331	-0.009489612721210683	-0.004873044370351496	10087065
2021-12-03	-0.020105554159336445	0.004021110831867397	0.005529027393817514	-0.024629303845187155	-0.020105554159336445	13259228
2021-12-02	0.017907393195190476	0.0	0.030186748529035547	-0.004093118444615085	0.017907393195190476	15762971
2021-12-01	-0.010379746835442951	-0.006329113924050633	0.002531645569620289	-0.024050632911392478	-0.010379746835442951	13984915
2021-11-30	0.024643320363164797	-0.0007782101167313627	0.026977950713359438	-0.0007782101167313627	0.024643320363164797	15312662
2021-11-29	-0.028722600151171597	-0.0173847316704459	-0.014109347442680656	-0.03980851599899215	-0.028722600151171597	17181914
2021-11-26	0.013793103448275841	-0.004342273307790593	0.029374201787994856	-0.005363984674329524	0.013793103448275841	14577934
2021-11-25	-0.007101191985797645	-0.005833121988333677	0.0253613999492772	-0.008876489982247056	-0.007101191985797645	13698196
2021-11-24	0.006637732958897064	0.016083737554250584	0.027316824100076596	-0.009701302016849695	0.006637732958897064	12879565
2021-11-23	0.0103172556100077	-0.004900696414753799	0.03404694351302554	-0.004900696414753799	0.0103172556100077	11960085
2021-11-22	-0.0025726781579622927	-0.004373552868536007	0.013377926421404764	-0.014406997684589534	-0.0025726781579622927	16800751
2021-11-19	-0.003333333333333399	0.0	0.0	-0.017179487179487224	-0.003333333333333399	8014383
2021-11-18	0.029023746701847004	0.007387862796833803	0.04670184696569929	-0.006068601583113374	0.029023746701847004	13996167
2021-11-17	-0.013020833333333334	-0.004427083333333378	0.001822916666666674	-0.02291666666666655	-0.013020833333333334	11888108
2021-11-16	-0.0005205622071838398	0.004424778761061991	0.014055179593961456	-0.006246746486205153	-0.0005205622071838398	10442654
2021-11-15	-0.015629003330771187	-0.0007686395080707439	-0.0007686395080707439	-0.021265693056623066	-0.015629003330771187	10276658
2021-11-12	-0.0015349194167306797	-0.0028140189306729733	0.00511639805576863	-0.012023535431056687	-0.0015349194167306797	8974026
2021-11-11	-0.01262945188178833	0.0002525890376357163	0.005051780752715224	-0.03132104066683511	-0.01262945188178833	13884869
2021-11-10	-0.019564140663694878	0.0	0.020802377414561573	-0.029717682020802445	-0.019564140663694878	24053699
2021-11-09	0.09997275946608558	0.013075456278942982	0.09997275946608558	-0.009261781530918098	0.09997275946608558	32294642
2021-11-08	0.05156115726152977	0.006015468347178484	0.06617015181896312	0.00486966485247785	0.05156115726152977	17702551
2021-11-05	-0.03000833564879148	-0.004723534315087571	0.005834954153931671	-0.03334259516532378	-0.03000833564879148	18286118
2021-11-04	-0.05364186168814092	-0.0005259006047857777	0.003418353931106901	-0.06047856955035509	-0.05364186168814092	26669932
2021-11-03	0.0055526176626123965	0.004494976203067205	0.009518773135906912	-0.015600211528292	0.0055526176626123965	10011478
2021-11-02	-0.04180390169749173	0.0002533569799847482	0.00557385355966554	-0.053711679756777236	-0.04180390169749173	19151633
2021-11-01	0.013350449293966522	0.002053915275994821	0.0225930680359434	-0.023876765083440298	0.013350449293966522	14342304
2021-10-29	-0.01091924834941594	0.00279329608938546	0.012696800406297613	-0.02615540883697311	-0.01091924834941594	14089828
2021-10-28	-0.0563144021087945	-0.004313443565780008	0.0009585430146179308	-0.0627845674574646	-0.0563144021087945	17702914
2021-10-27	-0.013708343181281148	0.0	0.01961711179390211	-0.021271567005436202	-0.013708343181281148	18812057
2021-10-26	-0.004470588235294064	0.007529411764705889	0.03505882352941181	-0.015764705882352983	-0.004470588235294064	19772156
2021-10-25	0.02163461538461535	-0.003846153846153935	0.04543269230769232	-0.009375000000000014	0.02163461538461535	24285980
2021-10-22	0.0012033694344164684	-0.004091456077015514	0.024067388688327317	-0.008423586040914425	0.0012033694344164684	12403114
2021-10-21	0.02567267341397184	0.0071587262404344395	0.031843989138484304	-0.0014811157738828726	0.02567267341397184	12554495
2021-10-20	0.003219415552253478	-0.00718177315502722	0.014115898959881135	-0.028974739970282357	0.003219415552253478	9967448
2021-10-19	0.025393600812595226	0.0	0.03047232097511416	-0.010665312341290038	0.025393600812595226	10853862
2021-10-18	0.0025458248472505452	-0.0045824847250509095	0.014511201629327909	-0.016802443991853454	0.0025458248472505452	9358617
2021-10-15	0.015774502198086356	-0.00103439358675974	0.020946470131885057	-0.013447116627876987	0.015774502198086356	14150988
2021-10-14	0.012038733315885916	0.008374771002355412	0.01622611881706353	-0.023030620256477428	0.012038733315885916	10518141
2021-10-13	-0.02995684183802995	0.009647118558009713	0.009647118558009713	-0.06575272911906584	-0.02995684183802995	22523877
2021-10-12	-0.017950635751682844	0.017202692595362695	0.018698578908002993	-0.04138618798304654	-0.017950635751682844	20391335
2021-10-11	0.04753199268738575	0.007312614259597836	0.05745625489683998	0.003917471924784502	0.04753199268738575	18500666
2021-10-08	-0.018959774532411017	0.03253907250832683	0.037663335895465	-0.03151421983089941	-0.018959774532411017	17772888
2021-09-30	0.06348773841961848	0.042234332425068036	0.07629427792915523	0.0321525885558583	0.06348773841961848	21424656
2021-09-29	-0.0854722153002741	-0.0062297533017692495	-0.0062297533017692495	-0.08796411662098183	-0.0854722153002741	29735301
2021-09-28	-0.01642156862745085	0.0	0.01176470588235304	-0.02794117647058825	-0.01642156862745085	17926003
2021-09-27	-0.04000000000000007	0.004705882352941244	0.01388235294117655	-0.047058823529411764	-0.04000000000000007	20476271
2021-09-24	-0.028127143837182643	0.0004573519323119855	0.0027441115938715882	-0.036588154584952993	-0.028127143837182643	17963308
2021-09-23	-0.03953437294091817	0.026795519437733336	0.043268174829782534	-0.051175049417966134	-0.03953437294091817	23981060
2021-09-22	0.023606115107913765	-0.001348920863309244	0.03821942446043172	-0.006294964028776845	0.023606115107913765	17786544
2021-09-17	-0.0479452054794521	-0.03296232876712327	-0.008989726027397296	-0.07341609589041095	-0.0479452054794521	31532329
2021-09-16	0.030436700485222658	0.012130569033965529	0.0736656374062637	0.011910013233348017	0.030436700485222658	29143091
2021-09-15	-0.012630662020905885	-0.004790940766550498	0.015026132404181134	-0.02286585365853668	-0.012630662020905885	21549302
2021-09-14	0.02454261490406072	0.0	0.07340473003123603	-0.020972780008924538	0.02454261490406072	40159087
2021-09-13	0.042325581395348845	0.016279069767441926	0.04534883720930239	-0.0167441860465116	0.042325581395348845	30412412
2021-09-10	0.03914934751087475	0.002899951667472147	0.054615756404059884	-0.007733204446592563	0.03914934751087475	24735327
2021-09-09	0.031405782652043995	0.0009970089730807366	0.034895314057826664	-0.0012462612163508765	0.031405782652043995	18361485
2021-09-08	0.0050100200400800534	0.001503006012023927	0.02605210420841681	-0.005511022044088148	0.0050100200400800534	11372124
2021-09-07	0.0035193564605329455	0.0015082956259427419	0.008044243338360992	-0.01256913021618904	0.0035193564605329455	15278514
2021-09-06	0.004545454545454538	-0.00959595959595966	0.010101010101010065	-0.030808080808080777	0.004545454545454538	18984046
2021-09-03	-0.05421542870790533	-0.007165034631000649	0.0007165034631000988	-0.06806782899450667	-0.05421542870790533	23652040
2021-09-02	0.0399900645802285	0.004967709885742744	0.042722305017386955	-0.02359662195727759	0.0399900645802285	21282667
2021-09-01	-0.03937007874015745	-0.00023860653781908878	0.01765688379861613	-0.04294917680744446	-0.03937007874015745	21403740
2021-08-31	-0.018041237113402137	0.004686035613870732	0.013120899718837916	-0.041002811621368325	-0.018041237113402137	19260852
2021-08-30	0.029425952725518543	0.0014471780028944108	0.07042932947419203	0.0014471780028944108	0.029425952725518543	24328488
2021-08-27	0.005090909090909111	-0.001696969696969704	0.007999999999999959	-0.01963636363636369	0.005090909090909111	14018351
2021-08-26	-0.02712264150943393	0.0028301886792453904	0.004716981132075539	-0.05188679245283009	-0.02712264150943393	22036752
2021-08-25	0.015568862275449067	0.0007185628742515242	0.016766467065868332	-0.022514970059880186	0.015568862275449067	15073481
2021-08-24	-0.0007180469123983039	0.010052656773575913	0.015078985160363701	-0.007180469123982868	-0.0007180469123983039	13644740
2021-08-23	0.011622276029055786	0.004842615012106606	0.036319612590799036	0.0007263922518160082	0.011622276029055786	16442590
2021-08-20	-0.013377926421404738	-0.006211180124223555	0.021261347348303886	-0.03463927376970862	-0.013377926421404738	20276774
2021-08-19	-0.013201320132013255	0.012258368694012164	0.012258368694012164	-0.033003300330032966	-0.013201320132013255	17889245
2021-08-18	-0.030843043180260484	0.012108750285583596	0.01622115604295165	-0.03815398674891482	-0.030843043180260484	19290207
2021-08-17	-0.043696744592527856	0.003495739567402154	0.03736071662661118	-0.05090670745029507	-0.043696744592527856	30499090
2021-08-16	-0.004134029590948602	-0.010008703220191489	0.050043516100957294	-0.01414273281114009	-0.004134029590948602	22055039
2021-08-13	0.05243874513395922	0.005266773528738193	0.05449965651476976	-0.008472635676666007	0.05243874513395922	21784171
2021-08-12	-0.021510194936141626	0.0015684517140936653	0.0015684517140936653	-0.023974904772574506	-0.021510194936141626	17093342
2021-08-11	0.045688847235239055	0.01030927835051541	0.06255857544517342	0.004217432052483592	0.045688847235239055	22333680
2021-08-10	-0.0035022180714452157	-0.0058370301190754145	0.007237917347653567	-0.017978052766752184	-0.0035022180714452157	16978871
2021-08-09	0.031054405392392855	-0.0019258545979778116	0.05127587867116039	-0.028647087144920504	0.031054405392392855	24921301
2021-08-06	-0.014939530471899515	-0.007588332938107666	0.0042684372776855516	-0.02252786341000718	-0.014939530471899515	17889390
2021-08-05	0.019091348477525354	-0.004591590140164447	0.06669888835186075	-0.013774770420492998	0.019091348477525354	32558566
2021-08-04	0.035794743429286596	0.018773466833541926	0.04205256570713391	-0.023779724655819845	0.035794743429286596	29688392
2021-08-03	0.01576404780066119	0.0	0.031019577930333053	-0.025425883549453344	0.01576404780066119	22863922
2021-08-02	0.08138575749243886	0.0008248556502612356	0.08138575749243886	-0.012097882870497602	0.08138575749243886	32792850
2021-07-30	-0.055324675324675394	0.0	0.006753246753246701	-0.0623376623376623	-0.055324675324675394	25402398
2021-07-29	0.06707317073170736	0.0285476718403548	0.07538802660753878	0.0285476718403548	0.06707317073170736	22820632
2021-07-28	-0.0664941785252264	0.009314359637774888	0.03984476067270373	-0.07218628719275548	-0.0664941785252264	44461127
2021-07-27	0.016837674296237847	0.013943699026571985	0.06761378584583005	0.013943699026571985	0.016837674296237847	31760745
2021-07-26	-0.002362204724409538	-0.0076115485564304235	0.010236220472440959	-0.031758530183727054	-0.002362204724409538	15833136
2021-07-23	-0.032749428789032725	-0.0033003300330033654	0.01827875095201825	-0.03731911652703729	-0.032749428789032725	14772997
2021-07-22	0.030073221757322136	-0.0002615062761507614	0.03425732217573209	-0.004184100418410139	0.030073221757322136	21644930
2021-07-21	0.03156190990018888	0.01025087671971952	0.03857566765578634	0.006204478014566951	0.03156190990018888	14032627
2021-07-20	-0.030088958660387195	-0.010989010989011033	-0.005756148613291441	-0.04866562009419151	-0.030088958660387195	15327691
2021-07-19	-0.005981794538361612	0.0039011703511052944	0.020286085825747566	-0.009622886866059936	-0.005981794538361612	10326602
2021-07-16	-0.012836970474967907	0.0038510911424903356	0.013607188703465828	-0.016688061617458425	-0.012836970474967907	8703435
2021-07-15	0.006459948320413436	0.0	0.03229974160206718	-0.0012919896640827973	0.006459948320413436	11485120
2021-07-14	-0.0046296296296296224	0.0030864197530863537	0.015689300411522618	-0.009773662551440394	-0.0046296296296296224	10242253
2021-07-13	0.007776049766718618	-0.004406428201140532	0.023587350959046235	-0.01114567133229652	0.007776049766718618	11245044
2021-07-12	0.05093979842004896	0.005448106782892828	0.05693271588123117	0.0	0.05093979842004896	18370092
2021-07-09	0.015491009681881114	-0.004979253112033188	0.016320885200553345	-0.06500691562932231	0.015491009681881114	23300167
2021-07-08	-0.011755057408419894	0.0	0.01503553854565348	-0.028430836522689972	-0.011755057408419894	13593885
2021-07-07	0.0030161776802851504	-0.012613106663010718	0.02056484782012613	-0.02385522347134624	0.0030161776802851504	18120724
2021-07-06	-0.01592012951969788	0.002968159740960589	0.02698327037236913	-0.028872099298434976	-0.01592012951969788	16799807
2021-07-05	-0.03489583333333324	-0.005729166666666638	-0.002864583333333319	-0.05729166666666656	-0.03489583333333324	19878965
2021-07-02	0.021276595744680774	0.008244680851063701	0.0257978723404255	-0.028457446808510645	0.021276595744680774	20972911
2021-07-01	-0.040571574381219604	0.04618525133962752	0.06659862209747383	-0.05588160244960444	-0.040571574381219604	29171117
2021-06-30	0.03240252897787136	0.00263435194942048	0.035827186512118005	-0.002897787144362472	0.03240252897787136	12765624
2021-06-29	0.013888888888888973	-0.000534188034187928	0.044070512820512976	-0.008279914529914402	0.013888888888888973	16745903
2021-06-28	-0.009261709446943673	0.0044985445885155255	0.02143424186292676	-0.028314368880656266	-0.009261709446943673	16437696
2021-06-25	0.06600846262341314	0.003667136812411719	0.077574047954866	0.0	0.06600846262341314	22009791
2021-06-24	0.001412429378531194	0.0025423728813560287	0.005084745762711856	-0.011299435028248548	0.001412429378531194	8091662
2021-06-23	0.0005652911249292261	0.014132278123233465	0.014132278123233465	-0.013566986998304238	0.0005652911249292261	8003834
2021-06-22	0.006543385490754026	0.009957325746799472	0.020483641536273085	-0.004267425320056859	0.006543385490754026	9990042
2021-06-21	-0.001704061346208528	-0.008804316955410459	0.007100255609201931	-0.030957114456120517	-0.001704061346208528	12904419
2021-06-18	-0.005367231638418015	-0.005932203389830533	0.0	-0.02203389830508478	-0.005367231638418015	16354731
2021-06-17	0.0451727192205492	0.002952465308532667	0.05373486861529378	-0.002952465308532457	0.0451727192205492	15594423
2021-06-16	-0.047793084059600865	0.0033736294630305717	0.005060444194545957	-0.05004217036828792	-0.047793084059600865	19932271
2021-06-15	0.005086182537439947	-0.0028256569652444596	0.011585193557502023	-0.01667137609494217	0.005086182537439947	14025919
2021-06-11	-0.002255427121511088	-0.0016915703411334163	0.020298844093600193	-0.007330138144911137	-0.002255427121511088	13565651
2021-06-10	0.008243320068220556	0.0005685048322911633	0.021887436043206455	-0.0028425241614554128	0.008243320068220556	11077982
2021-06-09	-0.000568181818181907	0.01107954545454547	0.015624999999999918	-0.016193181818181825	-0.000568181818181907	11195562
2021-06-08	-0.01345291479820619	0.007847533632287027	0.019058295964125553	-0.04204035874439462	-0.01345291479820619	19447376
2021-06-07	0.06890353505092861	-0.005092869982025215	0.07998801677651271	-0.005092869982025215	0.06890353505092861	22170840
2021-06-04	-0.008907363420427469	-0.010391923990498854	0.0002969121140141927	-0.028503562945368197	-0.008907363420427469	12747475
2021-06-03	-0.2695727607894166	-0.287573194534808	-0.2500542181739319	-0.287573194534808	-0.2695727607894166	16158107
2021-06-02	0.0034820457018497624	0.001088139281828012	0.016322089227421108	-0.011751904243743335	0.0034820457018497624	9241498
2021-06-01	0.04408089070665769	0.01226993865030673	0.04817087025675993	-0.004544421722335736	0.04408089070665769	12982276
2021-05-31	0.0022773855613755735	-0.0011386927806877058	0.009792757913914981	-0.023912548394443116	0.0022773855613755735	6014667
2021-05-28	-0.014365881032547713	0.00022446689113367265	0.0008978675645343716	-0.02828282828282824	-0.014365881032547713	9153462
2021-05-27	0.016891120748687396	0.0	0.016891120748687396	-0.007760785208856503	0.016891120748687396	12325912
2021-05-26	-0.0011399908800728946	-0.005015959872320995	0.011171910624715047	-0.010487916096671246	-0.0011399908800728946	9030787
2021-05-25	0.09349289454001496	0.004736973323360701	0.09698329593617554	0.0002493143854399903	0.09349289454001496	18237351
2021-05-24	-0.012312238364934745	0.0024624476729869843	0.006648608717064839	-0.026101945333661718	-0.012312238364934745	9693971
2021-05-21	0.004203758654797273	0.014589515331355178	0.04327398615232443	-0.004203758654797097	0.004203758654797273	8081838
2021-05-20	0.016591251885369446	0.014328808446455512	0.02513826043237808	-0.04474610356963301	0.016591251885369446	15431538
2021-05-19	-0.027146001467351417	-0.002690144289557335	0.01002690144289549	-0.028368794326241224	-0.027146001467351417	7700045
2021-05-18	0.022505626406601614	0.0	0.047761940485121196	-0.002000500125031393	0.022505626406601614	10486569
2021-05-17	0.009848484848484863	-0.004292929292929336	0.02272727272727269	-0.005555555555555526	0.009848484848484863	12520269
2021-05-14	-0.0015128593040845985	0.012355017650025266	0.015885022692889626	-0.010337871911245503	-0.0015128593040845985	6988193
2021-05-13	-0.00973782771535582	-0.004993757802746461	0.0069912609238452226	-0.018726591760299626	-0.00973782771535582	6938461
2021-05-12	0.006787330316741981	-0.0005027652086476401	0.016842634489693354	-0.013323278029160411	0.006787330316741981	6412898
2021-05-11	-0.051275936083949404	-0.013117099928452114	-0.010255187216789882	-0.08156451228237543	-0.051275936083949404	11211236
2021-05-10	0.012557353296305317	-0.0012074378169523584	0.035015696691620454	-0.00990099009900982	0.012557353296305317	11707596
2021-05-07	0.0	0.0	0.01883602994445789	-0.019560492634629202	0.0	10154347
2021-05-06	0.01346059716103762	0.011992168379833627	0.035242290748898626	-0.009789525208027377	0.01346059716103762	12079376
2021-04-30	0.007644882860665901	0.000493218249075293	0.008877928483353871	-0.022441430332922237	0.007644882860665901	9410138
2021-04-29	0.0027200791295746646	0.008902077151335298	0.021266073194856565	-0.015578635014836684	0.0027200791295746646	7817032
2021-04-28	0.037189022826365624	0.004360092331366879	0.042831495255193495	-0.01744036932546806	0.037189022826365624	10221452
2021-04-27	-0.022071733132681102	-0.0020065211938800676	0.0	-0.03009781790820155	-0.022071733132681102	9515777
2021-04-26	0.04810725552050469	0.0	0.09989484752891704	-0.0021030494216613643	0.04810725552050469	21256581
2021-04-23	0.017112299465240656	0.0026737967914438883	0.020855614973262063	-0.0077540106951871435	0.017112299465240656	7882004
2021-04-22	0.013824884792626673	0.009216589861751051	0.020601789102737814	-0.010571970723773395	0.013824884792626673	7540409
2021-04-21	0.0027181299266105306	0.0	0.007610763794509408	-0.026365860288121743	0.0027181299266105306	6121164
2021-04-20	-0.0051379123850729515	-0.00811249323958889	0.007571660356949734	-0.01946998377501349	-0.0051379123850729515	7899439
2021-04-19	-0.0029657589646806828	0.002696144513345762	0.01752493933674841	-0.018333782690752407	-0.0029657589646806828	6679158
2021-04-16	0.01616438356164393	0.00191780821917809	0.0191780821917809	-0.01342465753424663	0.01616438356164393	6653084
2021-04-15	-0.02536715620827778	0.005874499332443227	0.014419225634178882	-0.048331108144192315	-0.02536715620827778	10410426
2021-04-14	0.03453038674033149	0.012707182320441815	0.04668508287292811	0.00414364640883974	0.03453038674033149	9695891
2021-04-13	0.0027700831024931143	-0.015789473684210534	0.013573407202216121	-0.026038781163435037	0.0027700831024931143	9617475
2021-04-12	-0.041168658698539105	0.00531208499335997	0.02151394422310763	-0.05843293492695872	-0.041168658698539105	11079456
2021-04-09	0.005877638258081722	0.001335826876836686	0.014694095645204306	-0.014159764894469707	0.005877638258081722	7479320
2021-04-08	-0.010573618821041464	-0.011366640232619607	0.010837959291567638	-0.017182130584192403	-0.010573618821041464	6209170
2021-04-07	0.0021192052980132	0.001589403973509994	0.012980132450331179	-0.02490066225165557	0.0021192052980132	6114427
2021-04-06	-0.01048492791612054	0.0031454783748362924	0.019659239842726082	-0.026212319790301444	-0.01048492791612054	7939549
2021-04-02	-0.0010473946059177573	0.002880335166273879	0.02356637863315019	-0.025661167844985518	-0.0010473946059177573	8017289
2021-04-01	0.013804088133793363	-0.0002654632333423179	0.015396867533846515	-0.009291213166976411	0.013804088133793363	6326727
2021-03-31	0.00937834941050379	0.0	0.012057877813504899	-0.021972132904608796	0.00937834941050379	7022468
2021-03-30	0.010834236186348824	-0.001625135427952391	0.02925243770314188	-0.005417118093174508	0.010834236186348824	9155263
2021-03-29	0.03446343513589252	0.005323620061642052	0.049033342673017656	-0.0005603810591200903	0.03446343513589252	9371874
2021-03-26	-0.015448275862069028	-0.0005517241379311207	0.00468965517241384	-0.03586206896551716	-0.015448275862069028	12971825
2021-03-25	0.07726597325408623	0.004457652303120315	0.08736998514115914	-0.015453194650817119	0.07726597325408623	16880320
2021-03-24	-0.06241292839230989	-0.005015324602953461	-0.005015324602953461	-0.07773753134577874	-0.06241292839230989	18568724
2021-03-23	-0.0660941972417382	0.011969815248503796	0.014832162373145987	-0.08482956023939625	-0.0660941972417382	17304138
2021-03-22	0.015323645970937867	0.011889035667106888	0.07080581241743725	0.008190224570673584	0.015323645970937867	8891571
2021-03-19	-0.07207648933562143	-0.026722235842118077	-0.01691591076244172	-0.07820544251041917	-0.07207648933562143	11871564
2021-03-18	0.05128865979381449	0.002061855670103232	0.05850515463917534	-0.004896907216494787	0.05128865979381449	11223166
2021-03-17	-0.0015440041173443715	-0.00900669068450853	0.008492022645393678	-0.024446731857951695	-0.0015440041173443715	5947791
2021-03-16	-0.002822684115986642	0.007441621760328436	0.010520913523223088	-0.02720041057223511	-0.002822684115986642	5830067
2021-03-15	-0.020854271356783877	0.0037688442211056706	0.008793969849246267	-0.03567839195979886	-0.020854271356783877	7903254
2021-03-12	0.06788301583042645	0.01422055272336984	0.07298094982559696	0.011537429568017163	0.06788301583042645	13171255
2021-03-11	0.0053951982735366295	0.016185594820609696	0.018073914216347495	-0.015376315079579182	0.0053951982735366295	10727719
2021-03-10	0.0	0.02508767197194496	0.04397086592932297	-0.001618559482061027	0.0	13031029
2021-03-09	-0.0911988232409904	0.0017161068889433755	0.018632017651385096	-0.09757293454278002	-0.0911988232409904	25283036
2021-03-08	-0.01663452266152357	0.01711668273866926	0.040260366441658674	-0.01663452266152357	-0.01663452266152357	11593423
2021-03-05	-0.0004819277108434488	-0.009638554216867436	0.0226506024096385	-0.010843373493975973	-0.0004819277108434488	9927359
2021-03-04	-0.041349041349041334	-0.009009009009009023	0.002310002310002343	-0.05775005775005775	-0.041349041349041334	13223934
2021-03-03	-0.009608785175017197	-0.015099519560741334	0.005261953786318848	-0.018531228551818858	-0.009608785175017197	9214666
2021-03-02	-0.021490933512424464	0.010745466756212152	0.012312513991493109	-0.04633982538616522	-0.021490933512424464	11759984
2021-03-01	0.02430635175418487	0.020408163265306135	0.03829396927310254	-0.035083696399908305	0.02430635175418487	13237080
2021-02-26	-0.005699954400364797	-0.028727770177838532	0.005015959872320995	-0.06110351117191062	-0.005699954400364797	15545978
2021-02-25	0.029094321914594136	0.02064758329422812	0.0793054903801033	0.017597372125762553	0.029094321914594136	19844995
2021-02-24	-0.09989440337909195	0.0008447729672650295	0.005702217529038987	-0.09989440337909195	-0.09989440337909195	19791444
2021-02-23	0.006804167552625989	-0.0008505209440782298	0.00935573038486068	-0.06655326387412296	0.006804167552625989	21225434
2021-02-22	0.022391304347826112	-0.021739130434782608	0.03652173913043478	-0.023695652173913118	0.022391304347826112	18758121
2021-02-19	-0.05076351630210484	-0.024762690879075584	-0.0033016921172101463	-0.10008254230293027	-0.05076351630210484	25416675
2021-02-18	0.05669428696031403	0.05015263846489309	0.06825119930222422	0.007413868294810367	0.05669428696031403	18644752
2021-02-10	0.01888469229060212	-0.005998666962897046	0.024216840702066283	-0.0408798044878915	0.01888469229060212	17114490
2021-02-09	0.031156930126002277	0.030927835051546424	0.05796105383734253	-0.0009163802978235773	0.031156930126002277	23358511
2021-02-08	0.10005040322580643	0.011844758064516101	0.10005040322580643	-0.0007560483870968029	0.10005040322580643	15714334
2021-02-05	-0.019520632567333808	0.02026192241166297	0.05460835186557946	-0.02001482579688664	-0.019520632567333808	18497404
2021-02-04	-0.017479970866715197	-0.004612770089827573	0.04904102937606223	-0.02160718621024522	-0.017479970866715197	20454501
2021-02-03	-0.01412158927716619	-0.0306366682623265	-0.003590234561991349	-0.04284346577309715	-0.01412158927716619	20642963
2021-02-02	0.07958656330749349	0.019896640826873282	0.09793281653746767	0.019896640826873282	0.07958656330749349	22782102
2021-02-01	0.1000568504832292	0.015065378055713506	0.1000568504832292	0.004832291074474182	0.1000568504832292	23324455
2021-01-29	0.1000625390869293	0.06160100062539094	0.1000625390869293	0.05691056910569096	0.1000625390869293	24513011
2021-01-28	-0.05188259709457446	-0.013044767269492967	0.0014823599169879712	-0.057219092795730696	-0.05188259709457446	12430538
2021-01-27	0.016882725354235607	0.01025022610792874	0.03014772384684956	-0.01507386192342478	0.016882725354235607	9847334
2021-01-26	-0.02095631641086189	-0.0032467532467532296	0.013282172373081337	-0.0351239669421489	-0.02095631641086189	11848575
2021-01-25	0.0627352572145547	0.0006273525721455324	0.06994981179422838	0.0006273525721455324	0.0627352572145547	12532822
2021-01-22	0.012063492063492031	-0.003492063492063474	0.02063492063492059	-0.005714285714285706	0.012063492063492031	7265815
2021-01-21	0.021069692058346794	0.0009724473257697758	0.03306320907617503	0.0006482982171798889	0.021069692058346794	9461335
2021-01-20	0.02764823451032651	0.0016655562958028218	0.03797468354430382	-0.00033311125916049333	0.02764823451032651	7658755
2021-01-19	0.0023372287145242165	0.005676126878130274	0.03505843071786313	-0.00701168614357265	0.0023372287145242165	9548438
2021-01-18	0.04029176797499132	-0.0020840569642236444	0.051754081278221675	-0.014588398749565757	0.04029176797499132	11596362
2021-01-15	-0.022078804347826157	0.0037364130434782415	0.007133152173912951	-0.05129076086956527	-0.022078804347826157	16641360
2021-01-14	-0.04010433648516467	-0.009129442451907438	0.009129442451907322	-0.043038800130420614	-0.04010433648516467	11214633
2021-01-13	-0.023248407643312003	0.004140127388535113	0.01592356687898089	-0.03312101910828023	-0.023248407643312003	11631246
2021-01-12	0.037673496364837966	-0.0019828155981494473	0.048248512888301294	-0.01156642432253805	0.037673496364837966	10029511
2021-01-11	0.005315614617940204	0.0	0.04086378737541518	-0.013289036544850568	0.005315614617940204	15438254
2021-01-08	0.008713136729222573	0.022453083109919628	0.028820375335120624	-0.021447721179624683	0.008713136729222573	13097500
2021-01-07	0.04080920823160091	0.003836763167073576	0.04987792117195674	0.003836763167073576	0.04080920823160091	14803974
2021-01-06	0.04254545454545461	0.004727272727272691	0.06218181818181821	0.004727272727272691	0.04254545454545461	16336020
