2024-12-31	-0.0668614086335606	6.491398896456284e-05	0.005842259006815821	-0.07497565725413834	-0.0668614086335606	18372215
2024-12-30	-0.002848080781927618	-0.009677001747685963	0.0032688199883487306	-0.018285973202149117	-0.002848080781927618	10528317
2024-12-27	0.006875875778016794	-0.006452243621077388	0.03261967608433536	-0.02926320591781542	0.006875875778016794	18824065
2024-12-26	-0.016316194383895293	-0.006250801384792886	0.002852929862803062	-0.019746121297602157	-0.016316194383895293	11020352
2024-12-25	0.00599806514027719	-0.0014188971299580707	0.015124153498871324	-0.013511770396646234	0.00599806514027719	11791598
2024-12-24	0.020267157991708973	-0.004737777192867006	0.020661972757781238	-0.026123577021780607	0.020267157991708973	12985592
2024-12-23	-0.006179903868162006	-0.00925350685021085	0.019684138246738512	-0.012523297256645798	-0.006179903868162006	10952438
2024-12-20	0.0027213114754097837	-0.0015737704918033382	0.020229508196721365	-0.010885245901639322	0.0027213114754097837	13831585
2024-12-19	0.02362733252785616	-0.013525305410122073	0.03537387568801188	-0.02043898509867088	0.02362733252785616	15726497
2024-12-18	-0.005009016229212583	-0.0018700327255727052	0.007079409603953799	-0.018032458425165224	-0.005009016229212583	11125155
2024-12-17	0.0043937615294315025	0.0006037229582425183	0.02632902901224224	-0.005500586952876024	0.0043937615294315025	16119762
2024-12-16	-0.028510915607689803	0.00022808732486168142	0.005050505050505088	-0.035451287064190276	-0.028510915607689803	16474594
2024-12-13	-0.05160692212608172	-0.0234548825710755	-0.011341161928306599	-0.06093943139678624	-0.05160692212608172	20747923
2024-12-12	0.017514070999591392	-0.009527403075181502	0.04449265792535306	-0.009527403075181502	0.017514070999591392	19236566
2024-12-11	-0.02743119266055054	-0.020000000000000063	-0.004709480122324221	-0.047951070336391455	-0.02743119266055054	20878385
2024-12-10	-0.01002088946746996	0.08988525930186793	0.1049922799794133	-0.01101995095516329	-0.01002088946746996	34372122
2024-12-09	-0.03420952603725034	-0.014648694482617441	0.005409198561445639	-0.04999853805444275	-0.03420952603725034	19796136
2024-12-06	-0.007170227589410204	-0.007199256850905765	0.046504876915931206	-0.02975499303297724	-0.007170227589410204	28229576
2024-12-05	0.03975129033231721	0.00208264163472276	0.05242823941323837	-0.0009054963629229766	0.03975129033231721	23866999
2024-12-04	0.0005133780274204745	-0.007670471703810968	0.0478951500875763	-0.007730869118801722	0.0005133780274204745	24257340
2024-12-03	0.012846393833730926	-0.0002752798678655869	0.06019453110662509	-0.02930201260170057	0.012846393833730926	27837079
2024-12-02	-0.026007686120296775	-0.046891292042780135	-0.018083236512050505	-0.0663449220961064	-0.026007686120296775	33895529
2024-11-29	0.09692493709355912	-0.0033005457337995196	0.1859089572236201	-0.0033005457337995196	0.09692493709355912	36685941
2024-11-28	-0.03460786169474423	6.309546343612156e-05	0.00946431951542684	-0.0388668054766862	-0.03460786169474423	23730045
2024-11-27	0.11530206537419528	-0.009711129094683477	0.11878540515815787	-0.009711129094683477	0.11530206537419528	28560113
2024-11-26	0.012504453152832173	-0.013395083719273214	0.05055219095119344	-0.0174207338795867	0.012504453152832173	17472454
2024-11-25	0.0039700990736435985	0.0020029328659823395	0.013627096820344084	-0.03430022532994734	0.0039700990736435985	18433992
2024-11-22	-0.04641882673942706	-0.00818553888130961	0.016814461118690338	-0.04959072305593439	-0.04641882673942706	21582413
2024-11-21	0.03079735620869073	-0.015258050907045335	0.05558289973280833	-0.015679932498945223	0.03079735620869073	22807451
2024-11-20	-0.015778546712802776	-0.017335640138408274	0.0034256055363322113	-0.034463667820069134	-0.015778546712802776	19835419
2024-11-19	0.08532371939312014	0.0022532672374944523	0.08907916478894408	-0.011867207450803547	0.08532371939312014	27034372
2024-11-18	-0.022825688073394596	-0.005504587155963303	0.01651376146788991	-0.06297247706422017	-0.022825688073394596	29246865
2024-11-15	-0.14297395898855197	-0.018838847653792783	0.012391495785633406	-0.14772298402314749	-0.14297395898855197	42075223
2024-11-14	-0.00012578616352207692	-0.0110062893081761	0.049685534591195006	-0.012578616352201259	-0.00012578616352207692	26206706
2024-11-13	-0.00244682853378497	-0.018162996423865877	0.031683292552857845	-0.06832298136645955	-0.00244682853378497	27394774
2024-11-12	0.056262425447315974	-0.005964214711729659	0.06693174287607684	-0.012591119946984796	0.056262425447315974	30690914
2024-11-11	-0.0065832784726793945	-0.04542462146148785	0.018564845292955847	-0.04542462146148785	-0.0065832784726793945	25800217
2024-11-08	-0.07267787918561705	0.007295259607460048	0.039345563322242864	-0.07817221696529414	-0.07267787918561705	41006496
2024-11-07	0.19999267426101616	-0.0073623676788395695	0.19999267426101616	-0.021684187392403267	0.19999267426101616	45139972
2024-11-06	0.01679702048417129	-0.00931098696461825	0.1582495344506518	-0.02789571694599631	0.01679702048417129	48168204
2024-11-05	0.19333333333333333	-0.01	0.2	-0.03551111111111115	0.19333333333333333	41856890
2024-11-04	0.11386138613861387	0.0049504950495049506	0.11386138613861387	0.0	0.11386138613861387	28137671
2024-11-01	-0.014778325123152716	-0.014193044920255556	0.026093742379164	-0.017168219284982734	-0.014778325123152716	22573444
2024-10-31	0.053001900261927956	-0.0011812439011864731	0.14015715679728824	-0.004262749730368304	0.053001900261927956	34273803
2024-10-30	-0.021065862242332818	-0.010005027652086522	0.0104575163398692	-0.03971845148315739	-0.021065862242332818	16405438
2024-10-29	-0.009856630824372709	0.012544802867383563	0.03529470330545601	-0.011499402628434898	-0.009856630824372709	16122651
2024-10-28	0.0001493651979088929	-0.014189693801344258	0.013691809808314663	-0.014289270599950235	0.0001493651979088929	12164079
2024-10-25	0.01902587519025875	0.010654490106544873	0.04967021816336881	-0.009132420091324115	0.01902587519025875	18548457
2024-10-24	-0.014500000000000028	-0.018100000000000022	0.015049999999999954	-0.021599999999999966	-0.014500000000000028	13351097
2024-10-23	-0.008428358948934005	0.004858701041150313	0.05106593951412996	-0.022310361923648984	-0.008428358948934005	25142909
2024-10-22	0.004882423276205609	-0.00024910322837789643	0.026554404145077783	-0.016490633718613004	0.004882423276205609	21830615
2024-10-21	-0.04795332732533327	-0.046625243086847276	-0.01527296874258881	-0.060285538111274524	-0.04795332732533327	32729010
2024-10-18	0.16693418940609966	-5.534953229640176e-05	0.19997786018708155	-0.013892732606409426	0.16693418940609966	42390081
2024-10-17	-0.01660134988025262	0.0015240583496625361	0.02492924014805145	-0.026126714565643434	-0.01660134988025262	19576973
2024-10-16	0.009949975262492455	-0.04672640316640097	0.04166895717662587	-0.047880820185806215	0.009949975262492455	21982969
2024-10-15	-0.04383705650459923	-0.02759526938239159	0.0029434954007884484	-0.0444152431011826	-0.04383705650459923	21529847
2024-10-14	0.044067610580616846	0.009768411809900127	0.04434200417078264	-0.05619580726594232	0.044067610580616846	28760284
2024-10-11	-0.04446775039328783	-0.029889879391714676	0.016255899318301115	-0.07650760356581005	-0.04446775039328783	28338342
2024-10-10	-0.1744231352006581	-0.01368024589809081	-0.01368024589809081	-0.1990995281181004	-0.1744231352006581	40727468
2024-10-09	-0.004224684226408543	-0.051601500193990596	0.19575807216450403	-0.12919774108720955	-0.004224684226408543	60124253
2024-10-08	0.1999896539237494	0.1999896539237494	0.1999896539237494	0.11204800579380268	0.1999896539237494	24701891
2024-09-30	0.20001241541995157	0.16698739834874918	0.20001241541995157	0.11124216276615549	0.20001241541995157	22199275
2024-09-27	0.2000148986889153	0.047824791418355085	0.2000148986889153	0.028233015494636412	0.2000148986889153	35975361
2024-09-26	0.12353531971878143	-0.01908269166387681	0.13064948108470037	-0.0194174757281554	0.12353531971878143	25849736
2024-09-25	0.03958931523536063	0.03114939528408595	0.08326807622030795	0.0237535891412163	0.03958931523536063	25848522
2024-09-24	0.12039383895496207	0.043088321310196936	0.13725872489764085	0.007993760967050179	0.12039383895496207	22029345
2024-09-23	-0.004560892770499747	-0.0008733624454148802	0.00737506065016987	-0.008248423095584613	-0.004560892770499747	4323601
2024-09-20	-0.004155392346347186	-0.00850405875531513	0.00338229609586388	-0.018650947042906908	-0.004155392346347186	4913459
2024-09-19	0.03906014660106437	0.009840345416206344	0.057234662114670175	0.0013053519429661155	0.03906014660106437	9359091
2024-09-18	0.010860738936256673	0.001421031262687785	0.01806739748274463	-0.00933820544051971	0.010860738936256673	3198120
2024-09-13	-0.01163723916532916	0.0018057784911716752	0.014044943820224632	-0.01183788121990376	-0.01163723916532916	3682875
2024-09-12	-0.013069306930693001	0.0	0.005841584158415875	-0.015643564356435626	-0.013069306930693001	3485060
2024-09-11	0.006577636037472559	-0.003587801474985045	0.00916882599162848	-0.008371536774965152	0.006577636037472559	3524613
2024-09-10	0.003199360127974479	-0.00019996000799836055	0.012697460507898523	-0.018196360727854362	0.003199360127974479	3890561
2024-09-09	0.0042168674698795355	-0.014658634538152549	0.00903614457831331	-0.016064257028112393	0.0042168674698795355	4047471
2024-09-06	-0.013275212997820522	0.015454725579552232	0.02536160095106006	-0.014662175549831622	-0.013275212997820522	6575462
2024-09-05	0.008794723166100294	0.004297421547071683	0.02628422946232256	0.0002998201079352502	0.008794723166100294	3974700
2024-09-04	-0.0009984025559104865	-0.011581469648562267	0.012579872204472894	-0.011681309904153373	-0.0009984025559104865	3539085
2024-09-03	0.012330705478067505	0.0001010713563776543	0.017586416009702944	-0.0031332120477057033	0.012330705478067505	4095120
2024-09-02	-0.038577397726168486	-0.01078612379749295	0.003984063745019887	-0.042852978330580084	-0.038577397726168486	6707847
2024-08-30	0.06399917287014059	-0.006203473945409371	0.08043837882547561	-0.006203473945409371	0.06399917287014059	13800203
2024-08-29	0.012774869109947632	-0.005235602094240838	0.022617801047120384	-0.005235602094240838	0.012774869109947632	4003728
2024-08-28	0.005474836807748957	-0.0008422825858075204	0.006106548747104636	-0.012423668140661263	0.005474836807748957	2818754
2024-08-27	-0.019814241486068127	-0.005366357069143552	-0.0010319917440661354	-0.021362229102167257	-0.019814241486068127	3431334
2024-08-26	0.010427528675703858	0.0030239833159540356	0.029927007299269972	-0.006673618352450475	0.010427528675703858	4039450
2024-08-23	0.003033155527664536	-0.000104591569919518	0.02154586340340971	-0.003137747097583905	0.003033155527664536	4606788
2024-08-22	-0.04399560043995606	0.00029997000299971136	0.005799420057994183	-0.045095490450954956	-0.04399560043995606	6172316
2024-08-21	0.0	-0.004099590040996008	0.006799320067993126	-0.008299170082991683	0.0	3256420
2024-08-20	-0.01912514711651617	-0.0005884660651234608	0.005296194586112263	-0.019223224794036816	-0.01912514711651617	3976569
2024-08-19	0.003049680275454875	9.837678307910383e-05	0.02292179045745202	-0.005607476635514091	0.003049680275454875	3811200
2024-08-16	-0.005770735524256546	-0.004303599374021887	0.0031298904538341883	-0.006553208137715197	-0.005770735524256546	3147759
2024-08-15	0.007985803016858799	-0.0071970817312432605	0.035196687370600346	-0.007492852213349157	0.007985803016858799	7063195
2024-08-14	-0.011596180081855366	-0.007990645098421432	-0.002436172286104073	-0.015688949522510227	-0.011596180081855366	3321411
2024-08-13	0.021399422713247792	0.004478948939982113	0.022195680302577923	-0.005872399721309878	0.021399422713247792	4092956
2024-08-12	-0.007605689450809918	-0.0025681548794941815	0.0030620308178585767	-0.017186882655076997	-0.007605689450809918	3373700
2024-08-09	-0.008617312965139146	0.008617312965139007	0.024187230708969828	-0.008715236976106546	-0.008617312965139146	4857461
2024-08-08	0.0004898599000686918	-0.008523562261193204	0.021063975702949014	-0.010483001861467554	0.0004898599000686918	5435740
2024-08-07	9.798157946297182e-05	-0.00509504213207913	0.013325494806976283	-0.00872036057221243	9.798157946297182e-05	5348091
2024-08-06	0.0023571007660578383	0.017285405617756877	0.022294244745629643	-0.011785503830288634	0.0023571007660578383	5823921
2024-08-05	-0.008761682242990709	0.0016549844236760291	0.03679906542056076	-0.011292834890965699	-0.008761682242990709	8388715
2024-08-02	-0.021900590363740213	-0.009521995810321844	0.007617596648257448	-0.024471529232527073	-0.021900590363740213	6047383
2024-08-01	-0.017678421101861384	-0.017865494341034484	-0.008792442241137384	-0.02254232532036289	-0.017678421101861384	9384886
2024-07-31	0.10432806528251208	0.0019626071686808977	0.13624625555211237	0.0019626071686808977	0.10432806528251208	18539509
2024-07-30	-0.004626773596545371	-0.002673246966892917	0.007608472136541177	-0.01069298786757152	-0.004626773596545371	3543756
2024-07-29	-0.017873371705543734	-0.0034333030394830192	0.0	-0.02150863374734924	-0.017873371705543734	4187283
2024-07-26	0.005687011272468795	-0.004773027317964851	0.0343251751802579	-0.004773027317964851	0.005687011272468795	6486286
2024-07-25	0.04035921817221334	0.00042260961436864277	0.06117274167987313	-0.004648705758056122	0.04035921817221334	8385638
2024-07-24	-0.015293383270911348	-0.0031210986267167225	0.006554307116104822	-0.018726591760299744	-0.015293383270911348	4397754
2024-07-23	-0.03552077062010829	-0.011840256873369382	-0.004816375677302727	-0.03672486453943404	-0.03552077062010829	4451747
2024-07-22	0.003019323671497556	0.02153784219001611	0.023550724637681195	-0.007950885668277036	0.003019323671497556	5893631
2024-07-19	0.015328019619865114	0.00040874718986313356	0.021765787860208413	-0.005007153075822552	0.015328019619865114	5443032
2024-07-18	-0.00020433183489983677	-0.0035758071107477966	0.00337147527584796	-0.019718022067838094	-0.00020433183489983677	4840160
2024-07-17	-0.0021408910184525227	-0.0021408910184525227	0.012131715771230478	-0.004383729228259831	-0.0021408910184525227	3998462
2024-07-16	0.004300194532609826	-0.0015357837616464184	0.007986075560561084	-0.0054264359578171505	0.004300194532609826	3508632
2024-07-15	-0.0036723452004488364	-0.001326124655717591	0.0020401917780271633	-0.008466795878812591	-0.0036723452004488364	2454247
2024-07-12	-0.011096539897104756	-0.0035307172399878374	-0.0008070210834257873	-0.01825885201250885	-0.011096539897104756	3818168
2024-07-11	0.030136132183310727	0.021510963317052822	0.05320586095812106	0.0163150784578613	0.030136132183310727	8061857
2024-07-10	-0.009673767623752163	-0.0061747452917568025	0.006998044663990868	-0.012555315426571975	-0.009673767623752163	4466417
2024-07-09	0.01951526597418948	0.0070296925821005316	0.026859720910712436	-0.000629524708844846	0.01951526597418948	6725885
2024-07-08	-0.003033472803347197	-0.008368200836820055	0.013912133891213522	-0.015585774058577353	-0.003033472803347197	4963877
2024-07-05	0.024871355060034232	-0.0030017152658662213	0.03987993138936534	-0.0030017152658662213	0.024871355060034232	7712986
2024-07-04	-0.052706408043058775	0.0023357367726211434	0.0074134254087539755	-0.054534375952066665	-0.052706408043058775	10881294
2024-07-03	-0.019223107569721183	0.00687250996015934	0.007270916334661252	-0.025398406374502105	-0.019223107569721183	6210812
2024-07-02	-0.015879239364830332	9.80199960792503e-05	0.009507939619682404	-0.019505979219760782	-0.015879239364830332	4649549
2024-07-01	-0.01620057859209264	-0.011571841851494723	0.008871745419479283	-0.035583413693346166	-0.01620057859209264	5916783
2024-06-28	-0.0370507939455845	0.0037143653078280776	0.017736094344878786	-0.07131581391029801	-0.0370507939455845	7780578
2024-06-27	-0.028944995491433794	-0.008115419296663711	-0.000991884580703331	-0.03020739404869259	-0.028944995491433794	3382440
2024-06-26	0.03975248453028323	0.003187699231201982	0.044815300956309784	-0.004125257828614267	0.03975248453028323	5593682
2024-06-25	-0.020569329660238833	0.00036730945821847604	0.00899908172635436	-0.026629935720844863	-0.020569329660238833	4297602
2024-06-24	-0.016526686534814396	-0.006592612661428736	0.0001806195249706134	-0.01851350130949153	-0.016526686534814396	3883200
2024-06-21	0.00036136959074899497	-0.0009937663745595757	0.007498419008040458	-0.0020778751468064323	0.00036136959074899497	2909051
2024-06-20	-0.019140451927337144	-0.0005316792202037046	-0.0005316792202037046	-0.01993797075764289	-0.019140451927337144	4720801
2024-06-19	-0.019463028933877913	0.0038230949691545548	0.003996872013207001	-0.019810583021982804	-0.019463028933877913	4322202
2024-06-18	0.003925331472435475	0.00017445917655265197	0.01186322400558269	-0.004361479413817167	0.003925331472435475	4979587
2024-06-17	-0.0100172711571675	-0.014939550949913678	-0.004231433506044861	-0.022884283246977475	-0.0100172711571675	4497538
2024-06-14	0.025686448184233757	-0.0021257750221435703	0.03463241806908766	-0.0021257750221435703	0.025686448184233757	7561067
2024-06-13	-0.0020330593122954987	0.002828604260585233	0.006629541235746487	-0.0076018739503226325	-0.0020330593122954987	3330046
2024-06-12	0.006226096237658886	-0.0025793827270302076	0.010139642444187372	-0.00453615583029445	0.006226096237658886	3392709
2024-06-11	0.004467077637809345	-0.008308764406325442	0.008666130617350118	-0.012239792727597645	0.004467077637809345	3300384
2024-06-07	-0.00017865118356405555	0.005806163465832885	0.013041536400178595	-0.013577489950870889	-0.00017865118356405555	4015757
2024-06-06	-0.0085901523202267	0.0062876372653205255	0.0064647538080057024	-0.012309599716613537	-0.0085901523202267	4234344
2024-06-05	-0.01654763978400968	-0.005399756140045204	0.0011322069325902253	-0.01759275387563139	-0.01654763978400968	4123857
2024-06-04	0.005957595934816827	-0.0012265638689328943	0.011915191869633779	-0.015156824951813598	0.005957595934816827	4663067
2024-06-03	-0.021517359622803302	-0.005657951135876646	-0.005572224603514836	-0.03694813544792115	-0.021517359622803302	6763229
2024-05-31	-0.0026504787961695287	0.002137482900136799	0.013166894664842735	-0.008207934336525256	-0.0026504787961695287	4012029
2024-05-30	0.0	-0.006412448700410397	0.0023939808481532247	-0.020776333789329623	0.0	3093447
2024-05-29	0.0050700352324481324	-0.000601529603849853	0.01735842571109389	-0.003093580819798912	0.0050700352324481324	3793670
2024-05-28	-0.005384615384615345	-0.008547008547008548	0.003247863247863209	-0.013333333333333353	-0.005384615384615345	4045600
2024-05-27	0.022191158483313003	0.005416739472304775	0.024375327625371365	-0.006552507426175083	0.022191158483313003	4925329
2024-05-24	-0.018353344768439115	0.0	0.006861063464837148	-0.024013722126929652	-0.018353344768439115	5234004
2024-05-23	-0.033087320673356076	-0.004809685711916397	-0.0008292561572270381	-0.03698482461232281	-0.033087320673356076	7223816
2024-05-22	-0.0005801425493120602	-0.0033151002817834534	0.006381568042433368	-0.008702138239681727	-0.0005801425493120602	4343462
2024-05-21	-0.0219664424090136	-0.01110480667909544	0.00105374077976814	-0.025857177595849865	-0.0219664424090136	4683668
2024-05-20	0.02110577718920718	0.001903658334712829	0.03559013408376106	-0.006786955802019477	0.02110577718920718	9595687
2024-05-17	0.03264957264957259	0.0008547008547008061	0.03401709401709405	-0.011111111111111087	0.03264957264957259	7298936
2024-05-16	0.008186126669539016	0.0014648858250754133	0.033864713485566626	0.0014648858250754133	0.008186126669539016	6501643
2024-05-15	-0.031625500667556795	0.0	0.003421228304405846	-0.03195927903871828	-0.031625500667556795	6019521
2024-05-14	-0.001666111296234612	-0.002332555814728433	0.007830723092302547	-0.018910363212262662	-0.001666111296234612	6495195
2024-05-13	-0.018719856126869876	-0.002697621188588231	-0.002697621188588231	-0.02754843456224969	-0.018719856126869876	6431907
2024-05-10	0.006168777759499918	0.007567034051653246	0.033475900641552946	0.0009870044415200242	0.006168777759499918	7619107
2024-05-09	0.01655518394648833	-0.0006688963210702199	0.02817725752508365	-0.0010033444816052704	0.01655518394648833	5879343
2024-05-08	-0.033066537311019516	-0.0094591317002183	-0.004204058533430318	-0.03783652680087309	-0.033066537311019516	7146573
2024-05-07	-0.004186458417196651	-0.007889863940101358	0.003944931970050794	-0.013444972224458479	-0.004186458417196651	5929061
2024-05-06	0.027293027871970865	0.026465966421305127	0.05863865685220415	0.02472913737490703	0.027293027871970865	11296979
2024-04-30	-0.022080232934325494	-0.013264315755418962	0.0028307990941442438	-0.026205111614364243	-0.022080232934325494	7823487
2024-04-29	0.021818181818181823	-0.002561983471074399	0.03471074380165291	-0.01016528925619838	0.021818181818181823	15629827
2024-04-26	0.08969740634005757	0.022874639769452376	0.09897334293948122	0.014229106628242059	0.08969740634005757	19527034
2024-04-25	-0.01586457502437288	-0.008508375432065885	0.001506691482761692	-0.018168926703890784	-0.01586457502437288	6431862
2024-04-24	0.004272363150867859	-0.00106809078771687	0.007387627948375723	-0.015398308856252691	0.004272363150867859	6393298
2024-04-23	0.011160111601115965	0.006300063000630032	0.019260192601926025	9.000090000904614e-05	0.011160111601115965	5924845
2024-04-22	0.0037037037037036726	-0.006323396567299032	0.022854561878952132	-0.011111111111111146	0.0037037037037036726	6383798
2024-04-19	-0.028094820017559287	-0.009657594381036071	-0.007901668129938592	-0.03713784021071118	-0.028094820017559287	8674763
2024-04-18	-0.012142237640936613	-0.010320901994796164	0.021595836947094615	-0.041457068516912415	-0.012142237640936613	10335377
2024-04-17	0.024069633182342957	0.012434496846966795	0.030553335109690005	0.002131628030908561	0.024069633182342957	8741337
2024-04-16	-0.03933447098976109	-0.007337883959044364	-0.0002559726962457435	-0.04283276450511942	-0.03933447098976109	7586073
2024-04-15	0.03799486316535299	0.008679479231246161	0.06261624302541854	-0.00805951642901423	0.03799486316535299	11147476
2024-04-12	-0.03971763905426094	-0.013437659465895545	0.004422520836876986	-0.050178601803027655	-0.03971763905426094	12521341
2024-04-11	-0.03890796141899628	-0.006866110838646423	0.01193395455288535	-0.0884420467549453	-0.03890796141899628	11624752
2024-04-10	-0.03767796743490909	-0.0025957681113820364	-0.0025957681113820364	-0.04192558798080703	-0.03767796743490909	5306616
2024-04-09	0.004186413902053722	0.0015797788309636876	0.010821484992101142	-0.0047393364928909505	0.004186413902053722	3502143
2024-04-08	-0.014172247313502518	-0.0009344338888021814	0.0016352593054042048	-0.02709858277526857	-0.014172247313502518	4026916
2024-04-03	-0.03487148654742232	0.0018788516458740417	0.0033067788967382963	-0.036224259732451476	-0.03487148654742232	6282009
2024-04-02	-0.019454679439940947	-0.0033161385408989586	-0.0007369196757553008	-0.025276344878408095	-0.019454679439940947	4842549
2024-04-01	0.0361942577886376	0.00717776420281	0.0361942577886376	0.00717776420281	0.0361942577886376	6243987
2024-03-29	-0.028630766948523848	-0.020916777926123672	-0.01579884290164661	-0.04042426939623193	-0.028630766948523848	4730634
2024-03-28	0.028924673738838374	0.001221094405861227	0.04518049301686627	-0.00953980004579104	0.028924673738838374	6715522
2024-03-27	-0.05050724637681159	-0.0036231884057971015	0.0013043478260870058	-0.05050724637681159	-0.05050724637681159	7646746
2024-03-26	-0.04	-0.008834782608695723	-0.00048695652173908296	-0.047930434782608604	-0.04	9861510
2024-03-25	-0.00020865210738629252	0.014953401029350435	0.03421894561135059	-0.0010432605369314625	-0.00020865210738629252	11518841
2024-03-22	-0.01453050034270051	0.0	0.006168608636052129	-0.03954763536668958	-0.01453050034270051	10809131
2024-03-21	0.05084989916450592	0.04436761740132524	0.10983866320944972	0.04220685681359828	0.05084989916450592	21899111
2024-03-20	0.024498229043683536	-0.003763282172373224	0.033057851239669346	-0.003763282172373224	0.024498229043683536	9654438
2024-03-19	-0.02643678160919525	-0.005675287356321782	-0.0029454022988505504	-0.02643678160919525	-0.02643678160919525	6524573
2024-03-18	0.029433515752107602	0.006138145244786367	0.034980032539565074	0.0023665138293151398	0.029433515752107602	9015419
2024-03-15	-0.005954568845107713	-0.005145923693302864	-0.0009556715430419426	-0.03624200543997653	-0.005954568845107713	8290196
2024-03-14	-0.012342989907790524	-0.0031220503884409963	0.00413853191025936	-0.026283307921295115	-0.012342989907790524	6326124
2024-03-13	-0.005703147559919293	0.003465203580710293	0.007002598902685524	-0.011406295119838379	-0.005703147559919293	5884250
2024-03-12	-0.003453237410071869	0.009856115107913703	0.014460431654676193	-0.01719424460431645	-0.003453237410071869	7261166
2024-03-11	0.010541621228644046	-0.00799709196655778	0.010541621228644046	-0.014249363867684535	0.010541621228644046	6067273
2024-03-08	0.013259668508287376	0.0	0.02062615101289143	-0.0034622467771638957	0.013259668508287376	5046027
2024-03-07	-0.04602951510892488	-0.010189739985945306	0.004216444132115209	-0.04652143359100495	-0.04602951510892488	8214197
2024-03-06	-0.0014735808013471303	-0.006034664234088732	0.01747245807311774	-0.025471896709002847	-0.0014735808013471303	7170121
2024-03-05	-0.006622054928203102	-0.012059110553464506	0.008504112644639612	-0.02390910358288029	-0.006622054928203102	7603169
2024-03-04	0.015574118646467629	0.0052385671810845896	0.047005521732974766	0.0009910802775025824	0.015574118646467629	11364837
2024-03-01	0.030568322754796803	-0.004085503757204365	0.045451229298898506	-0.017436346392354172	0.030568322754796803	11936105
2024-02-29	0.03519371648667017	-0.015859829318027298	0.03609999244770033	-0.015859829318027298	0.03519371648667017	11291724
2024-02-28	-0.02244370616463634	0.018826135105204957	0.06496862310815808	-0.025765965300848882	-0.02244370616463634	17191278
2024-02-27	0.04120224459989227	-0.02375278653240067	0.041586593896533144	-0.02667384118687062	0.04120224459989227	12880687
2024-02-26	-0.004057571581687346	-0.01010564997703256	0.014392895421834292	-0.012325830653805034	-0.004057571581687346	6256140
2024-02-23	0.0012264295569522964	0.004139199754714027	0.01563697685114205	-0.016710102713475446	0.0012264295569522964	6994504
2024-02-22	0.01116106030072855	-0.015656487366299876	0.021934583785459493	-0.01643156099829487	0.01116106030072855	7861619
2024-02-21	0.014308176100628988	-0.01729559748427675	0.05786163522012578	-0.02374213836477984	0.014308176100628988	12010914
2024-02-20	-0.01242236024844727	-0.014130434782608751	-0.003881987577639751	-0.029736024844720592	-0.01242236024844727	7789470
2024-02-19	0.028015005187963963	0.013648335860802887	0.028653523824726548	-0.0038311118205762947	0.028015005187963963	8788122
2024-02-08	0.04792572766811646	0.01639344262295077	0.06557377049180331	0.016226162596185995	0.04792572766811646	9604971
2024-02-07	-0.015480895915678488	0.005187747035573085	0.016386693017127876	-0.032608695652173864	-0.015480895915678488	10908227
2024-02-06	0.11874712114233073	-0.006909258406264394	0.12252418240442191	-0.015200368493781589	0.11874712114233073	12098228
2024-02-05	-0.035111111111111135	-0.01919999999999997	-0.00017777777777774241	-0.0750222222222222	-0.035111111111111135	9259512
2024-02-02	-0.0425531914893617	0.0008510638297871857	0.012425531914893564	-0.08051063829787229	-0.0425531914893617	9254671
2024-02-01	0.021383866481223868	-0.007910292072322763	0.05450278164116825	-0.012865090403338003	0.021383866481223868	7161562
2024-01-31	-0.04902041828552527	0.007605191369761112	0.01206910804331659	-0.049351078779862764	-0.04902041828552527	7951565
2024-01-30	-0.011198299820173325	-0.007765244400850113	0.023377472617296054	-0.012751348700343324	-0.011198299820173325	5102921
2024-01-29	-0.038736544354521826	0.005735837196511385	0.013121709750923248	-0.038736544354521826	-0.038736544354521826	6649914
2024-01-26	-0.014938080495355981	-0.013622291021671758	0.008513931888545068	-0.024767801857585054	-0.014938080495355981	5970184
2024-01-25	-0.0011596443757248217	-0.018167761886354807	0.009741012756088283	-0.029145728643216053	-0.0011596443757248217	10902445
2024-01-24	0.030923726787279792	0.012194149996014992	0.04343667809038008	-0.016258866661353247	0.030923726787279792	12734913
2024-01-23	0.05614478114478116	0.0	0.07895622895622904	-0.018771043771043806	0.05614478114478116	13247953
2024-01-22	-0.03500934123954189	-0.004386321176183951	-0.002924214117455929	-0.05060514986597355	-0.03500934123954189	8310376
2024-01-19	-0.041870962720834376	-0.013152774534983359	-0.0038913534127170534	-0.04529535372402527	-0.041870962720834376	9122882
2024-01-18	0.026114039290848188	-0.009742852579460141	0.026832774317201834	-0.022919661395943175	0.026114039290848188	10971899
2024-01-17	-0.03654689543740863	-0.004077864122489814	-0.003770100792490645	-0.039778410402400564	-0.03654689543740863	8547356
2024-01-16	-0.09724248107244565	-0.004445370563311706	-0.004445370563311706	-0.145724803778565	-0.09724248107244565	22942298
2024-01-15	-0.00332294911734157	-0.016960886119764547	0.017514710972654907	-0.016960886119764547	-0.00332294911734157	4146688
2024-01-12	-0.02034587995930824	-0.007799253984401338	0.0037300779925399214	-0.0255679891488639	-0.02034587995930824	4515765
2024-01-11	0.042123118241571694	-7.067637288867995e-05	0.07032299102410056	-0.003463142271538689	0.042123118241571694	8404999
2024-01-10	-0.02682440332897708	-0.009560492468532819	0.0018570740766215713	-0.035078065891739424	-0.02682440332897708	6085257
2024-01-09	-0.05774465327284527	-0.008425145819831571	-0.0003240440699935928	-0.0725858716785484	-0.05774465327284527	10113532
2024-01-08	0.03626595030221629	0.007387508394895865	0.08132975151108116	0.007387508394895865	0.03626595030221629	15380112
2024-01-05	-0.025523560209424118	0.00019633507853403885	0.007002617801047075	-0.02892670157068073	-0.025523560209424118	4274954
2024-01-04	-0.010362694300518097	0.0	0.006347150259067291	-0.019430051813471502	-0.010362694300518097	4212572
2024-01-03	-0.0019392372333547703	-0.006399482870070981	0.018552036199095054	-0.022624434389140274	-0.0019392372333547703	5318640
2024-01-02	-0.013833110218652488	-0.005609740549499556	0.006310958118187091	-0.014789315994135228	-0.013833110218652488	4183468
2023-12-29	0.0005740528128588047	-0.010715652506697326	0.006505931879066272	-0.018433473657354347	0.0005740528128588047	5562265
2023-12-28	0.08573407202216063	-0.0048476454293629985	0.09757617728531857	-0.007617728531855916	0.08573407202216063	10212958
2023-12-27	-0.009602194787380012	0.001371742112482775	0.015089163237311307	-0.020919067215363588	-0.009602194787380012	5703057
2023-12-26	-0.021213748657357655	-0.0023496240601503376	0.006847475832438116	-0.026785714285714347	-0.021213748657357655	4264928
2023-12-25	-0.0005367686527105749	-0.00623993558776153	0.010534084809447274	-0.00684380032206107	-0.0005367686527105749	2970122
2023-12-22	-0.024798796047896487	-0.0018975332068312534	-6.543217954602713e-05	-0.031603742720670104	-0.024798796047896487	4963056
2023-12-21	0.009778658738024568	0.00436075322101088	0.03045920052857624	-0.008259002312520648	0.009778658738024568	5050395
2023-12-20	-0.04805333668784209	0.0010692496383419554	0.00528335115416066	-0.048870998175985975	-0.04805333668784209	6713152
2023-12-19	0.00429536984397705	0.0020213505148126663	0.012128103088876177	-0.007643231634135607	0.00429536984397705	4347241
2023-12-18	0.006420851875397272	0.00127145581691029	0.03369357914812449	-0.0041958041958043545	0.006420851875397272	5847072
2023-12-15	-0.00844679778113953	0.009077155824508486	0.017208774583963807	-0.012544125063035684	-0.00844679778113953	5128568
2023-12-14	-0.010972568578553736	0.0069825436408977835	0.013092269326683255	-0.01745635910224446	-0.010972568578553736	6286273
2023-12-13	-0.013287401574803128	-0.0034448818897637934	0.008735236220472365	-0.017101377952755913	-0.013287401574803128	5585497
2023-12-12	-0.012213647687913902	-0.003463571732393469	0.023151242632314533	-0.02594640578477233	-0.012213647687913902	8649517
2023-12-11	0.033082234777149916	0.04130571249215307	0.0546139359698681	0.004394224733207712	0.033082234777149916	14278928
2023-12-08	0.03448275862068967	-0.008701863757386866	0.05260081823495028	-0.009675952983960056	0.03448275862068967	13337326
2023-12-07	0.016368556530922174	0.00983433436736855	0.035509207313048616	0.0032341099597386915	0.016368556530922174	7863833
2023-12-06	-0.0002639392939625237	-0.007126360936984576	0.014846585285384361	-0.009699769053117775	-0.0002639392939625237	5030878
2023-12-05	-0.015845184752256623	-0.012922917072537236	0.00649392817715436	-0.023962594973699576	-0.015845184752256623	7349133
2023-12-04	0.04747976328140956	-0.006870280933269784	0.07210393850758468	-0.01707366845792797	0.04747976328140956	12720489
2023-12-01	0.04648348519362188	0.003701594533029686	0.06000854214123012	-0.004128701594532916	0.04648348519362188	8903281
2023-11-30	-0.0002846569883292091	0.0024907486478792647	0.009037859379447635	-0.008895530885283233	-0.0002846569883292091	3156242
2023-11-29	-0.008397431373932663	7.056665020105077e-05	0.007903464822524906	-0.009173664526145023	-0.008397431373932663	3556464
2023-11-28	0.004109686105009654	0.002196556366470646	0.014667327995465126	-0.007298235669241133	0.004109686105009654	3491258
2023-11-27	-0.001061721404303551	-0.005450169875424761	0.010617214043035108	-0.006299546998867602	-0.001061721404303551	3412719
2023-11-24	-0.015470383275261316	6.96864111497624e-05	0.0033449477351915665	-0.02000000000000003	-0.015470383275261316	3892428
2023-11-23	-0.023809523809523808	-0.006802721088435374	-0.0023129251700680503	-0.032653061224489875	-0.023809523809523808	6439280
2023-11-22	-0.02312599681020727	-0.00910419989367342	0.004651780967570555	-0.02312599681020727	-0.02312599681020727	4043239
2023-11-21	0.007296338443001563	0.0027444942767255176	0.03608005890621872	0.0014726554655601265	0.007296338443001563	6496025
2023-11-20	-0.007902775933059013	0.001925886571921849	0.0031212644441492815	-0.02556780448930816	-0.007902775933059013	5353019
2023-11-17	0.005945620949963356	0.0014028993252722824	0.012091656089251133	-0.005945620949963167	0.005945620949963356	3157424
2023-11-16	-0.018426229508196737	-0.009836065573770493	0.005245901639344337	-0.018426229508196737	-0.018426229508196737	4173462
2023-11-15	-0.0032679738562091504	0.020522875816993375	0.03104575163398693	-0.006405228758169868	-0.0032679738562091504	6555977
2023-11-14	0.006049447659126693	-0.006443976854287337	0.02939242503945291	-0.006443976854287337	0.006049447659126693	6332662
2023-11-13	0.014813826237821959	0.004270652609101737	0.029360736687574916	0.0009342052582409339	0.014813826237821959	6302705
2023-11-10	-0.0041201488569908035	-0.004053694843168429	0.0017942583732058098	-0.020268474215842526	-0.0041201488569908035	4503835
2023-11-09	-0.00784598140700203	-0.003230698226412479	0.009494296828641302	-0.00988989252983451	-0.00784598140700203	4384653
2023-11-08	0.01669124547526465	0.0002010993430754869	0.0380077758412655	-0.006703311435849309	0.01669124547526465	8899289
2023-11-07	0.00026820437173139645	-0.011733941263242592	0.007442671315542535	-0.016427517768539554	0.00026820437173139645	7587412
2023-11-06	0.07519284838872452	0.01989762814505076	0.08499747675005401	0.015860428231562168	0.07519284838872452	13279139
2023-11-03	0.011890866647213272	0.0009483513276918256	0.02487598482637873	-0.004304056025678461	0.011890866647213272	5103060
2023-11-02	-0.015159134995330018	-0.0013650405919965352	0.018104748904375387	-0.01652417558732676	-0.015159134995330018	4340872
2023-11-01	-0.009958033999573268	0.011167223842378499	0.01571946795646922	-0.011309481470943903	-0.009958033999573268	3509281
2023-10-31	-0.007132768361581857	0.003813559322033842	0.0072033898305085475	-0.013700564971751397	-0.007132768361581857	4086469
2023-10-30	0.0032591752869491853	-0.009494119314155981	0.011761371687686165	-0.013745217514524571	0.0032591752869491853	5499990
2023-10-27	0.03278208693106974	-0.008488218937509121	0.04039221425435394	-0.01661056636909125	0.03278208693106974	7168673
2023-10-26	-0.019655667144906807	-0.010043041606886698	-0.010043041606886698	-0.035868005738880916	-0.019655667144906807	6147204
2023-10-25	-0.03328710124826618	0.010679611650485579	0.0158113730929265	-0.041054091539528346	-0.03328710124826618	7303204
2023-10-24	0.044927536231883974	0.007246376811594203	0.06000000000000001	0.0021739130434783433	0.044927536231883974	8555766
2023-10-23	-0.05447070914696807	-0.013360739979444938	-0.013360739979444938	-0.06817403220280911	-0.05447070914696807	7311841
2023-10-20	-0.009501187648456096	-0.02259925347811323	0.012555140821174038	-0.02259925347811323	-0.009501187648456096	4559893
2023-10-19	-0.005802577423925603	-0.008029147830780634	0.026583901221240117	-0.008096619661291526	-0.005802577423925603	5549685
2023-10-18	-0.029848792302153575	-0.017935458532434438	-0.013680696471820405	-0.04431498330824121	-0.029848792302153575	4794165
2023-10-17	0.018127290903032313	0.0007330889703431204	0.029656781072975598	-0.015328223925358288	0.018127290903032313	5641804
2023-10-16	-0.007080465854949663	0.0	0.005161461090524094	-0.015749073583906797	-0.007080465854949663	3471445
2023-10-13	-0.01691386937288573	-0.011124121779859537	-0.005529534218058772	-0.023549310434556367	-0.01691386937288573	4263455
2023-10-12	0.007273442107332318	0.035318786449118574	0.0655265054714632	-0.0018347421532009772	0.007273442107332318	7811739
2023-10-11	0.012674187126742039	0.0033178500331785005	0.03556735235567362	0.0007299270072993607	0.012674187126742039	5780467
2023-10-10	0.007352941176470551	0.0026737967914438883	0.02413101604278084	0.0026737967914438883	0.007352941176470551	4236772
2023-10-09	0.0009367054730361725	-0.010437575270975526	0.009500869797939163	-0.03445737990097689	0.0009367054730361725	5065674
2023-09-28	-0.009411452810180193	0.004109225874867475	0.009544008483563082	-0.020678685047720073	-0.009411452810180193	4276425
2023-09-27	0.012957368244377354	0.0003356831151393848	0.022692178583417415	-0.002484055052030723	0.012957368244377354	5140438
2023-09-26	0.01741803278688513	6.830601092889962e-05	0.03811475409836054	-6.830601092909376e-05	0.01741803278688513	7308444
2023-09-25	-0.03696881989211948	-0.011774766478095122	-0.00861728719905277	-0.040915668990922235	-0.03696881989211948	7278483
2023-09-22	0.07449816228442198	-0.000565450947130224	0.08170766186033364	-0.001342945999434533	0.07449816228442198	14902910
2023-09-21	-0.008340926613864147	7.009182028470826e-05	0.015280016822036918	-0.010724048503539646	-0.008340926613864147	4928093
2023-09-20	-0.009029658956727174	-0.0018753907063972371	0.020351462110161887	-0.011599638813641644	-0.009029658956727174	4165540
2023-09-19	-0.007103448275862077	0.0	0.001172413793103362	-0.018620689655172336	-0.007103448275862077	4120103
2023-09-18	0.0013812154696131811	-0.008218232044198878	0.011947513812154625	-0.012430939226519415	0.0013812154696131811	4832254
2023-09-15	-0.012278308321964413	0.002728512960436601	0.009549795361528007	-0.017598908594815717	-0.012278308321964413	5932605
2023-09-14	-0.020118976004277915	-0.004077267562328812	6.684045184139365e-05	-0.04070583517144578	-0.020118976004277915	9504261
2023-09-13	-0.05256158571338093	-0.0032930150085492384	-0.0016465075042745292	-0.06345386612627453	-0.05256158571338093	11189223
2023-09-12	-0.02854506305752085	-0.010765918179021838	0.0019686250384496656	-0.03623500461396502	-0.02854506305752085	5483176
2023-09-11	0.006688548956462578	-0.006193100885613426	0.014367994054623108	-0.021675853099646994	0.006688548956462578	6255830
2023-09-08	0.025336550673101407	-0.0032385064770128966	0.028765557531115073	-0.010858521717043304	0.025336550673101407	6333027
2023-09-07	0.0046570972886761704	-0.004784688995215311	0.01984051036682624	-0.007336523125996847	0.0046570972886761704	6250545
2023-09-06	-0.031211372064276953	0.00012360939431385544	0.00012360939431385544	-0.03584672435105075	-0.031211372064276953	8960784
2023-09-05	-0.02857829010566757	-0.006063880883765555	-0.006063880883765555	-0.03332132564841506	-0.02857829010566757	7296939
2023-09-04	0.0012623985572588396	0.003907424105801056	0.01875563570784493	-0.02013826269912831	0.0012623985572588396	6385013
2023-09-01	-0.005975500448162534	0.0008963250672244141	0.012847325963549481	-0.009262025694651826	-0.005975500448162534	4625988
2023-08-31	-0.02197416866343299	-0.011103968207585796	0.00824031324878731	-0.024019636491146124	-0.02197416866343299	6551332
2023-08-30	-0.005983501800859607	-0.012431741605669726	0.010514697339374941	-0.026490066225165414	-0.005983501800859607	8987330
2023-08-29	0.015575221238937972	-0.014749262536873156	0.04926253687315631	-0.03575221238938055	0.015575221238937972	14379850
2023-08-28	0.03809407153356197	0.19426751592356686	0.19426751592356686	0.030009799118079408	0.03809407153356197	20324385
2023-08-25	-0.02809523809523809	0.0008333333333332522	0.005773809523809517	-0.036904761904761836	-0.02809523809523809	7235545
2023-08-24	0.04412678682411432	0.009881914232442533	0.07433188315724057	0.006774394033561239	0.04412678682411432	11181139
2023-08-23	-0.0467444753836127	-0.012382250133301756	-0.009123763256117022	-0.048521831862077126	-0.0467444753836127	8668344
2023-08-22	0.016072718516734814	0.014447387430772968	0.023296412232121384	-0.011557909944618444	0.016072718516734814	8218947
2023-08-21	-0.04517760662145066	-0.014082078399816006	-0.005575353488906765	-0.05799517185883437	-0.04517760662145066	9613567
2023-08-18	-0.011814154265591346	0.011018970805407235	0.03515846870385095	-0.011814154265591346	-0.011814154265591346	6614756
2023-08-17	-0.03422929237520575	-0.012616566099835498	-0.002303894679100471	-0.04838178826110818	-0.03422929237520575	9310321
2023-08-16	-0.014594594594594534	-0.019999999999999938	0.031135135135135085	-0.03000000000000006	-0.014594594594594534	8098684
2023-08-15	0.021253105161468364	-0.017388904223019627	0.023461219983439138	-0.022633176925200078	0.021253105161468364	7551679
2023-08-14	0.0014373376084914553	-0.03112388744540879	0.02023329095030143	-0.03311404721101211	0.0014373376084914553	7188688
2023-08-11	-0.04829799547535123	-0.002998895143894319	-0.002998895143894319	-0.05213868574735622	-0.04829799547535123	9939823
2023-08-10	0.0318115194614841	-0.0011400032571522065	0.032082948808425146	-0.004940014114326022	0.0318115194614841	10066738
2023-08-09	-0.010209016173230915	-0.009295577884047166	0.012949331040782313	-0.012680672720434225	-0.010209016173230915	7029405
2023-08-08	-0.03759437377184808	-0.0077050367152756705	-0.002171889543903131	-0.04586823870100323	-0.03759437377184808	11398372
2023-08-07	-0.010843989769820995	-0.017289002557544734	0.007570332480818362	-0.033094629156010226	-0.010843989769820995	10970506
2023-08-04	0.008251676121712194	0.03372872614749867	0.1026302217637958	-0.00974729241877264	0.008251676121712194	23592336
2023-08-03	0.0486749594375338	0.005949161709031878	0.07441860465116273	-0.01979448350459706	0.0486749594375338	14414458
2023-08-02	0.006861250272271942	-0.0034850795033760967	0.037355695926813405	-0.017806578087562523	0.006861250272271942	10678124
2023-08-01	-0.028359788359788432	-0.015873015873015872	0.020105820105820165	-0.05132275132275126	-0.028359788359788432	14889826
2023-07-31	-0.016137428422696484	0.02030192608016661	0.03841749089016135	-0.02758979698073911	-0.016137428422696484	18921704
2023-07-28	0.16756822463988327	-0.006746490001823459	0.18519418950951194	-0.009238436759253694	0.16756822463988327	20950827
2023-07-27	-0.0400816802800467	-0.01750291715285881	-0.005367561260210128	-0.047782963827304535	-0.0400816802800467	7216180
2023-07-26	-0.03794342164346649	-0.023349797934440933	-0.0201504265828469	-0.07061068702290067	-0.03794342164346649	10038387
2023-07-25	0.13124642834465672	0.07308400533367192	0.13213537367451902	0.05467013778652603	0.13124642834465672	18169824
2023-07-24	0.0012715366520441036	-0.008201411405683718	0.02536715620827776	-0.011062368872782636	0.0012715366520441036	3474339
2023-07-21	-0.008322299981085817	-0.010150684067839439	0.009709349977933244	-0.01834688859466632	-0.008322299981085817	3837614
2023-07-20	-0.03930950938824943	-0.00666262870987277	-0.0006056935190793115	-0.04566929133858263	-0.03930950938824943	6861519
2023-07-19	-0.007573936042317981	0.04508295263284443	0.0519355614330367	-0.011481125270497865	-0.007573936042317981	6542282
2023-07-18	-0.001919846412286976	0.0006599472042235734	0.010859131269498454	-0.009719222462203051	-0.001919846412286976	2993353
2023-07-17	-0.016695180225355342	-0.01451241814642192	0.0017108135213262962	-0.026252138516901592	-0.016695180225355342	3630129
2023-07-14	0.04185617701290721	0.007990165949600562	0.06822372464658896	0.0032575291948371307	0.04185617701290721	11229884
2023-07-13	0.03072537218878679	0.015267659170098173	0.03642698764649984	-0.00012670256572684075	0.03072537218878679	6816028
2023-07-12	-0.04478063540090775	-0.006414523449319227	-0.002118003025718574	-0.047443267776096844	-0.04478063540090775	8461880
2023-07-11	0.0020617306409556934	-0.000848947910981665	0.025286519919956438	-0.007761809471833128	0.0020617306409556934	5501757
2023-07-10	-0.00205748865355524	0.007261724659606588	0.009924357034795682	-0.01307110438729196	-0.00205748865355524	4016450
2023-07-07	-0.017772230147408516	-0.004398478364241613	0.002615311459819292	-0.04006181645268669	-0.017772230147408516	6758236
2023-07-06	0.009238152369526218	0.0	0.03359328134373139	-0.0064787042591480755	0.009238152369526218	7232420
2023-07-05	-0.009447976706875057	-0.0017232158773545193	0.013013250935884473	-0.015984312793392345	-0.009447976706875057	6056505
2023-07-04	-0.015847953216374316	-0.011111111111111144	-0.00017543859649123473	-0.03140350877192985	-0.015847953216374316	7056892
2023-07-03	-0.02441807393884072	-0.0019397535371976462	-0.0019397535371976462	-0.07536513007759019	-0.02441807393884072	10489563
2023-06-30	0.0018289894833104319	-0.01120256058527668	0.008802011888431596	-0.022290809327846398	0.0018289894833104319	6924865
2023-06-29	-0.020380739081746844	0.007838745800671924	0.01343784994400899	-0.05935050391937287	-0.020380739081746844	8119570
2023-06-28	-0.03265991442344148	-0.009749228186101841	-0.0060120240480961125	-0.06775713589340839	-0.03265991442344148	7479314
2023-06-27	0.0111171960569551	0.0024644030668127988	0.023877327491785397	-0.014238773274917823	0.0111171960569551	8331029
2023-06-26	-0.0777777777777778	-0.022727272727272728	-0.015151515151515152	-0.0857575757575757	-0.0777777777777778	11589071
2023-06-21	-0.0660377358490566	-0.02358490566037736	-0.004764150943396183	-0.0660377358490566	-0.0660377358490566	11371817
2023-06-20	0.009571884375446406	0.002000095242630542	0.06100290490023335	-0.026144102100100045	0.009571884375446406	14460184
2023-06-19	0.0880310880829016	0.0491191709844559	0.11222797927461138	-0.010725388601036234	0.0880310880829016	17654167
2023-06-16	0.07472992538144552	0.013475888183539298	0.08447488584474878	-0.012417863904666544	0.07472992538144552	12323889
2023-06-15	-0.020294599018003266	0.014729950900163604	0.035842880523731545	-0.029569012547736036	-0.020294599018003266	9376650
2023-06-14	0.020317283607013667	-0.005288060116894055	0.05527414416921796	-0.03000278318953529	0.020317283607013667	12676555
2023-06-13	0.07151377788381254	-0.003936538232136446	0.12048192771084348	-0.014016461887152536	0.07151377788381254	15153365
2023-06-12	0.01158440931579575	-0.01327380234101615	0.04368287679497997	-0.01653191746108368	0.01158440931579575	8993748
2023-06-09	-0.003966346153846133	0.0036658653846152957	0.014723557692307623	-0.04326923076923087	-0.003966346153846133	10498688
2023-06-08	-0.013633669235328886	-0.014404267931238758	-0.0004742145820983052	-0.03147599288678128	-0.013633669235328886	6147764
2023-06-07	-0.0018342109934323548	0.004023430566238725	0.029584048281166796	-0.01183361931246672	-0.0018342109934323548	7468291
2023-06-06	-0.04297848244620613	-0.005889014722536762	0.026953567383918572	-0.04586636466591163	-0.04297848244620613	9681247
2023-06-05	0.015818234109864826	-0.0004601668104687034	0.05591026747195858	-0.00747771067011782	0.015818234109864826	9277785
2023-06-02	-0.013784887678693026	0.013160880417517546	0.030179260267755803	-0.018606761969593835	-0.013784887678693026	9417620
2023-06-01	0.09599602089032577	0.0012434717731906778	0.11477244466550614	-0.0018652076597861936	0.09599602089032577	15871792
2023-05-31	-0.008384710234278578	-0.0002466091245375588	0.008446362515413098	-0.01997533908754612	-0.008384710234278578	7950067
2023-05-30	0.05017805114923924	-0.009323405632890889	0.061832308190352944	-0.01566850113305269	0.05017805114923924	11353312
2023-05-29	-0.0322681704260652	0.02086466165413542	0.032706766917293226	-0.04479949874686721	-0.0322681704260652	10104935
2023-05-26	0.03294285159536602	0.003171315772441972	0.054171251051711895	-0.009708109507475245	0.03294285159536602	9026598
2023-05-25	-0.0031612903225807037	0.01696774193548384	0.025806451612903226	-0.024516129032258138	-0.0031612903225807037	8189470
2023-05-24	-0.04024767801857585	0.0030959752321981426	0.005820433436532494	-0.058823529411764705	-0.04024767801857585	13724567
2023-05-23	-0.042679312388855896	0.0	0.0036158861885003776	-0.05643153526970944	-0.042679312388855896	12772353
2023-05-22	-0.09007551240560958	-0.009492988133764937	-0.008576051779935293	-0.10895361380798282	-0.09007551240560958	12983926
2023-05-19	-0.01351495158029154	0.011705863573480838	0.03724592955198468	-0.018303713951261028	-0.01351495158029154	10229174
2023-05-18	0.10879056047197638	0.0007079646017699383	0.11020648967551626	0.0007079646017699383	0.10879056047197638	15056537
2023-05-17	0.0026026262865254802	-0.002425174494262372	0.015024251744942577	-0.012185023068733007	0.0026026262865254802	3766906
2023-05-16	-0.020339572347453157	0.002491742481311971	0.014081242394390722	-0.023005157327461313	-0.020339572347453157	5995741
2023-05-15	0.002206864510134128	0.006155990475637391	0.011615076369127127	-0.03774899819966316	0.002206864510134128	6710523
2023-05-12	0.017912035942303152	-0.006443603688815343	0.05225821707259402	-0.006443603688815343	0.017912035942303152	7216809
2023-05-11	-0.026473296500920777	0.015020718232044279	0.024401473296500973	-0.029696132596685066	-0.026473296500920777	6451182
2023-05-10	-0.024149163203414644	-0.005953049533865002	0.011681455689093474	-0.04520947995057852	-0.024149163203414644	8881367
2023-05-09	0.0021386762719495466	0.008217019360648241	0.09460828455650609	-0.0037708239531743354	0.0021386762719495466	15114582
2023-05-08	0.015604458416690588	0.0002857959416976929	0.04258359531294666	-0.03355244355530138	0.015604458416690588	10088461
2023-05-05	-0.0016548733165945015	-0.012211823784524165	0.055695046792969584	-0.018488929468158007	-0.0016548733165945015	10464305
2023-05-04	-0.015450306196977357	-0.000618012247879171	0.015955952581605728	-0.05045227259958435	-0.015450306196977357	8862431
2023-04-28	0.04576968272620459	-0.010282021151586369	0.06345475910693309	-0.010282021151586369	0.04576968272620459	13026569
2023-04-27	-0.026983764006402924	-0.022410244683283717	0.018122570317859684	-0.04087582895037719	-0.026983764006402924	14917479
2023-04-26	-0.10302035793036257	0.005179221578380695	0.015332547048869336	-0.11645556638121111	-0.10302035793036257	18681243
2023-04-25	0.05410810810810806	0.021621621621621623	0.09854054054054048	0.021621621621621623	0.05410810810810806	16227960
2023-04-24	-0.05708460754332308	-0.0025484199796126403	0.008562691131498506	-0.08256880733944949	-0.05708460754332308	17359425
2023-04-21	-0.06571428571428577	0.014285714285714285	0.014285714285714285	-0.06761904761904756	-0.06571428571428577	12482537
2023-04-20	0.06248418922337462	-0.02352643561851761	0.09790032886415377	-0.028585884138628916	0.06248418922337462	16200757
2023-04-19	0.013226021428205325	-0.0005639001384117764	0.038499000358845646	-0.015584149279745692	0.013226021428205325	12016046
2023-04-18	-0.02289120416750147	-0.013123622520536848	0.023993187737928374	-0.043277900220396646	-0.02289120416750147	13220361
2023-04-17	0.019611848825331842	-0.011746680286006186	0.035750766087844735	-0.03804902962206341	0.019611848825331842	13277013
2023-04-14	0.036307822589181825	-0.01984757065735154	0.057901979464380214	-0.01984757065735154	0.036307822589181825	14846290
2023-04-13	-0.05530000000000001	-0.032999999999999974	-0.0009999999999999432	-0.06359999999999999	-0.05530000000000001	17234196
2023-04-12	0.032524522457408424	0.0321115126484254	0.08415074858027885	-0.009241094475993764	0.032524522457408424	19686110
2023-04-11	0.002380459532187847	0.02747878286069138	0.050507141378596514	-0.027116539018836726	0.002380459532187847	18311651
2023-04-10	-0.1216363636363636	0.009045454545454587	0.009999999999999948	-0.12727272727272726	-0.1216363636363636	22823555
2023-04-07	0.021830004644681784	-0.006038086391082264	0.04737575476079883	-0.046446818392940084	0.021830004644681784	13334438
2023-04-06	-0.05141648676036475	-0.049654139313565715	0.012468608186103946	-0.08142045204212006	-0.05141648676036475	16330127
2023-04-04	-0.03417021276595745	-0.021191489361702086	-4.2553191489323e-05	-0.07497872340425533	-0.03417021276595745	15863713
2023-04-03	0.15026921194322068	0.0	0.17092511013215853	-0.021047479197258988	0.15026921194322068	18833202
2023-03-31	0.16742857142857148	0.00022857142857138308	0.18468571428571426	-0.022857142857142857	0.16742857142857148	22092565
2023-03-30	-0.007542675664946478	-0.0024386094255090273	0.03209890546135086	-0.03022741450689056	-0.007542675664946478	13688868
2023-03-29	-0.014916201117318366	-0.022067039106145186	0.028994413407821218	-0.04301675977653625	-0.014916201117318366	19536376
2023-03-28	-0.08200420534386384	-0.046925483358120954	-0.005641314939227769	-0.11210831324683324	-0.08200420534386384	32118076
2023-03-27	0.10626347441279939	0.04845115170770464	0.19153523204357212	0.04135935549756054	0.10626347441279939	23594181
2023-03-24	0.049729021499612856	-0.01137514144482161	0.07396819724852609	-0.029896968614138587	0.049729021499612856	21488135
2023-03-23	0.18080168776371314	-0.0012658227848099748	0.1955696202531646	-0.0012658227848099748	0.18080168776371314	22724403
2023-03-22	0.001408450704225272	-0.002887323943661948	0.011478873239436587	-0.02464788732394366	0.001408450704225272	10055860
2023-03-21	0.011396011396011355	0.004985754985754904	0.036324786324786286	-0.004985754985755107	0.011396011396011355	13086026
2023-03-20	0.060262800181241645	0.021069324875396624	0.10096662135629063	0.01600966621356294	0.060262800181241645	18328263
2023-03-17	0.12153807063606331	0.016346235284153528	0.138307783518252	0.013381892097908127	0.12153807063606331	14983934
2023-03-16	0.010008554319931457	-0.0035928143712574993	0.029597946963216368	-0.010008554319931579	0.010008554319931457	3792905
2023-03-15	-0.002814979100912721	0.006568284568796349	0.03642412351787082	-0.0045210270408598575	-0.002814979100912721	3853647
2023-03-14	-0.020225658169661525	-0.005599665691600516	0.003928123694107805	-0.024655244463017156	-0.020225658169661525	2779041
2023-03-13	0.031021111589832045	-0.0004308487720809751	0.03808703145196038	-0.004653166738474727	0.031021111589832045	4596539
2023-03-10	-0.00522887022115549	-0.009943425338590748	0.008571918395336877	-0.014143665352305773	-0.00522887022115549	2361912
2023-03-09	-0.009593344086934456	8.489685032677566e-05	0.004329739366669419	-0.020460140928771634	-0.009593344086934456	3268761
2023-03-08	-0.0027937690484253156	-0.003979004402302733	0.008296647477141803	-0.012021672875042343	-0.0027937690484253156	2898815
2023-03-07	-0.016158587372980156	-0.0007496251874063252	0.007912710311510935	-0.019240379810094972	-0.016158587372980156	3398111
2023-03-06	-0.03527521092808357	0.0004017677782241636	0.0012053033346724907	-0.04379268782643634	-0.03527521092808357	6495716
2023-03-03	-0.02491577215388226	0.0	0.001331975240930829	-0.03157564835853641	-0.02491577215388226	3606388
2023-03-02	0.02014227479817757	-0.00023978898569259962	0.028934537606905845	-0.005595076332827135	0.02014227479817757	6131682
2023-03-01	0.05578059071729957	0.0008438818565400364	0.06793248945147677	-0.012573839662447215	0.05578059071729957	8401612
2023-02-28	-0.0028609895658027887	0.008078088185795975	0.011948838774823306	-0.01615617637159207	-0.0028609895658027887	5321235
2023-02-27	-0.008427200667500967	-0.01118064246975377	0.005256570713391821	-0.022110972048393754	-0.008427200667500967	4608100
2023-02-24	-0.009504132231405006	0.004132231404958678	0.007438016528925667	-0.012809917355371877	-0.009504132231405006	3266894
2023-02-23	-0.01071048973918733	0.0	0.035074809909246926	-0.013245033112582818	-0.01071048973918733	3687904
2023-02-22	-0.006417546709991812	-0.009017059301380987	0.005442729488220973	-0.012997562956945527	-0.006417546709991812	3055965
2023-02-21	0.0016273393002440083	-0.003254678600488248	0.003905614320585759	-0.017900732302685133	0.0016273393002440083	3377993
2023-02-20	0.05493562231759661	0.011759656652360555	0.0571673819742489	0.01030042918454938	0.05493562231759661	6878409
2023-02-17	-0.06941448997523762	-0.001517693106478135	0.0037542934739196333	-0.07276939052639987	-0.06941448997523762	9339411
2023-02-16	0.009596774193548369	-0.0008064516129031799	0.06048387096774194	-0.004193548387096742	0.009596774193548369	8514580
2023-02-15	-0.023391352287942025	-0.002599039143104657	-0.0003150350476489883	-0.03362999133653616	-0.023391352287942025	3089155
2023-02-14	0.019102656714021955	-0.0008828958985472303	0.019102656714021955	-0.007063167188377957	0.019102656714021955	3407676
2023-02-13	0.012186205215695831	-0.00024372410431392586	0.015517101307985998	-0.010886343326021638	0.012186205215695831	3769990
2023-02-10	-0.019046860057379666	-0.00629582403570295	0.018090532355753874	-0.01976410583359901	-0.019046860057379666	3805605
2023-02-09	0.01784555483452306	0.00981505515898762	0.023604802076573627	-0.016223231667748216	0.01784555483452306	5524697
2023-02-08	-0.016827498205598528	-0.008134619985644756	0.0	-0.04139086051519258	-0.016827498205598528	5492458
2023-02-07	0.053343413978494576	0.007140456989247264	0.08778561827956992	0.007140456989247264	0.053343413978494576	11955854
2023-02-06	-0.01587301587301577	-0.016203703703703654	-0.0026455026455025894	-0.03025793650793648	-0.01587301587301577	5009905
2023-02-03	-0.0068965517241379596	-0.015024630541871907	-0.004269293924466306	-0.02380952380952374	-0.0068965517241379596	3617551
2023-02-02	-0.009756097560975632	0.024390243902439025	0.024390243902439025	-0.04065040650406504	-0.009756097560975632	6905938
2023-02-01	0.04281475201356504	0.0003391267486222301	0.04340822382365401	-0.00805426027977959	0.04281475201356504	5320533
2023-01-31	-0.020348837209302348	0.0	0.01328903654485045	-0.028156146179401997	-0.020348837209302348	5854868
2023-01-30	0.012615643397813289	0.025231286795626577	0.05592935239697217	0.004121110176618964	0.012615643397813289	6423803
2023-01-20	-0.012458471760797342	0.0016611295681062178	0.00498338870431889	-0.01669435215946848	-0.012458471760797342	3663112
2023-01-19	0.019906819144430397	-0.0005082592121982404	0.02244811520542148	-0.005590851334180403	0.019906819144430397	4016486
2023-01-18	0.005965061780997042	0.00042607584149988387	0.020025564550490062	-0.003152961227098341	0.005965061780997042	4479983
2023-01-17	0.005397532556545541	-0.011309115832762107	0.013536668951336518	-0.0129369431117204	0.005397532556545541	4033676
2023-01-16	0.05342960288808666	0.006227436823104672	0.08005415162454878	9.02527075812736e-05	0.05342960288808666	8293724
2023-01-13	0.010027347310847715	0.0	0.016408386508659955	-0.009115770282588878	0.010027347310847715	3989411
2023-01-12	0.017436468187720364	0.0	0.02021888332405868	-9.274717121119371e-05	0.017436468187720364	4107672
2023-01-11	-0.0016666666666667299	0.005092592592592566	0.014259259259259317	-0.0037962962962962647	-0.0016666666666667299	3143333
2023-01-10	0.0065237651444548265	-0.004659832246039143	0.020410065237651424	-0.009412861136998983	0.0065237651444548265	4634043
2023-01-09	0.027384144006127917	0.008617387973956394	0.043661432401378805	0.0016277288395251026	0.027384144006127917	5023070
2023-01-06	0.006553585196607484	-0.0025057825751735262	0.025057825751734715	-0.007228218966846569	0.006553585196607484	4820424
2023-01-05	0.03822293376025623	0.010606363818290998	0.04432659595757461	0.00010006003602166415	0.03822293376025623	5292770
2023-01-04	0.018964110929853176	0.00295676998368685	0.033646003262642714	-0.005301794453507301	0.018964110929853176	4229002
2023-01-03	-0.005374708447419137	-0.00030422878004260356	-0.00030422878004260356	-0.046648412939864055	-0.005374708447419137	4690149
2022-12-30	-0.006248110450468654	0.004635694850347614	0.012596996875944774	-0.010984581275823878	-0.006248110450468654	2097961
2022-12-29	0.0023232323232323633	-0.018080808080808145	0.009999999999999948	-0.018989898989898946	0.0023232323232323633	2335925
2022-12-28	-0.0025188916876574307	-0.002821158690176334	0.014105793450881669	-0.007758186397984847	-0.0025188916876574307	2879326
2022-12-27	-0.002813222144077174	0.004521249874409754	0.01275997186777852	-0.008339194212800143	-0.002813222144077174	3161806
2022-12-26	0.024287331480909738	0.0005145621076463637	0.027992178655963762	-0.006689307399403166	0.024287331480909738	3404086
2022-12-23	-0.0031801395157981358	-0.005334427574887261	0.012515387771850624	-0.01343865408288882	-0.0031801395157981358	2469931
2022-12-22	0.014360041623309155	0.015400624349635838	0.030176899063475607	0.009573361082206053	0.014360041623309155	3274763
2022-12-21	-0.007128835623514949	0.005475772290525745	0.007128835623514802	-0.010228329372869192	-0.007128835623514949	2355276
2022-12-20	-0.012246147566078057	0.005204612715583275	0.005204612715583275	-0.016634350443922804	-0.012246147566078057	2524513
2022-12-19	-0.029801980198019853	9.900990099014966e-05	0.007821782178217884	-0.03950495049504946	-0.029801980198019853	5541730
2022-12-16	-0.019417475728155338	-0.009708737864077669	-0.005145631067961176	-0.02708737864077676	-0.019417475728155338	3306396
2022-12-15	0.0016532140425945903	-0.00350092385490615	0.006029368861227313	-0.012933968686181059	0.0016532140425945903	1946517
2022-12-14	0.01051493710691817	0.0019654088050313346	0.018573113207547176	-0.015330188679245304	0.01051493710691817	3288817
2022-12-13	-0.0060558702871653675	0.00019535065442479228	0.019535065442469232	-0.0074233248681382195	-0.0060558702871653675	4176234
2022-12-12	-0.016522574447646484	-0.0009606147934677648	0.018059558117195097	-0.017002881844380365	-0.016522574447646484	3657464
2022-12-09	0.002793565167132184	0.0017339370002889183	0.012522878335420451	-0.010018302668336443	0.002793565167132184	3260894
2022-12-08	-0.005460816248323368	0.00268250622724661	0.00268250622724661	-0.0185859360030657	-0.005460816248323368	2697394
2022-12-07	-0.015283018867924571	-0.0047169811320754715	0.003773584905660431	-0.030188679245283047	-0.015283018867924571	3789800
2022-12-06	0.013093758960145318	-0.006021217624008367	0.030106088120042108	-0.01557870591608521	0.013093758960145318	4684758
2022-12-05	0.017603579070219824	0.02120210075860734	0.03092783505154646	0.0026259482590936614	0.017603579070219824	7287476
2022-12-02	-0.03382822777673378	0.008738958842322802	0.010148468333020093	-0.04049990603270064	-0.03382822777673378	5973530
2022-12-01	0.05827366746221161	0.042462211614956204	0.08074781225139224	0.042462211614956204	0.05827366746221161	10612348
2022-11-30	0.022262885025922514	-0.010775642980583535	0.03690149435803594	-0.010775642980583535	0.022262885025922514	8929246
2022-11-29	0.06611032838409027	0.0	0.07163758534735017	0.0	0.06611032838409027	8610496
2022-11-28	-0.020488322717622152	-0.029299363057324893	-0.016666666666666746	-0.03503184713375793	-0.020488322717622152	4081859
2022-11-25	-0.0016956337431114517	-0.004874947011445462	0.02967359050445101	-0.008902077151335348	-0.0016956337431114517	4058858
2022-11-24	0.007581420181526895	0.007047517351841928	0.029151094500800744	0.0038441003737319747	0.007581420181526895	2181662
2022-11-23	-0.010774268511672081	-0.0069715855075525145	0.010351748177881103	-0.017534593852329108	-0.010774268511672081	2795860
2022-11-22	0.016645189003436395	-0.0012886597938144818	0.030713058419243978	-0.0013960481099657394	0.016645189003436395	4339635
2022-11-21	-0.014915899714376353	-0.010578652279699566	-0.004548820480270886	-0.030572305088331753	-0.014915899714376353	3442958
2022-11-18	0.0003174603174603295	-0.001164021164021158	0.021375661375661333	-0.002328042328042316	0.0003174603174603295	4692161
2022-11-17	0.0029717682020802497	0.0029717682020802497	0.00923370834217793	-0.009764381235406513	0.0029717682020802497	4827606
2022-11-16	-0.05325562700964628	-0.01527331189710607	-0.006732315112540211	-0.057777331189710616	-0.05325562700964628	7880118
2022-11-15	0.04318658280922422	-0.0026205450733752618	0.05974842767295585	-0.007337526205450763	0.04318658280922422	11026397
2022-11-14	-0.00240510300115016	0.000209139391404478	0.024783017881418012	-0.006587890829237639	-0.00240510300115016	8206060
2022-11-11	0.061376248612652624	0.05438401775804668	0.0854605993340733	0.032186459489456226	0.061376248612652624	16493999
2022-11-10	0.020616221114635173	-0.008835523334843692	0.029451744449478866	-0.012347077480743129	0.020616221114635173	4209014
2022-11-09	-0.006750675067506687	0.0032628262826283334	0.012038703870387123	-0.007313231323132218	-0.006750675067506687	2445700
2022-11-08	-0.010575531559612633	0.0032283201603028637	0.0032283201603028637	-0.029166202827563225	-0.010575531559612633	4212437
2022-11-07	-0.0048742660906170125	-0.01296111665004987	0.02005095823640193	-0.015619807244931835	-0.0048742660906170125	5364295
2022-11-04	0.038899758315111006	-0.003452641270571955	0.07595810795258366	-0.0044884336517435905	0.038899758315111006	9529511
2022-11-03	-0.02106804867057238	-0.016223524109959576	-0.00968904912122577	-0.028391167192429137	-0.02106804867057238	4282446
2022-11-02	0.012779552715655004	-0.008671839342765919	0.022706526700136866	-0.01357827476038336	0.012779552715655004	5623125
2022-11-01	0.030331530684222882	-0.001293204796614148	0.034916529508582164	-0.009992946155654932	0.030331530684222882	6264562
2022-10-31	0.022232904698954555	-0.010695829828145664	0.0317269558947242	-0.016945078716500382	0.022232904698954555	6341040
2022-10-28	-0.051197263397947654	-0.01505131128848355	-0.014595210946408222	-0.05359179019384268	-0.051197263397947654	6718747
2022-10-27	0.06045949214026602	0.0012091898428052516	0.10870616686819824	-0.0012091898428054236	0.06045949214026602	12193874
2022-10-26	0.03998993963782705	-0.006539235412474799	0.062374245472837125	-0.00842555331991954	0.03998993963782705	7291145
2022-10-25	-0.0012559658377293208	-0.009042954031650324	0.017332328560663093	-0.049736247174076965	-0.0012559658377293208	4015895
2022-10-24	-0.00037664783427496717	0.010546139359698545	0.050345260514751924	-0.005398618957941077	-0.00037664783427496717	5113978
2022-10-21	0.012071156289707787	0.02312579415501897	0.03621346886912318	0.0063532401524777635	0.012071156289707787	3224901
2022-10-20	0.004210794947046042	-0.005997192803368621	0.02794436646676021	-0.007273191272170567	0.004210794947046042	2607086
2022-10-19	-0.013965777554101652	-0.0008807247106191165	0.0054101660795167665	-0.013965777554101652	-0.013965777554101652	1982322
2022-10-18	-0.012057178371659401	0.007582349285270347	0.008949658172778109	-0.01566190180236178	-0.012057178371659401	2312311
2022-10-17	0.0031172069825436406	-0.005610972568578589	0.009351620947630923	-0.010473815461346675	0.0031172069825436406	2216909
2022-10-14	0.02820512820512824	0.012692307692307626	0.04333333333333327	0.010384615384615414	0.02820512820512824	4240403
2022-10-13	-0.004721194334566857	-0.012504784994258058	0.008293990047211834	-0.012887584534898622	-0.004721194334566857	2102546
2022-10-12	0.018321205821205964	0.000519750519750601	0.02104989604989611	-0.03196465696465688	0.018321205821205964	3233741
2022-10-11	0.0016920473773265059	0.0020825198490172668	0.01796173369777425	-0.013406221528048955	0.0016920473773265059	1964415
2022-10-10	-0.008389261744966516	0.0009034589571501442	0.006711409395973103	-0.010454310789881288	-0.008389261744966516	1485224
2022-09-30	0.00924840432460607	0.00026051843167917456	0.019669141591767685	0.0	0.00924840432460607	1852000
2022-09-29	-0.010185662712738606	0.009927797833934967	0.01792160907684374	-0.011088189788550792	-0.010185662712738606	1882672
2022-09-28	-0.018227848101265796	-0.0012658227848100546	-0.0008860759493670023	-0.019620253164556924	-0.018227848101265796	1592610
2022-09-27	0.025441329179646855	0.0016874350986499928	0.025441329179646855	0.0016874350986499928	0.025441329179646855	2012955
2022-09-26	-0.015085655842495431	-0.014190744055228835	0.0010227563283047596	-0.015597034006647902	-0.015085655842495431	1618512
2022-09-23	-0.007738170747177463	0.002156539388557677	0.009640999619434291	-0.016871749334009874	-0.007738170747177463	1584344
2022-09-22	-0.0037912296221407453	-0.012890180715278607	0.005813218753949298	-0.01680778465815744	-0.0037912296221407453	1665477
2022-09-21	-0.01136931534232897	-0.0026236881559221384	-0.0026236881559221384	-0.027236381809095534	-0.01136931534232897	2616148
2022-09-20	-0.0071942446043165255	0.008558670305135173	0.011039444306623673	-0.011659637806995754	-0.0071942446043165255	2533561
2022-09-19	-0.006898250800689853	-0.003695491500369689	0.006405518600640502	-0.014412416851441262	-0.006898250800689853	2058575
2022-09-16	-0.05439720442632484	-0.006406523005241668	-0.003960396039603835	-0.058590564938846845	-0.05439720442632484	6576481
2022-09-15	0.0003495688650664314	0.006758331391284229	0.034024702866464716	-0.007807037986483192	0.0003495688650664314	4330645
2022-09-14	-0.0025569502556951774	-0.01696885169688526	-0.0017433751743375833	-0.01696885169688526	-0.0025569502556951774	2295225
2022-09-13	0.004553415061295979	0.007589025102159854	0.01366024518388777	-0.0017513134851139015	0.004553415061295979	3134998
2022-09-09	0.02097985457146269	0.0020264632256526607	0.026940040529264575	-0.0034569078555251667	0.02097985457146269	3881101
2022-09-08	0.0010739856801909714	0.002386634844868769	0.013126491646778145	-0.0007159904534606477	0.0010739856801909714	1971234
2022-09-07	-0.015044663845792209	-0.007992477668077017	-0.0072872590503056485	-0.016455101081335115	-0.015044663845792209	2053418
2022-09-06	0.027784489007006488	-0.003140855279052973	0.02923411452041558	-0.01413384875573812	0.027784489007006488	3674714
2022-09-05	-0.009097438352884906	-0.0040699066315537874	0.0029925784055542253	-0.017955470433325352	-0.009097438352884906	2356172
2022-09-02	-0.004290822407628122	0.0015494636471989922	0.0071513706793801465	-0.01644815256257461	-0.004290822407628122	2189692
2022-09-01	-0.014448490543873956	-0.008105250792904943	0.003758956889463261	-0.014683425349465524	-0.014448490543873956	2231628
2022-08-31	0.016113630938171333	0.0005968011458581661	0.026378610646932366	-0.005729291000238768	0.016113630938171333	4166785
2022-08-30	0.016254245511887474	0.00048520135856387986	0.024987869966035935	-0.004124211547792376	0.016254245511887474	2895177
2022-08-29	-0.009134615384615446	-0.014783653846153894	0.0013221153846153777	-0.019230769230769332	-0.009134615384615446	2146602
2022-08-26	-0.007396802672393109	-0.0005965163445478068	0.006561679790026383	-0.009782868050584505	-0.007396802672393109	2154434
2022-08-25	0.010610079575596763	-0.00012056908608621782	0.016759102965999525	-0.01543284301904993	0.010610079575596763	3437676
2022-08-24	-0.024464831804281325	-0.00611620795107029	0.021641966596095078	-0.027170077628793254	-0.024464831804281325	3727831
2022-08-23	-0.0009400705052878766	-0.00047003525264385483	0.014453584018801457	-0.012925969447708512	-0.0009400705052878766	2760344
2022-08-22	-0.002461610596647614	-0.0012894150744344089	0.0028132692533113924	-0.009494783729926178	-0.002461610596647614	1912613
2022-08-19	-0.014554695622039864	0.001386161487813383	0.007508374725655605	-0.014554695622039864	-0.014554695622039864	2811141
2022-08-18	-0.02092286812938259	-0.0058810223931236826	-0.0058810223931236826	-0.021375254467315093	-0.02092286812938259	3390555
2022-08-17	0.01784275353977204	0.0014964890065614763	0.023483365949119282	-0.02141130424772648	0.01784275353977204	5773178
2022-08-16	-0.005267376617428075	0.0019466391847017257	0.00767204855147145	-0.00938967136150227	-0.005267376617428075	3132311
2022-08-15	-0.00828980240744951	-0.009766068589597995	0.0012491483079718308	-0.01657960481489902	-0.00828980240744951	2855403
2022-08-12	-0.02068505338078291	-0.015791814946619236	-0.010231316725978667	-0.024799822064056985	-0.02068505338078291	4644361
2022-08-11	0.05788235294117649	0.011764705882352941	0.06199999999999995	0.008235294117647092	0.05788235294117649	9295974
2022-08-10	-0.01013159427040881	-0.0009316408524513601	0.009199953417957284	-0.019098637475253297	-0.01013159427040881	3010602
2022-08-09	-0.006594169366034164	-0.005090236001850969	0.0008098102730218347	-0.015733456732993978	-0.006594169366034164	2261958
2022-08-08	0.0047657793792862556	-0.0016273393002441076	0.007323026851098401	-0.008485412065558572	0.0047657793792862556	2762456
2022-08-05	0.03838261919130968	0.0036210018105010426	0.04200362100181055	0.0033796016898008587	0.03838261919130968	4257108
2022-08-04	0.009135200974421437	0.010962241169305794	0.021559074299634717	0.004506699147381298	0.009135200974421437	2256832
2022-08-03	0.0012195121951218818	-0.007804878048780495	0.02548780487804882	-0.007804878048780495	0.0012195121951218818	3651614
2022-08-02	-0.03699354081033477	-0.01338813857897828	-0.01338813857897828	-0.0591896652965356	-0.03699354081033477	5273261
2022-08-01	-0.010344026034402608	-0.00313807531380765	-0.002789400278940133	-0.021385402138540253	-0.010344026034402608	2799727
2022-07-29	-0.017808219178082056	0.0	0.002853881278538813	-0.01917808219178074	-0.017808219178082056	2782441
2022-07-28	0.019790454016297886	0.005820721769499417	0.03958090803259594	0.005820721769499417	0.019790454016297886	3981871
2022-07-27	-0.013890483296980756	-0.007002640339800246	0.0006887842957180837	-0.014120078062220227	-0.013890483296980756	2270851
2022-07-26	0.016927387345318734	0.0	0.021480270838197566	-0.006537473733364491	0.016927387345318734	2851960
2022-07-25	-0.03361913357400727	-0.000112815884476592	0.0	-0.03768050541516249	-0.03361913357400727	3895785
2022-07-22	0.0019215553294902419	0.004860404656945935	0.01378998530575335	-0.010964168644738316	0.0019215553294902419	3467896
2022-07-21	-0.006066734074823123	-0.006179081002134719	0.004156836310526798	-0.006628468711380782	-0.006066734074823123	2333207
2022-07-20	0.0022519986488008428	0.003265398040761086	0.009796194122283577	-0.0007881995270803669	0.0022519986488008428	2523296
2022-07-19	0.005775764439411157	0.00045300113250290206	0.012004530011325055	-0.005662514156285391	0.005775764439411157	3113015
2022-07-18	0.02199074074074064	0.005787037037037037	0.038194444444444406	0.003472222222222189	0.02199074074074064	4797949
2022-07-15	-0.03193277310924363	-0.006274509803921594	0.003361344537815094	-0.03215686274509809	-0.03193277310924363	5288882
2022-07-14	0.004049949375632798	-0.002362470469119066	0.01754978062774218	-0.005962425469681642	0.004049949375632798	3089015
2022-07-13	-0.002356902356902287	0.00011223344556683632	0.00998877665544333	-0.0065095398428731575	-0.002356902356902287	2859705
2022-07-12	-0.009229400644946208	0.007450239074835844	0.0163460469253864	-0.013566106972089547	-0.009229400644946208	4075972
2022-07-11	-0.015113350125944534	-0.002847442777351934	-0.0004380681195926651	-0.019822582411565023	-0.015113350125944534	3431708
2022-07-08	0.0014257512612414504	0.005154639175257719	0.025773195876288596	0.0013160780872997404	0.0014257512612414504	4461147
2022-07-07	-0.008697542944118255	0.0018482278756251544	0.006740595781691567	-0.009349858664927152	-0.008697542944118255	3715291
2022-07-06	-0.009583288467750625	0.0013998061806826257	0.0051685151286743804	-0.01712070636373429	-0.009583288467750625	5311677
2022-07-05	-0.020255301192108888	-0.00010549636037562101	0.011499103280936692	-0.03249287899567478	-0.020255301192108888	6539501
2022-07-04	-0.0030500631047538076	-0.005784602440050454	0.00283971392511565	-0.02187631468237272	-0.0030500631047538076	4749501
2022-07-01	-0.011128445137805589	-0.0016640665626626188	0.007488299531981267	-0.016952678107124385	-0.011128445137805589	4087757
2022-06-30	0.012958280657395743	0.0008428150021070195	0.03002528445006315	-0.0010535187526338867	0.012958280657395743	6287175
2022-06-29	-0.03142857142857141	-0.01020408163265306	0.006020408163265341	-0.03265306122448983	-0.03142857142857141	6014990
2022-06-28	0.009684731094168533	-0.00010302905419333521	0.017927055429631102	-0.030496600041211703	0.009684731094168533	7646048
2022-06-27	0.0	0.0006181743251597185	0.019678549350916924	-0.002678755409025398	0.0	6747802
2022-06-24	-0.007769372316499601	-0.0008178286648946872	0.002862400327131478	-0.017481087712124248	-0.007769372316499601	6016232
2022-06-23	0.034913245873889096	-0.005289885738468049	0.04157850190435894	-0.005501481168006729	0.034913245873889096	9381241
2022-06-22	-0.0040042149631191746	0.001053740779768117	0.02033719704952574	-0.009483667017913653	-0.0040042149631191746	6024721
2022-06-21	-0.011561295698364747	-0.008436621185293222	0.006978439745859824	-0.021872721591500974	-0.011561295698364747	5810104
2022-06-20	0.0027154046997389567	-0.009921671018276792	0.015665796344647518	-0.020365535248041806	0.0027154046997389567	6392205
2022-06-17	0.003879219962256286	-0.022855944642482626	0.015726567414552316	-0.02998532187041308	0.003879219962256286	8961869
2022-06-16	-0.050472872075659606	-0.015430562468889967	-0.015430562468889967	-0.05923344947735194	-0.050472872075659606	13970071
2022-06-15	0.08489037693055404	-0.0009720272167621062	0.14591208553839496	-0.007344205637757931	0.08489037693055404	25138019
2022-06-14	0.03510340972610397	-0.0173281162660704	0.0408049189491335	-0.04974846282839578	0.03510340972610397	11378828
2022-06-13	-0.02782306271057496	-0.0184762525812412	-0.007173133355070218	-0.03836539506575373	-0.02782306271057496	6647984
2022-06-10	0.034983127109111355	-0.01147356580427458	0.046119235095612984	-0.017997750281214944	0.034983127109111355	8416022
2022-06-09	-0.012112456939659844	0.0012223580397821919	0.04222691410156697	-0.012556950772307984	-0.012112456939659844	8916791
2022-06-08	0.0162619988706945	0.00011293054771321418	0.03094297007340496	-0.00395256916996041	0.0162619988706945	6743948
2022-06-07	0.004993757802746541	-0.004880263307229515	0.026557711950970418	-0.010895471569628803	0.004993757802746541	6298194
2022-06-06	0.035248501938667604	-0.0075196804135824295	0.045470567500881263	-0.01163200563976025	0.035248501938667604	7544163
2022-06-02	0.008890469416785207	-0.00900900900900907	0.00995732574679947	-0.0141062114746325	0.008890469416785207	3302034
2022-06-01	-0.011251758087201053	-0.003750586029066962	0.011368963900609624	-0.016877637130801662	-0.011251758087201053	4076515
2022-05-31	0.029315960912052026	-0.0010857763300760454	0.0318494390155628	-0.006876583423814783	0.029315960912052026	6304162
2022-05-30	0.0047272727272727345	0.0012121212121211432	0.012363636363636316	-0.005939393939393877	0.0047272727272727345	2951294
2022-05-27	-0.0031416143064282877	-0.0031416143064282877	0.02464958917351368	-0.011599806669888931	-0.0031416143064282877	3427797
2022-05-26	0.021728395061728457	0.0007407407407407688	0.037037037037037035	-0.009876543209876508	0.021728395061728457	4234354
2022-05-25	0.006211180124223602	-0.0012422360248446499	0.008198757763975113	-0.010434782608695695	0.006211180124223602	2743943
2022-05-24	-0.04417003087152694	-0.00011873664212782137	0.0032058893374494898	-0.04417003087152694	-0.04417003087152694	3664493
2022-05-23	0.0003563368571089338	-0.006414063427960471	0.0032070317139802356	-0.01757928495070678	0.0003563368571089338	3597110
2022-05-20	0.03313289974229971	0.004785863296109959	0.04969934961344965	0.00380414774818999	0.03313289974229971	6224712
2022-05-19	-0.008637469586374793	-0.01739659367396602	-0.005961070559610816	-0.021776155717761633	-0.008637469586374793	3008310
2022-05-18	0.010945763128766457	0.0008609027179927829	0.024228262206370664	-0.002459722051408226	0.010945763128766457	4308436
2022-05-17	0.004199086081264708	-0.004446091144868463	0.011238730393973035	-0.0070396443127083265	0.004199086081264708	2537860
2022-05-16	-0.011837930192824003	0.011471808640468609	0.01598730778618504	-0.015377105198925933	-0.011837930192824003	3081521
2022-05-13	0.001099572388515619	0.0003665241295052063	0.012583995113011621	-0.00916310323762981	0.001099572388515619	2701756
2022-05-12	0.0033096347143907333	-0.007109585682765363	0.02353518019122336	-0.008335376317724841	0.0033096347143907333	4134208
2022-05-11	0.014929086837521808	0.0068424981338642875	0.049763622791739244	-0.003732271709380408	0.014929086837521808	6978063
2022-05-10	0.023949044585987202	-0.016560509554140092	0.03821656050955414	-0.01783439490445867	0.023949044585987202	4513130
2022-05-09	0.0	-0.004968152866242045	0.01898089171974516	-0.013248407643312182	0.0	2890912
2022-05-06	-0.03217852299346566	-0.028479842189619065	-0.00752065096782147	-0.0383429909998767	-0.03217852299346566	4572245
2022-05-05	-0.012419335200292172	-0.01789845367100936	0.004018020211859227	-0.019846584682819867	-0.012419335200292172	5880528
2022-04-29	0.13126721763085403	0.0468319559228651	0.14669421487603315	0.04008264462809932	0.13126721763085403	12147098
2022-04-28	-0.03057818133262126	-0.018293497129122774	-0.0061423421017491485	-0.037788756843370255	-0.03057818133262126	5546352
2022-04-27	0.03740130211940716	-0.026180911483584993	0.038093918825322065	-0.028535808283695833	0.03740130211940716	8444610
2022-04-26	-0.15030602636534837	-0.05838041431261763	-0.046610169491525355	-0.16431261770244815	-0.15030602636534837	15064903
2022-04-25	-0.058093126385809414	-0.026607538802660816	-0.017960088691796057	-0.07006651884700674	-0.058093126385809414	6230324
2022-04-22	-0.003314917127071792	-0.007734806629834286	0.016022099447513843	-0.008508287292817636	-0.003314917127071792	4147123
2022-04-21	-0.00264491955036362	-0.007824553669825807	0.013885827639409359	-0.010359268238924375	-0.00264491955036362	4429458
2022-04-20	-0.008306010928961804	0.004043715846994585	0.007213114754098323	-0.01639344262295082	-0.008306010928961804	4060749
2022-04-19	-0.006298870547350112	-0.002389226759339692	0.009122502172024365	-0.011077324066029497	-0.006298870547350112	3019969
2022-04-18	-0.022505307855626374	-0.012738853503184744	-0.012738853503184744	-0.028768577494692228	-0.022505307855626374	3800782
2022-04-15	-0.002330014827367071	-0.012920991315399267	0.006142766363058656	-0.016098284261808895	-0.002330014827367071	4214197
2022-04-14	0.020425807846103972	0.008321625418783054	0.03242191721603804	0.005079433697179281	0.020425807846103972	5385031
2022-04-13	-0.019289878113407453	-0.014202437731849383	-0.003497615262321127	-0.023211446740858482	-0.019289878113407453	4354080
2022-04-12	0.039669421487603246	0.00022038567493108563	0.046831955922865015	-0.01134986225895318	0.039669421487603246	7020330
2022-04-11	-0.035087719298245584	-0.006273258904837889	-0.005422647527910589	-0.03880914407230188	-0.035087719298245584	5388292
2022-04-08	0.010746910263299303	0.007845244492208534	0.025792584631918386	-0.007092960773777503	0.010746910263299303	4692263
2022-04-07	-0.021864816566803304	0.00031535793125198297	0.01124776621465371	-0.02344160622306307	-0.021864816566803304	4692470
2022-04-06	-0.01786083006400995	-0.0026842865992154153	-0.0026842865992154153	-0.026429898823043592	-0.01786083006400995	4789304
2022-04-01	0.011064718162839273	-0.008350730688935253	0.018789144050104355	-0.011482254697285954	0.011064718162839273	6095690
2022-03-31	-0.012574726860441135	-0.004329004329004346	0.0025767882910740056	-0.0133992991135848	-0.012574726860441135	5608242
2022-03-30	0.04378698224852064	-0.010220548682087174	0.04679935449166212	-0.015492200107584697	0.04378698224852064	10087298
2022-03-29	-0.01961818373589283	0.00200400801603204	0.0030587490771014875	-0.021200295327497152	-0.01961818373589283	3868180
2022-03-28	0.00861702127659577	-0.010638297872340425	0.01787234042553199	-0.016063829787234096	0.00861702127659577	4192656
2022-03-25	-0.022462562396006622	-0.00010399334442586216	0.00696755407653912	-0.022462562396006622	-0.022462562396006622	4587378
2022-03-24	-0.010903106356716749	0.007611602550915397	0.009360213947747342	-0.016663238016869003	-0.010903106356716749	4161947
2022-03-23	0.0036130897078558307	0.0019613915556931736	0.011974811603179484	-0.008981108702384685	0.0036130897078558307	4865124
2022-03-22	0.00497976968565208	-0.003734827264239023	0.015665525469447092	-0.009440813362381954	0.00497976968565208	4572969
2022-03-21	-0.016528925619834756	-0.0013263952657893037	0.004285277012549757	-0.024385266809509237	-0.016528925619834756	6063840
2022-03-18	-0.0034570411794609987	-0.01372648703609552	0.01026944585663452	-0.02023385866802232	-0.0034570411794609987	6398386
2022-03-17	-0.0028388928317956115	0.024130589070262696	0.03416810301125423	-0.006387508871540054	-0.0028388928317956115	14307345
2022-03-16	0.0658093797276852	0.026691160579208978	0.07618327209855194	-0.012751242705856999	0.0658093797276852	15329710
2022-03-15	-0.025997263445953045	-0.00947268708557	0.02262919692663921	-0.031049363224923722	-0.025997263445953045	8479363
2022-03-14	-0.026137761377613745	-0.018962689626896356	-0.002972529725297317	-0.026855268552685573	-0.026137761377613745	6139248
2022-03-11	0.0029813920016449704	-0.023337102909427327	0.016757479181659398	-0.038552482779891026	0.0029813920016449704	10171462
2022-03-10	-0.010780026441574313	0.027153462829248468	0.03711990236957191	-0.013424183870639613	-0.010780026441574313	8572063
2022-03-09	-0.02314722829326444	0.01827935624875823	0.019272799523147206	-0.06616332207430953	-0.02314722829326444	9406057
2022-03-08	0.015741675075681152	0.009989909182643886	0.042381432896064615	0.006054490413723598	0.015741675075681152	9874211
2022-03-07	-0.0355231143552312	-0.008272506082725006	-0.003503649635036491	-0.040389294403893	-0.0355231143552312	6308401
2022-03-04	-0.020682424704536805	-0.008577964163171994	-0.0013343499809378627	-0.031643156690812115	-0.020682424704536805	6325785
2022-03-03	-0.011773570688518413	0.009983987943863636	0.010643307902420603	-0.012809644909108029	-0.011773570688518413	3956150
2022-03-02	-0.01794468596799554	-0.014244750716862513	9.249838127837496e-05	-0.02321709370086028	-0.01794468596799554	5876930
2022-03-01	0.0014821676702176617	-0.022788327929597108	0.001574803149606315	-0.04131542380731828	0.0014821676702176617	10212082
2022-02-28	0.002321262766945218	-0.004642525533890436	0.002321262766945218	-0.020705663881151384	0.002321262766945218	4707390
2022-02-25	-0.005080831408775955	0.016258660508083188	0.018198614318706688	-0.010808314087759832	-0.005080831408775955	6527632
2022-02-24	-0.00587749104600974	-0.015520249793369434	0.011571310496831713	-0.02259160620809986	-0.00587749104600974	7574461
2022-02-23	0.026973498066584924	0.0073564085636140825	0.03140620579081391	0.0007545034424219399	0.026973498066584924	6577734
2022-02-22	-0.03635372171226029	-0.008724893210942542	-0.008724893210942542	-0.04117058983913479	-0.03635372171226029	7250586
2022-02-21	-0.006949458483754477	0.005415162454873723	0.006046931407942254	-0.012635379061371764	-0.006949458483754477	3603137
2022-02-18	-0.0035971223021583243	-0.003147482014388566	0.005395683453237359	-0.015287769784172687	-0.0035971223021583243	3512427
2022-02-17	0.010817198436505752	-0.0009999090991727974	0.020179983637851093	-0.002817925643123373	0.010817198436505752	4852731
2022-02-16	-0.016802216462597153	0.0010724819018679466	0.009562963624988768	-0.021539011529180415	-0.016802216462597153	5251339
2022-02-15	0.021453350374292444	0.009676830381595655	0.02693080153368622	0.0014606536425049899	0.021453350374292444	6317403
2022-02-14	-0.05274991352473188	-0.004583189207886554	-0.0017295053614666451	-0.06131096506399173	-0.05274991352473188	12095561
2022-02-11	-0.014151747655583944	0.0	0.011764705882353024	-0.019607843137254877	-0.014151747655583944	4531677
2022-02-10	-0.0127093678983251	-8.416799932669906e-05	0.0	-0.01792778385657769	-0.0127093678983251	3955070
2022-02-09	-0.0015966386554621657	-0.01680672268907563	0.011092436974789859	-0.019663865546218517	-0.0015966386554621657	6182051
2022-02-08	0.004812969686734722	-0.007852740015198909	0.01021700582622641	-0.0300599510259225	0.004812969686734722	5426519
2022-02-07	-0.05309026944910839	0.015431358439274062	0.023346925721595923	-0.06436395618453664	-0.05309026944910839	8520105
2022-01-28	0.007735073724921391	0.009991136894690153	0.0323906212231085	-0.008943678994440412	0.007735073724921391	4774894
2022-01-27	-0.046188134030126074	-0.011681524746388028	0.0006148170919150329	-0.047955733169382175	-0.046188134030126074	6117268
2022-01-26	0.03755681365122405	0.012279722510166704	0.04369667490630723	0.0008771230364404707	0.03755681365122405	4853840
2022-01-25	-0.03315087502891073	-0.005088273841646724	0.002158661629789539	-0.03500115642587315	-0.03315087502891073	4139819
2022-01-24	-7.708911501688949e-05	-0.005550416281221083	0.015417823003391921	-0.008633980881899511	-7.708911501688949e-05	3357079
2022-01-21	-0.02656461053579463	-0.013132222722497375	0.00030016509080009354	-0.03804592525889234	-0.02656461053579463	5041642
2022-01-20	0.016786204791698373	0.003357240958339674	0.04150770639401799	-0.01457347779642909	0.016786204791698373	7467947
2022-01-19	0.02478692626475879	0.01743685980139185	0.07357885683008844	0.017280475408554177	0.02478692626475879	9328896
2022-01-18	-0.0009374267635340234	-0.0007030700726504899	0.02851339739082889	-0.007108819623466891	-0.0009374267635340234	6574462
2022-01-17	0.0327551432029043	0.016538926986688157	0.0386446147640178	0.005566760790641369	0.0327551432029043	6505280
2022-01-14	-0.007367662368863631	-0.006326579642828591	0.008248578521662537	-0.013934491871546481	-0.007367662368863631	5257139
2022-01-13	-0.01677165354330705	0.0047244094488188525	0.005354330708661471	-0.019212598425196833	-0.01677165354330705	3999289
2022-01-12	-0.003217957774115035	0.006749862648143895	0.006749862648143895	-0.01726709049525157	-0.003217957774115035	5948861
2022-01-11	-0.01999846165679559	-0.00407660949157758	-0.0009999230828397466	-0.026536420275363348	-0.01999846165679559	5378779
2022-01-10	0.004015754112286522	-0.0022395551780061817	0.01938373619584517	-0.017298633099081077	0.004015754112286522	5341444
2022-01-07	-0.04131191234174861	0.006811283038424639	0.019323313837269665	-0.04804915969497284	-0.04131191234174861	9791165
2022-01-06	-0.05538848870550399	-0.020071333659696513	-0.0002797398419471324	-0.062032309951744906	-0.05538848870550399	10559401
2022-01-05	-0.011134163208851904	0.0029737206085754275	0.03934993084370676	-0.022337482710926625	-0.011134163208851904	8915962
2022-01-04	0.0001383317194631471	0.0022133075114123195	0.02365472402821958	-0.007400746991285251	0.0001383317194631471	5722859
2021-12-31	0.005354286906334819	0.008135734649885179	0.010430429038314442	-0.011056254780613332	0.005354286906334819	4021771
2021-12-30	0.015463917525773179	-0.000917949442169153	0.02584380737184011	-0.007908487501765319	0.015463917525773179	5426261
2021-12-29	0.0009895391574781932	-0.013429459994345331	0.012157195363302226	-0.028131184619734167	0.0009895391574781932	6827492
2021-12-28	0.03580057105205349	0.019474339263489248	0.04121824438099418	-0.00139102423310636	0.03580057105205349	7371695
2021-12-27	-0.020509143062029295	-0.004661168877733792	0.013338114019361877	-0.029401219074937215	-0.020509143062029295	6853979
2021-12-24	-0.040195471126712116	0.0010324179227751786	0.00894762199738462	-0.05017551104687172	-0.040195471126712116	9520011
2021-12-23	0.0122622448268654	0.0	0.056643210478645546	-0.008848324392113218	0.0122622448268654	10185841
2021-12-22	-0.022275204359673093	-0.002043596730245309	-0.002043596730245309	-0.024659400544959156	-0.022275204359673093	6654391
2021-12-21	0.06169089462645549	0.013162652780791156	0.06675345338829818	0.0052795255659216726	0.06169089462645549	13171691
2021-12-20	0.020292207792207792	-0.007526564344746238	0.04855371900826434	-0.01047815820543105	0.020292207792207792	15620728
2021-12-17	-0.017757483510908088	0.001667029064289264	0.004058853373921883	-0.030223961730810954	-0.017757483510908088	7886534
2021-12-16	0.01062115440961023	0.0026369762672134867	0.014503369469674697	-0.004687957808379832	0.01062115440961023	5316900
2021-12-15	0.03065076249433793	0.003623735467310809	0.04620262720821383	-0.00045296693341387794	0.03065076249433793	10561941
2021-12-14	0.002801120448179306	-0.01491407373760314	0.006586418351124268	-0.022484669543493065	0.002801120448179306	7166862
2021-12-13	0.0315501757126122	0.011323701679031538	0.07770402186645832	0.011089418196017083	0.0315501757126122	12850427
2021-12-10	-0.03131855662304249	-0.02269460624858159	-0.00983432937438544	-0.03926166881004613	-0.03131855662304249	9894173
2021-12-09	0.019827187162474873	-0.004783212467211885	0.04752353031939513	-0.008640641876253699	0.019827187162474873	12000888
2021-12-08	0.039871640593662244	-0.0009626955475331291	0.04821500200561565	-0.0036903329322102523	0.039871640593662244	9028514
2021-12-07	-0.007247531060847376	0.018955081236062404	0.024052245938196957	-0.012185409366040149	-0.007247531060847376	8157587
2021-12-06	0.028674422415205635	0.04047189906603308	0.06906439456005249	0.004096346059315091	0.028674422415205635	15343218
2021-12-03	0.0004918032786885432	0.0	0.013196721311475406	-0.01885245901639342	0.0004918032786885432	6709857
2021-12-02	-0.0016366612111293195	-0.009901800327332308	0.008183306055646482	-0.013256955810147337	-0.0016366612111293195	6877193
2021-12-01	0.04141810124424748	-0.0011931140276120722	0.04806545082665758	-0.004687233679904527	0.04141810124424748	12594712
2021-11-30	0.008335481653347073	0.003781043224198657	0.03858382744693645	-0.00017186560110002777	0.008335481653347073	7466299
2021-11-29	-0.013562770195812446	-0.0111045180978215	-0.0014410443333050921	-0.021022293803509402	-0.013562770195812446	5331779
2021-11-26	-0.0221319628647215	0.0	0.004393236074270566	-0.024204244031830253	-0.0221319628647215	5888890
2021-11-25	-0.013734466971876984	-0.002616088947024143	0.007521255722694586	-0.018312622629169353	-0.013734466971876984	5885117
2021-11-24	0.03232340281880326	-0.00497932314963279	0.04388555996286609	-0.005148113764874668	0.03232340281880326	8356023
2021-11-23	-0.0015168113255246214	0.0	0.010786213870396908	-0.009016600657284969	-0.0015168113255246214	6581918
2021-11-22	0.04096491228070177	0.0007894736842105562	0.05052631578947373	-0.00499999999999994	0.04096491228070177	11489815
2021-11-19	0.025917926565874688	-0.0011699064074874878	0.03221742260619149	-0.008189344852411904	0.025917926565874688	6807231
2021-11-18	-0.02440737489025462	-0.005443371378402147	-0.0005267778753292561	-0.035996488147497875	-0.02440737489025462	6532540
2021-11-17	0.0074296833539713725	0.0003537944454271364	0.010790730585529797	-0.008491066690253034	0.0074296833539713725	4762203
2021-11-16	-0.01635635983991644	-0.0024360535931790598	0.004350095702105447	-0.02122846702627456	-0.01635635983991644	5063459
2021-11-15	-0.008539635987233753	0.001638920037953918	0.008280859139135632	-0.012938842404899507	-0.008539635987233753	5077828
2021-11-12	-0.014870836165873555	-0.010282121006118354	-0.0015295717199184807	-0.02013936097892594	-0.014870836165873555	4796063
2021-11-11	0.03701092703560101	-0.004229820232640148	0.04203383856186108	-0.007930912936200261	0.03701092703560101	10475974
2021-11-10	-0.008041958041958057	-0.003496503496503546	0.001660839160839141	-0.02229020979020989	-0.008041958041958057	4298355
2021-11-09	0.007042253521126861	0.002552816901408506	0.0141725352112676	-0.007394366197183004	0.007042253521126861	4403304
2021-11-08	0.005754758742806476	-0.004426737494466578	0.017529880478087685	-0.012837538733953102	0.005754758742806476	4937611
2021-11-05	0.00731294033710878	-0.0001783643984660307	0.019887630428966414	-0.00909658432176934	0.00731294033710878	4375499
2021-11-04	-0.00901458241272656	0.0026513477684489365	0.013345117101193026	-0.011931064958020402	-0.00901458241272656	3906512
2021-11-03	-0.00044169611307417984	0.0	0.013339222614840909	-0.010600706713780944	-0.00044169611307417984	3681497
2021-11-02	-0.024137931034482734	-0.004224137931034439	0.0027586206896551137	-0.037413793103448306	-0.024137931034482734	4858593
2021-11-01	0.028277634961439566	-0.010282776349614366	0.040687882279939754	-0.014626362911089492	0.028277634961439566	6887346
2021-10-29	0.012566196930257659	-0.012476438380755772	0.023965532716991308	-0.021631810429943422	0.012566196930257659	6056852
2021-10-28	-8.975049362776087e-05	-0.0037695207323640433	0.030425417339795372	-0.00825704541374979	-8.975049362776087e-05	6514242
2021-10-27	-0.059349936682144375	-0.0010130856901646647	-0.0010130856901646647	-0.07133811734909247	-0.059349936682144375	10203857
2021-10-26	-0.012916666666666642	-0.00408333333333329	0.0037500000000000237	-0.014999999999999977	-0.012916666666666642	6123597
2021-10-25	0.023716089404538485	0.00665415458112951	0.03224705681624297	-0.01467326394813171	0.023716089404538485	6538628
2021-10-22	0.005317324185248753	0.0025728987993139914	0.01886792452830191	-0.011320754716981074	0.005317324185248753	4699820
2021-10-21	-0.004439890710382601	-0.001622267759562822	0.02202868852459015	-0.009477459016393438	-0.004439890710382601	5462489
2021-10-20	-0.005434782608695656	0.008576766304347748	0.010105298913043459	-0.011633831521739168	-0.005434782608695656	4269696
2021-10-19	0.011510049819618652	-0.0002576876825287849	0.03246864799862567	-0.0027486686136403314	0.011510049819618652	5760271
2021-10-18	0.0018932874354561002	-0.002581755593803762	0.011617900172116991	-0.014629948364888148	0.0018932874354561002	4942238
2021-10-15	-0.006073047643486389	-0.015481994696775317	0.007099478231117939	-0.015481994696775317	-0.006073047643486389	4624261
2021-10-14	-0.002048655569782408	-0.002475458813487036	0.005548442168160405	-0.01835253947930009	-0.002048655569782408	3427505
2021-10-13	-0.002808988764044929	0.0050221314266257165	0.008682328907047974	-0.02621722846441946	-0.002808988764044929	5794571
2021-10-12	-0.020673557852617454	-0.0010836945648549138	0.005001667222407541	-0.03176058686228733	-0.020673557852617454	6681496
2021-10-11	-0.017526617526617532	0.005733005733005756	0.011384111384111389	-0.022276822276822268	-0.017526617526617532	4884192
2021-10-08	0.018433564100425338	0.013428976561848356	0.027608641254483295	-0.0024188839769789493	0.018433564100425338	6467758
2021-09-30	0.004608681079269291	0.010222892575833743	0.018015753309870885	-0.009133567957097397	0.004608681079269291	7418384
2021-09-29	-0.08572741898414156	-0.014479430016088368	-0.004213590745422595	-0.09430782195663834	-0.08572741898414156	13014072
2021-09-28	0.029254060873679294	0.00536193029490622	0.04557640750670242	-0.0019712979025390317	0.029254060873679294	6830892
2021-09-27	-0.030650462432164023	-0.001758006573416022	0.028204540243063497	-0.03760605365741814	-0.030650462432164023	9840372
2021-09-24	-0.012976235382874377	-0.003772161448509996	0.010712938513768294	-0.017729158807997154	-0.012976235382874377	4672757
2021-09-23	0.010906040268456428	0.0077791336180596535	0.0356924954240391	0.0019829164124465443	0.010906040268456428	6080718
2021-09-22	-0.01981012185093822	-0.023697391044329937	0.009120131569111152	-0.02952829483441741	-0.01981012185093822	5173204
2021-09-17	0.03273372963792179	0.0056357600555855	0.03983633135181037	-0.011811935458967044	0.03273372963792179	7784817
2021-09-16	-0.02462349397590369	0.0015060240963854564	0.009036144578313166	-0.03177710843373493	-0.02462349397590369	7118002
2021-09-15	-0.025178007780958515	-0.00924906408280108	0.008294795566321837	-0.031050429420832342	-0.025178007780958515	8998761
2021-09-14	-0.029700854700854814	0.007122507122507123	0.011396011396011355	-0.041025641025641164	-0.029700854700854814	10957042
2021-09-13	0.009781357882623805	-0.0015822784810126502	0.053365937859608865	-0.0017261219792863974	0.009781357882623805	10945532
2021-09-10	0.011052937754508302	0.01076207097149498	0.0652995927865037	-0.0064717859220478095	0.011052937754508302	13084152
2021-09-09	0.001529386060738533	-0.005899060519991277	0.02461583278712399	-0.01842546063651592	0.001529386060738533	11965445
2021-09-08	0.017714201008004856	-0.01719537503705895	0.07856507560035594	-0.02475541061369682	0.017714201008004856	18099977
2021-09-07	0.07045382418279895	7.933989209767459e-05	0.0721199619168517	-0.013963821009203467	0.07045382418279895	17213468
2021-09-06	0.05782626940830886	-0.009651699538397026	0.08585816198069651	-0.009651699538397026	0.05782626940830886	15480742
2021-09-03	-0.026154474867184217	0.06244380874540266	0.06252554147936254	-0.028524724152022844	-0.026154474867184217	14711478
2021-09-02	0.010155217965653811	-0.007595772787318376	0.023778071334213963	-0.017420739762219282	0.010155217965653811	14030499
2021-09-01	0.046754818079682056	-0.008123757670037143	0.09627517068533403	-0.0167660530636937	0.046754818079682056	20259803
2021-08-31	0.042432432432432374	-0.016126126126126183	0.06531531531531531	-0.016126126126126183	0.042432432432432374	11952202
2021-08-30	-0.02802101576182139	0.007005253940455316	0.008756567425569177	-0.04544658493870401	-0.02802101576182139	9015252
2021-08-27	0.018279090503789543	0.0	0.03673651359785992	-0.006598305840392412	0.018279090503789543	9165685
2021-08-26	-0.004526895082549182	0.0	0.028847860820166875	-0.02574116811645652	-0.004526895082549182	9265288
2021-08-25	-0.015726017822820175	-0.01747335313646689	-0.00244626943910525	-0.032849903896557675	-0.015726017822820175	7707852
2021-08-24	0.030614082477939775	0.008373851971907011	0.05591572123176655	-0.009544390419593034	0.030614082477939775	14891051
2021-08-23	0.01852531181217898	0.021368305209097563	0.05154071900220093	0.0031181217901686464	0.01852531181217898	14288483
2021-08-20	-0.06121394748170469	0.0	0.01782178217821776	-0.07877744296168752	-0.06121394748170469	17139628
2021-08-19	-0.03984458956766135	-0.0195089691659089	0.0025626188311151715	-0.046375134330825823	-0.03984458956766135	18808706
2021-08-18	0.17082849399922578	-0.006484707704219779	0.18554006968641118	-0.011033681765388952	0.17082849399922578	30037614
2021-08-17	0.020343669761011138	-0.011455658700375378	0.05945091842780956	-0.012640726841793414	0.020343669761011138	12483685
2021-08-16	0.03633200286562288	0.00808514993347668	0.07747415822331397	0.006038276532596494	0.03633200286562288	9242310
2021-08-13	0.008567299752270833	-0.005677126341866197	0.023018166804294013	-0.006709331131296362	0.008567299752270833	4005621
2021-08-12	-0.016346837242359625	-0.0052797238298304	0.007716519443598387	-0.017159102446948907	-0.016346837242359625	3897790
2021-08-11	-0.008057206163762829	-0.002920737234364047	0.011078658475173676	-0.010977943398126733	-0.008057206163762829	4489393
2021-08-10	0.01877693412682139	-0.006977221424173945	0.023189000615637237	-0.012312743689718743	0.01877693412682139	6001204
2021-08-09	0.028818748020690274	0.00021112635912589486	0.045814419930328185	-0.002427953129948316	0.028818748020690274	6984071
2021-08-06	-0.0015809443507587635	0.0009485666104553479	0.015282462057335612	-0.008010118043844761	-0.0015809443507587635	3239856
2021-08-05	-0.024671052631579007	-0.011615953947368375	0.0022615131578947252	-0.032997532894736926	-0.024671052631579007	4280374
2021-08-04	-0.0013345652397084022	-0.0009239297813366535	0.0027717893440099605	-0.02361153885638022	-0.0013345652397084022	4964677
2021-08-03	0.0009247842170160647	-0.013563501849568366	0.026510480887792977	-0.016646115906288436	0.0009247842170160647	6131096
2021-08-02	0.05017805114923914	0.0018344663861012377	0.07046509118377038	-0.015323189813316086	0.05017805114923914	7926645
2021-07-30	-0.024423623539319858	-0.010422149699968365	-0.0042109695757447255	-0.02968733550900088	-0.024423623539319858	4803731
2021-07-29	0.020739307973350447	0.014936600042983028	0.03331184182248006	0.004728132387706831	0.020739307973350447	5277789
2021-07-28	-0.023504721930744963	-0.017523609653725097	0.005771248688352541	-0.03441762854144807	-0.023504721930744963	6683529
2021-07-27	-0.043172690763052184	0.004016064257028169	0.008835341365461945	-0.043172690763052184	-0.043172690763052184	7399079
2021-07-26	-0.03609793864318208	-0.012871382947837011	0.006484080131617166	-0.03977547662827833	-0.03609793864318208	6881115
2021-07-23	0.0010656849447781382	0.0056190660724665595	0.04824646386359237	-0.024704514628947852	0.0010656849447781382	8638521
2021-07-22	0.030859882153200874	0.0016977928692699662	0.04074702886247876	-0.007590132827324388	0.030859882153200874	7989078
2021-07-21	0.015723270440251545	0.0027388922702373305	0.029722053154798204	0.0027388922702373305	0.015723270440251545	6154392
2021-07-20	-0.01083684527393135	-0.009733092514549457	0.0034115994380895386	-0.014148103552077029	-0.01083684527393135	4015874
2021-07-19	-0.005686920083807317	0.0002993115833582873	0.0008979347500747201	-0.022248827696298552	-0.005686920083807317	4525845
2021-07-16	-0.00840918084685392	0.004155124653739629	0.011970716264345153	-0.016818361693707984	-0.00840918084685392	5020548
2021-07-15	-0.028543969245555013	-0.019702066314271956	-0.019702066314271956	-0.05814512253724168	-0.028543969245555013	8845665
2021-07-14	-0.006587741073133452	-0.009165552797403035	0.012220737063204135	-0.013939278212717145	-0.006587741073133452	5661720
2021-07-13	-0.014860797592174553	-0.005173062452972133	0.0007524454477051591	-0.027464258841233893	-0.014860797592174553	6530942
2021-07-12	0.02093335893988854	0.02266180142116381	0.04359516036105249	0.016996351065872824	0.02093335893988854	8784072
2021-07-09	-0.0018211444455094195	-0.008338924566280116	0.0012460461995590477	-0.01399405731812512	-0.0018211444455094195	4520627
2021-07-08	-0.008081384293592018	0.004088229701464086	0.01559231793116549	-0.012359764213728953	-0.008081384293592018	5683242
2021-07-07	-0.0016136687233031563	-0.006169909824394793	0.005315614617940221	-0.008068343616516321	-0.0016136687233031563	4495232
2021-07-06	-0.01126231816048806	0.0	0.006006569685593623	-0.029188174565931483	-0.01126231816048806	5891386
2021-07-05	-0.020410039532959445	-0.0010113082651466345	0.008550151696239836	-0.02574239220373262	-0.020410039532959445	5397369
2021-07-02	-0.002201632877717724	-0.0046784698651500325	0.01467755251811755	-0.013851940188973535	-0.002201632877717724	4860644
2021-07-01	-0.03342791275048764	0.011704202872849736	0.021457705266891308	-0.03351658095406988	-0.03342791275048764	7633530
2021-06-30	0.012842388863942586	0.0	0.02020655590480467	-0.0004490345756623005	0.012842388863942586	4494042
2021-06-29	-0.014165559982293125	-0.0027445772465692986	0.006463036741921239	-0.016378928729526412	-0.014165559982293125	4689036
2021-06-28	-0.0208911234396671	-0.004247572815533936	-0.004074202496532584	-0.025052011095700422	-0.0208911234396671	7144156
2021-06-25	0.03064415259537204	0.0006253908692932474	0.053247565442687335	-0.008308764406325442	0.03064415259537204	13497773
2021-06-24	0.008923742563547946	-0.0032449972958355816	0.016405264106724424	-0.0074815215431764765	0.008923742563547946	4899538
2021-06-23	-0.009464285714285734	-0.011160714285714286	0.0049107142857142605	-0.026785714285714284	-0.009464285714285734	5794177
2021-06-22	0.013116236996834037	-0.002261420171867933	0.04296698326549073	-0.012211668928086788	0.013116236996834037	6983658
2021-06-21	0.010511882998171768	0.015996343692870202	0.031078610603290598	0.003473491773308916	0.010511882998171768	5056817
2021-06-18	0.012494215640907066	9.254974548824726e-05	0.032299861175381854	-0.00786672836649694	0.012494215640907066	4980359
2021-06-17	0.010852278042847755	0.0	0.01871082421180653	-0.0003742164842361891	0.010852278042847755	4130964
2021-06-16	-0.0016811431773605364	-0.0006537779023068383	0.017932193891846474	-0.009059493789109918	-0.0016811431773605364	4071992
2021-06-15	-0.019774787146388452	-0.010619793097134586	-0.00027464982147762645	-0.023619884647074964	-0.019774787146388452	4652190
2021-06-11	-0.03353388780746763	0.008317112015572446	0.02043886037869406	-0.035568925853831146	-0.03353388780746763	8483278
2021-06-10	0.01408703454463879	-0.004037685060565301	0.02368775235531629	-0.004127411395244576	0.01408703454463879	6896437
2021-06-09	-0.008010680907877094	0.004361370716510985	0.004450378282153983	-0.020115709835335924	-0.008010680907877094	4844844
2021-06-08	-0.009346618463980268	-0.006084119566175802	0.011374658319372245	-0.016312494489022084	-0.009346618463980268	5534611
2021-06-07	-0.005175438596491258	-0.0005263157894737041	0.0170175438596491	-0.017105263157894762	-0.005175438596491258	5593223
2021-06-04	-0.006276150627615053	-0.006276150627615053	0.028765690376569012	-0.010634588563458846	-0.006276150627615053	7780639
2021-06-03	-0.004339524388127062	0.0065960770699531775	0.02586356535323732	-0.005554591216802644	-0.004339524388127062	6314688
2021-06-02	-0.028335301062573787	-0.005144206442907737	0.006071850227694374	-0.0328891887333445	-0.028335301062573787	6695724
2021-06-01	-0.006867671691792357	-0.011725293132328356	-0.005360134003350088	-0.03308207705192632	-0.006867671691792357	5595170
2021-05-31	0.0013418316001342738	-0.010315330426031447	0.0030191211003019074	-0.022559543777255935	0.0013418316001342738	4951583
2021-05-28	-0.0013400335008376114	-0.011641541038525967	0.02010050251256274	-0.011641541038525967	-0.0013400335008376114	6259620
2021-05-27	-0.004999999999999952	0.0001666666666666335	0.010000000000000024	-0.02041666666666669	-0.004999999999999952	6489043
2021-05-26	-0.004644990046449919	0.020736562707365628	0.03127073656270733	-0.007299270072992663	-0.004644990046449919	10590044
2021-05-25	0.05689488910318234	-0.0007013237485754213	0.0826685368633296	-0.002805294994301685	0.05689488910318234	12740666
2021-05-24	0.019848010728654438	0.014751899865891871	0.032275368797496644	0.005990165400089421	0.019848010728654438	6227148
2021-05-21	-0.011576528808766369	0.00017674089784385148	0.006892895015906691	-0.019971721456344918	-0.011576528808766369	4620026
2021-05-20	0.008466268603511299	-0.006773014882808938	0.023705552089831664	-0.006773014882808938	0.008466268603511299	6068008
2021-05-19	0.003487748166696482	-0.005008048649615347	0.02691826149168311	-0.00733321409407971	0.003487748166696482	5035481
2021-05-18	0.013045841637977874	-0.004167421634353993	0.04185540858851246	-0.009150208371081636	0.013045841637977874	6164802
2021-05-17	-0.042671292281006086	-0.01821335646140498	-0.0047701647875108165	-0.04596704249783172	-0.042671292281006086	10703271
2021-05-14	0.12017876226561731	0.00835519284950937	0.1267851938210434	0.007189351986787087	0.12017876226561731	15011643
2021-05-13	-0.00038846265902682374	-0.01184811110032047	0.00806060017480818	-0.015150043702049162	-0.00038846265902682374	3040578
2021-05-12	-0.009903846153846164	-0.00807692307692311	-0.005384615384615406	-0.02307692307692313	-0.009903846153846164	4228107
2021-05-11	0.0009624639076034101	-0.008469682386910583	0.010009624639075957	-0.021077959576515995	0.0009624639076034101	4166303
2021-05-10	-0.0057416267942583185	-0.0023923444976076554	0.009569377990430622	-0.01722488038277509	-0.0057416267942583185	4357368
2021-05-07	-0.006653992395437289	0.0	0.01711026615969579	-0.006653992395437289	-0.006653992395437289	4684142
2021-05-06	-0.03130755064456714	-0.014548802946592988	-9.20810313074669e-05	-0.038674033149171165	-0.03130755064456714	6788958
2021-04-30	-0.019324543976882793	-0.003070254650532682	-0.0029799530431641533	-0.024562037204262227	-0.019324543976882793	5358280
2021-04-29	0.0012658227848101318	-0.0054249547920433485	0.012658227848101318	-0.011934900542495418	0.0012658227848101318	5253540
2021-04-28	-0.005216765605324811	-0.010703363914373196	0.011872638963842356	-0.028692210829285948	-0.005216765605324811	7102355
2021-04-27	-0.10048543689320379	-0.03009708737864077	-0.03009708737864077	-0.12540453074433658	-0.10048543689320379	19080635
2021-04-26	-0.009059568668323656	0.0021646756995109115	0.02060450573238189	-0.01146476389000246	-0.009059568668323656	6200794
2021-04-23	0.015055338541666737	-0.006266276041666635	0.025390625000000038	-0.0063476562500000095	0.015055338541666737	5621152
2021-04-22	0.0031020408163264933	0.007510204081632667	0.01722448979591836	-0.0073469387755102505	0.0031020408163264933	4342053
2021-04-21	0.003687013519049593	-0.008439164276935692	0.01106104055714878	-0.008439164276935692	0.003687013519049593	3473448
2021-04-20	-0.0011457566085604433	-0.00973893117276371	0.014403797364759843	-0.00973893117276371	-0.0011457566085604433	5039275
2021-04-19	0.027843203230148068	0.0005888290713324982	0.038021534320323104	-0.013290713324360687	0.027843203230148068	6049709
2021-04-16	-0.001260186507603173	0.0005880870368814012	0.005628833067293974	-0.006132907670335243	-0.001260186507603173	2533257
2021-04-15	-0.0035995312238405546	-0.008036162732295278	0.00033484011384569105	-0.010631173614598996	-0.0035995312238405546	2376552
2021-04-14	0.012802034760491656	-0.0014412886816447792	0.0162780839338703	-0.0062738448495125825	0.012802034760491656	3345657
2021-04-13	0.0027203944571963564	-0.008586245005525725	0.008246195698376256	-0.010456516194848166	0.0027203944571963564	3036905
2021-04-12	-0.03502871205906489	-0.004922067268252736	-0.004840032813781816	-0.037079573420836835	-0.03502871205906489	5813120
2021-04-09	-0.013434768533505961	-0.0018614438329556812	-0.0018614438329556812	-0.018290708967303376	-0.013434768533505961	3392404
2021-04-08	0.0008099789405476149	0.00016199578810959203	0.010853717803337142	-0.011825692531994118	0.0008099789405476149	4782732
2021-04-07	0.005374592833876194	-0.0025244299674267285	0.008143322475570033	-0.0208469055374593	0.005374592833876194	5233223
2021-04-06	0.00016289297931255923	0.0018732692620948362	0.009122006841505168	-0.014416028669164327	0.00016289297931255923	3930562
2021-04-02	0.0031045751633986553	0.006127450980392157	0.013480392156862675	-0.004901960784313795	0.0031045751633986553	4686911
2021-04-01	0.025125628140703515	0.0010887772194304475	0.038609715242881065	0.0010887772194304475	0.025125628140703515	4543808
2021-03-31	-0.03483954409506094	-0.013256810282111394	-0.012933473445962285	-0.03734540457521616	-0.03483954409506094	4340542
2021-03-30	0.012522507775413217	-0.004092322802422655	0.022917007693566843	-0.004092322802422655	0.012522507775413217	4570165
2021-03-29	-0.01800353640893743	0.004581257032631355	0.0062690885709693065	-0.021620318276804353	-0.01800353640893743	5475076
2021-03-26	0.012367778681855134	0.0055329536208298825	0.019283970707892516	0.0012205044751830063	0.012367778681855134	6067902
2021-03-25	0.001629991850040773	-0.01792991035044827	0.018581907090464558	-0.022004889975550144	0.001629991850040773	5330586
2021-03-24	0.008880118401578674	-0.010853478046374012	0.03231376418352239	-0.01611577043249472	0.008880118401578674	7211583
2021-03-23	0.008039784500621623	-0.002818068794032353	0.01309573145462079	-0.011520928305014508	0.008039784500621623	5341391
2021-03-22	0.01497434171784303	0.006141162614620928	0.03306132750063088	-0.0010095061832254104	0.01497434171784303	4781364
2021-03-19	-0.033026925892784526	-0.013259578621980066	-0.013259578621980066	-0.03465386805499068	-0.033026925892784526	6763763
2021-03-18	0.025014591845243055	0.0015842574835320414	0.04894521804385883	0.0005836738097222811	0.025014591845243055	10417162
2021-03-17	0.005280804694048698	-0.004191114836546521	0.01131601005867568	-0.015507124895222081	0.005280804694048698	5558740
2021-03-16	0.008282623394185295	0.005747126436781667	0.008451656524678837	-0.011071670047329176	0.008282623394185295	5381898
2021-03-15	-0.018824114769052245	-0.006468198026370355	-0.005058462559084496	-0.037979932000995094	-0.018824114769052245	5726147
2021-03-12	-0.011314257604328895	0.0	0.003935393949331836	-0.030253340985488215	-0.011314257604328895	7208007
2021-03-11	0.020157243225158886	0.009033121445299417	0.021244563399130077	-0.002843760455001701	0.020157243225158886	6994765
2021-03-10	-0.016614574765586414	0.01620332291495311	0.016614574765586414	-0.027800625102812927	-0.016614574765586414	9830570
2021-03-09	-0.005887162714636131	-0.004415372035977041	0.013573180703188852	-0.029435813573180657	-0.005887162714636131	10764098
2021-03-08	-0.02921098587077319	0.008096523257659914	0.00889030004762653	-0.030798539450706538	-0.02921098587077319	9127974
2021-03-05	0.0151490733279614	-0.0007252215954874231	0.028686543110394862	-0.004190169218372249	0.0151490733279614	9676122
2021-03-04	-0.03925059998451648	-0.010451343191143412	-0.005186962917085914	-0.04250212897731657	-0.03925059998451648	9422674
2021-03-03	0.007566302652106076	-7.800312012473406e-05	0.01201248049922013	-0.009360374414976511	0.007566302652106076	9320091
2021-03-02	-0.06634622387298823	0.012307916393561996	0.012307916393561996	-0.08076614958852235	-0.06634622387298823	16938955
2021-03-01	0.02020952522475666	0.008618768110557966	0.03157738316368229	7.429972509094959e-05	0.02020952522475666	8053586
2021-02-26	-0.03088997695852529	-0.02520161290322581	-0.006336405529953884	-0.033554147465437764	-0.03088997695852529	6950994
2021-02-25	-0.023965141612200414	0.008995712980532724	0.011174362218005506	-0.03050108932461876	-0.023965141612200414	6428734
2021-02-24	-0.024074074074074206	-0.0054869684499314906	0.01090534979423851	-0.03991769547325117	-0.024074074074074206	7872737
2021-02-23	-0.014864864864864788	0.011013513513513483	0.03621621621621631	-0.02094594594594591	-0.014864864864864788	7281793
2021-02-22	-0.04768032945112925	-0.0033459880316582605	0.01666559423460526	-0.04768032945112925	-0.04768032945112925	8155490
2021-02-19	-0.012642947903430807	-0.015438373570521009	-0.0025412960609911416	-0.03576874205844978	-0.012642947903430807	7338470
2021-02-18	-0.014957131234745518	0.026347080543213018	0.032354965892734316	-0.02590900556981029	-0.014957131234745518	10188760
2021-02-10	0.013895939086294402	0.0016497461928935237	0.031091370558375672	-0.0050126903553298985	0.013895939086294402	10051045
2021-02-09	0.00446144040790305	-0.010771191841937524	0.015296367112810743	-0.024856596558317436	0.00446144040790305	10098178
2021-02-08	0.0876195757659782	0.006030777762373524	0.10571190905309857	0.006030777762373524	0.0876195757659782	15314969
2021-02-05	-0.003729281767955942	0.014571823204419786	0.015193370165745776	-0.014502762430939382	-0.003729281767955942	8056610
2021-02-04	-0.01763907734056984	0.00013568521031195259	0.00820895522388065	-0.04681139755766625	-0.01763907734056984	11561311
2021-02-03	0.001018675721562008	-0.00237691001697789	0.02797962648556879	-0.00842105263157901	0.001018675721562008	15273520
2021-02-02	0.051710592100564313	0.0005713877580173738	0.06342404113991855	-0.003642596957360124	0.051710592100564313	24933287
2021-02-01	0.17863456519909068	0.10000841821702147	0.2000168364340433	0.09436821281252625	0.17863456519909068	24755656
2021-01-29	-0.017289874255459872	0.0009927200529451072	0.009099933818663208	-0.03888153540701513	-0.017289874255459872	5185007
2021-01-28	-0.01875152203912657	-0.004789349784885165	0.013231593473496188	-0.019644451660037355	-0.01875152203912657	5141267
2021-01-27	-0.01950015918497296	0.0020694046482012504	0.0020694046482012504	-0.021171601400827734	-0.01950015918497296	5094792
2021-01-26	-0.024155339805825238	-0.009398058252427136	-0.0018640776699029834	-0.06772815533980582	-0.024155339805825238	12560612
2021-01-25	-0.004484651666280155	-0.002551612154952544	0.019562359854635437	-0.021882007268228656	-0.004484651666280155	8246234
2021-01-22	-0.013501144164759588	-0.007627765064836004	0.010678871090770448	-0.028451563691838214	-0.013501144164759588	7939869
2021-01-21	0.03792257145119145	-0.0008708732483572118	0.050668988995329	-0.0008708732483572118	0.03792257145119145	10105028
2021-01-20	-0.005433070866141715	0.007874015748031496	0.020944881889763754	-0.01157480314960629	-0.005433070866141715	6088145
2021-01-19	-0.033338407672400636	-0.009742731009286049	-0.000989496118130579	-0.03562186025270203	-0.033338407672400636	6880383
2021-01-18	0.03132113980689218	-0.010518879032891148	0.04403799356307402	-0.010518879032891148	0.03132113980689218	7001426
2021-01-15	-0.015913480108149775	-0.003398995751255294	0.01722672846658956	-0.02734646581691767	-0.015913480108149775	5923263
2021-01-14	-0.03106287425149705	-0.011976047904191574	0.012949101796407323	-0.035254491017964136	-0.03106287425149705	8744804
2021-01-13	-0.018368846436443792	0.003306392358560008	0.0506245407788392	-0.022630418809698634	-0.018368846436443792	14568131
2021-01-12	0.09019545017622549	-0.005206664530599213	0.10269144504966352	-0.00672861262415895	0.09019545017622549	16833775
2021-01-11	-0.03127182431908125	-0.0030263055792660414	0.005664623263754091	-0.03173740979281449	-0.03127182431908125	6532789
2021-01-08	-0.006629152855931437	0.0	7.70831727435391e-05	-0.040314499344792955	-0.006629152855931437	8012278
2021-01-07	0.024076413009156795	0.0008683296495105733	0.038759077991790306	0.0007104515314176602	0.024076413009156795	10377186
2021-01-06	-0.004401131719584943	0.004401131719585054	0.03638792832442636	-0.012889028607356183	-0.004401131719584943	8249280
