2024-12-31	-0.044472681067344415	-0.0012706480304955257	0.0025412960609910514	-0.044472681067344415	-0.044472681067344415	50219368
2024-12-30	0.007682458386683803	-0.0025608194622278586	0.008962868117797732	-0.0064020486555697595	0.007682458386683803	29655550
2024-12-27	0.009043927648578733	0.0012919896640826599	0.021963824289405676	-0.0012919896640826599	0.009043927648578733	36761921
2024-12-26	-0.0012903225806451338	-0.0025806451612902675	0.0051612903225806495	-0.0051612903225806495	-0.0012903225806451338	18676756
2024-12-25	-0.010217113665389537	-0.002554278416347441	-0.0012771392081736637	-0.019157088122605408	-0.010217113665389537	27216355
2024-12-24	0.02486910994764403	0.003926701570680661	0.027486910994764396	0.0013089005235602978	0.02486910994764403	44056446
2024-12-23	-0.02051282051282053	-0.003846153846153878	0.003846153846153878	-0.02307692307692304	-0.02051282051282053	29558790
2024-12-20	0.014304291287386141	0.0	0.023407022106631953	-0.0039011703511053638	0.014304291287386141	35331129
2024-12-19	-0.011568123393316176	-0.015424164524421607	-0.007712082262210861	-0.023136246786632467	-0.011568123393316176	45788686
2024-12-18	0.005167958656330754	0.006459948320413414	0.03229974160206718	0.0025839793281653197	0.005167958656330754	45075959
2024-12-17	-0.003861003861003779	-0.0025740025740025193	0.005148005148005153	-0.010296010296010192	-0.003861003861003779	28975349
2024-12-16	-0.012706480304955595	0.0	0.0012706480304955257	-0.020330368487928862	-0.012706480304955595	36041962
2024-12-13	-0.03078817733990137	-0.009852216748768483	-0.006157635467980165	-0.03448275862068958	-0.03078817733990137	59482328
2024-12-12	0.011207970112079683	0.0	0.019925280199252823	-0.012453300124532957	0.011207970112079683	53704515
2024-12-11	0.011335012594458307	0.0037783375314860653	0.02392947103274564	0.0012594458438286884	0.011335012594458307	52506797
2024-12-10	0.0025252525252525836	0.04419191919191915	0.04797979797979808	0.0012626262626262356	0.0025252525252525836	73625416
2024-12-09	-0.011235955056179758	-0.004993757802746571	0.0037453183520598453	-0.0212234706616729	-0.011235955056179758	37125320
2024-12-06	0.01392405063291132	0.0	0.02151898734177214	-0.008860759493670921	0.01392405063291132	50824828
2024-12-05	0.010230179028133002	0.0	0.015345268542199501	-0.002557544757033307	0.010230179028133002	44695616
2024-12-04	-0.03097893432465923	-0.006195786864931934	-0.0024783147459726857	-0.03841387856257751	-0.03097893432465923	76137017
2024-12-03	0.03461538461538467	0.008974358974359012	0.048717948717948704	0.003846153846153878	0.03461538461538467	109356529
2024-12-02	0.010362694300518144	-0.0038860103626942176	0.012953367875647739	-0.005181347150259072	0.010362694300518144	45027856
2024-11-29	0.01578947368421054	0.0013157894736842994	0.03815789473684211	-0.003947368421052548	0.01578947368421054	51954568
2024-11-28	-0.003931847968545249	0.0	0.007863695937090498	-0.0065530799475753375	-0.003931847968545249	31528368
2024-11-27	0.020053475935828804	0.0	0.0213903743315507	-0.013368983957219322	0.020053475935828804	35628907
2024-11-26	0.0013386880856761279	-0.002677376171352018	0.016064257028112466	-0.002677376171352018	0.0013386880856761279	26501218
2024-11-25	-0.004000000000000033	0.004000000000000033	0.007999999999999948	-0.02000000000000005	-0.004000000000000033	35551075
2024-11-22	-0.0542244640605296	-0.001261034047919267	0.0	-0.056746532156368136	-0.0542244640605296	67257394
2024-11-21	0.0	0.0	0.008827238335435092	-0.01008827238335436	0.0	40365458
2024-11-20	-0.0037688442211055587	-0.006281407035175857	0.0037688442211055587	-0.015075376884422124	-0.0037688442211055587	40497992
2024-11-19	0.017902813299232694	-0.0012787723785167102	0.01918158567774929	-0.006393861892583211	0.017902813299232694	46461153
2024-11-18	0.003851091142490404	0.006418485237483931	0.030808729139922893	-0.008985879332477572	0.003851091142490404	54839353
2024-11-15	-0.03349875930521097	0.0	0.006203473945409297	-0.0359801488833748	-0.03349875930521097	70477996
2024-11-14	-0.003708281829418957	-0.0024721878862793045	0.027194066749073008	-0.0074165636588381335	-0.003708281829418957	77192087
2024-11-13	0.007471980074719864	-0.0062266500622663685	0.01245330012453318	-0.0099626400996263	0.007471980074719864	64055526
2024-11-12	-0.030193236714975848	0.002415458937198231	0.00966183574879228	-0.03623188405797089	-0.030193236714975848	81786982
2024-11-11	-0.007194244604316606	-0.010791366906474803	-0.0023980815347721313	-0.021582733812949607	-0.007194244604316606	71598761
2024-11-08	-0.03135888501742155	0.022067363530778313	0.022067363530778313	-0.03484320557491277	-0.03135888501742155	115264169
2024-11-07	0.050000000000000024	-0.017073170731707173	0.05853658536585372	-0.023170731707317014	0.050000000000000024	148955504
2024-11-06	-0.02147971360381879	0.002386634844868684	0.01073985680190929	-0.02625298329355616	-0.02147971360381879	128841219
2024-11-05	0.03329223181257723	0.0012330456226880132	0.04808877928483361	-0.012330456226880351	0.03329223181257723	137371907
2024-11-04	0.037084398976981986	0.017902813299232694	0.037084398976981986	0.005115089514066501	0.037084398976981986	91202079
2024-11-01	-0.01387137452711216	-0.001261034047919267	0.021437578814627985	-0.0290037831021437	-0.01387137452711216	114276927
2024-10-31	0.054521276595744704	-0.00265957446808505	0.07047872340425547	-0.009308510638297792	0.054521276595744704	150730920
2024-10-30	-0.009222661396574478	-0.0026350461133069266	0.006587615283267434	-0.019762845849802303	-0.009222661396574478	52168025
2024-10-29	-0.009138381201044423	0.005221932114882511	0.01958224543080933	-0.01174934725848562	-0.009138381201044423	68857875
2024-10-28	0.011889035667106982	0.0	0.013210039630118842	-0.0039630118890357	0.011889035667106982	55614389
2024-10-25	0.00933333333333337	-0.0026666666666666098	0.021333333333333353	-0.0026666666666666098	0.00933333333333337	55754564
2024-10-24	0.0	-0.0013333333333333049	0.004000000000000033	-0.00933333333333337	0.0	41694651
2024-10-23	-0.006622516556291367	0.003973509933774867	0.010596026490066236	-0.010596026490066236	-0.006622516556291367	67451680
2024-10-22	-0.0013227513227512947	-0.0013227513227512947	0.005291005291005296	-0.010582010582010474	-0.0013227513227512947	49193741
2024-10-21	-0.013054830287206335	-0.01697127937336813	-0.005221932114882511	-0.02349869451697124	-0.013054830287206335	79449700
2024-10-18	0.04502046384720328	-0.004092769440654877	0.08458390177353343	-0.0054570259208731285	0.04502046384720328	116343218
2024-10-17	-0.014784946236559182	0.0013440860215053476	0.017473118279569877	-0.01612903225806453	-0.014784946236559182	57871964
2024-10-16	0.0026954177897574746	-0.01617250673854449	0.022911051212937995	-0.018867924528301844	0.0026954177897574746	61428985
2024-10-15	-0.04627249357326482	-0.016709511568123378	-0.006426735218508974	-0.04627249357326482	-0.04627249357326482	78342225
2024-10-14	0.034574468085106475	0.015957446808510654	0.039893617021276695	-0.022606382978723395	0.034574468085106475	103704393
2024-10-11	-0.03092783505154642	-0.018041237113402022	0.006443298969072142	-0.03994845360824737	-0.03092783505154642	89579064
2024-10-10	-0.03960396039603964	0.0012376237623762112	0.01980198019801982	-0.06435643564356441	-0.03960396039603964	140570779
2024-10-09	-0.10022271714922053	-0.02449888641425397	0.0	-0.10022271714922053	-0.10022271714922053	231533127
2024-10-08	0.1004901960784314	0.1004901960784314	0.1004901960784314	0.03921568627450984	0.1004901960784314	191525985
2024-09-30	0.09973045822102429	0.0849056603773586	0.09973045822102429	0.03908355795148249	0.09973045822102429	205327457
2024-09-27	0.05248226950354611	0.014184397163120643	0.07234042553191486	-0.011347517730496465	0.05248226950354611	139957548
2024-09-26	0.03372434017595301	-0.039589442815249336	0.039589442815249204	-0.045454545454545525	0.03372434017595301	184952186
2024-09-25	0.0982286634460548	0.03059581320450892	0.09983896940418681	0.03059581320450892	0.0982286634460548	194425882
2024-09-24	0.04545454545454538	0.008417508417508388	0.053872053872053766	0.0016835016835016474	0.04545454545454538	56393625
2024-09-23	-0.0033557046979865056	-0.0016778523489932528	0.008389261744966413	-0.00671140939597316	-0.0033557046979865056	12457416
2024-09-20	0.006756756756756763	-0.0016891891891891533	0.010135135135135219	-0.006756756756756763	0.006756756756756763	21234979
2024-09-19	0.018932874354561157	0.003442340791738462	0.025817555938037928	-0.005163511187607463	0.018932874354561157	29465643
2024-09-18	0.012195121951219407	0.0	0.015679442508710777	-0.008710801393728191	0.012195121951219407	17477939
2024-09-13	0.0	0.0017421602787456073	0.013937282229965169	-0.0017421602787456073	0.0	13413130
2024-09-12	0.0052539404553415495	-0.001751313485113798	0.008756567425569146	-0.003502626970227596	0.0052539404553415495	11068168
2024-09-11	-0.005226480836236977	-0.005226480836236977	0.005226480836236822	-0.012195121951219561	-0.005226480836236977	12508274
2024-09-10	-0.005199306759098676	0.0017331022530330462	0.0051993067590988306	-0.025996533795493843	-0.005199306759098676	17796479
2024-09-09	0.0034782608695651434	-0.008695652173913012	0.020869565217391323	-0.010434782608695584	0.0034782608695651434	25491743
2024-09-06	-0.0017361111111110742	0.020833333333333353	0.024305555555555657	-0.005208333333333223	-0.0017361111111110742	27322324
2024-09-05	0.015873015873015848	0.0	0.017636684303350907	-0.0017636684303350594	0.015873015873015848	17023198
2024-09-04	-0.005263157894736885	-0.007017543859649129	0.012280701754385859	-0.007017543859649129	-0.005263157894736885	13679147
2024-09-03	0.008849557522123862	-0.0017699115044248982	0.015929203539822984	-0.0017699115044248982	0.008849557522123862	14110112
2024-09-02	-0.02753872633390693	-0.008605851979345925	-0.0017211703958691545	-0.03098106712564539	-0.02753872633390693	24590634
2024-08-30	0.04496402877697842	0.012589928057554009	0.05395683453237423	0.0053956834532374555	0.04496402877697842	38866516
2024-08-29	-0.008912655971479628	-0.0017825311942960204	0.007130124777183606	-0.010695187165775489	-0.008912655971479628	17168300
2024-08-28	0.0	0.0017825311942958621	0.008912655971479468	-0.0053475935828877445	0.0	11738164
2024-08-27	-0.003552397868561203	-0.003552397868561203	0.0	-0.014209591474245128	-0.003552397868561203	9656977
2024-08-26	0.0017793594306049442	0.0	0.007117437722419935	-0.005338078291814991	0.0017793594306049442	12040520
2024-08-23	0.0017825311942958621	-0.0035650623885918825	0.008912655971479468	-0.008912655971479628	0.0017825311942958621	12542370
2024-08-22	-0.014059753954305811	0.0070298769771529055	0.0070298769771529055	-0.01933216168717053	-0.014059753954305811	13982068
2024-08-21	-0.01386481802426329	0.0	0.0034662045060659384	-0.015597920277296336	-0.01386481802426329	11876203
2024-08-20	-0.008591065292096342	0.0	0.0034364261168384146	-0.012027491408934755	-0.008591065292096342	13575792
2024-08-19	0.0017211703958693073	-0.0017211703958691545	0.008605851979346078	-0.0068846815834767705	0.0017211703958693073	12196684
2024-08-16	-0.010221465076661072	-0.0034071550255537412	0.001703577512776795	-0.013628620102214663	-0.010221465076661072	14846640
2024-08-15	0.013816925734024191	-0.0069084628670120956	0.015544041450777177	-0.0069084628670120956	0.013816925734024191	15139966
2024-08-14	0.0	0.0	0.0069084628670120956	-0.0034542314335061245	0.0	10744948
2024-08-13	0.006956521739130441	-0.0017391304347825717	0.008695652173913012	-0.006956521739130441	0.006956521739130441	10580353
2024-08-12	0.0	-0.005217391304347869	0.0034782608695651434	-0.006956521739130441	0.0	10968543
2024-08-09	-0.005190311418685164	0.0034602076124566734	0.008650519031141838	-0.005190311418685164	-0.005190311418685164	14177227
2024-08-08	0.0034722222222223027	-0.0017361111111110742	0.017361111111111206	-0.0034722222222221483	0.0034722222222223027	14834992
2024-08-07	-0.008605851979345925	0.0017211703958693073	0.0017211703958693073	-0.012048192771084234	-0.008605851979345925	12729793
2024-08-06	0.006932409012131722	0.013864818024263445	0.013864818024263445	-0.0017331022530328922	0.006932409012131722	13186944
2024-08-05	-0.011986301369863063	-0.0017123287671232511	0.010273972602739812	-0.011986301369863063	-0.011986301369863063	21130980
2024-08-02	-0.018487394957983246	-0.005042016806722731	0.0016806722689075271	-0.018487394957983246	-0.018487394957983246	18191478
2024-08-01	-0.009983361064891783	-0.003327787021630545	0.0	-0.011647254575707054	-0.009983361064891783	28025104
2024-07-31	0.030874785591766676	0.0034305317324184515	0.04631217838765001	0.0034305317324184515	0.030874785591766676	56497717
2024-07-30	-0.0017123287671232511	0.0017123287671232511	0.006849315068493157	-0.005136986301369906	-0.0017123287671232511	10761437
2024-07-29	-0.001709401709401673	0.0	0.006837606837606844	-0.008547008547008517	-0.001709401709401673	13736538
2024-07-26	0.015624999999999976	0.005208333333333376	0.01909722222222228	-0.0017361111111110742	0.015624999999999976	14800032
2024-07-25	0.012302284710017469	0.0	0.015817223198593997	-0.005272407732864718	0.012302284710017469	15364496
2024-07-24	-0.0017543859649122432	0.0	0.007017543859649129	-0.007017543859649129	-0.0017543859649122432	13940836
2024-07-23	-0.015544041450777177	0.00518134715025911	0.00518134715025911	-0.018998272884283303	-0.015544041450777177	13623231
2024-07-22	0.0034662045060659384	0.00866551126516477	0.012131715771230553	-0.0034662045060657844	0.0034662045060659384	16682898
2024-07-19	0.0017361111111110742	0.0	0.006944444444444451	-0.008680555555555525	0.0017361111111110742	16171962
2024-07-18	0.0034843205574912146	-0.0017421602787456073	0.0069686411149825845	-0.015679442508710777	0.0034843205574912146	18589493
2024-07-17	0.0052539404553415495	-0.003502626970227596	0.008756567425569146	-0.003502626970227596	0.0052539404553415495	16266191
2024-07-16	0.014209591474245128	0.0017761989342806016	0.01598579040852573	0.0	0.014209591474245128	13840006
2024-07-15	0.007155635062611813	0.0	0.0107334525939178	-0.007155635062611813	0.007155635062611813	11827670
2024-07-12	0.0053956834532374555	-0.0017985611510790984	0.008992805755395811	-0.0017985611510790984	0.0053956834532374555	11099299
2024-07-11	0.014598540145985252	0.010948905109488979	0.018248175182481684	0.005474452554744409	0.014598540145985252	13342712
2024-07-10	0.0	-0.0036496350364964344	0.014598540145985252	-0.0072992700729927066	0.0	10511815
2024-07-09	0.018587360594795637	0.003717472118959194	0.020446096654275152	-0.011152416356877252	0.018587360594795637	15846909
2024-07-08	-0.023593466424682377	0.0	0.0	-0.029038112522686052	-0.023593466424682377	16404219
2024-07-05	0.003642987249544549	0.003642987249544549	0.010928961748633809	-0.007285974499089259	0.003642987249544549	12220785
2024-07-04	-0.019642857142857042	0.005357142857142902	0.008928571428571556	-0.023214285714285698	-0.019642857142857042	16269589
2024-07-03	-0.012345679012345729	-0.014109347442680789	-0.0070546737213403946	-0.017636684303350907	-0.012345679012345729	12927796
2024-07-02	0.001766784452296782	0.0	0.01060070671378085	-0.003533568904593721	0.001766784452296782	12005697
2024-07-01	0.001769911504424741	0.0	0.003539823008849482	-0.01769911504424788	0.001769911504424741	15073580
2024-06-28	-0.012237762237762132	0.0	0.010489510489510577	-0.01573426573426571	-0.012237762237762132	20993045
2024-06-27	-0.001745200698080397	0.0	0.008726003490401365	-0.0034904013961606388	-0.001745200698080397	12094976
2024-06-26	0.01058201058201067	-0.0035273368606701188	0.014109347442680789	-0.005291005291005335	0.01058201058201067	12890212
2024-06-25	-0.00874125874125871	0.0017482517482518664	0.005244755244755288	-0.01923076923076913	-0.00874125874125871	16848647
2024-06-24	-0.01886792452830194	-0.0017152658662092258	0.0	-0.01886792452830194	-0.01886792452830194	15919620
2024-06-21	0.0	0.0034305317324184515	0.008576329331046281	-0.0017152658662092258	0.0	14251616
2024-06-20	-0.01851851851851857	-0.001683501683501797	0.0016835016835016474	-0.01851851851851857	-0.01851851851851857	14223332
2024-06-19	-0.009999999999999934	0.0	0.005000000000000042	-0.011666666666666714	-0.009999999999999934	12466758
2024-06-18	0.011804384485666152	-0.005059021922428223	0.013490725126475561	-0.005059021922428223	0.011804384485666152	19923340
2024-06-17	-0.006700167504187611	-0.011725293132328207	-0.0033500837520937313	-0.02512562814070343	-0.006700167504187611	24040337
2024-06-14	0.006745362563237781	0.0	0.010118043844856746	-0.04047217537942653	0.006745362563237781	52147426
2024-06-13	-0.006700167504187611	0.0016750418760470144	0.0016750418760470144	-0.010050251256281341	-0.006700167504187611	14719251
2024-06-12	0.0	0.0	0.005025125628140745	-0.0033500837520937313	0.0	10447640
2024-06-11	0.0	-0.008375209380234476	0.006700167504187611	-0.010050251256281341	0.0	12560858
2024-06-07	0.0	0.00335008375209388	0.008375209380234476	-0.013400335008375222	0.0	16979302
2024-06-06	-0.01158940397350998	0.0033112582781456247	0.0033112582781456247	-0.014900662251655606	-0.01158940397350998	19785039
2024-06-05	-0.009836065573770428	-0.001639344262295047	0.0016393442622951928	-0.009836065573770428	-0.009836065573770428	15922921
2024-06-04	0.0032894736842104563	0.0032894736842104563	0.008223684210526286	-0.00493421052631583	0.0032894736842104563	17460660
2024-06-03	-0.011382113821138257	-0.0032520325203252783	-0.0016260162601627113	-0.019512195121951237	-0.011382113821138257	23033500
2024-05-31	-0.0032414910858994447	0.0032414910858995886	0.009724473257698622	-0.0032414910858994447	-0.0032414910858994447	14732883
2024-05-30	0.0	-0.0016207455429497223	0.0016207455429497223	-0.004862236628849311	0.0	10562644
2024-05-29	0.0	0.0	0.009724473257698622	-0.0032414910858994447	0.0	11462446
2024-05-28	-0.008038585209003187	0.0	0.0032154340836013607	-0.009646302250803797	-0.008038585209003187	12391981
2024-05-27	0.0032258064516128343	0.0016129032258064171	0.006451612903225812	-0.006451612903225812	0.0032258064516128343	15335335
2024-05-24	-0.007999999999999972	0.0015999999999999658	0.0048000000000000395	-0.007999999999999972	-0.007999999999999972	13953980
2024-05-23	-0.021909233176838763	-0.0015649452269170245	-0.0015649452269170245	-0.021909233176838763	-0.021909233176838763	22315960
2024-05-22	0.007886435331230256	-0.0015772870662460231	0.012618296529968466	-0.0031545741324920462	0.007886435331230256	19447173
2024-05-21	-0.009375000000000078	-0.0015625000000001055	0.0	-0.012500000000000011	-0.009375000000000078	15258389
2024-05-20	0.0015649452269171635	-0.0015649452269170245	0.01095461658841945	-0.003129890453834049	0.0015649452269171635	22476130
2024-05-17	0.015898251192368783	0.0	0.017488076311605774	0.0	0.015898251192368783	21648053
2024-05-16	-0.0015873015873015535	0.003174603174603248	0.009523809523809603	-0.0015873015873015535	-0.0015873015873015535	16541771
2024-05-15	-0.020217729393468102	0.0015552099533438063	0.004665629860031143	-0.021772939346811772	-0.020217729393468102	27283682
2024-05-14	0.0	0.003110419906687475	0.003110419906687475	-0.010886469673405817	0.0	21934628
2024-05-13	-0.0015527950310560052	-0.00465838509316774	0.006211180124223607	-0.01397515527950322	-0.0015527950310560052	26753748
2024-05-10	0.0078247261345854	0.0015649452269171635	0.012519561815336476	-0.003129890453834049	0.0078247261345854	24647981
2024-05-09	0.007886435331230256	0.0	0.011041009463722443	-0.0015772870662460231	0.007886435331230256	19533104
2024-05-08	-0.013996889580093291	-0.0015552099533436682	0.0	-0.01555209953343696	-0.013996889580093291	17982590
2024-05-07	-0.0061823802163833135	-0.003091190108191588	0.0015455950540959314	-0.010819165378670696	-0.0061823802163833135	21114362
2024-05-06	0.010937499999999906	0.015624999999999944	0.028124999999999956	0.0046874999999999	0.010937499999999906	34360953
2024-04-30	-0.030303030303030196	-0.013636363636363615	-0.007575757575757549	-0.0333333333333333	-0.030303030303030196	44427376
2024-04-29	0.01538461538461533	-0.0030769230769230114	0.026153846153846142	-0.006153846153846159	0.01538461538461533	64530727
2024-04-26	0.053484602917341986	0.025931928687196133	0.05510534846029171	0.011345218800648345	0.053484602917341986	71145601
2024-04-25	-0.001618122977346244	-0.003236245954692488	0.00647249190938512	-0.00647249190938512	-0.001618122977346244	16688184
2024-04-24	-0.001615508885298978	0.0016155088852988345	0.003231017770597669	-0.006462035541195482	-0.001615508885298978	17452276
2024-04-23	-0.0032206119162640216	-0.0016103059581320108	0.008051529790660197	-0.008051529790660197	-0.0032206119162640216	18965226
2024-04-22	-0.007987220447284317	-0.0015974440894568351	0.006389776357827482	-0.009584664536741151	-0.007987220447284317	22079856
2024-04-19	-0.004769475357710691	-0.004769475357710691	0.0031796502384737	-0.007949125596184391	-0.004769475357710691	24566873
2024-04-18	0.0015923566878980552	-0.007961783439490418	0.015923566878980836	-0.011146496815286669	0.0015923566878980552	44286557
2024-04-17	0.011272141706924362	0.0	0.012882447665056373	-0.025764895330112746	0.011272141706924362	44523863
2024-04-16	-0.003210272873194295	0.0016051364365970765	0.024077046548956572	-0.008025682182985668	-0.003210272873194295	57628086
2024-04-15	0.04180602006688963	0.02508361204013369	0.06521739130434777	0.02173913043478259	0.04180602006688963	69734963
2024-04-12	-0.022875816993464	0.0	0.004901960784313766	-0.022875816993464	-0.022875816993464	22437655
2024-04-11	0.0016366612111292612	-0.0049099836333879295	0.013093289689034381	-0.0065466448445171905	0.0016366612111292612	18328085
2024-04-10	-0.020833333333333315	0.0	0.0	-0.025641025641025664	-0.020833333333333315	23877112
2024-04-09	0.0016051364365970765	0.003210272873194153	0.008025682182985525	-0.003210272873194295	0.0016051364365970765	16402874
2024-04-08	-0.023510971786833774	-0.0047021943573668104	-0.0047021943573668104	-0.023510971786833774	-0.023510971786833774	22855011
2024-04-03	-0.00931677018633548	-0.0015527950310560052	0.0015527950310558673	-0.00931677018633548	-0.00931677018633548	16297068
2024-04-02	-0.010752688172042918	-0.001536098310291826	0.001536098310291826	-0.012288786482334882	-0.010752688172042918	24295721
2024-04-01	0.0046296296296295305	-0.0015432098765433139	0.007716049382716021	-0.0046296296296296675	0.0046296296296295305	32162627
2024-03-29	0.01408450704225364	0.0015649452269171635	0.015649452269170663	-0.004694835680751074	0.01408450704225364	19504824
2024-03-28	0.003139717425431644	0.0	0.014128728414442678	-0.001569858712715822	0.003139717425431644	17892425
2024-03-27	-0.021505376344085975	-0.003072196620583652	0.001536098310291826	-0.023041474654377798	-0.021505376344085975	18801552
2024-03-26	0.0030816640986131853	-0.0030816640986133224	0.0077041602465331	-0.0077041602465331	0.0030816640986131853	17663973
2024-03-25	-0.018154311649016656	-0.006051437216338886	-0.00302571860816951	-0.021180030257186167	-0.018154311649016656	22514808
2024-03-22	-0.019287833827893158	-0.0014836795252225203	-0.0014836795252225203	-0.02077151335311581	-0.019287833827893158	26102345
2024-03-21	0.0014858841010400871	0.0014858841010400871	0.010401188707280741	-0.002971768202080306	0.0014858841010400871	23398621
2024-03-20	0.0014880952380953386	0.0	0.004464285714285751	-0.005952380952380958	0.0014880952380953386	17472122
2024-03-19	-0.016105417276720397	-0.0029282576866764953	-0.0014641288433381826	-0.016105417276720397	-0.016105417276720397	21580925
2024-03-18	0.01636904761904767	0.004464285714285751	0.023809523809523832	0.0014880952380953386	0.01636904761904767	35900421
2024-03-15	0.005988023952095814	-0.0029940119760478406	0.005988023952095814	-0.008982035928143655	0.005988023952095814	17000342
2024-03-14	-0.004470938897168443	-0.0014903129657227701	0.004470938897168443	-0.011922503725782425	-0.004470938897168443	20497788
2024-03-13	-0.014684287812041065	-0.0044052863436122415	-0.0014684287812040803	-0.017621145374449226	-0.014684287812041065	23822232
2024-03-12	0.004424778761061852	0.0029498525073745683	0.005899705014749268	-0.005899705014749268	0.004424778761061852	30789998
2024-03-11	0.011940298507462697	-0.001492537313432804	0.011940298507462697	-0.0029850746268657406	0.011940298507462697	24408342
2024-03-08	-0.0029761904761904127	0.0	0.002976190476190545	-0.00892857142857137	-0.0029761904761904127	18427434
2024-03-07	-0.0029673590504451725	0.0	0.010385756676557773	-0.007418397626112733	-0.0029673590504451725	28782113
2024-03-06	0.0	0.0	0.011869436201780426	-0.008902077151335385	0.0	25531250
2024-03-05	-0.010279001468428693	-0.0044052863436122415	0.0	-0.013215859030836984	-0.010279001468428693	27128268
2024-03-04	-0.01589595375722548	-0.0028901734104045626	-0.0014450867052022813	-0.020231213872832325	-0.01589595375722548	30204465
2024-03-01	0.002898550724637619	0.0	0.007246376811594177	-0.008695652173913115	0.002898550724637619	38553944
2024-02-29	0.022222222222222275	-0.0029629629629629	0.022222222222222275	-0.004444444444444481	0.022222222222222275	42697603
2024-02-28	-0.013157894736842085	0.005847953216374275	0.027777777777777835	-0.013157894736842085	-0.013157894736842085	67403964
2024-02-27	0.013333333333333312	0.004444444444444481	0.013333333333333312	-0.00148148148148145	0.013333333333333312	32231065
2024-02-26	-0.01459854014598535	-0.002919708029197018	0.0	-0.01459854014598535	-0.01459854014598535	31538580
2024-02-23	0.002928257686676365	-0.0014641288433381826	0.010248901903367538	-0.007320644216691043	0.002928257686676365	37287332
2024-02-22	0.013353115727002946	-0.005934718100890213	0.019287833827893158	-0.008902077151335385	0.013353115727002946	40374975
2024-02-21	0.0059701492537313485	-0.007462686567164152	0.026865671641791003	-0.016417910447761242	0.0059701492537313485	55678237
2024-02-20	0.010558069381598836	-0.004524886877828092	0.01659125188536958	-0.00904977375565605	0.010558069381598836	43177507
2024-02-19	-0.010447761194029893	-0.007462686567164152	-0.0059701492537313485	-0.03432835820895529	-0.010447761194029893	42319712
2024-02-08	0.01361573373676246	0.015128593040847146	0.02269288956127072	0.0	0.01361573373676246	60245143
2024-02-07	0.015360983102918668	-0.001536098310291826	0.02150537634408611	-0.004608294930875478	0.015360983102918668	58279232
2024-02-06	0.06026058631921826	-0.014657980456026036	0.06514657980456032	-0.02280130293159604	0.06026058631921826	56441707
2024-02-05	-0.03307086614173228	-0.009448818897637734	-0.007874015748031468	-0.06771653543307082	-0.03307086614173228	61757373
2024-02-02	-0.024577572964669763	0.0	0.009216589861751228	-0.05683563748079879	-0.024577572964669763	51738886
2024-02-01	-0.025449101796407175	-0.008982035928143655	0.010479041916167707	-0.037425149700598806	-0.025449101796407175	60554995
2024-01-31	0.0	-0.004491017964071761	0.025449101796407175	-0.014970059880239469	0.0	55835950
2024-01-30	-0.02052785923753674	-0.01759530791788858	0.011730205278592386	-0.02052785923753674	-0.02052785923753674	50399497
2024-01-29	-0.022922636103151883	0.0	0.014326647564469863	-0.02865329512893985	-0.022922636103151883	80485058
2024-01-26	0.02496328928047002	-0.005873715124816452	0.09251101321585915	-0.013215859030836984	0.02496328928047002	104246762
2024-01-25	0.024060150375939737	-0.016541353383458694	0.034586466165413464	-0.02255639097744366	0.024060150375939737	76970837
2024-01-24	0.05555555555555564	0.003174603174603248	0.06349206349206354	-0.01269841269841271	0.05555555555555564	60818670
2024-01-23	0.02605863192182413	-0.004885993485341916	0.029315960912052217	-0.016286644951140006	0.02605863192182413	25166961
2024-01-22	-0.03307086614173228	0.0	0.006299212598425203	-0.04409448818897628	-0.03307086614173228	26863375
2024-01-19	-0.012441679626749623	-0.0031104199066873364	-0.0031104199066873364	-0.018662519440124436	-0.012441679626749623	21338760
2024-01-18	-0.0061823802163833135	-0.0061823802163833135	0.0	-0.040185471406491466	-0.0061823802163833135	34460293
2024-01-17	-0.006144393241167441	0.0	0.010752688172043055	-0.009216589861751093	-0.006144393241167441	20704434
2024-01-16	0.0061823802163833135	0.0015455950540959314	0.009273570324575039	-0.009273570324574902	0.0061823802163833135	15381042
2024-01-15	-0.0015432098765433139	0.0	0.007716049382716021	-0.007716049382716158	-0.0015432098765433139	12494225
2024-01-12	-0.004608294930875478	-0.001536098310291826	0.004608294930875614	-0.006144393241167441	-0.004608294930875478	13021346
2024-01-11	0.0061823802163833135	-0.003091190108191588	0.012364760432766627	-0.0061823802163833135	0.0061823802163833135	15215928
2024-01-10	-0.0015432098765433139	0.0	0.006172839506172707	-0.010802469135802512	-0.0015432098765433139	16562463
2024-01-09	0.007776049766718618	0.003110419906687475	0.015552099533437098	-0.0031104199066873364	0.007776049766718618	21564656
2024-01-08	-0.01832061068702292	0.0015267175572518759	0.00610687022900764	-0.01832061068702292	-0.01832061068702292	21362704
2024-01-05	-0.0060698027314112345	0.0	0.010622154779969695	-0.009104704097116785	-0.0060698027314112345	19762003
2024-01-04	-0.01788375558867364	-0.0029806259314455403	-0.0014903129657227701	-0.02384500745156485	-0.01788375558867364	20489915
2024-01-03	0.0029895366218235533	-0.0014947683109119096	0.008968609865470793	-0.007473841554559149	0.0029895366218235533	23472286
2024-01-02	-0.007418397626112733	-0.0014836795252225203	0.0044510385756675605	-0.008902077151335385	-0.007418397626112733	22776519
2023-12-29	-0.0029585798816567418	0.0	0.002958579881656873	-0.0059171597633136145	-0.0029585798816567418	19819899
2023-12-28	0.015015015015014961	-0.006006006006006011	0.019519519519519503	-0.0075075075075074806	0.015015015015014961	23227483
2023-12-27	0.010622154779969695	-0.00303490136570555	0.013657056145675243	-0.00758725341426401	0.010622154779969695	15850430
2023-12-26	-0.016417910447761242	-0.004477611940298544	0.0	-0.01940298507462685	-0.016417910447761242	11464588
2023-12-25	0.0014947683109117766	0.0	0.005979073243647239	-0.004484304932735463	0.0014947683109117766	13201712
2023-12-22	0.0014970059880240532	0.0014970059880240532	0.007485029940119867	-0.004491017964071761	0.0014970059880240532	16324907
2023-12-21	0.006024096385542174	0.0	0.012048192771084348	-0.009036144578313195	0.006024096385542174	19767204
2023-12-20	-0.0192023633677991	0.0	0.0014771048744461855	-0.0192023633677991	-0.0192023633677991	19111266
2023-12-19	-0.007331378299120338	0.0	0.0029325513196480314	-0.0131964809384164	-0.007331378299120338	17311868
2023-12-18	-0.010159651669085544	0.001451378809869474	0.004354136429608164	-0.014513788098693707	-0.010159651669085544	16139645
2023-12-15	-0.0014492753623189384	0.005797101449275368	0.011594202898550735	-0.002898550724637748	-0.0014492753623189384	17486240
2023-12-14	-0.001447178002894325	0.005788712011577429	0.00868306801736608	-0.001447178002894325	-0.001447178002894325	13302968
2023-12-13	-0.005755395683453243	0.0014388489208632786	0.005755395683453243	-0.005755395683453243	-0.005755395683453243	16402248
2023-12-12	-0.005722460658082981	-0.0014306151645207133	0.0	-0.011444921316165962	-0.005722460658082981	18761042
2023-12-11	0.01746724890829696	0.004366812227074272	0.01892285298398834	-0.02037845705967972	0.01746724890829696	29488540
2023-12-08	-0.010086455331412144	0.0	0.0028818443804033964	-0.011527377521613843	-0.010086455331412144	17620400
2023-12-07	0.014619883040935752	0.002923976608187202	0.01900584795321636	-0.0014619883040935362	0.014619883040935752	17448224
2023-12-06	-0.001459854014598509	-0.004379562043795527	0.007299270072992805	-0.005839416058394166	-0.001459854014598509	16297274
2023-12-05	-0.015804597701149472	0.0	0.0014367816091953717	-0.018678160919540214	-0.015804597701149472	19152484
2023-12-04	-0.007132667617688991	-0.0028530670470755456	0.004279600570613445	-0.007132667617688991	-0.007132667617688991	15242805
2023-12-01	0.015942028985507162	-0.002898550724637748	0.015942028985507162	-0.002898550724637748	0.015942028985507162	19301335
2023-11-30	0.005830903790087469	0.0	0.010204081632652972	-0.005830903790087469	0.005830903790087469	17829216
2023-11-29	-0.010101010101010015	0.002886002886002953	0.002886002886002953	-0.010101010101010015	-0.010101010101010015	16145597
2023-11-28	-0.002877697841726685	-0.0014388489208632786	0.0014388489208632786	-0.007194244604316521	-0.002877697841726685	13791507
2023-11-27	-0.005722460658082981	-0.0028612303290415537	0.0	-0.012875536480686674	-0.005722460658082981	16945858
2023-11-24	-0.009915014164305864	-0.0014164305949008198	0.0	-0.009915014164305864	-0.009915014164305864	12753020
2023-11-23	0.007132667617688991	0.0028530670470756723	0.007132667617688991	-0.0042796005706133185	0.007132667617688991	19546416
2023-11-22	-0.009887005649717555	-0.004237288135593255	0.004237288135593255	-0.009887005649717555	-0.009887005649717555	18034926
2023-11-21	0.0014144271570013841	0.0028288543140027682	0.015558698727015478	0.0	0.0014144271570013841	21336322
2023-11-20	-0.005625879043600567	0.0	0.0014064697609001105	-0.01406469760900148	-0.005625879043600567	20427775
2023-11-17	0.00708215297450435	0.004249291784702585	0.00849858356940517	0.0	0.00708215297450435	19749364
2023-11-16	-0.0084269662921349	0.0	0.005617977528089893	-0.0084269662921349	-0.0084269662921349	21903295
2023-11-15	-0.0014025245441794932	0.0154277699859748	0.018232819074333786	-0.004207573632538604	-0.0014025245441794932	31108552
2023-11-14	0.014224751066856278	0.0042674253200568075	0.02418207681365575	-0.001422475106685729	0.014224751066856278	34088401
2023-11-13	-0.005657708628005662	0.0014144271570013841	0.004243281471004153	-0.011315417256011324	-0.005657708628005662	23702631
2023-11-10	0.0014164305949009456	0.0	0.005665722379603405	-0.004249291784702459	0.0014164305949009456	19618580
2023-11-09	0.0014184397163120265	-0.0014184397163120265	0.0056737588652482325	-0.004255319148936206	0.0014184397163120265	21437494
2023-11-08	-0.009831460674157343	-0.001404494382022442	0.001404494382022442	-0.016853932584269676	-0.009831460674157343	28860727
2023-11-07	0.011363636363636374	-0.0028409090909091565	0.015625000000000045	-0.007102272727272702	0.011363636363636374	43684910
2023-11-06	0.03834808259587017	0.02064896755162237	0.03982300884955746	0.01622418879056039	0.03834808259587017	51526633
2023-11-03	0.002958579881656873	0.002958579881656873	0.011834319526627229	-0.0029585798816567418	0.002958579881656873	24777480
2023-11-02	-0.010248901903367538	0.0	0.00585651537335286	-0.010248901903367538	-0.010248901903367538	25087619
2023-11-01	0.0	0.007320644216691043	0.010248901903367538	-0.0029282576866764953	0.0	23151452
2023-10-31	-0.0014619883040935362	0.0	0.007309941520467811	-0.004385964912280738	-0.0014619883040935362	23538118
2023-10-30	0.010339734121122643	0.004431314623338294	0.014771048744460936	-0.0014771048744460543	0.010339734121122643	35445564
2023-10-27	-0.0014749262536874151	-0.004424778761061983	0.0014749262536872842	-0.010324483775811251	-0.0014749262536874151	24041888
2023-10-26	0.005934718100890213	-0.0014836795252225203	0.007418397626112733	-0.007418397626112733	0.005934718100890213	16764125
2023-10-25	0.002976190476190545	0.008928571428571503	0.011904761904761916	0.0014880952380953386	0.002976190476190545	23083787
2023-10-24	0.0306748466257669	0.0	0.03374233128834366	0.0	0.0306748466257669	25007436
2023-10-23	-0.023952095808383256	-0.0014970059880239203	0.0	-0.029940119760478938	-0.023952095808383256	21934026
2023-10-20	-0.0029850746268657406	-0.0059701492537313485	0.007462686567164152	-0.0059701492537313485	-0.0029850746268657406	18501989
2023-10-19	-0.007407407407407381	-0.005925925925925931	0.007407407407407381	-0.008888888888888832	-0.007407407407407381	20132920
2023-10-18	-0.0014792899408283709	0.002958579881656873	0.008875739644970487	-0.004437869822485113	-0.0014792899408283709	21976144
2023-10-17	0.013493253373313321	0.004497751124437818	0.02248875562218896	0.0014992503748125618	0.013493253373313321	23136139
2023-10-16	-0.0029895366218236864	-0.0029895366218236864	0.0044843049327353305	-0.005979073243647239	-0.0029895366218236864	18529209
2023-10-13	-0.01327433628318582	-0.005899705014749268	-0.004424778761061983	-0.016224188790560517	-0.01327433628318582	21995449
2023-10-12	0.011940298507462697	0.01044776119402976	0.013432835820895501	0.002985074626865608	0.011940298507462697	24861005
2023-10-11	-0.010339734121122511	0.0029542097488922396	0.007385524372230534	-0.01329394387001475	-0.010339734121122511	20633457
2023-10-10	-0.010233918128655012	0.004385964912280738	0.008771929824561476	-0.01169590643274855	-0.010233918128655012	17176279
2023-10-09	-0.007256894049346854	-0.0029027576197386902	-0.0014513788098693451	-0.013062409288824363	-0.007256894049346854	21775594
2023-09-28	-0.007204610951008748	0.0	0.004322766570605095	-0.007204610951008748	-0.007204610951008748	19269371
2023-09-27	-0.0028735632183907434	0.0	0.008620689655172358	-0.005747126436781614	-0.0028735632183907434	20956776
2023-09-26	-0.0028653295128940486	0.0	0.005730659025787843	-0.00429799426934101	-0.0028653295128940486	15602221
2023-09-25	-0.014124293785310684	-0.005649717514124299	-0.004237288135593255	-0.016949152542372895	-0.014124293785310684	18482947
2023-09-22	0.018705035971223007	-0.002877697841726685	0.018705035971223007	-0.002877697841726685	0.018705035971223007	26483057
2023-09-21	-0.00429799426934101	-0.001432664756447088	0.008595988538681891	-0.005730659025787971	-0.00429799426934101	14702023
2023-09-20	-0.007112375533428139	-0.004267425320056934	-0.001422475106685729	-0.008534850640113868	-0.007112375533428139	16398001
2023-09-19	-0.002836879432624053	0.0014184397163120265	0.007092198581560258	-0.0056737588652482325	-0.002836879432624053	15740378
2023-09-18	0.0028449502133712054	0.0	0.0042674253200568075	-0.005689900426742537	0.0028449502133712054	15672078
2023-09-15	-0.011251758087201134	0.0014064697609001105	0.007032348804500678	-0.01265822784810137	-0.011251758087201134	24821922
2023-09-14	0.0028208744710861017	0.0	0.007052186177715067	-0.00423131170662909	0.0028208744710861017	15700788
2023-09-13	-0.011157601115760122	-0.0013947001394699842	0.0013947001394699842	-0.015341701534170199	-0.011157601115760122	12877828
2023-09-12	-0.005547850208044388	-0.0013869625520110662	0.0027739251040222557	-0.006934812760055454	-0.005547850208044388	13830445
2023-09-11	0.005578800557880061	0.006973500697350045	0.01394700139470009	-0.005578800557880061	0.005578800557880061	26462282
2023-09-08	0.012711864406779641	0.0028248587570620866	0.014124293785310684	-0.004237288135593255	0.012711864406779641	15865604
2023-09-07	-0.007012622720897591	0.0014025245441794932	0.007012622720897591	-0.007012622720897591	-0.007012622720897591	22216002
2023-09-06	-0.011095700416088776	-0.0013869625520110662	0.0013869625520110662	-0.013869625520110907	-0.011095700416088776	28411691
2023-09-05	-0.016371077762619386	0.001364256480218252	0.001364256480218252	-0.017735334242837637	-0.016371077762619386	23851376
2023-09-04	0.006868131868131844	0.0027472527472526885	0.010989010989010999	-0.004120879120879155	0.006868131868131844	25182172
2023-09-01	-0.006821282401091381	0.0	0.004092769440654877	-0.013642564802182762	-0.006821282401091381	22072556
2023-08-31	-0.022666666666666658	-0.007999999999999948	-0.0026666666666666098	-0.0293333333333333	-0.022666666666666658	36054805
2023-08-30	-0.02975420439844766	-0.006468305304010441	-0.006468305304010441	-0.02975420439844766	-0.02975420439844766	36121745
2023-08-29	-0.016539440203562326	-0.0038167938931298025	0.005089058524173033	-0.03689567430025446	-0.016539440203562326	54967071
2023-08-28	0.03830911492734478	0.09907529722589167	0.10039630118890354	0.03302509907529722	0.03830911492734478	95108511
2023-08-25	-0.0026350461133069266	-0.01054018445322794	0.006587615283267434	-0.011857707509881405	-0.0026350461133069266	21965164
2023-08-24	0.00930851063829791	0.002659574468085168	0.01861702127659582	-0.003989361702127575	0.00930851063829791	22940461
2023-08-23	-0.022106631989596986	-0.0013003901170351982	-0.0013003901170351982	-0.02470741222366715	-0.022106631989596986	20045250
2023-08-22	0.011842105263157994	0.011842105263157994	0.01578947368421054	-0.003947368421052548	0.011842105263157994	26275256
2023-08-21	-0.025641025641025664	-0.0025641025641025095	0.008974358974359012	-0.028205128205128174	-0.025641025641025664	30596791
2023-08-18	-0.01886792452830193	0.0	0.010062893081760903	-0.01886792452830193	-0.01886792452830193	27082903
2023-08-17	0.0	-0.0037735849056604086	0.0037735849056604086	-0.017610062893081833	0.0	32027529
2023-08-16	0.003787878787878819	-0.01010101010101011	0.021464646464646457	-0.016414141414141402	0.003787878787878819	34430450
2023-08-15	0.0038022813688213244	-0.002534854245880808	0.007604562737642649	-0.012674271229404266	0.0038022813688213244	30135291
2023-08-14	-0.00504413619167718	-0.016393442622950807	0.00504413619167718	-0.02395964691046652	-0.00504413619167718	29389730
2023-08-11	-0.03174603174603172	-0.00488400488400478	-0.00488400488400478	-0.03296703296703292	-0.03174603174603172	52146623
2023-08-10	0.012360939431396743	0.0049443757725588285	0.014833127317676267	-0.0024721878862793045	0.012360939431396743	40843680
2023-08-09	-0.00736196319018411	-0.006134969325153461	0.003680981595091946	-0.013496932515337571	-0.00736196319018411	36013145
2023-08-08	-0.00488400488400478	-0.008547008547008583	0.008547008547008583	-0.03663003663003661	-0.00488400488400478	60421280
2023-08-07	-0.009673518742442573	-0.01692865779927434	-0.006045949214026474	-0.026602176541716913	-0.009673518742442573	46847957
2023-08-04	0.023514851485148452	0.017326732673267398	0.04702970297029713	0.006188118811881276	0.023514851485148452	116687488
2023-08-03	0.02408111533586824	0.007604562737642649	0.03168567807351089	-0.010139416983523457	0.02408111533586824	61736129
2023-08-02	0.0012690355329948969	-0.0025380710659897937	0.016497461928933997	-0.006345177664974597	0.0012690355329948969	35118509
2023-08-01	0.0	-0.012690355329949193	0.012690355329949306	-0.016497461928933997	0.0	48021369
2023-07-31	-0.001267427122940404	0.006337135614702245	0.02154626108998743	-0.002534854245880808	-0.001267427122940404	86670197
2023-07-28	0.05906040268456369	0.0	0.06442953020134222	-0.004026845637583926	0.05906040268456369	86361281
2023-07-27	-0.014550264550264477	-0.0013227513227512947	0.002645502645502707	-0.018518518518518476	-0.014550264550264477	26107764
2023-07-26	-0.003952569169960507	-0.0013175230566534633	0.0026350461133070437	-0.013175230566534867	-0.003952569169960507	23559694
2023-07-25	0.03688524590163928	0.02459016393442619	0.04508196721311476	0.016393442622950834	0.03688524590163928	52502962
2023-07-24	0.0	-0.0013661202185793271	0.00683060109289615	-0.006830601092896272	0.0	10027073
2023-07-21	0.0027397260273973236	0.0013698630136986009	0.00958904109589045	-0.004109589041095925	0.0027397260273973236	11254511
2023-07-20	-0.018817204301075346	0.0013440860215053476	0.004032258064516043	-0.02150537634408604	-0.018817204301075346	20840673
2023-07-19	0.015006821282401136	0.0	0.015006821282401136	-0.002728512960436625	0.015006821282401136	22268378
2023-07-18	0.002735978112175166	-0.0013679890560875222	0.006839945280437854	-0.004103967168262566	0.002735978112175166	11633760
2023-07-17	0.0	-0.0027359781121750444	0.002735978112175166	-0.0109439124487003	0.0	16580226
2023-07-14	0.005502063273727653	0.0027510316368638877	0.012379642365887311	-0.0013755158184318827	0.005502063273727653	19218810
2023-07-13	0.01963534361851328	0.007012622720897591	0.023842917251051882	0.0028050490883591113	0.01963534361851328	22201406
2023-07-12	-0.009722222222222262	0.0	0.00555555555555556	-0.01249999999999998	-0.009722222222222262	11780808
2023-07-11	0.008403361344537886	0.0014005602240897304	0.011204481792717097	0.0	0.008403361344537886	11090658
2023-07-10	-0.001398601398601493	0.0041958041958041065	0.011188811188811197	-0.0041958041958042305	-0.001398601398601493	13778592
2023-07-07	0.011315417256011324	0.0	0.015558698727015478	-0.004243281471004278	0.011315417256011324	14219361
2023-07-06	-0.004225352112675967	-0.004225352112675967	0.011267605633802828	-0.007042253521126736	-0.004225352112675967	13552450
2023-07-05	-0.012517385257301911	-0.004172461752433971	0.0013908205841446156	-0.013908205841446527	-0.012517385257301911	16619259
2023-07-04	-0.006906077348066274	-0.0013812154696132301	0.00414364640883969	-0.01381215469613267	-0.006906077348066274	17283363
2023-07-03	0.016853932584269676	0.0	0.01966292134831456	-0.001404494382022442	0.016853932584269676	20274148
2023-06-30	0.00423131170662909	-0.0014104372355429884	0.012693935119887145	-0.00423131170662909	0.00423131170662909	15302698
2023-06-29	0.004249291784702585	0.0	0.00849858356940517	-0.007082152974504224	0.004249291784702585	11555966
2023-06-28	0.014367816091953972	0.0014367816091953717	0.021551724137931084	-0.007183908045976986	0.014367816091953972	16965609
2023-06-27	0.017543859649122823	-0.0014619883040935362	0.020467836257310024	-0.0014619883040935362	0.017543859649122823	16760358
2023-06-26	-0.029787234042553186	-0.004255319148936206	-0.004255319148936206	-0.03262411347517724	-0.029787234042553186	24149314
2023-06-21	-0.01398601398601406	-0.001398601398601493	0.0027972027972027374	-0.016783216783216797	-0.01398601398601406	18558992
2023-06-20	-0.013793103448275813	0.0	0.0041379310344827926	-0.015172413793103492	-0.013793103448275813	18679125
2023-06-19	-0.014945652173913086	0.0	0.002717391304347768	-0.01902173913043486	-0.014945652173913086	22726351
2023-06-16	0.02222222222222224	0.0027777777777777185	0.034722222222222224	0.0	0.02222222222222224	30501122
2023-06-15	-0.009628610729023301	-0.009628610729023301	-0.0013755158184318827	-0.02200825309491049	-0.009628610729023301	23483380
2023-06-14	-0.009536784741144453	-0.0040871934604904975	0.012261580381471371	-0.013623978201634829	-0.009536784741144453	22802997
2023-06-13	0.0068587105624142415	-0.004115226337448594	0.009602194787380012	-0.005486968449931418	0.0068587105624142415	15290957
2023-06-12	-0.012195121951219494	-0.006775067750677483	0.002710027100271065	-0.035230352303523005	-0.012195121951219494	30399677
2023-06-09	-0.010723860589812341	0.001340482573726513	0.002680965147453145	-0.021447721179624683	-0.010723860589812341	27959250
2023-06-08	0.009472259810554842	0.0	0.018944519621109684	-0.006765899864681979	0.009472259810554842	29243161
2023-06-07	0.012328767123287652	-0.0013698630136986009	0.024657534246575425	-0.0027397260273972017	0.012328767123287652	27320350
2023-06-06	-0.0068027210884353505	0.0	0.027210884353741523	-0.009523809523809441	-0.0068027210884353505	38515352
2023-06-05	0.002728512960436504	0.0	0.008185538881309632	-0.004092769440654877	0.002728512960436504	16954644
2023-06-02	0.0	0.006821282401091381	0.006821282401091381	-0.002728512960436625	0.0	22237621
2023-06-01	-0.008119079837618351	-0.004059539918809116	0.004059539918809235	-0.012178619756427585	-0.008119079837618351	30654781
2023-05-31	0.015109890109890032	-0.004120879120879155	0.03434065934065934	-0.005494505494505499	0.015109890109890032	45035206
2023-05-30	0.0041379310344827926	0.0	0.008275862068965464	-0.009655172413793142	0.0041379310344827926	19736161
2023-05-29	-0.00137741046831953	0.0027548209366391823	0.008264462809917425	-0.008264462809917302	-0.00137741046831953	21744996
2023-05-26	0.016806722689075647	0.0028011204481793364	0.01960784313725498	-0.005602240896358549	0.016806722689075647	25549428
2023-05-25	0.002808988764044884	-0.002808988764045009	0.00421348314606745	-0.009831460674157343	0.002808988764044884	22855372
2023-05-24	-0.019283746556473785	-0.004132231404958589	0.0	-0.02203856749311297	-0.019283746556473785	27726506
2023-05-23	-0.017591339648173193	0.004059539918809235	0.00811907983761847	-0.018944519621109566	-0.017591339648173193	25124478
2023-05-22	-0.009383378016085828	-0.001340482573726513	0.004021447721179658	-0.016085790884718513	-0.009383378016085828	25037038
2023-05-19	-0.020997375328084007	-0.0013123359580052214	-0.0013123359580052214	-0.02624671916010501	-0.020997375328084007	31875446
2023-05-18	0.003952569169960507	0.0013175230566534633	0.011857707509881405	-0.007905138339920898	0.003952569169960507	28117288
2023-05-17	-0.0065445026178010245	-0.009162303664921387	0.006544502617801141	-0.020942408376963255	-0.0065445026178010245	30932675
2023-05-16	-0.005208333333333338	0.0013020833333334213	0.02343750000000008	-0.010416666666666676	-0.005208333333333338	41870222
2023-05-15	0.010526315789473694	-0.0013157894736841825	0.017105263157894842	-0.0289473684210526	0.010526315789473694	54336848
2023-05-12	-0.016817593790427007	-0.0038809831824062413	0.006468305304010326	-0.020698576972833133	-0.016817593790427007	37784528
2023-05-11	-0.010243277848911547	0.006402048655569874	0.017925736235595464	-0.015364916773367378	-0.010243277848911547	49594299
2023-05-10	-0.03221809169764568	-0.014869888475836444	0.009913258983890963	-0.04337050805452299	-0.03221809169764568	121489991
2023-05-09	0.026717557251908393	0.011450381679389294	0.08778625954198478	0.0	0.026717557251908393	197125674
2023-05-08	0.03968253968253978	0.003968253968254001	0.05026455026455037	-0.018518518518518476	0.03968253968253978	100899375
2023-05-05	0.009345794392523284	0.0	0.025367156208277637	-0.0026702269692924514	0.009345794392523284	67930882
2023-05-04	0.030261348005502155	-0.005502063273727531	0.030261348005502155	-0.009628610729023301	0.030261348005502155	62226115
2023-04-28	0.041547277936962626	0.005730659025787843	0.05014326647564465	-0.00429799426934101	0.041547277936962626	48892547
2023-04-27	0.020467836257310024	0.0	0.02631578947368417	-0.004385964912280738	0.020467836257310024	23359966
2023-04-26	-0.001459854014598509	0.0014598540145986387	0.007299270072992805	-0.010218978102189693	-0.001459854014598509	20330579
2023-04-25	-0.004360465116279106	0.0	0.00726744186046509	-0.0159883720930233	-0.004360465116279106	24768703
2023-04-24	-0.0057803468208092535	0.002890173410404691	0.008670520231213945	-0.010115606936416227	-0.0057803468208092535	22604834
2023-04-21	-0.03621169916434538	0.004178272980501428	0.005571030640668529	-0.037604456824512474	-0.03621169916434538	32012073
2023-04-20	0.002793296089385415	0.0013966480446927076	0.005586592178770954	-0.011173184357541908	0.002793296089385415	25497728
2023-04-19	-0.009681881051175695	0.0027662517289072713	0.02213001383125854	-0.01244813278008309	-0.009681881051175695	40236099
2023-04-18	-0.006868131868131844	0.0	0.006868131868131844	-0.010989010989010999	-0.006868131868131844	28586411
2023-04-17	0.025352112676056426	-0.0028169014084506445	0.026760563380281748	-0.0028169014084506445	0.025352112676056426	38566918
2023-04-14	-0.002808988764045009	0.00421348314606745	0.008426966292134776	-0.007022471910112334	-0.002808988764045009	18298844
2023-04-13	-0.008356545961002732	-0.0013927576601671012	0.001392757660167225	-0.015320334261838361	-0.008356545961002732	25991350
2023-04-12	0.0	0.001392757660167225	0.005571030640668529	-0.00696378830083563	0.0	28328740
2023-04-11	0.002793296089385415	0.004189944134078247	0.01955307262569828	-0.008379888268156494	0.002793296089385415	53844167
2023-04-10	-0.00555555555555556	0.00694444444444442	0.009722222222222137	-0.00694444444444442	-0.00555555555555556	30319104
2023-04-07	-0.005524861878453044	-0.0041436464088398135	0.0013812154696132301	-0.01381215469613267	-0.005524861878453044	27383379
2023-04-06	0.01828410689170181	-0.002812939521800346	0.01969057665260192	-0.008438818565400914	0.01828410689170181	42939395
2023-04-04	0.0014084507042254472	0.0	0.007042253521126861	-0.011267605633802828	0.0014084507042254472	31948243
2023-04-03	0.023054755043227557	-0.004322766570605223	0.028818443804034477	-0.004322766570605223	0.023054755043227557	39446784
2023-03-31	-0.004304160688665619	-0.005738880918220952	0.004304160688665746	-0.007173601147776158	-0.004304160688665619	20810130
2023-03-30	0.01603498542274044	0.0029154518950436693	0.027696793002915377	-0.011661807580174937	0.01603498542274044	34057080
2023-03-29	-0.010101010101010015	0.0	0.004329004329004365	-0.012987012987012967	-0.010101010101010015	16695319
2023-03-28	0.0014450867052022813	0.004335260115606972	0.007225433526011535	-0.007225433526011535	0.0014450867052022813	21326772
2023-03-27	0.0	0.002890173410404691	0.011560693641618507	-0.013005780346820789	0.0	22978788
2023-03-24	-0.00859598853868202	-0.0028653295128940486	0.0028653295128939216	-0.012893982808023029	-0.00859598853868202	22908333
2023-03-23	0.013062409288824493	-0.005805515239477509	0.013062409288824493	-0.007256894049346854	0.013062409288824493	22151280
2023-03-22	0.0	0.004354136429608164	0.007256894049346983	-0.005805515239477509	0.0	18999171
2023-03-21	0.017725258493353047	0.0029542097488922396	0.02215657311669134	0.0029542097488922396	0.017725258493353047	23385401
2023-03-20	-0.0014749262536874151	0.0	0.01327433628318582	-0.005899705014749268	-0.0014749262536874151	27192233
2023-03-17	0.021084337349397676	0.010542168674698838	0.03463855421686753	0.009036144578313329	0.021084337349397676	37060552
2023-03-16	-0.008955223880597088	-0.007462686567164152	0.002985074626865608	-0.010447761194029893	-0.008955223880597088	19856076
2023-03-15	0.021341463414634235	0.0060975609756097615	0.02591463414634159	0.0060975609756097615	0.021341463414634235	24720487
2023-03-14	-0.01943198804185363	-0.0014947683109119096	-0.0014947683109119096	-0.02840059790732442	-0.01943198804185363	39139417
2023-03-13	0.0	-0.0014947683109119096	0.01046337817638257	-0.008968609865470926	0.0	29767691
2023-03-10	-0.02761627906976737	-0.005813953488372098	-0.0029069767441859845	-0.029069767441860492	-0.02761627906976737	34670106
2023-03-09	-0.01291248206599711	0.0	0.0014347202295553337	-0.015781922525107524	-0.01291248206599711	20066547
2023-03-08	0.0014367816091953717	-0.0028735632183907434	0.002873563218390871	-0.008620689655172358	0.0014367816091953717	17661211
2023-03-07	-0.014164305949008449	-0.0014164305949008198	0.014164305949008575	-0.01558073654390927	-0.014164305949008449	33241871
2023-03-06	-0.013966480446927448	0.002793296089385415	0.005586592178770954	-0.015363128491620156	-0.013966480446927448	29393803
2023-03-03	0.01704545454545456	0.0014204545454545151	0.02698863636363642	0.0	0.01704545454545456	43237901
2023-03-02	-0.0028328611898016396	-0.0014164305949008198	0.0014164305949009456	-0.008498583569405044	-0.0028328611898016396	20842876
2023-03-01	0.0028409090909090303	-0.004261363636363672	0.007102272727272702	-0.014204545454545404	0.0028409090909090303	33199126
2023-02-28	0.01734104046242776	0.0057803468208092535	0.023121387283237014	0.0014450867052022813	0.01734104046242776	52950736
2023-02-27	-0.011428571428571439	-0.0071428571428571175	-0.0028571428571427964	-0.01571428571428576	-0.011428571428571439	18250543
2023-02-24	-0.007092198581560258	0.0014184397163120265	0.002836879432624179	-0.012765957446808491	-0.007092198581560258	19276035
2023-02-23	0.0071428571428571175	0.0014285714285713982	0.017142857142857158	-0.0028571428571427964	0.0071428571428571175	27489201
2023-02-22	-0.004267425320056934	-0.001422475106685729	0.007112375533428139	-0.00995732574679947	-0.004267425320056934	20212095
2023-02-21	0.011510791366906485	0.0	0.012949640287769763	-0.0043165467625899635	0.011510791366906485	30541946
2023-02-20	0.04197901049475266	0.008995502248875636	0.04647676161919048	0.00599700149925038	0.04197901049475266	34578405
2023-02-17	-0.014771048744460806	-0.0029542097488921087	0.005908419497784348	-0.017725258493352915	-0.014771048744460806	19994148
2023-02-16	-0.011678832116788333	0.0014598540145986387	0.017518248175182497	-0.01751824817518237	-0.011678832116788333	31975770
2023-02-15	-0.011544011544011554	-0.0014430014430014122	0.0	-0.017316017316017333	-0.011544011544011554	16995802
2023-02-14	0.004347826086956429	0.0	0.004347826086956429	-0.005797101449275368	0.004347826086956429	16418865
2023-02-13	0.013215859030837114	-0.0014684287812040803	0.014684287812041195	-0.0044052863436122415	0.013215859030837114	21911241
2023-02-10	-0.0014662756598241458	0.0	0.0014662756598240157	-0.005865102639296193	-0.0014662756598241458	14187277
2023-02-09	0.01639344262295087	-0.0014903129657227701	0.01937406855439641	-0.0029806259314455403	0.01639344262295087	21390991
2023-02-08	-0.013235294117647038	0.0014705882352940864	0.005882352941176476	-0.014705882352941124	-0.013235294117647038	16899970
2023-02-07	0.0059171597633136145	0.002958579881656873	0.008875739644970487	-0.0014792899408283709	0.0059171597633136145	16173060
2023-02-06	-0.01169590643274855	-0.008771929824561346	-0.0029239766081870723	-0.016081871345029156	-0.01169590643274855	20468321
2023-02-03	-0.008695652173913115	-0.004347826086956557	-0.0014492753623189384	-0.02318840579710147	-0.008695652173913115	32726505
2023-02-02	-0.017094017094016985	0.011396011396011407	0.012820512820512928	-0.019943019943019898	-0.017094017094016985	48873319
2023-02-01	0.029325513196480833	0.0014662756598240157	0.03079178885630498	-0.0014662756598241458	0.029325513196480833	35913459
2023-01-31	-0.007278020378457034	0.0014556040756913808	0.010189228529839925	-0.011644832605531306	-0.007278020378457034	33990373
2023-01-30	-0.0014534883720929922	0.011627906976744196	0.018895348837209287	-0.010174418604651203	-0.0014534883720929922	49344583
2023-01-20	-0.008645533141210446	0.0014409221902016982	0.0028818443804033964	-0.01873198847262259	-0.008645533141210446	40202881
2023-01-19	0.03120356612184249	-0.001485884101040219	0.03120356612184249	-0.004457652303120394	0.03120356612184249	46912052
2023-01-18	0.0029806259314456725	-0.007451564828613983	0.01639344262295087	-0.010432190760059655	0.0029806259314456725	32168201
2023-01-17	0.016666666666666715	-0.0015151515151514828	0.022727272727272783	-0.015151515151515098	0.016666666666666715	43834298
2023-01-16	0.018518518518518396	0.0030864197530863537	0.041666666666666595	-0.0030864197530864907	0.018518518518518396	59124947
2023-01-13	0.010920436817472743	0.004680187207488338	0.01248049921996881	-0.006240249609984405	0.010920436817472743	28275425
2023-01-12	0.012638230647709331	0.0063191153238546655	0.012638230647709331	-0.007898894154818297	0.012638230647709331	19933371
2023-01-11	-0.0031496062992125316	0.0015748031496064057	0.017322834645669343	-0.004724409448818797	-0.0031496062992125316	22544869
2023-01-10	0.003159557661927263	0.0	0.030015797788309557	-0.004739336492891035	0.003159557661927263	38137446
2023-01-09	0.01605136436597105	0.003210272873194153	0.02568218298555365	0.003210272873194153	0.01605136436597105	37319610
2023-01-06	-0.004792332268370505	-0.0015974440894568351	0.007987220447284317	-0.006389776357827482	-0.004792332268370505	21227003
2023-01-05	0.009677419354838646	0.0032258064516128343	0.014516129032258041	0.0016129032258064171	0.009677419354838646	33411804
2023-01-04	0.0	-0.004838709677419395	0.0032258064516128343	-0.008064516129032228	0.0	32218970
2023-01-03	-0.029733959311424023	-0.010954616588419312	-0.010954616588419312	-0.04851330203442874	-0.029733959311424023	62166954
2022-12-30	0.01751592356687889	-0.003184713375796252	0.01751592356687889	-0.009554140127388614	0.01751592356687889	35920751
2022-12-29	0.008025682182985525	-0.004815409309791372	0.008025682182985525	-0.012841091492776896	0.008025682182985525	30477318
2022-12-28	-0.009538950715421242	-0.006359300476947541	0.0	-0.012718600953895083	-0.009538950715421242	28756549
2022-12-27	0.0031897926634769477	0.004784688995215351	0.012759170653907508	0.0	0.0031897926634769477	25398225
2022-12-26	-0.01724137931034488	0.0	0.006269592476489034	-0.025078369905956136	-0.01724137931034488	32002836
2022-12-23	-0.00931677018633548	-0.006211180124223607	0.007763975155279475	-0.017080745341614956	-0.00931677018633548	20451745
2022-12-22	0.00311526479750786	0.010903426791277303	0.023364485981308466	-0.0015576323987538609	0.00311526479750786	19222887
2022-12-21	-0.009259259259259335	0.0015432098765431768	0.0046296296296295305	-0.013888888888889003	-0.009259259259259335	14196869
2022-12-20	-0.007656967840735041	0.003062787136293962	0.007656967840735041	-0.012251148545176121	-0.007656967840735041	18364289
2022-12-19	-0.03829160530191455	-0.0014727540500736062	0.0014727540500736062	-0.04712812960235645	-0.03829160530191455	32190400
2022-12-16	0.004437869822485244	-0.007396449704141985	0.0133136094674556	-0.008875739644970357	0.004437869822485244	23262572
2022-12-15	0.0	-0.007396449704141985	0.0133136094674556	-0.011834319526627229	0.0	25947635
2022-12-14	0.018072289156626523	0.0	0.03012048192771087	-0.010542168674698704	0.018072289156626523	37311411
2022-12-13	0.0015082956259426527	0.0	0.010558069381598836	-0.0060331825037707445	0.0015082956259426527	27754842
2022-12-12	-0.027859237536656947	-0.01026392961876837	-0.005865102639296193	-0.03225806451612912	-0.027859237536656947	30327999
2022-12-09	-0.0014641288433381826	0.0	0.010248901903367538	-0.020497803806734945	-0.0014641288433381826	40080369
2022-12-08	0.002936857562408291	-0.005873715124816452	0.004405286343612372	-0.014684287812041065	0.002936857562408291	34523151
2022-12-07	-0.01589595375722548	-0.0057803468208092535	0.002890173410404691	-0.024566473988439298	-0.01589595375722548	57666614
2022-12-06	-0.019830028328611853	-0.014164305949008449	0.00708215297450435	-0.026912181303116078	-0.019830028328611853	72957303
2022-12-05	0.08116385911179164	0.010719754977029004	0.09800918836140883	0.009188361408882023	0.08116385911179164	114690338
2022-12-02	-0.0015290519877675516	-0.003058103975535239	0.004587155963302791	-0.0076452599388378934	-0.0015290519877675516	26424762
2022-12-01	0.0030674846625767583	0.015337423312883519	0.024539877300613522	0.0	0.0030674846625767583	42853887
2022-11-30	-0.0060975609756097615	-0.003048780487804813	0.007621951219512304	-0.007621951219512168	-0.0060975609756097615	41679735
2022-11-29	0.036334913112164226	-0.0015797788309636315	0.04265402843601889	-0.003159557661927403	0.036334913112164226	69270579
2022-11-28	-0.01555209953343696	-0.020217729393468102	-0.012441679626749623	-0.043545878693623544	-0.01555209953343696	49870226
2022-11-25	0.022257551669316325	-0.0031796502384738414	0.023847376788553316	-0.006359300476947541	0.022257551669316325	36012492
2022-11-24	-0.009448818897637734	0.0015748031496064057	0.006299212598425203	-0.014173228346456672	-0.009448818897637734	31981118
2022-11-23	0.02254428341384858	0.0032206119162641648	0.046698872785829314	-0.0016103059581320108	0.02254428341384858	53602693
2022-11-22	0.003231017770597669	0.003231017770597669	0.01292407108239082	-0.006462035541195482	0.003231017770597669	17718508
2022-11-21	-0.011182108626197987	-0.0031948881789136702	0.0015974440894568351	-0.017571884984025468	-0.011182108626197987	20996271
2022-11-18	-0.007923930269413602	-0.003169572107765384	0.004754358161648218	-0.009508716323296293	-0.007923930269413602	18002678
2022-11-17	0.004777070063694166	-0.0015923566878981966	0.004777070063694166	-0.004777070063694307	0.004777070063694166	20439616
2022-11-16	-0.018750000000000017	-0.003125000000000072	-0.003125000000000072	-0.023437500000000056	-0.018750000000000017	30067178
2022-11-15	0.014263074484944651	-0.001584786053882692	0.03328050713153724	-0.003169572107765384	0.014263074484944651	72549345
2022-11-14	0.007987220447284317	0.004792332268370647	0.028753993610223738	0.004792332268370647	0.007987220447284317	33968010
2022-11-11	0.027914614121510663	0.018062397372742255	0.03776683087027922	0.014778325123152686	0.027914614121510663	34019598
2022-11-10	0.0032948929159801604	-0.0032948929159803066	0.008237232289950547	-0.008237232289950693	0.0032948929159801604	14405962
2022-11-09	-0.0065466448445171905	0.0	0.004909983633387784	-0.0065466448445171905	-0.0065466448445171905	10918203
2022-11-08	-0.009724473257698478	-0.0016207455429497223	0.0032414910858995886	-0.01458670988654779	-0.009724473257698478	10809495
2022-11-07	0.003252032520325134	-0.006504065040650412	0.004878048780487701	-0.008130081300813123	0.003252032520325134	13720876
2022-11-04	0.016528925619834798	0.0033057851239670184	0.021487603305785107	-0.003305785123966872	0.016528925619834798	22113693
2022-11-03	-0.00819672131147538	-0.006557377049180334	0.00327868852459024	-0.019672131147540857	-0.00819672131147538	18006572
2022-11-02	0.03040540540540536	0.0016891891891891533	0.045608108108108183	-0.0033783783783783066	0.03040540540540536	28833658
2022-11-01	0.029565217391304334	0.0034782608695651434	0.03130434782608691	-0.0034782608695651434	0.029565217391304334	25960066
2022-10-31	-0.057377049180327815	-0.01639344262295076	-0.014754098360655716	-0.07868852459016386	-0.057377049180327815	43860463
2022-10-28	-0.017713365539452547	0.0032206119162641648	0.009661835748792208	-0.019323671497584557	-0.017713365539452547	19633338
2022-10-27	0.021381578947368404	0.0	0.03618421052631575	-0.003289473684210602	0.021381578947368404	27230566
2022-10-26	0.004958677685950454	0.0033057851239670184	0.016528925619834798	-0.003305785123966872	0.004958677685950454	17684072
2022-10-25	-0.0032948929159803066	-0.0016474464579902264	0.013179571663920933	-0.013179571663920933	-0.0032948929159803066	19829465
2022-10-24	-0.02096774193548385	0.006451612903225812	0.024193548387096687	-0.024193548387096833	-0.02096774193548385	23284147
2022-10-21	-0.006410256410256416	0.020833333333333315	0.02724358974358973	-0.009615384615384694	-0.006410256410256416	20860193
2022-10-20	0.004830917874396175	0.0032206119162641648	0.016103059581320394	-0.0032206119162640216	0.004830917874396175	14394556
2022-10-19	-0.012718600953895083	-0.00158982511923685	0.0031796502384737	-0.012718600953895083	-0.012718600953895083	10675078
2022-10-18	-0.003169572107765384	0.001584786053882833	0.009508716323296435	-0.00633914421553091	-0.003169572107765384	16118113
2022-10-17	0.0	-0.004754358161648076	0.00633914421553091	-0.009508716323296293	0.0	14892119
2022-10-14	0.004777070063694166	0.004777070063694166	0.012738853503184724	0.0	0.004777070063694166	15759440
2022-10-13	0.012903225806451623	-0.0016129032258064171	0.02096774193548385	-0.006451612903225812	0.012903225806451623	18201120
2022-10-12	0.023102310231023198	-0.00330033003300323	0.026402640264026427	-0.004950495049504846	0.023102310231023198	16050553
2022-10-11	0.006644518272425255	-0.001661129568106277	0.01827242524916949	-0.006644518272425108	0.006644518272425255	11488262
2022-10-10	-0.00986842105263166	0.0016447368421052282	0.009868421052631514	-0.011513157894736888	-0.00986842105263166	11649752
2022-09-30	0.0033003300330033767	-0.001650165016501615	0.01650165016501659	-0.001650165016501615	0.0033003300330033767	14086986
2022-09-29	-0.011419249592169703	0.0032626427406199777	0.024469820554649323	-0.019575856443719432	-0.011419249592169703	16832463
2022-09-28	0.0	0.0048939641109298935	0.019575856443719432	-0.009787928221859643	0.0	18541736
2022-09-27	0.01322314049586778	0.008264462809917326	0.014876033057851217	-0.00661157024793389	0.01322314049586778	12140596
2022-09-26	-0.024193548387096833	-0.004838709677419395	0.008064516129032228	-0.024193548387096833	-0.024193548387096833	18380407
2022-09-23	-0.0032154340836012176	-0.004823151125401826	0.011254019292604547	-0.006430868167202578	-0.0032154340836012176	14005848
2022-09-22	0.0032258064516128343	-0.003225806451612978	0.017741935483870874	-0.004838709677419395	0.0032258064516128343	14498224
2022-09-21	0.013071895424836612	0.0	0.017973856209150377	-0.01633986928104584	0.013071895424836612	14202061
2022-09-20	-0.004878048780487845	-0.0016260162601627113	0.009756097560975546	-0.008130081300813123	-0.004878048780487845	9784809
2022-09-19	0.0016286644951141165	-0.001628664495113972	0.008143322475570149	-0.008143322475570003	0.0016286644951141165	13200624
2022-09-16	-0.03912363067292645	0.0	0.0	-0.043818466353677525	-0.03912363067292645	27459390
2022-09-15	-0.006220839813374812	0.0015552099533438063	0.009331259720062286	-0.013996889580093291	-0.006220839813374812	16380124
2022-09-14	-0.012288786482334882	-0.010752688172042918	-0.0076804915514592665	-0.019969278033794148	-0.012288786482334882	16916942
2022-09-13	-0.00610687022900764	0.0	0.010687022900763402	-0.009160305343511392	-0.00610687022900764	17762916
2022-09-09	0.010802469135802375	0.0	0.01697530864197522	-0.0046296296296296675	0.010802469135802375	14835436
2022-09-08	-0.004608294930875478	0.0030721966205837885	0.004608294930875614	-0.006144393241167441	-0.004608294930875478	10439542
2022-09-07	-0.009132420091324277	0.0	0.0015220700152206675	-0.015220700152207082	-0.009132420091324277	13401861
2022-09-06	0.004587155963302791	0.0	0.009174311926605444	-0.003058103975535239	0.004587155963302791	17591502
2022-09-05	0.006153846153846159	-0.004615384615384654	0.010769230769230812	-0.006153846153846159	0.006153846153846159	21538071
2022-09-02	-0.013657056145675243	-0.001517450682852775	0.00758725341426401	-0.018209408194233705	-0.013657056145675243	22943499
2022-09-01	0.003044140030441335	0.0	0.015220700152206947	-0.004566210045662138	0.003044140030441335	30571130
2022-08-31	-0.0015197568389057428	-0.0060790273556231055	0.012158054711246211	-0.0060790273556231055	-0.0015197568389057428	28335307
2022-08-30	-0.006042296072507558	-0.004531722054380702	0.007552870090634414	-0.013595166163141973	-0.006042296072507558	29807226
2022-08-29	0.03115264797507791	0.0	0.056074766355140235	0.0	0.03115264797507791	67765262
2022-08-26	0.0031249999999999334	0.0031249999999999334	0.0062500000000000056	-0.009375000000000078	0.0031249999999999334	18074350
2022-08-25	0.019108280254777087	0.004777070063694166	0.023885350318471252	0.0031847133757961104	0.019108280254777087	18939716
2022-08-24	-0.012578616352201269	-0.003144654088050387	0.015723270440251517	-0.012578616352201269	-0.012578616352201269	21213981
2022-08-23	0.004739336492891035	0.0015797788309636315	0.015797788309636594	-0.007898894154818297	0.004739336492891035	14198016
2022-08-22	-0.01248049921996881	-0.003120124804992272	0.003120124804992133	-0.014040561622464877	-0.01248049921996881	15110968
2022-08-19	0.006279434850863428	-0.0031397174254317838	0.017268445839874462	-0.00784929356357925	0.006279434850863428	21660218
2022-08-18	0.0063191153238546655	0.0	0.011058451816745701	-0.0063191153238546655	0.0063191153238546655	21814705
2022-08-17	0.0144230769230769	0.0016025641025640682	0.020833333333333315	-0.0016025641025640682	0.0144230769230769	22150823
2022-08-16	0.0016051364365970765	0.003210272873194153	0.008025682182985525	-0.001605136436597219	0.0016051364365970765	10193010
2022-08-15	-0.009538950715421242	-0.006359300476947541	0.006359300476947541	-0.014308426073131934	-0.009538950715421242	18714771
2022-08-12	0.011254019292604547	0.0016077170418007517	0.016077170418006517	-0.004823151125401826	0.011254019292604547	25513710
2022-08-11	0.03839732888146904	0.0033388981636059386	0.041736227045075125	0.0033388981636059386	0.03839732888146904	32545076
2022-08-10	-0.003327787021630545	-0.0049916805324458175	0.0066555740432612375	-0.0066555740432612375	-0.003327787021630545	7235156
2022-08-09	0.0	0.004991680532445965	0.0066555740432612375	-0.0016638935108152725	0.0	7974034
2022-08-08	0.0	-0.0049916805324458175	0.0033277870216306925	-0.0066555740432612375	0.0	8206068
2022-08-05	0.016920473773265592	-0.001692047377326529	0.016920473773265592	-0.0033840947546532082	0.016920473773265592	13125942
2022-08-04	0.010256410256410341	0.005128205128205171	0.011965811965812015	-0.001709401709401673	0.010256410256410341	9602872
2022-08-03	-0.013490725126475561	-0.005059021922428223	0.006745362563237781	-0.015177065767284968	-0.013490725126475561	14115917
2022-08-02	-0.021452145214521438	-0.004950495049504846	-0.004950495049504846	-0.04455445544554449	-0.021452145214521438	31921666
2022-08-01	-0.008183306055646596	-0.0049099836333879295	-0.0016366612111294067	-0.01145662847790512	-0.008183306055646596	12233032
2022-07-29	-0.006504065040650412	0.001626016260162567	0.004878048780487701	-0.008130081300813123	-0.006504065040650412	10903531
2022-07-28	0.0032626427406199777	0.0048939641109298935	0.01305057096247962	0.0032626427406199777	0.0032626427406199777	13051865
2022-07-27	-0.004870129870129911	0.0	0.0016233766233765888	-0.006493506493506499	-0.004870129870129911	7483545
2022-07-26	0.0032573289902280886	0.0032573289902280886	0.006514657980456032	-0.003257328990227944	0.0032573289902280886	8732721
2022-07-25	-0.004862236628849311	0.0	0.004862236628849311	-0.008103727714748757	-0.004862236628849311	10889143
2022-07-22	0.003252032520325134	0.0	0.011382113821138113	-0.006504065040650412	0.003252032520325134	13595280
2022-07-21	-0.008064516129032228	0.0	0.0032258064516128343	-0.008064516129032228	-0.008064516129032228	11831684
2022-07-20	0.00977198697068412	0.0016286644951141165	0.016286644951140152	-0.003257328990227944	0.00977198697068412	18562281
2022-07-19	0.011532125205930707	0.011532125205930707	0.016474464579901094	0.0032948929159801604	0.011532125205930707	19445780
2022-07-18	0.018456375838926228	0.005033557046979908	0.020134228187919483	0.0016778523489932528	0.018456375838926228	15471505
2022-07-15	-0.019736842105263174	0.0	0.0016447368421052282	-0.019736842105263174	-0.019736842105263174	18925955
2022-07-14	-0.006535947712418306	-0.003267973856209226	0.0016339869281045403	-0.009803921568627532	-0.006535947712418306	18310172
2022-07-13	0.0	0.0	0.004901960784313766	-0.004901960784313766	0.0	13427515
2022-07-12	0.004926108374384277	0.004926108374384277	0.018062397372742255	0.0016420361247947105	0.004926108374384277	19955507
2022-07-11	-0.00652528548123981	-0.0016313213703099162	0.0016313213703099162	-0.008156606851549727	-0.00652528548123981	14069826
2022-07-08	-0.001628664495113972	0.0032573289902280886	0.008143322475570149	-0.003257328990227944	-0.001628664495113972	14094594
2022-07-07	0.0	0.0	0.006514657980456032	-0.001628664495113972	0.0	12500155
2022-07-06	-0.00807754442649446	0.0016155088852988345	0.003231017770597669	-0.011308562197092129	-0.00807754442649446	16566330
2022-07-05	-0.012759170653907366	0.0015948963317385448	0.006379585326953754	-0.019138755980861122	-0.012759170653907366	20391016
2022-07-04	-0.0015923566878981966	0.0	0.0015923566878980552	-0.011146496815286669	-0.0015923566878981966	19164609
2022-07-01	-0.012578616352201269	-0.0015723270440252634	0.0031446540880502474	-0.015723270440251656	-0.012578616352201269	21863455
2022-06-30	0.0031545741324921863	-0.0015772870662460231	0.015772870662460654	-0.0015772870662460231	0.0031545741324921863	23005083
2022-06-29	-0.01705426356589152	-0.003100775193798521	0.009302325581395288	-0.018604651162790715	-0.01705426356589152	29684076
2022-06-28	0.009389671361502426	-0.003129890453834049	0.012519561815336476	-0.009389671361502287	0.009389671361502426	23692859
2022-06-27	-0.006220839813374812	0.004665629860031143	0.007776049766718618	-0.00777604976671848	-0.006220839813374812	22686634
2022-06-24	-0.0046439628482972525	0.0	0.0030959752321982137	-0.010835913312693542	-0.0046439628482972525	24418109
2022-06-23	0.0031055900621117347	-0.02018633540372683	0.004658385093167602	-0.026397515527950437	0.0031055900621117347	38305307
2022-06-22	-0.013782542113323101	0.001531393568146981	0.006125574272588061	-0.013782542113323101	-0.013782542113323101	28850804
2022-06-21	-0.0015290519877675516	0.0015290519877675516	0.0076452599388378934	-0.009174311926605444	-0.0015290519877675516	21786838
2022-06-20	-0.00758725341426401	0.0	0.013657056145675243	-0.010622154779969695	-0.00758725341426401	29873305
2022-06-17	-0.0015151515151514828	0.0	0.009090909090909167	-0.01969696969696968	-0.0015151515151514828	39774206
2022-06-16	-0.03367496339677898	-0.0029282576866764953	0.004392386530014678	-0.03513909224011716	-0.03367496339677898	56589424
2022-06-15	0.02398800599700152	0.0014992503748125618	0.06146926536731637	-0.0029985007496251236	0.02398800599700152	103756328
2022-06-14	0.04874213836477981	-0.012578616352201269	0.05031446540880494	-0.012578616352201269	0.04874213836477981	60123722
2022-06-13	-0.0062500000000000056	-0.009375000000000078	0.0031249999999999334	-0.015625000000000083	-0.0062500000000000056	44741494
2022-06-10	-0.0015600624024960665	-0.017160686427457147	0.015600624024960943	-0.023400936037441554	-0.0015600624024960665	90627934
2022-06-09	0.012638230647709331	0.0	0.020537124802527628	-0.004739336492891035	0.012638230647709331	56866181
2022-06-08	0.012800000000000011	0.0015999999999999658	0.02079999999999998	-0.0031999999999999316	0.012800000000000011	27477907
2022-06-07	-0.0015974440894568351	-0.0031948881789136702	0.0143769968051118	-0.004792332268370505	-0.0015974440894568351	23530768
2022-06-06	0.01294498381877024	-0.003236245954692488	0.017799352750809114	-0.004854368932038731	0.01294498381877024	24341103
2022-06-02	0.008156606851549727	-0.0032626427406198324	0.008156606851549727	-0.008156606851549727	0.008156606851549727	18030347
2022-06-01	-0.0032520325203252783	0.003252032520325134	0.004878048780487701	-0.008130081300813123	-0.0032520325203252783	13767532
2022-05-31	0.008196721311475526	0.0	0.011475409836065622	-0.004918032786885141	0.008196721311475526	14820646
2022-05-30	-0.009740259740259822	0.0	0.0032467532467531776	-0.012987012987012998	-0.009740259740259822	15659747
2022-05-27	0.0048939641109298935	0.0016313213703099162	0.008156606851549727	-0.009787928221859643	0.0048939641109298935	20526079
2022-05-26	0.014900662251655606	0.0	0.023178807947019816	-0.006622516556291397	0.014900662251655606	19518549
2022-05-25	0.0033222591362127014	-0.003322259136212554	0.004983388704318978	-0.008305647840531533	0.0033222591362127014	11693500
2022-05-24	-0.02431118314424641	0.0016207455429497223	0.006482982171799033	-0.02431118314424641	-0.02431118314424641	16459816
2022-05-23	0.003252032520325134	0.0	0.00813008130081298	-0.004878048780487845	0.003252032520325134	15224753
2022-05-20	0.008196721311475526	0.00327868852459024	0.014754098360655861	0.0016393442622951928	0.008196721311475526	14773862
2022-05-19	-0.003267973856209226	-0.013071895424836612	-0.0016339869281045403	-0.014705882352941154	-0.003267973856209226	10264577
2022-05-18	0.00327868852459024	0.00327868852459024	0.008196721311475526	-0.001639344262295047	0.00327868852459024	14477690
2022-05-17	-0.0048939641109298935	0.0	0.0016313213703099162	-0.011419249592169703	-0.0048939641109298935	12368000
2022-05-16	-0.008090614886731363	0.004854368932038875	0.00647249190938512	-0.009708737864077607	-0.008090614886731363	11651086
2022-05-13	0.008156606851549727	0.0032626427406199777	0.011419249592169703	0.0	0.008156606851549727	12229707
2022-05-12	-0.0032520325203252783	-0.006504065040650412	0.006504065040650412	-0.00975609756097569	-0.0032520325203252783	13355833
2022-05-11	0.0	-0.0016260162601627113	0.014634146341463391	-0.0032520325203252783	0.0	23401323
2022-05-10	0.008196721311475526	-0.011475409836065476	0.013114754098360668	-0.014754098360655716	0.008196721311475526	18008347
2022-05-09	0.0016420361247947105	-0.0016420361247947105	0.006568144499178988	-0.004926108374384277	0.0016420361247947105	11650863
2022-05-06	-0.01774193548387102	-0.012903225806451623	-0.003225806451612978	-0.02096774193548385	-0.01774193548387102	19454595
2022-05-05	-0.03426791277258563	-0.03426791277258563	-0.028037383177570048	-0.043613707165109074	-0.03426791277258563	30129800
2022-04-29	0.059405940594059466	0.07260726072607268	0.07260726072607268	0.029702970297029806	0.059405940594059466	35297500
2022-04-28	-0.035031847133758065	-0.007961783439490418	-0.003184713375796252	-0.03980891719745223	-0.035031847133758065	20530631
2022-04-27	0.014539579967689798	-0.004846526655896647	0.01777059773828747	-0.024232633279483093	0.014539579967689798	25281865
2022-04-26	-0.05496183206106862	0.0030534351145038875	0.00610687022900764	-0.06412213740458014	-0.05496183206106862	34235100
2022-04-25	-0.04099560761347002	-0.01171303074670572	0.013177159590043903	-0.04831625183016106	-0.04099560761347002	30157657
2022-04-22	0.0	-0.00585651537335286	0.008784773060029226	-0.01171303074670572	0.0	15367886
2022-04-21	-0.011577424023154858	-0.004341534008683104	0.004341534008683104	-0.01881331403762661	-0.011577424023154858	20981972
2022-04-20	-0.0028860028860028244	0.004329004329004365	0.004329004329004365	-0.011544011544011554	-0.0028860028860028244	15499576
2022-04-19	0.0	-0.0014430014430014122	0.005772005772005777	-0.005772005772005777	0.0	14152855
2022-04-18	-0.017021276595744695	-0.008510638297872285	-0.007092198581560258	-0.024113475177304954	-0.017021276595744695	22666634
2022-04-15	-0.012605042016806704	-0.005602240896358549	0.004201680672268943	-0.015406162464985915	-0.012605042016806704	17735946
2022-04-14	0.008474576271186385	0.007062146892655342	0.014124293785310684	0.0014124293785310433	0.008474576271186385	21305077
2022-04-13	-0.012552301255230106	-0.00836820083682003	0.0027894002789400924	-0.015341701534170199	-0.012552301255230106	20356843
2022-04-12	0.028694404591104762	-0.004304160688665619	0.031563845050215304	-0.011477761836441905	0.028694404591104762	30340957
2022-04-11	-0.025174825174825256	-0.006993006993007092	-0.001398601398601493	-0.03216783216783223	-0.025174825174825256	18698348
2022-04-08	0.015625000000000045	0.0014204545454545151	0.01704545454545456	-0.012784090909090889	0.015625000000000045	21852467
2022-04-07	-0.016759776536312863	-0.002793296089385539	0.0069832402234636624	-0.01815642458100557	-0.016759776536312863	19026057
2022-04-06	0.0	-0.008379888268156494	0.011173184357541908	-0.009776536312849202	0.0	29363385
2022-04-01	0.01560283687943267	-0.002836879432624053	0.017021276595744695	-0.0056737588652482325	0.01560283687943267	23708436
2022-03-31	-0.004237288135593255	-0.005649717514124299	0.008474576271186385	-0.012711864406779641	-0.004237288135593255	18285924
2022-03-30	0.026086956521739087	0.011594202898550735	0.03478260869565208	0.007246376811594177	0.026086956521739087	24660070
2022-03-29	-0.008620689655172358	-0.0014367816091953717	0.0014367816091953717	-0.014367816091953972	-0.008620689655172358	9610262
2022-03-28	0.0072358900144717546	-0.004341534008683104	0.0072358900144717546	-0.015918958031837963	0.0072358900144717546	12924166
2022-03-25	-0.007183908045976986	0.0	0.010057471264367858	-0.008620689655172358	-0.007183908045976986	12434994
2022-03-24	-0.015558698727015603	0.0	0.0	-0.016973125884016987	-0.015558698727015603	14328165
2022-03-23	-0.0014124293785310433	0.0014124293785310433	0.0028248587570620866	-0.004237288135593255	-0.0014124293785310433	11842533
2022-03-22	0.0014144271570013841	-0.004243281471004278	0.009900990099009814	-0.005657708628005662	0.0014144271570013841	13229635
2022-03-21	-0.016689847009735758	-0.005563282336578586	-0.0027816411682893547	-0.022253129346314345	-0.016689847009735758	20954571
2022-03-18	-0.0027739251040221325	-0.0027739251040221325	0.0027739251040222557	-0.015256588072122098	-0.0027739251040221325	20886927
2022-03-17	0.018361581920903938	0.015536723163841852	0.021186440677966153	-0.002824858757062212	0.018361581920903938	39533426
2022-03-16	0.05671641791044774	0.01641791044776111	0.05970149253731335	-0.004477611940298544	0.05671641791044774	37454818
2022-03-15	-0.03597122302158273	-0.007194244604316521	0.007194244604316521	-0.03597122302158273	-0.03597122302158273	26007857
2022-03-14	-0.008559201141226764	-0.012838801711840209	0.014265335235378108	-0.015691868758915754	-0.008559201141226764	23165834
2022-03-11	0.026354319180087807	-0.007320644216691043	0.03513909224011716	-0.0292825768667643	0.026354319180087807	27296025
2022-03-10	0.0	0.02196193265007326	0.02342606149341144	0.0	0.0	18919372
2022-03-09	-0.03531073446327684	0.005649717514124299	0.008474576271186385	-0.06779661016949158	-0.03531073446327684	32060731
2022-03-08	-0.03146374829001362	0.0013679890560876437	0.008207934336525377	-0.03419972640218878	-0.03146374829001362	24006261
2022-03-07	-0.013495276653171462	-0.005398110661268561	-0.00134952766531711	-0.016194331983805682	-0.013495276653171462	20294767
2022-03-04	-0.010680907877169568	-0.004005340453938618	-0.0013351134846461665	-0.016021361815754354	-0.010680907877169568	15384670
2022-03-03	0.004021447721179658	0.001340482573726513	0.008042895442359197	-0.001340482573726513	0.004021447721179658	13575577
2022-03-02	0.0013422818791946022	-0.005369127516778528	0.005369127516778528	-0.00671140939597313	0.0013422818791946022	14377548
2022-03-01	0.006756756756756733	0.002702702702702645	0.01081081081081082	-0.0013513513513514425	0.006756756756756733	14972531
2022-02-28	-0.00403768506056519	0.0013458950201885162	0.009421265141319015	-0.009421265141318896	-0.00403768506056519	14820490
2022-02-25	0.005412719891745607	0.00811907983761847	0.017591339648173193	0.0027063599458728637	0.005412719891745607	17855043
2022-02-24	-0.03398692810457525	-0.0026143790849673804	0.0	-0.04444444444444454	-0.03398692810457525	31472943
2022-02-23	0.006578947368421147	0.0013157894736842994	0.010526315789473694	-0.005263157894736847	0.006578947368421147	14816929
2022-02-22	-0.015544041450777216	-0.005181347150259072	-0.0025906735751294787	-0.020725388601036288	-0.015544041450777216	17905110
2022-02-21	0.0039011703511052484	0.0013003901170350828	0.005201560468140447	-0.005201560468140447	0.0039011703511052484	12297225
2022-02-18	0.006544502617801141	-0.005235602094240842	0.007853403141361322	-0.0065445026178010245	0.006544502617801141	11709940
2022-02-17	-0.007792207792207856	-0.0064935064935064705	0.002597402597402542	-0.009090909090909127	-0.007792207792207856	14559422
2022-02-16	0.003911342894393774	0.005215123859191661	0.011734028683181207	0.0013037809647978862	0.003911342894393774	11433827
2022-02-15	0.0	-0.0013037809647978862	0.006518904823989547	-0.005215123859191661	0.0	13886271
2022-02-14	-0.01792573623559535	-0.0025608194622278586	0.001280409731114043	-0.02048655569782321	-0.01792573623559535	22623307
2022-02-11	-0.007623888182973379	-0.0050825921219822155	0.010165184243964431	-0.008894536213468906	-0.007623888182973379	25334275
2022-02-10	0.008974358974359012	0.0	0.008974358974359012	-0.0051282051282051325	0.008974358974359012	20858660
2022-02-09	0.002570694087403544	-0.0038560411311054305	0.008997429305912519	-0.0038560411311054305	0.002570694087403544	20413016
2022-02-08	0.027741083223249665	0.0026420079260237217	0.027741083223249665	-0.0013210039630119782	0.027741083223249665	26449765
2022-02-07	0.00933333333333337	0.006666666666666643	0.01466666666666671	0.004000000000000033	0.00933333333333337	17207930
2022-01-28	-0.006622516556291367	0.005298013245033118	0.013245033112582853	-0.006622516556291367	-0.006622516556291367	19759860
2022-01-27	-0.015645371577574983	-0.0013037809647978862	0.005215123859191661	-0.016949152542372867	-0.015645371577574983	19058488
2022-01-26	0.017241379310344813	0.0026525198938991477	0.022546419098143228	0.0026525198938991477	0.017241379310344813	19216826
2022-01-25	-0.041931385006353246	-0.0038119440914866896	0.0	-0.041931385006353246	-0.041931385006353246	26777694
2022-01-24	-0.012547051442910871	-0.0025094102885821297	0.0	-0.018820577164366307	-0.012547051442910871	21526164
2022-01-21	-0.01604938271604937	-0.0049382716049381666	-0.0024691358024690833	-0.018518518518518455	-0.01604938271604937	30796577
2022-01-20	0.011235955056179758	-0.001248439450686615	0.01622971285892644	-0.0037453183520598453	0.011235955056179758	36026224
2022-01-19	0.0	-0.001248439450686615	0.0062421972534332975	-0.0062421972534331864	0.0	19985674
2022-01-18	0.0012499999999999734	0.00374999999999992	0.008750000000000036	-0.008750000000000036	0.0012499999999999734	31153932
2022-01-17	0.0	0.0	0.006250000000000089	-0.003750000000000031	0.0	23735092
2022-01-14	-0.033816425120772875	-0.0036231884057970243	-0.0024154589371980163	-0.03502415458937188	-0.033816425120772875	56687625
2022-01-13	0.004854368932038731	-0.0012135922330096828	0.009708737864077678	-0.0012135922330096828	0.004854368932038731	38563149
2022-01-12	-0.0012121212121211863	0.0024242424242423726	0.0036363636363635587	-0.0072727272727273334	-0.0012121212121211863	29302923
2022-01-11	0.0048721071863579955	0.0	0.010962241169305706	-0.002436053593179214	0.0048721071863579955	41757092
2022-01-10	0.004895960832313455	0.0012239902080783092	0.008567931456548383	0.0012239902080783092	0.004895960832313455	23671343
2022-01-07	0.0012254901960784053	0.0024509803921568107	0.00980392156862746	0.0	0.0012254901960784053	28056794
2022-01-06	-0.010909090909090893	-0.0012121212121211863	0.0	-0.012121212121212078	-0.010909090909090893	31161820
2022-01-05	-0.006024096385542254	-0.00240963855421703	0.0036144578313252237	-0.007228915662650662	-0.006024096385542254	30487621
2022-01-04	0.009732360097323608	0.0024330900243308483	0.009732360097323608	-0.0012165450121654241	0.009732360097323608	31021543
2021-12-31	0.0012180267965894989	0.0012180267965894989	0.008526187576126491	-0.0012180267965897153	0.0012180267965894989	25245282
2021-12-30	0.004895960832313455	-0.0024479804161566185	0.009791921664626693	-0.0036719706242349277	0.004895960832313455	27441459
2021-12-29	-0.00244200244200239	0.001221001221001195	0.003663003663003802	-0.003663003663003585	-0.00244200244200239	17880415
2021-12-28	0.004907975460122595	-0.0024539877300612974	0.006134969325153243	-0.006134969325153461	0.004907975460122595	18265100
2021-12-27	0.0036945812807883177	0.0012315270935962517	0.00862068965517245	0.0	0.0036945812807883177	16049956
2021-12-24	-0.012165450121654674	-0.0012165450121654241	0.0048661800486616965	-0.012165450121654674	-0.012165450121654674	22634545
2021-12-23	-0.0024271844660193657	0.0036407766990290487	0.0036407766990290487	-0.004854368932038947	-0.0024271844660193657	19580279
2021-12-22	-0.007228915662650662	0.0	0.004819277108433632	-0.009638554216867478	-0.007228915662650662	21639421
2021-12-21	0.01466992665036687	0.0036674816625918262	0.015892420537897408	-0.0024449877750610726	0.01466992665036687	28767733
2021-12-20	-0.020359281437125742	-0.008383233532934166	-0.0011976047904191363	-0.020359281437125742	-0.020359281437125742	31958773
2021-12-17	0.012121212121212078	0.0	0.029090909090909115	0.0	0.012121212121212078	49433857
2021-12-16	0.0048721071863579955	0.0	0.006090133982947494	-0.002436053593179214	0.0048721071863579955	25944861
2021-12-15	0.0	-0.0012180267965897153	0.012180267965895206	-0.003654080389768713	0.0	22394570
2021-12-14	-0.01676646706586812	-0.00718562874251503	-0.0023952095808382726	-0.020359281437125742	-0.01676646706586812	34461825
2021-12-13	-0.0023894862604539515	0.01314217443249716	0.023894862604540153	-0.0035842293906809277	-0.0023894862604539515	37194357
2021-12-10	-0.007117437722419988	-0.009489916963226581	0.0023724792408065924	-0.014234875444839765	-0.007117437722419988	30703389
2021-12-09	0.010791366906474803	-0.0011990407673860657	0.027577937649880147	-0.008393285371702672	0.010791366906474803	54614708
2021-12-08	0.009685230024213084	0.00484261501210665	0.010895883777239693	-0.0048426150121064345	0.009685230024213084	24261596
2021-12-07	0.0012121212121211863	0.012121212121212078	0.01454545454545445	-0.0024242424242423726	0.0012121212121211863	25871077
2021-12-06	0.0024301336573511025	0.004860267314702205	0.029161603888213875	0.0012150668286755512	0.0024301336573511025	45072823
2021-12-03	0.006112469437652899	0.0024449877750610726	0.00855745721271397	-0.006112469437652682	0.006112469437652899	18557358
2021-12-02	0.007389162561576417	0.0	0.0135467980295568	-0.0049261083743841316	0.007389162561576417	23018017
2021-12-01	0.013732833957552988	-0.00249687890137323	0.014981273408239825	-0.0037453183520598453	0.013732833957552988	20128436
2021-11-30	0.0	0.00249687890137323	0.011235955056179758	-0.004993757802746571	0.0	17183987
2021-11-29	-0.011111111111111094	-0.011111111111111094	-0.0012345679012345416	-0.012345679012345635	-0.011111111111111094	20802537
2021-11-26	-0.009779951100244507	-0.0024449877750610726	0.0	-0.011002444987775044	-0.009779951100244507	17973387
2021-11-25	-0.008484848484848519	0.0	0.0024242424242423726	-0.008484848484848519	-0.008484848484848519	16514816
2021-11-24	-0.0036231884057970243	-0.0036231884057970243	0.0012077294685990082	-0.012077294685990296	-0.0036231884057970243	16292354
2021-11-23	0.0036363636363635587	0.0	0.015757575757575852	-0.0036363636363635587	0.0036363636363635587	31174520
2021-11-22	-0.0012106537530266086	-0.0036319612590798257	0.009685230024213084	-0.0048426150121064345	-0.0012106537530266086	21195932
2021-11-19	0.021013597033374527	0.0	0.02348578491965383	-0.0024721878862793045	0.021013597033374527	26824451
2021-11-18	-0.015815085158150947	-0.0012165450121654241	0.0012165450121654241	-0.018248175182481792	-0.015815085158150947	17882046
2021-11-17	0.0	-0.0012165450121654241	0.0048661800486616965	-0.0048661800486619125	0.0	14446766
2021-11-16	-0.010830324909747275	0.00481347773766536	0.008423586040914595	-0.010830324909747275	-0.010830324909747275	18788376
2021-11-15	-0.008353221957040606	0.002386634844868684	0.007159904534606052	-0.009546539379474948	-0.008353221957040606	18190735
2021-11-12	-0.0011918951132300103	-0.0011918951132300103	0.0023837902264600207	-0.011918951132300527	-0.0011918951132300103	21470234
2021-11-11	0.018203883495145675	0.0024271844660193657	0.02548543689320377	0.0	0.018203883495145675	31638906
2021-11-10	-0.006031363088057773	-0.002412545235223109	-0.0012062726176115546	-0.01447527141133887	-0.006031363088057773	18557725
2021-11-09	0.012210012210012167	0.001221001221001195	0.01587301587301597	-0.00488400488400478	0.012210012210012167	22217305
2021-11-08	0.006142506142506011	-0.0024570024570026226	0.014742014742014645	-0.013513513513513662	0.006142506142506011	18517183
2021-11-05	0.003699136868064259	-0.0012330456226880132	0.01602959309494461	-0.004932182490752053	0.003699136868064259	21278618
2021-11-04	-0.00855745721271397	0.0024449877750610726	0.0036674816625918262	-0.011002444987775044	-0.00855745721271397	17537770
2021-11-03	0.0	-0.004889975550122145	0.006112469437652899	-0.00855745721271397	0.0	14902140
2021-11-02	-0.015643802647412847	-0.006016847172081914	0.0060168471720817	-0.026474127557160124	-0.015643802647412847	24847823
2021-11-01	0.013414634146341612	-0.003658536585365776	0.019512195121951237	-0.008536585365853477	0.013414634146341612	26666827
2021-10-29	0.0036719706242349277	0.0	0.008567931456548383	-0.02570379436964504	0.0036719706242349277	28985604
2021-10-28	-0.01566265060240973	-0.006024096385542254	0.001204819277108408	-0.02530120481927721	-0.01566265060240973	33091081
2021-10-27	-0.05359179019384252	-0.0022805017103762343	-0.0022805017103762343	-0.055872291904218954	-0.05359179019384252	44647715
2021-10-26	-0.013498312710911247	-0.006749156355455623	0.004499437570303616	-0.015748031496063054	-0.013498312710911247	24271330
2021-10-25	0.016000000000000066	0.0	0.017142857142857182	-0.016000000000000066	0.016000000000000066	35456043
2021-10-22	0.0	0.0	0.011428571428571389	-0.006857142857142914	0.0	22747084
2021-10-21	-0.0034168564920272625	0.0	0.018223234624145802	-0.006833712984054525	-0.0034168564920272625	28975501
2021-10-20	-0.003405221339387189	0.0	0.007945516458569838	-0.005675368898978514	-0.003405221339387189	17480036
2021-10-19	0.005707762557077707	0.0	0.01940639269406392	-0.005707762557077504	0.005707762557077707	23367186
2021-10-18	-0.002277904328018175	0.004555808656036552	0.006833712984054727	-0.011389521640091077	-0.002277904328018175	14657658
2021-10-15	-0.0011376564277587927	-0.0022753128555175854	0.006825938566552958	-0.006825938566552756	-0.0011376564277587927	18549139
2021-10-14	-0.0034013605442178158	-0.001133786848072538	0.005668934240362691	-0.01360544217687086	-0.0034013605442178158	16459593
2021-10-13	0.01146788990825684	-0.0022935779816515307	0.01605504587155949	-0.014908256880734034	0.01146788990825684	24068597
2021-10-12	-0.03111111111111104	-0.008888888888888898	-0.005555555555555635	-0.04555555555555557	-0.03111111111111104	37959755
2021-10-11	-0.006622516556291445	-0.005518763796909571	0.008830022075055195	-0.008830022075055195	-0.006622516556291445	26175702
2021-10-08	0.029545454545454517	0.01704545454545438	0.031818181818181746	0.009090909090909097	0.029545454545454517	33740776
2021-09-30	-0.01345291479820619	-0.0022421524663676653	0.0022421524663676653	-0.01793721973094172	-0.01345291479820619	35387794
2021-09-29	-0.013274336283185756	-0.011061946902654829	-0.0022123893805309266	-0.029867256637168098	-0.013274336283185756	31326604
2021-09-28	0.023782559456398535	0.005662514156285471	0.03510758776896948	0.004530011325028216	0.023782559456398535	37985052
2021-09-27	-0.030735455543358877	-0.004390779363336899	0.007683863885839768	-0.03841931942919865	-0.030735455543358877	54011482
2021-09-24	-0.018318965517241374	-0.0032327586206895866	0.007543103448275894	-0.02155172413793096	-0.018318965517241374	40450323
2021-09-23	0.0021598272138228483	0.008639308855291584	0.02159827213822906	-0.0021598272138228483	0.0021598272138228483	54185141
2021-09-22	-0.005370569280343793	-0.017185821697099906	0.004296455424274881	-0.02040816326530626	-0.005370569280343793	34046897
2021-09-17	0.011956521739130567	0.0	0.013043478260869674	-0.01847826086956521	0.011956521739130567	53024115
2021-09-16	-0.010752688172043163	0.0	0.04623655913978491	-0.010752688172043163	-0.010752688172043163	89849538
2021-09-15	0.009771986970684023	-0.001085776330076174	0.02280130293159599	-0.004343105320304117	0.009771986970684023	53244876
2021-09-14	-0.03761755485893411	-0.0020898641588296316	0.0010449320794148158	-0.03970741901776392	-0.03761755485893411	76678425
2021-09-13	0.0	-0.00626959247648908	0.009404388714733527	-0.01149425287356316	0.0	62461325
2021-09-10	0.009493670886075934	0.0021097046413501657	0.03375527426160341	-0.0021097046413501657	0.009493670886075934	103003210
2021-09-09	-0.00836820083682009	-0.01150627615062774	0.004184100418409952	-0.01673640167364018	-0.00836820083682009	72676706
2021-09-08	-0.021494370522006048	0.001023541453428842	0.015353121801432995	-0.021494370522006048	-0.021494370522006048	101870544
2021-09-07	0.008255933952528388	-0.007223942208462362	0.009287925696594413	-0.03405572755417958	0.008255933952528388	114187689
2021-09-06	0.024312896405919517	0.003171247357293801	0.05285412262156448	-0.0010570824524314547	0.024312896405919517	130610928
2021-09-03	0.0010582010582012237	0.05820105820105828	0.07936507936507937	0.0	0.0010582010582012237	181312599
2021-09-02	-0.0010570824524314547	-0.014799154334038113	0.008456659619450135	-0.036997885835095286	-0.0010570824524314547	133467991
2021-09-01	0.013933547695605657	-0.024651661307609905	0.04823151125401921	-0.04180064308681678	0.013933547695605657	256158615
2021-08-31	0.09122807017543852	-0.0023391812865498655	0.10058479532163735	-0.005847953216374352	0.09122807017543852	240958875
2021-08-30	-0.033898305084745645	-0.005649717514124173	0.009039548022598879	-0.04293785310734452	-0.033898305084745645	62209053
2021-08-27	0.026682134570765712	0.010440835266821536	0.06960556844547582	0.0069605568445476225	0.026682134570765712	75831309
2021-08-26	-0.009195402298850583	-0.002298850574712595	0.006896551724137989	-0.017241379310344664	-0.009195402298850583	38005892
2021-08-25	-0.01805869074492101	-0.007900677200902968	-0.006772009029345228	-0.027088036117381517	-0.01805869074492101	40963899
2021-08-24	0.017221584385763326	0.00803673938002279	0.02525832376578632	-0.013777267508610904	0.017221584385763326	55934690
2021-08-23	-0.015819209039547887	0.005649717514124374	0.022598870056497296	-0.018079096045197758	-0.015819209039547887	60734031
2021-08-20	0.0034013605442176145	0.0034013605442176145	0.015873015873015938	-0.015873015873015938	0.0034013605442176145	62738139
2021-08-19	0.026775320139697373	0.0011641443538998588	0.05937136204889404	0.0	0.026775320139697373	137791071
2021-08-18	0.05918618988902595	0.0024660912453762455	0.06535141800246623	-0.00739827373612808	0.05918618988902595	84507945
2021-08-17	-0.009768009768009777	-0.00244200244200239	0.03174603174603172	-0.012210012210012167	-0.009768009768009777	55513345
2021-08-16	0.009864364981504324	0.004932182490752272	0.02712700369913695	0.0012330456226880132	0.009864364981504324	37281218
2021-08-13	-0.013381995133820098	-0.0048661800486619125	-0.0012165450121654241	-0.021897810218978284	-0.013381995133820098	28437238
2021-08-12	0.006119951040391764	-0.008567931456548383	0.015911872705018457	-0.019583843329253385	0.006119951040391764	55322665
2021-08-11	0.05283505154639177	0.0	0.1005154639175257	-0.0025773195876288113	0.05283505154639177	96251843
2021-08-10	0.01971090670170821	-0.0013140604467806406	0.01971090670170821	-0.005256241787122212	0.01971090670170821	23271720
2021-08-09	0.02010723860589817	-0.001340482573726513	0.030831099195710514	-0.006702412868632684	0.02010723860589817	21999547
2021-08-06	0.0	0.004021447721179658	0.008042895442359197	-0.005361930294906171	0.0	14830005
2021-08-05	-0.017127799736495374	0.0	0.006587615283267434	-0.01844532279314884	-0.017127799736495374	17403615
2021-08-04	-0.0065445026178010245	-0.0013089005235601815	0.0026178010471204793	-0.010471204188481685	-0.0065445026178010245	17116838
2021-08-03	0.0013106159895150441	0.0	0.022280471821756215	-0.009174311926605542	0.0013106159895150441	25699970
2021-08-02	0.028301886792452827	-0.006738544474393507	0.048517520215633464	-0.014824797843665811	0.028301886792452827	28372413
2021-07-30	-0.022397891963109345	-0.003952569169960507	-0.0026350461133069266	-0.02898550724637678	-0.022397891963109345	22742539
2021-07-29	-0.0026281208935611646	0.009198423127463783	0.013140604467805472	-0.011826544021025065	-0.0026281208935611646	21732971
2021-07-28	-0.019329896907216426	0.0	0.007731958762886662	-0.025773195876288683	-0.019329896907216426	24500859
2021-07-27	-0.02634880803011292	0.0	0.005018820577164371	-0.02885821831869505	-0.02634880803011292	26981965
2021-07-26	-0.026862026862026833	0.001221001221001195	0.009768009768009777	-0.03174603174603172	-0.026862026862026833	31427763
2021-07-23	0.004907975460122595	-0.0012269938650306487	0.024539877300613407	-0.011042944785276055	0.004907975460122595	36323196
2021-07-22	0.013681592039801146	0.0	0.01616915422885582	-0.0037313432835820106	0.013681592039801146	22628500
2021-07-21	-0.0012422360248449146	0.0037267080745340816	0.013664596273291854	-0.0037267080745343024	-0.0012422360248449146	17657231
2021-07-20	-0.0037128712871286338	-0.008663366336633699	0.0037128712871286338	-0.00990099009900991	-0.0037128712871286338	11429762
2021-07-19	-0.012224938875305581	-0.00855745721271397	-0.006112469437652682	-0.02200488997555009	-0.012224938875305581	17477765
2021-07-16	0.006150061500614874	0.007380073800737849	0.014760147601475917	-0.004920049200492118	0.006150061500614874	25834511
2021-07-15	0.0049443757725588285	0.0012360939431396523	0.008652657601977786	-0.008652657601977786	0.0049443757725588285	16352126
2021-07-14	-0.009791921664626693	-0.0012239902080783092	0.0012239902080783092	-0.01468788249693993	-0.009791921664626693	17325008
2021-07-13	-0.010895883777239693	-0.006053268765133043	-0.0024213075060532173	-0.015738498789346127	-0.010895883777239693	17579976
2021-07-12	0.03508771929824553	0.010025062656641612	0.03508771929824553	0.003759398496240521	0.03508771929824553	42217409
2021-07-09	0.010126582278481022	-0.0025316455696203113	0.01139240506329112	-0.006329113924050722	0.010126582278481022	16968125
2021-07-08	-0.014962593516209379	0.0037406483790525112	0.0074812967581048	-0.01745635910224435	-0.014962593516209379	22637611
2021-07-07	-0.006195786864931934	-0.004956629491945592	0.0012391573729863428	-0.00867410161090462	-0.006195786864931934	18836367
2021-07-06	0.004981320049813316	0.0	0.00622665006226659	-0.0074719800747197525	0.004981320049813316	17346990
2021-07-05	0.0012468827930174299	0.0	0.0062344139650873705	-0.007481296758104689	0.0012468827930174299	14588522
2021-07-02	-0.02787878787878793	-0.0060606060606061465	-0.004848484848484745	-0.03151515151515149	-0.02787878787878793	27699133
2021-07-01	-0.02826855123674914	0.010600706713780902	0.01648998822143705	-0.02826855123674914	-0.02826855123674914	31794195
2021-06-30	0.008313539192399085	0.004750593824228138	0.013064133016627011	-0.010688836104513048	0.008313539192399085	21179319
2021-06-29	-0.01520467836257319	-0.0011695906432750366	0.005847953216374144	-0.017543859649122848	-0.01520467836257319	21206114
2021-06-28	-0.014976958525345509	0.002304147465437739	0.003456221198156813	-0.02073732718894006	-0.014976958525345509	30872414
2021-06-25	0.02600472813238757	0.004728132387706754	0.0342789598108746	0.0011820330969266885	0.02600472813238757	46778735
2021-06-24	0.013173652694610924	0.0023952095808382726	0.01796407185628747	-0.0011976047904191363	0.013173652694610924	30961000
2021-06-23	0.00240096038415361	0.001200480192076805	0.01080432172869146	-0.014405762304921875	0.00240096038415361	29645281
2021-06-22	-0.01303317535545017	0.005924170616113829	0.009478672985782	-0.015402843601895618	-0.01303317535545017	30336028
2021-06-21	-0.029885057471264347	-0.016091954022988367	-0.003448275862068892	-0.03678160919540213	-0.029885057471264347	37859942
2021-06-18	-0.34090909090909094	-0.3454545454545454	-0.3242424242424242	-0.34924242424242424	-0.34090909090909094	26607771
2021-06-17	-0.013452914798206388	0.0037369207772794417	0.0052316890881912185	-0.01644245142002994	-0.013452914798206388	19244115
2021-06-16	0.006015037593984967	0.0	0.012781954887218039	-0.001503759398496342	0.006015037593984967	18882386
2021-06-15	-0.01989683124539422	0.003684598378776635	0.006632277081798073	-0.024318349299926312	-0.01989683124539422	20501557
2021-06-11	-0.03209700427960052	0.005706134094151218	0.005706134094151218	-0.03281027104136941	-0.03209700427960052	31659712
2021-06-10	-0.0007127583749108901	0.003563791874554577	0.012116892373485384	-0.009265858873841697	-0.0007127583749108901	29648714
2021-06-09	0.015930485155684203	-0.004344677769732114	0.04851556842867487	-0.004344677769732114	0.015930485155684203	38534255
2021-06-08	-0.004325883201153477	0.0	0.020187454938716737	-0.007930785868781503	-0.004325883201153477	24626297
2021-06-07	0.023616236162361512	0.005904059040590411	0.029520295202951925	0.002214022140221355	0.023616236162361512	28370955
2021-06-04	0.007434944237918322	-0.0037174721189590287	0.028996282527881084	-0.004460966542750834	0.007434944237918322	23048871
2021-06-03	0.002235469448584155	-0.0007451564828613851	0.017138599105812252	-0.0007451564828613851	0.002235469448584155	18726791
2021-06-02	-0.0197224251278305	-0.002921840759678535	0.004382761139517933	-0.027757487216946604	-0.0197224251278305	21477225
2021-06-01	-0.014398848092152704	-0.005759539236861056	-0.004319654427645824	-0.02231821454283661	-0.014398848092152704	23677073
2021-05-31	-0.0035868005738880155	-0.005738880918220952	0.007890961262553889	-0.010043041606886571	-0.0035868005738880155	27022691
2021-05-28	0.018261504747991236	-0.0058436815193572	0.024105186267348436	-0.0116873630387144	0.018261504747991236	41295010
2021-05-27	0.00735835172921263	0.0014716703458424998	0.019867549668874142	-0.0036791758646063807	0.00735835172921263	28457923
2021-05-26	-0.0029347028613353576	0.005135730007336648	0.02347762289068221	-0.005135730007336778	-0.0029347028613353576	39945906
2021-05-25	0.025583145221971533	-0.0022573363431150763	0.04213694507148236	-0.003762227238525127	0.025583145221971533	47092256
2021-05-24	0.015278838808250518	0.0038197097020626976	0.024446142093200937	0.0038197097020626976	0.015278838808250518	21477947
2021-05-21	-0.01578947368421059	-0.0030075187969925503	0.0015037593984962084	-0.018045112781954902	-0.01578947368421059	15734645
2021-05-20	0.0075757575757576835	-0.0007575757575757414	0.0212121212121213	-0.007575757575757549	0.0075757575757576835	24606421
2021-05-19	-0.0030211480362538463	-0.001510574018126856	0.006797583081570986	-0.006042296072507558	-0.0030211480362538463	15138353
2021-05-18	0.0022710068130203905	0.0007570022710067969	0.015140045420136205	-0.007570022710068237	0.0022710068130203905	18254372
2021-05-17	-0.028676470588235206	-0.015441176470588168	-0.008088235294117606	-0.03823529411764703	-0.028676470588235206	35838790
2021-05-14	0.08108108108108104	0.004769475357710691	0.08505564387917332	0.00158982511923685	0.08108108108108104	59340435
2021-05-13	-0.003958828186856746	-0.005542359461599389	0.007125890736342031	-0.007917656373713493	-0.003958828186856746	10098364
2021-05-12	-0.007855459544383318	-0.006284367635506683	0.0	-0.016496465043205094	-0.007855459544383318	14864077
2021-05-11	0.0007861635220125619	-0.0062893081761006345	0.011792452830188567	-0.018867924528301903	0.0007861635220125619	15589665
2021-05-10	0.006329113924050638	0.0015822784810126244	0.008702531645569575	-0.006329113924050638	0.006329113924050638	12235366
2021-05-07	-0.0015797788309636315	0.002369668246445447	0.008688783570300113	-0.004739336492891035	-0.0015797788309636315	12532716
2021-05-06	-0.02239382239382233	0.003861003861003916	0.01467181467181477	-0.026254826254826245	-0.02239382239382233	23244978
2021-04-30	-0.022641509433962318	0.003773584905660431	0.003773584905660431	-0.023396226415094378	-0.022641509433962318	22919459
2021-04-29	0.025541795665634682	0.0015479876160990381	0.02786377708978324	-0.003869969040247733	0.025541795665634682	21970348
2021-04-28	0.010164190774042282	0.0007818608287726008	0.02345582486317441	-0.00390930414386231	0.010164190774042282	13801584
2021-04-27	0.003924646781789555	-0.004709576138147605	0.014128728414442678	-0.004709576138147605	0.003924646781789555	13498588
2021-04-26	-0.01773323053199695	-0.0007710100231302842	0.010794140323824116	-0.01850424055512723	-0.01773323053199695	17332749
2021-04-23	0.0007716049382715884	-0.006172839506172844	0.007716049382716021	-0.008487654320987748	0.0007716049382715884	10068750
2021-04-22	0.002320185614849276	0.004640371229698415	0.013147718484145393	-0.0007733952049497129	0.002320185614849276	11512020
2021-04-21	-0.005384615384615406	-0.006923076923076912	0.006153846153846159	-0.010000000000000061	-0.005384615384615406	10646501
2021-04-20	-0.015151515151515098	-0.0037878787878787073	0.0068181818181818074	-0.018181818181818063	-0.015151515151515098	16727869
2021-04-19	0.02404965089216437	-0.003103180760279358	0.02404965089216437	-0.005430566330488773	0.02404965089216437	23937797
2021-04-16	0.019778481012658226	0.0	0.026898734177215177	-0.0007911392405063122	0.019778481012658226	18444122
2021-04-15	-0.011727912431587066	-0.0031274433150898476	-0.0031274433150898476	-0.016419077404221976	-0.011727912431587066	10960341
2021-04-14	0.011867088607594823	0.0007911392405063122	0.013449367088607589	-0.004746835443038014	0.011867088607594823	12936248
2021-04-13	0.007974481658692299	-0.0007974481658692016	0.007974481658692299	-0.0031897926634768064	0.007974481658692299	12929696
2021-04-12	-0.021840873634945485	-0.004680187207488338	0.0	-0.025741029641185652	-0.021840873634945485	17880906
2021-04-09	-0.006971340046475589	0.002323780015491817	0.002323780015491817	-0.013942680092951179	-0.006971340046475589	14496806
2021-04-08	-0.006158583525789074	-0.0046189376443418395	0.009237875288683542	-0.014626635873749	-0.006158583525789074	24835705
2021-04-07	0.012470771628994555	0.0023382696804364273	0.01792673421667969	-0.007794232268121562	0.012470771628994555	25284895
2021-04-06	0.009441384736427947	0.001573564122737968	0.018882769472855894	-0.0039339103068450594	0.009441384736427947	25822148
2021-04-02	0.0358598207008966	0.043194784026079965	0.05541972290138547	0.02118989405052973	0.0358598207008966	47250774
2021-04-01	0.004091653027823153	0.0008183306055646306	0.004091653027823153	-0.0049099836333879295	0.004091653027823153	10533442
2021-03-31	-0.014516129032258041	0.0016129032258064171	0.0016129032258064171	-0.01774193548387102	-0.014516129032258041	15000290
2021-03-30	0.000807102502017739	0.003228410008070956	0.008878127522195273	-0.0072639225181597945	0.000807102502017739	14298718
2021-03-29	-0.009592326139088666	-0.004796163069544404	0.0007993605115907104	-0.01358912869704236	-0.009592326139088666	15628306
2021-03-26	0.020391517128874388	0.007340946166394769	0.023654159869494366	0.0008156606851549581	0.020391517128874388	21053621
2021-03-25	-0.008090614886731363	-0.00647249190938512	0.011326860841423994	-0.008090614886731363	-0.008090614886731363	17963869
2021-03-24	0.008979591836734647	0.00326530612244891	0.03510204081632651	0.0008163265306122275	0.008979591836734647	35679719
2021-03-23	0.001635322976287782	-0.001635322976287782	0.012264922322158655	-0.011447260834014764	0.001635322976287782	20967922
2021-03-22	0.015780730897010074	0.00415282392026584	0.022425249169435328	0.0	0.015780730897010074	17498042
2021-03-19	-0.011494252873563265	-0.004926108374384277	-0.003284072249589421	-0.013957307060755332	-0.011494252873563265	14681615
2021-03-18	-0.011363636363636409	0.0	0.004058441558441472	-0.012987012987012998	-0.011363636363636409	16524088
2021-03-17	-0.01123595505617982	-0.010433386837881281	-0.006420545746388448	-0.020064205457463884	-0.01123595505617982	21520290
2021-03-16	0.026359143327841866	0.0024711696869851203	0.043657331136738003	0.0016474464579900802	0.026359143327841866	31303387
2021-03-15	-0.005733005733005756	-0.00982800982800991	-0.000819000819000947	-0.016380016380016467	-0.005733005733005756	16430469
2021-03-12	0.004111842105263217	0.0	0.011513157894736888	-0.012335526315789503	0.004111842105263217	19995604
2021-03-11	0.009966777408637956	0.002491694352159563	0.010797342192691095	-0.0024916943521594154	0.009966777408637956	16271154
2021-03-10	0.005847953216374144	0.00918964076858809	0.01587301587301583	-0.004177109440267394	0.005847953216374144	15914331
2021-03-09	-0.022857142857142805	-0.001632653061224455	0.004081632653061282	-0.02693877551020409	-0.022857142857142805	21177535
2021-03-08	-0.012892828364222413	0.008058017727638972	0.012892828364222413	-0.014504431909750178	-0.012892828364222413	19751075
2021-03-05	0.014717906786590329	-0.002452984464431818	0.02044153720359771	-0.005723630417007382	0.014717906786590329	22848789
2021-03-04	-0.01609010458567975	-0.005631536604987955	-0.0032180209171358927	-0.018503620273531814	-0.01609010458567975	14052801
2021-03-03	0.022203947368421018	0.0	0.02302631578947363	-0.004111842105263217	0.022203947368421018	16697721
2021-03-02	-0.008156606851549727	0.005709624796084852	0.00652528548123981	-0.010603588907014601	-0.008156606851549727	14306103
2021-03-01	0.0016339869281045403	0.0008169934640522702	0.009803921568627387	-0.004901960784313766	0.0016339869281045403	21916512
2021-02-26	-0.031645569620253194	-0.01028481012658234	-0.004746835443038014	-0.031645569620253194	-0.031645569620253194	27234643
2021-02-25	0.0007917656373713211	0.003958828186856606	0.012668250197941279	-0.00633412509897071	0.0007917656373713211	23685597
2021-02-24	-0.0007911392405063122	0.0023734177215189367	0.012658227848101276	-0.01028481012658234	-0.0007911392405063122	16083101
2021-02-23	-0.0031545741324920462	0.0	0.017350157728706676	-0.006309148264984233	-0.0031545741324920462	17161992
2021-02-22	-0.012461059190031164	0.00311526479750786	0.02647975077881619	-0.014018691588785024	-0.012461059190031164	28765225
2021-02-19	0.02637889688249401	0.0007993605115907104	0.02717825739408472	-0.003996802557953552	0.02637889688249401	18948261
2021-02-18	0.010500807754442568	0.011308562197091986	0.025848142164781783	0.005654281098545921	0.010500807754442568	17537716
2021-02-10	0.0	-0.0008077544426495608	0.005654281098545921	-0.005654281098546064	0.0	11801685
2021-02-09	0.02314049586776869	0.00661157024793389	0.025619834710743843	-0.005785123966942173	0.02314049586776869	15756072
2021-02-08	0.0024855012427505685	0.0024855012427505685	0.014084507042253515	-0.004971002485501284	0.0024855012427505685	12666678
2021-02-05	-0.018699186991869954	0.0008130081300812835	0.013008130081300823	-0.025203252032520364	-0.018699186991869954	16161377
2021-02-04	-0.050193050193050086	-0.003861003861003779	-0.0007722007722007558	-0.050193050193050086	-0.050193050193050086	22497438
2021-02-03	-0.0023112480739600257	-0.0030816640986133224	0.006933744221879804	-0.00924499229583983	-0.0023112480739600257	11706565
2021-02-02	-0.0007698229407236171	0.0007698229407236171	0.0038491147036180855	-0.010777521170130913	-0.0007698229407236171	11912041
2021-02-01	0.012470771628994555	0.0031176929072485697	0.01792673421667969	-0.0038971161340608505	0.012470771628994555	12124699
2021-01-29	-0.01155624036979972	0.004622496147919778	0.010785824345146286	-0.018489984591679522	-0.01155624036979972	18538182
2021-01-28	-0.0076452599388378934	-0.0022935779816513273	0.0015290519877675516	-0.013761467889908235	-0.0076452599388378934	16944921
2021-01-27	0.001531393568146981	0.004594180704440943	0.01148545176110263	-0.001531393568147117	0.001531393568146981	14171438
2021-01-26	-0.026099925428784462	-0.002237136465324337	0.004474272930648807	-0.029082774049217046	-0.026099925428784462	23469608
2021-01-25	-0.013970588235294082	0.0007352941176470432	0.005882352941176476	-0.01838235294117647	-0.013970588235294082	26545507
2021-01-22	-0.03271692745376962	-0.006401137980085338	-0.0021337126600285304	-0.03413940256045522	-0.03271692745376962	33998941
2021-01-21	0.014430014430014508	0.002886002886002953	0.03391053391053396	-0.0036075036075035307	0.014430014430014508	38415043
2021-01-20	0.00726744186046509	-0.004360465116279106	0.0109011627906977	-0.005087209302325602	0.00726744186046509	21539599
2021-01-19	-0.0057803468208092535	-0.004335260115606972	0.01517341040462434	-0.012283236994219649	-0.0057803468208092535	24784753
2021-01-18	0.006545454545454535	-0.010909090909090934	0.012363636363636358	-0.01745454545454547	0.006545454545454535	30984112
2021-01-15	0.01701183431952666	0.009615384615384673	0.049556213017751476	0.0059171597633136145	0.01701183431952666	39817083
2021-01-14	-0.016011644832605577	-0.0007278020378456904	0.0021834061135370714	-0.01892285298398834	-0.016011644832605577	24320489
2021-01-13	-0.019971469329529198	-0.0049928673323823315	0.009272467902995777	-0.02496433666191153	-0.019971469329529198	33910330
2021-01-12	0.040059347181008835	-0.002225519287833912	0.049703264094955485	-0.011869436201780426	0.040059347181008835	44792441
2021-01-11	-0.027417027417027347	0.0021645021645022465	0.007215007215007318	-0.029581529581529594	-0.027417027417027347	25744999
2021-01-08	0.0021691973969630773	-0.007230657989877053	0.009399855386840258	-0.010122921185827952	0.0021691973969630773	28338738
2021-01-07	0.0021739130434782145	0.0014492753623188096	0.009420289855072391	-0.023913043478260874	0.0021739130434782145	31341980
2021-01-06	-0.014285714285714235	0.0007142857142856991	0.009285714285714342	-0.02214285714285718	-0.014285714285714235	28905402
