2024-12-31	-0.0044052863436122415	-0.0029368575624081606	0.004405286343612372	-0.0044052863436122415	-0.0044052863436122415	115828860
2024-12-30	0.0014705882352940864	-0.0014705882352940864	0.010294117647058865	-0.002941176470588173	0.0014705882352940864	112504938
2024-12-27	0.0059171597633136145	-0.0029585798816567418	0.010355029585798859	-0.0029585798816567418	0.0059171597633136145	134162143
2024-12-26	-0.023121387283237014	-0.007225433526011535	-0.004335260115606972	-0.026011560693641578	-0.023121387283237014	153368031
2024-12-25	0.008746355685131138	-0.002915451895043799	0.008746355685131138	-0.011661807580174937	0.008746355685131138	152257014
2024-12-24	0.0	-0.0014577259475219643	0.0014577259475218346	-0.007288629737609432	0.0	67676158
2024-12-23	0.004392386530014678	0.0	0.01171303074670572	-0.0029282576866764953	0.004392386530014678	96637814
2024-12-20	-0.004373177842565633	-0.0014577259475219643	0.0029154518950436693	-0.005830903790087469	-0.004373177842565633	59065658
2024-12-19	0.0	-0.0014577259475219643	0.0029154518950436693	-0.005830903790087469	0.0	69561911
2024-12-18	-0.0029069767441859845	0.004360465116279106	0.01308139534883719	-0.004360465116279106	-0.0029069767441859845	105667328
2024-12-17	-0.011494252873563229	-0.004310344827586242	0.005747126436781614	-0.0129310344827586	-0.011494252873563229	102391712
2024-12-16	0.011627906976744196	-0.0014534883720929922	0.01308139534883719	-0.0014534883720929922	0.011627906976744196	109527379
2024-12-13	-0.004341534008683104	-0.001447178002894325	0.004341534008683104	-0.005788712011577429	-0.004341534008683104	99593684
2024-12-12	0.004360465116279106	0.0	0.008720930232558212	-0.0029069767441859845	0.004360465116279106	69664493
2024-12-11	-0.002898550724637748	-0.002898550724637748	0.002898550724637619	-0.008695652173913115	-0.002898550724637748	69527151
2024-12-10	-0.005763688760806921	0.008645533141210318	0.011527377521613714	-0.008645533141210446	-0.005763688760806921	98020610
2024-12-09	0.0	-0.0014409221902018264	0.007204610951008619	-0.004322766570605223	0.0	67158148
2024-12-06	0.008720930232558212	0.0014534883720929922	0.010174418604651203	0.0014534883720929922	0.008720930232558212	62011714
2024-12-05	-0.00721500721500719	-0.0028860028860028244	-0.0014430014430014122	-0.008658008658008602	-0.00721500721500719	47981106
2024-12-04	0.004347826086956429	-0.004347826086956557	0.004347826086956429	-0.005797101449275368	0.004347826086956429	69964722
2024-12-03	0.013215859030837114	0.0014684287812042108	0.013215859030837114	0.0	0.013215859030837114	100645238
2024-12-02	0.0	0.0014684287812042108	0.004405286343612372	-0.0044052863436122415	0.0	64116948
2024-11-29	0.0	0.0014684287812042108	0.005873715124816452	-0.005873715124816452	0.0	68419059
2024-11-28	0.005908419497784348	0.004431314623338294	0.011816838995568697	-0.004431314623338163	0.005908419497784348	63598308
2024-11-27	0.0059435364041603485	-0.002971768202080306	0.007429420505200567	-0.00594353640416048	0.0059435364041603485	60277117
2024-11-26	0.007485029940119867	-0.0029940119760478406	0.011976047904191628	-0.005988023952095814	0.007485029940119867	54515043
2024-11-25	0.0014992503748125618	0.0014992503748125618	0.010494752623688198	-0.0029985007496251236	0.0014992503748125618	59810951
2024-11-22	-0.010385756676557905	0.0	0.007418397626112733	-0.011869436201780426	-0.010385756676557905	67594187
2024-11-21	0.0	-0.0014836795252225203	0.0044510385756675605	-0.004451038575667692	0.0	47682895
2024-11-20	-0.0029585798816567418	-0.004437869822485113	0.0014792899408283709	-0.0059171597633136145	-0.0029585798816567418	60774352
2024-11-19	-0.008797653958944354	0.0	0.007331378299120208	-0.019061583577712593	-0.008797653958944354	110173176
2024-11-18	0.0029411764705883033	0.005882352941176476	0.027941176470588292	0.0	0.0029411764705883033	160356619
2024-11-15	0.010401188707280741	-0.001485884101040219	0.017830609212481308	-0.004457652303120394	0.010401188707280741	120537792
2024-11-14	-0.0029629629629629	0.0	0.008888888888888832	-0.005925925925925931	-0.0029629629629629	79640226
2024-11-13	0.015037593984962351	0.0	0.016541353383458562	-0.0030075187969925503	0.015037593984962351	99123018
2024-11-12	-0.005979073243647239	-0.0029895366218236864	0.007473841554559016	-0.007473841554559149	-0.005979073243647239	77847129
2024-11-11	-0.008888888888888832	-0.005925925925925931	-0.00148148148148145	-0.019259259259259243	-0.008888888888888832	70621445
2024-11-08	0.005961251862891212	0.0014903129657227701	0.01639344262295087	-0.007451564828613983	0.005961251862891212	113330428
2024-11-07	0.012066365007541489	-0.004524886877828092	0.012066365007541489	-0.007541478129713397	0.012066365007541489	98480761
2024-11-06	-0.0030075187969925503	-0.001503759398496342	0.0030075187969924168	-0.006015037593984967	-0.0030075187969925503	72333183
2024-11-05	0.003016591251885439	0.0	0.004524886877828092	-0.004524886877828092	0.003016591251885439	82252195
2024-11-04	0.007598784194528849	0.0	0.009118541033434591	-0.009118541033434726	0.007598784194528849	78547445
2024-11-01	0.010752688172043055	-0.001536098310291826	0.010752688172043055	-0.0076804915514592665	0.010752688172043055	95718686
2024-10-31	0.0046296296296295305	-0.0015432098765433139	0.007716049382716021	-0.01543209876543218	0.0046296296296295305	98349832
2024-10-30	-0.004608294930875478	-0.004608294930875478	0.001536098310291826	-0.013824884792626706	-0.004608294930875478	98531221
2024-10-29	-0.001533742331288311	0.0	0.007668711656441827	-0.004601226993864933	-0.001533742331288311	78836681
2024-10-28	-0.009118541033434726	0.0	0.0015197568389057428	-0.012158054711246211	-0.009118541033434726	111363158
2024-10-25	-0.006042296072507558	-0.004531722054380702	0.003021148036253712	-0.012084592145015116	-0.006042296072507558	87919808
2024-10-24	-0.026470588235294076	-0.014705882352941124	-0.010294117647058735	-0.03235294117647055	-0.026470588235294076	97668907
2024-10-23	0.004431314623338294	0.0	0.010339734121122643	-0.0029542097488921087	0.004431314623338294	91803780
2024-10-22	0.007440476190476164	-0.0014880952380952064	0.008928571428571503	-0.0044642857142856195	0.007440476190476164	96665033
2024-10-21	-0.004444444444444481	0.00148148148148145	0.0029629629629629	-0.011851851851851862	-0.004444444444444481	106117720
2024-10-18	0.007462686567164152	0.0	0.013432835820895501	-0.011940298507462697	0.007462686567164152	105843041
2024-10-17	-0.005934718100890213	0.0	0.0044510385756675605	-0.011869436201780426	-0.005934718100890213	83617388
2024-10-16	0.015060240963855503	-0.0030120481927710203	0.016566265060241014	-0.007530120481927685	0.015060240963855503	107299192
2024-10-15	-0.007473841554559149	-0.004484304932735463	0.0	-0.008968609865470926	-0.007473841554559149	103050347
2024-10-14	0.009049773755656184	0.0015082956259426527	0.01659125188536958	0.0	0.009049773755656184	104261103
2024-10-11	-0.0074850299401197345	0.0029940119760479733	0.010479041916167707	-0.010479041916167576	-0.0074850299401197345	111016978
2024-10-10	0.015197568389057697	-0.0015197568389057428	0.034954407294832755	-0.007598784194528849	0.015197568389057697	188200337
2024-10-09	-0.047756874095513754	-0.011577424023154858	-0.011577424023154858	-0.050651230101302534	-0.047756874095513754	208211777
2024-10-08	0.007288629737609303	0.0903790087463557	0.09620991253644304	-0.010204081632653102	0.007288629737609303	368085857
2024-09-30	0.05376344086021514	0.019969278033794148	0.05683563748079879	0.009216589861751228	0.05376344086021514	329626188
2024-09-27	0.0046296296296295305	0.013888888888888866	0.02006172839506171	-0.010802469135802512	0.0046296296296295305	132891481
2024-09-26	0.015673981191222656	0.0	0.015673981191222656	-0.006269592476489034	0.015673981191222656	95319524
2024-09-25	0.02079999999999998	0.0064000000000000055	0.04	0.0048000000000000395	0.02079999999999998	141368659
2024-09-24	0.022913256955810094	0.004909983633387784	0.022913256955810094	0.0016366612111292612	0.022913256955810094	100514669
2024-09-23	0.014950166112956936	-0.001661129568106277	0.01827242524916949	-0.001661129568106277	0.014950166112956936	55449845
2024-09-20	0.005008347245408908	0.0	0.011686143572620935	-0.005008347245409057	0.005008347245408908	69503301
2024-09-19	0.0	0.0	0.0033388981636059386	-0.005008347245409057	0.0	54929300
2024-09-18	0.011824324324324372	0.0	0.013513513513513526	-0.0050675675675676095	0.011824324324324372	52938822
2024-09-13	-0.005042016806722731	0.0	0.010084033613445313	-0.006722689075630258	-0.005042016806722731	45240457
2024-09-12	0.011904761904761953	0.0	0.018707482993197334	-0.0034013605442176145	0.011904761904761953	63852071
2024-09-11	-0.02325581395348832	-0.003322259136212554	-0.003322259136212554	-0.029900332225913578	-0.02325581395348832	98988485
2024-09-10	-0.008237232289950693	0.0	0.0032948929159801604	-0.0197693574958814	-0.008237232289950693	84192633
2024-09-09	-0.013008130081300823	0.0	0.001626016260162567	-0.0162601626016261	-0.013008130081300823	63973042
2024-09-06	-0.0032414910858994447	-0.0016207455429497223	0.01458670988654779	-0.0032414910858994447	-0.0032414910858994447	64554014
2024-09-05	0.011475409836065622	0.0	0.013114754098360668	-0.001639344262295047	0.011475409836065622	74452680
2024-09-04	-0.003267973856209226	-0.003267973856209226	0.004901960784313766	-0.004901960784313766	-0.003267973856209226	71193796
2024-09-03	0.0016366612111292612	0.0016366612111292612	0.004909983633387784	-0.0065466448445171905	0.0016366612111292612	87269064
2024-09-02	0.0	-0.0016366612111294067	0.011456628477904974	-0.0049099836333879295	0.0	124248347
2024-08-30	-0.006504065040650412	-0.006504065040650412	0.0	-0.014634146341463535	-0.006504065040650412	168355713
2024-08-29	-0.07518796992481203	-0.007518796992481309	-0.007518796992481309	-0.07969924812030078	-0.07518796992481203	284909059
2024-08-28	-0.007462686567164152	0.0	0.0	-0.013432835820895501	-0.007462686567164152	63414098
2024-08-27	-0.010339734121122511	0.0	0.0029542097488922396	-0.01329394387001475	-0.010339734121122511	63648239
2024-08-26	-0.007331378299120338	-0.0014662756598241458	0.0	-0.01026392961876837	-0.007331378299120338	53981384
2024-08-23	0.0044182621502209495	0.0	0.007363770250368162	-0.005891016200294556	0.0044182621502209495	51015449
2024-08-22	-0.0014705882352940864	0.0	0.005882352941176476	-0.0014705882352940864	-0.0014705882352940864	47036409
2024-08-21	-0.011627906976744196	-0.0014534883720929922	0.0	-0.01308139534883719	-0.011627906976744196	56391635
2024-08-20	-0.004341534008683104	0.001447178002894325	0.001447178002894325	-0.010130246020260534	-0.004341534008683104	41289154
2024-08-19	0.005822416302765653	0.0	0.007278020378457034	-0.0014556040756913808	0.005822416302765653	47342853
2024-08-16	-0.0014534883720929922	0.0	0.004360465116279106	-0.0029069767441859845	-0.0014534883720929922	39777553
2024-08-15	0.007320644216691043	-0.0014641288433381826	0.010248901903367538	-0.0029282576866764953	0.007320644216691043	49402344
2024-08-14	-0.004373177842565633	-0.0014577259475219643	0.0014577259475218346	-0.005830903790087469	-0.004373177842565633	33843939
2024-08-13	0.0	0.0	0.005830903790087469	-0.005830903790087469	0.0	36584784
2024-08-12	0.0	-0.005830903790087469	0.0014577259475218346	-0.011661807580174937	0.0	49967317
2024-08-09	-0.010101010101010015	-0.0014430014430014122	0.0	-0.011544011544011554	-0.010101010101010015	50917975
2024-08-08	0.005805515239477509	0.001451378809869474	0.007256894049346983	-0.0014513788098693451	0.005805515239477509	40613713
2024-08-07	-0.0014492753623189384	-0.0014492753623189384	0.007246376811594177	-0.002898550724637748	-0.0014492753623189384	46387287
2024-08-06	-0.004329004329004237	0.0014430014430015404	0.005772005772005777	-0.011544011544011554	-0.004329004329004237	81209198
2024-08-05	-0.007163323782235058	-0.001432664756447088	0.0028653295128939216	-0.00859598853868202	-0.007163323782235058	77268652
2024-08-02	-0.011331444759206683	-0.004249291784702459	0.0028328611898017653	-0.011331444759206683	-0.011331444759206683	57524029
2024-08-01	0.01291248206599711	0.0	0.017216642754662857	-0.004304160688665619	0.01291248206599711	99708113
2024-07-31	-0.011347517730496465	0.0014184397163120265	0.007092198581560258	-0.015602836879432544	-0.011347517730496465	111965313
2024-07-30	0.005706134094151218	0.0014265335235377728	0.00855920114122689	-0.0028530670470755456	0.005706134094151218	75694678
2024-07-29	0.0086330935251798	0.0	0.010071942446043078	-0.002877697841726685	0.0086330935251798	56377587
2024-07-26	-0.005722460658082981	0.0	0.0028612303290414267	-0.012875536480686674	-0.005722460658082981	67306370
2024-07-25	-0.0014285714285713982	0.0014285714285713982	0.0014285714285713982	-0.011428571428571439	-0.0014285714285713982	76394588
2024-07-24	0.005747126436781614	0.0014367816091953717	0.008620689655172358	-0.004310344827586242	0.005747126436781614	73331567
2024-07-23	-0.0028653295128940486	0.0	0.007163323782234931	-0.0028653295128940486	-0.0028653295128940486	68235325
2024-07-22	0.002873563218390871	0.0	0.008620689655172358	-0.004310344827586242	0.002873563218390871	77622084
2024-07-19	0.0057803468208092535	-0.0014450867052022813	0.010115606936416227	-0.004335260115606972	0.0057803468208092535	79549085
2024-07-18	0.001447178002894325	0.0	0.004341534008683104	-0.008683068017366208	0.001447178002894325	51956685
2024-07-17	0.002902757619738819	0.0	0.004354136429608164	-0.005805515239477509	0.002902757619738819	63467578
2024-07-16	0.014727540500736325	-0.0014727540500736062	0.01620029455081006	-0.0014727540500736062	0.014727540500736325	76965734
2024-07-15	0.005925925925925931	0.0	0.008888888888888832	-0.005925925925925931	0.005925925925925931	55722157
2024-07-12	-0.0014792899408283709	0.0	0.004437869822485244	-0.004437869822485113	-0.0014792899408283709	75221644
2024-07-11	-0.05322128851540615	-0.0476190476190476	-0.03641456582633051	-0.05462184873949576	-0.05322128851540615	117533536
2024-07-10	-0.005571030640668529	0.0	0.001392757660167225	-0.011142061281337058	-0.005571030640668529	84403939
2024-07-09	-0.002777777777777842	0.0027777777777777185	0.0027777777777777185	-0.008333333333333403	-0.002777777777777842	69699892
2024-07-08	-0.002770083102493016	-0.002770083102493016	0.004155124653739647	-0.004155124653739524	-0.002770083102493016	53233627
2024-07-05	-0.0041379310344827926	0.0	0.00551724137931035	-0.008275862068965464	-0.0041379310344827926	64756848
2024-07-04	0.0013812154696132301	0.0	0.011049723756906087	0.0	0.0013812154696132301	96652811
2024-07-03	0.0	-0.0041436464088398135	0.0013812154696132301	-0.011049723756906087	0.0	105781284
2024-07-02	0.00555555555555556	-0.0013888888888888592	0.00833333333333328	-0.002777777777777842	0.00555555555555556	89000676
2024-07-01	0.005586592178770954	0.0	0.00837988826815637	-0.0013966480446927076	0.005586592178770954	90431156
2024-06-28	0.008450704225352183	0.0014084507042254472	0.009859154929577505	0.0	0.008450704225352183	76906099
2024-06-27	0.005665722379603405	-0.0014164305949008198	0.014164305949008575	-0.0014164305949008198	0.005665722379603405	102208833
2024-06-26	0.0028409090909090303	0.0	0.004261363636363672	-0.0014204545454545151	0.0028409090909090303	47189452
2024-06-25	-0.0014184397163120265	0.0014184397163120265	0.004255319148936206	-0.004255319148936206	-0.0014184397163120265	70247336
2024-06-24	-0.0056417489421720785	-0.0014104372355429884	0.0	-0.007052186177715067	-0.0056417489421720785	66659324
2024-06-21	-0.0014084507042253223	0.0	0.0014084507042254472	-0.005633802816901414	-0.0014084507042253223	53248145
2024-06-20	0.0	0.0014084507042254472	0.0028169014084507694	-0.005633802816901414	0.0	55142423
2024-06-19	-0.002808988764045009	-0.001404494382022442	0.00421348314606745	-0.002808988764045009	-0.002808988764045009	45205404
2024-06-18	0.00423131170662909	0.0	0.0056417489421720785	-0.0014104372355429884	0.00423131170662909	77292913
2024-06-17	-0.011157601115760122	0.0	0.0027894002789400924	-0.015341701534170199	-0.011157601115760122	117244150
2024-06-14	-0.005547850208044388	-0.0013869625520110662	0.005547850208044388	-0.005547850208044388	-0.005547850208044388	92679680
2024-06-13	-0.0041436464088398135	-0.0013812154696132301	0.0027624309392264602	-0.006906077348066274	-0.0041436464088398135	56268557
2024-06-12	0.014005602240896434	0.0	0.01540616246498604	-0.0028011204481792123	0.014005602240896434	86408133
2024-06-11	-0.01244813278008309	0.0	0.004149377593360907	-0.01244813278008309	-0.01244813278008309	116612463
2024-06-07	0.015449438202247236	0.001404494382022442	0.016853932584269676	0.0	0.015449438202247236	128223174
2024-06-06	0.0028169014084507694	0.0	0.005633802816901414	0.0	0.0028169014084507694	79034646
2024-06-05	0.0028248587570620866	0.0	0.008474576271186385	-0.0014124293785310433	0.0028248587570620866	90504959
2024-06-04	0.004255319148936206	0.0	0.0056737588652482325	-0.002836879432624053	0.004255319148936206	56956034
2024-06-03	-0.002828854314002894	0.0	0.0014144271570013841	-0.005657708628005662	-0.002828854314002894	65510708
2024-05-31	0.0	0.0014144271570013841	0.0028288543140027682	0.0	0.0	63703360
2024-05-30	-0.0028208744710859768	0.0	0.0028208744710861017	-0.00423131170662909	-0.0028208744710859768	65649429
2024-05-29	-0.0014084507042253223	-0.0014084507042253223	0.0014084507042254472	-0.0028169014084506445	-0.0014084507042253223	50017332
2024-05-28	-0.002808988764045009	-0.001404494382022442	0.001404494382022442	-0.00421348314606745	-0.002808988764045009	46138683
2024-05-27	0.005649717514124299	0.0	0.007062146892655342	0.0	0.005649717514124299	88461048
2024-05-24	0.0028328611898017653	0.0	0.005665722379603405	-0.0014164305949008198	0.0028328611898017653	59288602
2024-05-23	-0.007032348804500803	-0.0014064697609002354	0.0	-0.008438818565400914	-0.007032348804500803	85865656
2024-05-22	0.0028208744710861017	0.0014104372355429884	0.0056417489421720785	0.0	0.0028208744710861017	83048142
2024-05-21	0.0014124293785310433	0.0	0.004237288135593255	0.0	0.0014124293785310433	76595732
2024-05-20	-0.0028169014084506445	0.0	0.0028169014084507694	-0.004225352112675967	-0.0028169014084506445	81763205
2024-05-17	0.0028248587570620866	0.0	0.0028248587570620866	-0.0014124293785310433	0.0028248587570620866	62148299
2024-05-16	0.0	0.0	0.0028248587570620866	-0.002824858757062212	0.0	77765227
2024-05-15	-0.004219409282700457	-0.002812939521800346	0.0014064697609001105	-0.004219409282700457	-0.004219409282700457	68157493
2024-05-14	-0.001404494382022442	0.0	0.002808988764044884	-0.00421348314606745	-0.001404494382022442	85908043
2024-05-13	0.007072135785007047	0.0	0.01272984441301271	-0.004243281471004278	0.007072135785007047	152415566
2024-05-10	0.002836879432624179	0.0014184397163120265	0.0056737588652482325	-0.002836879432624053	0.002836879432624179	118529430
2024-05-09	0.008583690987124408	0.0	0.012875536480686674	0.0	0.008583690987124408	130310284
2024-05-08	0.004310344827586242	-0.0014367816091953717	0.005747126436781614	-0.0028735632183907434	0.004310344827586242	130411778
2024-05-07	0.0028818443804033964	0.0	0.0028818443804033964	-0.004322766570605223	0.0028818443804033964	125349726
2024-05-06	0.002890173410404691	0.004335260115606972	0.008670520231213945	0.0	0.002890173410404691	207461064
2024-04-30	-0.015647226173542007	0.0014224751066856027	0.0042674253200568075	-0.015647226173542007	-0.015647226173542007	285323261
2024-04-29	-0.055107526881720444	-0.0255376344086022	-0.022849462365591506	-0.05913978494623661	-0.055107526881720444	425705445
2024-04-26	-0.010638297872340318	0.0	0.001329787234042643	-0.015957446808510536	-0.010638297872340318	134846331
2024-04-25	0.0	-0.001329787234042525	0.003989361702127693	-0.0053191489361701	0.0	58181671
2024-04-24	0.009395973154362336	0.0013422818791946022	0.010738255033557057	-0.0026845637583893236	0.009395973154362336	92023482
2024-04-23	-0.006666666666666643	-0.0026666666666666098	0.004000000000000033	-0.00933333333333337	-0.006666666666666643	102357704
2024-04-22	-0.014454664914586112	-0.0026281208935611646	0.005256241787122212	-0.0183968462549278	-0.014454664914586112	100961070
2024-04-19	0.006613756613756708	0.0	0.009259259259259297	-0.0026455026455025894	0.006613756613756708	100442704
2024-04-18	-0.009174311926605542	0.0	0.009174311926605542	-0.010484927916120585	-0.009174311926605542	114583474
2024-04-17	0.018691588785046686	-0.0013351134846461665	0.018691588785046686	-0.0013351134846461665	0.018691588785046686	115372533
2024-04-16	-0.013175230566534867	0.0	0.0026350461133070437	-0.013175230566534867	-0.013175230566534867	140326996
2024-04-15	0.010652463382157133	0.0013315579227696122	0.01731025299600531	-0.005326231691078567	0.010652463382157133	135578263
2024-04-12	0.0	0.0026631158455393427	0.005326231691078567	-0.0039946737683088365	0.0	68150323
2024-04-11	0.009408602150537553	-0.0026881720430108145	0.012096774193548368	-0.00537634408602151	0.009408602150537553	99958863
2024-04-10	0.004048582995951451	-0.00134952766531711	0.009446693657220012	-0.0026990553306343403	0.004048582995951451	108988423
2024-04-09	-0.006702412868632684	-0.001340482573726513	0.0	-0.012064343163538854	-0.006702412868632684	77226217
2024-04-08	0.006747638326585671	0.0	0.00809716599190278	-0.006747638326585671	0.006747638326585671	92340668
2024-04-03	0.0027063599458728637	0.001353179972936492	0.006765899864682099	-0.004059539918809116	0.0027063599458728637	77463227
2024-04-02	0.002713704206241462	0.0	0.005427408412483044	-0.0027137042062415823	0.002713704206241462	64266107
2024-04-01	0.001358695652173884	-0.002717391304347889	0.005434782608695656	-0.002717391304347889	0.001358695652173884	77291728
2024-03-29	0.005464480874316944	-0.0013661202185793271	0.005464480874316944	-0.004098360655737739	0.005464480874316944	66689303
2024-03-28	-0.001364256480218252	0.0	0.0	-0.009549795361528005	-0.001364256480218252	82902965
2024-03-27	0.005486968449931418	-0.001371742112482824	0.010973936899862835	-0.001371742112482824	0.005486968449931418	98713016
2024-03-26	-0.0027359781121750444	0.0	0.002735978112175166	-0.006839945280437733	-0.0027359781121750444	84086843
2024-03-25	0.0	-0.0013679890560875222	0.006839945280437854	-0.004103967168262566	0.0	76107308
2024-03-22	-0.006793478260869661	0.0	0.001358695652173884	-0.010869565217391313	-0.006793478260869661	69151407
2024-03-21	0.004092769440654877	0.001364256480218252	0.006821282401091381	-0.002728512960436625	0.004092769440654877	65060417
2024-03-20	0.00825309491059154	0.0	0.009628610729023424	-0.0013755158184318827	0.00825309491059154	75283603
2024-03-19	-0.006830601092896272	0.0	0.0013661202185792057	-0.008196721311475478	-0.006830601092896272	68046536
2024-03-18	-0.001364256480218252	-0.001364256480218252	0.002728512960436504	-0.004092769440654877	-0.001364256480218252	76502874
2024-03-15	0.002735978112175166	0.0013679890560876437	0.00547195622435021	-0.00547195622435021	0.002735978112175166	68581243
2024-03-14	0.006887052341597772	-0.00275482093663906	0.013774104683195666	-0.004132231404958589	0.006887052341597772	107214940
2024-03-13	-0.0013755158184318827	-0.0013755158184318827	0.0027510316368638877	-0.005502063273727531	-0.0013755158184318827	91697287
2024-03-12	-0.016238159675236823	-0.0013531799729363718	-0.0013531799729363718	-0.016238159675236823	-0.016238159675236823	165882605
2024-03-11	-0.006720430107526977	-0.0026881720430108145	0.0013440860215053476	-0.009408602150537673	-0.006720430107526977	124858219
2024-03-08	0.0026954177897574746	0.0	0.004043126684636152	-0.004043126684636152	0.0026954177897574746	125700215
2024-03-07	-0.0013458950201883967	0.0	0.002691790040376913	-0.00403768506056519	-0.0013458950201883967	113854511
2024-03-06	-0.014588859416445665	-0.0026525198938992657	-0.0013262599469495739	-0.01591511936339524	-0.014588859416445665	170345143
2024-03-05	0.010723860589812341	-0.001340482573726513	0.010723860589812341	-0.002680965147453026	0.010723860589812341	183084448
2024-03-04	0.0026881720430106952	-0.001344086021505467	0.00537634408602151	-0.0026881720430108145	0.0026881720430106952	163452171
2024-03-01	-0.002680965147453026	-0.004021447721179658	0.001340482573726513	-0.005361930294906171	-0.002680965147453026	168179968
2024-02-29	0.00403768506056531	-0.0013458950201883967	0.00403768506056531	-0.00403768506056519	0.00403768506056531	193023314
2024-02-28	-0.005354752342704155	-0.002677376171352018	0.0013386880856761279	-0.006693440428380164	-0.005354752342704155	183408304
2024-02-27	-0.017105263157894724	-0.010526315789473694	-0.009210526315789395	-0.02105263157894727	-0.017105263157894724	207876248
2024-02-26	-0.009126466753585435	0.0013037809647978862	0.002607561929595888	-0.023468057366362413	-0.009126466753585435	190733056
2024-02-23	-0.010322580645161299	0.0	0.006451612903225784	-0.012903225806451568	-0.010322580645161299	184798967
2024-02-22	0.003886010362694333	-0.0038860103626942176	0.007772020725388666	-0.009067357512953289	0.003886010362694333	161528315
2024-02-21	-0.007712082262210861	-0.0038560411311054305	0.0	-0.012853470437018063	-0.007712082262210861	196901431
2024-02-20	0.025032938076416388	-0.003952569169960507	0.03030303030303036	-0.00527009222661397	0.025032938076416388	212595840
2024-02-19	0.021534320323014826	-0.0013458950201883967	0.021534320323014826	-0.013458950201884206	0.021534320323014826	236249357
2024-02-08	-0.013280212483399804	-0.0013280212483400631	0.0	-0.02788844621513944	-0.013280212483399804	214913218
2024-02-07	0.005340453938584784	0.002670226969292333	0.009345794392523284	-0.022696929238985305	0.005340453938584784	303806121
2024-02-06	-0.005312084993359899	-0.005312084993359899	0.011952191235059742	-0.007968127490039906	-0.005312084993359899	328537294
2024-02-05	0.009383378016085828	0.0	0.013404825737265367	-0.004021447721179658	0.009383378016085828	280836075
2024-02-02	0.0	-0.001340482573726513	0.002680965147453145	-0.009383378016085828	0.0	200165823
2024-02-01	-0.001338688085676009	-0.004016064257028027	0.002677376171352137	-0.009370816599732181	-0.001338688085676009	174605096
2024-01-31	0.012195121951219494	-0.0013550135501354725	0.014905149051490558	-0.002710027100270945	0.012195121951219494	152712104
2024-01-30	-0.012048192771084319	-0.005354752342704155	0.0013386880856761279	-0.012048192771084319	-0.012048192771084319	127144568
2024-01-29	0.0	-0.001338688085676009	0.012048192771084319	-0.008032128514056172	0.0	157221347
2024-01-26	0.0053835800807537065	-0.0013458950201883967	0.006729475100942222	-0.00403768506056519	0.0053835800807537065	127812405
2024-01-25	0.005412719891745607	-0.0013531799729363718	0.00811907983761847	-0.004059539918809116	0.005412719891745607	111608284
2024-01-24	0.017906336088154257	0.0	0.01928374655647391	-0.00137741046831953	0.017906336088154257	100016996
2024-01-23	0.018232819074333786	0.0	0.02244039270687239	-0.0028050490883589864	0.018232819074333786	74471163
2024-01-22	-0.024623803009575885	-0.0027359781121750444	0.0013679890560876437	-0.027359781121750932	-0.024623803009575885	81270086
2024-01-19	-0.0040871934604904975	-0.0040871934604904975	0.0027247956403270383	-0.008174386920980874	-0.0040871934604904975	60192257
2024-01-18	-0.004070556309362313	-0.001356852103120731	0.0	-0.02578018995929449	-0.004070556309362313	112741847
2024-01-17	-0.0027063599458727436	-0.0027063599458727436	0.006765899864682099	-0.004059539918809116	-0.0027063599458727436	107066876
2024-01-16	0.0013550135501354725	0.0013550135501354725	0.002710027100271065	-0.005420054200542011	0.0013550135501354725	55425954
2024-01-15	0.002717391304347768	-0.0013586956521740047	0.008152173913043424	-0.004076086956521773	0.002717391304347768	73007551
2024-01-12	0.00821917808219185	0.0	0.012328767123287652	-0.0013698630136986009	0.00821917808219185	58532514
2024-01-11	-0.009497964721845357	0.0	0.001356852103120731	-0.01221166892808682	-0.009497964721845357	89759284
2024-01-10	-0.005398110661268561	-0.00134952766531711	0.00269905533063422	-0.012145748987854232	-0.005398110661268561	93233416
2024-01-09	0.0027063599458728637	-0.0027063599458727436	0.0027063599458728637	-0.010825439783491214	0.0027063599458728637	128426983
2024-01-08	0.002713704206241462	0.0	0.005427408412483044	-0.004070556309362313	0.002713704206241462	111208909
2024-01-05	-0.0013550135501354725	-0.002710027100270945	0.0040650406504065375	-0.005420054200542011	-0.0013550135501354725	139609781
2024-01-04	0.008196721311475356	-0.0013661202185793271	0.008196721311475356	-0.002732240437158533	0.008196721311475356	112012539
2024-01-03	0.005494505494505499	0.0	0.005494505494505499	-0.002747252747252811	0.005494505494505499	75229680
2024-01-02	0.009708737864077709	-0.0027739251040221325	0.015256588072122098	-0.0027739251040221325	0.009708737864077709	100780232
2023-12-29	0.0	-0.0027739251040221325	0.0013869625520110662	-0.005547850208044388	0.0	67517030
2023-12-28	-0.008253094910591419	0.0	0.0	-0.015130674002750954	-0.008253094910591419	114734302
2023-12-27	0.0069252077562326625	0.0013850415512466309	0.008310249307479294	-0.002770083102493016	0.0069252077562326625	45562175
2023-12-26	0.0027777777777777185	0.0	0.009722222222222137	-0.002777777777777842	0.0027777777777777185	55873395
2023-12-25	-0.00414937759336103	-0.0013831258644537586	0.0	-0.011065006915629332	-0.00414937759336103	51304293
2023-12-22	0.004166666666666701	0.0013888888888888592	0.01388888888888884	-0.0013888888888888592	0.004166666666666701	80006889
2023-12-21	-0.0013869625520110662	-0.0013869625520110662	0.0027739251040222557	-0.00832177531206652	-0.0013869625520110662	60150498
2023-12-20	0.0013888888888888592	-0.0013888888888888592	0.01388888888888884	-0.0013888888888888592	0.0013888888888888592	57544147
2023-12-19	-0.0013869625520110662	0.0013869625520110662	0.00832177531206652	-0.005547850208044388	-0.0013869625520110662	44048163
2023-12-18	0.002781641168289231	0.0	0.005563282336578586	-0.0027816411682893547	0.002781641168289231	49778476
2023-12-15	-0.011004126547455185	-0.0027510316368637654	0.0	-0.013755158184319072	-0.011004126547455185	81197688
2023-12-14	-0.008185538881309753	0.001364256480218252	0.002728512960436504	-0.010914051841746257	-0.008185538881309753	51348189
2023-12-13	0.002735978112175166	-0.0013679890560875222	0.008207934336525377	-0.0027359781121750444	0.002735978112175166	68837119
2023-12-12	-0.002728512960436625	-0.001364256480218252	0.001364256480218252	-0.006821282401091381	-0.002728512960436625	66912904
2023-12-11	0.0	-0.002728512960436625	0.001364256480218252	-0.016371077762619386	0.0	76391937
2023-12-08	0.00825309491059154	0.0013755158184320048	0.009628610729023424	-0.004126547455295648	0.00825309491059154	76720991
2023-12-07	0.0027586206896551137	0.0	0.006896551724137907	-0.0027586206896551137	0.0027586206896551137	45994718
2023-12-06	0.0013812154696132301	0.0	0.006906077348066274	-0.011049723756906087	0.0013812154696132301	57779596
2023-12-05	-0.005494505494505499	-0.002747252747252811	0.0027472527472526885	-0.00824175824175831	-0.005494505494505499	57619963
2023-12-04	-0.0027397260273972017	0.0	0.004109589041095925	-0.006849315068493127	-0.0027397260273972017	58982441
2023-12-01	0.005509641873278242	0.0	0.011019283746556485	-0.00275482093663906	0.005509641873278242	71324485
2023-11-30	0.009735744089012432	-0.0013908205841447392	0.012517385257301788	-0.0027816411682893547	0.009735744089012432	59989866
2023-11-29	0.004189944134078247	0.0	0.005586592178770954	-0.002793296089385539	0.004189944134078247	39079609
2023-11-28	0.004207573632538604	0.0	0.005610098176718098	-0.004207573632538604	0.004207573632538604	31860658
2023-11-27	-0.002797202797202862	-0.002797202797202862	0.0	-0.008391608391608461	-0.002797202797202862	24204002
2023-11-24	0.00846262341325818	0.0	0.009873060648801169	0.0	0.00846262341325818	36544233
2023-11-23	0.0014124293785310433	0.0	0.005649717514124299	-0.0014124293785310433	0.0014124293785310433	23805097
2023-11-22	0.0	-0.0014124293785310433	0.004237288135593255	-0.002824858757062212	0.0	23028593
2023-11-21	0.007112375533428139	0.0014224751066856027	0.009957325746799344	-0.001422475106685729	0.007112375533428139	39549258
2023-11-20	-0.0014204545454545151	0.0	0.0014204545454545151	-0.0028409090909091565	-0.0014204545454545151	41995860
2023-11-17	-0.005649717514124299	0.0	0.0014124293785310433	-0.005649717514124299	-0.005649717514124299	52407390
2023-11-16	0.0	0.0	0.0028248587570620866	-0.0014124293785310433	0.0	34369382
2023-11-15	0.0	0.0028248587570620866	0.0028248587570620866	-0.0014124293785310433	0.0	24625543
2023-11-14	-0.0028169014084506445	0.0	0.0014084507042254472	-0.004225352112675967	-0.0028169014084506445	31305378
2023-11-13	-0.002808988764045009	-0.001404494382022442	0.001404494382022442	-0.005617977528089893	-0.002808988764045009	40021793
2023-11-10	-0.0014025245441794932	-0.0014025245441794932	0.0014025245441794932	-0.007012622720897591	-0.0014025245441794932	28690879
2023-11-09	0.0042253521126760915	0.0	0.005633802816901414	-0.0014084507042253223	0.0042253521126760915	30388335
2023-11-08	-0.002808988764045009	0.0	0.001404494382022442	-0.00421348314606745	-0.002808988764045009	28947580
2023-11-07	0.0014064697609001105	-0.0014064697609002354	0.005625879043600567	-0.0014064697609002354	0.0014064697609001105	30381083
2023-11-06	-0.00836820083682003	0.0	0.0027894002789400924	-0.009762900976290137	-0.00836820083682003	60801716
2023-11-03	-0.00829875518672206	0.0013831258644536356	0.0013831258644536356	-0.00829875518672206	-0.00829875518672206	49013689
2023-11-02	0.0027739251040222557	0.0	0.009708737864077709	-0.0027739251040221325	0.0027739251040222557	40821566
2023-11-01	0.0	-0.0027739251040221325	0.004160887656033322	-0.005547850208044388	0.0	35930562
2023-10-31	0.008391608391608336	0.0027972027972027374	0.009790209790209706	-0.0041958041958042305	0.008391608391608336	36823089
2023-10-30	-0.00694444444444442	0.0	0.0027777777777777185	-0.008333333333333403	-0.00694444444444442	49118386
2023-10-27	-0.008264462809917302	0.00137741046831953	0.008264462809917425	-0.008264462809917302	-0.008264462809917302	55016814
2023-10-26	0.00833333333333328	-0.0013888888888888592	0.01111111111111112	-0.00555555555555556	0.00833333333333328	66255982
2023-10-25	0.0027855153203343265	0.004178272980501428	0.005571030640668529	-0.004178272980501304	0.0027855153203343265	37755449
2023-10-24	0.011267605633802828	0.0	0.015492957746478919	-0.0014084507042253223	0.011267605633802828	50622205
2023-10-23	0.0028248587570620866	0.0	0.009887005649717555	-0.002824858757062212	0.0028248587570620866	37892715
2023-10-20	-0.007012622720897591	-0.0014025245441794932	0.0	-0.008415147265077085	-0.007012622720897591	40490196
2023-10-19	-0.02194787379972567	-0.00274348422496577	0.0	-0.023319615912208495	-0.02194787379972567	76345071
2023-10-18	0.0	0.001371742112482824	0.001371742112482824	-0.005486968449931418	0.0	25842085
2023-10-17	-0.004098360655737739	0.0	0.0013661202185792057	-0.006830601092896272	-0.004098360655737739	38463677
2023-10-16	0.004115226337448594	0.001371742112482824	0.0068587105624142415	-0.001371742112482824	0.004115226337448594	31661591
2023-10-13	-0.0013698630136986009	-0.0013698630136986009	0.0013698630136986009	-0.005479452054794526	-0.0013698630136986009	28104688
2023-10-12	0.01388888888888884	0.0013888888888888592	0.01666666666666668	0.0013888888888888592	0.01388888888888884	47738092
2023-10-11	-0.008264462809917302	-0.00137741046831953	0.008264462809917425	-0.008264462809917302	-0.008264462809917302	46632574
2023-10-10	-0.0013755158184318827	-0.0013755158184318827	0.0027510316368638877	-0.011004126547455185	-0.0013755158184318827	54064029
2023-10-09	-0.00274348422496577	-0.001371742112482824	0.002743484224965648	-0.005486968449931418	-0.00274348422496577	33355625
2023-09-28	0.0041322314049587125	0.0027548209366391823	0.006887052341597772	-0.00137741046831953	0.0041322314049587125	23453917
2023-09-27	-0.009549795361528005	0.002728512960436504	0.0054570259208731285	-0.010914051841746257	-0.009549795361528005	46072058
2023-09-26	-0.002721088435374092	0.002721088435374213	0.002721088435374213	-0.005442176870748304	-0.002721088435374092	44684521
2023-09-25	0.009615384615384533	0.0013736263736263442	0.013736263736263687	0.0	0.009615384615384533	71697108
2023-09-22	-0.004103967168262566	0.0	0.0013679890560876437	-0.00547195622435021	-0.004103967168262566	46009771
2023-09-21	-0.0040871934604904975	0.0	0.0013623978201634586	-0.006811989100817414	-0.0040871934604904975	37772133
2023-09-20	0.0	0.0013623978201634586	0.0027247956403270383	-0.008174386920980874	0.0	51217085
2023-09-19	0.008241758241758188	0.0	0.009615384615384533	-0.004120879120879155	0.008241758241758188	53780719
2023-09-18	-0.0027397260273972017	0.0	0.004109589041095925	-0.010958904109589052	-0.0027397260273972017	44772165
2023-09-15	-0.014844804318488572	-0.004048582995951451	0.0	-0.018893387314440024	-0.014844804318488572	68013341
2023-09-14	0.009536784741144453	0.0	0.010899182561307912	-0.0027247956403269173	0.009536784741144453	71252686
2023-09-13	0.0068587105624142415	0.001371742112482824	0.009602194787380012	-0.001371742112482824	0.0068587105624142415	44385940
2023-09-12	0.0	-0.001371742112482824	0.002743484224965648	-0.005486968449931418	0.0	28717770
2023-09-11	0.009695290858725801	0.0	0.01108033240997231	-0.001385041551246508	0.009695290858725801	50580651
2023-09-08	-0.0013831258644537586	-0.0013831258644537586	0.004149377593360907	-0.00829875518672206	-0.0013831258644537586	27378883
2023-09-07	0.0027739251040222557	-0.0027739251040221325	0.011095700416088776	-0.004160887656033322	0.0027739251040222557	37953993
2023-09-06	-0.00551724137931035	-0.0027586206896551137	0.0	-0.009655172413793142	-0.00551724137931035	21588028
2023-09-05	0.0	-0.0027586206896551137	0.0041379310344827926	-0.008275862068965464	0.0	31023331
2023-09-04	0.012569832402234617	0.0	0.01815642458100557	-0.0013966480446927076	0.012569832402234617	45322632
2023-09-01	0.004207573632538604	0.004207573632538604	0.007012622720897591	-0.0014025245441794932	0.004207573632538604	41626797
2023-08-31	-0.002797202797202862	-0.001398601398601493	0.008391608391608336	-0.0041958041958042305	-0.002797202797202862	47953020
2023-08-30	-0.012430939226519317	-0.005524861878453044	0.0013812154696132301	-0.012430939226519317	-0.012430939226519317	43198396
2023-08-29	-0.009575923392612777	-0.009575923392612777	0.0013679890560876437	-0.017783857729138153	-0.009575923392612777	80008602
2023-08-28	0.0	0.017783857729138274	0.023255813953488486	-0.00547195622435021	0.0	78317667
2023-08-25	0.005502063273727653	-0.0013755158184318827	0.012379642365887311	-0.004126547455295648	0.005502063273727653	40410000
2023-08-24	-0.006830601092896272	0.0013661202185792057	0.00683060109289615	-0.010928961748633888	-0.006830601092896272	53744802
2023-08-23	-0.006784260515603775	-0.001356852103120731	0.001356852103120731	-0.006784260515603775	-0.006784260515603775	57106292
2023-08-22	0.00958904109589045	0.0	0.015068493150684975	-0.006849315068493127	0.00958904109589045	82159223
2023-08-21	0.0027472527472526885	0.0013736263736263442	0.012362637362637343	-0.006868131868131844	0.0027472527472526885	70845852
2023-08-18	0.005524861878453044	-0.0013812154696132301	0.009668508287292734	-0.0013812154696132301	0.005524861878453044	36136722
2023-08-17	0.0	0.0013812154696132301	0.008287292817679504	-0.009668508287292857	0.0	54277813
2023-08-16	0.004160887656033322	-0.0013869625520110662	0.006934812760055454	-0.00832177531206652	0.004160887656033322	43806675
2023-08-15	0.018361581920903938	0.0	0.01977401129943498	-0.002824858757062212	0.018361581920903938	56562957
2023-08-14	0.004255319148936206	-0.002836879432624053	0.007092198581560258	-0.009929078014184311	0.004255319148936206	32054684
2023-08-11	-0.011220196353436195	0.0014025245441794932	0.004207573632538604	-0.011220196353436195	-0.011220196353436195	27513877
2023-08-10	0.0042253521126760915	0.0	0.005633802816901414	-0.004225352112675967	0.0042253521126760915	19188015
2023-08-09	-0.0014064697609002354	0.0014064697609001105	0.0014064697609001105	-0.007032348804500803	-0.0014064697609002354	17829800
2023-08-08	0.00708215297450435	0.0028328611898017653	0.00991501416430599	-0.0014164305949008198	0.00708215297450435	19811033
2023-08-07	-0.005633802816901414	0.0	0.0014084507042254472	-0.00985915492957738	-0.005633802816901414	31030404
2023-08-04	-0.004207573632538604	0.0014025245441794932	0.007012622720897591	-0.005610098176718098	-0.004207573632538604	30159229
2023-08-03	0.0	-0.0014025245441794932	0.0028050490883591113	-0.004207573632538604	0.0	23218050
2023-08-02	-0.008344923504867941	-0.0013908205841447392	0.0	-0.009735744089012557	-0.008344923504867941	30012342
2023-08-01	0.004189944134078247	0.0013966480446927076	0.005586592178770954	-0.002793296089385539	0.004189944134078247	32209117
2023-07-31	-0.008310249307479171	0.0013850415512466309	0.008310249307479294	-0.012465373961218818	-0.008310249307479171	46436321
2023-07-28	0.01690140845070424	0.0028169014084507694	0.01830985915492969	-0.0014084507042253223	0.01690140845070424	39031266
2023-07-27	-0.002808988764045009	0.001404494382022442	0.007022471910112334	-0.00421348314606745	-0.002808988764045009	37495163
2023-07-26	-0.0041958041958042305	0.0	0.0013986013986013687	-0.006993006993007092	-0.0041958041958042305	23562707
2023-07-25	-0.005563282336578586	0.004172461752433847	0.008344923504867817	-0.006954102920723325	-0.005563282336578586	39282881
2023-07-24	0.001392757660167225	0.0	0.008356545961002855	-0.004178272980501304	0.001392757660167225	25143268
2023-07-21	0.0041958041958041065	0.0013986013986013687	0.008391608391608336	-0.002797202797202862	0.0041958041958041065	25619933
2023-07-20	-0.00832177531206652	-0.0013869625520110662	0.004160887656033322	-0.011095700416088776	-0.00832177531206652	32537371
2023-07-19	-0.0041436464088398135	0.0027624309392264602	0.0027624309392264602	-0.012430939226519317	-0.0041436464088398135	23091738
2023-07-18	0.009762900976290137	-0.0027894002789399684	0.01394700139470009	-0.006973500697350045	0.009762900976290137	38392626
2023-07-17	0.009859154929577505	0.0	0.012676056338028275	-0.005633802816901414	0.009859154929577505	27508917
2023-07-14	0.004243281471004153	0.0014144271570013841	0.011315417256011324	-0.005657708628005662	0.004243281471004153	33209672
2023-07-13	-0.049731182795698936	-0.056451612903225916	-0.04704301075268824	-0.06048387096774196	-0.049731182795698936	37974455
2023-07-12	-0.009320905459387404	0.0	0.0039946737683089545	-0.010652463382157133	-0.009320905459387404	33124238
2023-07-11	-0.009234828496042255	-0.0013192612137202884	0.0	-0.015831134564643815	-0.009234828496042255	29225907
2023-07-10	0.002645502645502707	0.001322751322751412	0.009259259259259297	-0.00925925925925918	0.002645502645502707	33259669
2023-07-07	0.01612903225806441	-0.001344086021505467	0.024193548387096735	-0.004032258064516162	0.01612903225806441	39422140
2023-07-06	-0.002680965147453026	0.0	0.002680965147453145	-0.008042895442359197	-0.002680965147453026	17273304
2023-07-05	0.006747638326585671	0.0	0.009446693657220012	-0.004048582995951451	0.006747638326585671	22548051
2023-07-04	-0.009358288770053513	-0.0013368983957220153	0.0026737967914437933	-0.012032085561497425	-0.009358288770053513	20326702
2023-07-03	0.006729475100942222	0.0	0.009421265141319015	-0.0053835800807537065	0.006729475100942222	26054845
2023-06-30	-0.00668449197860972	0.0026737967914437933	0.005347593582887587	-0.008021390374331618	-0.00668449197860972	28219887
2023-06-29	0.0	0.005347593582887587	0.005347593582887587	-0.010695187165775409	0.0	23049198
2023-06-28	0.008086253369272304	-0.004043126684636152	0.010781671159029659	-0.005390835579514829	0.008086253369272304	23776138
2023-06-27	0.02627939142461957	0.0027662517289072713	0.029045643153526965	0.0013831258644536356	0.02627939142461957	33433394
2023-06-26	-0.017663043478260854	0.0	0.001358695652173884	-0.021739130434782625	-0.017663043478260854	44618678
2023-06-21	0.004092769440654877	0.0	0.015006821282401136	0.0	0.004092769440654877	25140978
2023-06-20	-0.005427408412483044	0.0	0.008141112618724506	-0.006784260515603775	-0.005427408412483044	29132077
2023-06-19	-0.0080753701211305	0.0	0.0013458950201885162	-0.016150740242261118	-0.0080753701211305	46403956
2023-06-16	-0.005354752342704155	0.002677376171352137	0.01070950468540831	-0.006693440428380164	-0.005354752342704155	39465147
2023-06-15	-0.005326231691078567	-0.0013315579227696122	0.0013315579227696122	-0.009320905459387404	-0.005326231691078567	30592767
2023-06-14	-0.0079260237780714	0.0013210039630118609	0.009247027741083142	-0.00924702774108326	-0.0079260237780714	25647915
2023-06-13	-0.003947368421052548	-0.002631578947368365	0.005263157894736847	-0.007894736842105211	-0.003947368421052548	25133039
2023-06-12	-0.018087855297157694	0.0012919896640826599	0.0025839793281653197	-0.018087855297157694	-0.018087855297157694	29918748
2023-06-09	0.0012936610608020422	0.0012936610608020422	0.0025873221216040844	-0.007761966364812483	0.0012936610608020422	26823077
2023-06-08	0.018445322793148956	0.0	0.022397891963109345	-0.00527009222661397	0.018445322793148956	49296791
2023-06-07	0.022911051212937995	0.0	0.025606469002695472	-0.0013477088948786774	0.022911051212937995	32842177
2023-06-06	-0.006693440428380164	0.0	0.014725568942436455	-0.009370816599732181	-0.006693440428380164	33147214
2023-06-05	0.0026845637583892044	0.0026845637583892044	0.012080536912751658	-0.004026845637583926	0.0026845637583892044	30188192
2023-06-02	-0.014550264550264477	-0.0013227513227512947	0.007936507936508002	-0.018518518518518476	-0.014550264550264477	57290109
2023-06-01	-0.010471204188481685	-0.003926701570680545	0.0	-0.015706806282722526	-0.010471204188481685	37148402
2023-05-31	-0.006501950585175644	-0.005201560468140447	0.0013003901170350828	-0.015604681404421339	-0.006501950585175644	35279533
2023-05-30	-0.007741935483870917	0.0	0.003870967741935516	-0.018064516129032218	-0.007741935483870917	32330273
2023-05-29	0.02108036890645588	-0.003952569169960507	0.026350461133069852	-0.003952569169960507	0.02108036890645588	55129917
2023-05-26	0.020161290322580572	-0.004032258064516162	0.02150537634408592	-0.006720430107526977	0.020161290322580572	28971257
2023-05-25	0.009497964721845357	0.006784260515603775	0.01221166892808682	-0.005427408412483044	0.009497964721845357	31540933
2023-05-24	-0.018641810918774926	0.0	0.0013315579227696122	-0.018641810918774926	-0.018641810918774926	40238250
2023-05-23	-0.01054018445322794	-0.0013175230566534633	0.0026350461133070437	-0.01054018445322794	-0.01054018445322794	33132155
2023-05-22	-0.0065445026178010245	-0.005235602094240842	0.005235602094240842	-0.010471204188481685	-0.0065445026178010245	46942244
2023-05-19	-0.017994858611825267	0.001285347043701772	0.001285347043701772	-0.02185089974293058	-0.017994858611825267	47711286
2023-05-18	0.010389610389610398	0.002597402597402542	0.020779220779220797	-0.0025974025974026572	0.010389610389610398	51527852
2023-05-17	0.0	0.001298701298701271	0.002597402597402542	-0.018181818181818254	0.0	48788469
2023-05-16	-0.0038809831824062413	-0.0038809831824062413	0.00905562742561441	-0.010349288486416567	-0.0038809831824062413	46428397
2023-05-15	-0.0012919896640826599	0.0	0.006459948320413414	-0.019379844961240355	-0.0012919896640826599	50553056
2023-05-12	0.0025906735751295936	0.0	0.020725388601036288	-0.011658031088082884	0.0025906735751295936	73324581
2023-05-11	-0.010256410256410265	-0.0012820512820512547	0.010256410256410265	-0.012820512820512775	-0.010256410256410265	51354465
2023-05-10	-0.0038314176245211047	-0.0038314176245211047	0.005108556832694768	-0.01404853128991064	-0.0038314176245211047	68419534
2023-05-09	-0.02973977695167289	-0.00867410161090462	-0.0037174721189592486	-0.03221809169764568	-0.02973977695167289	142920929
2023-05-08	0.018939393939393985	0.0	0.036616161616161734	0.0	0.018939393939393985	124823018
2023-05-05	-0.005025125628140708	-0.005025125628140708	0.008793969849246155	-0.02010050251256283	-0.005025125628140708	79779746
2023-05-04	0.033766233766233736	0.001298701298701271	0.045454545454545525	-0.0064935064935064705	0.033766233766233736	107898256
2023-04-28	-0.005167958656330754	0.0025839793281653197	0.003875968992247979	-0.012919896640826942	-0.005167958656330754	37006925
2023-04-27	0.021108179419525086	0.0013192612137202884	0.023746701846965663	0.0	0.021108179419525086	47912022
2023-04-26	-0.0065530799475753375	-0.0026212319790300882	0.002621231979030205	-0.017038007863695925	-0.0065530799475753375	32861887
2023-04-25	0.007926023778071282	0.0013210039630118609	0.014531043593130703	0.0	0.007926023778071282	31147249
2023-04-24	0.001322751322751412	0.003968253968254001	0.014550264550264593	-0.0013227513227512947	0.001322751322751412	27117960
2023-04-21	-0.006570302233902853	0.0026281208935610475	0.018396846254927685	-0.007884362680683377	-0.006570302233902853	31809839
2023-04-20	0.0013157894736842994	0.0013157894736842994	0.005263157894736847	-0.01315789473684206	0.0013157894736842994	24563329
2023-04-19	-0.005235602094240842	-0.0013089005235601815	0.005235602094240842	-0.007853403141361206	-0.005235602094240842	20751793
2023-04-18	-0.0013071895424837483	0.0013071895424836323	0.006535947712418277	-0.010457516339869289	-0.0013071895424837483	36592005
2023-04-17	0.02684563758389264	0.0	0.030872483221476447	-0.004026845637583926	0.02684563758389264	63766084
2023-04-14	0.01360544217687082	0.004081632653061259	0.01768707482993208	-0.009523809523809441	0.01360544217687082	39526590
2023-04-13	-0.0013586956521740047	0.001358695652173884	0.004076086956521652	-0.006793478260869661	-0.0013586956521740047	24595431
2023-04-12	0.03370786516853935	0.001404494382022442	0.0351123595505618	-0.001404494382022442	0.03370786516853935	53142033
2023-04-11	0.0014064697609001105	0.004219409282700331	0.007032348804500678	-0.005625879043600567	0.0014064697609001105	31593165
2023-04-10	-0.00836820083682003	0.004184100418410076	0.004184100418410076	-0.011157601115760122	-0.00836820083682003	28715572
2023-04-07	-0.012396694214876014	0.0	0.0	-0.016528925619834725	-0.012396694214876014	25050629
2023-04-06	-0.005479452054794526	0.0	0.0013698630136986009	-0.009589041095890328	-0.005479452054794526	22270463
2023-04-04	0.01108033240997231	0.002770083102493139	0.013850415512465448	-0.001385041551246508	0.01108033240997231	29349167
2023-04-03	0.004172461752433847	0.0013908205841446156	0.012517385257301788	-0.0013908205841447392	0.004172461752433847	31373581
2023-03-31	0.001392757660167225	0.005571030640668529	0.011142061281337058	-0.0013927576601671012	0.001392757660167225	21660931
2023-03-30	0.002793296089385415	0.002793296089385415	0.009776536312849202	-0.005586592178770954	0.002793296089385415	25529108
2023-03-29	-0.00555555555555556	-0.0013888888888888592	0.00555555555555556	-0.008333333333333403	-0.00555555555555556	24632834
2023-03-28	-0.00414937759336103	0.0027662517289072713	0.005532503457814543	-0.006915629322268424	-0.00414937759336103	22606735
2023-03-27	-0.006868131868131844	0.0027472527472526885	0.0027472527472526885	-0.013736263736263809	-0.006868131868131844	31472857
2023-03-24	-0.005464480874316944	-0.004098360655737739	0.008196721311475356	-0.008196721311475478	-0.005464480874316944	35399922
2023-03-23	0.0027397260273973236	0.0	0.005479452054794526	-0.010958904109589052	0.0027397260273973236	25345439
2023-03-22	0.00412654745529577	0.00412654745529577	0.013755158184319194	-0.0027510316368637654	0.00412654745529577	32681452
2023-03-21	-0.014905149051490558	-0.002710027100270945	0.005420054200542011	-0.017615176151761502	-0.014905149051490558	50625628
2023-03-20	0.002717391304347768	0.002717391304347768	0.024456521739130394	-0.004076086956521773	0.002717391304347768	61615506
2023-03-17	0.006839945280437854	0.002735978112175166	0.016415868673050633	0.0	0.006839945280437854	54776141
2023-03-16	0.002743484224965648	0.0	0.009602194787380012	-0.004115226337448594	0.002743484224965648	41798428
2023-03-15	0.008298755186721938	0.0013831258644536356	0.013831258644536604	-0.005532503457814666	0.008298755186721938	34566245
2023-03-14	-0.005502063273727531	-0.0027510316368637654	0.012379642365887311	-0.005502063273727531	-0.005502063273727531	44041084
2023-03-13	0.022503516174402143	0.005625879043600567	0.02390998593530238	0.002812939521800221	0.022503516174402143	42549576
2023-03-10	-0.02469135802469132	-0.004115226337448594	-0.00274348422496577	-0.026063100137174264	-0.02469135802469132	49931542
2023-03-09	0.006906077348066274	0.005524861878453044	0.015193370165745778	0.0013812154696132301	0.006906077348066274	41827760
2023-03-08	0.009762900976290137	-0.0027894002789399684	0.01394700139470009	-0.00836820083682003	0.009762900976290137	43906651
2023-03-07	0.014144271570014093	0.0	0.04526166902404517	-0.0014144271570015099	0.014144271570014093	100438353
2023-03-06	0.0014164305949009456	0.0	0.012747875354107756	-0.0014164305949008198	0.0014164305949009456	49230649
2023-03-03	0.014367816091953972	0.002873563218390871	0.017241379310344845	-0.0028735632183907434	0.014367816091953972	52383804
2023-03-02	0.010159651669085673	0.0	0.014513788098693838	-0.0029027576197386902	0.010159651669085673	40360930
2023-03-01	0.014727540500736325	0.0044182621502209495	0.01767304860088367	0.0014727540500736062	0.014727540500736325	41452216
2023-02-28	-0.004398826979472177	0.0	0.0014662756598240157	-0.004398826979472177	-0.004398826979472177	19114598
2023-02-27	0.007385524372230534	0.0	0.008862629246676587	-0.0014771048744460543	0.007385524372230534	20493902
2023-02-24	-0.0014749262536874151	0.0029498525073745683	0.0029498525073745683	-0.004424778761061983	-0.0014749262536874151	15077311
2023-02-23	-0.0014727540500736062	0.0014727540500736062	0.005891016200294556	-0.0044182621502209495	-0.0014727540500736062	15521281
2023-02-22	-0.0014705882352940864	0.0	0.0014705882352940864	-0.004411764705882389	-0.0014705882352940864	16023948
2023-02-21	0.010401188707280741	0.0014858841010400871	0.014858841010401134	-0.001485884101040219	0.010401188707280741	26053888
2023-02-20	0.012030075187969934	0.0030075187969924168	0.012030075187969934	0.0	0.012030075187969934	28664119
2023-02-17	0.0	0.0	0.006015037593984967	-0.001503759398496342	0.0	20977375
2023-02-16	-0.005979073243647239	0.0	0.0044843049327353305	-0.008968609865470926	-0.005979073243647239	29922518
2023-02-15	-0.0029806259314455403	0.0	0.0014903129657227701	-0.005961251862891212	-0.0029806259314455403	18289973
2023-02-14	0.001492537313432804	0.001492537313432804	0.004477611940298544	-0.001492537313432804	0.001492537313432804	21551861
2023-02-13	0.0014947683109117766	0.0029895366218235533	0.0029895366218235533	-0.0029895366218236864	0.0014947683109117766	23374709
2023-02-10	0.0014970059880240532	0.0	0.004491017964071893	-0.0014970059880239203	0.0014970059880240532	17336206
2023-02-09	0.0	-0.0014970059880239203	0.0029940119760479733	-0.0029940119760478406	0.0	17919684
2023-02-08	0.0014992503748125618	0.0029985007496252567	0.007496251874062942	-0.0014992503748125618	0.0014992503748125618	18889363
2023-02-07	0.0030075187969924168	0.0	0.004511278195488626	-0.001503759398496342	0.0030075187969924168	15577544
2023-02-06	0.0	-0.001503759398496342	0.004511278195488626	-0.006015037593984967	0.0	23810903
2023-02-03	-0.005979073243647239	0.0	0.0014947683109117766	-0.007473841554559149	-0.005979073243647239	22804800
2023-02-02	-0.001492537313432804	0.0	0.002985074626865608	-0.0029850746268657406	-0.001492537313432804	22938692
2023-02-01	0.0	0.0	0.002985074626865608	-0.0029850746268657406	0.0	21070411
2023-01-31	0.004497751124437818	0.0	0.007496251874062942	-0.0014992503748125618	0.004497751124437818	29502746
2023-01-30	-0.004477611940298544	0.002985074626865608	0.0059701492537313485	-0.0059701492537313485	-0.004477611940298544	33860850
2023-01-20	0.006006006006006011	0.0	0.006006006006006011	-0.0030030030030030724	0.006006006006006011	20733889
2023-01-19	0.0015037593984962084	-0.001503759398496342	0.0015037593984962084	-0.0030075187969925503	0.0015037593984962084	14213080
2023-01-18	-0.0015015015015014694	0.0	0.003003003003002939	-0.006006006006006011	-0.0015015015015014694	19384816
2023-01-17	-0.0014992503748125618	0.0	0.0014992503748125618	-0.00599700149925038	-0.0014992503748125618	18922305
2023-01-16	-0.0014970059880239203	0.0014970059880240532	0.004491017964071893	-0.0074850299401197345	-0.0014970059880239203	31400035
2023-01-13	0.016742770167427614	0.0	0.018264840182648418	0.0	0.016742770167427614	43868104
2023-01-12	-0.0015197568389057428	-0.0030395136778116204	0.0	-0.0060790273556231055	-0.0015197568389057428	26777609
2023-01-11	0.007656967840735041	0.0	0.009188361408882023	-0.001531393568147117	0.007656967840735041	31626655
2023-01-10	-0.0030534351145037517	0.0	0.0030534351145038875	-0.0030534351145037517	-0.0030534351145037517	22572511
2023-01-09	-0.004559270516717363	0.0	0.0030395136778114855	-0.004559270516717363	-0.004559270516717363	28496162
2023-01-06	-0.006042296072507558	0.0	0.001510574018126856	-0.01057401812688826	-0.006042296072507558	34353226
2023-01-05	-0.0015082956259426527	0.004524886877828092	0.0060331825037707445	-0.0030165912518853055	-0.0015082956259426527	29309656
2023-01-04	0.001510574018126856	0.001510574018126856	0.007552870090634414	-0.001510574018126856	0.001510574018126856	30025120
2023-01-03	-0.008982035928143655	0.0	0.008982035928143787	-0.011976047904191628	-0.008982035928143655	41600862
2022-12-30	0.015197568389057697	0.0030395136778114855	0.016717325227963573	0.0030395136778114855	0.015197568389057697	22264988
2022-12-29	-0.007541478129713397	-0.004524886877828092	0.0	-0.012066365007541489	-0.007541478129713397	17397282
2022-12-28	0.007598784194528849	0.0015197568389057428	0.010638297872340469	-0.004559270516717363	0.007598784194528849	15867796
2022-12-27	0.009202453987730138	0.007668711656441827	0.019938650306748587	0.004601226993865069	0.009202453987730138	20244997
2022-12-26	-0.007610350076103609	0.0	0.004566210045662003	-0.007610350076103609	-0.007610350076103609	17849700
2022-12-23	-0.0015197568389057428	-0.0015197568389057428	0.007598784194528849	-0.004559270516717363	-0.0015197568389057428	13411314
2022-12-22	-0.012012012012012022	0.0	0.0075075075075074806	-0.016516516516516564	-0.012012012012012022	19532349
2022-12-21	0.018348623853211024	0.0	0.024464831804281367	0.0	0.018348623853211024	24131052
2022-12-20	-0.00758725341426401	0.001517450682852775	0.00758725341426401	-0.012139605462822469	-0.00758725341426401	31177698
2022-12-19	-0.020802377414561746	0.0	0.0	-0.02377414561664192	-0.020802377414561746	24582886
2022-12-16	0.01661631419939582	-0.0030211480362538463	0.01661631419939582	-0.0030211480362538463	0.01661631419939582	28156703
2022-12-15	-0.020710059171597586	0.0	0.004437869822485244	-0.022189349112425958	-0.020710059171597586	30741801
2022-12-14	0.007451564828613983	0.0014903129657227701	0.013412816691505194	-0.007451564828613983	0.007451564828613983	25387281
2022-12-13	0.0	0.0029806259314456725	0.007451564828613983	-0.0029806259314455403	0.0	28459992
2022-12-12	-0.007396449704141985	-0.0059171597633136145	0.0014792899408283709	-0.010355029585798727	-0.007396449704141985	26853620
2022-12-09	-0.01313868613138684	-0.001459854014598509	0.0	-0.02627737226277368	-0.01313868613138684	51528563
2022-12-08	-0.0029112081513828912	-0.0029112081513828912	0.0029112081513827616	-0.010189228529839925	-0.0029112081513828912	27047018
2022-12-07	-0.004347826086956557	0.0	0.007246376811594177	-0.010144927536231925	-0.004347826086956557	32275465
2022-12-06	0.0	0.0	0.002898550724637619	-0.007246376811594305	0.0	27028942
2022-12-05	0.019202363367799232	0.008862629246676587	0.023633677991137393	0.007385524372230534	0.019202363367799232	34498632
2022-12-02	-0.0014749262536874151	-0.0029498525073746993	0.005899705014749268	-0.007374631268436552	-0.0014749262536874151	22734807
2022-12-01	-0.010218978102189693	0.0	0.005839416058394166	-0.011678832116788333	-0.010218978102189693	35983968
2022-11-30	0.004398826979472047	-0.004398826979472177	0.007331378299120208	-0.005865102639296193	0.004398826979472047	29225971
2022-11-29	0.008875739644970487	0.0	0.011834319526627229	-0.0014792899408283709	0.008875739644970487	24745334
2022-11-28	-0.005882352941176476	-0.002941176470588173	-0.0014705882352940864	-0.0205882352941176	-0.005882352941176476	26324657
2022-11-25	0.01644245142002981	0.0	0.019431988041853497	-0.0014947683109119096	0.01644245142002981	30652316
2022-11-24	0.0	0.0	0.005979073243647239	-0.008968609865470926	0.0	20774475
2022-11-23	0.009049773755656184	0.0	0.018099547511312233	-0.0060331825037707445	0.009049773755656184	48563407
2022-11-22	0.031104199066874057	0.0	0.03421461897356153	-0.0015552099533436682	0.031104199066874057	59881356
2022-11-21	-0.007716049382716158	0.0	0.0046296296296295305	-0.010802469135802512	-0.007716049382716158	23861110
2022-11-18	-0.004608294930875478	0.0030721966205837885	0.004608294930875614	-0.004608294930875478	-0.004608294930875478	23181500
2022-11-17	-0.007621951219512168	-0.00457317073170722	0.004573170731707355	-0.009146341463414575	-0.007621951219512168	25602308
2022-11-16	0.004594180704440943	0.001531393568146981	0.010719754977029004	0.0	0.004594180704440943	27986134
2022-11-15	-0.018045112781954902	-0.006015037593984967	-0.004511278195488759	-0.02406015037593987	-0.018045112781954902	55323074
2022-11-14	0.004531722054380702	-0.001510574018126856	0.00906344410876127	-0.0030211480362538463	0.004531722054380702	27324316
2022-11-11	0.0015128593040846878	0.006051437216338886	0.007564296520423573	-0.004538577912254198	0.0015128593040846878	28562358
2022-11-10	0.010703363914373131	0.0	0.013761467889908235	-0.009174311926605444	0.010703363914373131	34402423
2022-11-09	-0.00758725341426401	-0.004552352048558459	0.0060698027314112345	-0.009104704097116785	-0.00758725341426401	17179827
2022-11-08	0.0	0.001517450682852775	0.003034901365705685	-0.009104704097116785	0.0	21165081
2022-11-07	-0.00302571860816951	-0.001512859304084822	0.0015128593040846878	-0.009077155824508396	-0.00302571860816951	20209614
2022-11-04	0.004559270516717363	0.0030395136778114855	0.010638297872340469	-0.0030395136778116204	0.004559270516717363	27786751
2022-11-03	0.0045801526717557635	-0.0015267175572518759	0.00610687022900764	-0.00610687022900764	0.0045801526717557635	21169808
2022-11-02	0.01393188854489162	0.0	0.02167182662538695	-0.0030959752321980762	0.01393188854489162	28913102
2022-11-01	0.007800312012480472	-0.006240249609984405	0.01248049921996881	-0.007800312012480472	0.007800312012480472	35851024
2022-10-31	-0.013846153846153824	0.0	0.006153846153846159	-0.02153846153846149	-0.013846153846153824	49825545
2022-10-28	-0.019607843137254888	-0.0060331825037707445	-0.0015082956259426527	-0.02262443438914019	-0.019607843137254888	40718664
2022-10-27	0.004545454545454583	-0.004545454545454449	0.006060606060606067	-0.009090909090909031	0.004545454545454583	31360283
2022-10-26	-0.007518796992481309	-0.001503759398496342	0.006015037593984967	-0.02105263157894745	-0.007518796992481309	48290163
2022-10-25	0.0	-0.0030075187969925503	0.007518796992481176	-0.010526315789473726	0.0	36809028
2022-10-24	-0.030612244897959176	0.005830903790087469	0.005830903790087469	-0.03352769679300298	-0.030612244897959176	45436649
2022-10-21	0.010309278350515505	-0.0014727540500736062	0.02209131075110462	-0.0014727540500736062	0.010309278350515505	26600284
2022-10-20	-0.017366136034732287	0.0	0.005788712011577429	-0.01881331403762661	-0.017366136034732287	37274185
2022-10-19	-0.012857142857142836	0.0014285714285713982	0.0014285714285713982	-0.01571428571428576	-0.012857142857142836	28453659
2022-10-18	0.021897810218978155	0.0029197080291971478	0.02919708029197083	0.0	0.021897810218978155	63492082
2022-10-17	0.023916292974588825	0.0014947683109117766	0.038863976083706994	0.0	0.023916292974588825	60360329
2022-10-14	-0.001492537313432804	0.0059701492537313485	0.008955223880596956	-0.0029850746268657406	-0.001492537313432804	32099189
2022-10-13	-0.008875739644970357	0.0	0.002958579881656873	-0.0133136094674556	-0.008875739644970357	26142771
2022-10-12	0.00148148148148145	0.0	0.005925925925925931	-0.008888888888888832	0.00148148148148145	26832134
2022-10-11	0.005961251862891212	0.0	0.010432190760059655	-0.007451564828613983	0.005961251862891212	31615211
2022-10-10	-0.008862629246676457	-0.010339734121122511	0.007385524372230534	-0.010339734121122511	-0.008862629246676457	53701910
2022-09-30	0.013473053892215548	-0.0014970059880239203	0.0149700598802396	-0.0029940119760478406	0.013473053892215548	26966146
2022-09-29	-0.0074294205052007	0.0029717682020801743	0.008915304606240654	-0.01337295690936118	-0.0074294205052007	24111159
2022-09-28	0.0	0.0	0.007429420505200567	-0.0074294205052007	0.0	28986132
2022-09-27	0.008995502248875636	0.0	0.014992503748125883	-0.01649175412293858	0.008995502248875636	45359352
2022-09-26	-0.014771048744460806	-0.004431314623338163	0.007385524372230534	-0.0192023633677991	-0.014771048744460806	44376788
2022-09-23	0.0014792899408283709	-0.0014792899408283709	0.016272189349112474	-0.0014792899408283709	0.0014792899408283709	43297132
2022-09-22	-0.0029498525073746993	-0.0029498525073746993	0.0	-0.011799410029498535	-0.0029498525073746993	29584860
2022-09-21	0.005934718100890213	0.0029673590504450406	0.011869436201780426	-0.007418397626112733	0.005934718100890213	33357304
2022-09-20	-0.0029585798816567418	0.002958579881656873	0.004437869822485244	-0.008875739644970357	-0.0029585798816567418	29639789
2022-09-19	0.013493253373313321	-0.0029985007496251236	0.014992503748125883	-0.014992503748125883	0.013493253373313321	57646305
2022-09-16	-0.024853801169590635	0.0	0.0014619883040935362	-0.030701754385964907	-0.024853801169590635	66363229
2022-09-15	0.020895522388059654	0.0	0.020895522388059654	0.0	0.020895522388059654	69322739
2022-09-14	-0.005934718100890213	-0.004451038575667692	-0.0014836795252225203	-0.011869436201780426	-0.005934718100890213	30985526
2022-09-13	0.008982035928143787	0.0	0.011976047904191628	-0.0029940119760478406	0.008982035928143787	41693629
2022-09-09	0.0014992503748125618	-0.0014992503748125618	0.00599700149925038	-0.004497751124437818	0.0014992503748125618	29916971
2022-09-08	0.007552870090634414	0.0	0.007552870090634414	-0.007552870090634414	0.007552870090634414	36911466
2022-09-07	0.0	0.0	0.003021148036253712	-0.007552870090634414	0.0	30849712
2022-09-06	0.0030303030303031006	0.0015151515151516175	0.006060606060606067	-0.007575757575757549	0.0030303030303031006	37534586
2022-09-05	0.01538461538461533	0.0015384615384615057	0.019999999999999983	-0.0030769230769230114	0.01538461538461533	43177811
2022-09-02	-0.006116207951070342	0.0015290519877675516	0.003058103975535103	-0.016819571865443472	-0.006116207951070342	37688698
2022-09-01	0.013953488372093	0.003100775193798383	0.020155038759689905	0.0	0.013953488372093	52934298
2022-08-31	0.0	-0.0015503875968991916	0.007751937984496096	-0.0046511627906977125	0.0	35606311
2022-08-30	0.009389671361502426	0.0015649452269171635	0.012519561815336476	-0.0015649452269170245	0.009389671361502426	43711078
2022-08-29	0.004716981132075371	-0.003144654088050387	0.0062893081761006345	-0.0062893081761006345	0.004716981132075371	20152446
2022-08-26	0.0	0.0015723270440251237	0.004716981132075371	-0.0047169811320755105	0.0	23813960
2022-08-25	0.01760000000000005	0.0015999999999999658	0.02079999999999998	0.0	0.01760000000000005	36610691
2022-08-24	-0.007936507936507908	-0.003174603174603107	0.003174603174603248	-0.009523809523809462	-0.007936507936507908	27006611
2022-08-23	0.004784688995215351	0.0015948963317385448	0.006379585326953754	-0.004784688995215209	0.004784688995215351	22538960
2022-08-22	0.0015974440894568351	0.0	0.009584664536741293	-0.0015974440894568351	0.0015974440894568351	23083244
2022-08-19	0.006430868167202578	0.0	0.014469453376205766	-0.0016077170418006088	0.006430868167202578	28219874
2022-08-18	-0.001605136436597219	0.0016051364365970765	0.003210272873194153	-0.006420545746388448	-0.001605136436597219	11269080
2022-08-17	0.006462035541195482	0.003231017770597669	0.00969305331179315	-0.001615508885298978	0.006462035541195482	15985707
2022-08-16	-0.004823151125401826	0.0	0.0048231511254019695	-0.004823151125401826	-0.004823151125401826	17676834
2022-08-15	0.0	-0.0032154340836012176	0.0048231511254019695	-0.006430868167202578	0.0	20102647
2022-08-12	0.008103727714748757	0.0016207455429497223	0.009724473257698622	-0.0016207455429497223	0.008103727714748757	22209643
2022-08-11	0.00488599348534206	0.0016286644951141165	0.006514657980456032	-0.001628664495113972	0.00488599348534206	15046999
2022-08-10	-0.004862236628849311	0.0016207455429497223	0.0016207455429497223	-0.009724473257698478	-0.004862236628849311	13560226
2022-08-09	0.014802631578947345	0.0	0.01644736842105257	-0.0016447368421052282	0.014802631578947345	34413731
2022-08-08	-0.0049099836333879295	0.0	0.0016366612111292612	-0.0065466448445171905	-0.0049099836333879295	12310611
2022-08-05	0.0032840722495895668	0.0	0.004926108374384277	-0.006568144499178988	0.0032840722495895668	16183725
2022-08-04	0.00661157024793389	0.001652892561983436	0.00661157024793389	-0.003305785123966872	0.00661157024793389	19817819
2022-08-03	0.013400335008375222	0.00335008375209388	0.021775544388609697	0.0	0.013400335008375222	46779165
2022-08-02	-0.008305647840531533	0.0	0.0016611295681064244	-0.011627906976744087	-0.008305647840531533	35635008
2022-08-01	-0.004958677685950454	-0.001652892561983436	0.0	-0.004958677685950454	-0.004958677685950454	15730845
2022-07-29	0.0016556291390728123	0.0016556291390728123	0.004966887417218584	-0.0016556291390728123	0.0016556291390728123	17606185
2022-07-28	0.0	0.0016556291390728123	0.0033112582781456247	-0.0016556291390728123	0.0	17998519
2022-07-27	-0.001652892561983436	0.001652892561983436	0.004958677685950454	-0.001652892561983436	-0.001652892561983436	12990235
2022-07-26	0.0016556291390728123	0.0	0.006622516556291397	-0.0016556291390728123	0.0016556291390728123	15526136
2022-07-25	-0.001652892561983436	0.0033057851239670184	0.0033057851239670184	-0.003305785123966872	-0.001652892561983436	9000832
2022-07-22	0.0033167495854062308	0.0016583747927031154	0.004975124378109347	0.0	0.0033167495854062308	10980944
2022-07-21	-0.008223684210526286	-0.0016447368421052282	0.0	-0.00986842105263166	-0.008223684210526286	18492692
2022-07-20	0.0033003300330033767	0.0033003300330033767	0.0033003300330033767	0.0	0.0033003300330033767	11604665
2022-07-19	0.0	0.0	0.0033003300330033767	-0.001650165016501615	0.0	15792547
2022-07-18	0.006644518272425255	0.004983388704318978	0.009966777408637956	0.0016611295681064244	0.006644518272425255	14838591
2022-07-15	-0.013114754098360668	0.0	0.0016393442622951928	-0.013114754098360668	-0.013114754098360668	21328912
2022-07-14	0.0016420361247947105	0.0032840722495895668	0.004926108374384277	-0.004926108374384277	0.0016420361247947105	20578404
2022-07-13	0.0016447368421052282	0.0	0.008223684210526286	-0.0016447368421052282	0.0016447368421052282	20222428
2022-07-12	0.006622516556291397	0.0016556291390728123	0.01158940397350998	0.0	0.006622516556291397	20948904
2022-07-11	-0.00330033003300323	0.0	0.0016501650165017616	-0.00330033003300323	-0.00330033003300323	22807935
2022-07-08	0.0	0.004950495049504992	0.006600660066006607	-0.001650165016501615	0.0	33516615
2022-07-07	-0.08597285067873307	-0.0723981900452488	-0.06787330316742084	-0.08597285067873307	-0.08597285067873307	72164793
2022-07-06	-0.0074850299401197345	0.0	0.0014970059880240532	-0.013473053892215548	-0.0074850299401197345	60841275
2022-07-05	0.004511278195488626	0.0	0.009022556390977385	-0.001503759398496342	0.004511278195488626	49016384
2022-07-04	0.006051437216338886	0.0015128593040846878	0.006051437216338886	-0.001512859304084822	0.006051437216338886	34234776
2022-07-01	0.003034901365705685	0.003034901365705685	0.004552352048558459	0.0	0.003034901365705685	24614298
2022-06-30	0.0015197568389057428	0.0030395136778114855	0.007598784194528849	-0.0015197568389057428	0.0015197568389057428	42281966
2022-06-29	0.003048780487804949	0.0	0.007621951219512304	-0.0015243902439024066	0.003048780487804949	36757406
2022-06-28	0.0015267175572518759	0.0	0.0030534351145038875	-0.00610687022900764	0.0015267175572518759	43434930
2022-06-27	-0.0015243902439024066	0.001524390243902542	0.003048780487804949	-0.003048780487804813	-0.0015243902439024066	32136630
2022-06-24	-0.004552352048558459	0.001517450682852775	0.001517450682852775	-0.00758725341426401	-0.004552352048558459	35258833
2022-06-23	0.003044140030441335	0.0	0.003044140030441335	-0.0030441400304414704	0.003044140030441335	25699076
2022-06-22	-0.004545454545454449	0.0	0.0030303030303031006	-0.004545454545454449	-0.004545454545454449	14863941
2022-06-21	0.0030395136778114855	0.0030395136778114855	0.007598784194528849	0.0	0.0030395136778114855	21051662
2022-06-20	-0.010526315789473726	-0.001503759398496342	0.0015037593984962084	-0.013533834586466276	-0.010526315789473726	41985303
2022-06-17	0.004531722054380702	-0.001510574018126856	0.006042296072507558	-0.0030211480362538463	0.004531722054380702	26363193
2022-06-16	-0.013412816691505194	0.0	0.0029806259314456725	-0.013412816691505194	-0.013412816691505194	37974523
2022-06-15	0.00599700149925038	0.0	0.01649175412293858	-0.0029985007496251236	0.00599700149925038	45241847
2022-06-14	0.007552870090634414	0.0	0.00906344410876127	-0.004531722054380702	0.007552870090634414	28824516
2022-06-13	-0.013412816691505194	-0.0029806259314455403	-0.0014903129657227701	-0.01639344262295087	-0.013412816691505194	42215480
2022-06-10	-0.004451038575667692	-0.005934718100890213	0.0	-0.010385756676557905	-0.004451038575667692	32387078
2022-06-09	0.007473841554559016	-0.0014947683109119096	0.008968609865470793	-0.0029895366218236864	0.007473841554559016	39945238
2022-06-08	0.01363636363636375	0.0015151515151516175	0.015151515151515233	-0.0015151515151514828	0.01363636363636375	32201265
2022-06-07	-0.001512859304084822	-0.001512859304084822	0.004538577912254063	-0.004538577912254198	-0.001512859304084822	26550206
2022-06-06	-0.008995502248875504	-0.0014992503748125618	0.0	-0.014992503748125883	-0.008995502248875504	47523434
2022-06-02	-0.0029895366218236864	0.0	0.0044843049327353305	-0.004484304932735463	-0.0029895366218236864	14872783
2022-06-01	-0.0029806259314455403	-0.0029806259314455403	0.004470938897168443	-0.007451564828613983	-0.0029806259314455403	31200987
2022-05-31	0.0	0.0	0.010432190760059655	-0.004470938897168443	0.0	29386524
2022-05-30	-0.007396449704141985	0.0014792899408283709	0.008875739644970487	-0.011834319526627229	-0.007396449704141985	24393971
2022-05-27	0.0029673590504450406	0.0014836795252225203	0.005934718100890213	-0.005934718100890213	0.0029673590504450406	28804382
2022-05-26	0.013533834586466143	0.0030075187969924168	0.016541353383458562	0.0015037593984962084	0.013533834586466143	39777781
2022-05-25	0.015267175572519165	0.0	0.016793893129771042	-0.0015267175572518759	0.015267175572519165	31262312
2022-05-24	-0.0060698027314112345	0.001517450682852775	0.003034901365705685	-0.00758725341426401	-0.0060698027314112345	28757222
2022-05-23	0.003044140030441335	0.0	0.004566210045662003	-0.0015220700152208029	0.003044140030441335	25208262
2022-05-20	0.012326656394453015	-0.0015408320493065927	0.0154083204930662	-0.0015408320493065927	0.012326656394453015	30478932
2022-05-19	-0.0015384615384615057	-0.006153846153846159	0.0015384615384615057	-0.009230769230769171	-0.0015384615384615057	36749021
2022-05-18	-0.004594180704441079	0.003062787136293962	0.004594180704440943	-0.007656967840735041	-0.004594180704441079	32616272
2022-05-17	-0.0030534351145037517	0.0	0.0045801526717557635	-0.0030534351145037517	-0.0030534351145037517	16533338
2022-05-16	-0.004559270516717363	-0.0015197568389057428	0.0015197568389057428	-0.009118541033434726	-0.004559270516717363	20957190
2022-05-13	0.010752688172043055	0.0030721966205837885	0.012288786482334882	0.0	0.010752688172043055	34439800
2022-05-12	-0.0030627871362940984	-0.0030627871362940984	0.001531393568146981	-0.006125574272588061	-0.0030627871362940984	30204489
2022-05-11	0.0015337423312884472	0.0	0.007668711656441827	-0.001533742331288311	0.0015337423312884472	32595827
2022-05-10	-0.009118541033434726	-0.007598784194528849	0.0	-0.018237082066869317	-0.009118541033434726	39765566
2022-05-09	0.012307692307692318	0.0	0.013846153846153824	-0.006153846153846159	0.012307692307692318	21861373
2022-05-06	-0.013657056145675243	-0.0060698027314112345	-0.001517450682852775	-0.021244309559939254	-0.013657056145675243	41874163
2022-05-05	-0.010510510510510553	0.004504504504504542	0.010510510510510553	-0.012012012012012022	-0.010510510510510553	52886319
2022-04-29	-0.0205882352941176	-0.007352941176470562	-0.002941176470588173	-0.022058823529411686	-0.0205882352941176	54836896
2022-04-28	-0.018759018759018746	-0.015873015873015792	-0.008658008658008602	-0.04906204906204904	-0.018759018759018746	70254191
2022-04-27	0.016129032258064432	-0.004398826979472177	0.016129032258064432	-0.011730205278592386	0.016129032258064432	58076811
2022-04-26	-0.01445086705202307	-0.0057803468208092535	0.010115606936416227	-0.01734104046242776	-0.01445086705202307	46892044
2022-04-25	-0.011428571428571439	-0.0028571428571427964	0.011428571428571439	-0.012857142857142836	-0.011428571428571439	70332921
2022-04-22	0.011560693641618507	-0.0028901734104045626	0.01734104046242776	-0.007225433526011535	0.011560693641618507	48757556
2022-04-21	-0.0014430014430014122	0.0	0.010101010101010142	-0.00721500721500719	-0.0014430014430014122	50891670
2022-04-20	-0.008583690987124535	0.00429184549356214	0.01001430615164512	-0.011444921316165962	-0.008583690987124535	47419261
2022-04-19	0.024926686217008786	-0.0029325513196481615	0.0263929618768328	-0.005865102639296193	0.024926686217008786	60358629
2022-04-18	0.008875739644970487	0.002958579881656873	0.016272189349112474	-0.010355029585798727	0.008875739644970487	35957580
2022-04-15	-0.008797653958944354	-0.008797653958944354	0.0014662756598240157	-0.014662756598240546	-0.008797653958944354	56289834
2022-04-14	-0.015873015873015792	-0.0028860028860028244	0.0	-0.020202020202020155	-0.015873015873015792	53940990
2022-04-13	-0.002877697841726685	-0.005755395683453243	0.0086330935251798	-0.007194244604316521	-0.002877697841726685	45425786
2022-04-12	0.008708272859216328	-0.005805515239477509	0.011611030478955018	-0.011611030478955018	0.008708272859216328	41765170
2022-04-11	-0.0014492753623189384	0.0	0.013043478260869544	-0.008695652173913115	-0.0014492753623189384	67027757
2022-04-08	0.010248901903367538	0.0	0.013177159590043903	-0.004392386530014678	0.010248901903367538	36568912
2022-04-07	-0.017266187050359726	-0.0014388489208632786	0.002877697841726557	-0.018705035971223007	-0.017266187050359726	33408665
2022-04-06	0.010174418604651203	-0.0014534883720929922	0.010174418604651203	-0.0014534883720929922	0.010174418604651203	40638311
2022-04-01	0.0014556040756913808	-0.004366812227074272	0.007278020378457034	-0.007278020378457034	0.0014556040756913808	33325941
2022-03-31	0.01327433628318582	0.0014749262536872842	0.01622418879056039	-0.0014749262536874151	0.01327433628318582	42350154
2022-03-30	-0.0014727540500736062	-0.0014727540500736062	0.008836524300441769	-0.005891016200294556	-0.0014727540500736062	36267214
2022-03-29	0.013432835820895501	-0.0029850746268657406	0.020895522388059654	-0.008955223880597088	0.013432835820895501	56186890
2022-03-28	0.01361573373676246	-0.00302571860816951	0.015128593040847146	-0.013615733736762593	0.01361573373676246	45465378
2022-03-25	-0.0030165912518853055	-0.004524886877828092	0.0060331825037707445	-0.0060331825037707445	-0.0030165912518853055	22085241
2022-03-24	0.0030257186081693757	-0.001512859304084822	0.012102874432677772	-0.006051437216338886	0.0030257186081693757	31430581
2022-03-23	-0.0075075075075074806	-0.006006006006006011	0.0	-0.016516516516516564	-0.0075075075075074806	29648371
2022-03-22	0.010622154779969695	0.010622154779969695	0.024279210925644938	0.003034901365705685	0.010622154779969695	38013237
2022-03-21	-0.010510510510510553	-0.009009009009009084	-0.004504504504504542	-0.022522522522522577	-0.010510510510510553	43842678
2022-03-18	0.02936630602782077	0.0	0.02936630602782077	-0.003091190108191588	0.02936630602782077	71680960
2022-03-17	-0.016717325227963573	0.0015197568389057428	0.007598784194528849	-0.018237082066869317	-0.016717325227963573	61774868
2022-03-16	0.03622047244094495	0.009448818897637875	0.047244094488189094	-0.011023622047244	0.03622047244094495	79354142
2022-03-15	-0.050822122571001604	-0.004484304932735463	-0.0029895366218236864	-0.05680119581464884	-0.050822122571001604	89201166
2022-03-14	-0.014727540500736325	-0.010309278350515505	0.014727540500736325	-0.019145802650957274	-0.014727540500736325	47756238
2022-03-11	0.0	-0.0044182621502209495	0.005891016200294556	-0.026509572901325437	0.0	39784077
2022-03-10	0.016467065868263523	0.0149700598802396	0.032934131736527046	0.004491017964071893	0.016467065868263523	58285534
2022-03-09	-0.01620029455081006	0.0029455081001472125	0.008836524300441769	-0.04565537555228271	-0.01620029455081006	62138667
2022-03-08	-0.01878612716763004	0.0	0.0014450867052022813	-0.024566473988439298	-0.01878612716763004	34408603
2022-03-07	-0.011428571428571439	-0.0071428571428571175	0.0057142857142857195	-0.01571428571428576	-0.011428571428571439	37376038
2022-03-04	0.0	-0.0071428571428571175	0.0042857142857143215	-0.014285714285714235	0.0	45368108
2022-03-03	0.015965166908563182	0.002902757619738819	0.018867924528301872	-0.0029027576197386902	0.015965166908563182	48677036
2022-03-02	0.011747430249632904	-0.0029368575624081606	0.016152716593245277	-0.005873715124816452	0.011747430249632904	40064172
2022-03-01	0.0	-0.0029368575624081606	0.0014684287812042108	-0.008810572687224613	0.0	34819511
2022-02-28	-0.004385964912280738	0.0	0.002923976608187202	-0.014619883040935621	-0.004385964912280738	112300167
2022-02-25	0.011834319526627229	0.004437869822485244	0.016272189349112474	0.002958579881656873	0.011834319526627229	38706586
2022-02-24	-0.014577259475218736	-0.002915451895043799	0.0014577259475218346	-0.020408163265306204	-0.014577259475218736	55604537
2022-02-23	-0.012949640287769763	0.0043165467625899635	0.0043165467625899635	-0.02446043165467625	-0.012949640287769763	72263351
2022-02-22	-0.0014367816091953717	-0.0028735632183907434	0.0	-0.010057471264367858	-0.0014367816091953717	29983268
2022-02-21	-0.012765957446808491	0.0	0.0	-0.017021276595744695	-0.012765957446808491	37621907
2022-02-18	0.02026049204052094	0.0	0.021707670043415263	-0.005788712011577429	0.02026049204052094	69406064
2022-02-17	-0.012857142857142836	0.0	0.0028571428571427964	-0.017142857142857158	-0.012857142857142836	52522121
2022-02-16	-0.0028490028490027884	0.0014245014245015208	0.009971509971510013	-0.01139601139601128	-0.0028490028490027884	48059274
2022-02-15	-0.004255319148936206	-0.004255319148936206	0.004255319148936206	-0.009929078014184311	-0.004255319148936206	59605238
2022-02-14	-0.012605042016806704	-0.005602240896358549	0.0028011204481793364	-0.026610644257703014	-0.012605042016806704	72833164
2022-02-11	-0.004184100418410076	-0.0027894002789399684	0.011157601115760122	-0.009762900976290137	-0.004184100418410076	79963492
2022-02-10	0.027220630372492765	-0.00429799426934101	0.037249283667621744	-0.01002865329512898	0.027220630372492765	133973926
2022-02-09	-0.015514809590973122	0.0014104372355429884	0.0056417489421720785	-0.018335684062059224	-0.015514809590973122	75443030
2022-02-08	0.04881656804733729	-0.0014792899408283709	0.05029585798816566	-0.004437869822485113	0.04881656804733729	162577802
2022-02-07	0.02269288956127072	0.0015128593040846878	0.028744326777609606	0.0015128593040846878	0.02269288956127072	77184475
2022-01-28	0.010703363914373131	0.0015290519877675516	0.019877675840978576	0.0	0.010703363914373131	45194286
2022-01-27	0.0	0.003058103975535103	0.009174311926605444	-0.003058103975535239	0.0	33670432
2022-01-26	0.0030674846625767583	0.0030674846625767583	0.010736196319018449	-0.006134969325153244	0.0030674846625767583	24601266
2022-01-25	-0.007610350076103609	-0.0030441400304414704	0.004566210045662003	-0.009132420091324277	-0.007610350076103609	38662147
2022-01-24	-0.012030075187969934	-0.0030075187969925503	0.0	-0.02255639097744366	-0.012030075187969934	35394046
2022-01-21	0.009104704097116919	0.0	0.015174506828528155	-0.009104704097116785	0.009104704097116919	64224172
2022-01-20	0.0015197568389057428	0.004559270516717363	0.004559270516717363	-0.004559270516717363	0.0015197568389057428	35374497
2022-01-19	0.009202453987730138	0.0	0.01687116564417183	-0.001533742331288311	0.009202453987730138	39714898
2022-01-18	0.012422360248447077	0.0031055900621117347	0.01552795031055895	0.0	0.012422360248447077	43121666
2022-01-17	-0.0015503875968991916	0.0	0.006201550387596904	-0.003100775193798521	-0.0015503875968991916	19649740
2022-01-14	-0.010736196319018313	0.0030674846625767583	0.004601226993865069	-0.012269938650306624	-0.010736196319018313	29782844
2022-01-13	-0.0060975609756097615	0.0	0.00914634146341471	-0.007621951219512168	-0.0060975609756097615	21210500
2022-01-12	-0.0030395136778116204	-0.0015197568389057428	0.0015197568389057428	-0.009118541033434726	-0.0030395136778116204	25408006
2022-01-11	0.006116207951070342	0.0015290519877675516	0.010703363914373131	-0.004587155963302791	0.006116207951070342	35440948
2022-01-10	0.004608294930875614	0.004608294930875614	0.006144393241167441	0.0	0.004608294930875614	24681119
2022-01-07	0.009302325581395288	0.0	0.015503875968992192	-0.0015503875968991916	0.009302325581395288	36561252
2022-01-06	-0.0015479876160990381	-0.0015479876160990381	0.0046439628482972525	-0.0046439628482972525	-0.0015479876160990381	22685546
2022-01-05	0.0	0.0	0.010835913312693542	-0.0046439628482972525	0.0	43326702
2022-01-04	0.009374999999999939	0.0	0.010937499999999906	-0.003125000000000072	0.009374999999999939	40791805
2021-12-31	0.0031347962382445864	0.0	0.006269592476489034	-0.0047021943573668104	0.0031347962382445864	19139097
2021-12-30	0.009493670886075887	0.0015822784810126244	0.015822784810126524	0.0	0.009493670886075887	29095329
2021-12-29	0.0	0.0	0.007911392405063262	-0.0031645569620253893	0.0	17713043
2021-12-28	-0.004724409448818797	0.0	0.0015748031496064057	-0.004724409448818797	-0.004724409448818797	13793106
2021-12-27	0.003159557661927263	-0.0015797788309636315	0.0063191153238546655	-0.0015797788309636315	0.003159557661927263	11256168
2021-12-24	-0.007836990595611257	-0.0015673981191222236	0.0	-0.010971786833855844	-0.007836990595611257	14938796
2021-12-23	0.0	0.0	0.0031347962382445864	-0.0047021943573668104	0.0	11271832
2021-12-22	-0.004680187207488338	0.0	0.003120124804992133	-0.007800312012480472	-0.004680187207488338	19314581
2021-12-21	0.009448818897637875	-0.0015748031496062658	0.01417322834645681	-0.0031496062992125316	0.009448818897637875	41194680
2021-12-20	0.0	-0.0031496062992125316	0.006299212598425203	-0.004724409448818797	0.0	28811144
2021-12-17	0.003159557661927263	0.0	0.004739336492891035	-0.003159557661927403	0.003159557661927263	21551365
2021-12-16	0.01118210862619813	0.004792332268370647	0.015974440894568776	0.0015974440894568351	0.01118210862619813	23038240
2021-12-15	-0.007923930269413602	0.001584786053882833	0.003169572107765525	-0.007923930269413602	-0.007923930269413602	16983751
2021-12-14	-0.007861635220125897	-0.003144654088050387	-0.0015723270440252634	-0.009433962264151021	-0.007861635220125897	20333872
2021-12-13	0.024154589371980735	0.012882447665056373	0.028985507246376767	0.009661835748792208	0.024154589371980735	42672269
2021-12-10	-0.02204724409448814	0.0	0.0015748031496064057	-0.02204724409448814	-0.02204724409448814	34377378
2021-12-09	0.00633914421553091	-0.003169572107765384	0.007923930269413742	-0.003169572107765384	0.00633914421553091	38619165
2021-12-08	-0.0047318611987382094	0.0	0.0	-0.00946372239747628	-0.0047318611987382094	23029343
2021-12-07	0.020933977455716568	0.0032206119162641648	0.02254428341384858	0.0016103059581320108	0.020933977455716568	55779822
2021-12-06	0.0016129032258064171	0.0016129032258064171	0.009677419354838646	-0.0016129032258064171	0.0016129032258064171	30938818
2021-12-03	0.00813008130081298	0.003252032520325134	0.009756097560975546	0.0	0.00813008130081298	24941539
2021-12-02	0.0016286644951141165	-0.001628664495113972	0.006514657980456032	-0.004885993485341916	0.0016286644951141165	16557429
2021-12-01	0.008210180623973698	0.0	0.009852216748768555	-0.0016420361247947105	0.008210180623973698	15499579
2021-11-30	0.0	-0.003284072249589421	0.0016420361247947105	-0.003284072249589421	0.0	15929378
2021-11-29	-0.004901960784313766	-0.004901960784313766	-0.0016339869281045403	-0.008169934640522847	-0.004901960784313766	19563915
2021-11-26	-0.003257328990227944	0.0	0.0016286644951141165	-0.004885993485341916	-0.003257328990227944	14986385
2021-11-25	-0.004862236628849311	0.0	0.0016207455429497223	-0.008103727714748757	-0.004862236628849311	18107900
2021-11-24	-0.001618122977346244	0.0	0.0016181229773463877	-0.004854368932038731	-0.001618122977346244	16661321
2021-11-23	0.0	0.0	0.0032362459546926314	-0.001618122977346244	0.0	15813522
2021-11-22	-0.006430868167202578	-0.0032154340836012176	-0.0016077170418006088	-0.006430868167202578	-0.006430868167202578	16898728
2021-11-19	0.0032258064516128343	0.0	0.004838709677419395	-0.004838709677419395	0.0032258064516128343	15935566
2021-11-18	0.0	-0.0016129032258064171	0.004838709677419395	-0.003225806451612978	0.0	17035203
2021-11-17	0.0032362459546926314	0.0	0.004854368932038875	-0.003236245954692488	0.0032362459546926314	14824374
2021-11-16	-0.012779552715654964	-0.004792332268370505	0.0	-0.015974440894568634	-0.012779552715654964	20959901
2021-11-15	0.006430868167202578	-0.0016077170418006088	0.008038585209003187	-0.009646302250803797	0.006430868167202578	18030715
2021-11-12	-0.006389776357827482	-0.0015974440894568351	0.0015974440894568351	-0.009584664536741151	-0.006389776357827482	20940643
2021-11-11	0.019543973941368097	0.0	0.024429967426710157	-0.001628664495113972	0.019543973941368097	28904642
2021-11-10	-0.00967741935483879	-0.0016129032258064171	0.0016129032258064171	-0.014516129032258041	-0.00967741935483879	33012783
2021-11-09	-0.006410256410256416	-0.0016025641025640682	0.0016025641025640682	-0.008012820512820484	-0.006410256410256416	26409811
2021-11-08	0.0032154340836013607	0.0032154340836013607	0.006430868167202578	-0.0016077170418006088	0.0032154340836013607	16571721
2021-11-05	-0.003205128205128279	0.0	0.0032051282051281365	-0.003205128205128279	-0.003205128205128279	22281701
2021-11-04	-0.006369426751592362	0.0	0.0015923566878980552	-0.006369426751592362	-0.006369426751592362	22237142
2021-11-03	0.003194888178913812	-0.0015974440894568351	0.006389776357827482	-0.0031948881789136702	0.003194888178913812	13974845
2021-11-02	-0.006349206349206355	0.0	0.003174603174603248	-0.009523809523809462	-0.006349206349206355	37304624
2021-11-01	-0.007874015748031468	-0.0015748031496062658	0.0015748031496064057	-0.007874015748031468	-0.007874015748031468	29724561
2021-10-29	0.004746835443037873	-0.0031645569620253893	0.004746835443037873	-0.007911392405063403	0.004746835443037873	29215478
2021-10-28	-0.0031545741324920462	-0.0015772870662460231	0.0047318611987382094	-0.007886435331230256	-0.0031545741324920462	31467840
2021-10-27	-0.009375000000000078	0.0	0.0	-0.010937500000000044	-0.009375000000000078	27086026
2021-10-26	0.0	-0.0015625000000001055	0.007812499999999972	-0.0062500000000000056	0.0	27483693
2021-10-25	-0.007751937984496096	0.0015503875968991916	0.003100775193798383	-0.01705426356589152	-0.007751937984496096	27269014
2021-10-22	0.0015527950310558673	0.0031055900621117347	0.007763975155279475	-0.0031055900621118726	0.0015527950310558673	44882784
2021-10-21	0.0015552099533438063	-0.0015552099533436682	0.007776049766718618	-0.0031104199066873364	0.0015552099533438063	47522056
2021-10-20	0.007836990595611257	0.0	0.012539184952978068	-0.003134796238244447	0.007836990595611257	48284637
2021-10-19	0.0031446540880502474	-0.0015723270440252634	0.0031446540880502474	-0.003144654088050387	0.0031446540880502474	29597708
2021-10-18	0.009523809523809603	0.0	0.01269841269841271	-0.004761904761904801	0.009523809523809603	40289035
2021-10-15	-0.001584786053882692	-0.001584786053882692	0.001584786053882833	-0.012678288431061679	-0.001584786053882692	22123912
2021-10-14	0.004777070063694166	-0.003184713375796252	0.006369426751592362	-0.004777070063694307	0.004777070063694166	25456416
2021-10-13	-0.00946372239747628	-0.0015772870662460231	-0.0015772870662460231	-0.017350157728706534	-0.00946372239747628	28683669
2021-10-12	-0.0015748031496062658	-0.0015748031496062658	0.0031496062992126712	-0.009448818897637734	-0.0015748031496062658	27839604
2021-10-11	0.004746835443037873	-0.0031645569620253893	0.007911392405063262	-0.0031645569620253893	0.004746835443037873	41336731
2021-10-08	0.009584664536741293	0.004792332268370647	0.01757188498402561	0.004792332268370647	0.009584664536741293	49571601
2021-09-30	0.0015999999999999658	0.0	0.0064000000000000055	-0.0015999999999999658	0.0015999999999999658	22925302
2021-09-29	-0.004777070063694307	-0.003184713375796252	0.0031847133757961104	-0.011146496815286669	-0.004777070063694307	38352457
2021-09-28	0.0015948963317385448	-0.004784688995215209	0.007974481658692299	-0.004784688995215209	0.0015948963317385448	22699455
2021-09-27	0.0031999999999999316	0.0015999999999999658	0.015999999999999945	-0.0048000000000000395	0.0031999999999999316	38526514
2021-09-24	-0.017295597484276778	-0.0047169811320755105	0.0031446540880502474	-0.018867924528301903	-0.017295597484276778	31964467
2021-09-23	0.0	-0.0015723270440252634	0.012578616352201269	-0.0062893081761006345	0.0	44953692
2021-09-22	0.019230769230769246	-0.008012820512820484	0.020833333333333315	-0.011217948717948763	0.019230769230769246	48347753
2021-09-17	0.0032154340836013607	0.0048231511254019695	0.011254019292604547	-0.0032154340836012176	0.0032154340836013607	37626881
2021-09-16	-0.007974481658692157	0.0	0.011164274322169106	-0.009569377990430561	-0.007974481658692157	47301336
2021-09-15	-0.00633914421553091	-0.004754358161648076	0.0	-0.012678288431061679	-0.00633914421553091	48609581
2021-09-14	-0.02018633540372683	0.006211180124223607	0.006211180124223607	-0.026397515527950437	-0.02018633540372683	59923064
2021-09-13	0.00311526479750786	-0.0015576323987538609	0.007788161993769443	-0.004672897196261721	0.00311526479750786	47540036
2021-09-10	0.0031249999999999334	-0.0015625000000001055	0.015624999999999944	-0.004687500000000039	0.0031249999999999334	85895683
2021-09-09	0.017488076311605774	0.0	0.030206677265500855	-0.0031796502384738414	0.017488076311605774	85039800
2021-09-08	-0.0015873015873015535	0.0015873015873015535	0.003174603174603248	-0.006349206349206355	-0.0015873015873015535	48105279
2021-09-07	0.009615384615384552	0.0	0.0144230769230769	-0.003205128205128279	0.009615384615384552	56865956
2021-09-06	0.011345218800648345	0.0	0.02431118314424641	-0.0016207455429497223	0.011345218800648345	62878844
2021-09-03	-0.006441223832528186	0.0	0.0032206119162641648	-0.009661835748792208	-0.006441223832528186	38435805
2021-09-02	0.003231017770597669	0.0016155088852988345	0.004846526655896504	-0.011308562197092129	0.003231017770597669	47944552
2021-09-01	0.0197693574958814	0.0016474464579900802	0.029654036243822027	0.0	0.0197693574958814	68701043
2021-08-31	0.006633499170812609	-0.0016583747927032628	0.011608623548921955	-0.0033167495854063782	0.006633499170812609	38494393
2021-08-30	0.0	0.0	0.006633499170812609	-0.004975124378109493	0.0	42407459
2021-08-27	0.0066777963272120254	0.005008347245408908	0.008347245409014995	0.0016694490818029693	0.0066777963272120254	24294667
2021-08-26	0.006722689075630258	0.0	0.011764705882352839	-0.0016806722689075271	0.006722689075630258	29156546
2021-08-25	0.0050675675675676095	0.0016891891891891533	0.008445945945945915	0.0	0.0050675675675676095	18839993
2021-08-24	-0.005042016806722731	0.0016806722689075271	0.0033613445378150543	-0.005042016806722731	-0.005042016806722731	25914462
2021-08-23	0.0	0.0	0.0033613445378150543	-0.0033613445378152034	0.0	17516859
2021-08-20	-0.0016778523489932528	0.0	0.005033557046979908	-0.005033557046979908	-0.0016778523489932528	19681708
2021-08-19	0.008460236886632796	0.0	0.013536379018612533	-0.001692047377326529	0.008460236886632796	28536566
2021-08-18	0.0	-0.001692047377326529	0.0050761421319797375	-0.0033840947546532082	0.0	21766928
2021-08-17	0.0016949152542372519	0.0	0.010169491525423662	-0.0016949152542374024	0.0016949152542372519	28829671
2021-08-16	0.0016977928692700638	0.0	0.0033955857385399766	-0.001697792869269913	0.0016977928692700638	18959513
2021-08-13	-0.0016949152542374024	0.0	0.0016949152542372519	-0.0033898305084746542	-0.0016949152542374024	12680536
2021-08-12	-0.005059021922428223	0.0016863406408095575	0.0016863406408095575	-0.006745362563237781	-0.005059021922428223	18560942
2021-08-11	0.008503401360544187	-0.0017006802721088073	0.010204081632653145	-0.0034013605442176145	0.008503401360544187	26377498
2021-08-10	0.001703577512776795	-0.001703577512776795	0.001703577512776795	-0.0068143100511073315	0.001703577512776795	19758482
2021-08-09	0.005136986301369906	-0.005136986301369906	0.008561643835616408	-0.006849315068493157	0.005136986301369906	24321411
2021-08-06	-0.00680272108843538	0.0	0.0	-0.010204081632652994	-0.00680272108843538	22670236
2021-08-05	-0.0033898305084746542	-0.0033898305084746542	0.0016949152542372519	-0.006779661016949158	-0.0033898305084746542	22095533
2021-08-04	0.003401360544217766	0.0	0.003401360544217766	-0.005102040816326573	0.003401360544217766	24087930
2021-08-03	-0.0050761421319797375	-0.001692047377326529	-0.001692047377326529	-0.008460236886632796	-0.0050761421319797375	22867575
2021-08-02	0.005102040816326573	0.0	0.00680272108843538	-0.011904761904761953	0.005102040816326573	32818068
2021-07-30	-0.0033898305084746542	0.0	0.0016949152542372519	-0.00847457627118656	-0.0033898305084746542	19096250
2021-07-29	-0.00673400673400674	0.0	0.00673400673400674	-0.010101010101010183	-0.00673400673400674	23221325
2021-07-28	0.006779661016949158	0.0	0.011864406779660913	-0.0050847457627119065	0.006779661016949158	34815740
2021-07-27	-0.011725293132328207	0.0	0.00335008375209388	-0.011725293132328207	-0.011725293132328207	34352507
2021-07-26	-0.008305647840531533	0.0	0.0016611295681064244	-0.011627906976744087	-0.008305647840531533	36737323
2021-07-23	0.0	0.0	0.0016611295681064244	-0.001661129568106277	0.0	20533098
2021-07-22	-0.0016583747927032628	-0.0016583747927032628	0.0	-0.0033167495854063782	-0.0016583747927032628	20628098
2021-07-21	0.0016611295681064244	0.0	0.004983388704318978	-0.001661129568106277	0.0016611295681064244	22928163
2021-07-20	-0.0016583747927032628	-0.0016583747927032628	0.0016583747927031154	-0.0033167495854063782	-0.0016583747927032628	17134033
2021-07-19	-0.0016556291390728123	0.0	0.004966887417218584	-0.004966887417218584	-0.0016556291390728123	28840342
2021-07-16	-0.008210180623973698	0.0	0.0	-0.009852216748768409	-0.008210180623973698	25541443
2021-07-15	0.009950248756218841	0.0	0.011608623548921955	-0.0033167495854063782	0.009950248756218841	30914493
2021-07-14	0.005000000000000042	0.0016666666666666312	0.011666666666666714	-0.0016666666666666312	0.005000000000000042	38832522
2021-07-13	-0.0016638935108152725	0.0016638935108152725	0.0033277870216306925	-0.003327787021630545	-0.0016638935108152725	40852827
2021-07-12	-0.004966887417218584	0.004966887417218584	0.00993377483443702	-0.006622516556291397	-0.004966887417218584	38456996
2021-07-09	-0.008210180623973698	0.0	0.004926108374384277	-0.011494252873563265	-0.008210180623973698	37792976
2021-07-08	-0.08144796380090498	-0.07088989441930615	-0.06938159879336349	-0.08295625942684763	-0.08144796380090498	57005129
2021-07-07	0.0	0.0015082956259426527	0.004524886877828092	-0.0030165912518853055	0.0	52923693
2021-07-06	0.007598784194528849	0.0	0.009118541033434591	-0.0030395136778116204	0.007598784194528849	45420078
2021-07-05	-0.0030303030303029657	0.0	0.0015151515151516175	-0.006060606060606067	-0.0030303030303029657	29528057
2021-07-02	0.0	0.0	0.0030303030303031006	-0.0030303030303029657	0.0	31650481
2021-07-01	0.0030395136778114855	0.0030395136778114855	0.0060790273556231055	-0.0015197568389057428	0.0030395136778114855	29531825
2021-06-30	0.006116207951070342	0.0015290519877675516	0.0076452599388378934	0.0015290519877675516	0.006116207951070342	20146430
2021-06-29	-0.0015267175572518759	0.0015267175572518759	0.0030534351145038875	-0.0045801526717557635	-0.0015267175572518759	23792086
2021-06-28	-0.004559270516717363	0.0	0.0030395136778114855	-0.004559270516717363	-0.004559270516717363	36090143
2021-06-25	0.007656967840735041	0.001531393568146981	0.007656967840735041	0.0	0.007656967840735041	34005378
2021-06-24	0.004615384615384654	0.0015384615384615057	0.004615384615384654	0.0	0.004615384615384654	20942625
2021-06-23	0.0015408320493065927	0.0015408320493065927	0.0030816640986131853	-0.0030816640986133224	0.0015408320493065927	22953095
2021-06-22	-0.0015384615384615057	0.0	0.004615384615384654	-0.0030769230769230114	-0.0015384615384615057	35624525
2021-06-21	-0.001536098310291826	0.0030721966205837885	0.0030721966205837885	-0.0076804915514592665	-0.001536098310291826	33982957
2021-06-18	-0.00610687022900764	0.0	0.0030534351145038875	-0.00610687022900764	-0.00610687022900764	31161096
2021-06-17	0.0015290519877675516	0.0	0.006116207951070342	-0.0015290519877675516	0.0015290519877675516	21997850
2021-06-16	0.004608294930875614	0.0030721966205837885	0.006144393241167441	-0.003072196620583652	0.004608294930875614	34321369
2021-06-15	0.007739938080495328	0.009287925696594366	0.017027863777089834	0.00619195046439629	0.007739938080495328	65680577
2021-06-11	-0.04154302670623149	-0.005934718100890213	0.0014836795252225203	-0.04154302670623149	-0.04154302670623149	182864103
2021-06-10	-0.014619883040935621	-0.0014619883040935362	0.004385964912280738	-0.014619883040935621	-0.014619883040935621	73324567
2021-06-09	-0.002915451895043799	-0.002915451895043799	0.0	-0.005830903790087469	-0.002915451895043799	33255982
2021-06-08	0.007342143906020663	0.0	0.008810572687224743	-0.0014684287812040803	0.007342143906020663	27608930
2021-06-07	-0.0029282576866764953	0.0014641288433381826	0.0014641288433381826	-0.00585651537335286	-0.0029282576866764953	22551781
2021-06-04	0.002936857562408291	0.0	0.005873715124816452	-0.0014684287812040803	0.002936857562408291	20852427
2021-06-03	-0.005839416058394166	0.0	0.004379562043795657	-0.007299270072992675	-0.005839416058394166	41477895
2021-06-02	0.002928257686676365	0.0	0.00585651537335286	-0.0014641288433381826	0.002928257686676365	28446545
2021-06-01	-0.002919708029197018	-0.002919708029197018	-0.001459854014598509	-0.005839416058394166	-0.002919708029197018	27350212
2021-05-31	-0.011544011544011554	-0.0014430014430014122	0.0	-0.015873015873015792	-0.011544011544011554	33269610
2021-05-28	0.0	0.0	0.002886002886002953	-0.0028860028860028244	0.0	19097700
2021-05-27	0.0	0.0	0.004329004329004365	-0.0028860028860028244	0.0	26986010
2021-05-26	-0.005738880918220952	0.0	0.0014347202295553337	-0.010043041606886571	-0.005738880918220952	28161039
2021-05-25	0.004322766570605095	0.0	0.004322766570605095	-0.005763688760806921	0.004322766570605095	31832524
2021-05-24	0.0014430014430015404	0.0	0.005772005772005777	-0.004329004329004237	0.0014430014430015404	24093255
2021-05-21	-0.002877697841726685	0.0014388489208632786	0.007194244604316521	-0.0043165467625899635	-0.002877697841726685	17334592
2021-05-20	-0.0028694404591104125	0.0	0.00286944045911054	-0.010043041606886571	-0.0028694404591104125	23651207
2021-05-19	-0.009943181818181858	0.0	0.0	-0.014204545454545404	-0.009943181818181858	30426252
2021-05-18	0.0	0.0014204545454545151	0.007102272727272702	-0.0028409090909091565	0.0	17203804
2021-05-17	-0.007052186177715067	0.0	0.0014104372355429884	-0.008462623413258055	-0.007052186177715067	30308095
2021-05-14	0.009971509971510013	0.002849002849002915	0.012820512820512928	-0.0028490028490027884	0.009971509971510013	34049513
2021-05-13	-0.001422475106685729	-0.001422475106685729	0.0028449502133712054	-0.005689900426742537	-0.001422475106685729	30372017
2021-05-12	-0.002836879432624053	-0.0014184397163120265	0.0014184397163120265	-0.009929078014184311	-0.002836879432624053	29473012
2021-05-11	0.0014204545454545151	-0.0028409090909091565	0.0028409090909090303	-0.007102272727272702	0.0014204545454545151	37399858
2021-05-10	0.01587301587301592	0.0014430014430015404	0.017316017316017333	0.0014430014430015404	0.01587301587301592	58760548
2021-05-07	0.004347826086956429	0.002898550724637619	0.008695652173912986	-0.002898550724637748	0.004347826086956429	53606089
2021-05-06	0.0029069767441861137	-0.0029069767441859845	0.008720930232558212	-0.004360465116279106	0.0029069767441861137	41190222
2021-04-30	0.019259259259259243	0.0	0.029629629629629655	-0.00148148148148145	0.019259259259259243	51891608
2021-04-29	0.007462686567164152	0.004477611940298544	0.01044776119402976	-0.001492537313432804	0.007462686567164152	37686087
2021-04-28	0.0	0.0	0.004477611940298544	-0.0059701492537313485	0.0	25775653
2021-04-27	0.0014947683109117766	0.0	0.0044843049327353305	-0.004484304932735463	0.0014947683109117766	14503535
2021-04-26	-0.008888888888888832	0.00148148148148145	0.0029629629629629	-0.010370370370370412	-0.008888888888888832	37086492
2021-04-23	-0.0029542097488921087	0.0029542097488922396	0.0029542097488922396	-0.004431314623338163	-0.0029542097488921087	14918706
2021-04-22	-0.007331378299120338	0.004398826979472047	0.004398826979472047	-0.01026392961876837	-0.007331378299120338	25759380
2021-04-21	-0.007278020378457034	-0.0014556040756913808	-0.0014556040756913808	-0.008733624454148544	-0.007278020378457034	18819179
2021-04-20	-0.005788712011577429	0.0	0.001447178002894325	-0.010130246020260534	-0.005788712011577429	19916461
2021-04-19	0.0	-0.001447178002894325	0.004341534008683104	-0.0072358900144717546	0.0	23542434
2021-04-16	0.008759124087591314	-0.001459854014598509	0.008759124087591314	-0.002919708029197018	0.008759124087591314	18135819
2021-04-15	-0.0029112081513828912	-0.0014556040756913808	0.0014556040756913808	-0.004366812227074272	-0.0029112081513828912	13248024
2021-04-14	-0.005788712011577429	0.001447178002894325	0.001447178002894325	-0.008683068017366208	-0.005788712011577429	16623971
2021-04-13	-0.008608321377331364	0.00286944045911054	0.004304160688665746	-0.01291248206599711	-0.008608321377331364	24226502
2021-04-12	0.011611030478955018	0.001451378809869474	0.015965166908563182	-0.0029027576197386902	0.011611030478955018	27994472
2021-04-09	-0.0028943560057887786	-0.0028943560057887786	0.00289435600578865	-0.005788712011577429	-0.0028943560057887786	19061044
2021-04-08	0.0014492753623188096	0.0	0.004347826086956429	-0.010144927536231925	0.0014492753623188096	23908538
2021-04-07	0.007299270072992805	0.004379562043795657	0.011678832116788333	-0.004379562043795527	0.007299270072992805	30586030
2021-04-06	-0.005805515239477509	0.001451378809869474	0.007256894049346983	-0.007256894049346854	-0.005805515239477509	21128019
2021-04-02	-0.008633093525179927	0.0	0.005755395683453243	-0.011510791366906485	-0.008633093525179927	29504382
2021-04-01	-0.008559201141226764	0.0014265335235377728	0.0028530670470756723	-0.012838801711840209	-0.008559201141226764	23243977
2021-03-31	0.0	0.0	0.005706134094151218	-0.005706134094151218	0.0	26996817
2021-03-30	0.011544011544011554	0.0014430014430015404	0.012987012987012967	-0.004329004329004237	0.011544011544011554	34527888
2021-03-29	0.00726744186046509	0.0	0.011627906976744196	-0.0014534883720929922	0.00726744186046509	33462053
2021-03-26	0.0014556040756913808	0.0014556040756913808	0.010189228529839925	-0.004366812227074272	0.0014556040756913808	23555360
2021-03-25	0.007331378299120208	0.0014662756598240157	0.014662756598240416	0.0	0.007331378299120208	25488004
2021-03-24	-0.013024602026049183	-0.004341534008683104	-0.004341534008683104	-0.015918958031837963	-0.013024602026049183	29524594
2021-03-23	0.010233918128655012	-0.0029239766081870723	0.01169590643274855	-0.004385964912280738	0.010233918128655012	39391483
2021-03-22	0.0014641288433381826	-0.004392386530014678	0.002928257686676365	-0.01171303074670572	0.0014641288433381826	30627329
2021-03-19	-0.004373177842565633	-0.0014577259475219643	0.0	-0.01603498542274057	-0.004373177842565633	41508444
2021-03-18	-0.0014556040756913808	0.004366812227074272	0.004366812227074272	-0.007278020378457034	-0.0014556040756913808	27863015
2021-03-17	-0.0129310344827586	0.0014367816091953717	0.005747126436781614	-0.014367816091953972	-0.0129310344827586	44067107
2021-03-16	-0.0014347202295552062	0.0	0.007173601147776158	-0.007173601147776158	-0.0014347202295552062	38706509
2021-03-15	0.010144927536231797	0.0014492753623188096	0.026086956521739087	-0.002898550724637748	0.010144927536231797	68317499
2021-03-12	0.011730205278592386	-0.0029325513196481615	0.011730205278592386	-0.005865102639296193	0.011730205278592386	58832664
2021-03-11	-0.005830903790087469	0.0014577259475218346	0.008746355685131138	-0.013119533527696901	-0.005830903790087469	53472997
2021-03-10	0.005865102639296193	0.0	0.0131964809384164	-0.0029325513196481615	0.005865102639296193	65860511
2021-03-09	0.007385524372230534	0.0029542097488922396	0.014771048744460936	-0.0014771048744460543	0.007385524372230534	77451481
2021-03-08	0.0014792899408283709	0.0	0.016272189349112474	-0.0014792899408283709	0.0014792899408283709	84381310
2021-03-05	0.013493253373313321	-0.0014992503748125618	0.02248875562218896	-0.0029985007496251236	0.013493253373313321	74984988
2021-03-04	0.009077155824508262	0.0	0.018154311649016656	-0.009077155824508396	0.009077155824508262	73816354
2021-03-03	0.012251148545176121	-0.001531393568147117	0.013782542113323101	-0.001531393568147117	0.012251148545176121	34246912
2021-03-02	-0.0030534351145037517	0.0030534351145038875	0.00610687022900764	-0.007633587786259515	-0.0030534351145037517	30012589
2021-03-01	0.003062787136293962	0.001531393568146981	0.009188361408882023	0.001531393568146981	0.003062787136293962	27821052
2021-02-26	-0.010606060606060515	-0.006060606060606067	0.0030303030303031006	-0.010606060606060515	-0.010606060606060515	57840028
2021-02-25	0.010719754977029004	0.001531393568146981	0.015313935681470082	0.0	0.010719754977029004	45172116
2021-02-24	-0.010606060606060515	0.0	0.0015151515151516175	-0.015151515151515098	-0.010606060606060515	38876211
2021-02-23	0.0	-0.0015151515151514828	0.004545454545454583	-0.006060606060606067	0.0	29701497
2021-02-22	0.001517450682852775	0.001517450682852775	0.015174506828528155	-0.001517450682852775	0.001517450682852775	63125071
2021-02-19	0.010736196319018449	0.0	0.015337423312883519	-0.001533742331288311	0.010736196319018449	34426157
2021-02-18	-0.0045801526717557635	0.0	0.0045801526717557635	-0.00610687022900764	-0.0045801526717557635	40755527
2021-02-10	0.01393188854489162	0.0	0.01393188854489162	-0.0015479876160990381	0.01393188854489162	33746200
2021-02-09	0.004665629860031143	0.0	0.006220839813374812	-0.0015552099533436682	0.004665629860031143	20930725
2021-02-08	0.003120124804992133	0.0	0.007800312012480472	-0.0015600624024960665	0.003120124804992133	19376916
2021-02-05	0.0047021943573668104	0.0	0.006269592476489034	-0.0047021943573668104	0.0047021943573668104	19137662
2021-02-04	-0.0015649452269170245	0.0	0.0015649452269171635	-0.006259780907668238	-0.0015649452269170245	22424017
2021-02-03	0.0	0.0015649452269171635	0.0015649452269171635	-0.004694835680751074	0.0	20697372
2021-02-02	0.0015673981191222236	0.0031347962382445864	0.007836990595611257	-0.003134796238244447	0.0015673981191222236	23553021
2021-02-01	0.001569858712715822	0.0	0.004709576138147605	-0.0031397174254317838	0.001569858712715822	30679368
2021-01-29	-0.010869565217391347	0.0	0.0015527950310558673	-0.012422360248447215	-0.010869565217391347	36115089
2021-01-28	0.0	-0.0031055900621118726	0.0031055900621117347	-0.00465838509316774	0.0	32415312
2021-01-27	0.0015552099533438063	0.0015552099533438063	0.010886469673405955	-0.0015552099533436682	0.0015552099533438063	25034816
2021-01-26	0.0	0.0	0.006220839813374812	-0.0015552099533436682	0.0	21030686
2021-01-25	-0.007716049382716158	0.0	0.0015432098765431768	-0.010802469135802512	-0.007716049382716158	33821374
2021-01-22	-0.012195121951219388	-0.003048780487804813	0.0	-0.015243902439024336	-0.012195121951219388	28604025
2021-01-21	-0.0015220700152208029	0.0	0.003044140030441335	-0.007610350076103609	-0.0015220700152208029	34885710
2021-01-20	-0.010542168674698704	0.0	0.0	-0.013554216867469859	-0.010542168674698704	27429779
2021-01-19	0.0	-0.0030120481927710203	0.0	-0.009036144578313195	0.0	31931326
2021-01-18	-0.001503759398496342	0.0030075187969924168	0.0030075187969924168	-0.006015037593984967	-0.001503759398496342	30442191
2021-01-15	0.006051437216338886	0.0	0.012102874432677772	-0.00302571860816951	0.006051437216338886	49297873
2021-01-14	-0.001510574018126856	-0.001510574018126856	0.024169184290030232	-0.007552870090634414	-0.001510574018126856	71525942
2021-01-13	0.016897081413210495	-0.003072196620583652	0.024577572964669763	-0.0076804915514592665	0.016897081413210495	64717184
2021-01-12	0.0046296296296295305	0.0	0.0046296296296295305	-0.0046296296296296675	0.0046296296296295305	30218066
2021-01-11	-0.007656967840735041	-0.0030627871362940984	0.0	-0.01071975497702914	-0.007656967840735041	30159695
2021-01-08	0.0030721966205837885	-0.001536098310291826	0.0076804915514592665	-0.006144393241167441	0.0030721966205837885	38539198
2021-01-07	-0.004587155963302791	-0.004587155963302791	-0.0015290519877675516	-0.012232415902140683	-0.004587155963302791	42664153
2021-01-06	0.006153846153846159	-0.004615384615384654	0.007692307692307665	-0.007692307692307665	0.006153846153846159	57449071
