2024-12-31	-0.0039723661485318975	0.0013816925734023886	0.012435233160621742	-0.007772020725388527	-0.0039723661485318975	4040128
2024-12-30	0.0017301038062283985	-0.010380622837370145	0.009169550173010401	-0.02231833910034601	0.0017301038062283985	4207162
2024-12-27	0.000692520775623254	-0.0019044321329639792	0.011772853185595563	-0.006059556786703626	0.000692520775623254	2384191
2024-12-26	0.009966777408637878	-0.0033222591362125848	0.026228361601678615	-0.0033222591362125848	0.009966777408637878	4820412
2024-12-25	0.0033333333333332936	-0.008771929824561403	0.007017543859649098	-0.014912280701754412	0.0033333333333332936	3491581
2024-12-24	0.012793176972281429	-0.00017768301350387368	0.01812366737739865	-0.002309879175550863	0.012793176972281429	3492640
2024-12-23	0.010594361644819599	0.0025139163224995615	0.026396121386245266	-0.00017956545160707508	0.010594361644819599	5273465
2024-12-20	0.007052441229656431	-0.0052441229656419374	0.03381555153707061	-0.0054249547920433485	0.007052441229656431	5170292
2024-12-19	-0.008605234851201219	-0.00035855145213343717	-0.00035855145213343717	-0.01559698816780216	-0.008605234851201219	4301062
2024-12-18	-0.007649884362213124	0.005515032912293227	0.005515032912293227	-0.009073118662159723	-0.007649884362213124	3112858
2024-12-17	-0.0005334281650071326	0.004089615931721139	0.008534850640113742	-0.008357041251778073	-0.0005334281650071326	2743125
2024-12-16	-0.030344827586206862	-0.0005172413793103645	0.003275862068965478	-0.034482758620689655	-0.030344827586206862	4228962
2024-12-13	-0.010238907849829375	-0.003754266211604076	0.008532423208191127	-0.012286689419795202	-0.010238907849829375	4089043
2024-12-12	0.025013118768584915	0.004897673605037627	0.026587370998775513	-0.005072590519503221	0.025013118768584915	6075486
2024-12-11	-0.022735042735042704	-0.00512820512820508	0.0	-0.025470085470085505	-0.022735042735042704	7418439
2024-12-10	0.011061182163843771	0.014517801590044996	0.030418250950570307	0.0008641548565502447	0.011061182163843771	8397254
2024-12-09	0.0029467845380482184	0.0003466805338880764	0.020454151499393305	-0.00624024960998439	0.0029467845380482184	4829709
2024-12-06	0.02487120270030198	0.0	0.03286551785397054	0.0	0.02487120270030198	6653585
2024-12-05	0.008781362007168494	-0.0028673835125447417	0.015053763440860277	-0.008064516129032182	0.008781362007168494	3184174
2024-12-04	-0.0044603033006244425	0.0008920606601249646	0.007850133809099106	-0.012845673505798374	-0.0044603033006244425	3539803
2024-12-03	-0.007261778250088623	0.0015940488841657157	0.003365214311016609	-0.010272759475735003	-0.007261778250088623	3929182
2024-12-02	-0.009821115398105967	0.002279901788845939	0.015082427218519807	-0.02279901788846026	-0.009821115398105967	5097138
2024-11-29	-0.00419140761439041	0.004191407614390534	0.005763185469787031	-0.020957038071952424	-0.00419140761439041	5774669
2024-11-28	-0.009171136874891869	0.0	0.018861394704966318	-0.018515314068177892	-0.009171136874891869	4408001
2024-11-27	0.01778795350475516	-0.003170130327580129	0.02853117294822116	-0.004050722085241352	0.01778795350475516	5285320
2024-11-26	-0.006648005598320425	-0.011546536039188185	0.042512246326102295	-0.011721483554933427	-0.006648005598320425	6774499
2024-11-25	-0.014142807864780964	0.0065539841324595135	0.024318730596757567	-0.023283890996895384	-0.014142807864780964	5155842
2024-11-22	-0.018618821936357506	0.0016926201760325225	0.019972918077183474	-0.02471225457007449	-0.018618821936357506	5042963
2024-11-21	-0.006056527590847904	-0.007065948855989142	-0.0010094212651412377	-0.024226110363391617	-0.006056527590847904	2937800
2024-11-20	0.0195540308747856	-0.00394511149228125	0.02795883361921102	-0.00394511149228125	0.0195540308747856	5728888
2024-11-19	0.0036150800482009594	-0.0022379066965054666	0.004131520055086846	-0.01652608022034775	0.0036150800482009594	4515653
2024-11-18	0.032527550657660956	0.0	0.04852470671880562	-0.0028439388553145504	0.032527550657660956	7115868
2024-11-15	0.01846488052136126	0.00018102824040546722	0.02534395365677043	-0.002172338884866121	0.01846488052136126	4857400
2024-11-14	-0.010567795092244247	-0.0053734551316496	0.0026867275658248	-0.013433637829124127	-0.010567795092244247	4797909
2024-11-13	-0.008348134991118986	0.006216696269982264	0.011367673179396104	-0.01261101243339243	-0.008348134991118986	3821247
2024-11-12	-0.007054673721340488	0.0	0.015696649029982374	-0.012345679012345729	-0.007054673721340488	4493791
2024-11-11	-0.019031141868512014	-0.010380622837370145	-0.007958477508650412	-0.031487889273356405	-0.019031141868512014	6060727
2024-11-08	-0.018842301816329985	0.0013580037345103616	0.004753013070785964	-0.027839076557460422	-0.018842301816329985	5357126
2024-11-07	0.03296510608451684	-0.0035069261792039777	0.03752411011748204	-0.0035069261792039777	0.03296510608451684	5639105
2024-11-06	0.004579883741412683	0.0005284481240090546	0.008102871234807007	-0.008279020609476941	0.004579883741412683	4130416
2024-11-05	-0.0012315270935960641	-0.003694581280788192	0.004574243490499613	-0.00844475721323019	-0.0012315270935960641	4546000
2024-11-04	0.0278481012658229	0.0021699819168174424	0.030741410488245986	-0.0054249547920433485	0.0278481012658229	4435327
2024-11-01	0.0067358456217003	-0.0029127981066811685	0.011469142545057393	-0.011469142545057393	0.0067358456217003	4235305
2024-10-31	-0.02381375510929453	-0.013861738048693817	0.01066287542207205	-0.037497778567620516	-0.02381375510929453	8122278
2024-10-30	0.0030303030303030607	-0.005169340463458095	0.012121212121212116	-0.008734402852049947	0.0030303030303030607	3579191
2024-10-29	0.0	0.00481283422459886	0.022281639928698752	-0.007486631016042811	0.0	4396733
2024-10-28	0.022602989427634015	-0.0010936930368210403	0.02661319722931099	-0.006015311702515463	0.022602989427634015	5406919
2024-10-25	-0.0005465476407360382	0.004736746219712116	0.0065585716888322	-0.006922936782656268	-0.0005465476407360382	5404830
2024-10-24	0.0025570776255707866	-0.0009132420091323681	0.021917808219178134	-0.008219178082191832	0.0025570776255707866	5034611
2024-10-23	0.010893648449039945	-0.000184638109305724	0.022895125553914365	-0.004615952732644018	0.010893648449039945	6706585
2024-10-22	0.010824934677118297	0.0	0.01679731243001117	-0.01063829787234043	0.010824934677118297	6186574
2024-10-21	0.008849557522123873	-0.005648653737525836	0.023159480323856223	-0.008284692148371263	0.008849557522123873	10873920
2024-10-18	0.015487571701720885	0.0	0.026003824091778194	-0.011472275334607922	0.015487571701720885	9408003
2024-10-17	-0.012462235649546897	0.0003776435045316469	0.009252265861027228	-0.015672205438066432	-0.012462235649546897	5906322
2024-10-16	0.007035558090891756	-0.010268111808328697	0.01216961399505597	-0.01787412055523873	0.007035558090891756	9421843
2024-10-15	-0.022490706319702486	0.0	0.005576208178438741	-0.023420074349442342	-0.022490706319702486	11778738
2024-10-14	-0.059111577474641526	-0.006645680307799975	-0.006645680307799975	-0.07100384749912561	-0.059111577474641526	26454740
2024-10-11	-0.012435233160621742	-0.001727115716753047	0.0	-0.034196891191709794	-0.012435233160621742	6908416
2024-10-10	0.0	0.004317789291882556	0.022107081174438707	-0.007426597582037992	0.0	7774174
2024-10-09	-0.06883242200064331	-0.035220328079768375	-0.034255387584432334	-0.07526535863621743	-0.06883242200064331	11985353
2024-10-08	0.0059860863937873715	0.08396699563177476	0.09399773499433751	-0.06956803106293487	0.0059860863937873715	27446006
2024-09-30	0.05119047619047628	0.020408163265306173	0.06581632653061233	0.0017006802721088678	0.05119047619047628	21791920
2024-09-27	0.07988980716253433	0.02167125803489439	0.08135904499540862	0.02167125803489439	0.07988980716253433	8007689
2024-09-26	0.06555772994129161	0.0	0.06810176125244612	-0.001956947162426642	0.06555772994129161	7070670
2024-09-25	0.005905511811023706	0.013385826771653538	0.03149606299212601	0.003543307086614168	0.005905511811023706	5529140
2024-09-24	0.02834008097165989	0.007287449392712539	0.03643724696356284	-0.005263157894736802	0.02834008097165989	4950164
2024-09-23	-0.002020202020202049	-0.004848484848484888	0.011111111111111054	-0.01070707070707073	-0.002020202020202049	3522012
2024-09-20	0.01372107311079258	-0.0016383370878557916	0.017202539422486247	-0.022731927093999578	0.01372107311079258	4110403
2024-09-19	0.011811023622047251	0.002486531288852146	0.03543307086614175	-0.0016576875259013324	0.011811023622047251	5377638
2024-09-18	-0.006995884773662622	0.0	0.0041152263374484715	-0.01584362139917702	-0.006995884773662622	2817804
2024-09-13	-0.011190233977619474	0.002034587995930853	0.006510681586978643	-0.011190233977619474	-0.011190233977619474	1698300
2024-09-12	-0.01700000000000003	-0.0004000000000000625	0.0064000000000000055	-0.01760000000000005	-0.01700000000000003	2464824
2024-09-11	0.0	-0.0004000000000000625	0.020999999999999942	-0.0040000000000000565	0.0	3325953
2024-09-10	0.006643849406080094	-0.00261727400845586	0.011677068653110495	-0.016911616670022216	0.006643849406080094	3449595
2024-09-09	-0.000804667069000184	0.0	0.007242003621001799	-0.0060350030175015945	-0.000804667069000184	2699152
2024-09-06	-0.016227983376212157	-0.003562240253314857	0.002374826835543191	-0.016821690085097988	-0.016227983376212157	1999520
2024-09-05	-0.021305442572148003	0.0	0.0005810575246948292	-0.02343598682936279	-0.021305442572148003	4693722
2024-09-04	0.03758038585209013	0.008842443729903634	0.03999196141479104	0.004421221864951746	0.03758038585209013	6841027
2024-09-03	0.013441955193482619	0.0038696537678207274	0.031771894093686255	-0.005702647657841163	0.013441955193482619	5102898
2024-09-02	-0.02733755942947693	-0.007527733755942858	-0.007527733755942858	-0.03486529318541993	-0.02733755942947693	5587090
2024-08-30	0.039538714991762654	0.00432454695222407	0.04983525535420087	-0.0014415156507413566	0.039538714991762654	7429775
2024-08-29	0.00705101617586071	0.00041476565740363185	0.007880547490667826	-0.010369141435089175	0.00705101617586071	3629300
2024-08-28	-0.015717493365993124	-0.0008164931618697519	0.00591957542355581	-0.019799959175341882	-0.015717493365993124	2140740
2024-08-27	-0.002443494196701231	0.0	0.0	-0.01628996131134183	-0.002443494196701231	2879306
2024-08-26	-0.013062700964630197	0.0008038585209003044	0.0024115755627010563	-0.02331189710610926	-0.013062700964630197	3328742
2024-08-23	0.0012072434607644901	-0.005633802816901431	0.007645875251508962	-0.00784708249496983	0.0012072434607644901	2284918
2024-08-22	0.0046492823933698	0.0	0.009702850212249928	-0.021427127552051794	0.0046492823933698	3623510
2024-08-21	-0.011588411588411555	-0.002997002997002969	0.004595404595404675	-0.01298701298701296	-0.011588411588411555	1916325
2024-08-20	-0.004772320540863034	-0.004772320540863034	0.006164247365281413	-0.005965400676078687	-0.004772320540863034	2575362
2024-08-19	-0.005143422354104808	-0.0031651829871413768	0.002571711177052474	-0.01285855588526209	-0.005143422354104808	2942888
2024-08-16	0.0071727435744172036	-0.0027894002789400395	0.011755329746961614	-0.020721259214983048	0.0071727435744172036	5783389
2024-08-15	-0.004759071980963751	-0.00019829466587344857	0.0019829466587349084	-0.011897679952409309	-0.004759071980963751	3705912
2024-08-14	-0.004736530491415078	-0.0013814880599960584	0.0043418196171304295	-0.012828103414249035	-0.004736530491415078	3621940
2024-08-13	-0.030239234449760732	-0.0009569377990430078	0.0024880382775120105	-0.048038277511961686	-0.030239234449760732	8157951
2024-08-12	-0.028810408921933033	-0.0018587360594794484	0.004275092936803048	-0.030483271375464697	-0.028810408921933033	4774515
2024-08-09	-0.03705029532844103	-0.006980490424199044	0.0	-0.03705029532844103	-0.03705029532844103	4766497
2024-08-08	0.0007164606842199382	-0.0019702668816048616	0.014866559197564003	-0.0019702668816048616	0.0007164606842199382	2968688
2024-08-07	-0.0003581020590868957	0.0	0.005192479856759161	-0.005729632945389441	-0.0003581020590868957	1868097
2024-08-06	-0.001965689778413142	0.0012508934953538292	0.016440314510364578	-0.009828448892065838	-0.001965689778413142	4778206
2024-08-05	0.02716593245227614	0.005873715124816452	0.04001468428781204	0.005873715124816452	0.02716593245227614	10950071
2024-08-02	0.012075051086754572	-0.004086940367824612	0.015418911387701994	-0.005201560468140463	0.012075051086754572	2625450
2024-08-01	-0.005909510618651899	0.0	0.0024007386888273787	-0.011634349030470831	-0.005909510618651899	1923115
2024-07-31	0.019198193111236515	-0.0024468285337851036	0.03293807641633729	-0.0024468285337851036	0.019198193111236515	4672169
2024-07-30	-0.009692451071761343	-0.0035414725069897062	-0.0013047530288909652	-0.017707362534948663	-0.009692451071761343	1927531
2024-07-29	-0.008501201256699332	-0.0018480872297172689	0.0014784697837737625	-0.016632785067455157	-0.008501201256699332	2188003
2024-07-26	0.005575171901133566	-0.002601746887195699	0.01022114848541158	-0.010964504738896179	0.005575171901133566	2760209
2024-07-25	0.0029822926374651203	-0.0065237651444548265	0.0065237651444548265	-0.0072693383038210735	0.0029822926374651203	1972847
2024-07-24	0.0	-0.0050326188257222	0.0029822926374651203	-0.014725069897483675	0.0	2732821
2024-07-23	-0.014692378328742043	0.00018365472910923802	0.0009182736455463205	-0.014876033057851281	-0.014692378328742043	2336678
2024-07-22	-0.021563342318059224	0.00017969451931712507	0.0005390835579515029	-0.027672955974842754	-0.021563342318059224	3093960
2024-07-19	0.009432251042989226	-0.00036277888626887585	0.011608924360602223	-0.00689279883910761	0.009432251042989226	2459283
2024-07-18	-0.003614675582866361	-0.00018073377914328595	0.0023495391288632307	-0.012651364540032456	-0.003614675582866361	2329998
2024-07-17	0.028438661710037196	0.0	0.029553903345724972	-0.008364312267657914	0.028438661710037196	4351816
2024-07-16	0.004668534080298786	-0.0007469654528477899	0.009337068160597572	-0.006162464985994366	0.004668534080298786	3514065
2024-07-15	-0.005571030640668603	-0.004642525533890436	0.007985143918291545	-0.00687093779015793	-0.005571030640668603	2065610
2024-07-12	-0.010474090407938263	0.0	0.0	-0.020580668871738414	-0.010474090407938263	2785652
2024-07-11	0.0365714285714286	0.0038095238095238637	0.03866666666666669	0.000571428571428593	0.0365714285714286	4821969
2024-07-10	-0.029574861367837362	-0.003327171903881695	-0.0025878003696857776	-0.03142329020332722	-0.029574861367837362	4022524
2024-07-09	0.015962441314554016	-0.00319248826291083	0.017464788732394362	-0.016338028169014036	0.015962441314554016	3433404
2024-07-08	-0.0037418147801684346	-0.0026192703461178778	0.0018709073900840844	-0.015715622076707268	-0.0037418147801684346	2920866
2024-07-05	-0.013837638376383764	-0.003690036900369056	-0.00018450184501854456	-0.03228782287822878	-0.013837638376383764	4568000
2024-07-04	-0.015440508628519426	0.001998183469573105	0.001998183469573105	-0.02524977293369665	-0.015440508628519426	5523146
2024-07-03	-0.00828679517204109	-0.0010808863267878792	0.003602954422626605	-0.011169158710142272	-0.00828679517204109	2750660
2024-07-02	-0.014906832298136706	0.000887311446317607	0.000887311446317607	-0.016681455190772045	-0.014906832298136706	3253000
2024-07-01	0.0003550505947098016	-0.00035505059470967553	0.004260607136516989	-0.006568436002130258	0.0003550505947098016	1987700
2024-06-28	-0.0031852769421341306	0.0	0.006016634224031206	-0.009024951336046683	-0.0031852769421341306	3783790
2024-06-27	-0.006854130052724087	-0.004745166959578138	0.00527240773286475	-0.008260105448154637	-0.006854130052724087	1625400
2024-06-26	0.017707029153997533	0.0	0.0189590413164014	-0.0093006617778572	0.017707029153997533	3091340
2024-06-25	-0.0030313837375178622	-0.0005349500713266965	0.008202567760342384	-0.00927246790299565	-0.0030313837375178622	2761426
2024-06-24	-0.00035650623885923575	-0.007130124777183575	0.004278074866310196	-0.007130124777183575	-0.00035650623885923575	2009907
2024-06-21	0.004836109618484742	-0.0032240730789897852	0.008418413039584433	-0.0032240730789897852	0.004836109618484742	2204377
2024-06-20	-0.011508498583569381	-0.004426345609065156	-0.0014164305949008198	-0.01699716713881009	-0.011508498583569381	2829607
2024-06-19	-0.005283550545966965	-0.0014089468122578071	0.0021134202183867106	-0.015498414934836254	-0.005283550545966965	3512942
2024-06-18	-0.004034379933344973	0.0026311173478336886	0.0073671285739344275	-0.014208033678301969	-0.004034379933344973	2912142
2024-06-17	0.0007021239248727251	0.000526592943654575	0.008776549060909251	-0.008249956117254676	0.0007021239248727251	2346037
2024-06-14	0.0010542962572483267	-0.004392901071867862	0.0038657529432438234	-0.01019153048673341	0.0010542962572483267	1998891
2024-06-13	-0.00645949720670399	0.0	0.0005237430167597964	-0.020600558659217873	-0.00645949720670399	3395718
2024-06-12	-0.0015687641624541802	0.0054035210040091035	0.006623670908140188	-0.006449363778978516	-0.0015687641624541802	2981987
2024-06-11	-0.005202011444425251	0.002947806485174297	0.002947806485174297	-0.013698630136986287	-0.005202011444425251	2317717
2024-06-07	0.0029565217391304644	0.006434782608695608	0.012173913043478311	-0.002434782608695662	0.0029565217391304644	2085382
2024-06-06	-0.006050129645635288	0.0	0.004494382022471876	-0.008643042350907518	-0.006050129645635288	2547076
2024-06-05	0.006612145467200323	0.0005220114842526734	0.016008352183748072	-0.0012180267965895299	0.006612145467200323	3135668
2024-06-04	0.015371024734982287	0.0021201413427561384	0.018727915194346204	-0.0038869257950529834	0.015371024734982287	3816960
2024-06-03	0.008014247551202188	-0.0003561887800533575	0.01104185218165636	-0.011576135351736395	0.008014247551202188	3905810
2024-05-31	-0.005138199858256541	0.00017717930545721325	0.008681785967399044	-0.009213323883770306	-0.005138199858256541	3247399
2024-05-30	-0.0038828097423226062	-0.002823861630780032	0.003529827038475165	-0.008118602188492655	-0.0038828097423226062	2509840
2024-05-29	-0.006836108676599484	-0.0008764241893075751	0.0031551270815074446	-0.01034180543382991	-0.006836108676599484	2929913
2024-05-28	-0.012804983561169787	-0.0015573628655476087	-0.0006921612735767286	-0.013324104516352242	-0.012804983561169787	2232093
2024-05-27	0.011729691876750731	0.003151260504201676	0.012605042016806827	-0.0017507002801119454	0.011729691876750731	3179976
2024-05-24	-0.004531195538515251	-0.0027884280237017024	0.015684907633321688	-0.0059254095503660405	-0.004531195538515251	2929200
2024-05-23	-0.009323204419889488	0.0008632596685082383	0.002935082872928206	-0.01294889502762431	-0.009323204419889488	3473173
2024-05-22	-0.004468889652801616	-0.0003437607425232576	0.01753179786868345	-0.006531454107940917	-0.004468889652801616	6532473
2024-05-21	-0.004619332763045391	0.0008554319931564954	0.004106073567151323	-0.007356715141146273	-0.004619332763045391	4399010
2024-05-20	0.03177405119152699	0.0008826125330980453	0.03759929390997357	0.0001765225066195589	0.03177405119152699	8784087
2024-05-17	0.020720720720720696	-0.0034234234234233824	0.02252252252252252	-0.0037837837837837993	0.020720720720720696	6988073
2024-05-16	0.008357558139534899	0.000908430232558217	0.009811046511627891	-0.010719476744185979	0.008357558139534899	6352340
2024-05-15	-0.00036324010170728525	-0.0012713403559753047	0.003450780966218629	-0.011986923356338606	-0.00036324010170728525	4422800
2024-05-14	0.0034627300893020747	-0.0012757426644796844	0.005831966466192825	-0.02095862948788042	0.0034627300893020747	7983484
2024-05-13	-0.008851156069364197	-0.004696531791907478	-0.0030708092485549443	-0.018063583815028903	-0.008851156069364197	5685745
2024-05-10	-0.005568528830608987	-0.004670379019220498	0.0032333393209987376	-0.021016705586491855	-0.005568528830608987	7227568
2024-05-09	0.010895224260032711	0.0	0.011984746686035892	0.0	0.010895224260032711	4973031
2024-05-08	-0.012197309417040354	-0.004484304932735426	0.001076233183856543	-0.014529147982062821	-0.012197309417040354	6337614
2024-05-07	-0.029759832927253756	-0.00017403411068565977	0.003828750435085257	-0.03846153846153848	-0.029759832927253756	11285822
2024-05-06	0.011797851734460322	0.015671773199506966	0.029406585666490608	0.006339144215530893	0.011797851734460322	9033513
2024-04-30	0.014288265761743118	0.020717985354527534	0.0376853009465976	0.006965529558849805	0.014288265761743118	9126502
2024-04-29	-0.04093867762932512	-0.003425830763960309	-0.003425830763960309	-0.04419321685508745	-0.04093867762932512	13618337
2024-04-26	-0.003754266211604076	0.000511945392491487	0.0030716723549488005	-0.009897610921501676	-0.003754266211604076	5426509
2024-04-25	-0.002553191489361678	-0.0011914893617021324	0.006808510638297848	-0.013957446808510644	-0.002553191489361678	4597200
2024-04-24	0.023162661093695545	0.003134796238244509	0.023162661093695545	-0.0015673981191223164	0.023162661093695545	5585070
2024-04-23	0.0005227391531625917	0.0	0.005227391531625669	-0.01899285589824017	0.0005227391531625917	4945863
2024-04-22	0.007195507195507261	0.008248508248508354	0.014742014742014803	-0.0005265005265004218	0.007195507195507261	3851825
2024-04-19	-0.027147003585453362	-0.0037561891753457206	0.00017073587160659057	-0.03397643844971832	-0.027147003585453362	5057615
2024-04-18	0.019317786286112068	-0.0012182387747998657	0.030630003480682177	-0.0019143752175426285	0.019317786286112068	6360964
2024-04-17	-0.0006956521739130287	0.0010434782608696048	0.010782608695652129	-0.01026086956521745	-0.0006956521739130287	4912594
2024-04-16	-0.016925970251325046	-0.001538724568302332	0.005129081894340864	-0.019148572405539487	-0.016925970251325046	5521723
2024-04-15	0.00222755311857441	-0.000514050719671027	0.010109664153529874	-0.008738862234407094	0.00222755311857441	5067444
2024-04-12	0.0051670685497760445	0.006544953496382974	0.017740268687564606	-0.0024112986565621866	0.0051670685497760445	3545009
2024-04-11	-0.002919457324403136	-0.002575991756826354	0.008930104756998165	-0.008586639189421262	-0.002919457324403136	3907296
2024-04-10	0.027890556045895822	-0.002647837599293885	0.03512797881729924	-0.005648720211827013	0.027890556045895822	3825479
2024-04-09	0.008904719501335707	0.0	0.014247551202137209	-0.014603739982190566	0.008904719501335707	2769413
2024-04-08	-0.007950530035335739	0.0	0.007950530035335614	-0.010070671378091877	-0.007950530035335739	2458370
2024-04-03	-0.011871508379888263	0.0	0.0013966480446927076	-0.019203910614525165	-0.011871508379888263	2495831
2024-04-02	0.004912280701754406	-0.000350877192982511	0.00859649122807021	-0.006666666666666711	0.004912280701754406	2652737
2024-04-01	0.029996385977592997	0.0007228044813877691	0.03361040838453197	-0.0005421033610408589	0.029996385977592997	3286016
2024-03-29	0.006181818181818244	-0.0010909090909091322	0.00872727272727267	-0.006727272727272681	0.006181818181818244	1844267
2024-03-28	0.010101010101010048	0.0	0.01671258034894392	0.0	0.010101010101010048	1923406
2024-03-27	-0.004206291148500308	0.0010972933430870935	0.007681053401609394	-0.004206291148500308	-0.004206291148500308	1636919
2024-03-26	-0.005818181818181823	0.0016363636363636983	0.0074545454545453926	-0.007272727272727247	-0.005818181818181823	1727768
2024-03-25	-0.0025389916575988495	-0.0025389916575988495	0.021762785636561532	-0.006528835690968434	-0.0025389916575988495	4656987
2024-03-22	-0.012358946802794157	-0.0021493820526598145	0.001074691026329971	-0.014866559197564003	-0.012358946802794157	2715620
2024-03-21	-0.004280363830925664	-0.0016051364365971717	0.00945247012662745	-0.008204030675940803	-0.004280363830925664	1927800
2024-03-20	0.0030411449016100483	0.0	0.010733452593917735	-0.002862254025044662	0.0030411449016100483	3620979
2024-03-19	-0.018092394168276852	-0.0008782715615667866	-0.0003513086246267895	-0.01949762866678376	-0.018092394168276852	2670452
2024-03-18	0.007967422096317331	0.0010623229461756776	0.019298866855524142	-0.005665722379603405	0.007967422096317331	4321170
2024-03-15	0.009833720722331435	-0.004827462900053694	0.017164312533524063	-0.004827462900053694	0.009833720722331435	3896154
2024-03-14	0.006297229219143602	0.0005397625044980414	0.012054695933789163	-0.000899604174163317	0.006297229219143602	2656972
2024-03-13	-0.00750000000000003	-0.0028571428571427964	0.004464285714285714	-0.017857142857142856	-0.00750000000000003	3022497
2024-03-12	-0.0023160520220916188	0.0035631569570638826	0.0035631569570638826	-0.012114733654017454	-0.0023160520220916188	4050262
2024-03-11	0.0276455510801905	-0.002196997436836277	0.03185646283412673	-0.00512632735261798	0.0276455510801905	4172198
2024-03-08	-0.01283209831917587	-0.0005422013374299863	0.0027110066871498025	-0.020603650822338705	-0.01283209831917587	4130806
2024-03-07	0.005086285195277042	0.0	0.01344232515894645	-0.0012715712988192606	0.005086285195277042	2899900
2024-03-06	0.006950795683189966	0.0	0.01481616974574712	-0.0029266508139748253	0.006950795683189966	3338191
2024-03-05	0.0066286135150064335	-0.00036825630638930446	0.01491438040876441	-0.003866691217087108	0.0066286135150064335	6384274
2024-03-04	-0.026876903780684466	-0.00304604909514427	-0.00304604909514427	-0.030460490951442442	-0.026876903780684466	7350872
2024-03-01	-0.02719191214920682	-0.006100749520655296	0.000522921387484768	-0.048980303294404656	-0.02719191214920682	11985380
2024-02-29	0.008969398522687267	-0.004396763981709462	0.011255715793176232	-0.005276116778051304	0.008969398522687267	3773091
2024-02-28	-0.004551820728291282	0.0	0.010504201680672294	-0.004551820728291282	-0.004551820728291282	3318198
2024-02-27	0.009900990099009814	-0.006364922206506355	0.014851485148514785	-0.006364922206506355	0.009900990099009814	4970608
2024-02-26	0.0	0.0005304101838755505	0.01272984441301271	-0.00530410183875538	0.0	4152203
2024-02-23	-0.01600556715379253	-0.003131524008350726	-0.00034794711203890087	-0.025574112734864284	-0.01600556715379253	5978285
2024-02-22	0.0020920502092049765	-0.0027894002789399684	0.005230125523012503	-0.009937238493723854	0.0020920502092049765	3769095
2024-02-21	0.0010471204188482073	-0.006631762652704982	0.012390924956369998	-0.014834205933682275	0.0010471204188482073	5188803
2024-02-20	0.028356066044508226	-0.003409906676238294	0.03320172290021539	-0.006819813352476588	0.028356066044508226	7839577
2024-02-19	0.009786154403769466	0.014860456687205514	0.0237404856832186	0.0007249003262051314	0.009786154403769466	8264397
2024-02-08	0.0220411187256899	-0.0005556584552695153	0.03685867753287636	-0.005556584552695022	0.0220411187256899	7696988
2024-02-07	0.0057749627421758995	-0.00018628912071531317	0.014344262295082025	-0.024217585692995477	0.0057749627421758995	7536521
2024-02-06	0.01801630950123275	-0.00246538972122123	0.01801630950123275	-0.016688791959036515	0.01801630950123275	6466807
2024-02-05	0.015992292870905554	0.0030828516377650037	0.02947976878612719	-0.022928709055876642	0.015992292870905554	6114353
2024-02-02	-0.016672982190223617	0.0032209170140204946	0.013452065176203122	-0.035998484274346314	-0.016672982190223617	4590267
2024-02-01	0.008213944603629411	-0.005539637058261684	0.02769818529130842	-0.01088825214899714	0.008213944603629411	3755569
2024-01-31	-0.017823639774859207	-0.00375234521575977	0.0	-0.027204502814258832	-0.017823639774859207	4746333
2024-01-30	-0.030027297543221212	-0.0036396724294813984	0.0007279344858962537	-0.03439490445859873	-0.030027297543221212	4975103
2024-01-29	0.015148716053944213	0.0003694808793644194	0.03454646222058003	0.0003694808793644194	0.015148716053944213	5723039
2024-01-26	0.020550527903469146	-0.002450980392156911	0.03092006033182505	-0.0032051282051282375	0.020550527903469146	6162449
2024-01-25	-0.012841987716359533	-0.0016750418760468325	0.0	-0.019542155220547128	-0.012841987716359533	5163932
2024-01-24	0.018192154633314264	-0.004737540269092287	0.020466173962478646	-0.01004358537047567	0.018192154633314264	4094240
2024-01-23	0.009372609028309142	0.0024866105585309	0.017597551644988555	-0.014728385615914366	0.009372609028309142	3579610
2024-01-22	-0.038793895936753066	0.0	0.0	-0.04669976098547526	-0.038793895936753066	5806229
2024-01-19	0.00834260289210239	-0.004449388209121151	0.01408972932888404	-0.014089729328883908	0.00834260289210239	4361341
2024-01-18	0.006343283582089483	0.0	0.013246268656716433	-0.026492537313432866	0.006343283582089483	6402424
2024-01-17	-0.011617186059376646	-0.00018439977872022886	0.005900792919048502	-0.01512078185506178	-0.011617186059376646	4613087
2024-01-16	0.01802140041299031	0.0005631687629058387	0.04186221137600895	0.0005631687629058387	0.01802140041299031	7909865
2024-01-15	0.003390469014880386	-0.000753437558862427	0.034846487097381695	-0.008287813147485492	0.003390469014880386	6696849
2024-01-12	0.027283281733746202	-0.0032894736842105595	0.03154024767801863	-0.007933436532507674	0.027283281733746202	5743725
2024-01-11	-0.003278688524590197	-0.0005785920925747567	0.00231436837029889	-0.010607521697203554	-0.003278688524590197	2732589
2024-01-10	-0.005752636625119792	-0.004410354745925156	0.007670182166826435	-0.008628954937679689	-0.005752636625119792	3444920
2024-01-09	0.040295232395770916	0.0011968880909633984	0.046878116896070104	-0.003590664272890479	0.040295232395770916	5606430
2024-01-08	-0.016866052167091576	-0.006667974112571159	0.010786428711512005	-0.02431849382231814	-0.016866052167091576	3528618
2024-01-05	0.005918327086210382	-0.0037482738212664774	0.011442099033340015	-0.00966660090747672	0.005918327086210382	3411000
2024-01-04	-0.006468051744414061	0.0007840062720501596	0.0029400235201881334	-0.009800078400627205	-0.006468051744414061	3102982
2024-01-03	0.014919435050726078	0.0	0.019096876864929255	-0.006564551422319582	0.014919435050726078	3700258
2024-01-02	0.0013944223107569776	-0.0011952191235060214	0.011952191235059646	-0.006772908366533932	0.0013944223107569776	3134566
2023-12-29	-0.011032308904649235	0.00019700551615455311	0.002758077226162344	-0.02324665090622537	-0.011032308904649235	5908887
2023-12-28	0.008944543828264673	-0.002385211687537359	0.014311270125223591	-0.006161796859471323	0.008944543828264673	2919621
2023-12-27	0.0027905122583217175	0.0023918676499899826	0.004385090691648373	-0.008770181383296887	0.0027905122583217175	1616591
2023-12-26	-0.007124480506629714	0.00019790223629523077	0.0013853156540668966	-0.01048881852364934	-0.007124480506629714	2445216
2023-12-25	0.019778002018163553	0.0006054490413723742	0.024217961654894104	-0.005045408678102927	0.019778002018163553	3806969
2023-12-22	0.0010101010101009526	-0.002626262626262678	0.007676767676767729	-0.015151515151515152	0.0010101010101009526	3321434
2023-12-21	0.0022271714922048884	-0.005871633933994719	0.005669163798339768	-0.0076938651548897055	0.0022271714922048884	2446805
2023-12-20	-0.009426393902928177	0.003008423586040886	0.008223024468511907	-0.011231448054552793	-0.009426393902928177	2139003
2023-12-19	-0.009928514694201748	-0.003772835583796619	-0.0013899920571882503	-0.017474185861795128	-0.009928514694201748	2317297
2023-12-18	-0.00572556762092792	-0.003948667324777803	-0.0031589338598222425	-0.02211253701875612	-0.00572556762092792	3055914
2023-12-15	-0.0005919494869771337	0.0029597474348855286	0.007892659826361456	-0.005919494869771057	-0.0005919494869771337	1600819
2023-12-14	-0.010156250000000061	0.0062500000000000056	0.012695312499999972	-0.011328125000000105	-0.010156250000000061	2510800
2023-12-13	-0.016519400691509784	-0.0011525163273146805	0.00461006530925845	-0.016519400691509784	-0.016519400691509784	2223700
2023-12-12	0.005019305019305118	-0.0057915057915057366	0.0106177606177607	-0.0057915057915057366	0.005019305019305118	2033900
2023-12-11	0.012311901504787873	-0.005667383232362696	0.016220441665038075	-0.021887824897400907	0.012311901504787873	3734426
2023-12-08	0.0060951631930790855	0.0	0.023397561934722724	0.0	0.0060951631930790855	4514786
2023-12-07	-0.005863956215793533	0.0	0.011923377638780425	-0.01290070367474583	-0.005863956215793533	2023100
2023-12-06	0.004910626595953644	-0.0001964250638381067	0.011196228638774314	-0.006482027106658777	0.004910626595953644	1815662
2023-12-05	-0.01699169723884925	-0.0028963120293492677	-0.001737787217609506	-0.017184784707472495	-0.01699169723884925	1956047
2023-12-04	0.011721039265481568	0.0021488571986716045	0.020316468060167986	-0.0035163117796444565	0.011721039265481568	3456390
2023-12-01	-0.035424910495571935	0.0003768607499529513	0.003014885999623075	-0.03919351799510078	-0.035424910495571935	4147772
2023-11-30	0.0032136105860113744	-0.0013232514177693815	0.014177693761814745	-0.004536862003780756	0.0032136105860113744	2443530
2023-11-29	-0.00843486410496725	-0.0011246485473290022	0.0016869728209933702	-0.010309278350515544	-0.00843486410496725	1802888
2023-11-28	-0.016589861751152048	-0.00018433179723498637	0.0	-0.021198156682027625	-0.016589861751152048	2345438
2023-11-27	0.01858805858054829	0.0015020653398423846	0.0212166729252723	-0.008449117536612764	0.01858805858054829	2758547
2023-11-24	0.0013160368490317783	-0.004512126339537411	0.002444068433916198	-0.009024252679074956	0.0013160368490317783	1586895
2023-11-23	0.0016949152542372185	0.0015065913370997796	0.006026365348399252	-0.007721280602636604	0.0016949152542372185	1865575
2023-11-22	-0.020114412253183177	-0.003321646060158696	0.0031371101679276937	-0.02177523528326259	-0.020114412253183177	3035506
2023-11-21	-0.0036771465342894435	-0.0038610038610038767	0.0110314396028682	-0.0056995771281485984	-0.0036771465342894435	3589822
2023-11-20	0.023715415019762806	-0.000941087897609717	0.043478260869565126	-0.000941087897609717	0.023715415019762806	4717752
2023-11-17	0.0018857250612860912	0.00207429756741466	0.014142937959645484	-0.002262870073543363	0.0018857250612860912	2884958
2023-11-16	0.004356060606060682	0.004924242424242521	0.01231060606060617	-0.0026515151515151625	0.004356060606060682	2150296
2023-11-15	0.003993154592127662	0.009507510933637574	0.018254420992584022	0.0005704506560181409	0.003993154592127662	2121775
2023-11-14	-0.006048006048005919	-0.002457002457002371	0.001512001512001614	-0.010395010395010342	-0.006048006048005919	1254425
2023-11-13	-0.0060116475671613805	-0.004133007702423424	0.007514559458951826	-0.01578057486379854	-0.0060116475671613805	1644217
2023-11-10	-0.00337015540161018	-0.00018723085564497307	0.0007489234225801583	-0.012170005616925644	-0.00337015540161018	1265199
2023-11-09	-0.00018719580681402314	0.0020591538749531904	0.012729314863347056	-0.0059902658180456805	-0.00018719580681402314	2472600
2023-11-08	-0.002427637721755284	0.008403361344537869	0.008403361344537869	-0.009150326797385526	-0.002427637721755284	2268900
2023-11-07	-0.005571030640668603	0.0020427112349117814	0.0020427112349117814	-0.014856081708449475	-0.005571030640668603	2858541
2023-11-06	0.004102181614767832	0.01156069364161845	0.01156069364161845	-0.012865933246317449	0.004102181614767832	4011594
2023-11-03	-0.0011175265412552648	0.00037250884708517654	0.012292791953808972	-0.0024213075060531843	-0.0011175265412552648	2906500
2023-11-02	-0.014862385321100959	0.0	0.005504587155963251	-0.018165137614678934	-0.014862385321100959	2780332
2023-11-01	-0.0045662100456621	0.004200913242009076	0.012602739726027356	-0.006575342465753415	-0.0045662100456621	4090470
2023-10-31	0.0349716446124764	0.028733459357277943	0.05009451795841207	0.015122873345935808	0.0349716446124764	8055130
2023-10-30	0.02898268819295861	0.0	0.03404007002528691	0.0	0.02898268819295861	3465163
2023-10-27	0.01580715273661326	0.0007903576368306491	0.020549298557597295	-0.006125271685437706	0.01580715273661326	4531281
2023-10-26	0.02263083451202258	-0.0048494645382906034	0.02545968882602542	-0.007880379874722176	0.02263083451202258	2784156
2023-10-25	0.02868426522552489	0.011224277696944484	0.03429640407399706	0.004364996882145102	0.02868426522552489	3689362
2023-10-24	0.014336917562724009	0.005903436643474618	0.015180265654648932	-0.010752688172042968	0.014336917562724009	3481041
2023-10-23	-0.026277971669061817	-0.0002052966536645044	-0.0002052966536645044	-0.0344898378156436	-0.026277971669061817	3570246
2023-10-20	-0.010964467005076126	-0.005076142131979695	0.005482233502538135	-0.014416243654822353	-0.010964467005076126	2246139
2023-10-19	-0.002834581899169884	-0.007896335290544657	0.0076938651548897055	-0.02551123709252881	-0.002834581899169884	2831275
2023-10-18	-0.021398850802456872	-0.0009906875371507263	-0.0009906875371507263	-0.021398850802456872	-0.021398850802456872	2298332
2023-10-17	-0.007668108533228481	-0.001179709005112117	0.0025560361777428736	-0.011600471883601972	-0.007668108533228481	1673667
2023-10-16	-0.006834602616676458	-0.003124389767623583	-0.001171646162858861	-0.013864479593829346	-0.006834602616676458	2666687
2023-10-13	-0.019341248563768634	-0.005361930294906188	-0.005361930294906188	-0.020490233626962857	-0.019341248563768634	3428346
2023-10-12	0.0023032629558540777	0.0021113243761996052	0.01535508637236079	-0.004990403071017236	0.0023032629558540777	2652159
2023-10-11	-0.01901713424967046	-0.0020711730370928157	0.002636038410845426	-0.022406326492185987	-0.01901713424967046	3479768
2023-10-10	0.005490344566452085	0.0005679666792881699	0.016660355925785734	-0.001893222264293855	0.005490344566452085	3209263
2023-10-09	-0.03454578687625664	-0.0001827819411441786	-0.0001827819411441786	-0.03984646316943885	-0.03454578687625664	5762225
2023-09-28	-0.0007305936073059205	0.0005479452054794728	0.0043835616438356526	-0.016986301369863007	-0.0007305936073059205	2363180
2023-09-27	-0.008331823944937526	-0.0019923926824850467	0.006701684477449691	-0.011954356094910409	-0.008331823944937526	2058146
2023-09-26	-0.005941663665826401	0.0	0.005401512423478651	-0.008282319049333828	-0.005941663665826401	1225191
2023-09-25	-0.010334996436208095	0.0005345687811831992	0.005523877405559556	-0.014789736279401253	-0.010334996436208095	3098918
2023-09-22	-0.008480565371024805	0.000530035335689066	0.000530035335689066	-0.016254416961130773	-0.008480565371024805	3231322
2023-09-21	-0.001763668430335122	0.00529100529100524	0.010229276895943532	-0.006172839506172864	-0.001763668430335122	2150621
2023-09-20	0.0012360939431396835	0.001059509094119639	0.0077697333568779395	-0.011124845488257153	0.0012360939431396835	1789777
2023-09-19	0.011069451883592298	0.006248884127834341	0.0208891269416176	-0.0003570790930190327	0.011069451883592298	3221166
2023-09-18	-0.013908450704225337	-0.010563380281690042	-0.0035211267605633053	-0.019014084507042225	-0.013908450704225337	3907212
2023-09-15	0.01700984780662481	0.0026857654431512727	0.01700984780662481	-0.005908683974932825	0.01700984780662481	4894372
2023-09-14	0.004315770544866067	0.0019780614997302543	0.0124078403164898	-0.006473655817299037	0.004315770544866067	3444104
2023-09-13	-0.005365766410302221	-0.0026828832051511106	0.001430871042747369	-0.02146306564120901	-0.005365766410302221	3627660
2023-09-12	0.010665220535068624	-0.0021691973969630773	0.016630513376717313	-0.004519161243673174	0.010665220535068624	3714124
2023-09-11	0.023875624652970554	0.0005552470849528251	0.026836942439385447	0.0005552470849528251	0.023875624652970554	4142610
2023-09-08	-0.004055299539170486	0.0	0.0014746543778801529	-0.015668202764976984	-0.004055299539170486	2833703
2023-09-07	-0.0051347881899871835	-0.00018338529249950505	0.0003667705849990101	-0.015220979277461915	-0.0051347881899871835	4577600
2023-09-06	-0.025031289111389212	-0.0037546933667084005	0.003397103522259927	-0.029143572322546087	-0.025031289111389212	5499262
2023-09-05	-0.0024968789013732934	-0.0012484394506866467	0.00392366684501514	-0.011057606563224496	-0.0024968789013732934	5337306
2023-09-04	-0.04626637183194419	0.00782445994216705	0.00782445994216705	-0.047116856608266644	-0.04626637183194419	8703573
2023-09-01	0.003413551800648502	0.009216589861751136	0.012118108892302333	0.0001706775900323948	0.003413551800648502	2422556
2023-08-31	0.025735294117647165	0.006652661064425815	0.03536414565826336	-0.012605042016806704	0.025735294117647165	4889919
2023-08-30	-0.0005249343832021197	-0.004549431321084829	0.007699037620297547	-0.004899387576552951	-0.0005249343832021197	2025466
2023-08-29	0.012938674228996755	0.000886210563629868	0.02233250620347391	-0.004076568592697696	0.012938674228996755	4235077
2023-08-28	0.0037359900373599153	0.033801814623732405	0.03735990037359903	-0.005515032912293227	0.0037359900373599153	4538415
2023-08-25	-0.016447944006999084	-0.00962379702537178	-0.0017497812773403574	-0.025371828521434745	-0.016447944006999084	2652608
2023-08-24	0.011504424778761038	0.0019469026548672465	0.017345132743362777	-0.004778761061946958	0.011504424778761038	2506795
2023-08-23	-0.008771929824561403	-0.000350877192982511	0.001929824561403499	-0.019824561403508818	-0.008771929824561403	2693348
2023-08-22	-0.00886802295252996	0.005042601286732728	0.008520257346548462	-0.02538688923665451	-0.00886802295252996	3277563
2023-08-21	-0.03165516080148177	-0.005556490991749424	-0.0011786496043104948	-0.03165516080148177	-0.03165516080148177	3415517
2023-08-18	-0.0023517554174365962	0.00403158071560561	0.01360658491516886	-0.0047035108348731924	-0.0023517554174365962	2893100
2023-08-17	-0.003515232674924688	-0.0015065282892534886	0.003347840642785332	-0.012721794442584618	-0.003515232674924688	2539567
2023-08-16	-0.0013373453694416298	-0.0006686726847208149	0.0031761952524239005	-0.008024072216649898	-0.0013373453694416298	2306211
2023-08-15	-0.006312292358804029	-0.00033222591362131436	0.008637873754152757	-0.015282392026578101	-0.006312292358804029	2899788
2023-08-14	-0.014891179839633392	-0.0018000327278677702	0.007527409589265273	-0.02274586810669286	-0.014891179839633392	3316674
2023-08-11	-0.004723127035830605	0.0016286644951140298	0.01596091205211733	-0.009120521172638358	-0.004723127035830605	4931178
2023-08-10	0.06486298994103368	0.00901838362816516	0.0679847381200139	-0.0010405827263266592	0.06486298994103368	9382006
2023-08-09	-0.008426483233018091	0.008598452278589854	0.008598452278589854	-0.014445399828030892	-0.008426483233018091	3549900
2023-08-08	0.005533460141794921	-0.0022479681826041062	0.009683555248141143	-0.005706380771225978	0.005533460141794921	2255721
2023-08-07	-0.005503009458297512	0.0008598452278590587	0.0032674118658642276	-0.010146173688735964	-0.005503009458297512	2779805
2023-08-04	-0.012398097826087024	0.0047554347826085945	0.007982336956521719	-0.014945652173913086	-0.012398097826087024	5461730
2023-08-03	-0.013900519176017388	-0.0035169988276670715	0.0020097136158097042	-0.02126946910065321	-0.013900519176017388	4279722
2023-08-02	-0.030681818181818192	0.0	0.0	-0.0368506493506494	-0.030681818181818192	5583862
2023-08-01	0.0073589533932952225	0.0	0.009975470155355673	-0.008013082583810335	0.0073589533932952225	3241051
2023-07-31	-0.003909431503502232	-0.0013031438345007052	0.028669164359016095	-0.00977357875875552	-0.003909431503502232	4884283
2023-07-28	0.012034289482360766	-0.0051104516979887105	0.020276953511374943	-0.01055060995713804	0.012034289482360766	2708200
2023-07-27	-0.002466699555994173	0.0031244861042591305	0.006413418845584617	-0.009044565038645029	-0.002466699555994173	1989039
2023-07-26	-0.0052347456240798345	0.0019630296090298945	0.010469491248159669	-0.021593325699329303	-0.0052347456240798345	3173937
2023-07-25	-0.008595523840415084	0.01929938371715869	0.021083360363282587	-0.012001297437560735	-0.008595523840415084	4780256
2023-07-24	0.02442266157168963	0.0	0.03804618707426482	-0.002159827213822819	0.02442266157168963	4053767
2023-07-21	-0.0052883820856056895	0.0028094529829780484	0.011072549991736931	-0.007436787307882924	-0.0052883820856056895	1700287
2023-07-20	-0.00016523463317919888	0.002643754130865773	0.009253139458030323	-0.003635161929940614	-0.00016523463317919888	1951730
2023-07-19	-0.01062612391695273	0.0029426189308484505	0.007029589668137971	-0.017982671244073916	-0.01062612391695273	2095622
2023-07-18	0.006251028129626626	0.003454515545319968	0.012502056259253134	-0.003454515545319968	0.006251028129626626	1869380
2023-07-17	-0.006049705689993418	0.013243950294310044	0.013243950294310044	-0.016350555918901243	-0.006049705689993418	3862163
2023-07-14	0.0	0.0032701111837802953	0.005559189012426478	-0.009156311314584617	0.0	2439201
2023-07-13	-0.011315874555447832	0.006304558680892347	0.007112835434852857	-0.01568056902683477	-0.011315874555447832	3104861
2023-07-12	-0.01653418124006358	0.0004769475357710833	0.0019077901430843331	-0.025437201907790166	-0.01653418124006358	3665773
2023-07-11	-0.0026954177897574394	0.0036467417155540967	0.0057079435547803935	-0.007452037418741063	-0.0026954177897574394	2335827
2023-07-10	0.00047588832487311446	0.0015862944162436774	0.01998730964467002	-0.006027918781725929	0.00047588832487311446	4348268
2023-07-07	0.015954875100725255	-0.0035455278001611423	0.028203062046736505	-0.0035455278001611423	0.015954875100725255	3516132
2023-07-06	0.0042078006149862115	-0.0003236769703834928	0.023142903382424335	-0.0071208933484382215	0.0042078006149862115	5458241
2023-07-05	-0.0014544279250162154	-0.001292824822236674	0.006787330316741994	-0.008726567550096948	-0.0014544279250162154	4675714
2023-07-04	0.014426229508196763	-0.0001639344262294756	0.019180327868852487	-0.009672131147541039	0.014426229508196763	4753028
2023-07-03	0.061423351313728926	-0.002958065077431733	0.07360361927962422	-0.002958065077431733	0.061423351313728926	6348520
2023-06-30	0.010017574692442887	0.002460456942003525	0.010544815465729374	-0.004217926186291775	0.010017574692442887	1888967
2023-06-29	-0.025518068162356602	-0.0015413598218873678	-0.0015413598218873678	-0.029628361020722794	-0.025518068162356602	3631554
2023-06-28	0.0013719773623734916	0.004287429257417252	0.015263248156405429	-0.00445892642771403	0.0013719773623734916	2265923
2023-06-27	0.009172724125995173	0.0034614053305641354	0.0186915887850467	0.0010384215991693022	0.009172724125995173	2312716
2023-06-26	-0.02939694271795733	-0.01360658491516886	-0.01360658491516886	-0.03410045355283053	-0.02939694271795733	3557062
2023-06-21	0.004895340985820377	-0.0013504388926401992	0.01789331532748135	-0.0023632680621201987	0.004895340985820377	3722888
2023-06-20	-0.01217275304318821	-0.0020010005002500824	-0.0020010005002500824	-0.022844755711188887	-0.01217275304318821	3277068
2023-06-19	0.017302798982188228	0.00016963528413906719	0.026123833757421527	-0.005937234944868556	0.017302798982188228	4883027
2023-06-16	0.03023418385180014	0.0015728766165676933	0.032506116742397756	-0.0031457532331352627	0.03023418385180014	6066497
2023-06-15	0.009527170077628778	-0.0031757233592095927	0.009880028228652122	-0.010938602681721903	0.009527170077628778	2164934
2023-06-14	-0.004041468986118378	0.00509576524336683	0.014760147601476075	-0.008082937972236756	-0.004041468986118378	2424445
2023-06-13	0.0019366197183098492	-0.0012323943661971882	0.007042253521126861	-0.0044014084507042256	0.0019366197183098492	1737706
2023-06-12	0.02693907069246058	-0.0012655939251491643	0.0347134333755197	-0.005062375700596657	0.02693907069246058	4655187
2023-06-09	0.011706603255899041	0.00018291567587338595	0.023413206511798082	0.00018291567587338595	0.011706603255899041	3773434
2023-06-08	0.03777524677296891	0.002847380410022752	0.04347000759301441	-0.0015186028853454497	0.03777524677296891	5765713
2023-06-07	-0.01514301738642741	0.0018695083193120475	0.013834361562908858	-0.023929706487193888	-0.01514301738642741	5904409
2023-06-06	-0.0031680954155794746	0.0003727171077153024	0.004099888184867797	-0.030003727171077143	-0.0031680954155794746	6206464
2023-06-05	-0.017575979494690606	-0.004027828634199906	0.006407909190772637	-0.02435005492493589	-0.017575979494690606	7032918
2023-06-02	0.0073773515308004165	0.0020287716709701115	0.01770564367392108	-0.010881593507930585	0.0073773515308004165	4023724
2023-06-01	-0.06193771626297575	-0.01920415224913494	-0.017820069204152147	-0.06366782006920416	-0.06193771626297575	6858928
2023-05-31	0.027372911482403114	-0.009953785993601052	0.027372911482403114	-0.013508709562744366	0.027372911482403114	8287836
2023-05-30	0.0019590382902938456	-0.001068566340160199	0.01104185218165636	-0.009439002671415871	0.0019590382902938456	1897109
2023-05-29	-0.0035492457852706804	-0.0001774622892634962	0.0035492457852705542	-0.02307009760425917	-0.0035492457852706804	2556784
2023-05-26	0.02342898656011622	0.009444242644387868	0.029059208136578175	-0.006901561932437387	0.02342898656011622	3350078
2023-05-25	0.00309710329750413	0.009291309892512261	0.011295317908544315	-0.0043723811258881765	0.00309710329750413	3078306
2023-05-24	-0.027118043247075525	-0.0012406947890818908	-0.0012406947890818908	-0.02995391705069133	-0.027118043247075525	3935755
2023-05-23	-0.04014971078598162	-0.008166042871725144	0.0020415107179312256	-0.04014971078598162	-0.04014971078598162	2920609
2023-05-22	0.014848066298342531	-0.0012085635359116071	0.0322859116022099	-0.0072513812154696424	0.014848066298342531	2731970
2023-05-19	0.02350238558049122	-0.008305354302880473	0.02774341756494068	-0.010425870295105203	0.02350238558049122	2298382
2023-05-18	0.0012384996461429632	-0.0035385704175513594	0.014685067232837903	-0.007254069355980249	0.0012384996461429632	2238991
2023-05-17	-0.014472537053182185	-0.00453356582388837	0.013600697471665233	-0.02144725370531829	-0.014472537053182185	3728727
2023-05-16	-0.010012083549110967	-0.0015535991714137115	0.011047816330053523	-0.01501812532366645	-0.010012083549110967	2827044
2023-05-15	0.005554591216802644	-0.001735809755250849	0.008505467800729074	-0.010762020482555068	0.005554591216802644	2142696
2023-05-12	-0.016222677595628465	-0.0018784153005464382	0.00905054644808745	-0.01775956284153004	-0.016222677595628465	2369416
2023-05-11	0.012273120138288691	0.005704407951598933	0.01711322385479692	-0.003111495246326702	0.012273120138288691	2318964
2023-05-10	-0.006013745704467378	-0.00841924398625433	0.0034364261168384146	-0.031615120274914144	-0.006013745704467378	4586260
2023-05-09	-0.0034246575342465023	0.0032534246575343295	0.014726027397260264	-0.0034246575342465023	-0.0034246575342465023	4034272
2023-05-08	-0.03884134298880842	0.003291639236339744	0.00394996708360767	-0.04081632653061219	-0.03884134298880842	5593701
2023-05-05	0.025485232067510515	0.0038818565400843353	0.0379746835443038	-0.011645569620253126	0.025485232067510515	4888434
2023-05-04	-0.05032857829780414	-0.00625100176310307	0.012662285622695932	-0.05577816957845815	-0.05032857829780414	11838042
2023-04-28	0.026826859776168575	0.028637261356155398	0.044272547728769006	-0.03094140882159308	0.026826859776168575	11742635
2023-04-27	0.013004334778259439	0.01467155718572862	0.03001000333444489	-0.004834944981660539	0.013004334778259439	4293170
2023-04-26	0.011979078791968849	0.007761093301838936	0.02058376919183396	-0.0023620718744727614	0.011979078791968849	2861593
2023-04-25	-0.013810316139767026	0.004658901830282881	0.03261231281198005	-0.019966722129783742	-0.013810316139767026	4107860
2023-04-24	-0.016527573228604125	0.0	0.010145639011618352	-0.024709540173457667	-0.016527573228604125	5226453
2023-04-21	-0.024892292963140293	0.0	0.0012765278442635757	-0.028243178554332265	-0.024892292963140293	3748905
2023-04-20	-0.005080171455786637	0.0042863946658199086	0.00968407683759326	-0.010001587553579973	-0.005080171455786637	2326130
2023-04-19	-0.020373250388802413	0.005132192846034189	0.005132192846034189	-0.029393468118195966	-0.020373250388802413	4103844
2023-04-18	0.008785691873234941	0.00015688735487916553	0.01615939755255717	-0.008628804518355886	0.008785691873234941	5400148
2023-04-17	0.02806451612903229	0.004032258064516129	0.04258064516129033	0.00016129032258061307	0.02806451612903229	4827062
2023-04-14	-0.014308426073131934	0.0014308426073132497	0.00476947535771072	-0.016057233704292496	-0.014308426073131934	2931404
2023-04-13	-0.0004767201652630087	0.0	0.007150802478944905	-0.017956459558239355	-0.0004767201652630087	3966812
2023-04-12	-0.010690143059267406	-0.00015720798616566595	0.008489231252947748	-0.011633390976261626	-0.010690143059267406	3648500
2023-04-11	-0.011499611499611422	-0.000932400932400747	0.0031080031080031522	-0.025485625485625385	-0.011499611499611422	5622959
2023-04-10	-0.006484483557202435	0.0020071020534199423	0.010961865060985147	-0.027327466419638662	-0.006484483557202435	3687180
2023-04-07	0.011557082617522956	0.0029673590504450684	0.028580352959550182	-0.005622364516632819	0.011557082617522956	3126452
2023-04-06	-0.007132888819971993	-0.002946193208249306	0.002636067607381016	-0.01876259885253518	-0.007132888819971993	4507179
2023-04-04	0.009707217786128033	0.003914200720213044	0.024111476436511653	-0.013151714419915396	0.009707217786128033	4303819
2023-04-03	0.020939897698209642	0.0019181585677748951	0.024616368286444885	-0.008951406649616404	0.020939897698209642	4933987
2023-03-31	-0.007614213197969494	-0.008565989847715722	0.004600253807106586	-0.016814720812182778	-0.007614213197969494	4401025
2023-03-30	0.050141595868732264	-0.0004997501249375502	0.05247376311844076	-0.004997501249375383	0.050141595868732264	7382743
2023-03-29	0.03321858864027538	-0.0006884681583476617	0.037349397590361474	-0.004991394148020639	0.03321858864027538	5743079
2023-03-28	0.0078057241977450625	-0.0008673026886382855	0.012142237640936736	-0.008499566348655715	0.0078057241977450625	3581048
2023-03-27	0.02035398230088493	0.0017699115044248039	0.02654867256637168	-0.021061946902654827	0.02035398230088493	7091225
2023-03-24	-0.002647837599293885	-0.001941747572815524	0.010414827890556106	-0.013945278022947911	-0.002647837599293885	5035005
2023-03-23	-0.012894232444676808	-0.006795608991113445	-0.0041819132253006095	-0.021432305279665515	-0.012894232444676808	4962355
2023-03-22	-0.005200208008320284	0.003640145605824248	0.010227075749696715	-0.008146992546368501	-0.005200208008320284	2949789
2023-03-21	0.0055778281331706515	-0.00017430712916154803	0.010109813491371892	-0.009586892103887	0.0055778281331706515	3422892
2023-03-20	-0.013752793536187111	0.0048134777376654826	0.006016847172081854	-0.014612343132198752	-0.013752793536187111	4834228
2023-03-17	0.0022398345968298165	0.0013783597518952154	0.018263266712612032	-0.0062026188835285915	0.0022398345968298165	4455861
2023-03-16	-0.015770730880108524	-0.0028828217737833085	0.006274376801763686	-0.02187552993047311	-0.015770730880108524	4879049
2023-03-15	-0.04764211886304914	0.0006459948320413299	0.0006459948320413299	-0.050387596899224875	-0.04764211886304914	6482959
2023-03-14	-0.009913655260633154	0.0023984649824112343	0.013751199232491197	-0.011352734250079963	-0.009913655260633154	4345599
2023-03-13	0.014765536264806044	0.003245172805451821	0.020282330034074314	-0.0050300178484504665	0.014765536264806044	5197110
2023-03-10	-0.008366854384553436	0.0	0.003378921962992773	-0.014481094127111804	-0.008366854384553436	2029156
2023-03-09	0.001450209474701842	-0.0009668063164679708	0.019658395101514643	-0.0033838221076377835	0.001450209474701842	3593689
2023-03-08	0.01787764474331644	-0.0001640150893881911	0.019189765458422204	-0.01033295063145802	0.01787764474331644	2697787
2023-03-07	-0.014227970897332297	0.0016168148746968701	0.002748585286984668	-0.016976556184316965	-0.014227970897332297	2967449
2023-03-06	-0.016693163751987237	0.0003179650238474265	0.01589825119236884	-0.022257551669316353	-0.016693163751987237	4224701
2023-03-03	0.001114117459812196	0.003978990927900684	0.01671176189718294	-0.0042973102021326755	0.001114117459812196	2051229
2023-03-02	0.005119180931051037	-0.002079667253239409	0.01743721004639263	-0.004639257718764984	0.005119180931051037	2709488
2023-03-01	0.013292267790565738	0.0	0.019776300859134364	-0.013454368617279921	0.013292267790565738	3982096
2023-02-28	0.001786294251380309	-0.003734978889249706	0.004871711594673664	-0.0073075673920103236	0.001786294251380309	2308749
2023-02-27	0.01785123966942146	-0.0003305785123967459	0.023636363636363632	-0.010578512396694224	0.01785123966942146	3153734
2023-02-24	-0.01944894651539713	0.00016207455429494345	0.0038897893030793336	-0.02025931928687196	-0.01944894651539713	3272493
2023-02-23	-0.012483994878360981	0.0	0.006402048655569874	-0.015685019206145918	-0.012483994878360981	2955106
2023-02-22	-0.006361323155216375	-0.0027035623409669483	0.0038167938931296893	-0.010655216284987303	-0.006361323155216375	2219969
2023-02-21	-0.012562814070351714	-0.002041457286432201	-0.002041457286432201	-0.021984924623115555	-0.012562814070351714	2985122
2023-02-20	-0.0003139717425432202	0.002354788069073761	0.024332810047095716	-0.009419152276295155	-0.0003139717425432202	3411473
2023-02-17	-0.018338727076591118	0.0029280320542456116	0.011712128216982665	-0.021420866081060263	-0.018338727076591118	3232012
2023-02-16	0.0029366306027820356	0.0030911901081916975	0.028593508500772708	-0.0012364760432766351	0.0029366306027820356	3264054
2023-02-15	-0.010400734169470674	0.0009177118384827513	0.004282655246252694	-0.019883756500458812	-0.010400734169470674	4016960
2023-02-14	-0.0009168704156479566	0.00855745721271397	0.00855745721271397	-0.017267726161369124	-0.0009168704156479566	4044815
2023-02-13	0.016938616938616993	-0.0021756021756021847	0.029992229992230102	-0.01010101010100997	0.016938616938616993	6685955
2023-02-10	0.011792452830188567	-0.001257861635220099	0.01729559748427675	-0.01367924528301894	0.011792452830188567	4335055
2023-02-09	0.026634382566585933	-0.0006456820016143059	0.04745762711864403	-0.010653753026634441	0.026634382566585933	5818259
2023-02-08	0.03061054732989525	0.010480785227083723	0.04957577774080858	0.0036599567459657104	0.03061054732989525	7069571
2023-02-07	-0.002323651452282167	0.0028215767634855054	0.005809128630705418	-0.014273858921161816	-0.002323651452282167	2132918
2023-02-06	0.005171838505171876	-0.006339673006339598	0.022522522522522546	-0.007007007007006918	0.005171838505171876	3314375
2023-02-03	-0.005145228215767673	0.002323651452282167	0.004149377593360996	-0.023236514522821553	-0.005145228215767673	4532675
2023-02-02	0.004334055675945958	0.0010001666944489942	0.007834639106517733	-0.0075012502083681085	0.004334055675945958	4998925
2023-02-01	-0.003653878093339958	0.0	0.007639926922438148	-0.018435475834578965	-0.003653878093339958	4053309
2023-01-31	-0.014082200753233985	-0.001146225642705097	0.02325200589487476	-0.01883084984444078	-0.014082200753233985	5387053
2023-01-30	-0.036142676767676754	0.00773358585858589	0.008364898989899007	-0.04419191919191915	-0.036142676767676754	6898458
2023-01-20	0.01603592046183451	0.00304682488774852	0.01940346375881977	-0.0008017960230916798	0.01603592046183451	4224443
2023-01-19	0.012173348482389223	0.00211004707028084	0.02110047070280794	-0.013147216360980398	0.012173348482389223	3845775
2023-01-18	-0.004684975767366707	-0.003069466882067815	0.017285945072697904	-0.008077544426494346	-0.004684975767366707	2535938
2023-01-17	0.0009702457956014742	0.0025873221216040844	0.007600258732212142	-0.00420439844760681	0.0009702457956014742	2832207
2023-01-16	-0.028894472361808986	0.0036118090452260817	0.020728643216080405	-0.03250628140703518	-0.028894472361808986	8376922
2023-01-13	0.01839117223732606	-0.000959539421077919	0.022869022869022863	-0.007516392131776729	0.01839117223732606	3436950
2023-01-12	0.014438676184295922	0.005353666450356884	0.02530824140168725	-0.0016223231667748445	0.014438676184295922	4192681
2023-01-11	-0.018627607068938092	0.0001592103168284988	0.00971182932654035	-0.021493392771851638	-0.018627607068938092	5099267
2023-01-10	0.0001592356687898904	0.0	0.018471337579617893	-0.009394904458598669	0.0001592356687898904	3062078
2023-01-09	0.010458567980691853	0.009814963797264674	0.0236524537409493	-0.006275140788415134	0.010458567980691853	3935022
2023-01-06	-0.020025228634500205	-0.0053610848312835606	-0.001261431725007857	-0.023967202775149844	-0.020025228634500205	5593660
2023-01-05	0.0037986704653371634	0.009813232035454218	0.033554922443811294	-0.0028490028490028444	0.0037986704653371634	4769380
2023-01-04	0.01853941641141381	0.001450910849588849	0.025793970659358397	-0.0014509108495889636	0.01853941641141381	3899132
2023-01-03	-0.03455252918287936	-0.0004669260700389282	0.010272373540855978	-0.03470817120622563	-0.03455252918287936	5936373
2022-12-30	0.016774806140212095	0.0017407817692672801	0.028010761196391773	-0.010286437727488504	0.016774806140212095	3212546
2022-12-29	-0.012964698531708814	-0.0003124023742579822	0.0037488284910966747	-0.01905654482974069	-0.012964698531708814	4847071
2022-12-28	-0.012037037037037054	-0.014197530864197448	0.00771604938271605	-0.01697530864197522	-0.012037037037037054	3926972
2022-12-27	-0.006439742410303614	0.011652867218644666	0.015026065624041766	-0.04507819687212508	-0.006439742410303614	5125883
2022-12-26	0.003847929813760197	-0.0003078343851007545	0.031245190087732817	-0.010312451900877354	0.003847929813760197	4511875
2022-12-23	-0.016649008627213475	-0.004086574844861451	0.018616618737702498	-0.02951415165733296	-0.016649008627213475	5295161
2022-12-22	0.022280674609314526	0.009902522048584259	0.03821754603125482	0.0010830883490640167	0.022280674609314526	4402018
2022-12-21	0.01539670070699131	0.003299293008641019	0.03927729772191684	0.0031421838177533835	0.01539670070699131	4236100
2022-12-20	-0.023323615160349902	0.012735921436243644	0.012735921436243644	-0.03160963633573734	-0.023323615160349902	5181011
2022-12-19	-0.02425512801317569	0.0025452912112589833	0.010630333882317617	-0.03234017068423432	-0.02425512801317569	4894795
2022-12-16	0.0128905065210799	-0.0012132241431604231	0.025781013042159583	-0.009250834091598414	0.0128905065210799	2933842
2022-12-15	-0.0009090909090909436	0.014242424242424208	0.01484848484848491	-0.014999999999999923	-0.0009090909090909436	4888502
2022-12-14	0.015384615384615385	-0.003384615384615367	0.026153846153846198	-0.011692307692307771	0.015384615384615385	6336151
2022-12-13	0.010886469673405955	-0.0004665629860031281	0.03856920684292386	-0.020062208398133736	0.010886469673405955	7194526
2022-12-12	0.0846828609986504	0.008434547908232119	0.09986504723346831	0.0	0.0846828609986504	13507847
2022-12-09	0.003725025397900421	0.0020318320352183785	0.022519471723670813	-0.012698950220115137	0.003725025397900421	7548354
2022-12-08	0.0051055139550715495	0.0020422055820286684	0.013955071477195376	-0.015316541865214408	0.0051055139550715495	5952590
2022-12-07	0.018723994452149763	0.0038141470180304937	0.04022191400832178	0.00034674063800282814	0.018723994452149763	7131632
2022-12-06	0.010157618213660215	-0.019264448336252214	0.041155866900175156	-0.021015761821366073	0.010157618213660215	7521307
2022-12-05	0.028828828828828854	0.02702702702702703	0.04504504504504504	0.0003603603603604167	0.028828828828828854	6024738
2022-12-02	0.012958569081949277	0.0034677860923525775	0.02664719839386751	-0.0052929366672750345	0.012958569081949277	4235247
2022-12-01	-0.03300388280974228	0.03953406283092132	0.050123543946346695	-0.038122132015531184	-0.03300388280974228	9968520
2022-11-30	0.026821312069590375	0.00018122508155125064	0.03080826386371879	-0.011417180137731108	0.026821312069590375	5660368
2022-11-29	0.06463438163225933	0.0005788153579008516	0.09994211846420992	-0.01389156858961989	0.06463438163225933	11992807
2022-11-28	0.047070707070707034	-0.006868686868686937	0.04848484848484846	-0.019797979797979735	0.047070707070707034	5998273
2022-11-25	0.01372107311079258	-0.0006143764079459582	0.017816915830432205	-0.006553348351423311	0.01372107311079258	2946942
2022-11-24	-0.014530776992936405	-0.0054490413723510805	0.0016145307769930455	-0.022603430877901058	-0.014530776992936405	4108733
2022-11-23	0.01641025641025635	0.00451282051282049	0.018666666666666595	-0.014358974358974418	0.01641025641025635	6055219
2022-11-22	-0.019706414639050814	-0.0022119445003016174	0.005429318318922243	-0.022923788457671297	-0.019706414639050814	6511826
2022-11-21	-0.029658536585365915	-0.011512195121951285	-0.011317073170731674	-0.042536585365853655	-0.029658536585365915	6686416
2022-11-18	-0.03665413533834592	-0.003571428571428662	-0.0018796992481203273	-0.040037593984962455	-0.03665413533834592	6654292
2022-11-17	0.008530805687203845	-0.008530805687203845	0.025592417061611403	-0.018009478672985836	0.008530805687203845	5977764
2022-11-16	0.010342846198046336	0.009959777820340854	0.03160314116069716	-0.01149205133116264	0.010342846198046336	5363389
2022-11-15	-0.0051448170731706565	-0.005335365853658423	0.01791158536585375	-0.012766768292682825	-0.0051448170731706565	7701069
2022-11-14	-0.02453531598513012	-0.008550185873605832	-0.008550185873605832	-0.06691449814126384	-0.02453531598513012	11749742
2022-11-11	-0.0037037037037037563	0.037037037037037035	0.04074074074074079	-0.04351851851851855	-0.0037037037037037563	12877344
2022-11-10	-0.016572573301766466	-0.0021853942815515835	-0.0012748133309049934	-0.020943361864869763	-0.016572573301766466	5725938
2022-11-09	-0.010095547142599644	0.0018027762754642405	0.01279971155579594	-0.017126374616909964	-0.010095547142599644	3336696
2022-11-08	-0.012110418521816558	-0.0026714158504006873	0.011219946571683037	-0.01513802315227073	-0.012110418521816558	2524320
2022-11-07	-0.015085072794246614	-0.017716190142080302	-0.006139273811612023	-0.03964216804069458	-0.015085072794246614	5112904
2022-11-04	0.02924715652644877	0.0016248420292470898	0.05903592706264661	-0.005777216103989895	0.02924715652644877	7820488
2022-11-03	-0.010892857142857133	0.0	0.019642857142857167	-0.02142857142857148	-0.010892857142857133	5722150
2022-11-02	0.048689138576779055	-0.007490636704119823	0.10000000000000006	-0.007490636704119823	0.048689138576779055	14457037
2022-11-01	0.09989701338825956	-0.009062821833161643	0.09989701338825956	-0.01833161688980434	0.09989701338825956	6698259
2022-10-31	-0.052313097794261174	-0.011516689439781307	-0.0007807925043919413	-0.05855943782939684	-0.052313097794261174	5366788
2022-10-28	-0.0402772573997753	-0.01629823904083935	-0.007680779318096734	-0.04814537279880105	-0.0402772573997753	2552620
2022-10-27	-0.005218039508013307	0.0	0.011554230339172654	-0.027208348863212706	-0.005218039508013307	1850670
2022-10-26	0.021900590363740213	-0.007617596648257448	0.025709388687869004	-0.007808036564463847	0.021900590363740213	2568248
2022-10-25	0.030011769321302496	-0.010003923107100786	0.03923107100823853	-0.01196547665751274	0.030011769321302496	3023504
2022-10-24	-0.03208657679893687	-0.012720713878868459	0.0009493070058856494	-0.03341560660717686	-0.03208657679893687	4183632
2022-10-21	0.008424277235305474	-0.008424277235305337	0.018954623779437144	-0.015508328546812085	0.008424277235305474	2913166
2022-10-20	-0.022093240966111212	-0.009548773637895488	0.031642014604006834	-0.039505710541097167	-0.022093240966111212	4795232
2022-10-19	-0.0024280911468061743	-0.0028016436309301193	0.022786701531565163	-0.010459469555472587	-0.0024280911468061743	2203900
2022-10-18	0.00942684766214178	0.015837104072398255	0.04260935143288081	-0.0030165912518853055	0.00942684766214178	4219522
2022-10-17	0.0194118777628291	-0.006342494714587705	0.02344801076302131	-0.020180665000961065	0.0194118777628291	2553444
2022-10-14	-0.006871540370299665	0.007253292613094151	0.0166062225615575	-0.011261691162435644	-0.006871540370299665	3047565
2022-10-13	0.027456363992939763	-0.003726220827613352	0.047264169444989144	-0.021768974308687968	0.027456363992939763	3226518
2022-10-12	0.008305319359303969	-0.00632786236899348	0.010876013446707479	-0.030848329048843232	0.008305319359303969	3249942
2022-10-11	-0.03011123897199847	0.008055235903337201	0.008055235903337201	-0.04583812811660914	-0.03011123897199847	3368265
2022-10-10	0.00656370656370663	0.0009652509652510476	0.036679536679536794	-0.009652509652509652	0.00656370656370663	4582813
2022-09-30	-0.014647137150466104	0.004184896328704562	0.015027582271257355	-0.015978695073235752	-0.014647137150466104	2988318
2022-09-29	-0.028280961182994474	0.0018484288354898599	0.009242144177449167	-0.03512014787430681	-0.028280961182994474	4369885
2022-09-28	-0.018148820326678767	-0.009618874773139767	0.016333938294010864	-0.02341197822141559	-0.018148820326678767	5065261
2022-09-27	0.06391195211430782	-0.005599536590075288	0.07935894960417068	-0.008302761150801308	0.06391195211430782	9550851
2022-09-26	0.04436378302077023	-0.004436378302077152	0.07783827384553335	-0.004436378302077152	0.04436378302077023	6507755
2022-09-23	-0.0060132291040288065	-0.007817197835237533	0.0066145520144317155	-0.017839246341952306	-0.0060132291040288065	1510870
2022-09-22	-0.026156548897130517	-0.00683193441342952	-0.00683193441342952	-0.03415967206714816	-0.026156548897130517	2176975
2022-09-21	0.01727561556791099	0.0013899920571882503	0.028395552025416992	-0.005957108816520992	0.01727561556791099	3689180
2022-09-20	-0.006510159794831294	0.0033537186821858693	0.00532649437758933	-0.01597948313276771	-0.006510159794831294	2124030
2022-09-19	0.023833568975964448	0.007069278933548807	0.03393253888103413	-0.00686729953544731	0.023833568975964448	3416291
2022-09-16	-0.026352015732546773	-0.0003933136676500123	0.010816125860373591	-0.028318584070796553	-0.026352015732546773	2373279
2022-09-15	0.005735759493670869	0.006329113924050638	0.0245253164556961	-0.009098101265822802	0.005735759493670869	4466336
2022-09-14	-0.0027613412228796957	-0.013806706114398477	0.005719921104536472	-0.017357001972386637	-0.0027613412228796957	2697221
2022-09-13	0.028606208155812614	0.00385473726922292	0.04077906269020081	-0.005477784540474661	0.028606208155812614	3968140
2022-09-09	0.0236760124610592	-0.0026998961578399887	0.03115264797507788	-0.01474558670820355	0.0236760124610592	4187448
2022-09-08	0.029946524064171094	-0.004064171122994604	0.03721925133689844	-0.004064171122994604	0.029946524064171094	3638112
2022-09-07	-0.01350495885207851	0.002110149820637295	0.002110149820637295	-0.02300063304494626	-0.01350495885207851	1914203
2022-09-06	0.01023235983798772	0.0038371349392455094	0.022596461308889412	-0.01023235983798757	0.01023235983798772	2705138
2022-09-05	-0.0021272069772389156	-0.01042331418847043	0.005956179536268903	-0.019357583492873785	-0.0021272069772389156	3667456
2022-09-02	0.006853715999143292	0.004069393874491429	0.016920111372884968	-0.014564146498179477	0.006853715999143292	3329980
2022-09-01	-0.05063033753558361	0.0034566897112647764	0.006100040666937722	-0.05063033753558361	-0.05063033753558361	4586709
2022-08-31	-0.003040745996351076	0.0	0.013379282383944936	-0.006689641191972396	-0.003040745996351076	2909329
2022-08-30	-0.013202640528105694	0.0062012402480495134	0.01060212042408484	-0.016403280656131232	-0.013202640528105694	2475982
2022-08-29	0.002004409701342983	-0.0016035277610743294	0.011826017237923358	-0.017037482461415142	0.002004409701342983	3187936
2022-08-26	0.008693894055802663	0.0	0.039223615042458505	-0.0006065507480792789	0.008693894055802663	4649597
2022-08-25	0.029130253849354942	0.00499375780274646	0.029338327091136006	0.0020807324178109513	0.029130253849354942	2611567
2022-08-24	-0.014558129997949575	-0.00020504408447826768	0.013327865491080552	-0.01865901168751289	-0.014558129997949575	2812730
2022-08-23	-0.024404880976195215	0.0	0.0072014402880576	-0.02700540108021607	-0.024404880976195215	2763406
2022-08-22	0.010920121334681478	0.0	0.032355915065722836	-0.011729019211324678	0.010920121334681478	4142299
2022-08-19	0.011661211129296242	0.00040916530278224265	0.018821603927986794	0.0	0.011661211129296242	2079642
2022-08-18	-0.019655034095467247	0.0008022462896108935	0.0008022462896108935	-0.03188929001203362	-0.019655034095467247	2429795
2022-08-17	0.010539116335630238	0.0006080259424400897	0.02472638832590188	-0.006485610052695587	0.010539116335630238	2298985
2022-08-16	0.023863872172650045	0.004980286366466113	0.02925918240298825	-0.006017846026146486	0.023863872172650045	2590159
2022-08-15	-0.015324887617490806	-0.003269309358397969	-0.002043318348998658	-0.034123416428279416	-0.015324887617490806	2609759
2022-08-12	0.011993382961124862	-0.0010339123242348461	0.025641025641025682	-0.010752688172042928	0.011993382961124862	3390086
2022-08-11	0.012562814070351789	0.005653266331658358	0.015075376884422087	-0.007537688442211044	0.012562814070351789	1703038
2022-08-10	-0.022513303315595607	-0.0036839950880065437	-0.0022513303315595465	-0.026606631191158355	-0.022513303315595607	1826567
2022-08-09	-0.002042483660130748	-0.00040849673202620766	0.004493464052287559	-0.016748366013071902	-0.002042483660130748	2344403
2022-08-08	-0.013897280966767326	-0.013091641490433003	-0.0018126888217521915	-0.03222557905337364	-0.013897280966767326	3670823
2022-08-05	0.0030303030303030017	0.002020202020202049	0.0070707070707071	-0.0141414141414142	0.0030303030303030017	1767700
2022-08-04	-0.006024096385542112	0.0050200803212851405	0.006626506024096495	-0.017670682730923603	-0.006024096385542112	2176710
2022-08-03	-0.019298936589208428	0.00827097282394647	0.010043324143363489	-0.027569909413154757	-0.019298936589208428	3444316
2022-08-02	-0.01589147286821706	-0.013759689922480636	0.003875968992247979	-0.026162790697674444	-0.01589147286821706	3288120
2022-08-01	-0.0071194920146237725	-0.011352703482778455	0.010583028670386845	-0.022512988262459146	-0.0071194920146237725	3507685
2022-07-29	-0.01571969696969694	-0.011363636363636256	-0.00643939393939387	-0.04981060606060598	-0.01571969696969694	5243868
2022-07-28	-0.014925373134328438	0.004104477611940278	0.004477611940298544	-0.023880597014925394	-0.014925373134328438	2279874
2022-07-27	-0.007407407407407381	0.002222222222222175	0.008518518518518535	-0.009259259259259259	-0.007407407407407381	1793200
2022-07-26	0.023114816218264472	0.005873436907919709	0.03978779840848809	-0.01004168245547558	0.023114816218264472	3431805
2022-07-25	-0.013642309848626367	0.0028032143524574582	0.00878340497103343	-0.02896654830872729	-0.013642309848626367	2902507
2022-07-22	0.027852477910103642	0.0	0.037072608528620814	-0.0009604302727622793	0.027852477910103642	4438997
2022-07-21	0.0003843197540354175	-0.002882398155265153	0.014604150653343544	-0.012298232129131448	0.0003843197540354175	2376900
2022-07-20	0.00366441658630661	0.01311475409836065	0.026036644165863092	-0.008678881388621077	0.00366441658630661	3081262
2022-07-19	-0.0204043075760438	0.007935008501794856	0.014169658038919328	-0.03646325335348573	-0.0204043075760438	3722096
2022-07-18	0.01788461538461538	-0.007692307692307665	0.04980769230769237	-0.008461538461538418	0.01788461538461538	4168068
2022-07-15	-0.022923712889890997	-0.006388575723412181	0.006764374295377667	-0.030439684329199503	-0.022923712889890997	3767400
2022-07-14	-0.005233644859813105	-0.011775700934579487	0.01495327102803733	-0.021869158878504706	-0.005233644859813105	3240439
2022-07-13	0.04471782854911149	0.0066393282561998885	0.07049404413200545	0.0066393282561998885	0.04471782854911149	5879720
2022-07-12	-0.0031146583609109714	-0.0013626630328985845	0.011485302705859518	-0.009149308935176152	-0.0031146583609109714	3894342
2022-07-11	-0.03457996617177229	-0.013343356511933862	-0.013343356511933862	-0.04698364968990791	-0.03457996617177229	4969587
2022-07-08	0.006811731315042562	0.009649952696310275	0.03386944181646167	0.0003784295175022899	0.006811731315042562	3689247
2022-07-07	-0.00937207122774133	0.008247422680412328	0.010121836925960621	-0.01930646672914716	-0.00937207122774133	2681459
2022-07-06	-0.019661889011392875	0.004961411245865417	0.01506798970966557	-0.03050349136346938	-0.019661889011392875	4262577
2022-07-05	-0.01502262443438911	0.000542986425339387	0.006153846153846215	-0.03004524886877822	-0.01502262443438911	4334979
2022-07-04	-0.02436870916475371	-0.008829242450997704	0.015009712166695997	-0.03672964859615054	-0.02436870916475371	5855604
2022-07-01	-0.029477292202227914	-0.009597257926306809	-0.0015424164524422178	-0.043701799485861254	-0.029477292202227914	4481946
2022-06-30	0.03825622775800709	0.029715302491103105	0.05765124555160133	0.014590747330960859	0.03825622775800709	7282373
2022-06-29	-0.0123022847100175	0.0035149384885765	0.0418277680140598	-0.021792618629174025	-0.0123022847100175	9134120
2022-06-28	0.0387002555677254	0.0003650967506388467	0.0542168674698795	-0.014421321650237297	0.0387002555677254	6459719
2022-06-27	0.0438262195121952	0.016387195121951345	0.058117378048780574	0.0024771341463415125	0.0438262195121952	7458892
2022-06-24	0.009230769230769171	-0.005576923076923061	0.019230769230769232	-0.02307692307692313	0.009230769230769171	5097575
2022-06-23	0.042920176494183726	-0.00020056157240268773	0.043321299638989244	-0.002807862013638198	0.042920176494183726	4890559
2022-06-22	0.002412545235223109	0.00723763570566947	0.025130679533574587	-0.01447527141133894	0.002412545235223109	3403431
2022-06-21	-0.004204204204204221	-0.008408408408408442	0.02702702702702691	-0.013013013013013126	-0.004204204204204221	3053129
2022-06-20	0.04279749478079341	0.022964509394572057	0.04384133611691026	-0.004592901878914381	0.04279749478079341	5235601
2022-06-17	0.008421052631578918	-0.0037894736842105205	0.027368421052631518	-0.0037894736842105205	0.008421052631578918	3634412
2022-06-16	0.021505376344086023	0.012688172043010827	0.03870967741935478	0.006451612903225746	0.021505376344086023	4035062
2022-06-15	0.02197802197802198	0.0	0.03868131868131864	-0.00483516483516481	0.02197802197802198	3973252
2022-06-14	-0.0050295211021210776	-0.00962169254318823	-0.00021867483052696285	-0.01771266127268741	-0.0050295211021210776	2638160
2022-06-13	-0.01951114922813044	-0.01029159519725566	-0.006861063464837056	-0.030874785591766676	-0.01951114922813044	3481792
2022-06-10	-0.00892477688057802	-0.005524861878453147	-0.00021249468763291787	-0.022311942201445053	-0.00892477688057802	3498660
2022-06-09	-0.03466666666666662	-0.005128205128205128	0.010871794871794896	-0.036307692307692374	-0.03466666666666662	3447734
2022-06-08	0.02783048703352309	-0.004427577482605963	0.04743833017077799	-0.004427577482605963	0.02783048703352309	4179197
2022-06-07	0.00232459847844462	-0.000422654268808181	0.01120033812341507	-0.010989010989011056	0.00232459847844462	2674566
2022-06-06	-0.00796645702306085	0.004402515723270309	0.004612159329140437	-0.0333333333333334	-0.00796645702306085	2860177
2022-06-02	0.0059046815689582696	-0.004006748207507483	0.014972585407001283	-0.004006748207507483	0.0059046815689582696	2232488
2022-06-01	-0.02246959389816525	-0.00020614306328587943	0.004535147392290226	-0.027004741290455478	-0.02246959389816525	2964340
2022-05-31	0.00434782608695654	0.0	0.018633540372670926	-0.01449275362318832	0.00434782608695654	2695538
2022-05-30	0.018987341772151868	0.020253164556962043	0.032278481012658254	0.0044303797468354614	0.018987341772151868	3517658
2022-05-27	0.016731016731016755	0.0006435006435006679	0.03281853281853284	0.0	0.016731016731016755	3797268
2022-05-26	-0.0014992503748126	0.0021417862497323074	0.028057399871492875	-0.01841936174769757	-0.0014992503748126	3172039
2022-05-25	0.03000220604456209	0.0	0.044120891242003094	-0.0059563203176703295	0.03000220604456209	3602908
2022-05-24	0.0008831971737690252	0.011260763965555266	0.028703908147494024	-0.0008831971737690252	0.0008831971737690252	2940055
2022-05-23	-0.01693075754286957	0.0006511829824180841	0.0006511829824180841	-0.01888430649012367	-0.01693075754286957	1525440
2022-05-20	0.02582943665108002	0.0026720106880428534	0.037630817189935536	0.002449343130706002	0.02582943665108002	2596983
2022-05-19	-0.008171378091872891	-0.020318021201413464	-0.00265017667844533	-0.022747349823321578	-0.008171378091872891	2296486
2022-05-18	-0.027282491944145996	0.00451127819548874	0.006015037593984987	-0.02943071965628351	-0.027282491944145996	2649368
2022-05-17	0.006921912178239245	-0.00043261951113986635	0.013627514600908558	-0.013627514600908403	0.006921912178239245	3082074
2022-05-16	0.018281938325991152	0.022907488986784123	0.0671806167400882	0.002202643171806199	0.018281938325991152	4187579
2022-05-13	-0.010893246187363835	0.0010893246187364764	0.006535947712418394	-0.02614379084967311	-0.010893246187363835	2555435
2022-05-12	0.007683863885839768	0.0	0.027442371020856202	-0.012074643249176667	0.007683863885839768	2924242
2022-05-11	0.030542986425339237	-0.00429864253393676	0.05588235294117644	-0.012217194570135887	0.030542986425339237	4734124
2022-05-10	0.06737503018594558	-0.0004829751267808747	0.06737503018594558	-0.03066892055059155	0.06737503018594558	5231146
2022-05-09	-0.0302107728337238	-0.020843091334894627	-0.014519906323185117	-0.03723653395784551	-0.0302107728337238	3313561
2022-05-06	-0.0498442367601245	-0.020916777926123672	-0.015353805073431192	-0.07053849577214051	-0.0498442367601245	4887393
2022-05-05	-0.02261852979556327	-0.007829491083079588	0.01043932144410622	-0.02261852979556327	-0.02261852979556327	3842342
2022-04-29	0.0010886131069017453	-0.007402569126932208	0.010015240583496643	-0.03657740039190071	0.0010886131069017453	3568485
2022-04-28	0.02089353189597683	0.0006668148477439683	0.044676594798844144	-0.004889975550122224	0.02089353189597683	3649917
2022-04-27	0.01078409346214343	-0.004044035048303746	0.011458099303527413	-0.015951471579420375	0.01078409346214343	2699564
2022-04-26	-0.014393268379096515	0.0022143489813995004	0.015500442869796344	-0.020372010628874993	-0.014393268379096515	3239607
2022-04-25	-0.03955763504891549	-0.02148022118247565	-0.005742237345810359	-0.0406210123351766	-0.03955763504891549	3387345
2022-04-22	-0.008853288364249465	-0.009064080944350753	0.006112984822934215	-0.034359190556492315	-0.008853288364249465	3281501
2022-04-21	-0.03675126903553304	-0.00913705583756351	0.0010152284263958815	-0.04446700507614208	-0.03675126903553304	3547955
2022-04-20	0.0028507432294848415	-0.0016289961311341538	0.014253716147424208	-0.018326206475259593	0.0028507432294848415	2283263
2022-04-19	0.00429447852760738	-0.003680981595092019	0.01717791411042952	-0.0075664621676891095	0.00429447852760738	2230004
2022-04-18	0.02194357366771154	-0.003970741901776486	0.030303030303030214	-0.021943573667711685	0.02194357366771154	3456248
2022-04-15	-0.033333333333333305	-0.008282828282828215	-0.006060606060606003	-0.04040404040404041	-0.033333333333333305	2926674
2022-04-14	0.03534825350345111	0.008366450533361191	0.04559715540681865	0.0018824513700061974	0.03534825350345111	5230258
2022-04-13	0.0226737967914439	-0.021176470588235338	0.03422459893048131	-0.0374331550802139	0.0226737967914439	5983322
2022-04-12	0.08443516585479009	-0.0032475063790304006	0.09974483878450469	-0.005799118533982834	0.08443516585479009	5351882
2022-04-11	-0.03858162355040151	-0.007805530776092805	-0.005352363960749375	-0.04103479036574494	-0.03858162355040151	3641287
2022-04-08	0.005155794664873436	0.00201748486886356	0.016588208921766465	-0.009190764402600237	0.005155794664873436	2968320
2022-04-07	-0.028739386022207714	-0.015676028739386	0.011321576311778861	-0.03048116699325057	-0.028739386022207714	2696229
2022-04-06	0.00043563493792208945	-0.01873230233064691	0.02483119146155523	-0.024177739054672173	0.00043563493792208945	5889251
2022-04-01	0.043409090909090835	-0.011363636363636364	0.050000000000000065	-0.015454545454545448	0.043409090909090835	5666145
2022-03-31	-0.02243945789824479	-0.0013330371028659224	0.004443457009553496	-0.024661186403021538	-0.02243945789824479	3357350
2022-03-30	0.018556234442181498	0.0	0.02851323828920582	0.0	0.018556234442181498	4432036
2022-03-29	-0.015374331550802246	-0.011363636363636477	0.006238859180035517	-0.018716577540107027	-0.015374331550802246	2631364
2022-03-28	-0.017298007444712046	-0.01948762864024525	-0.006130939347492909	-0.03525290124808407	-0.017298007444712046	3168044
2022-03-25	-0.024978650725875354	-0.0002134927412469068	-0.0002134927412469068	-0.038001707941929995	-0.024978650725875354	4003164
2022-03-24	-0.0010663254425249981	-0.012582640221795765	0.006397952655150291	-0.012582640221795765	-0.0010663254425249981	2154966
2022-03-23	-0.02879038939519471	-0.004142502071251095	-0.0014498757249378684	-0.035004142502071206	-0.02879038939519471	5995443
2022-03-22	0.002491694352159563	-0.03986710963455139	0.0348837209302327	-0.041112956810631165	0.002491694352159563	9602094
2022-03-21	0.0035424046676389787	-0.00916857678683069	0.003750781412794326	-0.02000416753490312	0.0035424046676389787	3090107
2022-03-18	0.0145877378435519	-0.015433403805496763	0.025792811839323596	-0.015433403805496763	0.0145877378435519	4258387
2022-03-17	-0.002109704641350241	0.017510548523206715	0.026793248945147747	-0.02109704641350211	-0.002109704641350241	7214491
2022-03-16	0.06516853932584267	0.026516853932584263	0.07303370786516854	0.016853932584269662	0.06516853932584267	9421151
2022-03-15	-0.05117270788912577	-0.011727078891257936	-0.005756929637526568	-0.06247334754797441	-0.05117270788912577	5761040
2022-03-14	-0.04480651731160902	-0.03421588594704684	-0.013238289205702618	-0.04745417515274945	-0.04480651731160902	5781898
2022-03-11	-0.006676107626947164	-0.014970665587699817	-0.0010115314586283059	-0.05320655472385196	-0.006676107626947164	5298163
2022-03-10	-0.0004044489383216001	0.017391304347826073	0.027502527805864495	-0.003437815975733098	-0.0004044489383216001	2795504
2022-03-09	-0.0341796875	-0.003125000000000072	0.004492187499999939	-0.04921875000000006	-0.0341796875	4594818
2022-03-08	-0.024761904761904707	-0.011809523809523761	0.0015238095238094913	-0.0365714285714286	-0.024761904761904707	4044810
2022-03-07	-0.03898956617243277	-0.011715174812374163	-0.011715174812374163	-0.06077246933919092	-0.03898956617243277	4989456
2022-03-04	-0.0023739956172387777	-0.004747991234477685	0.00986121256391525	-0.012600438276113912	-0.0023739956172387777	1911797
2022-03-03	0.028356807511737053	0.003004694835680687	0.03793427230046954	0.003004694835680687	0.028356807511737053	4145706
2022-03-02	-0.010406987548782796	-0.00799107972495818	-0.0007433562534844665	-0.024159078238245757	-0.010406987548782796	2240399
2022-03-01	0.015283018867924571	0.008490566037735903	0.02924528301886787	0.0005660377358490781	0.015283018867924571	2277758
2022-02-28	-0.009345794392523364	-0.000373831775700993	-0.000373831775700993	-0.02149532710280371	-0.009345794392523364	3880548
2022-02-25	0.0	0.006355140186915952	0.015887850467289747	-0.0065420560747663815	0.0	2848401
2022-02-24	-0.011821204285186564	-0.007572958995197704	-0.0022164758034724317	-0.026597709641669704	-0.011821204285186564	4008850
2022-02-23	-0.019913106444605384	-0.004344677769732114	0.0038015930485155837	-0.02226647356987697	-0.019913106444605384	3322350
2022-02-22	-0.01339524915163422	-0.01393105911769961	-0.003572066440435843	-0.025540275049115907	-0.01339524915163422	2208324
2022-02-21	0.0030455034037979523	-0.005732712289501975	0.0030455034037979523	-0.012719455392332513	0.0030455034037979523	2843374
2022-02-18	-0.00817341862117983	-0.015991471215351785	0.0024875621890547363	-0.01634683724235966	-0.00817341862117983	2794332
2022-02-17	-0.03448275862068962	-0.004288900325956425	-0.00205867215645904	-0.0555841482243953	-0.03448275862068962	6796476
2022-02-16	0.03571428571428568	0.005685856432125094	0.044598436389481126	0.0007107320540156209	0.03571428571428568	3976723
2022-02-15	-0.0063559322033898205	-0.0014124293785310433	0.0014124293785310433	-0.028778248587570665	-0.0063559322033898205	4973564
2022-02-14	-0.03999999999999999	-0.01135593220338986	-0.005762711864406837	-0.05050847457627113	-0.03999999999999999	5524834
2022-02-11	-0.020584329349269622	-0.003984063745019953	0.007304116865869816	-0.027556440903054508	-0.020584329349269622	4710198
2022-02-10	-0.00016597510373440682	0.000829875518672152	0.020414937759336046	-0.009792531120332007	-0.00016597510373440682	5116961
2022-02-09	0.029035012809564525	-0.000853970964987142	0.03262169086251074	-0.009222886421861642	0.029035012809564525	5282560
2022-02-08	0.014204053351810157	0.00398406374501999	0.03758877533344884	-0.007448467001558977	0.014204053351810157	4242078
2022-02-07	0.015479331574318302	0.010202286719437084	0.022867194371152103	-0.015479331574318427	0.015479331574318302	3373056
2022-01-28	-0.00035167926850705153	0.01811148232811678	0.02426586952699143	-0.029892737823105253	-0.00035167926850705153	3554460
2022-01-27	-0.013016313779937522	-0.0059007289135716125	0.008330440819160083	-0.019437695244706656	-0.013016313779937522	2659284
2022-01-26	0.002784545770971051	0.0055690915419422254	0.02836756004176823	-0.013226592412112739	0.002784545770971051	3754013
2022-01-25	0.006480994920301233	-0.00017516202487309713	0.038185321422315635	-0.007531967069539443	0.006480994920301233	4625309
2022-01-24	0.011158342189160514	-0.007970244420828956	0.025150549061282352	-0.025681898689337634	0.011158342189160514	3420000
2022-01-21	-0.005985915492957682	0.015492957746478919	0.030809859154929578	-0.007570422535211263	-0.005985915492957682	4766204
2022-01-20	-0.0035087719298246113	0.008070175438596507	0.02070175438596491	-0.007894736842105314	-0.0035087719298246113	3511066
2022-01-19	0.028695181375203094	-0.007218913553510171	0.04367442699873672	-0.007218913553510171	0.028695181375203094	4968330
2022-01-18	0.014835164835164746	0.002930402930402868	0.02930402930402933	-0.00897435897435901	0.014835164835164746	2334131
2022-01-17	0.0012836970474967959	0.006051714652484839	0.009902805794975227	-0.018888685127452797	0.0012836970474967959	2338050
2022-01-14	-0.004745391494798285	0.004380361379813871	0.005657966782259578	-0.01660887023179406	-0.004745391494798285	1984596
2022-01-13	-0.0205577404361816	-0.00017876296031458724	0.0028602073650340312	-0.026635681086878707	-0.0205577404361816	2384176
2022-01-12	0.011024760527742625	0.003976143141153061	0.03343574914151458	0.0032532080245797888	0.011024760527742625	2201688
2022-01-11	-0.01670517149457979	-0.004798293939932524	0.0087080149280255	-0.021503465434512186	-0.01670517149457979	3933200
2022-01-10	-0.002481829462861079	-0.01453642971104402	0.0017727353306151645	-0.03598652721148722	-0.002481829462861079	3372845
2022-01-07	-0.002475685234305934	-0.004244031830238636	0.007957559681697663	-0.013262599469496022	-0.002475685234305934	2350011
2022-01-06	-0.01515151515151523	-0.007314524555903896	-0.0013932427725530877	-0.025078369905956195	-0.01515151515151523	2128326
2022-01-05	0.0003484320557491834	-0.003484320557491215	0.011672473867595849	-0.013937282229965108	0.0003484320557491834	2694555
2022-01-04	0.010563380281690167	0.005281690140845146	0.020422535211267672	-0.03169014084507037	0.010563380281690167	4257285
2021-12-31	0.015192135835567368	-0.007149240393208323	0.016264521894548644	-0.019839142091152805	0.015192135835567368	3179827
2021-12-30	-0.005863539445628968	-0.003198294243070357	0.02292110874200425	-0.02061122956645351	-0.005863539445628968	4084503
2021-12-29	0.01845819761129213	-0.002533478103510687	0.026782482808541515	-0.007962359753890657	0.01845819761129213	4450837
2021-12-28	0.004727272727272691	0.0	0.009999999999999948	-0.01309090909090907	0.004727272727272691	2393032
2021-12-27	0.024781069498788864	0.003167505123905379	0.029439165269237903	-0.003167505123905379	0.024781069498788864	4550521
2021-12-24	0.017055144968732207	0.0026530225506915567	0.027856736782262626	-0.003979533826037537	0.017055144968732207	3916671
2021-12-23	0.006868918145392226	0.0	0.028429688990650678	-0.0005724098454492278	0.006868918145392226	3404252
2021-12-22	0.005371187416075082	0.010550546710147653	0.017840015346249755	0.004028390562056413	0.005371187416075082	2135190
2021-12-21	0.0007679017085812852	0.00268765598003443	0.014590132463044692	-0.012094451910155549	0.0007679017085812852	2232155
2021-12-20	0.021572857423024148	-0.003922337713277169	0.02706413022161199	-0.006275740341243386	0.021572857423024148	3592456
2021-12-17	-0.016396604938271633	-0.0063657407407408445	-0.0009645061728395883	-0.024305555555555653	-0.016396604938271633	3744539
2021-12-16	-0.0030769230769230114	-0.0015384615384615057	0.0028846153846153575	-0.01538461538461533	-0.0030769230769230114	3360056
2021-12-15	-0.018497546243865553	-0.0016987542468855476	0.0062287655719140324	-0.026802567006417415	-0.018497546243865553	3444327
2021-12-14	-0.013958682300390844	-0.009491903964265736	0.004466778336125107	-0.02754513307277121	-0.013958682300390844	4303026
2021-12-13	0.025577400267226498	0.006871540370299665	0.03588471082267613	0.005535407520519167	0.025577400267226498	7117146
2021-12-10	-0.05993181410371427	-0.006818589628566221	-0.0014354925533823489	-0.05993181410371427	-0.05993181410371427	12342043
2021-12-09	0.001257635644987429	0.0019762845849803545	0.02137980596478629	-0.010061085159899303	0.001257635644987429	4754432
2021-12-08	-0.00801996079130285	-0.004811976474781608	0.004277312422028195	-0.012297273213330916	-0.00801996079130285	2387134
2021-12-07	0.020181818181818172	0.007272727272727247	0.04181818181818177	0.005636363636363678	0.020181818181818172	5078510
2021-12-06	-0.02637634979642418	-0.00867410161090462	-0.005133651973800658	-0.0350504514073288	-0.02637634979642418	4127466
2021-12-03	0.012184196380576951	0.0035835871707578524	0.019172191363554924	-0.005375380756136969	0.012184196380576951	3279563
2021-12-02	-0.0023239184840900154	-0.007865570253843364	0.009831962817304331	-0.018591347872720758	-0.0023239184840900154	2333940
2021-12-01	0.01709090909090905	0.0	0.02181818181818187	-0.005272727272727257	0.01709090909090905	2753924
2021-11-30	-0.003803658757471488	-0.0039847853649700934	0.013765622169896722	-0.009780836804926628	-0.003803658757471488	3163042
2021-11-29	-0.01516232607920088	-0.036389582590082035	-0.009097395647520604	-0.045308597930788425	-0.01516232607920088	6636696
2021-11-26	-0.014762741652021025	-0.019507908611599286	0.004393673110720563	-0.04569420035149387	-0.014762741652021025	5247876
2021-11-25	-0.009573542210618003	-0.0059181897302002335	-0.003307223672759005	-0.016187989556135766	-0.009573542210618003	1660407
2021-11-24	-0.007943360386807007	-0.0008634087376963765	0.0	-0.01761353824900701	-0.007943360386807007	1995952
2021-11-23	-0.004469657899260875	0.0030943785456420785	0.005673027333677124	-0.01134605466735437	-0.004469657899260875	1733629
2021-11-22	0.011300417246175217	0.0017385257301807077	0.01529902642559102	-0.016168289290681495	0.011300417246175217	3234027
2021-11-19	0.013925612550678763	0.0	0.025207121452494267	-0.001057641459545129	0.013925612550678763	2686166
2021-11-18	-0.024419604471195216	0.0008598452278590587	0.00636285468615657	-0.0316423043852106	-0.024419604471195216	3320945
2021-11-17	-0.022031617894382818	-0.006895391860074061	0.005381769256643126	-0.027077026572485695	-0.022031617894382818	3063147
2021-11-16	-0.004020100502512596	-0.002345058626465671	0.009045226130653252	-0.011557788944723698	-0.004020100502512596	2071604
2021-11-15	-0.017283950617283904	-0.0024691358024691123	0.0037860082304526236	-0.02880658436213992	-0.017283950617283904	3168832
2021-11-12	0.02445193929173698	-0.0033726812816188153	0.027655986509274883	-0.01129848229342318	0.02445193929173698	3957766
2021-11-11	0.024356538262221394	0.003800310934530987	0.02867507341509754	-0.0032820867161858303	0.024356538262221394	2985510
2021-11-10	-0.010088919288645628	0.0037619699042408684	0.0037619699042408684	-0.02701778385772911	-0.010088919288645628	2724628
2021-11-09	0.017397355601948505	0.016179540709812104	0.02627000695894233	-0.01931106471816283	0.017397355601948505	5997402
2021-11-08	0.02587899339639471	0.03515973585579152	0.08656077101552742	0.01909691236837409	0.02587899339639471	11052350
2021-11-05	-0.0014257708073426893	-0.0017822135091784248	0.012297273213330916	-0.012653715915166652	-0.0014257708073426893	2139161
2021-11-04	-0.001245995016019941	-0.005695977216091141	0.0023139907440370695	-0.009255962976148151	-0.001245995016019941	1699262
2021-11-03	-0.021254355400696846	-0.010452961672473893	0.0017421602787456693	-0.027351916376306625	-0.021254355400696846	2359999
2021-11-02	0.017550079773089915	-0.002481829462861079	0.020918276901258765	-0.009395497252260132	0.017550079773089915	4197467
2021-11-01	-0.035726495726495784	-0.003247863247863209	0.0034188034188034674	-0.048376068376068344	-0.035726495726495784	4899659
2021-10-29	0.01934134866701515	-0.001568217459487775	0.021606551664053005	-0.015333681826102152	0.01934134866701515	2156900
2021-10-28	0.002620545073375237	-0.007162823200559114	0.018169112508735135	-0.008735150244584206	0.002620545073375237	2001089
2021-10-27	-0.0015698587127157913	-0.0034885749171462716	0.016919588348159757	-0.012210012210012135	-0.0015698587127157913	1575466
2021-10-26	-0.0038227628149435076	-0.00451781059947868	0.021720243266724587	-0.006776715899218081	-0.0038227628149435076	1930238
2021-10-25	-0.0031179629308851504	-0.00987354928113633	0.0077949073272129375	-0.037588775333448725	-0.0031179629308851504	2653926
2021-10-22	-0.0039682539682540366	-0.00759144237405103	0.007418909592822632	-0.021911663216011096	-0.0039682539682540366	2230497
2021-10-21	0.00450606585788558	-0.0024263431542461103	0.013864818024263382	-0.010398613518197597	0.00450606585788558	2756315
2021-10-20	-0.008591065292096219	0.0	0.002920962199312622	-0.035567010309278356	-0.008591065292096219	3864902
2021-10-19	-0.011381009002887627	-0.014778325123152667	-0.00832342449464914	-0.03346356378461014	-0.011381009002887627	4292398
2021-10-18	-0.03142481079302408	-0.010365251727541996	-0.00625205659756503	-0.040144784468575154	-0.03142481079302408	4622123
2021-10-15	-0.012028608582574804	0.01267880364109223	0.024057217165149494	-0.029908972691807596	-0.012028608582574804	6568953
2021-10-14	0.04235852253473399	-0.0005083022704168271	0.07810911555404947	-0.008302270416807894	0.04235852253473399	7370703
2021-10-13	0.013218884120171727	-0.0036051502145922894	0.019742489270386243	-0.01030042918454938	0.013218884120171727	2698587
2021-10-12	-0.002568493150684907	-0.001712328767123312	0.006678082191780832	-0.01797945205479447	-0.002568493150684907	2388848
2021-10-11	0.04528369429031683	-0.0014318954716305405	0.057991766601038164	-0.00859137282978337	0.04528369429031683	5011722
2021-10-08	0.023635031146940256	0.02784902894833278	0.07456943935507512	0.010993037742762944	0.023635031146940256	6233727
2021-09-30	0.02961705338615356	-0.005282022259950974	0.0343331446896812	-0.005282022259950974	0.02961705338615356	2457030
2021-09-29	-0.017969618377176713	-0.0016672841793256077	0.0031493145609485314	-0.020563171545016662	-0.017969618377176713	1741507
2021-09-28	-0.0035074764629869823	0.013660697803212015	0.013660697803212015	-0.014399113900683056	-0.0035074764629869823	1863177
2021-09-27	0.019766566265060324	-0.00414156626506022	0.030873493975903627	-0.007530120481927685	0.019766566265060324	2919298
2021-09-24	0.0	-0.006024096385542174	0.011859939759036193	-0.00978915662650595	0.0	1858496
2021-09-23	-0.02941713868079663	-0.020646811620683273	-0.0038370180887994476	-0.03361958706376752	-0.02941713868079663	2817827
2021-09-22	-0.0047281323877069485	-0.021640298236043003	0.00018185124568099672	-0.03800691034733594	-0.0047281323877069485	2594355
2021-09-17	0.015512465373961282	-0.0027700831024930488	0.015512465373961282	-0.006463527239150535	0.015512465373961282	1992430
2021-09-16	-0.014558689717925464	-0.004549590536851683	0.005459508644221968	-0.026387625113739814	-0.014558689717925464	3559852
2021-09-15	0.011039558417663319	-0.004783808647654057	0.013615455381784766	-0.027046918123275046	0.011039558417663319	3361741
2021-09-14	-0.021602160216021526	-0.000900090009000849	0.00648064806480647	-0.027002700270027005	-0.021602160216021526	2901549
2021-09-13	-0.06260546743165712	-0.03307458656766792	-0.03307458656766792	-0.07694903813702321	-0.06260546743165712	8025883
2021-09-10	0.010745352208766766	0.002899539484905246	0.03684120757291483	0.0	0.010745352208766766	3390454
2021-09-09	0.003251197809719453	0.005304585900068486	0.009411362080766672	-0.020876112251882253	0.003251197809719453	3040574
2021-09-08	-0.0044293015332198486	0.005451448040885865	0.005451448040885865	-0.016865417376490662	-0.0044293015332198486	2172231
2021-09-07	0.0	-0.008858603066439576	0.007666098807495668	-0.020272572402044376	0.0	2278715
2021-09-06	0.022291884360849896	-0.003831417624521053	0.04284221525600837	-0.024730059212817863	0.022291884360849896	4985672
2021-09-03	0.025357142857142887	-0.008035714285714337	0.037678571428571415	-0.03035714285714291	0.025357142857142887	5727920
2021-09-02	0.004844787367665587	-0.009330701596985395	0.015072671810515045	-0.013098869549614155	0.004844787367665587	3608850
2021-09-01	0.04795035727717182	-0.0011282437006393808	0.055283941331327524	-0.015607371192177479	0.04795035727717182	6623004
2021-08-31	0.042336338690709456	0.009408075264602056	0.050568404547236344	0.004900039200313603	0.042336338690709456	3800239
2021-08-30	-0.027820121951219395	-0.01867378048780482	-0.015625000000000007	-0.03658536585365844	-0.027820121951219395	2528067
2021-08-27	-0.001332064700285448	-0.0005708848715507903	0.011417697431018106	-0.019790675547097986	-0.001332064700285448	2230063
2021-08-26	-0.0286506469500925	0.0073937153419593084	0.0073937153419593084	-0.03881700554528653	-0.0286506469500925	3413387
2021-08-25	0.05150631681243923	-0.00874635568513125	0.0689990281827016	-0.00874635568513125	0.05150631681243923	5948077
2021-08-24	0.0009727626459144798	0.002140077821011662	0.007003891050583647	-0.023151750972762602	0.0009727626459144798	3827820
2021-08-23	-0.009633911368015415	0.009633911368015415	0.02504816955684016	-0.019845857418111776	-0.009633911368015415	3303148
2021-08-20	0.005034856700232339	0.012587141750580918	0.020914020139426767	-0.016266460108443133	0.005034856700232339	2686483
2021-08-19	-0.006923076923076912	-0.0007692307692307529	-0.00019230769230765404	-0.018461538461538477	-0.006923076923076912	1943950
2021-08-18	-0.0017277788443079939	-0.011326550201574264	0.015550009598771264	-0.03340372432328666	-0.0017277788443079939	4524682
2021-08-17	0.058955072169140185	0.0020329335230738245	0.09087212848139864	0.0012197601138443236	0.058955072169140185	7860257
2021-08-16	0.005930470347648245	0.014314928425357932	0.019427402862985745	-0.002044989775051154	0.005930470347648245	2960859
2021-08-13	0.010330578512396695	0.0020661157024793684	0.02644628099173556	-0.008264462809917326	0.010330578512396695	3728682
2021-08-12	-0.03044871794871801	0.011017628205128149	0.01121794871794862	-0.03245192307692317	-0.03044871794871801	3461700
2021-08-11	0.018775510204081667	-0.002040816326530641	0.033673469387755076	-0.008775510204081627	0.018775510204081667	4212033
2021-08-10	-0.006085192697768705	-0.004056795131845756	0.0	-0.023935091277890463	-0.006085192697768705	2624286
2021-08-09	0.03246073298429313	-0.0050261780104712455	0.04251308900523563	-0.010052356020942343	0.03246073298429313	3501906
2021-08-06	-0.013021909880115803	-0.007647788342290296	0.012815212897891637	-0.017775940471269108	-0.013021909880115803	1749490
2021-08-05	0.00707743547044137	-0.001040799333888367	0.02164862614487925	-0.01540383014154875	0.00707743547044137	3444577
2021-08-04	-0.021588594704684362	0.006109979633401164	0.006109979633401164	-0.03747454175152756	-0.021588594704684362	3955587
2021-08-03	0.00491199345067544	-0.0038886614817846446	0.013098649201801076	-0.022513303315595607	0.00491199345067544	3003015
2021-08-02	0.029281651569412273	-0.029281651569412273	0.04592374131030124	-0.041499894670318074	0.029281651569412273	5639165
2021-07-30	-0.03122448979591839	-0.0055102040816327165	-0.0055102040816327165	-0.06408163265306123	-0.03122448979591839	7782449
2021-07-29	-0.044461778471138864	-0.005265210608424398	-0.005265210608424398	-0.05499219968798753	-0.044461778471138864	7328271
2021-07-28	-0.0007794232268121424	-0.006235385814497277	0.012275915822291554	-0.04481683554169909	-0.0007794232268121424	4285166
2021-07-27	0.000584909339052469	0.004484304932735504	0.027295769155780827	-0.007993760967050042	0.000584909339052469	3384065
2021-07-26	-0.04665427509293677	-0.006133828996282497	-0.006133828996282497	-0.061338289962825226	-0.04665427509293677	5661034
2021-07-23	-0.017710425415373487	-0.005294869454080815	0.005294869454080685	-0.022640131458827862	-0.017710425415373487	2786949
2021-07-22	-0.016696588868940748	-0.005924596050269396	0.009335727109515189	-0.04003590664272898	-0.016696588868940748	4641996
2021-07-21	-0.04410502831645787	-0.0013729191693839951	-0.0013729191693839951	-0.05783422001029697	-0.04410502831645787	5547730
2021-07-20	-0.010191948360794876	0.008663156106675814	0.009852216748768565	-0.040258196025140094	-0.010191948360794876	4161486
2021-07-19	0.06513479283517268	0.004885109462637887	0.07327664193956933	-0.01031300886556903	0.06513479283517268	7766140
2021-07-16	0.0009054690329591501	-0.0009054690329590214	0.009597971749366193	-0.02064469395146687	0.0009054690329591501	2238705
2021-07-15	-0.011280214861235498	0.001790510295434224	0.00608773500447621	-0.029543419874664252	-0.011280214861235498	3666963
2021-07-14	0.005400540054005478	-0.005580558055805494	0.01980198019801983	-0.03474347434743474	0.005400540054005478	3887616
2021-07-13	0.009816397018723853	-0.0036357025995272813	0.02254135611706966	-0.017451372477731337	0.009816397018723853	3055248
2021-07-12	0.0038321167883211835	-0.0007299270072992545	0.01605839416058399	-0.03649635036496351	0.0038321167883211835	3564852
2021-07-09	0.028914757791963935	0.0007510326699211256	0.028914757791963935	-0.01257979722117902	0.028914757791963935	3023918
2021-07-08	-0.024184683034078423	0.0	0.002198607548552667	-0.027482594356907294	-0.024184683034078423	2891288
2021-07-07	-0.002558479532163753	0.0014619883040935362	0.009502923976608244	-0.0113304093567251	-0.002558479532163753	1987114
2021-07-06	0.005512679162072715	0.000918779860345409	0.0343623667769202	-0.004777655273796492	0.005512679162072715	3259955
2021-07-05	-0.005845816587504572	-0.0007307270734380553	0.007489952502740164	-0.013335769090244866	-0.005845816587504572	2310819
2021-07-02	-0.012804328223624902	0.0025247971145175934	0.006311992786293855	-0.027953110910730463	-0.012804328223624902	3303879
2021-07-01	-0.02548330404217919	0.00527240773286475	0.008787346221441126	-0.03339191564147625	-0.02548330404217919	2872586
2021-06-30	0.025964659213847777	-0.0005409304002885168	0.0331770645510277	-0.009917057338622507	0.025964659213847777	3547304
2021-06-29	-0.0007207207207207053	-0.013513513513513514	0.0	-0.02432432432432435	-0.0007207207207207053	5113662
2021-06-28	-0.01943462897526504	0.0	0.008303886925795033	-0.03356890459363955	-0.01943462897526504	5487351
2021-06-25	-0.005447197329116063	0.005447197329116188	0.010542962572482894	-0.01019153048673341	-0.005447197329116063	4715510
2021-06-24	-0.003152916447714255	-0.0015764582238571275	0.008758101243650377	-0.013662637940094606	-0.003152916447714255	3690472
2021-06-23	-0.005227391531625669	-0.006795608991113445	0.012023000522739113	-0.01568217459487713	-0.005227391531625669	4099640
2021-06-22	0.0012212142358688117	0.004187020237264515	0.02372644801116538	-0.0073272854152128695	0.0012212142358688117	5040468
2021-06-21	-0.04211229946524069	0.0	0.0	-0.050802139037433254	-0.04211229946524069	6648163
2021-06-18	0.0038584130179500752	0.003187384667002143	0.02096963596711961	-0.011910753229323954	0.0038584130179500752	2921805
2021-06-17	0.01188253267696491	-0.0018672551349516115	0.020200305550840347	-0.005262264471227214	0.01188253267696491	2403234
2021-06-16	-0.01931080406192781	0.0023306142833361175	0.01548193773930414	-0.025303812219077796	-0.01931080406192781	3400323
2021-06-15	-0.016213560432361645	0.00671470684572546	0.00671470684572546	-0.023747133966590284	-0.016213560432361645	2579999
2021-06-11	-0.01801222257960755	-0.0008041170794467218	-0.0008041170794467218	-0.034094564168542896	-0.01801222257960755	4324827
2021-06-10	-0.0008034709946970458	0.004338743371364345	0.01478386630242651	-0.010605817130001553	-0.0008034709946970458	2844392
2021-06-09	-0.01284898477157364	0.00015862944162433392	0.009676395939086285	-0.02014593908629435	-0.01284898477157364	3509052
2021-06-08	-0.0033201581027668117	-0.011857707509881422	0.03541501976284577	-0.011857707509881422	-0.0033201581027668117	3227875
2021-06-07	0.004925325707022597	0.0007944073721004809	0.02462662853511276	-0.014617095646647515	0.004925325707022597	2670426
2021-06-04	-0.01084394153701092	0.004557598617004544	0.004557598617004544	-0.0215307245010216	-0.01084394153701092	2518633
2021-06-03	0.0007864108210129642	0.004246618433469694	0.019974834853727527	-0.00566215791129285	0.0007864108210129642	2246513
2021-06-02	-0.02033898305084757	-0.0026194144838212895	-0.0026194144838212895	-0.02927580893682597	-0.02033898305084757	3295390
2021-06-01	-0.005211526670753973	0.0	0.011649294911097565	-0.013488657265481232	-0.005211526670753973	2648178
2021-05-31	-0.0434017595307919	-0.004398826979472099	-0.004398826979472099	-0.060410557184750795	-0.0434017595307919	5413053
2021-05-28	-0.005540974044910987	-0.0002916302128899974	0.004082822980460792	-0.011665208515602175	-0.005540974044910987	2182789
2021-05-27	0.010908018867924453	0.0019162735849055932	0.010908018867924453	-0.006780660377358608	0.010908018867924453	3035423
2021-05-26	0.04691358024691368	0.0024691358024690833	0.05709876543209881	0.002006172839506322	0.04691358024691368	5088304
2021-05-25	0.048034934497816574	0.004366812227074287	0.05159307779395112	-0.0067928190198932835	0.048034934497816574	4469442
2021-05-24	0.004059759662227996	0.002923026956804153	0.006982786619032149	-0.015751867489444606	0.004059759662227996	1995820
2021-05-21	-0.017079010375099766	-0.0003192338387868479	0.013088587390263372	-0.02106943335993616	-0.017079010375099766	2233016
2021-05-20	0.0170454545454545	-0.00016233766233763003	0.021915584415584437	-0.014610389610389588	0.0170454545454545	2553621
2021-05-19	-0.012345679012345616	0.004970338303671673	0.004970338303671673	-0.022767356100689348	-0.012345679012345616	1819315
2021-05-18	0.013322502030869217	0.0	0.03265637692932584	-0.0012997562956945296	0.013322502030869217	2795224
2021-05-17	-0.0009738678785911748	0.002759292322674918	0.007628631715630561	-0.014608018178867045	-0.0009738678785911748	2551141
2021-05-14	0.00016233766233763003	0.0053571428571428294	0.010714285714285659	-0.009253246753246758	0.00016233766233763003	2012180
2021-05-13	-0.003236245954692488	0.0	0.0064724919093852055	-0.018122977346278275	-0.003236245954692488	1957274
2021-05-12	-0.010408326661329154	-0.0008006405124099962	0.011529223378702944	-0.03282626100880711	-0.010408326661329154	2322468
2021-05-11	0.012976480129764871	-0.0016220600162206232	0.024655312246553172	-0.012489862124898558	0.012976480129764871	2703188
2021-05-10	-0.027142180842670015	-0.005680921571721626	0.00552311819472939	-0.03582136657724469	-0.027142180842670015	3595467
2021-05-07	0.0061924420450936895	0.005239758653540893	0.03143855192124479	-0.007303906001905268	0.0061924420450936895	2971983
2021-05-06	-0.020528771384136862	0.0001555209953344497	0.009331259720062341	-0.038102643856920616	-0.020528771384136862	4357763
2021-04-30	0.01611883691529703	-0.021807838179519635	0.023388116308470354	-0.023388116308470354	0.01611883691529703	4396010
2021-04-29	0.020809808033553784	0.0016131634134538058	0.029520890466204198	0.0	0.020809808033553784	3358246
2021-04-28	0.01290849673202613	0.0013071895424836323	0.02173202614379082	-0.01944444444444452	0.01290849673202613	3554178
2021-04-27	-0.02887972072357982	-0.0049190733100603345	0.010631545541097978	-0.04062202475404637	-0.02887972072357982	4315419
2021-04-26	0.0232180548790388	0.0003247280402662124	0.03831790875142067	-0.007955836986523818	0.0232180548790388	4770795
2021-04-23	-0.0077332044465925065	0.006283228612856462	0.019816336394393376	-0.022716288061865694	-0.0077332044465925065	3764749
2021-04-22	-0.011938872970391595	0.0012734797835084097	0.006844953836357843	-0.014963387456224097	-0.011938872970391595	2081173
2021-04-21	0.0009560229445507055	-0.0009560229445505923	0.009878903760356989	-0.018323773103887806	0.0009560229445507055	2772429
2021-04-20	0.007383627608346723	-0.006902086677367572	0.018298555377207072	-0.008667736757624386	0.007383627608346723	4000317
2021-04-19	0.04460093896713609	-0.0011737089201877982	0.05130784708249501	-0.007377598926894663	0.04460093896713609	5503696
2021-04-16	0.0256233877901978	0.00791057609630268	0.04350816852966468	-0.004127257093723164	0.0256233877901978	4676462
2021-04-15	-0.01624090678396212	0.0	0.00135340889866348	-0.0223312468279479	-0.01624090678396212	2362805
2021-04-14	0.018260120585702023	0.0	0.02997416020671838	-0.004478897502153282	0.018260120585702023	2699025
2021-04-13	-0.008539709649871904	-0.00802732707087957	0.005807002561912953	-0.024423569598633642	-0.008539709649871904	2872954
2021-04-12	-0.013977770293028047	0.0025261030650050283	0.0028629168070056347	-0.04311215897608626	-0.013977770293028047	4430855
2021-04-09	-0.012308715901530189	-0.0033266799733864894	0.008982035928143698	-0.02178975382568189	-0.012308715901530189	3020081
2021-04-08	-0.02164361269324663	-0.0073230268510985	-0.00016273393002449335	-0.029292107404393884	-0.02164361269324663	3653349
2021-04-07	0.01907131011608633	0.0021558872305141386	0.022885572139303527	-0.01907131011608621	0.01907131011608633	3484623
2021-04-06	-0.018714401952807252	-0.007160292921074122	0.020179007323026767	-0.025549227013832387	-0.018714401952807252	3317846
2021-04-02	0.001793283338767516	0.0004890772742092278	0.017932833387675158	-0.016954678839256703	0.001793283338767516	2121417
2021-04-01	0.029885829415715263	-0.0060443250503693655	0.03609805238415041	-0.0060443250503693655	0.029885829415715263	3339851
2021-03-31	-0.010302426055167787	0.001994017946161473	0.021934197407776676	-0.01611831173147223	-0.010302426055167787	3981374
2021-03-30	0.01466868993424376	-0.0018546619457089771	0.015680323722812337	-0.01635474624852468	0.01466868993424376	4248646
2021-03-29	-0.0025227043390514394	0.002186343760511311	0.01025899764547594	-0.011604439959636692	-0.0025227043390514394	2659617
2021-03-26	0.014502644599897653	-0.0018768128305749776	0.025934140931581695	-0.008872206108172598	0.014502644599897653	4514463
2021-03-25	-0.0037395886452490034	-0.006799252082270927	0.004929457759646425	-0.040455549889512075	-0.0037395886452490034	8011934
2021-03-24	-0.10004589261128967	-0.009790423741777582	-0.007495793177298594	-0.10004589261128967	-0.10004589261128967	9952486
2021-03-23	-0.02723214285714283	-0.00505952380952386	0.011607142857142873	-0.04315476190476199	-0.02723214285714283	6267063
2021-03-22	0.08387096774193553	-0.008709677419354824	0.08548387096774189	-0.012903225806451568	0.08387096774193553	7832286
2021-03-19	-0.031401343540071944	-0.01515388220590542	0.009842212154350811	-0.0532729261052961	-0.031401343540071944	6335452
2021-03-18	0.0459150326797386	0.008823529411764692	0.058660130718954304	0.008823529411764692	0.0459150326797386	5584083
2021-03-17	-0.011468260377967918	0.0006460991762236514	0.020029074462930094	-0.030851235664674473	-0.011468260377967918	3828490
2021-03-16	-0.013229199872489725	0.010838380618425241	0.011635320369779994	-0.01976410583359901	-0.013229199872489725	6547288
2021-03-15	0.027345668904535807	0.0032749304077288825	0.05747502865564103	0.0032749304077288825	0.027345668904535807	6891900
2021-03-12	-0.024440894568690114	0.014217252396166143	0.014217252396166143	-0.03354632587859427	-0.024440894568690114	2715735
2021-03-11	0.03814262023217254	-0.003316749585406231	0.05721393034825876	-0.003316749585406231	0.03814262023217254	4593101
2021-03-10	0.000829875518672152	0.010456431535269753	0.02074688796680498	-0.018589211618257218	0.000829875518672152	3888149
2021-03-09	0.017736486486486437	0.005067567567567519	0.035472972972972874	-0.0261824324324325	0.017736486486486437	6098129
2021-03-08	-0.02310231023102308	-0.0008250825082508955	0.02557755775577553	-0.026402640264026424	-0.02310231023102308	4520073
2021-03-05	-0.0639481000926783	-0.015755329008340997	-0.009885696632684593	-0.06750077232004939	-0.0639481000926783	5205587
2021-03-04	0.004499612102404842	-0.010705973622963612	0.017532971295577897	-0.022498060512024867	0.004499612102404842	5997477
2021-03-03	0.06458539808391152	0.001816980508754533	0.0711925999339279	-0.009745622728774304	0.06458539808391152	5028142
2021-03-02	-0.003128602008891779	0.0069158570722872015	0.011032438662934328	-0.015313683517207306	-0.003128602008891779	3912455
2021-03-01	-0.014123376623376697	0.009740259740259763	0.009740259740259763	-0.02922077922077929	-0.014123376623376697	4589902
2021-02-26	-0.05448963929393713	-0.0349961627014583	-0.014581734458940948	-0.05832693783576368	-0.05448963929393713	8492496
2021-02-25	0.021800501882057836	0.005332496863237082	0.0351317440401506	-0.0072145545796737905	0.021800501882057836	5131241
2021-02-24	-0.002034747221787487	0.0026608232900297655	0.05556425105650332	-0.013930192518390993	-0.002034747221787487	7969362
2021-02-23	0.03751217927898672	-0.003734978889249706	0.05310165638194213	-0.010555375121792767	0.03751217927898672	6374304
2021-02-22	-0.03479623824451409	0.0023510971786834746	0.008777429467084676	-0.045454545454545435	-0.03479623824451409	7300369
2021-02-19	-0.009470579102623809	-0.004968172643999273	0.010557366868498787	-0.025772395590746726	-0.009470579102623809	6060301
2021-02-18	0.006406249999999947	0.025937499999999947	0.03281249999999991	-0.02328125000000003	0.006406249999999947	6113494
2021-02-10	-0.006828057107386681	-0.0029484792054624105	0.0006207324643079803	-0.016139044072004952	-0.006828057107386681	3845733
2021-02-09	0.01962025316455688	0.013449367088607504	0.03797468354430366	-0.003164556962025361	0.01962025316455688	5274571
2021-02-08	0.008135268782900065	-0.003030786409315644	0.02089647471686078	-0.018184718455894092	0.008135268782900065	4795641
2021-02-05	-0.005867427846495473	0.006343165239454465	0.01522359657469067	-0.016809387884554428	-0.005867427846495473	4179246
2021-02-04	0.04369414101290964	0.008109897384971778	0.05246607083747106	0.0	0.04369414101290964	7044502
2021-02-03	-0.028617363344051464	-0.0032154340836013317	0.02073954983922828	-0.03536977491961419	-0.028617363344051464	8189123
2021-02-02	-0.002245749117741427	-0.009785049727301997	0.004972730189284491	-0.02486365094642291	-0.002245749117741427	7310551
2021-02-01	0.05678928631971523	0.0064417697914900054	0.07289371079844037	0.0027123241227326087	0.05678928631971523	8352249
2021-01-29	0.00837606837606841	-0.003760683760683741	0.05128205128205128	-0.008547008547008548	0.00837606837606841	13014213
2021-01-28	-0.011657374556512886	-0.024835276229092734	0.009798952525764579	-0.024835276229092734	-0.011657374556512886	8513886
2021-01-27	0.011967857753462057	0.00530005129081886	0.011967857753462057	-0.03368097110617198	0.011967857753462057	7751216
2021-01-26	0.09572873735481452	-0.011240164855751245	0.10003746721618577	-0.0164855751217685	0.09572873735481452	13098288
2021-01-25	0.0697394789579159	0.006012024048096278	0.08016032064128256	0.004609218436873827	0.0697394789579159	8785287
2021-01-22	0.01114488348530896	-0.0012158054711246661	0.02512664640324219	-0.019047619047619146	0.01114488348530896	10279467
2021-01-21	-0.02777777777777771	-0.013002364066193787	0.009653270291568204	-0.03270291568163902	-0.02777777777777771	12928026
2021-01-20	-0.01666020922123207	-0.008911274699728805	0.0110422316931422	-0.02344052692754748	-0.01666020922123207	5461572
2021-01-19	0.004866653688923497	-0.0013626630328985845	0.022386606969048196	-0.011095970410745577	0.004866653688923497	7486312
2021-01-18	-0.089345860663003	0.0	0.0	-0.08970040772912596	-0.089345860663003	14187031
2021-01-15	0.10003900156006232	-0.005265210608424398	0.10003900156006232	-0.005460218408736371	0.10003900156006232	8356530
2021-01-14	-0.03952050945870012	-0.009739651620153646	0.0	-0.04045701442217651	-0.03952050945870012	4433875
2021-01-13	-0.005957922174641599	0.0035375162911934037	0.014708620368646418	-0.010612548873580345	-0.005957922174641599	3622192
2021-01-12	0.012441093308199883	0.0075400565504242355	0.020546654099905814	-0.0007540056550423968	0.012441093308199883	5116501
2021-01-11	-0.03650563022157655	-0.010170722847802438	-0.00036324010170728525	-0.04649473301852528	-0.03650563022157655	5980425
2021-01-08	-0.014321518080916527	0.018796992481202958	0.018796992481202958	-0.02380952380952378	-0.014321518080916527	4909304
2021-01-07	0.006486486486486477	0.012252252252252247	0.036036036036036036	-0.008108108108108159	0.006486486486486477	6099953
2021-01-06	-0.03208929194279741	0.002964771538193139	0.002964771538193139	-0.03418207185211023	-0.03208929194279741	7272569
