2024-12-31	-0.0026333113890717017	0.0006583278472679643	0.008338819398727288	-0.0074610489357033885	-0.0026333113890717017	42476700
2024-12-30	0.011318242343541899	0.0	0.019973368841544575	0.0	0.011318242343541899	38882167
2024-12-27	-0.008362676056337929	0.0	0.003961267605633797	-0.018265845070422497	-0.008362676056337929	37915643
2024-12-26	0.0	0.00022007042253532387	0.00418133802816912	-0.009683098591549246	0.0	32452739
2024-12-25	-0.0030715225976305524	0.00372970601140855	0.008995173321632376	-0.008117595436594943	-0.0030715225976305524	40087781
2024-12-24	0.02449988761519434	0.0006743088334457436	0.03641267700606872	0.0006743088334457436	0.02449988761519434	70082613
2024-12-23	0.028432732316227557	0.0013869625520111484	0.03328710124826641	0.0011558021266760117	0.028432732316227557	69320639
2024-12-20	-0.008934707903780082	0.0	0.006872852233677074	-0.010309278350515367	-0.008934707903780082	35096649
2024-12-19	0.004602991944763999	-0.0034522439585732033	0.01242807825086304	-0.006444188722669761	0.004602991944763999	43438685
2024-12-18	0.010465116279069833	0.004418604651162738	0.013023255813953541	0.0030232558139535477	0.010465116279069833	29719828
2024-12-17	0.002798507462686507	-0.0004664179104478341	0.015158582089552204	-0.0027985074626866733	0.002798507462686507	33483868
2024-12-16	-0.0027906976744185453	-0.0032558139534883852	0.01023255813953483	-0.006744186046511608	-0.0027906976744185453	30920371
2024-12-13	-0.0105844454670962	-0.003451449608835678	-0.0013805798435343366	-0.016336861481822385	-0.0105844454670962	43500158
2024-12-12	0.003463403371045915	-0.002308935580697331	0.0055414453936733984	-0.006003232509813094	0.003463403371045915	32395962
2024-12-11	0.007677989762680443	-0.0013959981386690362	0.014425314099581307	-0.003955328059562462	0.007677989762680443	32608685
2024-12-10	0.014876033057851132	0.027626918536009484	0.043447461629279725	0.013459268004722556	0.014876033057851132	75926081
2024-12-09	0.001892595221197026	0.00023657440264958623	0.008516678495386785	-0.015613910574875885	0.001892595221197026	35374006
2024-12-06	-0.0011814744801511615	-0.00047258979206056534	0.008034026465028267	-0.004962192816635181	-0.0011814744801511615	38486014
2024-12-05	-0.007271874266948211	0.00046915317851269105	0.009852216748768346	-0.00938306357025582	-0.007271874266948211	30419083
2024-12-04	0.006611570247933911	0.0007083825265643716	0.024557260920897262	-0.006611570247933911	0.006611570247933911	53698426
2024-12-03	0.0073739295908658966	-0.002854424357754459	0.008563273073263546	-0.004519505233111268	0.0073739295908658966	34841161
2024-12-02	-0.000950570342205303	0.0	0.0016634980988593224	-0.016159695817490487	-0.000950570342205303	39186783
2024-11-29	0.011538461538461463	0.00024038461538456756	0.014663461538461525	-0.0021634615384616205	0.011538461538461463	34638077
2024-11-28	-0.011641720123544832	-0.0007127583749109321	0.002375861249702882	-0.014017581373247882	-0.011641720123544832	26382498
2024-11-27	0.022098105876639237	0.0026711996114618607	0.022098105876639237	-0.0004856726566295077	0.022098105876639237	43224023
2024-11-26	0.005125701732975369	-0.003173053453746533	0.01098364657066153	-0.011227727605565068	0.005125701732975369	39450573
2024-11-25	-0.007990314769975746	0.0	0.011380145278450509	-0.012106537530266345	-0.007990314769975746	42357130
2024-11-22	-0.023871425194989485	-0.0011817537225243266	0.008272276057669448	-0.025053178917513644	-0.023871425194989485	50814545
2024-11-21	-0.009829159840861097	-0.0016381933068102103	-0.0009361104610343822	-0.017084015913877766	-0.009829159840861097	39628121
2024-11-20	-0.004658746797111643	-0.0018634987188445912	-0.0018634987188445912	-0.008618681574656359	-0.004658746797111643	29577144
2024-11-19	0.0013995801259622644	0.0	0.004432003732213782	-0.008397480755773255	0.0013995801259622644	29152792
2024-11-18	-0.0057977736549165125	0.0009276437847866222	0.008812615955473158	-0.009740259740259615	-0.0057977736549165125	34039682
2024-11-15	-0.01372369624885639	-0.001601097895699915	0.00320219579139983	-0.018984446477584592	-0.01372369624885639	42410752
2024-11-14	-0.004553734061930848	-0.007285974499089259	0.011839708561019945	-0.014344262295082025	-0.004553734061930848	45993405
2024-11-13	0.005034324942791736	-0.0029748283752860996	0.011899313501144072	-0.004576659038901667	0.005034324942791736	45349179
2024-11-12	-0.0011428571428570779	0.0	0.027428571428571493	-0.005028571428571402	-0.0011428571428570779	66071776
2024-11-11	-0.011299435028248588	-0.007457627118644029	-0.007005649717514176	-0.02440677966101691	-0.011299435028248588	56605747
2024-11-08	-0.00022593764121098083	0.007681879801174953	0.019430637144148204	-0.010393131495707204	-0.00022593764121098083	81382728
2024-11-07	0.03314659197012125	-0.004201680672269066	0.03314659197012125	-0.007236227824463171	0.03314659197012125	79996791
2024-11-06	-0.024145785876993058	-0.0022779043280182557	-0.002050113895216317	-0.028018223234624075	-0.024145785876993058	79986476
2024-11-05	0.013856812933025438	0.0	0.015473441108545075	-0.011085450346420252	0.013856812933025438	63199376
2024-11-04	-0.005055147058823666	0.0018382352941176078	0.0032169117647057317	-0.015165441176470671	-0.005055147058823666	54547738
2024-11-01	0.0004597701149426006	0.0	0.010344827586206962	-0.006896551724137866	0.0004597701149426006	54205023
2024-10-31	-0.049803407601572765	-0.027959807776321562	-0.02359108781127126	-0.058977719528178305	-0.049803407601572765	104991527
2024-10-30	-0.017385705086928573	0.0	0.009444086713887051	-0.025327323459970096	-0.017385705086928573	40839078
2024-10-29	-0.003635585970915197	0.0010692899914457714	0.012403763900770005	-0.0053464499572284	-0.003635585970915197	28215945
2024-10-28	-0.004894658437965609	0.0	0.0072355820387315665	-0.013194296658863684	-0.004894658437965609	27910688
2024-10-25	-0.008231321232587602	-0.0016884761502744912	0.0	-0.01224145208948935	-0.008231321232587602	26174534
2024-10-24	-0.011475067807218802	-0.005633215105362051	0.0	-0.01502190694763194	-0.011475067807218802	19460097
2024-10-23	0.0031393888656341268	0.0020929259104228008	0.013604018417747981	-0.0041858518208456015	0.0031393888656341268	32693868
2024-10-22	0.016595744680851086	-0.00042553191489368353	0.03063829787234038	-0.004255319148936231	0.016595744680851086	42234103
2024-10-21	-0.006342494714587678	0.0	0.0014799154334038116	-0.022410147991543238	-0.006342494714587678	47446657
2024-10-18	0.014803690195237026	-0.0025745548165629147	0.029392834155760512	-0.007938210684402433	0.014803690195237026	47005903
2024-10-17	-0.01811670528755002	0.004423846639983165	0.016852749104697792	-0.018959342742784886	-0.01811670528755002	38612332
2024-10-16	-0.022647724933086297	-0.012147416100473613	-0.010500308832612684	-0.03479514103355976	-0.022647724933086297	45436087
2024-10-15	-0.025481540930979193	-0.0012038523274478785	0.0030096308186195538	-0.026284109149277732	-0.025481540930979193	35601269
2024-10-14	0.025725457913150854	0.0014406256431363073	0.036838855731632	0.0014406256431363073	0.025725457913150854	53868615
2024-10-11	-0.021349446122859925	0.00020140986908354503	0.0044310171198388495	-0.028801611278952664	-0.021349446122859925	42710001
2024-10-10	0.03588566659712078	0.005007302315877362	0.0521593991237221	0.005007302315877362	0.03588566659712078	73522819
2024-10-09	-0.06932038834951457	-0.020388349514563052	-0.020388349514563052	-0.0902912621359223	-0.06932038834951457	110521204
2024-10-08	0.07425949103045479	0.09991656236962869	0.09991656236962869	0.02649144764288701	0.07425949103045479	129467417
2024-09-30	0.0797297297297297	0.024999999999999988	0.08378378378378376	0.024774774774774806	0.0797297297297297	138686863
2024-09-27	0.00045065344749878366	0.0166741775574582	0.02523659305993685	-0.018702118071203366	0.00045065344749878366	91250193
2024-09-26	0.04472693032015079	0.005178907721280743	0.04519774011299439	-0.0007062146892653963	0.04472693032015079	60192988
2024-09-25	0.024108003857280617	0.01229508196721324	0.03857280617164902	0.011330761812922035	0.024108003857280617	64768443
2024-09-24	0.0012068549360366198	0.010137581462708224	0.010137581462708224	-0.020033791938208985	0.0012068549360366198	52659325
2024-09-23	0.008765522279035778	0.0	0.013635256878500177	-0.0031653274896518762	0.008765522279035778	26690513
2024-09-20	0.010332103321033253	0.0012300123001231062	0.013530135301353118	-0.0031980319803196914	0.010332103321033253	31839792
2024-09-19	0.0032082922013819213	-0.01283316880552821	0.004689042448173685	-0.022458045409674325	0.0032082922013819213	32575868
2024-09-18	0.032619775739041824	0.000764525993883821	0.03389398572884807	-0.0012742099898064288	0.032619775739041824	35181361
2024-09-13	0.015002586652871326	0.0002586652871186011	0.02353854112778075	-0.0012933264355922702	0.015002586652871326	26332892
2024-09-12	-0.011000255819902962	-0.0017907393195190657	0.0038372985418265175	-0.02072141212586345	-0.011000255819902962	28848026
2024-09-11	0.002307692307692395	-0.0035897435897436045	0.014871794871794828	-0.011282051282051224	0.002307692307692395	23414141
2024-09-10	0.0025706940874036356	0.0	0.009768637532133742	-0.0020565552699228352	0.0025706940874036356	16914500
2024-09-09	-0.026526526526526584	-0.0002502502502502005	-0.0002502502502502005	-0.028278278278278342	-0.026526526526526584	30581566
2024-09-06	-0.00941993058998519	-0.00024789291026289326	0.004709965294992506	-0.009915716410510799	-0.00941993058998519	16739943
2024-09-05	-0.004687885516901005	0.0	0.008635578583765147	-0.014310387367382143	-0.004687885516901005	23358753
2024-09-04	-0.002461235540241236	-0.002707359094265307	0.006645335958651144	-0.009844942160964943	-0.002461235540241236	25192526
2024-09-03	0.01448189762796518	-0.000998751560549292	0.01947565543071164	-0.000998751560549292	0.01448189762796518	29773464
2024-09-02	0.008816120906800864	0.0025188916876572875	0.022166246851385275	-0.0022670025188917735	0.008816120906800864	43207352
2024-08-30	0.022932233960319518	-0.0038649832517393887	0.04045349136820408	-0.0115949497552178	0.022932233960319518	47082758
2024-08-29	0.0002577319587630185	-0.0002577319587628353	0.016752577319587778	-0.0005154639175256706	0.0002577319587630185	27705633
2024-08-28	-0.07110366291596854	-0.05554225520708643	-0.05434522384486481	-0.08163753890351935	-0.07110366291596854	40555660
2024-08-27	-0.007130972189208395	-0.0009507962918944413	-0.0009507962918944413	-0.010458759210839023	-0.007130972189208395	31471438
2024-08-26	0.000713606089438657	0.0033301617507136196	0.006184586108468078	-0.008563273073263546	0.000713606089438657	34787016
2024-08-23	0.018904507998061103	0.0002423654871547532	0.022297624818225927	-0.0033931168201648226	0.018904507998061103	45770454
2024-08-22	0.010531471956894434	0.004163605192260634	0.013715405339211421	-0.000979671809943648	0.010531471956894434	32486061
2024-08-21	-0.0031738281250000625	-0.00390625000000009	0.005371093749999972	-0.01098632812500007	-0.0031738281250000625	18746250
2024-08-20	0.00540009818360331	0.0	0.007854688267059408	-0.010554737358861062	0.00540009818360331	23622593
2024-08-19	-0.006825938566552928	-0.004875670404680713	0.009019990248659128	-0.01487079473427612	-0.006825938566552928	24951265
2024-08-16	0.012339585389930897	0.0032082922013819213	0.015547877591312818	-0.0017275419545903328	0.012339585389930897	23508601
2024-08-15	0.00997008973080772	-0.0014955134596210163	0.01794616151545379	-0.006729810568295016	0.00997008973080772	26014463
2024-08-14	-0.0027342779020631232	0.0	0.0022371364653244697	-0.010191399453144335	-0.0027342779020631232	12968626
2024-08-13	-0.002479543763947469	0.0012397718819738225	0.0029754525167370333	-0.014877262583684638	-0.002479543763947469	19476207
2024-08-12	0.0007444168734491598	-0.00471464019851111	0.011166253101737043	-0.005707196029776598	0.0007444168734491598	17485102
2024-08-09	-0.004446640316205527	0.0	0.005928853754940761	-0.006422924901185722	-0.004446640316205527	18936870
2024-08-08	0.0002470966147763284	-0.0002470966147763284	0.0069187052137386	-0.00518902891030395	0.0002470966147763284	22621581
2024-08-07	-0.0051622418879056255	-0.0024582104228122277	0.0004916420845625154	-0.015240904621435533	-0.0051622418879056255	26181338
2024-08-06	-0.010459742155193377	0.0	0.009243493067380261	-0.019946485040136228	-0.010459742155193377	35646753
2024-08-05	0.011316113161131633	-0.0012300123001229314	0.028044280442804444	-0.0024600246002460377	0.011316113161131633	61486216
2024-08-02	0.0007385524372230709	-0.003200393894633074	0.010093549975381677	-0.01304775972427361	0.0007385524372230709	30526884
2024-08-01	0.014992503748125793	-0.004997501249375383	0.023738130934532625	-0.004997501249375383	0.014992503748125793	42696638
2024-07-31	0.026417030007694308	-0.0033341882533983727	0.031290074378045624	-0.0076942805847654335	0.026417030007694308	43518491
2024-07-30	-0.021089630931458606	-0.003263871453678018	-0.0027617373838814824	-0.029374843083103234	-0.021089630931458606	37406217
2024-07-29	0.0	0.006025608837559679	0.013055485814712607	-0.008285212151644447	0.0	35471368
2024-07-26	0.06525809039850221	0.04279219042524743	0.0679326023000802	0.04038512971382717	0.06525809039850221	93874115
2024-07-25	0.006189451022605059	-0.0021528525296016766	0.011033369214208928	-0.011302475780408898	0.006189451022605059	26508930
2024-07-24	-0.024671916010498812	-0.0007874015748031794	0.0	-0.028871391076115523	-0.024671916010498812	37031259
2024-07-23	-0.019557385486361246	-0.0007720020586721857	0.0012866700977868543	-0.019557385486361246	-0.019557385486361246	23476283
2024-07-22	-0.00993630573248409	-0.0012738853503183988	0.0038216560509553776	-0.013757961783439469	-0.00993630573248409	24217190
2024-07-19	-0.0027947154471544573	-0.0022865853658535647	-0.0015243902439024968	-0.014227642276422823	-0.0027947154471544573	25426735
2024-07-18	0.024733142410830588	-0.004686279614683669	0.02603488674824265	-0.00781046602447272	0.024733142410830588	42468118
2024-07-17	-0.0018191268191268266	-0.004677754677754671	0.0015592515592516185	-0.017671517671517666	-0.0018191268191268266	32360937
2024-07-16	-0.0038829924928813274	0.0005177323323840543	0.003106393994304878	-0.012943308309603933	-0.0038829924928813274	25286618
2024-07-15	-0.0061744275791097225	-0.00025726781579619274	0.003087213789555044	-0.011834319526627241	-0.0061744275791097225	21150175
2024-07-12	0.004912099276111627	-0.0046535677352636945	0.009565667011375322	-0.00775594622543943	0.004912099276111627	33614813
2024-07-11	0.021119324181626112	0.007919746568109745	0.023759239704329423	0.0036958817317845976	0.021119324181626112	33347640
2024-07-10	-0.013027618551328815	0.0	0.004429390307451657	-0.018759770713913652	-0.013027618551328815	29570072
2024-07-09	0.011330698287220019	0.0007905138339919375	0.01343873517786556	-0.005797101449275519	0.011330698287220019	30184704
2024-07-08	0.00663129973474801	-0.0007957559681697914	0.007957559681697536	-0.007161803713527934	0.00663129973474801	27260302
2024-07-05	-0.008416622830089433	-0.0002630194634404291	0.00578642819568645	-0.021567596002104162	-0.008416622830089433	39027322
2024-07-04	-0.0028848675583529877	0.0005245213742458961	0.014948859166011021	-0.008130081300813068	-0.0028848675583529877	37059372
2024-07-03	-0.0033978044955565987	-0.0007841087297438875	0.005227391531625793	-0.006272869837950729	-0.0033978044955565987	24424534
2024-07-02	-0.01645244215938305	-0.0025706940874036356	-0.00025706940874030876	-0.02185089974293063	-0.01645244215938305	39888409
2024-07-01	-0.008159102498725148	-0.005099439061703104	0.007139214686384527	-0.011983681795002522	-0.008159102498725148	27596071
2024-06-28	-0.006585612968591642	-0.006332320162107397	0.00557244174265466	-0.010891590678824715	-0.006585612968591642	27875495
2024-06-27	-0.010774242044600344	-0.0035078927587069274	0.0	-0.025056376847907794	-0.010774242044600344	37342073
2024-06-26	-0.012861736334405223	0.0	0.004204798417017108	-0.015335147167944532	-0.012861736334405223	25362201
2024-06-25	0.00948813982521854	-0.0024968789013731416	0.020224719101123653	-0.005742821473158474	0.00948813982521854	28457257
2024-06-24	0.00856207504406941	-0.004029211785444566	0.013094938302694434	-0.005288340468395891	0.00856207504406941	29110376
2024-06-21	-0.0015086748805632957	-0.0017601206939904521	0.004274578828262373	-0.011063615790797204	-0.0015086748805632957	24759484
2024-06-20	-0.0052526263131564225	-0.0007503751875936477	0.004502251125562774	-0.010505252626313022	-0.0052526263131564225	23528797
2024-06-19	-0.010640930462756737	-0.002474634991338637	-0.001484780994803147	-0.023261568918584455	-0.010640930462756737	29105336
2024-06-18	0.0012388503468780266	-0.0027254707631317997	0.003468780971258686	-0.008919722497522285	0.0012388503468780266	18985710
2024-06-17	-0.013926215489860744	-0.00561935010994373	0.004642071829953524	-0.017346689469826555	-0.013926215489860744	30108874
2024-06-14	0.0173999502858564	0.00024857071836950325	0.017897091722595227	-0.003479990057171103	0.0173999502858564	31620215
2024-06-13	-0.01179071481208558	0.0	0.00761483664947193	-0.012527634487840776	-0.01179071481208558	26438755
2024-06-12	0.003450825733300482	-0.0032043381809219265	0.007641114123736807	-0.014542765590337773	0.003450825733300482	23390651
2024-06-11	-0.012895377128953799	-0.0036496350364963156	0.004622871046228655	-0.02481751824817526	-0.012895377128953799	37588307
2024-06-07	-0.00987713803902666	-0.003854492893278646	0.002649963864129112	-0.01758612382558412	-0.00987713803902666	31912692
2024-06-06	0.014914425427872847	-0.0029339853300732873	0.023227383863080753	-0.0034229828850855888	0.014914425427872847	40103084
2024-06-05	-0.016354016354016346	0.00024050024050036354	0.00745550745550751	-0.017556517556517482	-0.016354016354016346	25901702
2024-06-04	0.002410800385728096	-0.003134040501446371	0.005544840887174638	-0.014464802314368235	0.002410800385728096	24068585
2024-06-03	0.019164619164619017	0.0007371007371005904	0.02457002457002457	-0.0019656019656020983	0.019164619164619017	31390259
2024-05-31	-0.009732360097323567	0.00608272506082725	0.008759124087591226	-0.009732360097323567	-0.009732360097323567	26997277
2024-05-30	-0.0019426906265176856	-0.0019426906265176856	0.007770762506070915	-0.005585235551238389	-0.0019426906265176856	20141557
2024-05-29	-0.009143407122232978	-0.0014436958614052519	0.004331087584215585	-0.009143407122232978	-0.009143407122232978	25684627
2024-05-28	-0.008587786259541971	0.0	0.002862595419847267	-0.013358778625954252	-0.008587786259541971	25602667
2024-05-27	0.018217148409035704	-0.0009715812484818835	0.02331794996356572	-0.002671848433325223	0.018217148409035704	39729593
2024-05-24	-0.0012130033964094411	-0.005337214944201816	0.006307617661329403	-0.00776322173702087	-0.0012130033964094411	23040992
2024-05-23	-0.008180943214629532	0.0	0.00024061597690081834	-0.014677574590952825	-0.008180943214629532	34515704
2024-05-22	-0.005741626794258251	0.0011961722488039298	0.0014354066985646477	-0.00933014354066987	-0.005741626794258251	25662309
2024-05-21	-0.001910219675262784	-0.001910219675262784	0.003104106972301706	-0.009073543457497673	-0.001910219675262784	35166064
2024-05-20	-0.008757396449704082	0.0018934911242603147	0.010887573964497061	-0.012544378698224879	-0.008757396449704082	37527720
2024-05-17	-0.002125649504015196	-0.0009447331128957546	0.0025980160604629054	-0.01936702881435995	-0.002125649504015196	42570792
2024-05-16	-0.009822263797941875	-0.0014031805425630303	-0.0004677268475209547	-0.014031805425631465	-0.009822263797941875	31683274
2024-05-15	0.0028142589118198276	-0.005628517823639822	0.013367729831144471	-0.0060975609756097095	0.0028142589118198276	24956829
2024-05-14	-0.021569527306103665	-0.0006883891693437617	-0.00022946305644786625	-0.030748049564020108	-0.021569527306103665	39554921
2024-05-13	0.008329477093937979	0.003701989819528082	0.014113836186950474	-0.008560851457658433	0.008329477093937979	34180258
2024-05-10	0.012652296157450777	0.0004686035613871398	0.015932521087160256	-0.00023430178069348666	0.012652296157450777	39675559
2024-05-09	0.011374407582938314	0.0026066350710900335	0.013033175355450169	-0.002369668246445531	0.011374407582938314	29378431
2024-05-08	-0.011014764471525634	-0.0009374267635340788	0.00398406374501996	-0.01218654792594336	-0.011014764471525634	30191761
2024-05-07	-0.017046763418567035	-0.007371573370191044	-0.0023036166781846192	-0.017507486754204056	-0.017046763418567035	42169408
2024-05-06	0.03062678062678061	0.011396011396011492	0.03822412155745488	0.004510921177587959	0.03062678062678061	75427859
2024-04-30	0.03974327326586027	0.012095778820044483	0.05529498889163175	0.0009874105159219735	0.03974327326586027	98063569
2024-04-29	0.025569620253164508	0.0015189873417722096	0.03696202531645572	-0.010126582278480976	0.025569620253164508	52500637
2024-04-26	0.014120667522464624	0.0035943517329910285	0.015404364569961342	-0.0010269576379975931	0.014120667522464624	29699521
2024-04-25	0.00205814252637009	-0.0018008747105737147	0.007718034473887427	-0.004373552868536007	0.00205814252637009	16140447
2024-04-24	-0.007151979565772699	-0.0035759897828863494	0.0012771392081737999	-0.016602809706257948	-0.007151979565772699	23506339
2024-04-23	-0.010614101592115281	-0.0048016173869092175	-0.0005054334091484237	-0.022744503411675474	-0.010614101592115281	28677687
2024-04-22	-0.009263895843765585	-0.0005007511266899355	0.013269904857285958	-0.013770655983975894	-0.009263895843765585	31251854
2024-04-19	-0.0015000000000000568	-0.007249999999999979	0.003250000000000064	-0.008999999999999985	-0.0015000000000000568	27368645
2024-04-18	0.010866818296689404	-0.0030326004548900036	0.02602982057113978	-0.006570634318928431	0.010866818296689404	49859208
2024-04-17	0.004824784154393035	-0.0063484002031488065	0.005078720162518937	-0.02488572879634342	0.004824784154393035	37353134
2024-04-16	-0.0005076142131978685	-0.003553299492385801	0.009137055837563437	-0.013451776649746222	-0.0005076142131978685	43295032
2024-04-15	0.031953902566788865	0.003928758512310073	0.03273965426925092	0.00026191723415395525	0.031953902566788865	46693406
2024-04-12	0.007387862796833803	0.0013192612137204291	0.01715039577836408	-0.0034300791556727034	0.007387862796833803	32834898
2024-04-11	-0.0005274261603376352	-0.0034282700421941602	0.0021097046413501657	-0.01239451476793246	-0.0005274261603376352	28870477
2024-04-10	-0.00472440944881889	-0.0005249343832021818	0.014435695538057668	-0.007874015748031607	-0.00472440944881889	37431209
2024-04-09	-0.03714935557240331	-0.0017690169320192135	0.0007581501137225458	-0.038412939095274275	-0.03714935557240331	58751840
2024-04-08	-0.019816695566014297	-0.00024770869457513034	-0.00024770869457513034	-0.024027743373792394	-0.019816695566014297	36713406
2024-04-03	0.00950237559389836	-0.0007501875468867501	0.012253063265816325	-0.003250812703175858	0.00950237559389836	25537449
2024-04-02	-0.0032402791625123495	-0.0029910269192422096	0.006729810568295193	-0.007726819541375753	-0.0032402791625123495	30917471
2024-04-01	0.02060544390740257	0.004833375731366007	0.024675655049605668	0.0038158229458152776	0.02060544390740257	38507559
2024-03-29	0.0028061224489795773	-0.0025510204081633015	0.0063775510204081625	-0.008163265306122455	0.0028061224489795773	23585811
2024-03-28	0.013705715024566877	0.007240755107318364	0.021463666925265017	-0.007499353504008253	0.013705715024566877	46044061
2024-03-27	0.01496062992125985	-0.0020997375328083543	0.025721784776902804	-0.0020997375328083543	0.01496062992125985	45811959
2024-03-26	-0.0015723270440250307	-0.0005241090146749481	0.00445492662473799	-0.00943396226415093	-0.0015723270440250307	33520860
2024-03-25	0.0005243838489773472	-0.0034084950183535015	0.012585212375458754	-0.007603565810173024	0.0005243838489773472	33678792
2024-03-22	0.00580168776371305	-0.0005274261603376352	0.008702531645569575	-0.003955696202531608	0.00580168776371305	29490523
2024-03-21	-0.008627450980392113	0.0013071895424835859	0.003660130718954263	-0.011764705882353016	-0.008627450980392113	31192403
2024-03-20	-0.0007836990595611582	-0.0005224660397075007	0.004702194357366764	-0.013845350052246633	-0.0007836990595611582	31623268
2024-03-19	-0.0005221932114881468	-0.0013054830287205525	0.007049608355091466	-0.005221932114882396	-0.0005221932114881468	30884365
2024-03-18	-0.013395157135497247	0.0005151983513653562	0.001803194229778472	-0.020607934054610953	-0.013395157135497247	52370520
2024-03-15	-0.018457648546144043	0.0010113780025286033	0.001517067003792725	-0.02629582806573955	-0.018457648546144043	48550854
2024-03-14	0.0017730496453900783	-0.003799392097264402	0.01393110435663638	-0.004305977710232893	0.0017730496453900783	34813602
2024-03-13	0.005603667855323456	-0.0017829852266938433	0.007641365257259406	-0.008405501782985183	0.005603667855323456	41975320
2024-03-12	-0.02989869038794171	-0.0002470966147763284	-0.0002470966147763284	-0.03879416851989129	-0.02989869038794171	83467251
2024-03-11	-0.0122040517451794	0.0	0.0068342689773004915	-0.022455455211130137	-0.0122040517451794	44482791
2024-03-08	0.0004884004884003911	0.0002442002442001956	0.0051282051282049755	-0.009279609279609342	0.0004884004884003911	26247377
2024-03-07	0.02068793619142586	0.00797607178464607	0.02617148554337	0.00473579262213372	0.02068793619142586	44230625
2024-03-06	-0.0019900497512439154	-0.000497512437811023	0.009452736318407847	-0.003731343283582231	-0.0019900497512439154	27965689
2024-03-05	0.0032443224357375233	-0.0019965061142999327	0.004741702021462384	-0.013226853007237364	0.0032443224357375233	41534196
2024-03-04	0.0014996250937266253	0.00974756310922271	0.02474381404648843	-0.0042489377655584755	0.0014996250937266253	51299213
2024-03-01	0.024583866837387988	0.000768245838668403	0.02483994878361091	-0.00281690140845069	0.024583866837387988	49235127
2024-02-29	0.0064432989690721655	0.0	0.010051546391752592	-0.0025773195876287198	0.0064432989690721655	33944025
2024-02-28	-0.002057613168724419	-0.00025720164609066657	0.00797325102880646	-0.008487654320987793	-0.002057613168724419	35133409
2024-02-27	0.0	-0.0030864197530865367	0.0030864197530863537	-0.009259259259259245	0.0	35105044
2024-02-26	0.019937040923399926	0.014165792235047199	0.032004197271773505	0.012854144805876233	0.019937040923399926	48760694
2024-02-23	-0.004179728317659449	0.001828631138975974	0.0033960292580981046	-0.009926854754441028	-0.004179728317659449	34173798
2024-02-22	0.010826511750726266	-0.004489041457618025	0.011354634275151829	-0.007129654079746397	0.010826511750726266	31474565
2024-02-21	-0.002370916754478488	-0.0015806111696523254	0.010273972602739741	-0.009220231822971586	-0.002370916754478488	47622551
2024-02-20	0.026500811249324067	0.0005408328826393491	0.027582477014602574	-0.001081665765278506	0.026500811249324067	51256680
2024-02-19	0.023242944106253355	0.009407858328721536	0.023796347537354715	0.0005534034311011627	0.023242944106253355	49645367
2024-02-08	-0.017934782608695563	0.0	0.0038043478260869723	-0.022826086956521642	-0.017934782608695563	57054423
2024-02-07	0.025069637883008318	0.0002785515320333708	0.027298050139275876	-0.011977715877437319	0.025069637883008318	77041844
2024-02-06	-0.004988913525498883	-0.004988913525498883	0.019955654101995533	-0.01468957871396899	-0.004988913525498883	77154588
2024-02-05	0.013483146067415642	-0.007022471910112359	0.015730337078651548	-0.013202247191011204	0.013483146067415642	68096947
2024-02-02	0.009070294784580506	-0.002267573696145076	0.015873015873015938	-0.0184240362811791	0.009070294784580506	57203301
2024-02-01	0.0008510638297872663	-0.0019858156028368873	0.006808510638297929	-0.006808510638297929	0.0008510638297872663	39645155
2024-01-31	0.0028449502133713065	-0.004836415362731201	0.014793741109530674	-0.006827880512091095	0.0028449502133713065	57217632
2024-01-30	0.0025670279520820394	-0.007415858528237453	0.01454649172846543	-0.011123787792355977	0.0025670279520820394	59559302
2024-01-29	0.04159239453357118	0.03891859774212723	0.04723707664884146	0.022281639928698756	0.04159239453357118	82599747
2024-01-26	0.0	-0.0014854426619131658	0.0032679738562093447	-0.013666072489601716	0.0	40242878
2024-01-25	0.00029717682020796466	0.0	0.00475482912332849	-0.00713224368499263	0.00029717682020796466	34303215
2024-01-24	0.02124430955993917	0.006373292867981601	0.02276176024279211	0.00030349013657050107	0.02124430955993917	32424807
2024-01-23	-0.001515151515151429	0.00030303030303024275	0.004545454545454503	-0.008181818181818276	-0.001515151515151429	34201623
2024-01-22	-0.016393442622950737	-0.001192250372578216	0.005365126676602079	-0.022354694485842028	-0.016393442622950737	37486769
2024-01-19	-0.0026753864447087816	-0.00416171224732463	0.0032699167657550365	-0.00832342449464926	-0.0026753864447087816	22119309
2024-01-18	-0.0008910008910009247	-0.0065340065340065	0.003861003861003726	-0.024948024948025047	-0.0008910008910009247	42599897
2024-01-17	-0.012899442978598585	-0.0038111990618587676	0.0017590149516271555	-0.01319261213720325	-0.012899442978598585	25404359
2024-01-16	0.0079787234042552	-0.0029550827423168264	0.011820330969267096	-0.006796690307328722	0.0079787234042552	28881665
2024-01-15	0.006543723973825282	-0.005056513979773784	0.009815585960737817	-0.005948839976204514	0.006543723973825282	29568134
2024-01-12	0.000893122953259721	-0.002679368859779798	0.007144983626079037	-0.00506103006847281	0.000893122953259721	22401273
2024-01-11	-0.002376002376002325	-0.00029700029700044893	0.004455004455004413	-0.007425007425007425	-0.002376002376002325	28408874
2024-01-10	0.005374738727978492	-0.004180352343983295	0.010450880859958237	-0.006270528515974943	0.005374738727978492	36648552
2024-01-09	0.01793313069908825	-0.002735562310030283	0.019756838905775034	-0.007598784194528876	0.01793313069908825	43820766
2024-01-08	-0.0024257125530624105	0.0042449969678593266	0.0069739235900546995	-0.003941782898726364	-0.0024257125530624105	41591134
2024-01-05	0.03223787167449132	0.003129890453834049	0.04194053208137715	-0.01032863849765253	0.03223787167449132	83215675
2024-01-04	0.004716981132075427	0.0031446540880502474	0.006603773584905576	-0.011006289308176145	0.004716981132075427	33339805
2024-01-03	-0.007180768029971914	-0.0009366219169528922	0.0015610365282546724	-0.010302841086481482	-0.007180768029971914	25446892
2024-01-02	-0.004351880634131195	0.0	0.0009325458501710021	-0.006527820951196793	-0.004351880634131195	25379730
2023-12-29	-0.004333023831631091	-0.003095017022593668	0.0009285051067781224	-0.01207056638811515	-0.004333023831631091	32914691
2023-12-28	0.00811232449297988	0.0046801872074884775	0.012168486739469598	-0.002184087363494438	0.00811232449297988	38034301
2023-12-27	0.008813345923827435	0.0012590494176896174	0.010387157695939625	-0.002832861189801695	0.008813345923827435	27642533
2023-12-26	-0.0056338028169014	0.0	0.012206572769953182	-0.0084507042253521	-0.0056338028169014	23086523
2023-12-25	-0.0028089887640449394	0.0009363295880150167	0.0062421972534332975	-0.0059300873907614775	-0.0028089887640449394	28184292
2023-12-22	0.01746586217846938	-0.005398539218799561	0.026357573832962906	-0.006351222610352471	0.01746586217846938	58111966
2023-12-21	0.022402597402597327	0.009740259740259763	0.03441558441558437	0.008441558441558377	0.022402597402597327	91325109
2023-12-20	-0.07088989441930613	-0.011161387631975791	-0.010558069381598837	-0.07149321266968318	-0.07088989441930613	124110579
2023-12-19	-0.0006029544769370855	-0.00030147723846864986	0.0003014772384684356	-0.00783840820018104	-0.0006029544769370855	16178453
2023-12-18	0.002114803625377652	-0.004531722054380622	0.008459214501510609	-0.013897280966767397	0.002114803625377652	21099655
2023-12-15	-0.001207000603500276	0.003319251659625813	0.00633675316837661	-0.002414001207000552	-0.001207000603500276	26169823
2023-12-14	0.005461165048543681	0.0012135922330096828	0.013349514563106726	0.0012135922330096828	0.005461165048543681	28416366
2023-12-13	-0.009615384615384623	0.0006009615384614189	0.0006009615384614189	-0.01382211538461541	-0.009615384615384623	23394385
2023-12-12	0.013398294762484704	-0.0018270401948843565	0.01613885505481102	-0.003654080389768713	0.013398294762484704	30116029
2023-12-11	-0.0012165450121654241	-0.005170316301703215	0.00273722627737215	-0.015815085158150947	-0.0012165450121654241	28110590
2023-12-08	0.0018281535648995207	-0.0006093845216332457	0.006398537477148107	-0.0033516148689823103	0.0018281535648995207	21717435
2023-12-07	0.012338062924120869	0.0024676125848241298	0.0203578038247994	0.0009253547193091035	0.012338062924120869	30685664
2023-12-06	-0.0015398829688942765	-0.001231906375115465	0.006775485063135167	-0.004003695719125206	-0.0015398829688942765	21377681
2023-12-05	-0.010060975609756046	-0.0021341463414634235	0.004878048780487918	-0.010060975609756046	-0.010060975609756046	22886577
2023-12-04	0.009230769230769143	-0.0012307692307692046	0.013230769230769221	-0.0036923076923076137	0.009230769230769143	24830564
2023-12-01	-0.013657056145675351	0.0009104704097115031	0.0015174506828527208	-0.021851289833080604	-0.013657056145675351	34727691
2023-11-30	0.0021289537712895464	-0.0033454987834549703	0.006082725060827121	-0.0033454987834549703	0.0021289537712895464	19720996
2023-11-29	-0.0003040437823045914	-0.0012161751292185815	0.0012161751292185815	-0.007905138339920887	-0.0003040437823045914	17957992
2023-11-28	0.0036618858712236016	-0.0006103143118707087	0.005797985962770757	-0.0036618858712238185	0.0036618858712236016	16068120
2023-11-27	-0.006969696969696875	0.0	0.0	-0.01272727272727278	-0.006969696969696875	23148858
2023-11-24	0.0012135922330096828	0.0	0.005157766990291314	-0.004854368932038947	0.0012135922330096828	20952667
2023-11-23	0.006412213740458041	0.0	0.007633587786259542	-0.006717557251908362	0.006412213740458041	21939791
2023-11-22	-0.003650745360511027	-0.002738059020383216	0.00152114390021309	-0.006388804380894459	-0.003650745360511027	20053503
2023-11-21	0.002439768222018856	0.0021347971942665533	0.014333638304361051	0.00030497102775230286	0.002439768222018856	29422033
2023-11-20	0.008923076923076896	0.0	0.014461538461538427	-0.008923076923076896	0.008923076923076896	29238757
2023-11-17	-0.0033731984053971	-0.006439742410303614	-0.001226617601962562	-0.01073290401717269	-0.0033731984053971	22167157
2023-11-16	-0.007305936073059421	-0.00152207001522083	0.0	-0.012176560121765557	-0.007305936073059421	20330914
2023-11-15	0.002135448444173285	0.006101281269066373	0.007321537522879866	-0.0024405125076265495	0.002135448444173285	26026097
2023-11-14	0.006447651212772516	-0.004912496162112486	0.008289837273564726	-0.011360147374884784	0.006447651212772516	30218275
2023-11-13	-0.02718040621266418	-0.004480286738351213	0.0	-0.034647550776582936	-0.02718040621266418	57797676
2023-11-10	-0.006528189910979405	0.0	0.0	-0.009792284866469003	-0.006528189910979405	22059027
2023-11-09	0.0008910008910009247	0.0	0.00475200475200465	-0.002673002673002774	0.0008910008910009247	19669075
2023-11-08	-0.0035513465522343133	0.00029594554601947355	0.0026635099141758926	-0.008582420834566415	-0.0035513465522343133	31561460
2023-11-07	-0.008509389671361478	-0.002347417840375537	-0.0017605633802815484	-0.012323943661971882	-0.008509389671361478	28382023
2023-11-06	0.0020582181711261477	0.004116436342252295	0.004998529844163531	-0.004998529844163323	0.0020582181711261477	34239651
2023-11-03	-0.0005877167205407913	0.0	0.0038201586835144123	-0.004995592124595995	-0.0005877167205407913	24487608
2023-11-02	0.005614657210401824	0.000886524822694859	0.0171394799054373	0.00029550827423161966	0.005614657210401824	29878821
2023-11-01	-0.0026525198938990953	-0.0023577954612436867	0.0035366931918655304	-0.006483937518420244	-0.0026525198938990953	20289867
2023-10-31	-0.003524229074889793	0.00675477239353903	0.00675477239353903	-0.006754772393538822	-0.003524229074889793	25942329
2023-10-30	-0.004967855055523136	-0.00350672121566328	0.0014611338398598558	-0.011981297486849696	-0.004967855055523136	30171384
2023-10-27	0.024857741838873862	0.014675052410901527	0.030847559149445977	0.00479185384845752	0.024857741838873862	45603264
2023-10-26	-0.0029859659599880983	-0.0026873693639893523	0.004777545535980788	-0.010152284263959492	-0.0029859659599880983	20571108
2023-10-25	-0.0017883755588672184	0.013114754098360801	0.01490312965722802	-0.0038748137108791493	-0.0017883755588672184	26435366
2023-10-24	0.002989536621823447	0.0044843049327353834	0.006875934230194226	-0.007174887892376741	0.002989536621823447	26026063
2023-10-23	-0.003871351995235124	0.0	0.006551518761167328	-0.013996426444312057	-0.003871351995235124	17896281
2023-10-20	-0.003856422426579726	-0.0023731830317412724	0.0050430139424503615	-0.006822901216256422	-0.003856422426579726	21186197
2023-10-19	-0.019773189880779286	-0.006687990694969583	-0.002326257633032809	-0.02035475428903759	-0.019773189880779286	30727541
2023-10-18	-0.011497556769186507	-0.002586950273066867	-0.002586950273066867	-0.013797068123023767	-0.011497556769186507	19329073
2023-10-17	0.006072874493927151	0.0002891844997109635	0.007807981492192109	-0.002313475997686475	0.006072874493927151	16440913
2023-10-16	-0.0066072967538064915	-0.00028727377190477203	0.0020109164033323837	-0.008618213157138874	-0.0066072967538064915	18094639
2023-10-13	-0.009954493742889486	-0.004550625711035171	-0.0031285551763367303	-0.015073947667804155	-0.009954493742889486	21047484
2023-10-12	0.002566295979469527	0.007984031936127777	0.011690903906472672	-0.003421727972626103	0.002566295979469527	25856014
2023-10-11	-0.005106382978723396	0.001134751773049621	0.0158865248226951	-0.006241134751773018	-0.005106382978723396	23652802
2023-10-10	-0.03688524590163938	0.0035519125683058867	0.006830601092896175	-0.04153005464480883	-0.03688524590163938	46055189
2023-10-09	0.008264462809917474	-0.002754820936638962	0.012947658402204023	-0.012672176308539774	0.008264462809917474	24756794
2023-09-28	-0.005479452054794599	0.0008219178082192092	0.004109589041095852	-0.00684931506849315	-0.005479452054794599	15202928
2023-09-27	-0.0013679890560874737	-0.0024623803009574913	0.008207934336525426	-0.0032831737346100533	-0.0013679890560874737	16985909
2023-09-26	-0.002728512960436601	-0.0005457025920872038	0.006548431105047803	-0.004092769440654805	-0.002728512960436601	10030882
2023-09-25	-0.0016344320348679452	0.003268864069735697	0.005720512122037615	-0.005720512122037615	-0.0016344320348679452	16667468
2023-09-22	0.015771997786386282	0.005257332595462029	0.016325401217487445	-0.0035971223021583443	0.015771997786386282	20512665
2023-09-21	-0.012568306010928985	-0.0027322404371585085	-0.0013661202185793514	-0.013387978142076557	-0.012568306010928985	16517278
2023-09-20	0.013850415512465374	0.0027700831024931143	0.018005540166204946	-0.008310249307479343	0.013850415512465374	22025288
2023-09-19	-0.0013831258644535866	-0.0013831258644535866	-0.0013831258644535866	-0.007192254495159004	-0.0013831258644535866	19334857
2023-09-18	0.005283648498331416	-0.003337041156840863	0.005561735261401439	-0.009733036707452765	0.005283648498331416	15070974
2023-09-15	-0.008820286659316435	0.0019294377067254763	0.004961411245865482	-0.012954796030870972	-0.008820286659316435	25823230
2023-09-14	0.0002757099531292531	0.00248138957816367	0.003584229390680878	-0.007995588640750102	0.0002757099531292531	15392565
2023-09-13	-0.007660738714090125	-0.0027359781121749473	0.001367989056087668	-0.01012311901504781	-0.007660738714090125	13815220
2023-09-12	0.009110988404196529	0.0	0.01463279955825514	-0.005245720596355542	0.009110988404196529	19690154
2023-09-11	0.004437049362174059	0.003050471436494715	0.01220188574597886	-0.0027731558513588855	0.004437049362174059	22425636
2023-09-08	-0.01448483192129	-0.0038261820169445356	-0.0010931948619843194	-0.018311013938234536	-0.01448483192129	16146567
2023-09-07	-0.0038115981486521503	-0.0008167710318539078	0.002722570106180273	-0.008712224339776758	-0.0038115981486521503	17588528
2023-09-06	-0.0062229437229438305	-0.0016233766233766848	-0.0016233766233766848	-0.013798701298701244	-0.0062229437229438305	21578469
2023-09-05	-0.0067186240257995165	0.0	0.0005374899220638543	-0.010212308519215334	-0.0067186240257995165	21816699
2023-09-04	0.014172799127827831	0.00844916871082045	0.017443445080403398	0.0013627691469066303	0.014172799127827831	36821004
2023-09-01	0.02514668901927909	0.003073484213467433	0.027661357921207098	0.003073484213467433	0.02514668901927909	41700437
2023-08-31	0.01907744874715267	0.01480637813211854	0.025626423690205177	0.00882687927107068	0.01907744874715267	54481927
2023-08-30	0.009485484334578853	0.004311583788444914	0.021845357861454383	0.0005748778384594172	0.009485484334578853	40175069
2023-08-29	0.007529684332464466	-0.002027222704894303	0.010136113524471515	-0.008108890819577212	0.007529684332464466	33015746
2023-08-28	-0.0034632034632033895	0.0415584415584417	0.053391053391053434	-0.007503607503607446	-0.0034632034632033895	50445211
2023-08-25	-0.0034512510785160923	-0.006902502157031981	0.002588438308886865	-0.011504170261720036	-0.0034512510785160923	16570466
2023-08-24	0.01577563540753743	0.0	0.021618463336254806	-0.00233713117148695	0.01577563540753743	22656380
2023-08-23	-0.00782608695652183	0.004927536231884107	0.009275362318840588	-0.008985507246376877	-0.00782608695652183	22994071
2023-08-22	-0.0031782721756717547	0.004334007512279647	0.010979485697775284	-0.007801213522103324	-0.0031782721756717547	31705623
2023-08-21	-0.02452085682074401	0.0005636978579482279	0.0031003382187149535	-0.02452085682074401	-0.02452085682074401	33962538
2023-08-18	-0.01499167129372588	0.0	0.0016657412548582778	-0.01915602443087187	-0.01499167129372588	22248763
2023-08-17	0.005583472920156416	-0.008096035734226665	0.006141820212171939	-0.017308766052484575	0.005583472920156416	15331782
2023-08-16	0.002238388360380478	-0.001958589815332968	0.007274762171236654	-0.01091214325685508	0.002238388360380478	15566153
2023-08-15	-0.0022333891680624872	-0.0011166945840312436	0.006420993858179701	-0.008375209380234427	-0.0022333891680624872	18740547
2023-08-14	-0.0025062656641602985	-0.0069618490671122255	-0.00027847396268443364	-0.02645502645502634	-0.0025062656641602985	32967740
2023-08-11	-0.017510259917920674	0.0	0.0	-0.020519835841313273	-0.017510259917920674	27262191
2023-08-10	-0.011093073593073693	0.0016233766233766848	0.003787878787878803	-0.026515151515151623	-0.011093073593073693	39013580
2023-08-09	-0.024802110817941894	-0.01978891820580475	-0.018469656992084322	-0.028232189973614784	-0.024802110817941894	22322747
2023-08-08	-0.003942181340341619	-0.003942181340341619	0.003942181340341805	-0.0076215505913271794	-0.003942181340341619	19126657
2023-08-07	-0.010145681581685759	-0.002081165452653442	0.0023413111342352605	-0.01404786680541101	-0.010145681581685759	21164917
2023-08-04	0.005756148613291441	0.004447933019361636	0.022501308215593915	0.004186289900575711	0.005756148613291441	21825410
2023-08-03	-0.001828153564899459	-0.004962131104727024	0.0023504831548708124	-0.00757377905458342	-0.001828153564899459	19260829
2023-08-02	-0.00416124837451245	0.0	0.005201560468140331	-0.007022106631989678	-0.00416124837451245	20437095
2023-08-01	-0.007997936016511744	-0.0025799793601651556	0.007481940144478822	-0.01367389060887516	-0.007997936016511744	25098364
2023-07-31	-0.0010309278350515245	0.005412371134020641	0.018041237113402137	-0.004381443298968933	-0.0010309278350515245	35865426
2023-07-28	0.015972767740246124	-0.0010473946059177573	0.022780832678711824	-0.0010473946059177573	0.015972767740246124	40653769
2023-07-27	-0.017241379310344872	0.0	0.0036026762738034113	-0.020586721564590765	-0.017241379310344872	24428250
2023-07-26	0.004134366925064511	-0.0038759689922482085	0.008785529715762177	-0.004909560723514336	0.004134366925064511	33358112
2023-07-25	0.05679956308028415	0.010103768432550644	0.06171490988530872	0.010103768432550644	0.05679956308028415	75421816
2023-07-24	-0.011072103699703044	-0.00621118012422371	-0.001080205238995386	-0.015392924655684587	-0.011072103699703044	17437402
2023-07-21	-0.005906040268456345	0.007516778523489963	0.009664429530201328	-0.009395973154362454	-0.005906040268456345	18204041
2023-07-20	-0.0069314849373499875	0.0	0.007731271660890407	-0.0069314849373499875	-0.0069314849373499875	19074530
2023-07-19	0.00725026852846391	0.0	0.009129967776584218	-0.0021482277121376314	0.00725026852846391	23728454
2023-07-18	0.00976138828633404	0.0005422993492406729	0.015455531453362262	-0.005965292841648751	0.00976138828633404	27392633
2023-07-17	0.003810560696788257	0.00108873162765376	0.007076755579749537	-0.0059880239520957775	0.003810560696788257	13816157
2023-07-14	-0.012896292315959079	0.0016120365394949564	0.0021493820526598145	-0.01665771090811385	-0.012896292315959079	26662587
2023-07-13	0.0	0.0008060182697474782	0.011015583019881883	-0.0045674368619022495	0.0	24159647
2023-07-12	0.003504987867349567	0.0	0.01240226476139104	-0.005122674575357369	0.003504987867349567	27178150
2023-07-11	0.011453504226888511	0.0008181074447777784	0.014453231524406902	-0.0024543223343333354	0.011453504226888511	21422931
2023-07-10	0.005208333333333467	0.0032894736842106515	0.01151315789473689	-0.0016447368421051308	0.005208333333333467	20183255
2023-07-07	-0.005723630417007382	-0.001090215317525188	0.00027255382938144225	-0.010629599345870825	-0.005723630417007382	20128001
2023-07-06	-0.00703653585926942	-0.0037889039242219365	0.01380243572395123	-0.008389715832205744	-0.00703653585926942	21953951
2023-07-05	0.0018980477223427407	0.0010845986984815387	0.0056941431670282225	-0.008947939262473031	0.0018980477223427407	25859451
2023-07-04	-0.013903743315507916	0.0	0.004010695187165738	-0.020588235294117543	-0.013903743315507916	34107541
2023-07-03	0.02437688304574091	0.00027389756231183555	0.031224322103533295	-0.0030128731854286344	0.02437688304574091	42355132
2023-06-30	-0.007610763794509408	0.004077194889915699	0.004892633867898878	-0.008426202772492588	-0.007610763794509408	29317377
2023-06-29	-0.013672922252010672	0.004557640750670287	0.007506702412868663	-0.014745308310991882	-0.013672922252010672	25545293
2023-06-28	0.011388286334056252	0.003253796095444616	0.021691973969631156	0.003253796095444616	0.011388286334056252	52816912
2023-06-27	0.025298860161245586	0.0	0.03141506811231589	-0.0066722268557131495	0.025298860161245586	57405771
2023-06-26	-0.005254424778761	0.0038716814159292195	0.015763274336283196	-0.00857300884955739	-0.005254424778761	41784595
2023-06-21	-0.005773989551828454	-0.0019246631839428179	0.011822930987077254	-0.009348364036293548	-0.005773989551828454	26724698
2023-06-20	0.009156492785793516	0.0019422863485016727	0.03496115427302991	0.0019422863485016727	0.009156492785793516	42234056
2023-06-19	-0.028571428571428633	-0.005390835579514901	-0.004582210242587647	-0.03018867924528314	-0.028571428571428633	43884810
2023-06-16	0.001619870410367232	0.00188984881209504	0.006479481641468736	-0.01511879049676032	0.001619870410367232	54070429
2023-06-15	0.011469142545057393	0.009011469142545206	0.01693063899508478	0.0010922992900054382	0.011469142545057393	51326763
2023-06-14	0.015248128638757892	0.0038813418353202266	0.028001108954810037	0.0022179096201829303	0.015248128638757892	53870617
2023-06-13	-0.00027716186252766105	0.0	0.01385809312638581	-0.005266075388026545	-0.00027716186252766105	37705369
2023-06-12	0.02499999999999987	0.0005681818181817051	0.03437499999999982	-0.0008522727272727595	0.02499999999999987	56998347
2023-06-09	-0.008171315863623532	0.028458720766413016	0.032403493941955436	-0.010143702451394742	-0.008171315863623532	46956161
2023-06-08	0.02959094865100096	-0.0011604293588627545	0.03365245140702071	-0.006092254134029616	0.02959094865100096	61688168
2023-06-07	0.011146963919037706	0.013493693165150885	0.02346729246113221	0.0017600469345847804	0.011146963919037706	42747899
2023-06-06	-0.002341235001463222	-0.002341235001463222	0.01785191688615743	-0.009072285630670245	-0.002341235001463222	38951551
2023-06-05	0.0023467292461131794	0.0	0.004400117336462264	-0.017307128190085168	0.0023467292461131794	30778554
2023-06-02	0.047955733169382175	0.005840762373193905	0.052874269904703314	0.005840762373193905	0.047955733169382175	78753201
2023-06-01	-0.013644633110976221	-0.0024257125530624105	0.0009096422073984579	-0.014251061249241932	-0.013644633110976221	43192724
2023-05-31	-0.018744421303183652	0.0002975304968758706	0.0017851829812556464	-0.026480214221957767	-0.018744421303183652	50214377
2023-05-30	-0.012342051131354738	0.0	0.0	-0.02086394357919485	-0.012342051131354738	44519280
2023-05-29	-0.010755813953488298	-0.0002906976744185468	0.007558139534883664	-0.020058139534883657	-0.010755813953488298	28643275
2023-05-26	0.0017472335468839593	-0.0017472335468841662	0.0037856726849154177	-0.012521840419336249	0.0017472335468839593	18568031
2023-05-25	-0.004349086691794682	-0.0020295737895042122	-0.0020295737895042122	-0.014496955639315743	-0.004349086691794682	33193044
2023-05-24	-0.015977175463623258	-0.0008559201141225117	0.004279600570613572	-0.0185449358059914	-0.015977175463623258	26733600
2023-05-23	-0.004261363636363797	0.00028409090909085254	0.0059659090909089125	-0.004829545454545503	-0.004261363636363797	28758377
2023-05-22	0.010913268236645679	-0.0034462952326248545	0.021252153934520446	-0.006892590465249914	0.010913268236645679	49828635
2023-05-19	0.013977868375072708	-0.0061153174140943746	0.022714036109493126	-0.009609784507862706	0.013977868375072708	48881891
2023-05-18	0.009406231628453858	-0.0014697236919460393	0.021164021164021128	-0.004115226337448576	0.009406231628453858	45768650
2023-05-17	0.004725339633786288	0.002362669816893039	0.005316007088009442	-0.010336680448907308	0.004725339633786288	38367380
2023-05-16	-0.017696547722657368	-0.002030751378009872	-0.002030751378009872	-0.021467943138961474	-0.017696547722657368	55040165
2023-05-15	0.005836008170411314	0.0005836008170410277	0.010213014298219851	-0.010796615115261293	0.005836008170411314	40747699
2023-05-12	0.00764481034989724	0.0	0.022346368715083952	-0.0011761246692149117	0.00764481034989724	50453545
2023-05-11	-0.016767851980341295	-0.002312807169702382	0.0023128071697021764	-0.017056952876554014	-0.016767851980341295	53323762
2023-05-10	-0.0023074704355349955	-0.004903374675512019	0.004038073262186344	-0.022786270550908542	-0.0023074704355349955	49142588
2023-05-09	0.0017336030049119409	-0.0005778676683038434	0.016758162380814744	-0.0031782721756717547	0.0017336030049119409	69792007
2023-05-08	-0.015362731152204812	0.004267425320056859	0.008250355618776647	-0.02332859174964439	-0.015362731152204812	101933401
2023-05-05	-0.0076228119706381455	-0.0005646527385658703	0.01298701298701301	-0.018351214003387874	-0.0076228119706381455	110802509
2023-05-04	-0.09964412811387904	-0.08490086426029494	-0.07219115404168792	-0.09989832231825131	-0.09964412811387904	212935023
2023-04-28	-0.011557788944723462	0.010050251256281551	0.014321608040201014	-0.019597989949748595	-0.011557788944723462	69028337
2023-04-27	-0.005000000000000071	-0.0005000000000000782	0.0047499999999999435	-0.01274999999999995	-0.005000000000000071	42893076
2023-04-26	-0.020568070519099004	-0.007590597453477038	-0.004652301665034398	-0.03207639569049956	-0.020568070519099004	46877817
2023-04-25	-0.010898522644708059	0.00024218939210457764	0.0024218939210462927	-0.0297892952288689	-0.010898522644708059	58568865
2023-04-24	0.006582155046318771	0.01389566065333984	0.03900536323744501	0.0019502681618722157	0.006582155046318771	65723876
2023-04-21	-0.018895001195886132	0.004544367376225729	0.013633102128677356	-0.020808419038507643	-0.018895001195886132	45834956
2023-04-20	0.044727636181909024	0.015242378810594688	0.04697651174412782	0.011994002998500671	0.044727636181909024	75438792
2023-04-19	-0.013799901429275386	0.0	0.010103499260719658	-0.01577131591917202	-0.013799901429275386	40988319
2023-04-18	0.007948335817188283	0.00397416790859423	0.022851465474416337	-0.00024838549428708425	0.007948335817188283	55906808
2023-04-17	0.04843749999999999	0.00911458333333337	0.05052083333333346	0.007812500000000111	0.04843749999999999	77515049
2023-04-14	-0.003115264797507906	0.0015576323987537685	0.004672897196261674	-0.007009345794392604	-0.003115264797507906	21393206
2023-04-13	-0.022335025380710544	-0.003553299492385801	-0.003553299492385801	-0.025634517766497413	-0.022335025380710544	31852745
2023-04-12	0.0	0.0005076142131980489	0.007614213197969652	-0.006345177664974619	0.0	39723678
2023-04-11	0.04370860927152314	0.005298013245033188	0.04370860927152314	0.003443708609271591	0.04370860927152314	95364085
2023-04-10	0.012335746849021209	0.0	0.012872083668543952	-0.007240547063555806	0.012335746849021209	31736839
2023-04-07	0.014693877551020385	0.0	0.022040816326530675	-0.0024489795918368274	0.014693877551020385	32783277
2023-04-06	-0.0075614366729678945	0.00027005130974879854	0.0008101539292465875	-0.014312719416689202	-0.0075614366729678945	24119673
2023-04-04	-0.006172839506172756	-0.0037573805689747873	0.0	-0.012345679012345703	-0.006172839506172756	24167875
2023-04-03	0.01387755102040811	0.0027210884353741885	0.019863945578231207	-0.000544217687074915	0.01387755102040811	29620867
2023-03-31	-0.01289282836422232	-0.005372011818425886	0.001880204136449108	-0.013967230727907495	-0.01289282836422232	33176565
2023-03-30	0.029875518672199123	0.0013831258644537833	0.03845089903181191	-0.008852005532503466	0.029875518672199123	54657824
2023-03-29	-0.006868131868131868	0.0008241758241758554	0.004120879120879082	-0.010439560439560316	-0.006868131868131868	21323888
2023-03-28	0.0005497526113247944	0.0008246289169871916	0.009345794392523261	-0.010170423309510844	0.0005497526113247944	28225261
2023-03-27	-0.013022246337493134	0.0002712967986977214	0.001627780792186714	-0.01790558871405308	-0.013022246337493134	37044082
2023-03-24	-0.0075390414647280865	-0.003500269251480952	-0.0026925148088314866	-0.014539579967689798	-0.0075390414647280865	31951354
2023-03-23	-0.0018812147272238722	-0.0005374899220640453	0.007793603869927415	-0.006987368986831444	-0.0018812147272238722	33101208
2023-03-22	-0.01089845826687923	0.0015948963317384975	0.003987240829346244	-0.014885699096225285	-0.01089845826687923	26348780
2023-03-21	0.014016172506738436	-0.0018867924528301963	0.01590296495956863	-0.0032345013477090173	0.014016172506738436	31531112
2023-03-20	-0.010930418555051896	-0.0005331911490268201	0.005065315915755928	-0.018128499066915483	-0.010930418555051896	31175352
2023-03-17	0.0056300268096514975	0.00938337801608583	0.01769436997319045	0.0002680965147454455	0.0056300268096514975	38887648
2023-03-16	-0.004005340453938736	-0.006675567423230974	0.006675567423230974	-0.012016021361815829	-0.004005340453938736	37570212
2023-03-15	0.01380617217108839	0.0018949648077964344	0.019220357336220923	-0.0005414185165131571	0.01380617217108839	36905141
2023-03-14	-0.00458097547830778	-0.0029641606036108713	0.01320398814335764	-0.014012395580705902	-0.00458097547830778	61073140
2023-03-13	0.04212299915754002	0.0	0.04240381915192356	-0.0022465599550687532	0.04212299915754002	63348564
2023-03-10	-0.02758055707263785	-0.0046422719825230645	-0.0019115237575095655	-0.028672856362643287	-0.02758055707263785	36010638
2023-03-09	0.003562619895861755	0.006577144423129484	0.008495478213208965	-0.005206906001644418	0.003562619895861755	27503255
2023-03-08	0.006898454746136865	-0.004966887417218535	0.00965783664459165	-0.006622516556291445	0.006898454746136865	26450803
2023-03-07	-0.018152262259550113	-0.002980222162015699	0.0027092928745597786	-0.02031969655919805	-0.018152262259550113	41411472
2023-03-06	-0.0016229375169056607	0.00027048958615087936	0.010278604273735531	-0.01325398972139578	-0.0016229375169056607	42112378
2023-03-03	0.00983337885823544	0.007921332969134094	0.02512974597104621	0.005189838841846428	0.00983337885823544	45573220
2023-03-02	0.005216913783635303	-0.006589785831960516	0.013179571663920836	-0.008237232289950693	0.005216913783635303	45758404
2023-03-01	0.025337837837837794	0.0	0.03012387387387388	-0.0030968468468470308	0.025337837837837794	51970455
2023-02-28	0.008804316955410459	0.003976143141153098	0.015052541891508127	-0.007952286282306195	0.008804316955410459	34995389
2023-02-27	-0.036925601750547085	-0.036105032822757115	-0.030361050328227553	-0.05525164113785566	-0.036925601750547085	39182918
2023-02-24	-0.012692411558196027	-0.004320820955981736	-0.0008101539292465875	-0.01755333513367536	-0.012692411558196027	36926076
2023-02-23	0.026330376940133116	0.0038802660753880424	0.0340909090909092	0.0038802660753880424	0.026330376940133116	81370503
2023-02-22	-0.0016602102933038815	-0.0016602102933038815	0.0035971223021583443	-0.010514665190924255	-0.0016602102933038815	32666017
2023-02-21	0.02816500711237559	0.007112375533428165	0.03243243243243245	0.005120910384068271	0.02816500711237559	81304977
2023-02-20	0.034736532234324394	0.0	0.03620841919340607	0.0	0.034736532234324394	52342020
2023-02-17	-0.005270863836017561	0.0	0.0058565153733529385	-0.00585651537335273	-0.005270863836017561	18193785
2023-02-16	-0.011291256514186467	0.0	0.007237984944991315	-0.01766068326577879	-0.011291256514186467	28135121
2023-02-15	-0.009463722397476292	-0.0005735589331802702	0.0008603383997706091	-0.012331517063378254	-0.009463722397476292	16713417
2023-02-14	0.004609622587150579	0.0020167098818784294	0.006050129645635288	-0.003169115528666074	0.004609622587150579	19268197
2023-02-13	0.012839217974905098	0.0011672016340822627	0.013714619200466847	-0.0032098044937264817	0.012839217974905098	28638556
2023-02-10	-0.0023289665211062094	0.0008733624454148802	0.0011644832605531047	-0.00727802037845706	-0.0023289665211062094	15272833
2023-02-09	0.0017497812773403989	-0.005540974044910987	0.00437445319335079	-0.008165645960921585	0.0017497812773403989	20761993
2023-02-08	-0.0037768739105172155	0.002033701336432315	0.01220220801859389	-0.007844276583381845	-0.0037768739105172155	20006521
2023-02-07	0.0171394799054373	0.005910165484633443	0.01861702127659561	0.004137115839243305	0.0171394799054373	22876151
2023-02-06	-0.02478386167146972	-0.005475504322766709	-0.005187319884726216	-0.025360230547550502	-0.02478386167146972	33520824
2023-02-03	-0.005160550458715588	-0.005160550458715588	-0.0031536697247706255	-0.012327981651376137	-0.005160550458715588	22796829
2023-02-02	-0.0020028612303290495	0.00028612303290409183	0.00314735336194562	-0.005722460658083056	-0.0020028612303290495	30085671
2023-02-01	0.009240542881894319	0.004909038406006197	0.01299451342766375	0.00028876696505913973	0.009240542881894319	27369485
2023-01-31	-0.011982881597717394	0.0	0.0062767475035665045	-0.015691868758915754	-0.011982881597717394	27669331
2023-01-30	0.0	0.018544935805991605	0.019971469329529326	-0.0019971469329529328	0.0	40601051
2023-01-20	-0.001424501424501546	0.0017094017094015717	0.008547008547008466	-0.00541310541310555	-0.001424501424501546	22896003
2023-01-19	-0.0031241124680488337	-0.006248224936097667	-0.0011360408974722847	-0.013916500994035842	-0.0031241124680488337	19820777
2023-01-18	-0.006770098730606544	-0.0014104372355431384	0.005359661495063405	-0.01438645980253893	-0.006770098730606544	24236366
2023-01-17	-0.0008455467869220415	-0.0011273957158962557	0.0019729425028184974	-0.009582863585118274	-0.0008455467869220415	28775268
2023-01-16	0.029898403483308966	0.004644412191581904	0.04499274310595057	0.0020319303338171345	0.029898403483308966	69118991
2023-01-13	0.009671746776084567	0.00234466588511153	0.01113716295427909	0.0	0.009671746776084567	24845128
2023-01-12	-0.009003775776938783	-0.0034853325588149126	0.0002904443799011911	-0.010746442056346136	-0.009003775776938783	17870648
2023-01-11	0.009085580304806632	0.0	0.01113716295427909	-0.005568581477139441	0.009085580304806632	31597543
2023-01-10	0.000880023467292286	0.00029334115576409533	0.008800234672924527	-0.008213552361396337	0.000880023467292286	18974355
2023-01-09	-0.00029325513196475105	-0.0029325513196481355	0.00527859237536656	-0.003812316715542597	-0.00029325513196475105	24309943
2023-01-06	-0.002923976608187176	-0.0011695906432750366	0.005847953216374144	-0.008479532163742871	-0.002923976608187176	30916572
2023-01-05	0.02671870309216453	0.009006304413089077	0.034223956769738835	0.005703992794956401	0.02671870309216453	50889443
2023-01-04	0.024923076923076992	0.0006153846153847116	0.025846153846153953	-0.0018461538461539161	0.024923076923076992	41594366
2023-01-03	0.00556930693069306	0.006188118811881276	0.01423267326732676	-0.004950495049505065	0.00556930693069306	26444999
2022-12-30	0.004975124378109568	0.0024875621890548946	0.010261194029850915	0.0015547263681593368	0.004975124378109568	19264104
2022-12-29	-0.01258827141541307	-0.002149217070924172	-0.0015351550506600294	-0.017193736567393376	-0.01258827141541307	25349390
2022-12-28	-0.001838798651547725	-0.005822862396567724	0.005209929512718191	-0.009806926141587504	-0.001838798651547725	30939755
2022-12-27	0.008655332302936665	0.0037094281298299054	0.019165378670788175	-0.0027820710973725936	0.008655332302936665	22646398
2022-12-26	-0.013117754728492975	0.0006101281269065289	0.0009151921903600102	-0.014338010982306248	-0.013117754728492975	19007666
2022-12-23	-0.004857316332726066	-0.0051608986035213905	0.004553734061930956	-0.011536126290224514	-0.004857316332726066	13352325
2022-12-22	0.015726179463459698	0.004625346901017533	0.028985507246376743	0.004625346901017533	0.015726179463459698	31006276
2022-12-21	0.004024767801857665	-0.001857585139318736	0.011455108359133269	-0.001857585139318736	0.004024767801857665	19063428
2022-12-20	-0.01584399756246201	-0.0021328458257160354	0.00243753808653255	-0.02315661182205966	-0.01584399756246201	24127232
2022-12-19	-0.013229104028863433	-0.0012026458208057472	0.011725796752856302	-0.015935057125676524	-0.013229104028863433	26417266
2022-12-16	0.00757346258709482	-0.005755831566191995	0.00757346258709482	-0.00696758558012714	0.00757346258709482	30623321
2022-12-15	-0.011676646706586843	-0.0011976047904191363	0.009281437125748571	-0.015568862275448984	-0.011676646706586843	27852358
2022-12-14	0.0008990110878034504	-0.00029967036260107914	0.008690440515432999	-0.011387473778843136	0.0008990110878034504	37387401
2022-12-13	0.002704326923076812	0.0057091346153845465	0.009615384615384623	0.0009014423076923418	0.002704326923076812	24063238
2022-12-12	-0.01770956316410866	-0.002656434474616393	0.0017709563164107192	-0.01800472255017708	-0.01770956316410866	37420814
2022-12-09	0.026355649803090114	0.0024235080278705062	0.03302029687973352	-0.0009088155104514129	0.026355649803090114	68680446
2022-12-08	-0.003321256038647326	0.0009057971014493097	0.005736714975845557	-0.006340579710144954	-0.003321256038647326	24718576
2022-12-07	0.005464480874316931	-0.0003035822707953252	0.01244687310261092	-0.007285974499089099	0.005464480874316931	38498541
2022-12-06	0.001824817518248028	-0.0033454987834549703	0.01307785888077858	-0.010036496350365126	0.001824817518248028	35158314
2022-12-05	0.020167545764815567	0.008067018305926316	0.0220291653738753	0.007756748371082843	0.020167545764815567	37053147
2022-12-02	-0.005860579888957582	-0.00524367674275144	-0.001850709438618207	-0.0101789019123997	-0.005860579888957582	25945995
2022-12-01	0.007771215418091389	0.010258004351880581	0.01865091700341938	0.005906123717749385	0.007771215418091389	36543926
2022-11-30	-0.009239297813366097	-0.001231906375115465	0.004927625500462079	-0.016938712657837918	-0.009239297813366097	38571084
2022-11-29	0.03079365079365076	0.016190476190476127	0.03523809523809522	0.013650793650793643	0.03079365079365076	51373044
2022-11-28	-0.008186397984886698	-0.01605793450881617	-0.007241813602015127	-0.02833753148614616	-0.008186397984886698	26170274
2022-11-25	0.017296604740551016	-0.00032030749519532385	0.023702754644458746	-0.0006406149903907616	0.017296604740551016	34998146
2022-11-24	0.0006410256410256274	0.008012820512820514	0.013141025641025646	-0.0006410256410256274	0.0006410256410256274	15416302
2022-11-23	-0.002876318312559919	0.0009587727708533441	0.007670182166826526	-0.0035155001597954438	-0.002876318312559919	18343532
2022-11-22	0.00610932475884237	0.0032154340836012176	0.016398713826366495	-0.0006430868167203578	0.00610932475884237	21944945
2022-11-21	-0.020780856423173805	-0.006612090680100782	-0.005982367758186438	-0.02392947103274564	-0.020780856423173805	28227761
2022-11-18	0.00031496062992130905	0.002519685039370025	0.008503937007874114	-0.0018897637795275187	0.00031496062992130905	20312472
2022-11-17	0.0006303183107469137	-0.0018909549322407412	0.005988023952095849	-0.006933501418216163	0.0006303183107469137	22540558
2022-11-16	-0.008127539856205002	0.0009377930603315002	0.0028133791809940565	-0.009690528290090613	-0.008127539856205002	27893178
2022-11-15	0.008830022075055111	0.002838221381267734	0.014506464837590691	-0.006622516556291418	0.008830022075055111	39199129
2022-11-14	0.01928640308582454	0.02217936354869821	0.04178720668595298	0.016072002571520413	0.01928640308582454	74963626
2022-11-11	0.03286852589641429	0.02091633466135455	0.04581673306772905	0.01128818061088977	0.03286852589641429	66508580
2022-11-10	-0.00462656972901522	-0.008261731658955716	0.0	-0.010905485789821607	-0.00462656972901522	20377428
2022-11-09	0.003981420039814233	0.0036496350364963316	0.01526211015262113	0.000331785003317784	0.003981420039814233	27456643
2022-11-08	-0.004294681202510704	0.0009910802775025152	0.002642880740006668	-0.009580442682523923	-0.004294681202510704	23092774
2022-11-07	0.003647214854111387	0.0	0.01094164456233416	-0.004641909814323626	0.003647214854111387	33748068
2022-11-04	0.029702970297029736	0.00034141345169004994	0.03516558552406969	0.00034141345169004994	0.029702970297029736	53548451
2022-11-03	-0.008798646362098192	-0.009813874788494048	0.0016920473773265892	-0.012521150592216616	-0.008798646362098192	32790733
2022-11-02	0.006128702757916231	-0.007150153217568977	0.02145045965270681	-0.010895471569628883	0.006128702757916231	56673308
2022-11-01	0.02441576560865013	0.0027903732124171013	0.02441576560865013	-0.0024415765608650254	0.02441576560865013	64602496
2022-10-31	-0.05034779728386882	-0.020205366015236932	-0.008943358728055633	-0.05631003643590602	-0.05034779728386882	108303289
2022-10-28	-0.0072344623479118336	0.004603748766853028	0.009207497533706055	-0.014797763893456077	-0.0072344623479118336	48089171
2022-10-27	0.012991339107261845	0.008660892738174603	0.015323117921385772	0.0023317788141239268	0.012991339107261845	37764297
2022-10-26	0.0073825503355704316	0.0	0.015100671140939574	0.0	0.0073825503355704316	35928751
2022-10-25	-0.0060040026684456205	-0.012675116744496298	0.006671114076050677	-0.012675116744496298	-0.0060040026684456205	33219739
2022-10-24	-0.020261437908496764	0.0	0.008823529411764692	-0.021568627450980395	-0.020261437908496764	51135450
2022-10-21	-0.0019569471624265727	0.0013046314416177152	0.007827788649706407	-0.008480104370515381	-0.0019569471624265727	28940920
2022-10-20	-0.015097976228718241	-0.004176035978156088	-0.002248634757468689	-0.018631545133311864	-0.015097976228718241	51478040
2022-10-19	-0.03741496598639469	-0.0012368583797157159	-0.0012368583797157159	-0.03896103896103911	-0.03741496598639469	47826075
2022-10-18	0.0021691973969631324	0.002479082739386374	0.008366904245429067	-0.0034087387666565396	0.0021691973969631324	26811100
2022-10-17	-0.00370484717505395	-0.001543686322939091	0.00030873726458777433	-0.01049706699598652	-0.00370484717505395	28765237
2022-10-14	0.022088987062164698	0.002208898706216481	0.02524455664247399	0.002208898706216481	0.022088987062164698	36345055
2022-10-13	-0.01827757125154894	-0.005266418835192122	-0.0027881040892194365	-0.020446096654275096	-0.01827757125154894	27016482
2022-10-12	0.010644959298685029	0.0	0.010958046336881586	-0.016280525986224155	0.010644959298685029	28543369
2022-10-11	-0.008074534161490732	0.000931677018633355	0.0040372670807452	-0.01242236024844727	-0.008074534161490732	23780870
2022-10-10	-0.007092198581560187	0.005242059821153305	0.012025901942645715	-0.011717545482577939	-0.007092198581560187	30522226
2022-09-30	-0.0036866359447003828	-0.003072196620583543	0.008294930875576133	-0.010752688172042836	-0.0036866359447003828	24112060
2022-09-29	-0.013636363636363722	0.0012121212121211863	0.007575757575757576	-0.015151515151515152	-0.013636363636363722	27608338
2022-09-28	-0.013452914798206362	-0.004484304932735596	0.0	-0.0152466367713006	-0.013452914798206362	25790222
2022-09-27	0.017954960438222867	-0.0018259281801583163	0.022519780888618442	-0.007608034083992696	0.017954960438222867	38365970
2022-09-26	-0.006650544135429228	-0.009371221281741088	0.011185006045949353	-0.011185006045949138	-0.006650544135429228	29866372
2022-09-23	-0.0012077294685990082	0.0	0.009963768115942193	-0.011171497584540986	-0.0012077294685990082	32682658
2022-09-22	-0.03580786026200885	-0.010189228529839925	-0.00902474526928682	-0.036390101892285295	-0.03580786026200885	52841550
2022-09-21	0.00438596491228066	0.0	0.008479532163742665	-0.013450292397660843	0.00438596491228066	34376404
2022-09-20	-0.007544979686593093	0.002321532211259382	0.011317469529889743	-0.022634939059779487	-0.007544979686593093	42163778
2022-09-19	-0.003758311650766191	0.0020237062734892505	0.0040474125469787065	-0.022838970800809662	-0.003758311650766191	42370419
2022-09-16	-0.014529914529914473	0.0039886039886040045	0.01538461538461536	-0.014529914529914473	-0.014529914529914473	57830871
2022-09-15	0.005154639175257723	0.002290950744558943	0.02290950744558984	-0.003436426116838618	0.005154639175257723	66657660
2022-09-14	-0.0065433854907538235	-0.012802275960170577	-0.0031294452347083767	-0.016785206258890364	-0.0065433854907538235	41790710
2022-09-13	0.013844822613210177	0.0	0.021632535333141044	-0.006057109893279517	0.013844822613210177	81335864
2022-09-09	0.04490657022302598	0.003616636528028856	0.05334538878842686	0.002411091018685904	0.04490657022302598	111324975
2022-09-08	0.006369426751592383	0.0024264482863208463	0.01425538368213524	-0.0018198362147407424	0.006369426751592383	31630624
2022-09-07	-0.005729794933654938	-0.0018094089264172248	-0.0003015681544028351	-0.012364294330518596	-0.005729794933654938	40141228
2022-09-06	-0.005995203836930541	0.0	0.004196642685851336	-0.018285371702637873	-0.005995203836930541	48622091
2022-09-05	0.010296789824348767	-0.0009085402786190531	0.01605087825560248	-0.006359781950333157	0.010296789824348767	59118117
2022-09-02	0.005175038051750432	0.0076103500761035	0.011567732115677182	-0.010654490106544944	0.005175038051750432	77126988
2022-09-01	0.028813028499843463	-0.0009395552771688424	0.05198872533667409	-0.003131850923896067	0.028813028499843463	157121345
2022-08-31	0.045171849427168544	0.04418985270049093	0.052373158756137406	0.03175122749590831	0.045171849427168544	140150267
2022-08-30	0.007253544345532556	0.0006594131223212373	0.013188262446422756	0.00032970656116061866	0.007253544345532556	23361682
2022-08-29	0.005970149253731334	-0.00762852404643439	0.007296849087893944	-0.009950248756218812	0.005970149253731334	24428484
2022-08-26	-0.006916996047430859	0.004611330698287239	0.007905138339921014	-0.00757575757575759	-0.006916996047430859	22031309
2022-08-25	0.010652463382157133	0.0029960053262316866	0.010652463382157133	-0.004660452729693761	0.010652463382157133	29018130
2022-08-24	-0.006285147204763523	-0.00033079722130339274	0.00330797221303334	-0.007277538868673466	-0.006285147204763523	27272590
2022-08-23	-0.008527386028205904	-0.0029517874713020616	-0.002623811085601781	-0.011151197113807802	-0.008527386028205904	27698097
2022-08-22	0.0009848982271831116	0.0	0.009520682862770819	-0.0042678923177939115	0.0009848982271831116	25630601
2022-08-19	0.0009858692080184403	0.000328623069339519	0.010515938218862974	-0.0009858692080184403	0.0009858692080184403	25770026
2022-08-18	-0.017753389283408673	-0.0035506778566817116	-0.0032278889606198007	-0.018721755971594638	-0.017753389283408673	34189050
2022-08-17	0.0038885288399222616	0.0006480881399870245	0.00518470511989631	-0.013609850939727743	0.0038885288399222616	29399622
2022-08-16	-0.0009711880867595058	0.0019423761735188967	0.004532211071544208	-0.0038847523470379084	-0.0009711880867595058	19340727
2022-08-15	0.0	0.0035610229847847013	0.01489155066364522	-0.004532211071544208	0.0	31641513
2022-08-12	0.0019461563412261523	0.0016217969510217553	0.005189750243269548	-0.0035679532922477924	0.0019461563412261523	22724972
2022-08-11	0.013477975016436442	0.0026298487836948813	0.01413543721236028	0.001972386587771161	0.013477975016436442	24273630
2022-08-10	-0.00620712185560267	0.004246978111728161	0.005227049983665474	-0.009147337471414607	-0.00620712185560267	19920462
2022-08-09	0.0019639934533551137	-0.0003273322422259104	0.0098199672667758	-0.002291325695581024	0.0019639934533551137	23596132
2022-08-08	-0.0058574682720468505	-0.004230393752033811	0.0	-0.009762447120078123	-0.0058574682720468505	27142442
2022-08-05	-0.04446517412935312	-0.051927860696517364	-0.04446517412935312	-0.06436567164179095	-0.04446517412935312	45230597
2022-08-04	0.010685103708359405	0.004399748585795115	0.013513513513513504	-0.0037712130735386862	0.010685103708359405	37422116
2022-08-03	-0.001255492780916483	-0.0018832391713747244	0.01067168863779044	-0.005021971123666044	-0.001255492780916483	35914431
2022-08-02	-0.03483792790063613	-0.009088155104513699	-0.008785216601029966	-0.04029082096334439	-0.03483792790063613	56809236
2022-08-01	-0.00751653638003608	-0.0018039687312085139	-0.0006013229104027668	-0.013229104028863433	-0.00751653638003608	33758018
2022-07-29	-0.0015010507355149882	0.006304413089162439	0.010207145001500939	-0.0033023116181326757	-0.0015010507355149882	39044597
2022-07-28	-0.00299311583358259	0.000897934750074862	0.0062855432505238215	-0.003891050583657452	-0.00299311583358259	31283171
2022-07-27	-0.021095810137708934	-0.005859947260474739	-0.003808965719308601	-0.022560796952827516	-0.021095810137708934	43798455
2022-07-26	-0.0029214139643585837	-0.0002921413964358169	-0.0002921413964358169	-0.011101373064563116	-0.0029214139643585837	37713994
2022-07-25	0.008544490276959315	0.0017678255745433788	0.011785503830288913	-0.003535651149086548	0.008544490276959315	43264133
2022-07-22	-0.00029455081001487823	-0.002061855670103101	0.005891016200294425	-0.014432989690721707	-0.00029455081001487823	31044538
2022-07-21	-0.004690706537672137	0.00029316915860445647	0.00029316915860445647	-0.011433597185576095	-0.004690706537672137	28666092
2022-07-20	0.0008802816901408785	0.004107981220657294	0.007335680751173709	-0.004401408450704184	0.0008802816901408785	30884157
2022-07-19	-0.006413994169096177	-0.008454810495626798	0.0014577259475219903	-0.013994169096209822	-0.006413994169096177	33685526
2022-07-18	0.017804154302670454	-0.0029673590504451456	0.017804154302670454	-0.019584569732937793	0.017804154302670454	51834048
2022-07-15	-0.014043300175541161	0.0005851375073143104	0.01375073142188411	-0.014921006436512523	-0.014043300175541161	62413397
2022-07-14	-0.02259079210752071	0.012296253931941656	0.01486988847583652	-0.0323134114955675	-0.02259079210752071	91597624
2022-07-13	0.0011451474377325837	0.010020040080160362	0.02576581734898364	-0.006584597766962407	0.0011451474377325837	95374938
2022-07-12	0.027655192703736325	-0.0026478375992940104	0.03942335981170921	-0.005589879376287285	0.027655192703736325	140146259
2022-07-11	0.017664670658682737	0.011077844311377382	0.028443113772455175	0.0074850299401197605	0.017664670658682737	92493971
2022-07-08	0.015506232897537185	0.003344481605351153	0.02432350258437206	-0.003344481605351153	0.015506232897537185	58767794
2022-07-07	0.0024382810118865677	0.00883876866808897	0.017982322462663708	-0.002133495885400801	0.0024382810118865677	51052663
2022-07-06	-0.010853180584865825	0.004823635815495827	0.009948748869460304	-0.015676816400361865	-0.010853180584865825	50162197
2022-07-05	-0.01397146254458974	0.0008917954815695938	0.013376932223543485	-0.021700356718192745	-0.01397146254458974	59144363
2022-07-04	0.005680119581464804	0.00029895366218230223	0.006875934230194226	-0.005680119581465017	0.005680119581464804	46022603
2022-07-01	-0.008007117437722302	-0.0011862396204032962	0.0011862396204032962	-0.01482799525504152	-0.008007117437722302	38814554
2022-06-30	0.01352569882777264	0.0006011421701231145	0.014427412082957523	-0.005109708446047541	0.01352569882777264	66359448
2022-06-29	-0.005381165919282502	0.0008968609865469066	0.014648729446935571	-0.006875934230194438	-0.005381165919282502	87120694
2022-06-28	0.006015037593985048	0.0006015037593985903	0.006616541353383424	-0.014736842105263218	0.006015037593985048	84843062
2022-06-27	-0.01917404129793506	-0.005899705014749137	-0.001474926253687232	-0.020648967551622294	-0.01917404129793506	161872825
2022-06-24	0.051162790697674376	0.013953488372093112	0.09147286821705435	0.00465116279069763	0.051162790697674376	223327302
2022-06-23	0.004047322540473306	-0.0006226650062265262	0.004358655043586569	-0.022104607721045996	0.004047322540473306	105174327
2022-06-22	-0.031946955997588976	0.000602772754671583	0.0021097046413502195	-0.03496081977094625	-0.031946955997588976	76962388
2022-06-21	0.006674757281553363	-0.0006067961165049492	0.016383495145631043	-0.007888349514563046	0.006674757281553363	80836374
2022-06-20	0.009494640122511555	0.006125574272588142	0.024502297090352353	0.004287901990811656	0.009494640122511555	76111332
2022-06-17	0.020312499999999956	-0.006249999999999978	0.02937499999999993	-0.00968749999999996	0.020312499999999956	90058945
2022-06-16	-0.010819165378670831	-0.004018547140649229	0.002782071097372374	-0.014528593508500847	-0.010819165378670831	56230480
2022-06-15	0.0224399494310999	-0.0012642225031605293	0.03223767383059406	-0.004424778761061965	0.0224399494310999	92642752
2022-06-14	0.010217113665389537	-0.007024265644955264	0.010855683269476368	-0.008939974457215873	0.010217113665389537	34798341
2022-06-13	-0.007290015847860552	-0.00792393026941363	-0.0038034865293185734	-0.012995245641838356	-0.007290015847860552	30346118
2022-06-10	0.007665282657298052	-0.006707122325135653	0.010220376876397326	-0.008304056212072758	0.007665282657298052	38328100
2022-06-09	-0.01571832756994656	-0.0003143665513988686	0.001571832756994678	-0.01571832756994656	-0.01571832756994656	40890640
2022-06-08	-0.003446115288220645	0.0025062656641603475	0.007518796992481042	-0.010651629072681811	-0.003446115288220645	47973368
2022-06-07	0.0069400630914827266	-0.0015772870662460793	0.007570977917981135	-0.006309148264984205	0.0069400630914827266	42593389
2022-06-06	0.0057106598984771485	0.0	0.007931472081218274	-0.012055837563451745	0.0057106598984771485	45885654
2022-06-02	-0.0066183422628427625	-0.007248660573589676	-0.004097069019854995	-0.02269145918688934	-0.0066183422628427625	46767568
2022-06-01	-0.013677339135840884	0.0003108486167235937	0.004973577867578383	-0.017718371153248376	-0.013677339135840884	49628559
2022-05-31	0.01036432160804026	0.0006281407035175745	0.010992462311557722	-0.005967336683417126	0.01036432160804026	42866332
2022-05-30	0.009831906121154416	0.0022201078338090798	0.010466222645099851	0.0003171582619726613	0.009831906121154416	33978601
2022-05-27	-0.006616257088846796	0.004410838059231272	0.013232514177693704	-0.012287334593572686	-0.006616257088846796	43100411
2022-05-26	-0.0009442870632672691	0.0003147623544224603	0.006924771797293008	-0.013220018885741208	-0.0009442870632672691	43233130
2022-05-25	-0.0006291286568103043	-0.0006291286568103043	0.0012582573136206087	-0.01038062283737019	-0.0006291286568103043	26848798
2022-05-24	-0.018221124150710418	-0.004941321803582572	0.0046324891908585105	-0.018221124150710418	-0.018221124150710418	33508021
2022-05-23	-0.025579295817032634	-0.008426120975022391	-0.008426120975022391	-0.033704483900090204	-0.025579295817032634	55928603
2022-05-20	0.01558679706601461	0.004278728606356985	0.018643031784841058	0.0024449877750610726	0.01558679706601461	40834294
2022-05-19	-0.008484848484848519	-0.009696969696969706	-0.0030303030303030732	-0.017575757575757522	-0.008484848484848519	28065002
2022-05-18	-0.010791366906474803	0.0011990407673860657	0.002098321342925668	-0.018585131894484335	-0.010791366906474803	31287481
2022-05-17	0.001200480192076805	0.006902761104441683	0.009903961584633802	-0.007202881152461044	0.001200480192076805	23864945
2022-05-16	-0.006263048016701487	0.012526096033402974	0.018192663286608988	-0.010438413361169144	-0.006263048016701487	29514900
2022-05-13	0.008421052631578982	0.004511278195488679	0.015338345864661594	0.0006015037593985903	0.008421052631578982	32740133
2022-05-12	-0.0015015015015014163	-0.008708708708708685	0.008408408408408443	-0.014114114114114082	-0.0015015015015014163	30357803
2022-05-11	-0.00745156482861401	0.000596125186289214	0.005067064083457577	-0.01520119225037252	-0.00745156482861401	49280212
2022-05-10	0.0053940665268204895	-0.011387473778843136	0.00839077015283192	-0.020077914294276137	0.0053940665268204895	48929200
2022-05-09	-0.017373380447585494	-0.007067137809187337	-0.003828032979976518	-0.022084805653710248	-0.017373380447585494	33436835
2022-05-06	-0.007597895967270544	-0.014026884862653329	-0.001461133839859648	-0.020748100526008208	-0.007597895967270544	58693018
2022-05-05	0.0964434476129445	0.04133290611983336	0.09676385773790439	0.03748798462031405	0.0964434476129445	122318223
2022-04-29	0.029693170570768795	0.0016496205872649527	0.03365225998020454	-0.0003299241174529202	0.029693170570768795	42062722
2022-04-28	-0.004924491135916025	-0.0019697964543664566	0.005909389363099137	-0.01838476690741964	-0.004924491135916025	35526715
2022-04-27	0.015333333333333362	-0.006666666666666643	0.015666666666666627	-0.011666666666666714	0.015333333333333362	37264668
2022-04-26	-0.023119505047215917	0.008466297622924064	0.012048192771084253	-0.025724519700423287	-0.023119505047215917	42292456
2022-04-25	-0.03941194870190798	-0.011260556771973709	0.0009383797309978461	-0.03972474194557396	-0.03941194870190798	43933142
2022-04-22	0.025336754329698497	-0.011866581141757569	0.03175112251443239	-0.02437459910198839	0.025336754329698497	43642904
2022-04-21	-0.01733375354554052	0.0	0.00819413803970999	-0.02269145918688934	-0.01733375354554052	36272972
2022-04-20	0.005705229793977804	-0.0012678288431061536	0.024722662440570444	-0.0015847860538827482	0.005705229793977804	29730688
2022-04-19	-0.014062499999999978	0.0	0.005624999999999991	-0.01968749999999997	-0.014062499999999978	32515161
2022-04-18	-0.011735639283508417	0.0	0.0	-0.01544163063619529	-0.011735639283508417	20630954
2022-04-15	-0.003385657125269296	-0.012003693444136675	0.0027700831024929607	-0.012003693444136675	-0.003385657125269296	21834734
2022-04-14	0.016583229036295406	0.007509386733416833	0.019712140175219103	0.0031289111389236988	0.016583229036295406	30566174
2022-04-13	-0.015403573629081947	-0.0024645717806530587	-0.0009242144177449518	-0.015711645101663632	-0.015403573629081947	24479084
2022-04-12	0.021397105097545617	-0.0003146633102580731	0.03209565764631831	-0.011013215859030881	0.021397105097545617	38833496
2022-04-11	-0.01334989133809375	0.003104625892579988	0.003415088481837921	-0.018938217944737643	-0.01334989133809375	33534898
2022-04-08	-0.026299879081015644	-0.02720677146311967	-0.024183796856106325	-0.03899637243047156	-0.026299879081015644	34117729
2022-04-07	-0.00331425128050616	-0.004218137993371515	0.00512202470623687	-0.01325700512202464	-0.00331425128050616	37262285
2022-04-06	0.005148394912174276	0.0	0.011811023622047044	-0.0048455481526348786	0.005148394912174276	39895155
2022-04-01	0.02229102167182681	-0.006191950464396153	0.02414860681114555	-0.013622291021671758	0.02229102167182681	46824095
2022-03-31	0.0071718116619893	-0.0021827252884315646	0.013408169628936692	-0.005924540068599977	0.0071718116619893	36267599
2022-03-30	0.025255754475703298	0.003196930946291492	0.025255754475703298	0.003196930946291492	0.025255754475703298	33152766
2022-03-29	-0.011378002528444987	0.0009481668773704532	0.002844500632111247	-0.01264222503160563	-0.011378002528444987	20440905
2022-03-28	0.0038071065989848034	-0.01459390862944165	0.0038071065989848034	-0.02442893401015227	0.0038071065989848034	27766641
2022-03-25	-0.017149984409105104	0.0071718116619893	0.0071718116619893	-0.017773620205799822	-0.017149984409105104	40684758
2022-03-24	-0.008961681087762643	-0.004944375772558609	-0.0021631644004944466	-0.01266996291718171	-0.008961681087762643	25595264
2022-03-23	-0.002773497688752031	0.0015408320493065378	0.004314329738058569	-0.010477657935285158	-0.002773497688752031	29932041
2022-03-22	0.009017412935323578	-0.000621890547263558	0.02021144278606983	-0.004664179104477568	0.009017412935323578	39439807
2022-03-21	-0.003099814011159375	0.000619962802231963	0.00619962802231875	-0.010229386236825738	-0.003099814011159375	40403581
2022-03-18	0.005924540068599867	-0.008419083255378846	0.014343623323978823	-0.013408169628936692	0.005924540068599867	53326522
2022-03-17	0.010078740157480323	0.020787401574803042	0.0324409448818898	0.009763779527559127	0.010078740157480323	65206207
2022-03-16	0.017628205128205152	0.013141025641025646	0.02403846153846154	-0.017628205128205152	0.017628205128205152	60634543
2022-03-15	-0.05540417801998189	-0.010293672419013121	-0.010293672419013121	-0.05570693309112927	-0.05540417801998189	62285447
2022-03-14	-0.02278106508875728	-0.016863905325443795	-0.005325443786982241	-0.023668639053254354	-0.02278106508875728	29943298
2022-03-11	0.00895522388059693	-0.015223880597014867	0.011641791044776136	-0.02895522388059698	0.00895522388059693	36290880
2022-03-10	0.004799040191961505	0.03419316136772625	0.03449310137972401	-0.0026994601079785062	0.004799040191961505	47489450
2022-03-09	-0.01738874152667245	0.0	0.009431181844974957	-0.0660182729148246	-0.01738874152667245	78680338
2022-03-08	-0.027515047291487557	-0.0002866150759529381	0.00630553167096586	-0.02894812267125245	-0.027515047291487557	53916765
2022-03-07	-0.02623499860452129	-0.006419201786212584	-0.0053028188668712735	-0.02707228579402732	-0.02623499860452129	48913310
2022-03-04	-0.007479224376731388	-0.006648199445983435	-0.003601108033241068	-0.016066481994459786	-0.007479224376731388	33962598
2022-03-03	-0.013121924548933758	0.0038272279934390536	0.004920721705850184	-0.015582285401858948	-0.013121924548933758	46173839
2022-03-02	-0.006787944610371979	-0.008960086885690968	-0.004072766766223149	-0.012218300298669448	-0.006787944610371979	24595801
2022-03-01	0.001631765025836148	-0.001903725863475667	0.00815882512918132	-0.011422355180854002	0.001631765025836148	42985840
2022-02-28	-0.010761366693570045	0.00026903416733919857	0.0008071025020177868	-0.02636534839924681	-0.010761366693570045	62730581
2022-02-25	-0.0008064516129032563	0.001075268817204278	0.007795698924731159	-0.00779569892473135	-0.0008064516129032563	42712684
2022-02-24	-0.02719665271966525	-0.0023535564853557375	-0.0023535564853557375	-0.034780334728033616	-0.02719665271966525	60824088
2022-02-23	0.008704827222368912	0.0029016090741230956	0.010023740437879255	0.0015826958586125635	0.008704827222368912	29246588
2022-02-22	-0.023693020860159716	-0.008498583569405055	-0.004893123873293786	-0.025753283543651816	-0.023693020860159716	53047875
2022-02-21	-0.005379098360655759	-0.0061475409836066084	-0.0015368852459016976	-0.015624999999999986	-0.005379098360655759	33968072
2022-02-18	0.010351966873705968	-0.006211180124223654	0.010610766045548566	-0.008799171842650192	0.010351966873705968	26360482
2022-02-17	-0.014788373278939273	0.002039775624681242	0.002039775624681242	-0.017848036715961135	-0.014788373278939273	42714367
2022-02-16	0.002043944813489992	-0.0030659172202349883	0.0076647930505875615	-0.004854368932038776	0.002043944813489992	30780887
2022-02-15	-0.015593561368209191	-0.008299798792756496	-0.0025150905432595933	-0.02112676056338019	-0.015593561368209191	45654967
2022-02-14	-0.0035087719298245758	0.009523809523809589	0.012030075187970024	-0.021553884711779436	-0.0035087719298245758	62338748
2022-02-11	0.02994321115126475	0.0	0.03639648941662355	-0.0038719669592152447	0.02994321115126475	87483158
2022-02-10	0.004147226542249967	0.008553654743390314	0.015033696215655737	0.0007776049766718802	0.004147226542249967	47658143
2022-02-09	0.002338269680436381	-0.001299038711353709	0.00961288646401656	-0.004936347103143799	0.002338269680436381	41106873
2022-02-08	0.007064364207221432	0.0	0.00784929356357939	-0.009942438513866966	0.007064364207221432	34640873
2022-02-07	0.01030927835051548	0.01163098070314578	0.019825535289452818	-0.0034364261168383678	0.01030927835051548	40373283
2022-01-28	0.01149732620320855	0.0026737967914438883	0.022727272727272766	0.0024064171122995565	0.01149732620320855	47644511
2022-01-27	-0.04494382022471905	-0.0033197139938711813	-0.0033197139938711813	-0.04596527068437174	-0.04494382022471905	74102395
2022-01-26	0.006942658781177578	0.0	0.020313705322705045	-0.008999742864489622	0.006942658781177578	41862025
2022-01-25	0.0010296010296010076	0.0041184041184040305	0.031917631917631965	0.0	0.0010296010296010076	70959225
2022-01-24	-0.00639386189258312	-0.0025575447570332843	0.0074168797953963975	-0.01739130434782608	-0.00639386189258312	42720923
2022-01-21	-0.022499999999999964	-0.0007500000000000284	0.0025000000000000356	-0.02475000000000005	-0.022499999999999964	50788578
2022-01-20	0.013941698352344668	0.0005069708491760715	0.025855513307984686	-0.0012674271229405388	0.013941698352344668	73776710
2022-01-19	0.006120887528691711	-0.006630961489415914	0.015302218821729186	-0.00969140525376186	0.006120887528691711	66462107
2022-01-18	0.017120622568093484	-0.0012970168612191223	0.019455252918287938	-0.013488975356679535	0.017120622568093484	67021234
2022-01-17	0.007843137254901886	-0.006535947712418301	0.009150326797385658	-0.007843137254901886	0.007843137254901886	44299736
2022-01-14	-0.021739130434782643	-0.0025575447570332843	-0.00025575447570327394	-0.022506393861892647	-0.021739130434782643	56627466
2022-01-13	-0.010627530364372513	-0.0005060728744940062	0.012145748987854171	-0.013663967611336189	-0.010627530364372513	51823072
2022-01-12	-0.011011011011010954	0.0	0.0007507507507507792	-0.023773773773773845	-0.011011011011010954	64504932
2022-01-11	-0.007698038241867451	-0.00546312391358346	0.011919543084181694	-0.015892724112242376	-0.007698038241867451	66151341
2022-01-10	0.003238664673642316	0.0	0.024165421026407546	-0.008470353761833667	0.003238664673642316	110096660
2022-01-07	0.03962703962703966	0.008029008029008088	0.04636104636104634	0.0012950012950012214	0.03962703962703966	164665655
2022-01-06	-0.01126760563380276	0.0	0.0017925736235595464	-0.01715749039692688	-0.01126760563380276	86819500
2022-01-05	0.03911655135710482	0.0005321979776477682	0.05774348057477387	-0.0034592868547098313	0.03911655135710482	182268902
2022-01-04	0.014852822036186798	0.0	0.019443694301917332	-0.005130974885228132	0.014852822036186798	66231709
2021-12-31	0.005430355688297661	0.0	0.009774640238935635	-0.005701873472712486	0.005430355688297661	41765621
2021-12-30	0.00027159152634432404	0.0021727322107549783	0.007604562737642617	-0.004073872895165632	0.00027159152634432404	45854381
2021-12-29	-0.025925925925925845	-0.005291005291005179	-0.004232804232804143	-0.025925925925925845	-0.025925925925925845	72674514
2021-12-28	0.0055865921787707825	0.0	0.014631550944400029	-0.012237297153498292	0.0055865921787707825	116218921
2021-12-27	0.05589887640449444	0.002247191011235907	0.056179775280898875	0.0	0.05589887640449444	139888858
2021-12-24	-0.003080369644357307	0.0002800336040324282	0.0002800336040324282	-0.012881545785494284	-0.003080369644357307	35083489
2021-12-23	-0.006123016977456133	-0.005009741163373218	0.0013915947676035947	-0.012524352908433144	-0.006123016977456133	30651996
2021-12-22	0.0019520356943669907	0.00083658672615731	0.007250418293363023	-0.010596765197992263	0.0019520356943669907	41570413
2021-12-21	0.017304964539007078	0.0034042553191488637	0.024113475177305006	0.002836879432624154	0.017304964539007078	47780525
2021-12-20	-0.007042253521126761	-0.0028169014084507443	0.00760563380281699	-0.00760563380281699	-0.007042253521126761	37916678
2021-12-17	-0.014983351831298534	-0.0011098779134294991	-0.0011098779134294991	-0.016093229744728033	-0.014983351831298534	42309705
2021-12-16	0.0038997214484679825	0.0013927576601672498	0.006685236768802284	-0.006406685236768715	0.0038997214484679825	37944055
2021-12-15	-0.008287292817679676	-0.003038674033149155	0.003591160220994349	-0.009668508287292855	-0.008287292817679676	41208897
2021-12-14	-0.012817016634851346	0.005999454595036783	0.005999454595036783	-0.015271338969184681	-0.012817016634851346	51639732
2021-12-13	0.0019125683060109365	0.0	0.020218579234972733	0.0	0.0019125683060109365	65758977
2021-12-10	-0.007323026851098347	-0.007323026851098347	0.0	-0.016815839435855642	-0.007323026851098347	54164487
2021-12-09	0.009860312243221021	-0.0013694878115583994	0.024924678170364388	-0.0013694878115583994	0.009860312243221021	102200855
2021-12-08	-0.0032760032760034	0.0027300027300025745	0.004095004095004056	-0.01638001638001642	-0.0032760032760034	68748868
2021-12-07	0.03474576271186452	0.00649717514124305	0.03502824858757068	0.005649717514124374	0.03474576271186452	109286243
2021-12-06	0.012006861063464887	-0.0022870211549456346	0.029159519725557553	-0.0037164093767866058	0.012006861063464887	70954142
2021-12-03	-0.003418803418803548	0.0	0.004273504273504233	-0.012820512820512902	-0.003418803418803548	36003323
2021-12-02	-0.0022740193291642496	-0.005116543490619662	0.0028425241614554128	-0.011938601478112612	-0.0022740193291642496	29998239
2021-12-01	0.01793981481481474	-0.004340277777777942	0.018229166666666533	-0.009548611111111266	0.01793981481481474	44119093
2021-11-30	-0.0020213687554143885	0.001443834825295904	0.01299451342766375	-0.004909038406006401	-0.0020213687554143885	38807856
2021-11-29	-0.014232849416453173	-0.010247651579846268	-0.008539709649872025	-0.017079419299743846	-0.014232849416453173	42463194
2021-11-26	-0.0070661390616167325	-0.002261164499717507	-0.00169587337478808	-0.007914075749010771	-0.0070661390616167325	31058588
2021-11-25	-0.009795689896445406	-0.0033585222502098364	0.009795689896445605	-0.010915197313182018	-0.009795689896445406	43694681
2021-11-24	-0.004735376044568293	0.0	0.0016713091922006206	-0.010584958217270068	-0.004735376044568293	37931737
2021-11-23	0.005039193729003352	-0.006159014557670741	0.007278835386338131	-0.017077267637178036	0.005039193729003352	53898686
2021-11-22	-0.005291005291005228	-0.0016708437761067997	0.004734057365636361	-0.008354218880534591	-0.005291005291005228	38002268
2021-11-19	0.00447552447552438	-0.0016783216783217419	0.008111888111888088	-0.010349650349650278	0.00447552447552438	48293262
2021-11-18	-0.01596476740985407	-0.0027525461051473004	0.0	-0.01706578585191295	-0.01596476740985407	46228070
2021-11-17	0.00027533039647571614	0.012665198237885486	0.018447136563876698	-0.0022026431718061203	0.00027533039647571614	54834802
2021-11-16	0.00637295649764469	0.0038791909116096825	0.015239678581324386	0.00027708506511493514	0.00637295649764469	60632615
2021-11-15	0.01862828111769697	0.004233700254021975	0.024273214789726206	0.0011289867344058467	0.01862828111769697	57855616
2021-11-12	-0.01910299003322253	0.0030454042081948904	0.0030454042081948904	-0.022702104097452946	-0.01910299003322253	74252446
2021-11-11	0.04182290164407256	0.0017306028266511442	0.04182290164407256	-0.001730602826651349	0.04182290164407256	123853844
2021-11-10	-0.026123595505617967	-0.0028089887640449836	-0.002528089887640545	-0.042134831460674156	-0.026123595505617967	112307310
2021-11-09	-0.011385726187170136	0.0	0.004443210219383607	-0.013329630658150427	-0.011385726187170136	52595435
2021-11-08	-0.009625962596259665	-0.009625962596259665	-0.003575357535753646	-0.012926292629262896	-0.009625962596259665	42417886
2021-11-05	-0.0016474464579901776	-0.003294892915980355	0.009060955518945587	-0.011532125205930853	-0.0016474464579901776	44889821
2021-11-04	0.0038588754134509526	0.0002756339581035835	0.004134509371554536	-0.009922822491730965	0.0038588754134509526	51186105
2021-11-03	-0.0022002200220021533	0.0	0.005225522552255163	-0.015126512651265049	-0.0022002200220021533	42944962
2021-11-02	-0.01649986475520691	-0.0013524479307545892	0.005950770895320499	-0.02299161482282936	-0.01649986475520691	52088926
2021-11-01	0.008731241473397006	-0.009004092769440608	0.017462482946794013	-0.019645293315143218	0.008731241473397006	63205279
2021-10-29	0.004109589041095852	-0.0002739726027396715	0.009041095890410912	-0.012876712328767092	0.004109589041095852	55777086
2021-10-28	-0.007342942616263342	-0.008158825129181512	-0.0005439216752788448	-0.02338863203698685	-0.007342942616263342	62526929
2021-10-27	-0.056695741405848994	-0.025141097998973756	-0.024884556182657745	-0.061056952283222055	-0.056695741405848994	159121075
2021-10-26	-0.009906019812039639	-0.0022860045720090503	0.004826009652019427	-0.011176022352044648	-0.009906019812039639	52358763
2021-10-25	-0.03196459306614222	-0.015244652077698661	-0.011310548315711847	-0.03761986722399806	-0.03196459306614222	88501906
2021-10-22	0.014720558882235614	0.000499001996008062	0.02445109780439132	0.0	0.014720558882235614	106208914
2021-10-21	0.038880248833592534	0.0	0.03939865215137385	-0.004147226542249782	0.038880248833592534	96608729
2021-10-20	-0.012035851472471163	0.0012804097311140657	0.006402048655569783	-0.013572343149807787	-0.012035851472471163	35314668
2021-10-19	0.017987486965589095	-0.004171011470281454	0.023461939520333645	-0.004953076120959274	0.017987486965589095	45212364
2021-10-18	-0.017669654289372543	0.0	0.0012804097311140657	-0.021254801536491636	-0.017669654289372543	39604481
2021-10-15	0.001795792714212424	0.0	0.013083632632119167	-0.004361210877372874	0.001795792714212424	40225796
2021-10-14	-0.003069053708440014	-0.0017902813299232809	0.005626598465473117	-0.0071611253196931235	-0.003069053708440014	27145697
2021-10-13	-0.00862068965517232	-0.005578093306288004	-0.0002535496957403147	-0.023326572008113455	-0.00862068965517232	45331658
2021-10-12	-0.010288582183187043	-0.008281053952321161	0.0007528230865746834	-0.01455457967377662	-0.010288582183187043	43544252
2021-10-11	0.0010047726701833495	0.004521477015825162	0.007786988193921003	-0.006782215523737833	0.0010047726701833495	55819304
2021-10-08	0.02735483870967748	0.0033548387096774854	0.031225806451612926	-0.009806451612903291	0.02735483870967748	82685450
2021-09-30	-0.013994910941475756	-0.0002544529262086008	0.004071246819338517	-0.014503816793893138	-0.013994910941475756	67332578
2021-09-29	0.031225400157438934	0.018630280766203117	0.03909734977696148	0.009183941222776212	0.031225400157438934	104737322
2021-09-28	-0.008584807492195586	-0.00884495317377722	0.0023413111342352605	-0.018730489073881345	-0.008584807492195586	46611034
2021-09-27	0.013980480084410477	-0.002110261144816626	0.03534687417567933	-0.009496175151675005	0.013980480084410477	74025028
2021-09-24	-0.005247966413015032	-0.002886381527158211	0.008396746260823939	-0.009446339543426907	-0.005247966413015032	43610921
2021-09-23	0.008467848637205618	0.0044985445885155255	0.01825879862397454	0.0023815824292141683	0.008467848637205618	51706366
2021-09-22	-0.01228437009932041	-0.018034500784108672	-0.008886565603763625	-0.021432305279665456	-0.01228437009932041	36804323
2021-09-17	0.0013085579691179574	-0.0031405391258832096	0.004449097095001353	-0.020151792724417774	0.0013085579691179574	72454537
2021-09-16	-0.02000512952038987	-0.004873044370351496	0.002564760194921811	-0.020518081559374308	-0.02000512952038987	77409322
2021-09-15	-0.030340711265854237	-0.0044764983834866875	-0.0039791096742104876	-0.037801541904998834	-0.030340711265854237	107648800
2021-09-14	-0.0144607843137254	0.0036764705882354337	0.012254901960784315	-0.015441176470588125	-0.0144607843137254	63968409
2021-09-13	-0.010669253152279456	0.00048496605237623717	0.0036372453928224676	-0.015276430649854572	-0.010669253152279456	59412607
2021-09-10	-0.005306319343945944	0.0009647853352628834	0.004823926676314417	-0.007959479015918917	-0.005306319343945944	59032322
2021-09-09	-0.0016855285335901826	-0.003852636648206205	0.006260534553334891	-0.006501324343847896	-0.0016855285335901826	48036806
2021-09-08	-0.005269461077844284	-0.003592814371257451	-0.001916167664670618	-0.011497005988023877	-0.005269461077844284	71079050
2021-09-07	0.008697753080454201	-0.0024160425223484277	0.010630587098332875	-0.011597004107272385	0.008697753080454201	70159754
2021-09-06	0.019709288001970856	0.00665188470066509	0.02414387780241431	0.003941857600394102	0.019709288001970856	89379170
2021-09-03	0.0029651593773166434	0.0002470966147763284	0.010130961205831571	-0.006671608598962096	0.0029651593773166434	81983523
2021-09-02	-0.02856457033125295	0.0	0.0	-0.03600576092174748	-0.02856457033125295	104376928
2021-09-01	0.013625304136252923	0.009732360097323567	0.01897810218978105	-0.009245742092457482	0.013625304136252923	90621797
2021-08-31	0.002439024390243937	0.004878048780487874	0.023414634146341484	-0.017073170731707388	0.002439024390243937	65468076
2021-08-30	-0.042727060471631995	0.0004669624095261062	0.003035255661919275	-0.04692972215736629	-0.042727060471631995	82576878
2021-08-27	-0.007185906351414054	-0.003245248029670852	0.007185906351414054	-0.00764951321279551	-0.007185906351414054	33754969
2021-08-26	-0.02859716280117082	-0.006980409817608538	-0.006980409817608538	-0.031749605944607	-0.02859716280117082	54996625
2021-08-25	-0.001349224196087301	0.004722284686305394	0.006970991679784175	-0.004497413986957403	-0.001349224196087301	37301721
2021-08-24	-0.01155812402756175	0.00022227161591460346	0.02200488997555001	-0.019559902200489053	-0.01155812402756175	61973416
2021-08-23	-0.02407809110629066	-0.04555314533622563	-0.020607375271149735	-0.07201735357917571	-0.02407809110629066	94271239
2021-08-20	-0.023718763235916932	-0.0040237187632358685	-0.0023295213892418347	-0.037484116899618725	-0.023718763235916932	72889342
2021-08-19	-0.008816120906801042	-0.002099076406381222	0.005037783375314903	-0.013224181360201565	-0.008816120906801042	34357648
2021-08-18	0.011035653650254737	0.00127334465195251	0.013157894736842202	-0.004668930390492336	0.011035653650254737	32873879
2021-08-17	-0.018128776828506034	0.0020837674515524363	0.004375911648260072	-0.019587414044592723	-0.018128776828506034	40945935
2021-08-16	0.03159931212381769	0.0070937231298365926	0.035683576956147815	0.003439380911435868	0.03159931212381769	61536863
2021-08-13	-0.0053453068206115026	0.00021381227282441756	0.003848620910840276	-0.012828736369467637	-0.0053453068206115026	39195008
2021-08-12	-0.026638917793964496	-0.0006243496357959216	0.003954214360041724	-0.028928199791883467	-0.026638917793964496	65866726
2021-08-11	-0.009278350515463977	0.0028865979381443416	0.015051546391752513	-0.012371134020618586	-0.009278350515463977	48719161
2021-08-10	0.0006189395502372837	-0.00783990096967187	0.0024757582009491347	-0.017949246956880494	0.0006189395502372837	35984735
2021-08-09	0.015291160452450709	-0.005027230833682488	0.022622538751570973	-0.007331378299120264	0.015291160452450709	41586777
2021-08-06	-0.00789692435577713	0.0016625103906900542	0.00290939318370741	-0.014754779717373252	-0.00789692435577713	27849370
2021-08-05	-0.008039579468150908	-0.008039579468150908	0.016079158936301817	-0.009482580911152358	-0.008039579468150908	34844584
2021-08-04	-0.014224751066856388	0.014021540337329764	0.014021540337329764	-0.018898597845966262	-0.014224751066856388	52420801
2021-08-03	0.019896373056994838	-0.007253886010362724	0.025906735751295335	-0.011191709844559567	0.019896373056994838	58606350
2021-08-02	0.015789473684210527	-0.007789473684210473	0.029473684210526287	-0.0189473684210526	0.015789473684210527	52314589
2021-07-30	-0.0012615643397813766	-0.0073591253153911145	0.0025231286795626036	-0.02228763666947019	-0.0012615643397813766	40302543
2021-07-29	0.00126315789473689	0.00989473684210524	0.014315789473684205	-0.001894736842105335	0.00126315789473689	46480637
2021-07-28	0.01582549187339611	-0.005560307955517494	0.028229255774165962	-0.012831479897348192	0.01582549187339611	56206051
2021-07-27	-0.018265798866260854	0.007348309888725473	0.009867730422002915	-0.019525509132899427	-0.018265798866260854	62982578
2021-07-26	-0.028355773153814778	-0.004487964096287351	-0.0038759689922481604	-0.029375764993880147	-0.028355773153814778	65575533
2021-07-23	-0.01861861861861861	-0.0010010010010010862	-0.000800800800800926	-0.019419419419419538	-0.01861861861861861	45042135
2021-07-22	0.0	-0.0030030030030031166	0.01001001001001001	-0.009009009009009066	0.0	39026330
2021-07-21	-0.0244140625	0.0	0.005664062499999983	-0.025390625000000083	-0.0244140625	49884429
2021-07-20	-0.005439005439005324	-0.002525252525252437	0.008935508935508953	-0.015151515151515036	-0.005439005439005324	46338532
2021-07-19	0.029805961192238346	0.0062012402480495134	0.03480696139227835	0.0002000400080015605	0.029805961192238346	72400272
2021-07-16	0.009898989898989938	0.0	0.013333333333333265	-0.006060606060606003	0.009898989898989938	43810409
2021-07-15	-0.002016129032258093	-0.010080645161290322	0.004032258064516043	-0.012298387096774182	-0.002016129032258093	38032397
2021-07-14	0.004048582995951474	-0.002024291497975737	0.010121457489878543	-0.011943319838056606	0.004048582995951474	45530753
2021-07-13	0.009811937857726837	0.0047015535568274095	0.015331152902698283	-0.008585445625511072	0.009811937857726837	36884269
2021-07-12	-0.007707910750507007	0.0081135902636918	0.010141987829614604	-0.00993914807302221	-0.007707910750507007	38015124
2021-07-09	0.0020325203252031365	0.0	0.004878048780487701	-0.02032520325203252	0.0020325203252031365	40565516
2021-07-08	-0.01972504482964724	0.001992428770671477	0.001992428770671477	-0.02370990237099019	-0.01972504482964724	56559795
2021-07-07	0.0015964877270005647	-0.005587707044502118	0.019357413689882235	-0.005587707044502118	0.0015964877270005647	36427130
2021-07-06	0.004409701342954477	-0.006814992984566113	0.00741631589496888	-0.010222489476849029	0.004409701342954477	35295781
2021-07-05	-0.021572857423024148	0.00019611688566381662	0.004118454598940985	-0.02549519513630132	-0.021572857423024148	48646874
2021-07-02	-0.016775935210181208	-0.01272657153875813	-0.007134593135364393	-0.029116853065946743	-0.016775935210181208	47088482
2021-07-01	-0.0046065259117082915	0.00038387715930894475	0.007677543186180395	-0.019193857965451054	-0.0046065259117082915	35377220
2021-06-30	0.018174711745163174	0.00840336134453781	0.02188782489740077	0.0	0.018174711745163174	29513260
2021-06-29	-0.028294720850740505	-0.0007595898214963758	-0.0007595898214963758	-0.03342195214584121	-0.028294720850740505	47667186
2021-06-28	0.008232816389048435	0.03197396132490909	0.0426957687152978	0.002488991001340275	0.008232816389048435	52555025
2021-06-25	0.015160349854227288	0.0009718172983478552	0.021574344023323602	-0.005636540330418003	0.015160349854227288	47818455
2021-06-24	-0.005220417633410596	0.0013534416086620317	0.0027068832173240635	-0.020108275328692946	-0.005220417633410596	47409864
2021-06-23	0.03813729425933357	0.0006021678040947639	0.03813729425933357	0.00020072260136487374	0.03813729425933357	86754969
2021-06-22	-0.02523967912345919	0.00019565642731359832	0.004891410682840931	-0.031500684797495584	-0.02523967912345919	107895588
2021-06-21	-0.04787630402384501	-0.02235469448584208	-0.02235469448584208	-0.04992548435171385	-0.04787630402384501	111265588
2021-06-18	-0.01864716636197446	0.0	0.0038391224862887336	-0.01882998171846437	-0.01864716636197446	50755026
2021-06-17	-0.008698803914461706	0.00036245016310263004	0.00036245016310263004	-0.01232330554548749	-0.008698803914461706	29167028
2021-06-16	-0.0034314610800071834	0.00036120642947450114	0.010836192884233365	-0.006321112515802679	-0.0034314610800071834	31422940
2021-06-15	0.013731233980227023	0.0005492493592091017	0.013914317099963477	-0.004027828634199906	0.013731233980227023	45788692
2021-06-11	-0.00708962006907836	0.0003635702599527927	0.0025449918196691615	-0.011997818578440221	-0.00708962006907836	42287234
2021-06-10	-0.003983342386384191	0.0	0.00162954915806633	-0.004164403403947073	-0.003983342386384191	39750717
2021-06-09	0.0	-0.0014484881405033188	0.0039833423863843195	-0.003259098316132532	0.0	30478659
2021-06-08	-0.0023482658959538033	-0.0010838150289017752	0.005960982658959507	-0.007225433526011535	-0.0023482658959538033	28603661
2021-06-07	-0.011075384065737718	-0.0008931761343336399	-0.0008931761343336399	-0.014648088603072531	-0.011075384065737718	40618895
2021-06-04	0.0	0.0	0.00535905680600222	-0.007502679528402905	0.0	30928663
2021-06-03	-0.001248884924174849	0.002497769848349698	0.008028545941124048	-0.001248884924174849	-0.001248884924174849	38526612
2021-06-02	-0.004440497335701599	0.0	0.001598579040852636	-0.006749555950266349	-0.004440497335701599	32203750
2021-06-01	0.0	0.0	0.004085257548845541	-0.006039076376554109	0.0	34078014
2021-05-31	-0.012107387260923053	0.0012282856641516104	0.0038603263730478832	-0.01947710124583259	-0.012107387260923053	56053396
2021-05-28	-0.018090971743625037	-0.0006891798759476077	-0.0006891798759476077	-0.021364576154376327	-0.018090971743625037	64862635
2021-05-27	0.032924007830574864	0.04111051788574484	0.05481402384765983	0.02544936821498487	0.032924007830574864	95635438
2021-05-26	0.005367686527106766	0.0001789228842368583	0.008588298443370852	-0.010198604401502958	0.005367686527106766	47618606
2021-05-25	-0.01602112676056332	-0.010563380281690042	-0.005281690140845021	-0.036971830985915395	-0.01602112676056332	112779263
2021-05-24	-0.012173913043478311	-0.004695652173913098	-0.004521739130434748	-0.014434782608695622	-0.012173913043478311	35729612
2021-05-21	-0.008620689655172414	0.0024137931034482855	0.009827586206896556	-0.01034482758620692	-0.008620689655172414	28266741
2021-05-20	0.010276955234279803	0.00870928409684724	0.013586483191081713	-0.0003483713638738203	0.010276955234279803	29461064
2021-05-19	-0.008976350768168533	-0.000517866390471278	-0.0001726221301570518	-0.012428793371310183	-0.008976350768168533	22997505
2021-05-18	-0.006176016469377242	0.0003431120260765676	0.006690684508492033	-0.009607136730142431	-0.006176016469377242	23780945
2021-05-17	0.009525458953931367	0.00017319016279871856	0.018358157256667736	-0.0036369934187738284	0.009525458953931367	36004033
2021-05-14	0.006273963053328676	-0.006622516556291435	0.0064482398048099935	-0.013942140118508264	0.006273963053328676	44842349
2021-05-13	-0.0287745429925524	-0.008970886932972261	-0.006431956668923417	-0.030974949221394692	-0.0287745429925524	42631676
2021-05-12	-0.013689482470784647	0.0	0.0033388981636060574	-0.03088480801335562	-0.013689482470784647	38783902
2021-05-11	0.001002673796791363	-0.007185828877005461	0.002506684491978586	-0.010360962566844996	0.001002673796791363	19644907
2021-05-10	0.004701141705842867	-0.002686366689053118	0.004701141705842867	-0.010745466756212232	0.004701141705842867	29204133
2021-05-07	-0.006671114076050677	0.004836557705136743	0.019513008672448328	-0.013509006004002707	-0.006671114076050677	36528167
2021-05-06	0.0008345852111501296	-0.004339843097980271	0.007845100984810649	-0.005007511266900303	0.0008345852111501296	33612713
2021-04-30	0.006721559401781189	0.012434884893295278	0.018316249369853863	-0.003192740715846038	0.006721559401781189	50033512
2021-04-29	0.024974164657251045	0.024974164657251045	0.044953496383052	0.0025835342748880222	0.024974164657251045	82288716
2021-04-28	0.001379786133149455	0.008968609865470906	0.011728182131769571	-0.01017592273197648	0.001379786133149455	27710952
2021-04-27	-0.008888888888888943	0.0	0.003931623931623878	-0.016752136752136697	-0.008888888888888943	31695564
2021-04-26	-0.021902691857548943	0.002675137936799809	0.003009530178899845	-0.022738672462798853	-0.021902691857548943	42065369
2021-04-23	0.01184232786330575	0.0032143461343257947	0.018440196244290365	-0.0008458805616646448	0.01184232786330575	27949161
2021-04-22	-0.008554176450855384	0.0015095605501510134	0.00469641060046966	-0.01442468970144246	-0.008554176450855384	26844357
2021-04-21	-0.006002000666888954	-0.008002667555851899	0.0	-0.015171723907969267	-0.006002000666888954	22207693
2021-04-20	-0.014783180026281302	-0.0011498028909329874	-0.0009855453350854511	-0.02020367936925105	-0.014783180026281302	34338610
2021-04-19	0.0	0.0003285151116950726	0.00788436268068326	-0.008705650459921175	0.0	29084209
2021-04-16	0.005782256732198933	0.019329258219064956	0.022302990252767246	-0.008425574095489807	0.005782256732198933	32841159
2021-04-15	0.010180240320427227	0.0180240320427236	0.04022029372496656	0.007676902536715635	0.010180240320427227	48350030
2021-04-14	0.012675342234240324	0.005746155146188884	0.01656244718607397	0.00236606388372487	0.012675342234240324	18663520
2021-04-13	-0.017109634551495036	0.0033222591362125535	0.00498338870431889	-0.024750830564784086	-0.017109634551495036	24392820
2021-04-12	-0.023519870235198633	-0.0016220600162206232	0.0029197080291970758	-0.03195458231954581	-0.023519870235198633	23305064
2021-04-09	-0.0032336297493937402	0.0038803556992724653	0.0053354890864995685	-0.018755052546483488	-0.0032336297493937402	23815344
2021-04-08	0.0027561608300908187	-0.0004863813229572169	0.0048638132295719385	-0.00859273670557719	0.0027561608300908187	15721246
2021-04-07	0.005706831893037689	0.010761454426871086	0.012555030164682915	-0.0073373552910483576	0.005706831893037689	23994960
2021-04-06	-0.017777065983344	0.00016015374759777571	0.0040038436899423446	-0.023062139654067868	-0.017777065983344	24198358
2021-04-02	-0.004622987406344638	0.003985333970986769	0.012274828630639298	-0.008448908018491855	-0.004622987406344638	27760233
2021-04-01	0.00047846889952143587	-0.00015948963317392528	0.004784688995215266	-0.011483253588516842	0.00047846889952143587	21812025
2021-03-31	0.009661835748792293	0.003059581320450849	0.018840579710144953	-0.0030595813204509635	0.009661835748792293	36590634
2021-03-30	-0.005922842964622978	0.00016007683688167137	0.00048023051064512785	-0.016968144709460578	-0.005922842964622978	27420306
2021-03-29	0.013794222654982173	0.005193119117169755	0.017526777020447994	-0.0022719896137617748	0.013794222654982173	40946837
2021-03-26	0.003910068426197375	0.019876181166503727	0.025252525252525203	-0.0032583903551645947	0.003910068426197375	37839591
2021-03-25	0.0004889975550122434	-0.007986960065199706	0.0045639771801141175	-0.01059494702526485	0.0004889975550122434	25338726
2021-03-24	-0.0009770395701025106	-0.00016283992835039915	0.009607555772675516	-0.005536557563914612	-0.0009770395701025106	32399326
2021-03-23	0.0077125041023957805	-0.001476862487692752	0.017394158188382053	-0.010830324909747236	0.0077125041023957805	38481259
2021-03-22	0.015666666666666627	0.000833333333333286	0.019833333333333297	-0.006666666666666643	0.015666666666666627	39575697
2021-03-19	-0.04	-0.008	-0.008	-0.04544000000000006	-0.04	55819039
2021-03-18	0.004823151125401884	0.011575562700964612	0.020578778135048135	-0.011254019292604547	0.004823151125401884	48516782
2021-03-17	0.036666666666666715	0.01083333333333331	0.055166666666666704	0.0	0.036666666666666715	83571760
2021-03-16	0.0384215991692627	0.021114572516441655	0.042575285565939786	0.014364832121841437	0.0384215991692627	68604906
2021-03-15	-0.012307692307692289	-0.0005128205128205322	0.005299145299145338	-0.018461538461538432	-0.012307692307692289	30168745
2021-03-12	-0.0015360983102919168	0.0	0.0037549069807134125	-0.0066564260112647305	-0.0015360983102919168	26073195
2021-03-11	-0.0005117707267143301	-0.005458887751620612	0.009894234049812444	-0.005970658478334942	-0.0005117707267143301	30263702
2021-03-10	0.01068965517241375	0.006724137931034492	0.014655172413793128	-0.0015517241379310932	0.01068965517241375	31218528
2021-03-09	0.024373013069586766	0.000176616036736226	0.03973860826563052	-0.009007417873542882	0.024373013069586766	60033488
2021-03-08	-0.02597626010665758	0.004988818166179239	0.017374849475313918	-0.02786857044555315	-0.02597626010665758	51361782
2021-03-05	-0.012234494477485112	-0.013423959218351727	-0.004248088360237893	-0.021580288870008547	-0.012234494477485112	34920904
2021-03-04	-0.022425249169435238	-0.006810631229235941	-0.0001661129568107162	-0.024916943521594685	-0.022425249169435238	43308280
2021-03-03	-0.007583250906692941	0.0	0.00032970656116061866	-0.015990768216287487	-0.007583250906692941	31900104
2021-03-02	0.0038060565944067	0.007612113188813517	0.017706437200066198	-0.009763362568260736	0.0038060565944067	43600108
2021-03-01	0.024237288135593216	0.0008474576271185959	0.03305084745762717	0.0003389830508475106	0.024237288135593216	49032424
2021-02-26	-0.014202172096908963	-0.012531328320802004	0.017376775271512098	-0.01620718462823724	-0.014202172096908963	59131818
2021-02-25	0.04486731843575419	0.00960195530726252	0.0560405027932961	0.008554469273743051	0.04486731843575419	79223818
2021-02-24	0.004031551270815144	0.008063102541630165	0.020333041191936962	-0.0008764241893075751	0.004031551270815144	49243904
2021-02-23	-0.024452804377564977	-0.0066689466484267015	0.0	-0.02650478796169626	-0.024452804377564977	54736080
2021-02-22	-0.041782729805014	-0.015238407340652134	-0.014582991971161733	-0.05063083729313458	-0.041782729805014	60749622
2021-02-19	0.00926079047461555	-0.0011575988093269437	0.01703323962295355	-0.009426161733090794	0.00926079047461555	40662851
2021-02-18	-0.00033063316250625107	0.009257728550173502	0.02165647214415598	-0.013390643081501112	-0.00033063316250625107	52660810
2021-02-10	0.024733186515331202	0.0003388107741825516	0.03845502286972719	-0.002202270032187067	0.024733186515331202	56120470
2021-02-09	0.003229095853161076	0.002719238613188249	0.006968048946294979	-0.023453433038749194	0.003229095853161076	47029019
2021-02-08	-0.0016966406515099139	0.003902273498473091	0.01577875805904309	-0.009670851713607063	-0.0016966406515099139	32371043
2021-02-05	0.005973715651134908	-0.0015360983102919168	0.01587301587301587	-0.004096262160778324	0.005973715651134908	27993334
2021-02-04	-0.003910234614076791	-0.013940836450187016	0.009690581434886098	-0.015980958857531414	-0.003910234614076791	30141987
2021-02-03	-0.013583766560456184	0.005869528760690832	0.012409860808317874	-0.020627201073285324	-0.013583766560456184	47406154
2021-02-02	0.05670742512847781	0.0003544214070530414	0.05741626794258377	0.00017721070352645773	0.05670742512847781	67437831
2021-02-01	0.002309058614564877	0.0037300177619893583	0.015985790408525855	-0.009769094138543467	0.002309058614564877	31769343
2021-01-29	-0.017280502705533288	-0.0010473031942747823	0.008727526618956188	-0.024611625065456392	-0.017280502705533288	49388880
2021-01-28	-0.03568422824440326	-0.012960781013297359	-0.01195085002524817	-0.03669415923245244	-0.03568422824440326	52287008
2021-01-27	0.006949152542372824	0.0	0.024745762711864423	-0.01694915254237288	0.006949152542372824	53504324
2021-01-26	-0.016994335221592854	-0.003665444851716194	-0.003665444851716194	-0.023658780406531184	-0.016994335221592854	46356422
2021-01-25	-0.0034866345674911797	0.0	0.009297692179976794	-0.008799601527477902	-0.0034866345674911797	52507666
2021-01-22	-0.018415906127770578	-0.0009778357235984726	0.0022816166883963588	-0.02623859191655801	-0.018415906127770578	56839104
2021-01-21	0.0059016393442622855	-0.0019672131147540563	0.019344262295081963	-0.0065573770491803044	0.0059016393442622855	49076291
2021-01-20	-0.030514939605848723	-0.0020661157024793792	-0.0011125238397965715	-0.03226319135410046	-0.030514939605848723	60848099
2021-01-19	-0.013174404015056405	-0.0006273525721455324	0.020859473023839482	-0.017252195734002534	-0.013174404015056405	40845405
2021-01-18	0.005678233438485796	-0.006309148264984205	0.012618296529968522	-0.01261829652996841	0.005678233438485796	38390498
2021-01-15	0.0044359949302915265	-0.006337135614702133	0.009030418250950575	-0.012832699619771787	0.0044359949302915265	34537150
2021-01-14	-0.02772643253234757	0.001540357362908107	0.010012322858903133	-0.029574861367837362	-0.02772643253234757	44703512
2021-01-13	0.019792648444863416	0.005340873389883811	0.03675777568331768	0.0015708451146717159	0.019792648444863416	57162721
2021-01-12	0.019375500400320156	-0.005604483586869518	0.026100880704563578	-0.005764611689351472	0.019375500400320156	44731442
2021-01-11	-0.0347758887171561	-0.008809891808346328	0.002782071097372374	-0.03848531684698612	-0.0347758887171561	58182903
2021-01-08	0.0	0.004018547140649009	0.025811437403400334	-0.010819165378670831	0.0	49950205
2021-01-07	0.009832995161542216	-0.0001560792882783035	0.015139690963009414	-0.008896519431871286	0.009832995161542216	46475055
2021-01-06	-0.018234753294514433	0.011339258351210463	0.02329144958627024	-0.02405761569108194	-0.018234753294514433	52170379
