2024-12-31	-0.0013276686139138917	-0.002920870950610713	0.009691980881572013	-0.008364312267657933	-0.0013276686139138917	30766003
2024-12-30	-0.0013259082471494103	-0.005568814638027071	0.010076902678334727	-0.006629541235746486	-0.0013259082471494103	22182724
2024-12-27	-0.007370360621216139	0.0	0.0009212950776519239	-0.015530402737562605	-0.007370360621216139	19842117
2024-12-26	0.005824728620598328	-0.003706645485835334	0.009266613714588146	-0.011781837437119413	0.005824728620598328	24214292
2024-12-25	-0.009311475409835984	0.0006557377049179955	0.004590163934426155	-0.01586885245901631	-0.009311475409835984	22733866
2024-12-24	0.021980967698699914	-0.00281463610776027	0.02372336147969436	-0.00281463610776027	0.021980967698699914	34414101
2024-12-23	0.008243243243243235	0.0	0.016891891891891893	-0.0006756756756756372	0.008243243243243235	22602881
2024-12-20	-0.005910800644814585	-0.0001343363782911191	0.004701773240193559	-0.010478237506716835	-0.005910800644814585	20939651
2024-12-19	0.004588394062078319	-0.003238866396761065	0.015249662618083802	-0.011605937921727389	0.004588394062078319	25355278
2024-12-18	0.00583683996199257	-0.0001357404642324571	0.012352382245147233	-0.0012216641780915354	0.00583683996199257	22578549
2024-12-17	0.006145861786397198	-0.0002731494127287083	0.019939907129199783	-0.005599562960939587	0.006145861786397198	27887305
2024-12-16	-0.010540540540540556	0.0013513513513512744	0.00608108108108112	-0.018243243243243168	-0.010540540540540556	28047059
2024-12-13	-0.020645844362096377	-0.004764425622022226	-0.004367390153520358	-0.029512969825304446	-0.020645844362096377	37063334
2024-12-12	0.006125166444740452	0.0013315579227697542	0.008655126498002739	-0.00972037283621824	0.006125166444740452	28639814
2024-12-11	0.017063921993499334	-0.0018959913326110586	0.020178764897074687	-0.003250270855904782	0.017063921993499334	33543390
2024-12-10	0.00970873786407778	0.04621906194448256	0.04827020374675238	0.009025023929987842	0.00970873786407778	55513289
2024-12-09	0.0038435140700068793	-0.011530542210020443	0.01413864104323955	-0.02113932738503764	0.0038435140700068793	41321923
2024-12-06	0.01575571667596201	0.00083658672615731	0.019659788064695993	-0.002928053541550387	0.01575571667596201	45677846
2024-12-05	0.0032172331794657156	0.0015386767380053076	0.019443278780248995	-0.0009791579241851054	0.0032172331794657156	36764463
2024-12-04	0.023478883321403018	0.00042949176807446156	0.030637079455977104	-0.003579098067287044	0.023478883321403018	53195506
2024-12-03	-0.0032819634703196918	-0.0011415525114155008	-0.0011415525114155008	-0.009703196347031859	-0.0032819634703196918	31317422
2024-12-02	-0.0007129616426635843	0.0002851846570655958	0.005703693141309079	-0.012833309567945124	-0.0007129616426635843	35790565
2024-11-29	-0.000854822624305489	-0.007265992306596252	0.008263285368286057	-0.009118107992591546	-0.000854822624305489	27750141
2024-11-28	-0.015844083006169317	0.009534492428491404	0.009534492428491404	-0.02187324733595048	-0.015844083006169317	32328951
2024-11-27	0.010198300283286103	-0.003966005665722396	0.01274787535410773	-0.012181303116147301	0.010198300283286103	26482499
2024-11-26	0.0029833783207841133	-0.0039778377610456194	0.01150731638016767	-0.014774825969598043	0.0029833783207841133	27418796
2024-11-25	0.0	-0.0039778377610456194	0.02827106123028832	-0.0039778377610456194	0.0	38586774
2024-11-22	-0.006352343308865088	-0.0001411631846415177	0.027950310559006066	-0.008752117447769686	-0.006352343308865088	38845820
2024-11-21	-0.008259834803303981	-0.000839983200336025	-0.000559988800224083	-0.012319753604928036	-0.008259834803303981	21652845
2024-11-20	0.001682793437105659	0.0009816295049781681	0.004767914738465901	-0.007993268826251681	0.001682793437105659	22637119
2024-11-19	0.0036593947923997906	0.0	0.009852216748768513	-0.004926108374384157	0.0036593947923997906	22665163
2024-11-18	-0.016608996539792427	-0.0011072664359861356	0.010103806228373757	-0.019653979238754348	-0.016608996539792427	31938599
2024-11-15	-0.018875611080934284	-0.006653992395437193	0.006382400869092869	-0.02430744160782192	-0.018875611080934284	34282515
2024-11-14	0.0032697547683923005	0.0010899182561307668	0.020299727520435896	-0.014577656675749418	0.0032697547683923005	40843466
2024-11-13	0.013952203343003247	0.0012432656444260727	0.026384859787263387	0.0009669843901090368	0.013952203343003247	45841657
2024-11-12	0.011033519553072715	0.004329608938547518	0.04594972067039115	0.002653631284916368	0.011033519553072715	57547722
2024-11-11	-0.013502342243042215	-0.0186001653348029	-0.010195646183521562	-0.02424910443648395	-0.013502342243042215	44207913
2024-11-08	0.006657420249653315	0.007766990291262168	0.02302357836338434	-0.013869625520110958	0.006657420249653315	59337382
2024-11-07	0.013067303639173706	-0.011521708585078085	0.013067303639173706	-0.017985106084024184	0.013067303639173706	54774602
2024-11-06	-0.026801586216327004	0.00013674278681806532	0.00013674278681806532	-0.02953644195268695	-0.026801586216327004	52593143
2024-11-05	0.00398132894014267	-0.004667764964305373	0.008786381109280622	-0.0223778143876992	0.00398132894014267	41696728
2024-11-04	0.008166089965397971	-0.001522491349480961	0.015501730103806292	-0.007612456747404805	0.008166089965397971	23231578
2024-11-01	0.011621394567348058	0.0002800336040324282	0.022122654718566205	-0.01456174740968925	0.011621394567348058	41651482
2024-10-31	-0.01828178694158073	0.003024054982817854	0.012920962199312684	-0.0226804123711341	-0.01828178694158073	50046867
2024-10-30	-0.017820980153908376	-0.004995274740110576	0.0037802079114351446	-0.026326447954637355	-0.017820980153908376	40413734
2024-10-29	-0.010685187658608406	-0.003472685989047751	0.00841458528115394	-0.014291438493388637	-0.010685187658608406	29727177
2024-10-28	-0.005314202205393802	0.0029228112129666382	0.004118506709180314	-0.016739736946990713	-0.005314202205393802	28059096
2024-10-25	-0.004891591750396676	-0.002908514013749324	0.002908514013749324	-0.011501850872554264	-0.004891591750396676	21057289
2024-10-24	-0.009688400104739394	-0.003534956794972454	0.0010473946059177573	-0.014139827179890003	-0.009688400104739394	17108673
2024-10-23	-0.0015686274509804515	0.0013071895424835859	0.016732026143790865	-0.006535947712418301	-0.0015686274509804515	26831280
2024-10-22	0.0326673866090713	0.0036447084233260803	0.03887688984881203	0.000809935205183616	0.0326673866090713	40405973
2024-10-21	-0.012398346887081812	0.004532728969470593	0.012931609118784146	-0.023063591521130567	-0.012398346887081812	34322896
2024-10-18	0.026409414340448918	0.0	0.04269293924466345	-0.0058839627805144035	0.026409414340448918	42785106
2024-10-17	-0.02870813397129182	0.0	0.0038543328017013063	-0.03110047846889938	-0.02870813397129182	39437630
2024-10-16	-0.010000000000000068	-0.0171052631578947	-0.006578947368421052	-0.029868421052631527	-0.010000000000000068	34282949
2024-10-15	-0.0379746835443038	0.0	0.0	-0.0379746835443038	-0.0379746835443038	37583316
2024-10-14	0.029047805132213157	0.0033867396118276035	0.03282532239155934	-0.0022144066692718735	0.029047805132213157	46282832
2024-10-11	-0.019540229885057485	-0.0038314176245210366	-0.0008939974457214966	-0.030651340996168473	-0.019540229885057485	38060178
2024-10-10	0.043860818557525556	0.0125316624450073	0.0582588988134914	0.011465137981602445	0.043860818557525556	67303399
2024-10-09	-0.06459658311510154	-0.02232198528494815	-0.01084923307145535	-0.07694226212744734	-0.06459658311510154	89550113
2024-10-08	0.054299237444123	0.10005259006047856	0.10005259006047856	0.035103865369445195	0.054299237444123	135239267
2024-09-30	0.041917808219178114	0.0021917808219177617	0.053424657534246654	-0.013287671232876696	0.041917808219178114	125166492
2024-09-27	-0.007612833061446469	0.01617727025557365	0.03860793909733555	-0.032762370853724805	-0.007612833061446469	85744787
2024-09-26	0.049208386820710354	-0.001568963058051625	0.05091998288403947	-0.004564256168877381	0.049208386820710354	50134212
2024-09-25	0.03042328042328032	0.00249853027630787	0.05085243974132853	0.00249853027630787	0.03042328042328032	62766129
2024-09-24	0.006508875739645147	0.0	0.009615384615384701	-0.02071005917159751	0.006508875739645147	50090152
2024-09-23	0.02331214047835289	0.006055101422948705	0.02770208900999089	0.0021192854980321006	0.02331214047835289	39162141
2024-09-20	0.011948529411764722	-0.005667892156862814	0.01562499999999994	-0.007965686274509743	0.011948529411764722	39801250
2024-09-19	0.0004597701149425462	-0.045210727969348705	0.007356321839080521	-0.045210727969348705	0.0004597701149425462	47611503
2024-09-18	0.027397260273972636	0.0017320107069752706	0.03464021413950552	-0.0017320107069752706	0.027397260273972636	29502596
2024-09-13	0.01827801827801829	-0.0051306717973384685	0.022607022607022666	-0.012506012506012411	0.01827801827801829	32148994
2024-09-12	0.011514758352254312	0.0022705157314304343	0.01929938371715869	0.0	0.011514758352254312	27616861
2024-09-11	0.014979423868312702	-0.0037860082304526236	0.02189300411522631	-0.017283950617283904	0.014979423868312702	41921762
2024-09-10	-0.005565559011294866	-0.009985267637911384	0.009003110165329795	-0.009985267637911384	-0.005565559011294866	40111034
2024-09-09	-0.030625198349730237	-0.02649952396064744	-0.01301174230403047	-0.03713106950174553	-0.030625198349730237	54840638
2024-09-06	-0.008963673533574466	0.00015725743041355574	0.015096713319704257	-0.010850762698537582	-0.008963673533574466	23320164
2024-09-05	-0.02886377519853391	-0.008094074526573016	-0.0012217470983506152	-0.03054367745876614	-0.02886377519853391	43212322
2024-09-04	-0.007427618614521675	-0.001667424586933446	0.011065635895103896	-0.009246627254812786	-0.007427618614521675	27499633
2024-09-03	0.011344473401808905	-0.0033726812816188695	0.01916296182738004	-0.0035259849762379883	0.011344473401808905	24237888
2024-09-02	0.007413127413127474	-0.003861003861003861	0.027335907335907274	-0.004787644787644822	0.007413127413127474	26075882
2024-08-30	0.01250977326035961	-0.007349491790461391	0.02908522283033619	-0.008913213448006259	0.01250977326035961	33386334
2024-08-29	-0.015093177267826951	-0.007854612659787541	0.005852456491606275	-0.015093177267826951	-0.015093177267826951	23285563
2024-08-28	-0.016063039854523235	-0.00015153811183498872	0.0024246097893621883	-0.021518411880587996	-0.016063039854523235	26542959
2024-08-27	-0.004975874547647743	-0.004825090470446218	0.0024125452352233233	-0.01251507840772012	-0.004975874547647743	24113793
2024-08-26	0.013137794072716156	0.0073327222731439665	0.018179040635502783	-0.00855484265200104	0.013137794072716156	33958151
2024-08-23	0.021376189733187553	-0.0014042752379466907	0.029177718832891095	-0.003276642221875501	0.021376189733187553	29047135
2024-08-22	0.014724509183027342	-0.0004749841671943324	0.02105763141228623	-0.006966434452184892	0.014724509183027342	24978743
2024-08-21	0.002221516978736805	-0.0049190733100603345	0.010790225325293553	-0.010948905109489128	0.002221516978736805	21187130
2024-08-20	0.010583707504810835	0.01796023091725461	0.01812059012187304	-0.009621552277100728	0.010583707504810835	25780974
2024-08-19	0.010042112082928368	-0.0008098477486233279	0.022837706511175844	-0.001133786848072567	0.010042112082928368	17275349
2024-08-16	0.01213114754098364	-0.0031147540983606187	0.014754098360655714	-0.005409836065573743	0.01213114754098364	18066988
2024-08-15	0.0016420361247947688	-0.003284072249589421	0.007389162561576401	-0.010016420361247938	0.0016420361247947688	19163262
2024-08-14	-0.007496740547588019	0.0	0.002118644067796652	-0.01238591916558015	-0.007496740547588019	11227780
2024-08-13	-0.0003258390355165058	0.0	0.011893124796350551	-0.007494297816878476	-0.0003258390355165058	9835074
2024-08-12	0.014545454545454587	0.0	0.027107438016528936	-0.0031404958677685576	0.014545454545454587	16949235
2024-08-09	-0.0075459317585301975	-0.0018044619422572085	0.01213910761154859	-0.010334645669291381	-0.0075459317585301975	13802375
2024-08-08	0.004283360790774267	-0.0046128500823723415	0.0128500823723228	-0.008072487644151598	0.004283360790774267	14231910
2024-08-07	0.01301735647530042	0.0	0.024365821094793072	-0.011348464619492652	0.01301735647530042	25298592
2024-08-06	-0.028061638280616332	-0.0006488240064882263	0.009894566098945652	-0.03454987834549871	-0.028061638280616332	38493182
2024-08-05	-0.021273217971106578	-0.007143991109699997	0.02079695189712645	-0.02270201619304651	-0.021273217971106578	35476754
2024-08-02	-0.009279647687952128	-0.004403900597672242	0.011009751494180604	-0.015885498584460492	-0.009279647687952128	20261524
2024-08-01	-0.002823086574654952	0.0006273525721455324	0.014272271016311225	-0.005489335006273548	-0.002823086574654952	24406833
2024-07-31	0.04421880117916796	-0.0054045201441206255	0.04585653455617421	-0.0054045201441206255	0.04421880117916796	40174739
2024-07-30	-0.0289440203562341	-0.005884223918575135	-0.0017493638676844693	-0.03625954198473284	-0.0289440203562341	22575846
2024-07-29	0.000636537237428376	-0.008593252705283359	0.005887969446212562	-0.01082113303628273	0.000636537237428376	20712828
2024-07-26	0.057912457912458	0.057744107744107744	0.0604377104377105	0.03367003367003367	0.057912457912458	57740171
2024-07-25	-0.011318242343541939	-0.009320905459387404	0.0001664447403462902	-0.019640479360852194	-0.011318242343541939	30109151
2024-07-24	-0.0368707919204874	-0.005931388265469775	0.005450464892593721	-0.04392433472266755	-0.0368707919204874	45547336
2024-07-23	-0.019644821625019643	0.0	0.0025145371680024607	-0.019644821625019643	-0.019644821625019643	18537845
2024-07-22	0.000471698113207565	-0.0023584905660377136	0.01635220125786162	-0.004402515723270458	0.000471698113207565	19930345
2024-07-19	-0.00469483568075113	-0.0084507042253521	-0.0018779342723004295	-0.015805946791862254	-0.00469483568075113	21796963
2024-07-18	0.017030081171414933	-0.01305109024351425	0.02594302084991239	-0.01305109024351425	0.017030081171414933	34532462
2024-07-17	-0.02240547689435192	-0.003578652559514389	0.0017115294849852098	-0.040609926871012905	-0.02240547689435192	46462849
2024-07-16	-0.010317215891592266	-0.004773637203572564	0.00030797659377881155	-0.0183246073298429	-0.010317215891592266	20406778
2024-07-15	-0.0009230769230769581	-0.003384615384615367	0.002461538461538409	-0.009846153846153855	-0.0009230769230769581	17045913
2024-07-12	0.01721439749608766	-0.0017214397496087548	0.02034428794992182	-0.00406885758998432	0.01721439749608766	24574092
2024-07-11	0.0014104372355429604	0.0006268609935746615	0.010029775897194806	-0.02021626704278325	0.0014104372355429604	27182655
2024-07-10	-0.004524180967238566	0.0068642745709830266	0.014976599063962684	-0.004524180967238566	-0.004524180967238566	15846909
2024-07-09	-0.002023976335046079	-0.006539000467071488	0.006850381441693877	-0.009497119725984843	-0.002023976335046079	21664464
2024-07-08	0.003593750000000062	-0.006249999999999978	0.011249999999999982	-0.012968749999999973	0.003593750000000062	19443576
2024-07-05	-0.00928792569659434	-0.0015479876160989833	0.008513931888545068	-0.024767801857585054	-0.00928792569659434	26479582
2024-07-04	0.024908773599872966	0.0026971283515786404	0.03442805013485645	0.0026971283515786404	0.024908773599872966	27753098
2024-07-03	0.00047619047619049424	0.0007936507936507485	0.01079365079365079	-0.004126984126984095	0.00047619047619049424	18120842
2024-07-02	-0.017007333437353774	-0.006085192697768771	0.0017163364019347704	-0.020127945077235233	-0.017007333437353774	29181345
2024-07-01	-0.006356589147286769	-0.003255813953488275	0.013643410852713108	-0.013953488372093	-0.006356589147286769	19528313
2024-06-28	0.006240249609984489	-0.009360374414976511	0.010764430577223276	-0.00967238689547578	0.006240249609984489	25195612
2024-06-27	-0.002334630350194641	-0.0031128404669261145	0.0035797665369650426	-0.01214007782101169	-0.002334630350194641	27409461
2024-06-26	-0.01592893245519997	-0.004288558737938445	0.0015316281206922088	-0.021136468065553828	-0.01592893245519997	23831407
2024-06-25	0.006319358816276369	-0.00046239210850803237	0.014025893958076616	-0.005548705302096169	0.006319358816276369	25309206
2024-06-24	0.014542611415167984	-0.0037529319781079277	0.02501954652071922	-0.005316653635652907	0.014542611415167984	30799053
2024-06-21	-0.008065767023421684	0.00031022180859308237	0.004343105320304035	-0.015045757716767472	-0.008065767023421684	24153669
2024-06-20	0.007343749999999982	-0.0015625000000000222	0.01171875	-0.007187500000000013	0.007343749999999982	28085788
2024-06-19	-0.01295496607032701	-0.0010795805058606937	0.003701418877236195	-0.03146206045650842	-0.01295496607032701	34699957
2024-06-18	0.004803967147063416	-0.003564233689756764	0.010227801022780049	-0.013327134666046792	0.004803967147063416	21867469
2024-06-17	-0.016460905349794212	0.002286236854138175	0.002286236854138175	-0.021795458009449667	-0.016460905349794212	25335808
2024-06-14	0.026439299123904844	-0.00641426783479355	0.028785982478097674	-0.006570713391739701	0.026439299123904844	37924447
2024-06-13	-0.01903007980356039	0.0023020257826888535	0.004450583179865044	-0.02302025782688766	-0.01903007980356039	27485047
2024-06-12	0.002461538461538409	-0.002461538461538409	0.011384615384615306	-0.007230769230769213	0.002461538461538409	25707199
2024-06-11	-0.0024554941682012983	-0.010128913443830519	0.020564763658686366	-0.015039901780233116	-0.0024554941682012983	33689664
2024-06-07	-0.009124087591241005	-0.008515815085158186	-0.004714111922141153	-0.031173965936739722	-0.009124087591241005	40064590
2024-06-06	0.028785982478097674	-0.0018773466833542638	0.033010012515644546	-0.0018773466833542638	0.028785982478097674	43603719
2024-06-05	-0.011750154607297543	-0.0020098948670378733	0.008039579468150834	-0.013605442176870897	-0.011750154607297543	28331925
2024-06-04	-0.005229160258381871	-0.00046139649338666777	-0.00046139649338666777	-0.024915410642879075	-0.005229160258381871	30621198
2024-06-03	0.004014823965410606	0.0018529956763432725	0.023780111179740455	-0.007566399011735779	0.004014823965410606	35755629
2024-05-31	-0.006443694384780633	0.0001534212948755892	0.005983430500153211	-0.009665541577171059	-0.006443694384780633	26129419
2024-05-30	-0.010174639331814542	-0.002126044039483684	0.005163249810174691	-0.01078208048595283	-0.010174639331814542	19358623
2024-05-29	-0.017604057884529418	-0.006415038042667564	0.0025361778308220454	-0.022825600477398195	-0.017604057884529418	24132098
2024-05-28	-0.008285249297233352	0.00014795088030760325	0.002811066725846985	-0.016126645953543472	-0.008285249297233352	19173667
2024-05-27	0.014560192134494127	-0.0018012608826179007	0.02491744220954663	-0.016211347943560467	0.014560192134494127	30546219
2024-05-24	0.013386066321874198	-0.005171889260723901	0.018862184362640845	-0.009735320961362955	0.013386066321874198	25926968
2024-05-23	0.005045100137593615	-0.00015288182235118338	0.011924782143403168	-0.0062681547164041675	0.005045100137593615	24096149
2024-05-22	-0.017129977460555983	-0.003155522163786533	-0.0001502629601801789	-0.01863260706235905	-0.017129977460555983	26105215
2024-05-21	-0.00030043563166585584	-0.004506534474988691	0.01096590055580598	-0.005558059185819294	-0.00030043563166585584	24358794
2024-05-20	-0.02146112009407626	-0.014993385271203821	-0.0022049095987065367	-0.02675290313097174	-0.02146112009407626	42643037
2024-05-17	-0.01889241419094321	-0.008076146524372689	0.0023074704355349955	-0.04066916642630527	-0.01889241419094321	41848256
2024-05-16	-0.006020642201834886	0.0	0.0005733944954127299	-0.01376146788990837	-0.006020642201834886	24600403
2024-05-15	-0.01524562394127609	-0.0330321852060983	-0.010446075663467096	-0.03853754940711468	-0.01524562394127609	30189455
2024-05-14	-0.02571860816944011	-0.0004125979920229257	0.002475587952138727	-0.03452069866593304	-0.02571860816944011	39923610
2024-05-13	0.011547022815804095	0.0	0.01544240400667779	-0.016416249304396113	0.011547022815804095	27167410
2024-05-10	0.00041753653444677994	0.0048712595685457	0.006680584551148281	-0.007098121085594863	0.00041753653444677994	22487905
2024-05-09	0.015547703180211933	0.0035335689045936395	0.022473498233215598	-0.0018374558303886283	0.015547703180211933	28571831
2024-05-08	-0.004922644163150413	-0.008438818565400765	0.0033755274261604656	-0.009985935302390912	-0.004922644163150413	17661960
2024-05-07	0.0012674271229402788	-0.002816504717645442	0.018588931136459555	-0.0054921841994085415	0.0012674271229402788	30431457
2024-05-06	0.017626827171109256	0.010318142734307808	0.024075666380051486	-0.0018629979936944032	0.017626827171109256	46179914
2024-04-30	0.023167155425219917	-0.01994134897360703	0.04325513196480942	-0.02052785923753674	0.023167155425219917	57131843
2024-04-29	-0.0024864706742723664	-0.0010238408658769546	0.007459412022816891	-0.016673979815708652	-0.0024864706742723664	33226398
2024-04-26	0.0019050410316531312	0.00014654161781953572	0.006008206330598048	-0.01201641266119568	0.0019050410316531312	24225747
2024-04-25	0.005007363770250209	-0.01134020618556716	0.009720176730485957	-0.01134020618556716	0.005007363770250209	22033298
2024-04-24	-0.007164790174001972	-0.0007311010381634327	0.003655505190817371	-0.023980114051761963	-0.007164790174001972	30783047
2024-04-23	-0.022720777364961465	-0.0021434695627322903	0.00028579594169757103	-0.03415261503286654	-0.022720777364961465	38217940
2024-04-22	-0.00028571428571422887	0.002857142857142898	0.016999999999999967	-0.007142857142857143	-0.00028571428571422887	28943754
2024-04-19	0.0	-0.008142857142857046	0.00828571428571426	-0.008142857142857046	0.0	28812335
2024-04-18	0.02070574511519396	0.0	0.04009915427238262	-0.0029163021289005954	0.02070574511519396	39542136
2024-04-17	0.003952569169960416	-0.004538134972917615	0.007173181086224489	-0.01947006294832379	0.003952569169960416	24549649
2024-04-16	0.021992818671454202	-0.0008976660682226552	0.0288749251944942	-0.004039497307001949	0.021992818671454202	39191380
2024-04-15	0.030050855293573785	0.0	0.03251656649714901	-0.0027739251040222964	0.030050855293573785	31783741
2024-04-12	-0.002766251728907217	-0.0012294452128476764	0.008145074535116047	-0.0075303519286921	-0.002766251728907217	21734388
2024-04-11	-0.0015344483658126212	-0.0033757864047874613	0.011968697253337442	-0.00859291084854998	-0.0015344483658126212	19004769
2024-04-10	0.001998769987699807	-0.002613776137761404	0.017835178351783464	-0.007380073800738068	0.001998769987699807	18081970
2024-04-09	-0.004286589099816089	-0.004898958971218512	0.004286589099816307	-0.007654623392529088	-0.004286589099816089	19478279
2024-04-08	-0.02112992656975889	-0.00014985763524659246	0.0017982916229580448	-0.030870672860782288	-0.02112992656975889	32434492
2024-04-03	0.007245283018867984	-0.0007547169811320326	0.009811320754717067	-0.004075471698113148	0.007245283018867984	20626495
2024-04-02	0.00045303533675628417	-0.0033222591362126073	0.00468136514648146	-0.007097553609181499	0.00045303533675628417	22653632
2024-04-01	0.03114294612270321	0.004360012457178467	0.03207723450638434	-0.0018685767673622634	0.03114294612270321	32771225
2024-03-29	-0.005574481263549078	0.0	0.017807370703004116	-0.014245896562403248	-0.005574481263549078	25468858
2024-03-28	0.014292445421705616	0.008795351028741986	0.027014292445421688	-0.007695932150149238	0.014292445421705616	45185411
2024-03-27	0.015146683673469434	-0.0030293367346938414	0.03443877551020403	-0.0033482142857142994	0.015146683673469434	34842794
2024-03-26	-0.0028616852146263866	-0.009379968203497556	0.005564387917329117	-0.009379968203497556	-0.0028616852146263866	25353749
2024-03-25	0.0044714148834238444	-0.0068668157138294435	0.016608112424145626	-0.01341424465027142	0.0044714148834238444	26903326
2024-03-22	0.03418662262592899	0.00016515276630892016	0.034682080924855516	-0.0008257638315441315	0.03418662262592899	43156777
2024-03-21	-0.021493212669683345	0.0004848093083386236	0.0025856496444731187	-0.02828054298642534	-0.021493212669683345	39189153
2024-03-20	-0.011501597444089438	-0.006389776357827453	-0.0015974440894568917	-0.019169329073482472	-0.011501597444089438	37790890
2024-03-19	0.0038486209108403143	-0.0025657472738934667	0.012187299550994195	-0.00304682488774852	0.0038486209108403143	29794618
2024-03-18	-0.02592939706341763	-0.0021868166198062084	-0.0020306154326772173	-0.026085598250546623	-0.02592939706341763	42501113
2024-03-15	-0.007441860465116341	-0.0017054263565891385	0.0	-0.018604651162790743	-0.007441860465116341	25463904
2024-03-14	0.006711409395973262	-0.0032776650538472573	0.010613391602934398	-0.007335726549086808	0.006711409395973262	31531677
2024-03-13	-0.000935599563386906	-0.007328863246530468	0.0031186652112896126	-0.01762045844378599	-0.000935599563386906	32723164
2024-03-12	-0.019718740446346777	-0.0010700091715072973	-0.0010700091715072973	-0.03622745337817188	-0.019718740446346777	50739915
2024-03-11	-0.010287443267775986	-0.00015128593040833444	0.0	-0.02329803328290457	-0.010287443267775986	28027002
2024-03-08	0.0045592705167172825	0.001063829787234155	0.010486322188449814	-0.013981762917933157	0.0045592705167172825	26125410
2024-03-07	0.019996899705471895	-0.0009300883583940826	0.0331731514493877	-0.00480545651836928	0.019996899705471895	30634033
2024-03-06	-0.0081488314883149	-0.0021525215252152607	0.007533825338253303	-0.0113776137761379	-0.0081488314883149	21923001
2024-03-05	0.0068111455108360985	0.0007739938080497116	0.012383900928792747	-0.017801857585139188	0.0068111455108360985	35525326
2024-03-04	0.002016441755855366	0.008220877927718336	0.02373196835737554	-0.015045757716767472	0.002016441755855366	37384392
2024-03-01	0.029378891904837875	0.013891106498483114	0.03001756346798663	0.003991697269679067	0.029378891904837875	32844906
2024-02-29	0.013102555807182179	0.0029116790682626936	0.026852151407311495	-0.0011323196376577206	0.013102555807182179	48920998
2024-02-28	-0.001614987080103382	0.0012919896640826599	0.006298449612403109	-0.015665374677002564	-0.001614987080103382	25367364
2024-02-27	0.02686567164179112	0.004809286898839241	0.028026533996683332	-0.003316749585406231	0.02686567164179112	28014795
2024-02-26	0.011405568601140552	0.0038577658503858433	0.03153304260315335	0.0038577658503858433	0.011405568601140552	34097731
2024-02-23	-0.028198859005705037	0.005378973105134447	0.012224938875305623	-0.033088834555827236	-0.028198859005705037	43093597
2024-02-22	-0.0058337384540593	-0.00810241451952682	0.0012963863231242633	-0.011019283746556469	-0.0058337384540593	19259055
2024-02-21	0.00016207455429494345	-0.011345218800648343	0.013776337115072841	-0.01653160453808757	0.00016207455429494345	27797182
2024-02-20	0.018151815181518174	-0.004950495049505021	0.019636963696369598	-0.015346534653465341	0.018151815181518174	29630917
2024-02-19	0.0051418145629458	0.023386963012108207	0.023386963012108207	-0.007961519323270806	0.0051418145629458	35695854
2024-02-08	-0.013418425789559815	0.0029455081001472706	0.020454917362133857	-0.01849124529536905	-0.013418425789559815	34723180
2024-02-07	0.019349457881567916	-0.011009174311926667	0.020350291909924916	-0.015346121768140144	0.019349457881567916	46195919
2024-02-06	0.008410428931875526	-0.003195962994112781	0.022539949537426347	-0.007232968881412947	0.008410428931875526	37946385
2024-02-05	0.02060085836909876	-0.004291845493562232	0.023175965665236074	-0.007381974248927034	0.02060085836909876	46160268
2024-02-02	-0.009522190103723896	-0.005271212378847173	0.001190273762965487	-0.025505866349260328	-0.009522190103723896	28950504
2024-02-01	0.009613733905579439	-0.00034334763948503223	0.020772532188841217	-0.004291845493562232	0.009613733905579439	30340175
2024-01-31	0.0005152868430092947	-0.005324630711095882	0.012366884232222585	-0.013740982480247289	0.0005152868430092947	25544153
2024-01-30	-0.00800817856534331	0.00017038677798611546	0.00868972567728753	-0.011756687681035913	-0.00800817856534331	27373299
2024-01-29	0.020518170752912533	0.006781429316640594	0.03425491218918447	0.003129890453834111	0.020518170752912533	37498736
2024-01-26	0.02058562555456959	0.0	0.024844720496894384	0.0	0.02058562555456959	32745737
2024-01-25	-0.01468788249693996	0.0019234131841230886	0.005245672320335798	-0.016611295681063048	-0.01468788249693996	24963629
2024-01-24	0.014366796736431273	-0.004079460801702802	0.018800993260021198	-0.006385242993969482	0.014366796736431273	26463721
2024-01-23	0.01879291651608238	0.0032526201662450255	0.024394651246837627	-0.009757860498735204	0.01879291651608238	28848518
2024-01-22	-0.014250089063056593	-0.004631278945493374	0.009262557890986747	-0.018881368008550094	-0.014250089063056593	35980322
2024-01-19	-0.004609929078014149	-0.007092198581560258	0.0035460992907801925	-0.009574468085106367	-0.004609929078014149	29937004
2024-01-18	0.0005321979776477052	0.00745077168706762	0.010998758204718902	-0.02288451303885044	0.0005321979776477052	39023100
2024-01-17	-0.009662684469430855	-0.0050948699929725776	0.0065003513703442975	-0.009662684469430855	-0.009662684469430855	26914126
2024-01-16	0.018611309949892612	-0.004831782390837564	0.019148174659985688	-0.01395848246241949	0.018611309949892612	33730399
2024-01-15	0.016000000000000045	-0.002909090909090847	0.01781818181818176	-0.006181818181818244	0.016000000000000045	19124097
2024-01-12	0.0	-0.001818181818181844	0.012909090909090924	-0.007636363636363668	0.0	24361080
2024-01-11	-0.003984063745019899	0.0	0.0048895327779790495	-0.008873596522998949	-0.003984063745019899	21236920
2024-01-10	0.0009062896501721435	0.0	0.010875475802066365	-0.005981511691136456	0.0009062896501721435	17820813
2024-01-09	0.003090909090909122	-0.005272727272727257	0.005999999999999969	-0.016181818181818193	0.003090909090909122	21607041
2024-01-08	-0.010791366906474845	0.0	0.0	-0.017625899280575612	-0.010791366906474845	27809739
2024-01-05	0.006334841628959302	-0.0009049773755655594	0.01502262443438911	-0.007239819004524861	0.006334841628959302	30042877
2024-01-04	0.014692378328741913	0.0038567493112946507	0.015977961432506838	0.0	0.014692378328741913	26702502
2024-01-03	-0.002016129032258054	0.0005498533724340384	0.004398826979472047	-0.008431085043988285	-0.002016129032258054	20689673
2024-01-02	-0.0012813472451034282	0.0	0.007688083470620439	-0.007871133077063878	-0.0012813472451034282	23905697
2023-12-29	0.010730804810360877	0.000370027752081464	0.01720629047178538	-0.006105457909343169	0.010730804810360877	25937253
2023-12-28	0.008395522388059622	-0.0029850746268657406	0.01044776119402976	-0.006529850746268683	0.008395522388059622	24728048
2023-12-27	0.015151515151515233	-0.00037878787878780344	0.017045454545454655	-0.0015151515151514828	0.015151515151515233	20306883
2023-12-26	0.0024681982153027427	-0.0009493070058857843	0.010632238465919786	-0.0026580596164799803	0.0024681982153027427	16152328
2023-12-25	-0.0018950161076369417	-0.00284252416145548	0.009096077316657132	-0.006443054765965575	-0.0018950161076369417	11314960
2023-12-22	0.014417531718569779	-0.0021145713187236933	0.018646674356016895	-0.006151480199923112	0.014417531718569779	22728114
2023-12-21	0.019400352733686104	0.0037233000195962714	0.024495394865765234	-0.0031354105428180227	0.019400352733686104	27421212
2023-12-20	0.005517241379310367	0.0	0.012807881773398987	-0.004532019704433436	0.005517241379310367	25417029
2023-12-19	-0.006654922685457103	-0.0001957330201606012	-0.0001957330201606012	-0.012331180270111618	-0.006654922685457103	16954533
2023-12-18	0.015100337770713394	-0.005960659646334138	0.01688853566461358	-0.011523941982912742	0.015100337770713394	22307469
2023-12-15	-0.011004126547455341	-0.007467085871487572	0.004126547455295753	-0.011593633326783325	-0.011004126547455341	20470155
2023-12-14	0.003945551390806922	0.0043401065298875295	0.015387650424146797	-0.0021700532649437648	0.003945551390806922	16563410
2023-12-13	-0.006078431372549064	-0.001960784313725518	-0.00019607843137251	-0.009607843137254941	-0.006078431372549064	12858695
2023-12-12	-0.00039200313602514946	0.009408075264602056	0.010388083104664719	-0.0058800470403764064	-0.00039200313602514946	17204815
2023-12-11	0.013508144616607065	-0.009733810091378664	0.021056813667063867	-0.02224870878029409	0.013508144616607065	25201467
2023-12-08	0.002389486260454093	-0.0007964954201513172	0.01712465153325367	-0.0025886101154917454	0.002389486260454093	21811340
2023-12-07	0.021146807645384284	0.003660024400162662	0.02663684424562835	0.0008133387555916866	0.021146807645384284	25021860
2023-12-06	-0.000812677773262884	-0.003250711093051536	0.008736286062576183	-0.009548963835839067	-0.000812677773262884	19114114
2023-12-05	-0.01736873627470562	0.0	0.001996406468356844	-0.01736873627470562	-0.01736873627470562	22510318
2023-12-04	-0.009099901088031529	-0.0013847675568743876	0.004747774480712206	-0.014045499505440035	-0.009099901088031529	22058672
2023-12-01	-0.021676020901877386	0.012192761757305891	0.013353977162763648	-0.025933810721888977	-0.021676020901877386	31604983
2023-11-30	-0.006537204383772281	-0.003845414343395419	-0.0001922707171697368	-0.01153624303018653	-0.006537204383772281	12861862
2023-11-29	-0.009899105273177292	0.0	0.0009518370454977567	-0.015419760137064578	-0.009899105273177292	12426538
2023-11-28	0.010775447373484747	0.004425630171252723	0.01597075235712908	-0.008466422936309366	0.010775447373484747	21787637
2023-11-27	-0.009717987804878012	-0.0009527439024389703	-0.0009527439024389703	-0.013910060975609697	-0.009717987804878012	15922506
2023-11-24	-0.0053070507960576415	0.0007581501137225009	0.001705837755875728	-0.013078089461713377	-0.0053070507960576415	15724530
2023-11-23	0.011697027804410344	0.0	0.014956855225311623	-0.005752636625119792	0.011697027804410344	10103351
2023-11-22	-0.005719733079123056	0.0	0.0028598665395614597	-0.010486177311725534	-0.005719733079123056	9786906
2023-11-21	0.0003814609956132582	0.003623879458325343	0.014495517833301507	0.0003814609956132582	0.0003814609956132582	15845902
2023-11-20	0.010991129965291174	-0.0061704589278827665	0.020053991515618957	-0.0061704589278827665	0.010991129965291174	18219075
2023-11-17	0.0021256038647342887	-0.002898550724637654	0.0042512077294685775	-0.010434782608695636	0.0021256038647342887	13513422
2023-11-16	0.00407450523864961	-0.002716336825766406	0.012611563833915379	-0.0044625533566161595	0.00407450523864961	21605533
2023-11-15	0.008807985907222465	0.006850655705617426	0.013114112350753465	-0.002740262282247026	0.008807985907222465	19636284
2023-11-14	0.0005875440658049576	-0.0007833920877398971	0.007050528789659213	-0.00509204857030954	0.0005875440658049576	24802793
2023-11-13	-0.031119544592030368	-0.0011385199240987148	-0.0011385199240987148	-0.03833017077798867	-0.031119544592030368	38291558
2023-11-10	0.004766444232602478	-0.0028598665395615955	0.007816968541468	-0.003813155386082037	0.004766444232602478	13027077
2023-11-09	-0.007568590350047277	0.0005676442762535692	0.009082308420056705	-0.00946073793755913	-0.007568590350047277	14146893
2023-11-08	-0.004708097928436911	-0.008474576271186494	-0.0020715630885122303	-0.011111111111111176	-0.004708097928436911	21385728
2023-11-07	-0.0007527286413247864	-0.0007527286413247864	0.0026345502446368193	-0.010538200978547277	-0.0007527286413247864	18898188
2023-11-06	0.006439393939394004	0.0037878787878788418	0.00946969696969697	-0.0018939393939392864	0.006439393939394004	24918224
2023-11-03	-0.007145543437382522	-0.0011282437006393808	0.0031966904851448235	-0.008649868371568274	-0.007145543437382522	17740644
2023-11-02	0.003206942086398825	-0.00018864365214106793	0.02641011129975474	-0.003772873042822029	0.003206942086398825	20085478
2023-11-01	0.0017006802721087737	-0.0020786092214663534	0.010204081632653045	-0.004157218442932707	0.0017006802721087737	18933823
2023-10-31	-0.028990825688073363	-0.003669724770642254	-0.003669724770642254	-0.03302752293577976	-0.028990825688073363	23807212
2023-10-30	0.014142165984369147	-0.007629326386304498	0.01674730182359506	-0.007629326386304498	0.014142165984369147	16488474
2023-10-27	0.02342410969339181	-0.0028565987430965263	0.028375547514759132	-0.0057131974861930526	0.02342410969339181	25318794
2023-10-26	0.0017169019458221346	-0.0038153376573827323	0.005723006486073963	-0.0074399084318962335	0.0017169019458221346	15165512
2023-10-25	-0.014291086874764911	0.011470477623166593	0.015607371192177479	-0.019556224144415178	-0.014291086874764911	25856546
2023-10-24	-0.001314553990610334	-0.004507042253521164	0.004507042253521164	-0.019718309859154876	-0.001314553990610334	25019782
2023-10-23	0.0013162843174125665	-0.003384731101918009	0.00846182775479509	-0.008837908988341461	0.0013162843174125665	16864366
2023-10-20	-0.01936197676562783	-0.0053475935828876855	-0.0031347962382444147	-0.024893970127235744	-0.01936197676562783	21089804
2023-10-19	-0.0223544258157563	-0.0032449972958355816	-0.0032449972958355816	-0.023255813953488358	-0.0223544258157563	20196084
2023-10-18	-0.007337151037938506	-0.0035790980672870945	0.00017895490336431656	-0.011989978525411626	-0.007337151037938506	10637084
2023-10-17	0.014524328249818523	0.0	0.01652142338416855	-0.0005446623093682124	0.014524328249818523	16830158
2023-10-16	0.001636661211129229	-0.0034551736679397133	0.007637752318603284	-0.0034551736679397133	0.001636661211129229	15020214
2023-10-13	-0.005246020260492025	-0.001628075253256212	0.00289435600578865	-0.013567293777134587	-0.005246020260492025	12996004
2023-10-12	0.009311666970969471	0.004199379222201878	0.012963301077231947	-0.0029213072850101094	0.009311666970969471	17604242
2023-10-11	0.0	-0.0003651634106263123	0.020449150995070248	-0.004929706043454503	0.0	20418379
2023-10-10	-0.017754662840745963	-0.0048421807747488525	0.00017934002869449635	-0.02403156384505015	-0.017754662840745963	21499637
2023-10-09	0.005046863734679184	-0.0003604902667627257	0.011355443403028164	-0.010454217736121095	0.005046863734679184	28659545
2023-09-28	-0.012635700302544952	0.0035593521979000327	0.0055169959067450135	-0.013881473571809952	-0.012635700302544952	17097578
2023-09-27	0.0033928571428571024	0.0	0.011785714285714224	-0.010178571428571434	0.0033928571428571024	18810949
2023-09-26	-0.011124845488257153	0.0022956030372593226	0.010065336394137387	-0.011124845488257153	-0.011124845488257153	18934941
2023-09-25	-0.0073619631901839545	-0.00280455740578434	-0.00280455740578434	-0.014373356704645054	-0.0073619631901839545	16643159
2023-09-22	0.012961647727272672	0.0047940340909091465	0.01402698863636362	-0.0026633522727272474	0.012961647727272672	22170248
2023-09-21	-0.010019335559852351	-0.00017577781683947988	-0.00017577781683947988	-0.015292670065037747	-0.010019335559852351	16769142
2023-09-20	0.014986619090098189	-0.00035682426404988444	0.021231043710972432	-0.005709188224799292	0.014986619090098189	21380110
2023-09-19	-0.000891265597148026	-0.00196078431372548	0.0008912655971478994	-0.011586452762923326	-0.000891265597148026	12366126
2023-09-18	0.005556551353289161	0.00017924359204154886	0.014339487363326837	-0.01039612833841187	0.005556551353289161	14427793
2023-09-15	-0.013439434129089267	0.001591511936339583	0.002475685234305934	-0.022104332449160036	-0.013439434129089267	16451182
2023-09-14	-0.007894736842105314	0.00017543859649119317	0.004561403508771895	-0.012982456140350911	-0.007894736842105314	10289465
2023-09-13	-0.0036706869428421753	-0.0019227407795839788	0.005768222338751936	-0.00891452543261664	-0.0036706869428421753	10743402
2023-09-12	0.013822434875066474	-0.00017721070352645773	0.02286018075491758	-0.0023037391458444545	0.013822434875066474	16403440
2023-09-11	0.006241084165477914	0.004101283880171255	0.014265335235378108	-0.0012482168330955829	0.006241084165477914	14072130
2023-09-08	-0.008661834894820612	0.0030051263920806382	0.004596075658476189	-0.01343468269400739	-0.008661834894820612	8400181
2023-09-07	-0.010668065757257773	-0.001573976915005182	-0.0010493179433368708	-0.01189227002448408	-0.010668065757257773	13639911
2023-09-06	-0.010384215991692652	-0.0046728971962617365	0.00380754586362061	-0.015576323987538917	-0.010384215991692652	20888335
2023-09-05	-0.007557540364135997	0.0006870491240123523	0.00463758158708353	-0.010477499141188585	-0.007557540364135997	15309015
2023-09-04	0.005006041774555483	0.009839461418953916	0.01501812532366645	-0.00535128603486971	0.005006041774555483	20090011
2023-09-01	0.025128295876835988	0.008671031675809626	0.03521500619359409	0.0084940718456911	0.025128295876835988	26650564
2023-08-31	-0.0054558254135868055	0.00844772967265042	0.017247448081661333	-0.00598380851812748	-0.0054558254135868055	28083765
2023-08-30	0.013737734165923339	-0.00017841213202494222	0.020160570918822528	-0.006066012488849176	0.013737734165923339	23366421
2023-08-29	-0.001958689458689449	-0.00498575498575488	0.005876068376068472	-0.010861823361823352	-0.001958689458689449	21787121
2023-08-28	0.01628664495114004	0.036916395222584136	0.049221860296778844	0.009410061527325427	0.01628664495114004	28800377
2023-08-25	0.0038147138964577812	-0.0018165304268845473	0.017075386012715802	-0.009627611262488539	0.0038147138964577812	16472788
2023-08-24	0.024758004467609798	0.005026061057334385	0.032204020848845945	-0.0040953090096798005	0.024758004467609798	25583579
2023-08-23	-0.011955122310097455	-0.004598123965422108	0.00533382379988963	-0.01416222181350002	-0.011955122310097455	15798313
2023-08-22	-0.0001838911364473173	-0.001471129091577885	0.005516734093416645	-0.017837440235380763	-0.0001838911364473173	23054276
2023-08-21	-0.007483117357181906	-0.003285271034860371	0.010403358277057862	-0.008030662529658655	-0.007483117357181906	13117158
2023-08-18	-0.01880372492836684	-0.0010744985673352841	0.00017908309455583828	-0.02166905444126076	-0.01880372492836684	13463834
2023-08-17	0.01104472207133816	-0.005975013579576287	0.012855332246967244	-0.012674271229404233	0.01104472207133816	15216504
2023-08-16	0.0012690355329949292	-0.006526468455402456	0.003625815808556977	-0.01450326323422765	0.0012690355329949292	15358726
2023-08-15	-0.005050505050505071	-0.002344877344877263	0.0021645021645022465	-0.015151515151515086	-0.005050505050505071	16370434
2023-08-14	0.0047118521203334185	-0.01232330554548749	0.0070677781805001914	-0.016310257339615778	0.0047118521203334185	19516687
2023-08-11	-0.020763087843833215	-0.0010647737355812294	0.0017746228926353402	-0.021472937000887326	-0.020763087843833215	25533312
2023-08-10	-0.021021542738012523	-0.006080611535788766	-0.004517025712300297	-0.03578874218207092	-0.021021542738012523	38530464
2023-08-09	0.009824561403508812	0.0033333333333332936	0.012280701754386015	0.0007017543859648974	0.009824561403508812	15143409
2023-08-08	-0.015203870076019393	-0.006565307532826582	-0.00570145127850735	-0.015894955079474804	-0.015203870076019393	13635468
2023-08-07	-0.0006906077348066151	-0.002244475138121591	0.004661602209944682	-0.010013812154696104	-0.0006906077348066151	15370696
2023-08-04	-0.0010348395998619382	0.005519144532597452	0.017419799931010782	-0.002932045532942301	-0.0010348395998619382	19663692
2023-08-03	-0.005488850771869645	-0.005488850771869645	-0.001715265866209165	-0.022469982847341256	-0.005488850771869645	23362911
2023-08-02	0.0008583690987123975	-0.002575107296137315	0.009785407725321894	-0.008240343347639432	0.0008583690987123975	23543608
2023-08-01	-0.018037761294672966	0.0	0.00623735670937285	-0.020060687795010076	-0.018037761294672966	20418627
2023-07-31	-0.007030465349849376	0.020254435888851705	0.026113157013726063	-0.009876129896216997	-0.007030465349849376	32518268
2023-07-28	0.021545827633379023	0.0037619699042408684	0.022913816689466543	-0.006326949384404881	0.021545827633379023	24004126
2023-07-27	-0.0017070672584500073	-0.0005121201775350143	0.009218163195629894	-0.003926254694434908	-0.0017070672584500073	15197044
2023-07-26	-0.006781959986436057	-0.0028823329942352428	0.00949474398101055	-0.0084774499830451	-0.006781959986436057	18752582
2023-07-25	0.03892901180200799	0.019200281838999404	0.044213493042099664	0.018143385590981047	0.03892901180200799	37648119
2023-07-24	-0.006301417819009267	0.0	0.004025905828811428	-0.01750393838613688	-0.006301417819009267	11588757
2023-07-21	-0.00695289414218666	0.0003476447071092651	0.009560229445506642	-0.00938640709195201	-0.00695289414218666	12070921
2023-07-20	-0.010321692757612272	-0.003956648890418097	0.008945467056597213	-0.011869946671254168	-0.010321692757612272	14051590
2023-07-19	0.024497708847373997	0.0026436376454000454	0.02837504406062741	-0.0012336975678533713	0.024497708847373997	27804425
2023-07-18	-0.006826535970593393	0.004726063364256888	0.004726063364256888	-0.02555575004375986	-0.006826535970593393	23988228
2023-07-17	-0.005743125652627886	-0.00452488687782802	-0.00452488687782802	-0.020187956839540614	-0.005743125652627886	9042488
2023-07-14	-0.005882352941176407	-0.0008650519031141378	0.00813148788927346	-0.013494809688581213	-0.005882352941176407	10500005
2023-07-13	0.012436503765983424	0.0019267822736030729	0.02154492905937987	0.0019267822736030729	0.012436503765983424	16930674
2023-07-12	0.007589128132721617	0.004235792446170173	0.025061771973173348	-0.0045887751500176144	0.007589128132721617	18781502
2023-07-11	0.0005297545470597569	0.003001942433339124	0.007946318205897859	-0.004061451527459014	0.0005297545470597569	15802795
2023-07-10	-0.01939393939393935	0.001212121212121217	0.003116883116883112	-0.029610389610389625	-0.01939393939393935	32085974
2023-07-07	-0.010621894808977171	-0.005653589172520101	0.0037690594483468557	-0.020044543429844006	-0.010621894808977171	29379608
2023-07-06	-0.012686062246278756	0.0001691474966171366	0.010656292286874198	-0.013870094722598111	-0.012686062246278756	16957694
2023-07-05	0.0037351443123938687	0.003225806451612985	0.007300509337860776	-0.008149405772495703	0.0037351443123938687	18701574
2023-07-04	-0.002709109380291292	0.003725025397900421	0.009143244158482883	-0.015916017609211054	-0.002709109380291292	21944569
2023-07-03	0.0023761031907671513	-0.0006788866259334547	0.024779361846571635	-0.010013577732518727	0.0023761031907671513	31876184
2023-06-30	-0.003719986472776443	0.001521812647953945	0.011498140006763607	-0.009807237064592463	-0.003719986472776443	26487591
2023-06-29	-0.009380234505862685	0.00033500837520931357	0.0015075376884421492	-0.024790619765494203	-0.009380234505862685	27678349
2023-06-28	0.00016753224995820265	-0.004020773998994721	0.013905176746523798	-0.00804154799798956	0.00016753224995820265	32790073
2023-06-27	0.02665978672170618	0.001375988992088034	0.03457172342621256	-0.004471964224286171	0.02665978672170618	48123655
2023-06-26	-0.002402196293754299	0.026595744680851015	0.028654770075497625	-0.008236101578586204	-0.002402196293754299	33558138
2023-06-21	0.012156998957971567	0.00729419937478294	0.03508162556443215	-0.0031260854463355282	0.012156998957971567	45130347
2023-06-20	0.013553951769054674	0.0019362788241506677	0.03714134835416299	-0.00017602534765015165	0.013553951769054674	24381022
2023-06-19	-0.0263924592973436	-0.005998286203941755	-0.003598971722365053	-0.028277634961439563	-0.0263924592973436	28911037
2023-06-16	0.006034482758620714	0.006896551724137907	0.017068965517241415	-0.01034482758620692	0.006034482758620714	30006082
2023-06-15	0.01611772950245273	0.0031534688156972623	0.026278906797477224	-0.0012263489838822755	0.01611772950245273	31276544
2023-06-14	0.00830242006712593	0.010952128599187377	0.024200671259494745	0.00017664723547072974	0.00830242006712593	36000680
2023-06-13	-0.012903225806451648	-0.001569311246730661	0.007323452484742837	-0.019006102877070677	-0.012903225806451648	24850143
2023-06-12	0.022099447513812192	0.0001782213509178045	0.030475851006950647	-0.007307075387631377	0.022099447513812192	39621001
2023-06-09	-0.013710669713482178	0.010722446827210396	0.015292670065037747	-0.019687115486025617	-0.013710669713482178	41065187
2023-06-08	0.029683257918552048	0.008144796380090549	0.03366515837104071	-0.0009049773755655594	0.029683257918552048	47553147
2023-06-07	0.019184652278177443	0.023796347537354715	0.02877697841726623	0.005165098690278567	0.019184652278177443	36908674
2023-06-06	0.00500556173526146	0.0	0.025398591027067197	-0.01649981460882463	0.00500556173526146	34261827
2023-06-05	0.041312741312741326	0.013706563706563724	0.045366795366795394	-0.004054054054053934	0.041312741312741326	39939970
2023-06-02	0.05952137451421551	0.022704029453876038	0.06565759869093886	0.022499488647985302	0.05952137451421551	49939227
2023-06-01	-0.04753555425676988	-0.04500292226767963	-0.02980713033313854	-0.054548996688096575	-0.04753555425676988	34893493
2023-05-31	-0.01910949742021785	0.004968469329256739	0.007070514045480691	-0.023504681826867893	-0.01910949742021785	28064959
2023-05-30	-0.020954162768943022	0.0	0.003928905519176683	-0.031057062675397637	-0.020954162768943022	32084604
2023-05-29	-0.014928123848138504	0.00018429782528575593	0.007924806487283446	-0.02174714338370807	-0.014928123848138504	17433449
2023-05-26	0.004628772449546381	0.0	0.008146639511201719	-0.009812997593038348	0.004628772449546381	11166052
2023-05-25	0.0076492537313432194	-0.0037313432835821424	0.01660447761194031	-0.017164179104477643	0.0076492537313432194	17143391
2023-05-24	-0.04200178731009833	-0.0023235031277927176	-0.001072386058981274	-0.0437890974084004	-0.04200178731009833	26674242
2023-05-23	-0.013401516487391959	-0.00035267148651037077	0.004232057838123823	-0.014635866690178068	-0.013401516487391959	15585136
2023-05-22	0.016308243727598634	0.0	0.020609318996415875	0.0	0.016308243727598634	15199783
2023-05-19	0.014545454545454493	-0.006181818181818244	0.03381818181818181	-0.006181818181818244	0.014545454545454493	20384343
2023-05-18	-0.0003635041802981302	0.0023627771719373944	0.007270083605961443	-0.008542348237004834	-0.0003635041802981302	11069523
2023-05-17	-0.005962059620596175	-0.0023486901535682485	0.018970189701896966	-0.009756097560975594	-0.005962059620596175	9076272
2023-05-16	-0.021911998586322704	0.0	0.011486128291217503	-0.02615303057077229	-0.021911998586322704	13612588
2023-05-15	0.013794338946614172	0.0007165890361877311	0.016481547832318196	-0.014510927982801904	0.013794338946614172	14066647
2023-05-12	0.0066726780883678526	-0.002164111812443725	0.03678990081154191	-0.0025247971145175934	0.0066726780883678526	16559010
2023-05-11	0.0009025270758123514	0.0027075812274367974	0.02382671480144405	-0.001083032490974642	0.0009025270758123514	12622453
2023-05-10	0.010948905109489078	-0.005474452554744474	0.021897810218978155	-0.016788321167883116	0.010948905109489078	17462598
2023-05-09	-0.003817487729503742	-0.003817487729503742	0.009998182148700314	-0.018178512997636793	-0.003817487729503742	18139372
2023-05-08	-0.005783480932586306	0.0	0.011928429423459312	-0.015543105006325672	-0.005783480932586306	20872170
2023-05-05	-0.02209261223047013	-0.0031813361611876937	-0.0031813361611876937	-0.04418522446094026	-0.02209261223047013	34212287
2023-05-04	-0.0035223670306446433	0.0077492074674180645	0.029411764705882384	-0.016379006692497353	-0.0035223670306446433	26856562
2023-04-28	-0.008382815228780944	-0.00017464198393290275	0.001571777855396497	-0.018337408312958388	-0.008382815228780944	15690551
2023-04-27	0.009876543209876458	-0.009347442680776034	0.01851851851851847	-0.009347442680776034	0.009876543209876458	15777059
2023-04-26	-0.016478751084128287	-0.010928013876842939	-0.005203816131829959	-0.029141370338248044	-0.016478751084128287	23934184
2023-04-25	0.010871471155532131	-0.0005260389268806091	0.0177099772049798	-0.024197790636507146	0.010871471155532131	42962096
2023-04-24	0.003166226912928755	-0.011433597185576051	0.03342128408091466	-0.014775725593667606	0.003166226912928755	33992120
2023-04-21	-0.0033309957924263275	0.006311360448807844	0.027349228611500742	-0.0050841514726507565	-0.0033309957924263275	39892402
2023-04-20	0.017118402282453652	0.0017831669044222793	0.03495007132667619	0.0017831669044222793	0.017118402282453652	36794925
2023-04-19	-0.012328284607256126	0.0	0.008277562522014774	-0.012856639661852834	-0.012328284607256126	19188658
2023-04-18	0.024539877300613487	-0.003969686033922751	0.035727174305304886	-0.004511006856730422	0.024539877300613487	38706349
2023-04-17	0.027437893956247756	-0.0005561735261401769	0.030404152762328523	-0.0009269558769002069	0.027437893956247756	26228048
2023-04-14	-0.0036941263391208506	0.0007388252678241439	0.009420022164757997	-0.005725895825637279	-0.0036941263391208506	14212447
2023-04-13	-0.024504504504504494	-0.008108108108108159	-0.0037837837837837993	-0.024504504504504494	-0.024504504504504494	18259494
2023-04-12	-0.006088825214899774	0.0	0.016296561604584463	-0.00787965616045854	-0.006088825214899774	22302460
2023-04-11	0.019722425127830633	-0.006391526661796958	0.02940102264426588	-0.006574141709276835	0.019722425127830633	32436552
2023-04-10	0.0014630577907827048	-0.0051207022677395965	0.006949524506218043	-0.012253108997805445	0.0014630577907827048	15649255
2023-04-07	0.012217697149203935	-0.0020362828582007873	0.02313957793409848	-0.0020362828582007873	0.012217697149203935	15864067
2023-04-06	-0.011166025993044105	-0.0038440417353102843	0.00677283543840376	-0.01610836536701451	-0.011166025993044105	15243479
2023-04-04	-0.001097092704333428	-0.003474126897056093	0.0005485463521667789	-0.017187785701225047	-0.001097092704333428	17989125
2023-04-03	0.01635383757665853	0.022114848541163308	0.029548411076008106	0.007247723471473714	0.01635383757665853	37391478
2023-03-31	-0.012116761520102746	-0.006609142647328795	0.002753809436386976	-0.020378189829263805	-0.012116761520102746	27788750
2023-03-30	0.05972762645914398	-0.0009727626459143416	0.06614785992217896	-0.0019455252918288216	0.05972762645914398	57157412
2023-03-29	0.006067723624975438	0.0056762575846545146	0.009395184967703989	0.00019573302016046213	0.006067723624975438	12803042
2023-03-28	-0.014657666345226576	-0.0028929604628736465	0.004435872709739573	-0.015236258437801332	-0.014657666345226576	12867893
2023-03-27	-0.004607410251487847	0.0	0.00710309080437699	-0.007487041658667701	-0.004607410251487847	12768345
2023-03-24	0.005210343496719474	0.0	0.0067541489772288965	-0.00347356233114627	0.005210343496719474	13277563
2023-03-23	0.0023210831721469523	-0.004255319148936286	0.00580270793036745	-0.005996131528046465	0.0023210831721469523	12379007
2023-03-22	-0.007677543186180395	0.0019193857965451328	0.003262955854126712	-0.015355086372360926	-0.007677543186180395	13554248
2023-03-21	0.03291038858049175	0.0021808088818397985	0.03370340999206985	0.0021808088818397985	0.03291038858049175	23146646
2023-03-20	0.00218557520365586	-0.002980329823167069	0.015895092390224602	-0.004569839062189487	0.00218557520365586	16301524
2023-03-17	0.0057953637090327565	0.009192645883293382	0.022781774580335742	0.0003996802557954262	0.0057953637090327565	20123077
2023-03-16	-0.00832342449464926	-0.00753071739992078	-0.0013872374157748767	-0.016052318668252127	-0.00832342449464926	12181953
2023-03-15	-0.013489736070381187	0.00684261974584558	0.009384164222873978	-0.01466275659824047	-0.013489736070381187	20945617
2023-03-14	-0.017479830964272063	-0.006530925854783008	-0.0028812908182867013	-0.02612370341913176	-0.017479830964272063	16501073
2023-03-13	0.01779081133919851	-0.002737047898338232	0.021309872922776217	-0.002932551319648066	0.01779081133919851	19483658
2023-03-10	-0.029411764705882432	-0.008728652751423165	-0.003795066413662293	-0.0318785578747628	-0.029411764705882432	19213389
2023-03-09	0.007840887358959719	0.0	0.018359150889271387	-0.00038248231019307746	0.007840887358959719	13013102
2023-03-08	-0.010783200908059029	-0.00397275822928492	-0.0011350737797957298	-0.014945138100643192	-0.010783200908059029	14494798
2023-03-07	-0.018019691621772225	0.00018577001671939654	0.010031580902842266	-0.020992011889280987	-0.018019691621772225	19473791
2023-03-06	-0.024818840579710226	-0.006521739130434772	-0.0036231884057971527	-0.025181159420289864	-0.024818840579710226	25935684
2023-03-03	0.006381039197812241	0.007292616226071077	0.018049225159526016	-0.003463992707383862	0.006381039197812241	19741500
2023-03-02	0.00421091175393636	-0.0003661662394726478	0.019406810692054237	-0.008604906627608913	0.00421091175393636	25548979
2023-03-01	0.04117422798322525	0.0009531071292412725	0.04822722073961115	0.0009531071292412725	0.04117422798322525	43297470
2023-02-28	0.0011450381679389747	-0.007251908396946478	0.01412213740458019	-0.007251908396946478	0.0011450381679389747	19404536
2023-02-27	-0.010947527368818391	-0.0071725179312947425	0.0	-0.02114005285013208	-0.010947527368818391	16947143
2023-02-24	-0.007307476110174266	-0.003560052463931005	0.00037474236462437937	-0.010305415027168769	-0.007307476110174266	16927779
2023-02-23	0.011178476695718005	0.0001894657067070483	0.020841227737779487	0.0001894657067070483	0.011178476695718005	24010720
2023-02-22	-0.014194994396712702	-0.010085917071348508	-0.006723944714232339	-0.021105715353007145	-0.014194994396712702	22911545
2023-02-21	0.004502814258911857	0.0	0.009380863039399626	-0.010694183864915578	0.004502814258911857	25649338
2023-02-20	0.03736862592448413	0.002335539120280215	0.044959128065394996	-0.0052549630206306566	0.03736862592448413	38313606
2023-02-17	0.0019500780031201524	-0.004485179407176364	0.004290171606864252	-0.005070202808112286	0.0019500780031201524	15806609
2023-02-16	-0.001363193768257065	-0.00486854917234664	0.007789678675754598	-0.010710808179162692	-0.001363193768257065	21698675
2023-02-15	-0.016471940241333066	-0.0001915341888526721	0.0	-0.019728021451829173	-0.016471940241333066	17948800
2023-02-14	-0.0043859649122806425	0.00019069412662099764	0.004004576659038918	-0.01201372997711662	-0.0043859649122806425	21437513
2023-02-13	0.015885315769081757	-0.0023246803564509386	0.018597442851607922	-0.011429678419217286	0.015885315769081757	30639111
2023-02-10	0.001746555404618597	-0.003493110809237332	0.004269357655734501	-0.004657481078983155	0.001746555404618597	13988866
2023-02-09	0.010194079592236878	-0.004116839835326423	0.014114879435404801	-0.010194079592236739	0.010194079592236878	22738253
2023-02-08	-0.009514563106796155	-0.002135922330097076	0.0	-0.012427184466019429	-0.009514563106796155	19101762
2023-02-07	0.004878048780487805	0.002146341463414623	0.008780487804878103	-0.002926829268292655	0.004878048780487805	20900869
2023-02-06	-0.03864190583380233	-0.009379103357719002	-0.009379103357719002	-0.041830800975426824	-0.03864190583380233	42185653
2023-02-03	-0.01204595997034838	-0.0048183839881393254	-0.0001853224610822463	-0.020385470719051176	-0.01204595997034838	20830020
2023-02-02	-0.02774774774774773	-0.0009009009009008497	0.0018018018018018274	-0.03387387387387392	-0.02774774774774773	36767804
2023-02-01	0.0054347826086956	0.0016304347826086286	0.014311594202898535	-0.01358695652173913	0.0054347826086956	26724709
2023-01-31	-0.008086253369272161	-0.004492362982929021	0.008984725965858042	-0.011680143755615428	-0.008086253369272161	23259835
2023-01-30	-0.02505255781359495	0.006306937631394525	0.01751927119831815	-0.026103714085493956	-0.02505255781359495	25619569
2023-01-20	-0.005228302544440646	0.0013942140118507894	0.008016730568142224	-0.0073196235622168294	-0.005228302544440646	10860828
2023-01-19	-0.003819444444444425	-0.0024305555555555656	-0.0008680555555556296	-0.015624999999999976	-0.003819444444444425	19467945
2023-01-18	-0.006896551724137907	0.0	0.008620689655172414	-0.010862068965517285	-0.006896551724137907	13035753
2023-01-17	0.005199306759098737	-0.00017331022530338156	0.008318890814558005	-0.009532062391681183	0.005199306759098737	18811356
2023-01-16	0.03127792672028597	0.0014298480786416137	0.04307417336907947	0.001251117068811444	0.03127792672028597	33018079
2023-01-13	0.021544641226949053	0.0018258170531311724	0.02245754975351464	-0.004929706043454503	0.021544641226949053	26580330
2023-01-12	0.00495412844036703	-0.003669724770642254	0.009174311926605505	-0.00899082568807343	0.00495412844036703	14581825
2023-01-11	0.018691588785046728	-0.0009345794392522834	0.0314018691588785	-0.0018691588785046994	0.018691588785046728	21461041
2023-01-10	-0.01127333210127517	-0.0022177046756606438	0.005359452966179988	-0.012566993162077244	-0.01127333210127517	15434014
2023-01-09	0.0018515089798185785	0.0016663580818367602	0.008146639511201719	-0.011294204776893158	0.0018515089798185785	20427678
2023-01-06	-0.0163904571116372	0.0010926971407758564	0.004552904753232562	-0.01821161901293025	-0.0163904571116372	19500149
2023-01-05	0.021581395348837146	0.004651162790697674	0.0230697674418605	0.0037209302325581922	0.021581395348837146	29421668
2023-01-04	0.036044718581341506	-0.0036622976098690213	0.037586738627602076	-0.004433307632999306	0.036044718581341506	26134113
2023-01-03	0.0015444015444016487	0.003861003861003916	0.008301158301158296	-0.01100386100386101	0.0015444015444016487	16362802
2022-12-30	0.001353179972936406	0.001353179972936406	0.014884979702300467	-0.0005799342741154849	0.001353179972936406	12773275
2022-12-29	-0.00614793467819405	-0.008261287223823242	0.0026897214217099052	-0.019788664745436967	-0.00614793467819405	11995050
2022-12-28	-0.016811484699660005	-0.009633547412164678	-0.003588968643747596	-0.019644880997355483	-0.016811484699660005	16322911
2022-12-27	0.027961165048543644	0.005631067961165032	0.02970873786407769	-0.0017475728155340467	0.027961165048543644	17339127
2022-12-26	-0.01680030546009932	0.005727376861397426	0.009545628102329133	-0.01947308132875149	-0.01680030546009932	15387918
2022-12-23	0.00344827586206896	-0.004214559386973294	0.018199233716475013	-0.01475095785440619	0.00344827586206896	16343914
2022-12-22	0.010061919504644024	0.005030959752321943	0.030959752321981452	0.0017414860681115212	0.010061919504644024	22812320
2022-12-21	0.0021330230754314414	-0.005429513282916446	0.017839829358153998	-0.005429513282916446	0.0021330230754314414	13074160
2022-12-20	-0.039307004470938885	-0.01266766020864381	-0.010991058122205594	-0.03967958271236965	-0.039307004470938885	27245386
2022-12-19	-0.005925925925925931	0.0	0.007037037037037085	-0.013333333333333312	-0.005925925925925931	16076366
2022-12-16	0.006899123624836797	-0.006526198023494339	0.009696065634905762	-0.016035800857728873	0.006899123624836797	19744959
2022-12-15	-0.0229550009109127	0.0001821825469119696	0.016578611768992467	-0.029877937693568966	-0.0229550009109127	27804272
2022-12-14	0.017423540315106536	-0.009267840593141797	0.02057460611677478	-0.009267840593141797	0.017423540315106536	26085029
2022-12-13	-0.00881866617674071	-0.004041888664339498	-0.0005511666360463189	-0.014330332537203769	-0.00881866617674071	30619330
2022-12-12	0.002394106813996364	-0.011049723756905973	0.012338858195211818	-0.01841620626151013	0.002394106813996364	46663287
2022-12-09	0.04927536231884053	0.00405797101449277	0.04985507246376808	0.0011594202898551165	0.04927536231884053	69940581
2022-12-08	0.00975609756097561	0.0019512195121951497	0.023999999999999938	-0.007999999999999934	0.00975609756097561	39078018
2022-12-07	0.025	0.0	0.03359999999999999	-0.01	0.025	43656379
2022-12-06	0.00603621730382288	-0.0002012072434608675	0.019315895372233275	-0.013682092555331985	0.00603621730382288	32526956
2022-12-05	0.03455453788509583	0.009367194004995897	0.04079933388842633	0.007493755203996658	0.03455453788509583	36106842
2022-12-02	-0.005588904988615258	-0.005588904988615258	0.00600289795073482	-0.011384806458290297	-0.005588904988615258	17015014
2022-12-01	0.009191560476290054	0.01963651556298318	0.03049926885314395	0.008355964069354621	0.009191560476290054	27604487
2022-11-30	-0.011358942585708473	-0.004956629491945518	0.011565468814539346	-0.019206939281288717	-0.011358942585708473	27287554
2022-11-29	0.04601425793907977	0.036941023979261196	0.05379131561892422	0.013609850939727858	0.04601425793907977	38928672
2022-11-28	-0.008567144998929077	-0.021632041122295952	-0.005140286999357355	-0.03127007924609126	-0.008567144998929077	22655140
2022-11-25	0.01698976257895886	0.0	0.02570246133739941	-0.0017425397516880484	0.01698976257895886	24697464
2022-11-24	-0.007994814174589554	0.010155574762316311	0.01987899740708733	-0.010803802938634399	-0.007994814174589554	21379992
2022-11-23	-0.0004319654427644929	-0.0015118790496760322	0.0051835853131749895	-0.006047516198703975	-0.0004319654427644929	14255219
2022-11-22	-0.0008631851532154996	0.0012947777298229427	0.01510574018126879	-0.009495036685369116	-0.0008631851532154996	23569157
2022-11-21	-0.03397957056493633	-0.010423181154888472	-0.010423181154888472	-0.03606420679591405	-0.03397957056493633	34523382
2022-11-18	0.00020850708924099272	0.008340283569641338	0.012093411175979948	-0.005838198498748981	0.00020850708924099272	16067621
2022-11-17	-0.010317787866281469	-0.0014444903012794115	0.013206768468840292	-0.016095749071399115	-0.010317787866281469	19284595
2022-11-16	-0.01243122070511513	0.006725086610963894	0.006725086610963894	-0.018544935805991515	-0.01243122070511513	25992649
2022-11-15	0.026569037656903834	0.014644351464435207	0.0372384937238494	-0.002092050209204902	0.026569037656903834	51228792
2022-11-14	0.04755643217181667	0.050186280955511704	0.07626561472715311	0.036598728906421095	0.04755643217181667	100020407
2022-11-11	0.061903653711892104	0.03630439841750063	0.0751687223644404	0.017221317198045195	0.061903653711892104	82883508
2022-11-10	-0.0016263940520446162	-0.006737918215613363	-0.0013940520446097183	-0.01184944237918211	-0.0016263940520446162	22305399
2022-11-09	0.0009302325581395151	0.009069767441860478	0.01976744186046515	-0.0011627906976743525	0.0009302325581395151	22990425
2022-11-08	-0.0013934045517882553	0.0013934045517880903	0.005341384115188036	-0.011147236414305713	-0.0013934045517882553	30558188
2022-11-07	-0.0006962172197725954	-0.002088651659317786	0.003945230912044432	-0.013460199582269792	-0.0006962172197725954	33159614
2022-11-04	0.03631553631553644	0.0012025012025013051	0.042568542568542644	0.0	0.03631553631553644	45749125
2022-11-03	-0.011882129277566541	-0.00665399239543729	-0.004990494296577967	-0.020912547528517005	-0.011882129277566541	28853488
2022-11-02	0.011538461538461463	-0.004807692307692376	0.024038461538461536	-0.009134615384615446	0.011538461538461463	38019949
2022-11-01	0.035340965654554544	0.00995520159283222	0.035340965654554544	-0.0022399203583871653	0.035340965654554544	48067142
2022-10-31	-0.01422963689892047	-0.0007360157016683302	0.0009813542688910488	-0.016192345436702567	-0.01422963689892047	34553505
2022-10-28	-0.04274307186472523	-0.008689525598872651	-0.004697040864255419	-0.04603100046970411	-0.04274307186472523	40175030
2022-10-27	0.002826189354686704	0.005652378709373575	0.012717852096090419	-0.0037682524729157722	0.002826189354686704	22640281
2022-10-26	0.01047120418848162	0.004283674440742497	0.028319847691575382	0.0033317467872440135	0.01047120418848162	36281405
2022-10-25	-0.008728473696626502	0.009672092474640164	0.013210662892191609	-0.009672092474640332	-0.008728473696626502	41440111
2022-10-24	-0.03659090909090908	-0.006818181818181754	0.007272727272727279	-0.0386363636363637	-0.03659090909090908	45916936
2022-10-21	-0.008562415502478651	0.00022532672374939183	0.009013068949977434	-0.013744930148715624	-0.008562415502478651	27243190
2022-10-20	-0.018575851393188774	-0.009287925696594465	0.0013268465280849686	-0.0300751879699248	-0.018575851393188774	36647844
2022-10-19	-0.046795952782462034	-0.0016863406408094076	-0.0016863406408094076	-0.047849915682967877	-0.046795952782462034	55654921
2022-10-18	-0.00482483742395645	0.006503041745332392	0.0100692259282567	-0.007132368365848614	-0.00482483742395645	27008601
2022-10-17	-0.006668055844967707	-0.005834548864346763	-0.0029172744321733814	-0.014377995415711707	-0.006668055844967707	23501711
2022-10-14	0.019762005949851245	0.004037399065023326	0.025286867828304242	0.0008499787505312186	0.019762005949851245	31338771
2022-10-13	-0.02506732960430911	-0.005800704371245103	-0.005593536357986391	-0.026103169670602965	-0.02506732960430911	27745374
2022-10-12	-0.0020673971469918197	-0.006615670870374205	-0.001447178002894362	-0.028323340913789487	-0.0020673971469918197	24097124
2022-10-11	-0.006776180698152061	-0.00020533880903501263	0.0030800821355235846	-0.014373716632443589	-0.006776180698152061	22003690
2022-10-10	-0.01237071587913201	0.0	0.013790306225917657	-0.01723788278239711	-0.01237071587913201	26014496
2022-09-30	-0.02356435643564352	-0.007326732673267276	0.0013861386138613917	-0.02356435643564352	-0.02356435643564352	35563830
2022-09-29	-0.013093609536838025	0.005862810240375164	0.01153019347273786	-0.017002149697088225	-0.013093609536838025	25319493
2022-09-28	-0.00986842105263154	-0.003482972136222905	0.0017414860681115212	-0.011222910216718233	-0.00986842105263154	13557668
2022-09-27	0.012340842311459405	0.00195886385896183	0.016258570029383065	-0.014691478942213516	0.012340842311459405	24764967
2022-09-26	-0.005648617062719249	-0.006622516556291457	0.012855473315153809	-0.008765095442150424	-0.005648617062719249	20553286
2022-09-23	-0.0031067961165047882	-0.007572815533980593	0.007572815533980593	-0.009708737864077669	-0.0031067961165047882	17517602
2022-09-22	-0.025543992431409677	-0.0020813623462629977	-0.0018921475875118528	-0.029517502365184526	-0.025543992431409677	40143184
2022-09-21	-0.012518684603886429	0.01700298953662176	0.017563527653213708	-0.02204783258594917	-0.012518684603886429	26775169
2022-09-20	-0.026555110949436047	-0.0023644961804291644	0.002182611858857849	-0.030556566024008726	-0.026555110949436047	35065981
2022-09-19	-0.002539912917271418	-0.008164005805515162	0.005805515239477509	-0.018142235123367198	-0.002539912917271418	20360049
2022-09-16	-0.02165424210152655	-0.006212282570110071	-0.0042598509052183525	-0.02555910543130999	-0.02165424210152655	25993997
2022-09-15	0.007330591811192628	-0.00071517968889682	0.022706955122474577	-0.004291078133381048	0.007330591811192628	28969848
2022-09-14	-0.009913258983890994	-0.0175252257036644	-0.00424853956452473	-0.01929545052221638	-0.009913258983890994	18747266
2022-09-13	0.018939393939394016	0.0	0.02633477633477635	-0.006673881673881628	0.018939393939394016	34602446
2022-09-09	0.03878583473861721	0.0	0.042345887202548345	-0.0020610830054337537	0.03878583473861721	52388062
2022-09-08	0.006032045240339308	0.0	0.013195098963242278	0.0	0.006032045240339308	15365677
2022-09-07	-0.007669285447063294	0.0039281705948372775	0.004302282080059799	-0.008978675645342386	-0.007669285447063294	20995308
2022-09-06	-0.006319702602230415	0.0001858736059480505	0.00762081784386624	-0.007434944237918189	-0.006319702602230415	17796217
2022-09-05	0.0027958993476234592	-0.01025163094128606	0.0065237651444548265	-0.014352283317800486	0.0027958993476234592	19027545
2022-09-02	-0.02649246960624208	0.0	0.0	-0.03520232262747229	-0.02649246960624208	36746048
2022-09-01	0.03512396694214871	-0.00018782870022549054	0.042449286250939106	-0.00018782870022549054	0.03512396694214871	64210545
2022-08-31	0.017973231357552674	-0.0038240917782025956	0.025812619502868096	-0.004015296367112692	0.017973231357552674	46283836
2022-08-30	0.00038255547054315265	0.004016832440703918	0.01778882938026013	-0.003825554705432342	0.00038255547054315265	20270847
2022-08-29	0.0009573042312847839	-0.012062033314187162	0.012253494160444202	-0.013785180930499692	0.0009573042312847839	16456070
2022-08-26	0.0	0.0047865211564235115	0.008232816389048435	-0.006509668772735905	0.0	16040627
2022-08-25	0.016345592527729057	0.0	0.019848219497956725	-0.008172796263864598	0.016345592527729057	20989258
2022-08-24	-0.014006139677666863	-0.0003837298541825791	0.0011511895625480099	-0.015541059094397453	-0.014006139677666863	21584197
2022-08-23	-0.017345399698340907	-0.0016968325791854508	0.0011312217194570564	-0.019607843137254888	-0.017345399698340907	22034863
2022-08-22	0.008173351073940311	-0.0028511689792814782	0.01786732560349739	-0.006082493822467217	0.008173351073940311	23817591
2022-08-19	-0.00019004180919798578	0.0011402508551881846	0.0036107943747625396	-0.007031546940326824	-0.00019004180919798578	13215250
2022-08-18	-0.015160022459292575	-0.006176305446378407	-0.0033688938798427798	-0.019090398652442508	-0.015160022459292575	14088456
2022-08-17	0.015779467680608332	0.001140684410646296	0.024334600760456293	-0.009315589353612205	0.015779467680608332	23843481
2022-08-16	-0.0037878787878787073	0.00037878787878793804	0.0017045454545455193	-0.00946969696969697	-0.0037878787878787073	16335748
2022-08-15	-0.006772009029345362	0.0001881113619263566	0.008276899924755547	-0.01203912716328054	-0.006772009029345362	18323472
2022-08-12	0.004535147392290152	-0.0039682539682539845	0.010204081632653045	-0.009259259259259297	0.004535147392290152	16987856
2022-08-11	0.021030291337063543	0.009068107273779642	0.02218792205286511	0.0009646922631681317	0.021030291337063543	22953884
2022-08-10	-0.0157614887960501	-0.0005696923661221806	-0.0005696923661221806	-0.0169008735282946	-0.0157614887960501	16302356
2022-08-09	0.004386801449551724	0.0003814609956132582	0.012016021361815803	-0.0034331489605187817	0.004386801449551724	16051580
2022-08-08	-0.01019444968850291	-0.007929016424391196	0.0	-0.012082310741929406	-0.01019444968850291	21808178
2022-08-05	0.00895238095238093	0.004571428571428609	0.00895238095238093	-0.008000000000000033	0.00895238095238093	19819083
2022-08-04	0.004784688995215311	0.0028708133971291593	0.009952153110047907	-0.0028708133971291593	0.004784688995215311	13529107
2022-08-03	-0.02518656716417913	-0.007276119402985085	0.0076492537313432194	-0.028358208955223937	-0.02518656716417913	31878019
2022-08-02	-0.018494781175608828	-0.009705182201062097	-0.009338948910455924	-0.03131294634682294	-0.018494781175608828	26048594
2022-08-01	-0.006729719898144733	0.0049108766824300315	0.0058202982902873825	-0.016369588941433224	-0.006729719898144733	18646747
2022-07-29	-0.013811659192825168	0.0035874439461883916	0.008071748878923818	-0.017399103139013432	-0.013811659192825168	23747370
2022-07-28	-0.003040057224606611	0.0014306151645207133	0.003934191702432025	-0.007331902718168878	-0.003040057224606611	14614702
2022-07-27	-0.025783972125435487	-0.003484320557491215	-0.0026132404181184424	-0.02839721254355393	-0.025783972125435487	24440950
2022-07-26	0.016829052258635884	0.000885739592559737	0.024977856510185945	-0.0014171833480957554	0.016829052258635884	26304234
2022-07-25	0.02468687602105644	0.00018152114721361426	0.02958794699582493	-0.001452169177709301	0.02468687602105644	36027403
2022-07-22	0.0036436509382401683	-0.0043723811258881765	0.010566587720896307	-0.010748770267808405	0.0036436509382401683	18646088
2022-07-21	-0.009742016958325802	0.0012628540501533516	0.008479162908172449	-0.011365686451380166	-0.009742016958325802	16384697
2022-07-20	0.00726876249318551	0.007995638742504047	0.02398691622751227	0.0012720334363074738	0.00726876249318551	21705190
2022-07-19	-0.004702477844094737	-0.0034364261168384467	0.006691987701211747	-0.00958582022065475	-0.004702477844094737	19709717
2022-07-18	0.0016304347826086286	0.0	0.012318840579710139	-0.02173913043478266	0.0016304347826086286	23549370
2022-07-15	-0.01779359430604982	-0.00711743772242003	0.006761565836298851	-0.01868327402135239	-0.01779359430604982	30267863
2022-07-14	-0.03602058319039442	0.012006861063464887	0.015265866209262445	-0.04202401372212686	-0.03602058319039442	54519966
2022-07-13	-0.02995008319467561	-0.00033277870216311356	0.002495840266222938	-0.03444259567387688	-0.02995008319467561	38790065
2022-07-12	0.02037351443123944	0.0025466893039048995	0.03361629881154506	0.0025466893039048995	0.02037351443123944	40810385
2022-07-11	0.005462615227039951	-0.005462615227039951	0.010583817002389972	-0.014680778422669844	0.005462615227039951	27354736
2022-07-08	-0.002044293015332275	0.007155025553662599	0.007155025553662599	-0.013628620102214722	-0.002044293015332275	22725014
2022-07-07	-0.009784075573549229	-0.004385964912280668	0.008771929824561335	-0.013157894736842124	-0.009784075573549229	19747189
2022-07-06	-0.004366812227074203	0.008565670137722506	0.025025193147463924	-0.014612025529056053	-0.004366812227074203	30764043
2022-07-05	-0.007170251792562943	-0.0036685009171252103	0.025346006336501636	-0.01784225446056362	-0.007170251792562943	28384693
2022-07-04	0.020071440721211087	-0.021262119408062597	0.02160231331859165	-0.021262119408062597	0.020071440721211087	31375014
2022-07-01	-0.026494452723960945	-0.003311806590495162	-0.003311806590495162	-0.036926643484020596	-0.026494452723960945	33785737
2022-06-30	0.01889657499578197	0.0015184747764467065	0.02345199932512221	-0.004555424329340359	0.01889657499578197	37053894
2022-06-29	0.0028764805414551895	0.006429780033840871	0.026057529610829088	0.001861252115059212	0.0028764805414551895	42072308
2022-06-28	0.0	0.008460236886632826	0.008460236886632826	-0.01099830795262265	0.0	32252221
2022-06-27	0.022491349480968932	0.00865051903114187	0.03944636678200694	0.00865051903114187	0.022491349480968932	58158368
2022-06-24	0.03232720128594383	0.0	0.052866583318449734	-0.004107876406501232	0.03232720128594383	73201062
2022-06-23	-0.00017857142857139304	-0.0007142857142856991	0.008392857142857122	-0.012500000000000051	-0.00017857142857139304	30453200
2022-06-22	-0.02251701867690695	-0.0003491010647581781	-0.0003491010647581781	-0.02251701867690695	-0.02251701867690695	29721130
2022-06-21	0.004030844724850979	0.0007010164738871213	0.023308797756747254	-0.007185418857343212	0.004030844724850979	53707727
2022-06-20	0.042001460920379916	0.007304601899196468	0.05094959824689553	0.007304601899196468	0.042001460920379916	76530884
2022-06-17	0.017276611554895037	-0.014861601337544068	0.029351662641649606	-0.024335872190228407	0.017276611554895037	53813436
2022-06-16	-0.011204996326230702	0.0005510653930933347	0.009000734753857495	-0.017450404114621523	-0.011204996326230702	35938169
2022-06-15	0.05852615205133187	-0.006027610344157151	0.06941473847948669	-0.006027610344157151	0.05852615205133187	91507776
2022-06-14	0.007246376811594153	-0.014884449667058462	0.009792401096748922	-0.018409714061888068	0.007246376811594153	34842410
2022-06-13	-0.022775119617224837	-0.008612440191387615	-0.00765550239234447	-0.030430622009569443	-0.022775119617224837	40426293
2022-06-10	-0.0024818633066056232	-0.005154639175257792	-0.0007636502481863143	-0.012027491408934755	-0.0024818633066056232	30034887
2022-06-09	-0.011511605963389307	-0.0026420079260237885	0.003019437629741396	-0.015097188148707382	-0.011511605963389307	28683558
2022-06-08	-0.00018867924528298132	0.00018867924528298132	0.015094339622641456	-0.008867924528301865	-0.00018867924528298132	36297664
2022-06-07	0.003978026141314659	-0.005493464671339252	0.006440613752604725	-0.013070657321462356	0.003978026141314659	29169548
2022-06-06	0.004375951293759453	0.00038051750380509934	0.007039573820395689	-0.018645357686453652	0.004375951293759453	36520890
2022-06-02	-0.031509121061359883	-0.027823843744241846	-0.027455316012529977	-0.040353786622443426	-0.031509121061359883	27584641
2022-06-01	-0.0038546255506606785	-0.003303964757709246	0.00532305433186502	-0.011563876651982295	-0.0038546255506606785	29205803
2022-05-31	0.020224719101123563	0.0016853932584270303	0.020224719101123563	-0.005617977528089835	0.020224719101123563	35509917
2022-05-30	0.005271084337349419	0.0005647590361445998	0.012801204819277105	-0.00207078313253011	0.005271084337349419	21638531
2022-05-27	-0.013006317354143494	0.011334076551467846	0.018023039762170175	-0.01505016722408031	-0.013006317354143494	35255705
2022-05-26	0.007865168539325874	0.0	0.01273408239700374	-0.02996254681647943	0.007865168539325874	42382765
2022-05-25	-0.00725041829336309	-0.005391336679680222	0.0001859081613682471	-0.014686744748094427	-0.00725041829336309	22197439
2022-05-24	-0.009574663966120478	-0.004603203829865586	0.006996869821395607	-0.013993739642791476	-0.009574663966120478	26346272
2022-05-23	-0.04551845342706496	-0.009666080843585188	-0.007029876977152875	-0.04938488576449904	-0.04551845342706496	55783104
2022-05-20	0.01934790397706912	0.0014331780723754622	0.023289143676101704	-0.008240773916159098	0.01934790397706912	26608469
2022-05-19	-0.01430337277061632	-0.014833127317676203	-0.0077697333568780644	-0.022956030372594107	-0.01430337277061632	20195890
2022-05-18	-0.013242725213451786	0.0019167102282627536	0.004878898762850691	-0.025614218504966	-0.013242725213451786	22269749
2022-05-17	0.021174377224199247	-0.003558718861210015	0.02313167259786472	-0.00889679715302491	0.021174377224199247	22831367
2022-05-16	-0.014208033678301969	0.008945798982634716	0.03052096123487111	-0.025609542185581494	-0.014208033678301969	28664501
2022-05-13	0.02278435593828482	0.013993541442411215	0.025654825977753853	0.008252601363473284	0.02278435593828482	24432011
2022-05-12	-0.016584333098094525	-0.0017642907551164682	-0.0017642907551164682	-0.02470007057163018	-0.016584333098094525	22579089
2022-05-11	0.0014134275618374256	-0.002120141342756264	0.015901060070671352	-0.010600706713780944	0.0014134275618374256	35911506
2022-05-10	0.004258339247693435	-0.02004968062455647	0.009403832505322944	-0.02413058907026259	0.004258339247693435	30057137
2022-05-09	-0.031615120274914144	-0.016323024054982867	-0.011683848797250854	-0.04175257731958762	-0.031615120274914144	21529684
2022-05-06	-0.008517887563884156	-0.01873935264054517	-0.003407155025553711	-0.022316865417376527	-0.008517887563884156	21216998
2022-05-05	0.0282010860045542	0.01681555438780861	0.04011210369591871	0.013312313890348537	0.0282010860045542	46790722
2022-04-29	0.07150900900900906	0.013513513513513492	0.07526276276276272	0.0	0.07150900900900906	57524101
2022-04-28	0.003389830508474571	0.007532956685499031	0.011299435028248614	-0.019397363465160095	0.003389830508474571	25258916
2022-04-27	0.025294458389650557	-0.020467271674068397	0.030121645105232714	-0.024908283452403923	0.025294458389650557	37571041
2022-04-26	-0.0595605592881787	0.0	0.007263482840021765	-0.06464499727619398	-0.0595605592881787	63204589
2022-04-25	-0.033350886431455125	-0.0073723012111638	0.009127611023345675	-0.03405301035632785	-0.033350886431455125	32560068
2022-04-22	0.016776726753524856	-0.007674460110655001	0.026592896662502266	-0.024094235231126207	0.016776726753524856	24469829
2022-04-21	-0.026580958999305092	-0.007991660875608075	0.007470465601111878	-0.03405142460041697	-0.026580958999305092	27999954
2022-04-20	0.004537521815008816	0.007853403141361306	0.027748691099476502	-0.005235602094240789	0.004537521815008816	21662822
2022-04-19	-0.004689942678478429	0.0013896126454750442	0.010074691679694256	-0.00885878061490356	-0.004689942678478429	16849454
2022-04-18	-0.018414322250639357	-0.002557544757033224	-0.002557544757033224	-0.019096334185848208	-0.018414322250639357	15468205
2022-04-15	-0.0011920980926430566	-0.006811989100817414	0.009877384196185257	-0.009536784741144453	-0.0011920980926430566	21242110
2022-04-14	0.038006010252784134	0.007954746331978131	0.04436980731836659	0.007954746331978131	0.038006010252784134	42741664
2022-04-13	-0.015146239554317506	-0.008008356545961017	0.00017409470752098043	-0.017583565459609995	-0.015146239554317506	21198659
2022-04-12	0.03757225433526008	0.006864161849711029	0.03865606936416186	-0.0012644508670520283	0.03757225433526008	29717487
2022-04-11	-0.03436246293389149	0.002093144950287887	0.002442002442002452	-0.03593232164660728	-0.03436246293389149	33812428
2022-04-08	-0.006412478336221916	0.0	0.003812824956672424	-0.014904679376083179	-0.006412478336221916	22682729
2022-04-07	-0.01215545283341883	-0.01301147063858925	0.01215545283341895	-0.013696284882725512	-0.01215545283341883	26942029
2022-04-06	-0.0032423208191127103	-0.009385665529010311	0.009897610921501676	-0.011945392491467624	-0.0032423208191127103	30753172
2022-04-01	0.028070175438596516	-0.008771929824561403	0.039298245614035124	-0.020877192982456102	0.028070175438596516	45775170
2022-03-31	0.0	-0.0017543859649123057	0.0035087719298246113	-0.013684210526315809	0.0	25133597
2022-03-30	0.043000914913083284	0.006221408966148279	0.043000914913083284	0.005489478499542622	0.043000914913083284	33900253
2022-03-29	-0.020609318996415747	0.0055555555555555965	0.007706093189964153	-0.02401433691756266	-0.020609318996415747	25242958
2022-03-28	-0.005170262078802037	-0.0039222677839188085	0.0012479942948831018	-0.022998752005705225	-0.005170262078802037	21585282
2022-03-25	-0.025877040639110713	0.00017367141368539624	0.005904828065300511	-0.026571726293852054	-0.025877040639110713	25216369
2022-03-24	-0.007241379310344857	-0.008620689655172414	-0.003103448275862064	-0.015344827586206906	-0.007241379310344857	23678670
2022-03-23	-0.009900990099009872	0.00256060088767495	0.004779788323659972	-0.011095937179924865	-0.009900990099009872	24373729
2022-03-22	0.0022241231822069368	-0.005988023952095832	0.008383233532934044	-0.007356715141146273	0.0022241231822069368	19403969
2022-03-21	-0.007640067911714699	0.0022071307300509774	0.011035653650254645	-0.015280135823429518	-0.007640067911714699	30641715
2022-03-18	0.00340715502555359	0.0	0.005281090289608095	-0.017887563884156802	0.00340715502555359	36839305
2022-03-17	0.030005264081417807	0.04298999824530612	0.047201263379540226	0.010879101596771319	0.030005264081417807	52266437
2022-03-16	0.047610294117647126	0.033088235294117724	0.053492647058823596	-0.0027573529411764447	0.047610294117647126	52945781
2022-03-15	-0.040395131416475556	-0.008643499735402979	0.009525489504321735	-0.04251190686188035	-0.040395131416475556	49926766
2022-03-14	-0.045301448299090684	-0.022903334456045796	-0.004883799259009753	-0.045301448299090684	-0.045301448299090684	31918608
2022-03-11	0.008663156106675814	-0.009682350942755229	0.013589264481060036	-0.026159334126040414	0.008663156106675814	35638996
2022-03-10	-0.010920698924731277	0.028393817204301036	0.03141801075268813	-0.02352150537634418	-0.010920698924731277	47362869
2022-03-09	-0.004016064257028027	-0.008032128514056172	0.004183400267737617	-0.05271084337349395	-0.004016064257028027	56275807
2022-03-08	-0.04399296112621981	-0.00975843864981602	0.007838745800671924	-0.0449528075507918	-0.04399296112621981	57768670
2022-03-07	-0.04710365853658531	-0.015548780487804819	-0.015548780487804819	-0.05426829268292676	-0.04710365853658531	47645242
2022-03-04	-0.016049197540123104	-0.010799460026998633	-0.005099745012749414	-0.02369881505924701	-0.016049197540123104	30520427
2022-03-03	-0.003735803945008966	0.004931261207411809	0.004931261207411809	-0.01449491930663477	-0.003735803945008966	26230556
2022-03-02	-0.020635152934289427	-0.012146933996780306	-0.012146933996780306	-0.031172252304990423	-0.020635152934289427	24786934
2022-03-01	0.024130695443645076	-0.0016486810551558668	0.025029976019184677	-0.015587529976019065	0.024130695443645076	40633496
2022-02-28	-0.020551967116852695	-0.009101585437463366	-0.00733998825601879	-0.038461538461538526	-0.020551967116852695	48362395
2022-02-25	-0.0026354319180086766	0.006588579795022004	0.009516837481698473	-0.007174231332357173	-0.0026354319180086766	22417097
2022-02-24	-0.03093076049943256	-0.013620885357548353	-0.010215664018161165	-0.04284903518728732	-0.03093076049943256	41899669
2022-02-23	0.004417842382784698	-0.0017101325352715483	0.006698019096479961	-0.006698019096479961	0.004417842382784698	19598560
2022-02-22	-0.034800550206327385	-0.008253094910591589	-0.007565337001375476	-0.047455295735901	-0.034800550206327385	36301446
2022-02-21	-0.004109589041095852	-0.0027397260273972993	-0.002465753424657628	-0.0136986301369863	-0.004109589041095852	10709058
2022-02-18	0.010101010101010157	-0.006641760066417459	0.012038190120381966	-0.013283520132835116	0.010101010101010157	15392511
2022-02-17	-0.01405184174624831	-0.0039563437926329065	0.0068212824010914054	-0.016234652114597514	-0.01405184174624831	17712319
2022-02-16	0.017631542412883464	0.0020824656393170302	0.020269332222684906	-0.0031931139802860472	0.017631542412883464	18939258
2022-02-15	-0.013287671232876696	-0.00383561643835618	0.004109589041095852	-0.015068493150684854	-0.013287671232876696	22662561
2022-02-14	-0.015376315079579182	-0.008632317237658492	-0.008227677367143235	-0.034259509036957195	-0.015376315079579182	19833640
2022-02-11	0.006653088934147927	-0.00678886625933469	0.012898845892735758	-0.0158859470468432	0.006653088934147927	26315615
2022-02-10	-0.03838621229925575	-0.0063977020498760815	0.00026113069591325263	-0.040344692518605604	-0.03838621229925575	40093808
2022-02-09	0.030820995962315023	0.004037685060565238	0.03728129205921933	-0.005383580080753587	0.030820995962315023	30821130
2022-02-08	-0.005354752342704226	-0.004016064257028074	0.002677376171352113	-0.022757697456492674	-0.005354752342704226	25222789
2022-02-07	0.020491803278688523	0.017759562841530015	0.0333333333333333	0.002459016393442522	0.020491803278688523	21295784
2022-01-28	-0.02165196471531663	0.00013365410318103604	0.015771184175354277	-0.023924084469393106	-0.02165196471531663	26921924
2022-01-27	-0.022088615867207055	-0.009933342046791336	0.0033982485949547885	-0.026140373807345442	-0.022088615867207055	25896559
2022-01-26	0.008701384311140552	0.008174027686222869	0.022148978246539313	-0.004087013843111247	0.008701384311140552	17996504
2022-01-25	-0.01595744680851069	-0.0036325895173845504	0.02231447846393356	-0.024130773222625836	-0.01595744680851069	25185151
2022-01-24	-0.0042630151143262926	-0.007880118847694089	0.020927528743056513	-0.011755587133445248	-0.0042630151143262926	16913071
2022-01-21	-0.015390485881455201	-0.0063597049096921895	0.0025438819638767315	-0.02531162554057503	-0.015390485881455201	30226221
2022-01-20	0.045061810447959594	-0.000531702778147099	0.04745447294962107	-0.0015951083344411079	0.045061810447959594	50662197
2022-01-19	0.026330150068212918	0.005457025920873202	0.03942701227830833	0.002182810368349203	0.026330150068212918	40401059
2022-01-18	0.0036971107763932084	-0.003012460632616717	0.00890045186909497	-0.013829932904285979	0.0036971107763932084	21307718
2022-01-17	0.014305555555555571	0.00138888888888881	0.01999999999999997	-0.003888888888888905	0.014305555555555571	20381136
2022-01-14	-0.004424778761061853	-0.0030420353982300733	0.007328539823008866	-0.012721238938052926	-0.004424778761061853	20996990
2022-01-13	-0.026386645126548303	0.004038772213247135	0.014539579967689798	-0.028002154011847042	-0.026386645126548303	26732585
2022-01-12	-0.01746031746031737	0.006481481481481602	0.009523809523809509	-0.033994708994708904	-0.01746031746031737	38464129
2022-01-11	-0.028277634961439625	-0.010025706940874051	0.013110539845758305	-0.029562982005141354	-0.028277634961439625	33694529
2022-01-10	0.000257135510413937	0.005399845718693773	0.03985600411416809	-0.010028284906145553	0.000257135510413937	35252163
2022-01-07	0.0373432915444118	0.006668444918644972	0.0466791144305148	0.00040010669511871347	0.0373432915444118	43722085
2022-01-06	-0.0169135964337222	-0.006031204929854383	0.025173724924609963	-0.01927363314540447	-0.0169135964337222	34188949
2022-01-05	0.012075371549893799	0.0005307855626327793	0.05931528662420381	-0.008227176220806855	0.012075371549893799	61369922
2022-01-04	0.020999864517003076	0.0025741769407938994	0.02289662647337756	-0.0028451429345618204	0.020999864517003076	31040801
2021-12-31	-0.002028123309897127	-0.0008112493239587354	0.006489994591671228	-0.015954570037858204	-0.002028123309897127	21673393
2021-12-30	-0.0006755843804892766	-0.00013511687609789373	0.006620726928793337	-0.01121470071611942	-0.0006755843804892766	21829008
2021-12-29	-0.015562649640861953	-0.0023942537909019262	0.004921521681298089	-0.019021016227720226	-0.015562649640861953	21584258
2021-12-28	0.02915811088295701	0.0	0.032991101984941776	0.0	0.02915811088295701	51272047
2021-12-27	0.012333702882483378	0.000554323725055519	0.025498891352549936	-0.0036031042128601845	0.012333702882483378	27562336
2021-12-24	0.004035063308751802	-0.007513566161124339	0.0052873243356058915	-0.014470571865869017	0.004035063308751802	16377482
2021-12-23	0.004753250384454123	-0.006151265203411124	0.018733398574024934	-0.007409478540472545	0.004753250384454123	19654181
2021-12-22	-0.0016748080949058554	-0.002791346824843026	0.003489183531053733	-0.022609909281228253	-0.0016748080949058554	22483108
2021-12-21	0.02915828784831946	-0.00014363688595238602	0.03605285837403032	-0.001723642631427816	0.02915828784831946	31759660
2021-12-20	0.013391557496361015	0.002620087336244434	0.023871906841339163	0.0016011644832605448	0.013391557496361015	20657979
2021-12-17	-0.02414772727272731	-0.004403409090909123	-0.0019886363636363717	-0.02414772727272731	-0.02414772727272731	20467841
2021-12-16	0.0007107320540157977	0.0014214641080313936	0.00753375977256576	-0.00753375977256576	0.0007107320540157977	15360353
2021-12-15	-0.009852216748768513	-0.000844475721323044	0.005066854327938064	-0.012244897959183538	-0.009852216748768513	16566927
2021-12-14	-0.026045236463331126	-0.009595613433858846	-0.006442769019876612	-0.026045236463331126	-0.026045236463331126	25330123
2021-12-13	0.014603616133518736	0.011821974965229406	0.04687065368567441	0.008623087621696666	0.014603616133518736	54392976
2021-12-10	-0.004430905566325023	-0.007754084741068988	0.002492384381057973	-0.021046801440044255	-0.004430905566325023	29774271
2021-12-09	0.031861694527789745	0.021574510644377844	0.03943420488641242	0.012716102300328628	0.031861694527789745	58720574
2021-12-08	-0.0034173430158053407	0.0022782286772034255	0.0031325644311547608	-0.017513882956001765	-0.0034173430158053407	24448618
2021-12-07	0.024208837684118578	0.0077293276943269824	0.026688056001166877	0.0077293276943269824	0.024208837684118578	45996100
2021-12-06	0.020994639666468085	0.0	0.024121500893388992	-0.0007444907683144306	0.020994639666468085	28156018
2021-12-03	-0.008562149394744588	-0.00044286979627991053	-0.00044286979627991053	-0.015648066135222734	-0.008562149394744588	21709179
2021-12-02	-0.006161971830985941	-0.011443661971831004	-0.0027875586854459763	-0.015404929577464747	-0.006161971830985941	17292840
2021-12-01	0.005606373561522506	-0.0016228976099144207	0.006196518146946027	-0.008557096488639691	0.005606373561522506	18010101
2021-11-30	-0.0057209916385506905	-0.004547454892181345	0.014375825143024849	-0.0073346046648085665	-0.0057209916385506905	19543671
2021-11-29	-0.009300973695683775	-0.011916872547594933	-0.0033425374218864112	-0.015840720825461466	-0.009300973695683775	20002100
2021-11-26	-0.004772924501012413	-0.002024877061035588	0.00448365634943596	-0.008099508244142352	-0.004772924501012413	14048378
2021-11-25	-0.014397719173200357	-0.0021382751247327964	-0.0021382751247327964	-0.015253029223093476	-0.014397719173200357	18110345
2021-11-24	0.009788397869584091	0.009788397869584091	0.012955232474449485	-0.006477616237224743	0.009788397869584091	25270993
2021-11-23	-0.006862044317369607	-0.00014295925661193874	-0.00014295925661193874	-0.0132952108649036	-0.006862044317369607	22415718
2021-11-22	-0.0007142857142856737	-0.0038571428571428003	0.0040000000000000166	-0.007142857142857143	-0.0007142857142856737	22966239
2021-11-19	-0.0031330105383081583	0.0	0.003987467957846783	-0.012959270863001946	-0.0031330105383081583	25102995
2021-11-18	-0.026209957010123432	-0.0038829565940923746	-0.0037442795728747195	-0.02953820551934538	-0.026209957010123432	19413431
2021-11-17	-0.008524680324487893	-0.006599752509280956	0.006462257665337534	-0.016636876117145715	-0.008524680324487893	14390330
2021-11-16	0.0034492273730684325	0.007174392935982285	0.014072847682119149	-0.0012417218543046827	0.0034492273730684325	21140190
2021-11-15	0.0042954136067618436	-0.0023555493972565013	0.011500623527781603	-0.009283635859775553	0.0042954136067618436	21497317
2021-11-12	0.0018045530260965498	-0.002220988339811366	0.025541365907828833	-0.006107717934481009	0.0018045530260965498	26614392
2021-11-11	0.03535498706524875	-0.00560505892497845	0.03995400977292327	-0.00977292325380846	0.03535498706524875	36332028
2021-11-10	0.008405797101449251	-0.004492753623188439	0.011594202898550683	-0.014202898550724695	0.008405797101449251	23735791
2021-11-09	-0.020442930153321943	-0.001277683134582672	-0.001277683134582672	-0.029386712095400246	-0.020442930153321943	22767037
2021-11-08	-0.004381625441696145	-0.0016961130742050112	0.002968197879858569	-0.013427561837455871	-0.004381625441696145	14960996
2021-11-05	0.00042420814479639615	-0.005797511312217146	0.01541289592760186	-0.013150452488687679	0.00042420814479639615	18630632
2021-11-04	0.020196191575303026	0.009809578765147244	0.027697634160415492	0.002452394691286811	0.020196191575303026	23674066
2021-11-03	-0.02104222567433991	-0.011015393306030238	0.009744386386103625	-0.02104222567433991	-0.02104222567433991	22136290
2021-11-02	-0.02746875429199286	0.0	0.007965938744677905	-0.03337453646477141	-0.02746875429199286	33979598
2021-11-01	0.05874654645921196	0.036353060927730114	0.07488730551112413	0.02733750181765319	0.05874654645921196	74811069
2021-10-29	0.009541984732824301	-0.010129183793305897	0.020258367586611793	-0.012037580739870924	0.009541984732824301	28202116
2021-10-28	0.01671641791044783	-0.007462686567164179	0.0201492537313432	-0.01432835820895513	0.01671641791044783	27797860
2021-10-27	-0.043130534133104775	-0.01371036846615244	-0.008140531276777966	-0.043130534133104775	-0.043130534133104775	67849700
2021-10-26	-0.03287292817679571	-0.008977900552486266	-0.0058011049723757134	-0.03287292817679571	-0.03287292817679571	39644810
2021-10-25	-0.02818791946308717	-0.006845637583892686	-0.0026845637583892998	-0.03892617449664437	-0.02818791946308717	43058106
2021-10-22	0.06917336394948324	0.004161882893226062	0.07634902411021803	0.003874856486796728	0.06917336394948324	81947936
2021-10-21	0.023652122814749724	0.003085059497576142	0.025268106361099062	-0.00044072278536781153	0.023652122814749724	20597302
2021-10-20	-0.025901545506582746	0.0017172295363480903	0.008872352604464862	-0.026617057813394383	-0.025901545506582746	30276609
2021-10-19	0.0037345590347599954	-0.004452743464521722	0.0120654984199941	-0.008187302499281922	0.0037345590347599954	18104497
2021-10-18	-0.019436619718309796	0.0	0.0	-0.028169014084507043	-0.019436619718309796	21901873
2021-10-15	0.012405532582347136	0.012405532582347136	0.0235277342078997	0.0032796235562527307	0.012405532582347136	20425107
2021-10-14	-0.012253521126760628	0.00042253521126762165	0.008732394366197247	-0.019014084507042173	-0.012253521126760628	16233358
2021-10-13	-0.008656799776598778	0.0053057805082378584	0.008377548170901902	-0.019128734990226257	-0.008656799776598778	16055890
2021-10-12	0.00759707371975248	0.0004220596510973711	0.021102982554867755	-0.014068655036578503	0.00759707371975248	21599019
2021-10-11	-0.019586206896551748	0.0027586206896552117	0.00827586206896544	-0.019586206896551748	-0.019586206896551748	23449247
2021-10-08	0.041666666666666755	0.008620689655172537	0.04281609195402305	0.0021551724137931854	0.041666666666666755	41613373
2021-09-30	-0.009534652056354087	0.0	0.012238508609648492	-0.010957734452824762	-0.009534652056354087	21879116
2021-09-29	0.0	-0.004553863668706321	0.008965419097765898	-0.014088515725060409	0.0	29530820
2021-09-28	0.022852983988355068	-0.009170305676856035	0.026200873362445372	-0.020232896652110633	0.022852983988355068	34751438
2021-09-27	0.022321428571428572	-0.00014880952380959993	0.04747023809523806	-0.006398809523809625	0.022321428571428572	33266460
2021-09-24	0.00613864350950736	-0.004341967360383384	0.02111094475220836	-0.010480610869890744	0.00613864350950736	27372409
2021-09-23	0.010744552058111501	0.010290556900726496	0.01543583535108953	-0.0012106537530266086	0.010744552058111501	19943038
2021-09-22	-0.031936712569586974	-0.01845883387049524	-0.01406387342513929	-0.03486668619982434	-0.031936712569586974	23967787
2021-09-17	0.03502653525398032	0.0062168309325245875	0.035329795299469266	0.0021228203184230562	0.03502653525398032	26097737
2021-09-16	-0.008568851473241029	0.0	0.009921828021647788	-0.010823812387251937	-0.008568851473241029	29466222
2021-09-15	-0.027911734619319166	-0.006137658921525671	-0.00014613473622687584	-0.03843343562764883	-0.027911734619319166	39630658
2021-09-14	-0.03592561284868973	0.00028176951253868724	0.005917159763313633	-0.03902507748661609	-0.03592561284868973	30703335
2021-09-13	-0.01961325966850831	-0.0011049723756907804	0.004005524861878343	-0.02306629834254146	-0.01961325966850831	21293772
2021-09-10	0.0052763121355180465	0.0	0.013607331296862039	-0.0127742293807276	0.0052763121355180465	21079581
2021-09-09	-0.009625962596259665	0.0	0.008663366336633602	-0.02048954895489542	-0.009625962596259665	22350846
2021-09-08	-0.004108463434675393	-0.00027389756231164093	0.008627773212818539	-0.011092851273623696	-0.004108463434675393	26682359
2021-09-07	0.01247920133111469	0.00804215196894063	0.02509706045479759	-0.004298391569606243	0.01247920133111469	38937022
2021-09-06	0.02969731581953167	0.0011422044545973484	0.04568817818389475	0.0009994288977726038	0.02969731581953167	39610616
2021-09-03	0.01228501228501241	-0.0031796502384737516	0.013585778291660612	-0.014308426073131882	0.01228501228501241	28680784
2021-09-02	0.0005784526391900512	0.00621836587129418	0.00621836587129418	-0.018799710773680568	0.0005784526391900512	42761283
2021-09-01	0.04772727272727281	0.007727272727272805	0.058333333333333244	-0.01242424242424232	0.04772727272727281	54120472
2021-08-31	0.00030312215822970626	-0.0012124886329190404	0.028948166110942655	-0.01091239769627158	0.00030312215822970626	31964102
2021-08-30	-0.026843657817109044	0.0022123893805310576	0.004572271386430712	-0.036725663716814086	-0.026843657817109044	45344420
2021-08-27	-0.0019137347269249177	0.0	0.015457088179007759	-0.008096569998528064	-0.0019137347269249177	24556080
2021-08-26	-0.017642805495300055	-0.00014461315979761555	0.0072306579898770785	-0.023716558206796825	-0.017642805495300055	30560914
2021-08-25	-0.019148936170212686	-0.005673758865248308	0.002836879432624154	-0.02127659574468085	-0.019148936170212686	25351879
2021-08-24	-0.001557852995326433	-0.005806542982580323	0.007647641977057163	-0.03441438889675673	-0.001557852995326433	38744022
2021-08-23	-0.019305555555555562	-0.004166666666666628	0.00763888888888885	-0.025972222222222285	-0.019305555555555562	24216401
2021-08-20	0.0008340283569641684	-0.01320544898526554	0.007645259938837881	-0.029886016124548116	0.0008340283569641684	30129822
2021-08-19	-0.03436241610738258	0.006174496644295218	0.010469798657718136	-0.03530201342281873	-0.03436241610738258	32866221
2021-08-18	0.014986376021798286	-0.00013623978201641847	0.021798365122615723	-0.009536784741144453	0.014986376021798286	32617317
2021-08-17	-0.02120282704360567	-0.0001333511134816763	0.006800906787571745	-0.025070009334577883	-0.02120282704360567	41410311
2021-08-16	0.04720011171624069	0.0	0.05362379555927948	-0.0022343248149699286	0.04720011171624069	66305582
2021-08-13	0.009729272419627717	0.0	0.014946418499718023	-0.01579244218838134	0.009729272419627717	30301304
2021-08-12	-0.014041429167246003	-0.00597803419991668	0.007507298762685834	-0.018490198804393333	-0.014041429167246003	30539265
2021-08-11	-0.012628689087165237	-0.0070006863417980915	0.009608785175017199	-0.013452299245023882	-0.012628689087165237	28560714
2021-08-10	0.0052435490547812266	-0.005105560921760791	0.0052435490547812266	-0.022630053815371885	0.0052435490547812266	32371545
2021-08-09	0.03013503909026304	-0.010660980810234543	0.04477611940298516	-0.013930348258706324	0.03013503909026304	51361921
2021-08-06	0.0064377682403431846	0.0014306151645206624	0.016452074391988432	-0.026466380543633882	0.0064377682403431846	34481766
2021-08-05	-0.0012858979854263352	-0.007715387912558824	0.02314616373767688	-0.012858979854264775	-0.0012858979854263352	45338268
2021-08-04	-0.013113367174280976	-0.007332205301748392	0.01071630005640165	-0.01677946982515507	-0.013113367174280976	42636229
2021-08-03	0.07324455205811144	-0.008777239709443073	0.09352300242130761	-0.013619854721549508	0.07324455205811144	89992768
2021-08-02	0.040466068335695174	-0.00015745551881590316	0.04959848842701935	-0.014643363249881905	0.040466068335695174	54445260
2021-07-30	0.00331753554502371	-0.0033175355450235982	0.012322274881516606	-0.021169036334913054	0.00331753554502371	41977874
2021-07-29	0.00031605562579007615	0.019279393173198465	0.019279393173198465	-0.010271807838179497	0.00031605562579007615	39271265
2021-07-28	0.030618892508143366	0.0	0.03908794788273613	-0.004723127035830605	0.030618892508143366	47782907
2021-07-27	-0.050711193568336546	-0.0001546072974645194	0.004638218923933166	-0.050711193568336546	-0.050711193568336546	61869875
2021-07-26	-0.03405017921146934	-0.020609318996415705	-0.013291517323775398	-0.04614695340501787	-0.03405017921146934	57012881
2021-07-23	-0.019619326500732115	0.0	0.008491947291361615	-0.02620790629575391	-0.019619326500732115	42451336
2021-07-22	0.004559494043241687	0.0	0.027945286071481185	-0.01485512575378719	0.004559494043241687	42883759
2021-07-21	-0.023272518316333927	0.0015802327251831553	0.004453383134607129	-0.025858353684815358	-0.023272518316333927	51518657
2021-07-20	-0.007556315939549489	-0.006843455945252409	0.0011405759908753677	-0.01611063587111485	-0.007556315939549489	23094780
2021-07-19	0.006312769010043009	0.0012912482065997619	0.008608321377331338	-0.015781922525107725	0.006312769010043009	30561168
2021-07-16	-0.020654770268371488	0.0018266123366586407	0.0018266123366586407	-0.03330054798370106	-0.020654770268371488	45691025
2021-07-15	-0.011527777777777755	0.0	0.004861111111111032	-0.019305555555555562	-0.011527777777777755	31970243
2021-07-14	-0.01098901098901095	-0.00480769230769223	0.0	-0.017032967032966962	-0.01098901098901095	33405515
2021-07-13	0.029702970297029622	0.0011315417256011074	0.037199434229137136	-0.0016973125884017616	0.029702970297029622	47453241
2021-07-12	0.02167630057803468	0.00635838150289014	0.033236994219653135	-0.00404624277456649	0.02167630057803468	40495549
2021-07-09	-0.011428571428571389	-0.006428571428571469	0.00828571428571426	-0.018428571428571516	-0.011428571428571389	29079830
2021-07-08	-0.005540559738599241	-0.005540559738599241	0.005682625372922371	-0.021736042051427776	-0.005540559738599241	35977037
2021-07-07	0.02594373997959483	0.004955545838799058	0.04868095029879031	0.0	0.02594373997959483	55959761
2021-07-06	0.006011730205278542	-0.007917888563049945	0.016862170087976414	-0.02038123167155426	0.006011730205278542	41063662
2021-07-05	-0.040787623066103965	-0.011533052039381058	-0.010267229254570884	-0.06075949367088598	-0.040787623066103965	78081102
2021-07-02	-0.029219006007646105	-0.008328782086291637	-0.006690333151283382	-0.035226652102676115	-0.029219006007646105	40318436
2021-07-01	0.026201485217878524	-0.0009808042594928875	0.028303208631077426	-0.011349306431273675	0.026201485217878524	44641783
2021-06-30	-0.0012594458438285644	-0.0050377833753148535	0.006157290792051665	-0.008536244052616842	-0.0012594458438285644	28444413
2021-06-29	-0.02390383827345991	0.0077858216090699005	0.008059008332195102	-0.026908892227837714	-0.02390383827345991	34979911
2021-06-28	0.0005466721333878918	0.00013666803334707006	0.009976766434331064	-0.009156758234249033	0.0005466721333878918	30684568
2021-06-25	-0.000409836065573786	0.0050546448087430374	0.00792349726775954	-0.008469945355191319	-0.000409836065573786	41255201
2021-06-24	0.00041000410004101594	0.018176848435150994	0.018176848435150994	-0.0062867295339621146	0.00041000410004101594	28702816
2021-06-23	0.026515151515151523	-0.0009820426487094191	0.02819865319865327	-0.008136924803591445	0.026515151515151523	43404358
2021-06-22	-0.009999999999999985	-0.00138888888888881	0.012222222222222159	-0.01555555555555562	-0.009999999999999985	41034169
2021-06-21	-0.024390243902438987	0.0002710027100270464	0.0004065040650406658	-0.035636856368563626	-0.024390243902438987	47738643
2021-06-18	0.004628369180506445	-0.0017696705690170905	0.01020963789817588	-0.017696705690171486	0.004628369180506445	38817863
2021-06-17	-0.020533333333333417	0.0026666666666667047	0.004399999999999977	-0.022666666666666703	-0.020533333333333417	29929238
2021-06-16	0.024030584380120224	0.009011469142545206	0.027580557072638043	-0.0005461496450026222	0.024030584380120224	44970185
2021-06-15	-0.010270270270270339	-0.0017567567567566952	0.006756756756756757	-0.02702702702702703	-0.010270270270270339	44590030
2021-06-11	-0.018567639257294502	0.0	0.002652519893899053	-0.025066312997347486	-0.018567639257294502	46521367
2021-06-10	-0.0025135599947082644	0.0014552189443047946	0.004630242095515205	-0.009128191559730093	-0.0025135599947082644	32075563
2021-06-09	-0.005656406208892299	0.0032886082609839516	0.007892659826361597	-0.010786635096027272	-0.005656406208892299	25138005
2021-06-08	-0.009898411044542916	0.0015629070070331407	0.006772597030476635	-0.01497785881740044	-0.009898411044542916	32089344
2021-06-07	-0.01222179338736656	0.0002573009134181914	0.0005146018268363828	-0.020326772160041147	-0.01222179338736656	27727499
2021-06-04	-0.0025664057487489135	-0.006672654946747211	0.0073142563839342116	-0.017964840241242213	-0.0025664057487489135	28306603
2021-06-03	-0.019748427672955888	0.0	0.004276729559748471	-0.02540880503144649	-0.019748427672955888	41669046
2021-06-02	-0.008357240863165794	-0.009604590245727778	-0.008357240863165794	-0.02083073468878635	-0.008357240863165794	34284654
2021-06-01	-0.010246913580246892	-0.0011111111111111532	-0.0011111111111111532	-0.020740740740740823	-0.010246913580246892	47337082
2021-05-31	-0.01853871319520176	0.002059857021689103	0.002059857021689103	-0.03380588876772091	-0.01853871319520176	52395101
2021-05-28	-0.016328963051251543	-0.007389749702026276	-0.007270560190703211	-0.022646007151370745	-0.016328963051251543	38741514
2021-05-27	-0.005099015771374275	0.007826396300248981	0.008300723348748996	-0.010672358591248566	-0.005099015771374275	29615660
2021-05-26	0.012608069164265096	0.007444764649375655	0.020533141210374563	-0.009966378482228606	0.012608069164265096	36038191
2021-05-25	0.01313868613138684	0.009367396593673917	0.024330900243309	0.0017031630170316371	0.01313868613138684	41746744
2021-05-24	0.007970570202329929	0.013243408951563437	0.017780502759043568	-0.007357449417535185	0.007970570202329929	36014944
2021-05-21	0.010532837670384067	0.004956629491945371	0.029739776951672757	0.002106567534076849	0.010532837670384067	50222428
2021-05-20	0.04357946463209627	0.021595758437863724	0.04564851933272988	0.003103582050950406	0.04357946463209627	73533093
2021-05-19	-0.006551901336074063	-0.01014902363823235	-0.0010277492291880562	-0.01721479958890035	-0.006551901336074063	22505269
2021-05-18	-0.007142857142857171	0.01785714285714275	0.020408163265306048	-0.015306122448979626	-0.007142857142857171	26855515
2021-05-17	0.025641025641025744	0.007326007326007356	0.038069073783359456	0.005756148613291441	0.025641025641025744	41809230
2021-05-14	0.017165668662674542	0.0019960079840318223	0.018895542248835495	-0.020359281437125763	0.017165668662674542	30481113
2021-05-13	-0.027436262456321865	-0.014882878219231158	-0.009965057590267841	-0.02937750744143906	-0.027436262456321865	32950762
2021-05-12	-0.013658412050038388	0.00714832780188923	0.00714832780188923	-0.02412560633137606	-0.013658412050038388	27341035
2021-05-11	0.004358974358974403	-0.010769230769230812	0.01282051282051282	-0.018076923076923032	0.004358974358974403	27333464
2021-05-10	0.03889184869472565	0.009989344698987747	0.05487480021310608	0.009989344698987747	0.03889184869472565	54943986
2021-05-07	-0.03197524497163491	-0.0020629190304280115	-0.00012893243940181943	-0.03300670448684892	-0.03197524497163491	43729514
2021-05-06	-0.03255581888486964	-0.023200698515654226	-0.004989397530248294	-0.03342896345266318	-0.03255581888486964	49115946
2021-04-30	-0.039074673378880556	0.015222342083183458	0.015222342083183458	-0.043509528946422266	-0.039074673378880556	58237700
2021-04-29	0.023053341508277248	0.0062538320049050295	0.033108522378908684	0.00392397302268556	0.023053341508277248	29815963
2021-04-28	0.010282457879088186	0.003468780971258686	0.012140733399405402	-0.007928642220019828	0.010282457879088186	17902575
2021-04-27	0.008621766837435933	-0.0007497188554292424	0.019992502811445635	-0.01037111083343744	0.008621766837435933	19000053
2021-04-26	-0.04567135702361076	0.004531361793465245	0.013594085380395905	-0.047102313379441964	-0.04567135702361076	41802919
2021-04-23	0.04498442367601246	0.002118380062305317	0.04672897196261682	0.00012461059190037527	0.04498442367601246	45141558
2021-04-22	0.008165829145728715	0.00025125628140716373	0.008668341708542865	-0.007412060301507402	0.008165829145728715	23096878
2021-04-21	-0.017041244751790686	-0.012101753519387552	-0.005927389478883723	-0.018276117559891378	-0.017041244751790686	25190606
2021-04-20	-0.00844863474960203	-0.0072241949308191914	-0.0020815476919309626	-0.020080813028039678	-0.00844863474960203	23153386
2021-04-19	0.022152690863579422	0.0012515644555693905	0.027659574468085025	-0.011264080100125227	0.022152690863579422	26759356
2021-04-16	-0.004733432984554004	0.0002491280518185852	0.003986048829098071	-0.017189835575485743	-0.004733432984554004	15347818
2021-04-15	0.0018719580681393448	0.0	0.010857356795207844	-0.014601272931486357	0.0018719580681393448	17445281
2021-04-14	0.018299656881433445	0.003558266615834301	0.024653704409708956	0.0025416190113102407	0.018299656881433445	21069229
2021-04-13	-0.007692307692307686	-0.004413619167717457	0.0065573770491802776	-0.014880201765447574	-0.007692307692307686	21362828
2021-04-12	-0.014294592914854017	-0.0018645121193288463	0.010068365444375416	-0.018023617153511532	-0.014294592914854017	25277487
2021-04-09	-0.02697145621673928	0.003628447024673405	0.003628447024673405	-0.029511369134010784	-0.02697145621673928	32238556
2021-04-08	-0.00048355899419719585	-0.0025386847195357077	0.002417794970986495	-0.009308510638297825	-0.00048355899419719585	18211406
2021-04-07	-0.019672908272102354	0.0	0.0013036264517658146	-0.029627873903768667	-0.019672908272102354	29977466
2021-04-06	-0.03133968545517167	0.0005739869130983487	0.006773045574560939	-0.03570198599471931	-0.03133968545517167	25766840
2021-04-02	0.019665222989582027	0.0008193842912325082	0.03593585391548628	-0.00620390963361818	0.019665222989582027	29152538
2021-04-01	0.03891523774778065	-0.00279703271312178	0.04438769305606216	-0.005229235072358103	0.03891523774778065	35204512
2021-03-31	-0.0029101491451436266	0.004001455074572551	0.0061840669334304	-0.014793258154480404	-0.0029101491451436266	27352508
2021-03-30	0.012274456855284154	0.004787038173560827	0.02479440284767394	-0.004418804467902288	0.012274456855284154	35197152
2021-03-29	-0.006584562858188102	-0.0006096817461286594	0.005609072064382316	-0.012315571271796184	-0.006584562858188102	29453524
2021-03-26	0.01648487853247395	0.0052057511155179405	0.022558254833911665	-0.008924144769459755	0.01648487853247395	31083020
2021-03-25	-0.012242899118511263	-0.007468168462292037	-0.002203721841332111	-0.029138099902056923	-0.012242899118511263	24752483
2021-03-24	0.00257763593960977	0.0003682337056585386	0.012397201423837058	-0.0025776359396095954	0.00257763593960977	23536758
2021-03-23	-0.022907171983689096	0.0	0.0007195970256656546	-0.02770448548812668	-0.022907171983689096	36969597
2021-03-22	-0.02262337357871301	-0.003751025671082023	0.0025788301488688177	-0.03528308521861452	-0.02262337357871301	31409285
2021-03-19	-0.01614577326721245	-0.01972090877638097	-0.0012685964709952652	-0.026755852842809288	-0.01614577326721245	30529185
2021-03-18	0.0314024027596051	0.010824313072439763	0.03485190912334967	0.008683240157012061	0.0314024027596051	34703588
2021-03-17	0.018043109711794562	-0.006902397674981753	0.02058609832889323	-0.01477355291838216	0.018043109711794562	37095228
2021-03-16	0.00340218712029163	0.001336573511543128	0.008869987849331762	-0.00911300121506683	0.00340218712029163	34926115
2021-03-15	-0.04257794322940899	-0.01337831549557924	-0.01302931596091194	-0.057701256398324734	-0.04257794322940899	49051385
2021-03-12	0.00011634671320524612	0.0002326934264106576	0.024200116346713183	-0.00860965677719615	0.00011634671320524612	32364532
2021-03-11	0.027372699019842295	0.010996892182644056	0.03394692804207511	-0.0019125029882858784	0.027372699019842295	40811644
2021-03-10	0.020368337602146624	0.024515184778631606	0.03256494694474938	0.0007317965605561932	0.020368337602146624	47316765
2021-03-09	-0.04105263157894743	-0.00994152046783619	-0.007017543859649056	-0.04444444444444441	-0.04105263157894743	56896333
2021-03-08	-0.0446927374301676	-0.0111731843575419	0.002346368715083729	-0.045363128491620136	-0.0446927374301676	48829340
2021-03-05	-0.004449388209121309	-0.025917686318131395	0.004115684093437044	-0.0430478309232481	-0.004449388209121309	40948709
2021-03-04	-0.03839982885870135	-0.013584340571184041	-0.009733661354155489	-0.043320141191571265	-0.03839982885870135	44634820
2021-03-03	-0.0003207869974337162	-0.008447390932420787	0.0021385799828913905	-0.021599657827202697	-0.0003207869974337162	33059187
2021-03-02	0.0020357869923925613	0.016500589306761022	0.02689381763634421	-0.006750241080038524	0.0020357869923925613	47339822
2021-03-01	0.0026858616244091107	0.003437902879243741	0.023850451224752888	-0.013429308122045552	0.0026858616244091107	37084402
2021-02-26	-0.00915477964658292	-0.020651479667873087	0.00585480093676812	-0.031083670427932742	-0.00915477964658292	60112303
2021-02-25	-0.01136602820458849	-0.0012628920227319548	0.008103557145864136	-0.030730372553146725	-0.01136602820458849	41637020
2021-02-24	0.04486474598636462	0.05674070815922583	0.08423136133714533	0.023971849571145887	0.04486474598636462	100354633
2021-02-23	0.005528527200353826	-0.015369305616983643	0.017249004865103962	-0.017801857585139313	0.005528527200353826	60475531
2021-02-22	-0.07704867843657513	-0.007245637309929521	-0.007245637309929521	-0.07766098581487907	-0.07704867843657513	90398609
2021-02-19	-0.0031536113936928003	-0.033468972533061976	0.0003051881993896352	-0.033468972533061976	-0.0031536113936928003	69387709
2021-02-18	-0.08225189057977782	9.336196433577739e-05	0.0023340491083932405	-0.09438894594342265	-0.08225189057977782	94042908
2021-02-10	0.051128557409224666	0.01000981354268887	0.059862610402355194	-0.003925417075564334	0.051128557409224666	53679907
2021-02-09	0.0542106352162219	0.009621353196772263	0.0542106352162219	0.002379474446513594	0.0542106352162219	53712247
2021-02-08	-0.006066838046272529	0.00010282776349619656	0.002570694087403599	-0.02930591259640097	-0.006066838046272529	37743563
2021-02-05	0.008817427385892057	0.006016597510373426	0.02043568464730289	-0.014522821576763543	0.008817427385892057	37262393
2021-02-04	-0.0126997132322818	-0.013826300696435829	-0.0005120852109790779	-0.02468250716919292	-0.0126997132322818	36486402
2021-02-03	-0.009535402718604157	0.009332521809697725	0.01846216271048902	-0.024142828159870112	-0.009535402718604157	32395536
2021-02-02	0.0038696537678207274	-0.0081466395112016	0.020366598778004074	-0.0081466395112016	0.0038696537678207274	31544355
2021-02-01	0.019412436416485046	0.0	0.022630540849164403	-0.017336240008304804	0.019412436416485046	28606271
2021-01-29	0.012295081967213134	0.0019966372425388582	0.027637662883564625	-0.015552753257671184	0.012295081967213134	37246508
2021-01-28	-0.02848392036753452	-0.014497192445125082	-0.00980091883614097	-0.03522205206738135	-0.02848392036753452	31057214
2021-01-27	0.00010210332856856357	-0.008678782928323405	0.019399632428017212	-0.01592811925668779	0.00010210332856856357	28326851
2021-01-26	-0.0396156109040989	-0.009609727397528967	-0.009609727397528967	-0.04785252010198087	-0.0396156109040989	40767026
2021-01-25	0.014020085512578412	0.004275628915183523	0.022869643034702312	-0.018594014119518647	0.014020085512578412	37735992
2021-01-22	0.0046953046953046845	-0.0009990009990009422	0.014285714285714355	-0.020079920079919992	0.0046953046953046845	30775582
2021-01-21	0.03967594515995007	0.009970918155380076	0.04902368093061901	0.007374324885749831	0.03967594515995007	40930171
2021-01-20	0.015076436478650574	0.012124406958355358	0.03447548761201909	0.006852925672113925	0.015076436478650574	32202327
2021-01-19	-0.04307909604519784	0.005750605326876444	0.009987893462469682	-0.046811945117029866	-0.04307909604519784	42307807
2021-01-18	-0.005717724947336676	-0.003009328919650889	0.005918346875313506	-0.021867790149463263	-0.005717724947336676	28677180
2021-01-15	0.0009036144578313596	-0.005722891566264992	0.0057228915662651345	-0.028313253012048126	0.0009036144578313596	35743823
2021-01-14	-0.03619121347009879	0.0025159667118249554	0.010160634797754956	-0.03822334042964973	-0.03619121347009879	37381528
2021-01-13	-0.00730067243035534	0.00864553314121043	0.015465898174831887	-0.019788664745436967	-0.00730067243035534	34348739
2021-01-12	0.030693069306930637	-0.006831683168316809	0.03247524752475248	-0.006831683168316809	0.030693069306930637	35529586
2021-01-11	-0.019512668672944423	0.0018444811183380033	0.012814289874769373	-0.02922046403261824	-0.019512668672944423	34189187
2021-01-08	-0.017267697004388363	-0.007822934554474272	-0.0011448196908985914	-0.03405838580423577	-0.017267697004388363	33069048
2021-01-07	0.038232963549920757	0.01030110935023778	0.046652139461172824	0.002377179080824179	0.038232963549920757	45140052
2021-01-06	-0.005712034666141545	0.014378570021666277	0.032105574157967214	-0.018613354343116017	-0.005712034666141545	36020338
