2024-12-31	-0.027134587554269174	0.0025325615050651334	0.005426917510853784	-0.027858176555716336	-0.027134587554269174	12238119
2024-12-30	-0.012504465880671592	-0.005001786352268561	0.010360843158270908	-0.020721686316541563	-0.012504465880671592	11920847
2024-12-27	0.009376126938333862	0.0	0.015867291741795936	-0.011900468806346983	0.009376126938333862	9968742
2024-12-26	-0.015619453319133874	-0.002129925452609239	0.008164714235001664	-0.01881434149804761	-0.015619453319133874	12049959
2024-12-25	-0.011578947368420993	-0.0007017543859648974	0.0007017543859648974	-0.028070175438596516	-0.011578947368420993	10154397
2024-12-24	0.0042283298097251934	0.0042283298097251934	0.009866102889358744	-0.0042283298097250685	0.0042283298097251934	8725201
2024-12-23	-0.051787504176411654	-0.004677581022385586	-0.0010023387905112309	-0.053458068827263665	-0.051787504176411654	17702681
2024-12-20	0.01492031197015942	-0.00033909799932173654	0.034927093930145856	-0.003390979993217968	0.01492031197015942	13717117
2024-12-19	-0.003716216216216317	-0.012837837837837924	0.0	-0.025337837837837836	-0.003716216216216317	13526187
2024-12-18	0.002370470707754835	0.00474094141550967	0.013545546901456098	-0.008804605485946547	0.002370470707754835	13846052
2024-12-17	-0.028937849391647452	-0.006576783952647132	-0.0036172311739559168	-0.0378165077277211	-0.028937849391647452	16309821
2024-12-16	0.012991339107261845	-0.0019986675549633153	0.026982011992005287	-0.021319120586275834	0.012991339107261845	24887385
2024-12-13	0.0036776997659645413	-0.009695753928451994	0.022734871280508183	-0.01404212637913747	0.0036776997659645413	27296127
2024-12-12	0.0016744809109176394	0.00569323509711995	0.00904219691895511	-0.01707970529135961	0.0016744809109176394	18232184
2024-12-11	-0.023864007845701224	-0.009480222294867576	0.006538084341287979	-0.041516835567178806	-0.023864007845701224	26584321
2024-12-10	-0.0019575856443718996	0.040783034257748776	0.04730831973898868	-0.008809135399673722	-0.0019575856443718996	35996915
2024-12-09	0.04643222942983952	0.018094912939569857	0.058040286787299396	0.002048480710140057	0.04643222942983952	34725842
2024-12-06	0.028080028080028106	-0.0007020007020006871	0.03720603720603729	-0.007020007020006995	0.028080028080028106	21609602
2024-12-05	0.02408339324227168	-0.0028756290438534094	0.03199137311286846	-0.0028756290438534094	0.02408339324227168	15182622
2024-12-04	-0.03737024221453281	-0.005882352941176407	-0.0020761245674740044	-0.04498269896193762	-0.03737024221453281	20142938
2024-12-03	-0.004478126076472702	-0.006200482259731303	0.002066827419910393	-0.018256975542542235	-0.004478126076472702	13472493
2024-12-02	0.007286606523247774	-0.007633587786259503	0.014920194309507277	-0.010062456627342094	0.007286606523247774	17634370
2024-11-29	0.006284916201117308	-0.011871508379888263	0.02409217877094964	-0.017108938547486102	0.006284916201117308	17383270
2024-11-28	-0.019849418206707676	0.011635865845311425	0.029089664613278627	-0.023613963039014297	-0.019849418206707676	21495478
2024-11-27	0.01458333333333327	-0.015624999999999976	0.016319444444444404	-0.04444444444444448	0.01458333333333327	24825801
2024-11-26	0.021638879035118814	-0.006385242993969482	0.04043987229514001	-0.017382050372472577	0.021638879035118814	29503001
2024-11-25	0.02546380502000738	0.009821753364860063	0.03637686431429611	-0.020007275372862756	0.02546380502000738	17363261
2024-11-22	-0.02862190812720856	-0.004593639575971697	0.026501766784452298	-0.028975265017667853	-0.02862190812720856	18729796
2024-11-21	0.005328596802841994	0.0007104795737123669	0.031971580817051586	-0.008525754884547014	0.005328596802841994	14647834
2024-11-20	0.02737226277372263	-0.0036496350364962726	0.041605839416058416	-0.00656934306569342	0.02737226277372263	17390377
2024-11-19	0.02621722846441945	0.004494382022471948	0.02771535580524352	-0.009363295880149813	0.02621722846441945	13777639
2024-11-18	-0.03365906623235613	0.016648570394498765	0.019905899384726772	-0.051393412956930805	-0.03365906623235613	23104940
2024-11-15	-0.0025270758122743786	0.010469314079422353	0.05559566787003607	-0.0036101083032490204	-0.0025270758122743786	30884052
2024-11-14	-0.045485871812543086	-0.007925568573397672	0.025499655410062095	-0.04858718125430738	-0.045485871812543086	21311530
2024-11-13	0.032740213523131605	-0.0010676156583630297	0.03736654804270452	-0.008540925266903985	0.032740213523131605	25314342
2024-11-12	-0.03103448275862064	0.0	0.00551724137931035	-0.04034482758620696	-0.03103448275862064	22867654
2024-11-11	0.03979921118680529	-0.005019720329867357	0.04087486554320547	-0.011115095016134897	0.03979921118680529	27994905
2024-11-08	-0.003216583273766971	0.013581129378127199	0.038241601143674066	-0.010007147962830634	-0.003216583273766971	25924333
2024-11-07	0.025659824046920795	-0.009164222873900292	0.028958944281524894	-0.0131964809384164	0.025659824046920795	25814097
2024-11-06	0.014880952380952462	-0.0014880952380952064	0.04873511904761913	-0.0026041666666666774	0.014880952380952462	39352997
2024-11-05	0.045101088646967345	-0.003888024883359171	0.04976671850699849	-0.005054432348366991	0.045101088646967345	34360468
2024-11-04	0.04893964110929851	0.0	0.05220228384991848	-0.00040783034257740663	0.04893964110929851	22205382
2024-11-01	-0.02232854864433807	0.0035885167464116195	0.005980861244019224	-0.02711323763955342	-0.02232854864433807	22639563
2024-10-31	0.0031999999999999316	0.0	0.03	-0.0035999999999999943	0.0031999999999999316	28346452
2024-10-30	-0.011075949367088653	-0.01028481012658234	0.008306962025316349	-0.020174050632911455	-0.011075949367088653	21581243
2024-10-29	-0.04890895410082759	0.0	0.012039127163280674	-0.05003762227238519	-0.04890895410082759	40116980
2024-10-28	-0.008208955223880687	-0.0029850746268657406	0.026119402985074598	-0.041044776119403034	-0.008208955223880687	40864711
2024-10-25	0.0464662241311988	0.0011714174150722818	0.06598984771573609	-0.01991409605622796	0.0464662241311988	43114796
2024-10-24	0.014257425742574235	-0.013861386138613917	0.038811881188118826	-0.02693069306930692	0.014257425742574235	35916519
2024-10-23	-0.04319818112921563	-0.018188707843880273	-0.01780977643046604	-0.05456612353164082	-0.04319818112921563	42092242
2024-10-22	0.05602240896358552	-0.001600640256102407	0.08403361344537821	-0.006802721088435301	0.05602240896358552	54425982
2024-10-21	0.025862068965517203	0.0	0.04474548440065681	-0.008620689655172448	0.025862068965517203	31252035
2024-10-18	0.05045278137128064	-0.004743423889607718	0.0767572229409227	-0.01724881414402769	0.05045278137128064	32434998
2024-10-17	0.0008631851532153463	0.003452740612861385	0.024600776866637752	-0.002157962883038442	0.0008631851532153463	20444487
2024-10-16	-0.011518771331058001	-0.01877133105802053	0.010238907849829284	-0.024744027303754343	-0.011518771331058001	17414017
2024-10-15	-0.01924686192468608	-0.0029288702928870415	0.01799163179916317	-0.028451882845188275	-0.01924686192468608	24323844
2024-10-14	0.010143702451394693	-0.002113271344040605	0.014370245139475903	-0.02789518174133559	0.010143702451394693	29368694
2024-10-11	-0.04979919678714854	-0.002008032128513942	-0.002008032128513942	-0.06827309236947789	-0.04979919678714854	22394885
2024-10-10	0.001206272617611483	0.01527945315641331	0.045436268596702814	-0.013268998793727456	0.001206272617611483	27686864
2024-10-09	-0.1586603518267929	-0.06461434370771313	-0.05683355886332882	-0.1586603518267929	-0.1586603518267929	50550371
2024-10-08	0.12310030395136771	0.19908814589665647	0.19908814589665647	0.021276595744680802	0.12310030395136771	62525540
2024-09-30	0.14684095860566454	0.045751633986928136	0.15468409586056647	0.025272331154684177	0.14684095860566454	52886695
2024-09-27	0.07042910447761185	0.025186567164179063	0.0928171641791044	0.012126865671641698	0.07042910447761185	36522625
2024-09-26	0.06613625062158139	-0.0044753853804077506	0.07061163600198915	-0.0059671805072103925	0.06613625062158139	23429915
2024-09-25	0.023409669211195975	0.012722646310432571	0.05139949109414767	0.012722646310432571	0.023409669211195975	18580567
2024-09-24	0.041335453100158855	0.009538950715421287	0.04186539480657123	-0.004769475357710644	0.041335453100158855	14066544
2024-09-23	-0.0073645449763282776	-0.003156233561283654	0.0047343503419252945	-0.009468700683850776	-0.0073645449763282776	6525042
2024-09-20	0.00795334040296936	-0.0021208907741250872	0.011664899257688169	-0.01802757158006362	0.00795334040296936	9741252
2024-09-19	0.03285870755750262	0.00876232201533407	0.05147864184008749	-0.0021905805038336637	0.03285870755750262	12531599
2024-09-18	-0.006528835690968305	0.0010881392818280508	0.0010881392818280508	-0.016866158868335077	-0.006528835690968305	4195448
2024-09-13	-0.002171552660152155	0.0010857763300759812	0.007057546145493973	-0.006514657980456079	-0.002171552660152155	5254044
2024-09-12	-0.013918629550321093	0.0	0.013918629550321283	-0.016059957173447575	-0.013918629550321093	7522242
2024-09-11	-0.0069112174375331745	-0.0005316321105793732	0.004784688995215304	-0.009569377990430608	-0.0069112174375331745	5269851
2024-09-10	0.0	-0.0015948963317383086	0.01222753854332804	-0.019138755980861216	0.0	6382996
2024-09-09	0.0048076923076923	-0.006410256410256274	0.006944444444444581	-0.011752136752136691	0.0048076923076923	5230000
2024-09-06	-0.013178703215603585	0.008961518186610527	0.010015814443858793	-0.015287295730100113	-0.013178703215603585	4169129
2024-09-05	0.018796992481202892	0.003222341568206161	0.026315789473684126	0.003222341568206161	0.018796992481202892	7046143
2024-09-04	-0.004810261892036336	-0.011223944414751516	0.0037413148049171715	-0.01603420630678785	-0.004810261892036336	4724200
2024-09-03	0.010804970286331672	0.0005402485143164781	0.020529443544030197	-0.0037817396002161143	0.010804970286331672	6042282
2024-09-02	-0.04390495867768584	-0.004132231404958589	-0.003615702479338858	-0.044421487603305755	-0.04390495867768584	10818360
2024-08-30	0.03418803418803422	0.0	0.04967948717948717	-0.006944444444444392	0.03418803418803422	16877636
2024-08-29	0.01794453507340937	-0.003262642740620026	0.02664491571506245	-0.005981511691136456	0.01794453507340937	9077656
2024-08-28	0.004369197160021947	-0.003276897870016315	0.015292190060076524	-0.010922992900054577	0.004369197160021947	7657280
2024-08-27	-0.018230563002680958	-0.005361930294906053	0.0005361930294907005	-0.02144772117962459	-0.018230563002680958	6338754
2024-08-26	0.0037674919268030297	0.0016146393972013531	0.009687836383207927	-0.009149623250807221	0.0037674919268030297	6312754
2024-08-23	-0.016931216931216946	0.0	0.003174603174603295	-0.0216931216931217	-0.016931216931216946	8711173
2024-08-22	-0.05025125628140704	0.0	0.004020100502512656	-0.05527638190954764	-0.05025125628140704	17031480
2024-08-21	-0.013386217154189544	-0.0019831432821022657	0.013882002974714803	-0.01735250371839372	-0.013386217154189544	7898467
2024-08-20	-0.012726382770435536	0.0	0.008321096426823382	-0.016152716593245145	-0.012726382770435536	6918362
2024-08-19	-0.007770762506070915	0.0004856726566295077	0.0097134531325886	-0.009227780475959266	-0.007770762506070915	5925439
2024-08-16	-0.01199616122840691	0.0033589251439539486	0.004798464491362832	-0.014395393474088325	-0.01199616122840691	7059500
2024-08-15	0.010179350460494467	-0.0038778477944739842	0.021328162869607432	-0.008725157537566638	0.010179350460494467	9369810
2024-08-14	0.012763868433971428	-0.003436426116838502	0.026018654884634146	-0.012272950417280314	0.012763868433971428	12093727
2024-08-13	-0.002448579823702287	0.0004897159647403531	0.004897159647404401	-0.015181194906954076	-0.002448579823702287	4601526
2024-08-12	0.0034398034398034536	-0.0019656019656020983	0.012285012285012284	-0.013759213759213814	0.0034398034398034536	6594856
2024-08-09	-0.01833092136999513	0.00289435600578865	0.006753497346840356	-0.01833092136999513	-0.01833092136999513	8145688
2024-08-08	0.0131964809384164	-0.00684261974584558	0.01857282502443788	-0.015151515151515261	0.0131964809384164	10439616
2024-08-07	-0.001464128843338096	-0.005368472425573423	0.006344558321132385	-0.013177159590043903	-0.001464128843338096	7366086
2024-08-06	0.018389662027832872	0.01143141153081513	0.024850894632206758	0.00447316103379721	0.018389662027832872	9187952
2024-08-05	0.0034912718204488918	-0.0049875311720698964	0.03591022443890268	-0.007481296758104844	0.0034912718204488918	16999510
2024-08-02	-0.014257620452310675	-0.006391347099311652	0.00884955752212388	-0.015732546705998048	-0.014257620452310675	7223085
2024-08-01	-0.011181332036947031	0.0014584346135148828	0.00388915896937279	-0.014098201263976623	-0.011181332036947031	8729614
2024-07-31	0.06195147134744446	-0.0005162622612287849	0.066081569437274	-0.0025813113061435573	0.06195147134744446	18587819
2024-07-30	0.0031071983428276684	-0.004660797514241318	0.003625064733298824	-0.014500258933195112	0.0031071983428276684	6108460
2024-07-29	-0.006176016469377303	-0.00308800823468856	-0.0005146680391146686	-0.015954709212557833	-0.006176016469377303	6335867
2024-07-26	0.011452368558042627	0.0020822488287349896	0.01561686621551279	-0.002602811035918829	0.011452368558042627	6350420
2024-07-25	0.011052631578947413	-0.005789473684210496	0.026842105263157976	-0.014210526315789451	0.011052631578947413	8587526
2024-07-24	-0.017580144777662867	-0.0020682523267838235	0.005170630816959743	-0.02275077559462261	-0.017580144777662867	9297038
2024-07-23	-0.03348325837081467	-0.0004997501249376093	0.0009995002498750412	-0.03348325837081467	-0.03348325837081467	11309404
2024-07-22	-0.006454816285997964	-0.0029791459781530424	0.001986097318768577	-0.01688182720953326	-0.006454816285997964	8336970
2024-07-19	0.002488800398208099	-0.006968641114982607	0.005475360876057712	-0.00796416127426581	0.002488800398208099	8934649
2024-07-18	-0.019042968750000028	0.00048828124999990286	0.0014648437500000555	-0.03222656250000001	-0.019042968750000028	14672484
2024-07-17	0.019412643106022927	-0.0044798407167745075	0.03235440517670476	-0.005475360876057712	0.019412643106022927	14296965
2024-07-16	0.008534136546184646	-0.004016064257028205	0.010040160642570245	-0.009036144578313416	0.008534136546184646	7034431
2024-07-15	-0.007968127490039672	-0.006972111553784712	0.0009960159362551358	-0.018924302788844573	-0.007968127490039672	7195782
2024-07-12	-0.009861932938856155	-0.003944773175542498	0.0024654832347138634	-0.012327416173570018	-0.009861932938856155	8359862
2024-07-11	0.02996444895886236	0.02082275266632809	0.03707465718638905	0.008125952260030479	0.02996444895886236	12002232
2024-07-10	-0.00756048387096767	-0.00957661290322587	0.014112903225806508	-0.014616935483870925	-0.00756048387096767	9220315
2024-07-09	0.015873015873015806	0.004608294930875568	0.023041474654377843	-0.022017409114183293	0.015873015873015806	13370737
2024-07-08	-0.020561685055165504	-0.003009027081243845	0.0025075225677029665	-0.024573721163490568	-0.020561685055165504	11246794
2024-07-05	-0.0005012531328319804	-0.002506265664160437	0.006516290726816993	-0.03558897243107774	-0.0005012531328319804	13791216
2024-07-04	-0.013840830449827046	0.004943153732080962	0.006920415224913523	-0.030647553138902668	-0.013840830449827046	14853746
2024-07-03	-0.008333333333333243	-0.003431372549019622	-0.0019607843137254485	-0.016176470588235212	-0.008333333333333243	9470652
2024-07-02	-0.019230769230769332	-0.002403846153846188	0.0072115384615383925	-0.025480769230769286	-0.019230769230769332	13992908
2024-07-01	-0.004784688995215209	-0.005263157894736815	0.0038277511961723374	-0.02583732057416264	-0.004784688995215209	9925092
2024-06-28	0.006743737957610646	-0.0038535645472062546	0.017341040462427716	-0.007707129094412337	0.006743737957610646	10502800
2024-06-27	-0.0179754020813623	-0.005676442762535525	0.009933774834437126	-0.020813623462630146	-0.0179754020813623	11427416
2024-06-26	0.05069582504970176	0.0	0.05864811133200794	-0.011928429423459343	0.05069582504970176	21510115
2024-06-25	0.0004972650422676063	0.0034808552958727145	0.010442565887618143	-0.006464445549477823	0.0004972650422676063	10525201
2024-06-24	-0.028032866118898107	-0.01208313194780087	-0.005316578057032527	-0.028516191396810043	-0.028032866118898107	11941729
2024-06-21	0.0	0.0	0.013049782503624919	-0.008699855002416611	0.0	10287546
2024-06-20	-0.03272557269752217	-0.0004675081813932474	-0.0004675081813932474	-0.0336605890603085	-0.03272557269752217	17082615
2024-06-19	-0.03081105573176256	-0.0013593112822836944	0.0004531037607611242	-0.03262347077480738	-0.03081105573176256	20140653
2024-06-18	0.002270663033605845	-0.0009082652134423058	0.004995458673932762	-0.004541326067211529	0.002270663033605845	10028074
2024-06-17	-0.021768103065304398	-0.007996446023989483	-0.007996446023989483	-0.02354509107063532	-0.021768103065304398	14603070
2024-06-14	0.003566651805617559	-0.0035666518056174006	0.006687472135532706	-0.00891662951404366	0.003566651805617559	9244470
2024-06-13	-0.009275618374558342	-0.006625441696113168	0.000883392226148391	-0.012809187279151906	-0.009275618374558342	8748900
2024-06-12	0.010714285714285805	-0.00714285714285715	0.01741071428571431	-0.008035714285714273	0.010714285714285805	14394207
2024-06-11	0.004034065441506045	-0.008964589870013416	0.00493052442850753	-0.029583146571044383	0.004034065441506045	12180362
2024-06-07	0.0022461814914643825	0.004492362982928925	0.013926325247079905	-0.012129380053908496	0.0022461814914643825	13752916
2024-06-06	-0.026246719160104893	-0.0026246719160104427	0.008311461067366636	-0.03412073490813653	-0.026246719160104893	22107922
2024-06-05	-0.026405451448040927	-0.006388415672913208	0.007240204429301455	-0.028534923339011996	-0.026405451448040927	15160900
2024-06-04	0.003418803418803498	-0.004273504273504183	0.0038461538461538403	-0.02051282051282038	0.003418803418803498	13529200
2024-06-03	0.012110726643598512	0.0034602076124566734	0.01989619377162618	-0.008650519031141838	0.012110726643598512	17045422
2024-05-31	0.003036876355748385	0.003036876355748385	0.011279826464208156	-0.000867678958785231	0.003036876355748385	12703006
2024-05-30	-0.0064655172413792495	-0.008620689655172384	0.0034482758620690453	-0.0193965517241379	-0.0064655172413792495	12457622
2024-05-29	-0.0012914334911752535	-0.006457167455876114	0.009470512268618118	-0.009040034438226468	-0.0012914334911752535	14002277
2024-05-28	-0.018588931136459708	0.0	0.0004224757076467262	-0.027883396704689485	-0.018588931136459708	17360558
2024-05-27	-0.04286291953093404	-0.0048524059846340875	0.0012131014961585579	-0.056611403154063974	-0.04286291953093404	32872605
2024-05-24	-0.014741035856573744	-0.004382470119522031	0.005976095617529823	-0.015537848605577711	-0.014741035856573744	18259515
2024-05-23	-0.023726176584986363	-0.008168028004667477	0.005834305717619548	-0.035394788020225595	-0.023726176584986363	21544099
2024-05-22	0.016205533596837948	-0.0007905138339920779	0.019762845849802372	-0.0075098814229249515	0.016205533596837948	22529127
2024-05-21	-0.023166023166023085	-0.0003861003861003093	-0.0003861003861003093	-0.027799227799227756	-0.023166023166023085	24150821
2024-05-20	-0.012204424103737616	-0.03508771929824554	0.006864988558352392	-0.05415713196033555	-0.012204424103737616	44836943
2024-05-17	0.0007633587786259379	-0.0022900763358778137	0.023664122137404618	-0.016793893129770907	0.0007633587786259379	44578983
2024-05-16	0.00038182512409308934	0.0	0.01260022909507439	-0.010691103474608672	0.00038182512409308934	42892041
2024-05-15	0.05138498594941795	0.01645925331192293	0.05660377358490567	0.004014452027298331	0.05138498594941795	62143383
2024-05-14	-0.008754476721050493	0.007958615200955007	0.02268205332272186	-0.014723438121766711	-0.008754476721050493	47714221
2024-05-13	0.11688888888888885	0.07111111111111118	0.12799999999999995	0.06400000000000006	0.11688888888888885	84716678
2024-05-10	-0.017896115233522487	-0.000872981230903517	0.01702313400261897	-0.020951549541684874	-0.017896115233522487	17197849
2024-05-09	-0.00043630017452013796	-0.001745200698080397	0.009162303664921347	-0.00654450261780114	-0.00043630017452013796	16967950
2024-05-08	-0.028813559322033885	-0.00635593220338992	-0.00635593220338992	-0.03262711864406793	-0.028813559322033885	13595277
2024-05-07	0.0	-0.00423728813559328	0.01652542372881343	-0.00423728813559328	0.0	14040290
2024-05-06	0.006825938566552906	0.019197952218430004	0.027303754266211476	0.0017064846416381888	0.006825938566552906	15117580
2024-04-30	-0.00887949260042272	-0.004651162790697651	0.003805496828752637	-0.019027484143763186	-0.00887949260042272	13104328
2024-04-29	0.02647569444444442	0.010416666666666753	0.034288194444444406	0.009548611111111216	0.02647569444444442	17483734
2024-04-26	0.025367156208277716	-0.003560302625723111	0.032487761459724096	-0.0048954161103693565	0.025367156208277716	14469793
2024-04-25	0.005369127516778409	-0.004474272930648833	0.014317673378076075	-0.010738255033557135	0.005369127516778409	10440822
2024-04-24	0.01498637602179845	0.0009082652134423058	0.016348773841961827	-0.012715712988192605	0.01498637602179845	11349209
2024-04-23	-0.008108108108108096	0.0018018018018017634	0.011261261261261262	-0.009009009009008978	-0.008108108108108096	11517348
2024-04-22	-0.05692438402718776	-0.03355989804587932	-0.03355989804587932	-0.07391673746813927	-0.05692438402718776	26969937
2024-04-19	0.008568980291345299	-0.007712082262210785	0.013281919451585206	-0.011139674378748996	0.008568980291345299	12587918
2024-04-18	-0.00341588385994884	-0.0046968403074296745	0.014090520922288569	-0.021776259607173422	-0.00341588385994884	13326152
2024-04-17	0.03490941228457811	0.008837825894829841	0.03490941228457811	0.008837825894829841	0.03490941228457811	13006861
2024-04-16	-0.028755364806867027	-0.009012875536480723	0.007296137339055714	-0.03347639484978546	-0.028755364806867027	12647343
2024-04-15	0.01569311246730599	-0.003923278116826498	0.03574542284219705	-0.003923278116826498	0.01569311246730599	13893475
2024-04-12	-0.01418134937688003	-0.003008165019338216	0.003867640739149113	-0.016759776536312873	-0.01418134937688003	10148659
2024-04-11	0.005617977528089844	-0.006482281763180732	0.023336214347450264	-0.008643042350907489	0.005617977528089844	10987070
2024-04-10	-0.037437603993344365	-0.0016638935108152725	-0.0016638935108152725	-0.04326123128119797	-0.037437603993344365	12916930
2024-04-09	0.02080679405520163	0.006369426751592296	0.025477707006369334	-0.0029723991507431117	0.02080679405520163	9645814
2024-04-08	-0.02403646912556976	-0.0029009531703274053	-0.0029009531703274053	-0.02403646912556976	-0.02403646912556976	12104451
2024-04-03	-0.028582930756843834	-0.007246376811594192	-0.005636070853462181	-0.03502415458937202	-0.028582930756843834	14870700
2024-04-02	-0.01740506329113929	-0.0035601265822784753	0.0	-0.02966772151898734	-0.01740506329113929	13966626
2024-04-01	0.039901275195392945	0.005347593582887806	0.041958041958041946	0.0012340600575895162	0.039901275195392945	18149144
2024-03-29	-0.006538618716796083	-0.0028606456885982953	0.003269309358398114	-0.0294237842255823	-0.006538618716796083	14593613
2024-03-28	0.013250517598343697	-0.0020703933747410834	0.026915113871635702	-0.002898550724637693	0.013250517598343697	18483288
2024-03-27	-0.037848605577689355	-0.003984063745019977	0.0031872509960158683	-0.03944223107569729	-0.037848605577689355	21004189
2024-03-26	-0.012588512981904023	-0.008654602675059103	0.001573564122737968	-0.035011801730920555	-0.012588512981904023	25063044
2024-03-25	-0.05113848450914511	0.024262784621127367	0.026502426278462145	-0.05225830533781257	-0.05113848450914511	40651442
2024-03-22	0.02212895841281947	0.0003815337657381919	0.03357497138496753	-0.017550553223960354	0.02212895841281947	41866525
2024-03-21	-0.01392024078254317	0.011286681715575649	0.02031602708803622	-0.015048908954100776	-0.01392024078254317	37907477
2024-03-20	0.06362545018007203	0.0	0.06362545018007203	0.0	0.06362545018007203	52519032
2024-03-19	-0.004382470119522031	0.005976095617529823	0.0322709163346613	-0.004780876494023944	-0.004382470119522031	37215018
2024-03-18	0.028267103646046756	0.0049160180253994675	0.03236378533387952	-0.0028676771814830104	0.028267103646046756	23136012
2024-03-15	-0.004079967360261175	-0.004487964096287351	0.0012239902080782368	-0.020807833537331764	-0.004079967360261175	14585499
2024-03-14	-0.018028846153846124	-0.012419871794871886	-0.004807692307692347	-0.030849358974358955	-0.018028846153846124	18888989
2024-03-13	0.003618817852834735	0.0	0.020506634499396784	-0.00804181745074384	0.003618817852834735	27681127
2024-03-12	0.01427406199021213	0.005301794453507301	0.015905383360522045	-0.008564437194127278	0.01427406199021213	21135793
2024-03-11	0.014480761274306904	-0.0012412081092263605	0.019445593711212197	-0.009515928837401755	0.014480761274306904	20068749
2024-03-08	0.009185803757828912	0.0	0.015031315240083484	-0.006263048016701403	0.009185803757828912	14134397
2024-03-07	-0.03466344216041917	0.0016122531237405362	0.006852075775896885	-0.03788794840789995	-0.03466344216041917	22106007
2024-03-06	-0.0028135048231511368	-0.006028938906752355	0.010852090032154324	-0.014469453376205766	-0.0028135048231511368	15823769
2024-03-05	-0.01269841269841271	-0.007936507936507908	0.003968253968254024	-0.022619047619047632	-0.01269841269841271	20177071
2024-03-04	-0.016777214202106896	-0.005072181037846235	0.00039016777214208206	-0.032774092859929764	-0.016777214202106896	28373130
2024-03-01	0.034301856335754555	0.0036319612590798972	0.04156577885391435	-0.009281678773204214	0.034301856335754555	36614966
2024-02-29	0.06260720411663812	0.007718696397941669	0.06303602058319034	0.0034305317324184515	0.06260720411663812	36030555
2024-02-28	-0.060435132957292505	0.0	0.010878323932312634	-0.06083803384367452	-0.060435132957292505	38491399
2024-02-27	0.0432955023118958	-0.007145859604875921	0.04581757040773434	-0.009667927700714604	0.0432955023118958	27930975
2024-02-26	-0.014906832298136623	-0.005797101449275239	0.0012422360248447676	-0.02857142857142848	-0.014906832298136623	24893253
2024-02-23	0.010883214734198326	0.004604437002930072	0.010883214734198326	-0.017999162829635817	0.010883214734198326	24784633
2024-02-22	0.013576580398812061	-0.012728044123886326	0.019092066185829412	-0.014849384811200739	0.013576580398812061	18217002
2024-02-21	-0.006323777403035353	-0.021500843170320322	0.020657672849915768	-0.028246205733558103	-0.006323777403035353	25883521
2024-02-20	-0.009603340292275593	0.0	0.0029227557411273604	-0.028392484342379946	-0.009603340292275593	20621713
2024-02-19	0.018282312925170057	0.028061224489795925	0.03231292517006809	-0.0008503401360544036	0.018282312925170057	26087780
2024-02-08	0.032031592803861364	0.009214567792891657	0.03247038174638008	-0.014480035103115328	0.032031592803861364	24204549
2024-02-07	0.019230769230769218	-0.0013416815742397646	0.020572450805008982	-0.011627906976744097	0.019230769230769218	25109563
2024-02-06	0.09607843137254907	-0.01813725490196066	0.09656862745098052	-0.02647058823529408	0.09607843137254907	24633993
2024-02-05	-0.026717557251908504	-0.011927480916030533	-0.003816793893129859	-0.08301526717557262	-0.026717557251908504	23824030
2024-02-02	-0.03587856485740559	-0.0009199632014719216	0.021159153633854687	-0.08003679852805881	-0.03587856485740559	23018371
2024-02-01	0.015887850467289712	-0.0028037383177569497	0.039719626168224366	-0.036915887850467254	0.015887850467289712	18894957
2024-01-31	-0.013370216689718889	-0.00507146150299691	0.020746887966804944	-0.013370216689718889	-0.013370216689718889	18061014
2024-01-30	-0.03169642857142845	-0.0031250000000000128	0.0031250000000000128	-0.03482142857142847	-0.03169642857142845	15047068
2024-01-29	-0.018404907975460197	-0.0021910604732690935	0.008326029798422492	-0.02585451358457493	-0.018404907975460197	16970698
2024-01-26	-0.01722652885443577	-0.006459948320413376	0.008182601205857076	-0.020241171403962054	-0.01722652885443577	22091441
2024-01-25	0.027433628318583956	-0.010176991150442497	0.030088495575221225	-0.019911504424778886	0.027433628318583956	29697568
2024-01-24	0.033379058070416114	0.040237768632830316	0.04938271604938264	0.002286236854138121	0.033379058070416114	32019571
2024-01-23	0.03502129673450081	-0.005679129200189184	0.04259346900141989	-0.008518693800283944	0.03502129673450081	20859401
2024-01-22	-0.050337078651685435	-0.010337078651685412	0.0013483146067416242	-0.05842696629213486	-0.050337078651685435	19329363
2024-01-19	0.02393005062126091	0.022549470777726573	0.046939714680165646	0.0046019328117808496	0.02393005062126091	29635206
2024-01-18	0.008352668213457063	-0.005104408352668187	0.01299303944315534	-0.028770301624129975	0.008352668213457063	19904919
2024-01-17	-0.025327905924920794	-0.0049751243781094275	-0.0004522840343734966	-0.02578018995929445	-0.025327905924920794	10240324
2024-01-16	0.0036314117113026914	-0.0040853381752156085	0.004539264639128364	-0.019064911484339614	0.0036314117113026914	17438041
2024-01-15	-0.01827094474153298	-0.0017825311942960204	0.010249554367201444	-0.019607843137254957	-0.01827094474153298	19946080
2024-01-12	-0.023073574227252834	-0.0030474531998258723	-0.0008707009142359415	-0.027427078798432696	-0.023073574227252834	21253035
2024-01-11	0.021342819030680322	0.001778568252556812	0.029346376167185426	-0.008448199199644187	0.021342819030680322	21878637
2024-01-10	-0.027249134948096995	-0.005190311418685164	-0.005190311418685164	-0.034602076124567505	-0.027249134948096995	17564462
2024-01-09	-0.017841971112999074	0.0038232795242140977	0.008496176720475757	-0.033135089209855466	-0.017841971112999074	24594478
2024-01-08	-0.02566225165562918	-0.006622516556291397	0.0024834437086092187	-0.030629139072847616	-0.02566225165562918	16858466
2024-01-05	-0.033986405437824926	-0.003998400639744159	-0.003598560575769686	-0.03998400639744102	-0.033986405437824926	18234558
2024-01-04	-0.018830914083954372	-0.0051000392310709694	-0.0051000392310709694	-0.02628481757551974	-0.018830914083954372	15766638
2024-01-03	0.020824989987985567	-0.0056067280736884495	0.02923508209851824	-0.01401682018422098	0.020824989987985567	27790231
2024-01-02	-0.009126984126984145	0.007142857142857131	0.01587301587301596	-0.011507936507936474	-0.009126984126984145	21644915
2023-12-29	0.01571946795646919	-0.004030632809350982	0.033857315598548966	-0.006852075775896742	0.01571946795646919	32015585
2023-12-28	0.012653061224489743	-0.004081632653061282	0.021632653061224538	-0.011836734693877516	0.012653061224489743	30980062
2023-12-27	-0.021174590491410353	0.005992808629644369	0.01238513783459843	-0.025169796244506694	-0.021174590491410353	17154731
2023-12-26	-0.029468786351298876	0.00891818534315628	0.015509887553315322	-0.032570763861962	-0.029468786351298876	17372862
2023-12-25	0.007421874999999911	0.0	0.02656249999999999	-0.016406250000000067	0.007421874999999911	22223899
2023-12-22	-0.07581227436823097	-0.0039711191335739865	-0.0018050541516245744	-0.0866425992779783	-0.07581227436823097	39502424
2023-12-21	-0.0003608805485384902	-0.011187297004691529	0.008300252616383992	-0.01840490797546018	-0.0003608805485384902	13798974
2023-12-20	-0.032809773123909175	0.0010471204188482073	0.00837696335078541	-0.03630017452006978	-0.032809773123909175	14437720
2023-12-19	0.003854239663629973	-0.0003503854239662933	0.01786965662228457	-0.013665031534688177	0.003854239663629973	16244567
2023-12-18	-0.025273224043715913	-0.0174180327868853	0.0017076502732239465	-0.02834699453551919	-0.025273224043715913	15954945
2023-12-15	0.0061855670103092685	0.014776632302405487	0.030584192439862438	-0.025429553264604877	0.0061855670103092685	33581924
2023-12-14	-0.05180840664711632	-0.008145975887911371	-0.002932551319648089	-0.058325187357445504	-0.05180840664711632	39080268
2023-12-13	0.016225165562913972	-0.003642384105960246	0.0367549668874172	-0.006291390728476746	0.016225165562913972	27810691
2023-12-12	-0.0013227513227512947	0.0029761904761904717	0.01587301587301589	-0.01388888888888883	-0.0013227513227512947	23256142
2023-12-11	-0.0006609385327165607	-0.00925313945803044	0.0350297422339722	-0.016853932584269714	-0.0006609385327165607	30556003
2023-12-08	0.016801075268817203	-0.009744623655914069	0.03998655913978487	-0.015456989247311856	0.016801075268817203	36167930
2023-12-07	0.03693379790940775	-0.004878048780487825	0.04459930313588854	-0.022648083623693333	0.03693379790940775	38377638
2023-12-06	0.040231968104385625	-0.01776005799202604	0.05291772381297575	-0.03153316418992392	0.040231968104385625	41189589
2023-12-05	0.019586104951958654	-0.0036954915003694707	0.08093126385809318	-0.02771618625277162	0.019586104951958654	33593095
2023-12-04	0.0059479553903345785	-0.005576208178438609	0.0223048327137547	-0.015241635687732348	0.0059479553903345785	16487978
2023-12-01	0.042231693142192946	0.001162340178225538	0.05191786129407206	-0.0030995738086012515	0.042231693142192946	23974016
2023-11-30	-0.0011609907120743474	-0.003482972136222905	0.011996904024767753	-0.007352941176470638	-0.0011609907120743474	7884278
2023-11-29	-0.006535947712418366	0.003460207612456742	0.006151480199923112	-0.011918492887351105	-0.006535947712418366	9426330
2023-11-28	-0.01027397260273971	-0.0011415525114155684	-0.0011415525114155684	-0.02016742770167432	-0.01027397260273971	14074629
2023-11-27	-0.024498886414253903	-0.013363028953229508	-0.012249443207127017	-0.03749072011878254	-0.024498886414253903	15551789
2023-11-24	-0.020719738276990196	-0.002181025081788523	0.010541621228644098	-0.026899309342057504	-0.020719738276990196	15340724
2023-11-23	-0.019950124688279256	-0.014962593516209537	-0.012112575703598142	-0.04417527609547567	-0.019950124688279256	17553915
2023-11-22	0.006093189964157767	-0.007885304659498167	0.01899641577060936	-0.01039426523297488	0.006093189964157767	21024391
2023-11-21	0.00685673042223016	0.0025261638397690465	0.023818116203536632	-0.003608805485384389	0.00685673042223016	20374805
2023-11-20	-0.009295673936360315	-0.0032177332856632057	0.007508044333214189	-0.014301036825169774	-0.009295673936360315	14114580
2023-11-17	-0.0053342816500712	-0.006045519203414001	0.009246088193456544	-0.013869132290184941	-0.0053342816500712	10373200
2023-11-16	-0.008462623413258055	-0.0035260930888574705	0.00811001410437237	-0.019393511988716527	-0.008462623413258055	12496125
2023-11-15	-0.003863716192483296	0.009483667017913578	0.009834913944503025	-0.013698630136986321	-0.003863716192483296	10702938
2023-11-14	-0.009394572025052178	-0.008350730688935227	0.005219206680584626	-0.015309672929714606	-0.009394572025052178	9678136
2023-11-13	-0.00034782608695657614	0.011478260869565158	0.018782608695652143	-0.008347826086956467	-0.00034782608695657614	12489159
2023-11-10	-0.010327022375215171	-0.007917383820998294	0.006884681583476739	-0.028915662650602404	-0.010327022375215171	12772582
2023-11-09	-0.006837606837606813	-0.011965811965812015	0.002735042735042677	-0.02256410256410257	-0.006837606837606813	18597808
2023-11-08	0.037234042553191515	-0.010992907801418395	0.06524822695035461	-0.010992907801418395	0.037234042553191515	38042995
2023-11-07	-0.00353356890459369	0.0	0.013427561837455795	-0.015547703180212058	-0.00353356890459369	17662669
2023-11-06	0.09945609945609955	0.010101010101010163	0.10567210567210578	0.0069930069930071205	0.09945609945609955	35679822
2023-11-03	0.007436399217221046	-0.013307240704500973	0.021135029354207403	-0.029354207436399216	0.007436399217221046	11059473
2023-11-02	0.011881188118811909	0.0027722772277227834	0.038019801980198054	-0.003564356435643559	0.011881188118811909	17408746
2023-11-01	-0.001581652827204395	0.00039541320680116897	0.023329379201265318	-0.010676156583629876	-0.001581652827204395	10323623
2023-10-31	-0.002760252365930611	0.009463722397476419	0.024053627760252345	-0.014195583596214489	-0.002760252365930611	11741331
2023-10-30	0.009554140127388472	-0.004777070063694307	0.013136942675159167	-0.013933121019108336	0.009554140127388472	11774496
2023-10-27	0.023217922606924655	-0.006109979633401309	0.03258655804480654	-0.020366598778004074	0.023217922606924655	12523855
2023-10-26	0.00491199345067544	-0.0024559967253376474	0.017191977077363967	-0.008186655751125637	0.00491199345067544	12877827
2023-10-25	-0.05675675675675672	0.011969111969112057	0.012355212355212367	-0.06100386100386094	-0.05675675675675672	27448049
2023-10-24	0.022099447513812105	0.006314127861089193	0.03354380426203636	0.0	0.022099447513812105	9249983
2023-10-23	-0.02124372344534572	-0.003476245654692926	-0.0003862495171881639	-0.03205870992661266	-0.02124372344534572	6544500
2023-10-20	-0.015589353612167305	-0.0007604562737642424	0.004942965779467643	-0.019391634980988653	-0.015589353612167305	6541841
2023-10-19	-0.0071725179312947425	-0.0037750094375235137	0.0090600226500567	-0.00981502453756127	-0.0071725179312947425	4179424
2023-10-18	-0.017068645640074244	-0.0011131725417438806	0.0014842300556585956	-0.028571428571428557	-0.017068645640074244	4930700
2023-10-17	-0.0018518518518518782	0.0	0.010740740740740709	-0.004814814814814778	-0.0018518518518518782	4652109
2023-10-16	-0.017109574080815395	0.0018201674554059232	0.0054605023662177695	-0.02439024390243896	-0.017109574080815395	5953200
2023-10-13	-0.03035651253088597	-0.00600070596540763	-0.0017649135192374572	-0.0363572184962936	-0.03035651253088597	9627955
2023-10-12	-0.012891986062717804	0.0034843205574913386	0.006968641114982554	-0.01881533101045293	-0.012891986062717804	5246712
2023-10-11	0.028673835125448056	0.004659498207885396	0.03727598566308254	-0.002508960573476713	0.028673835125448056	10553471
2023-10-10	0.007583965330444106	0.0036114120621162102	0.016251354279523268	0.000722282412423242	0.007583965330444106	5720430
2023-10-09	-0.02190038855528073	-0.005298481102084019	-0.0017661603673612561	-0.03037795831861531	-0.02190038855528073	10521324
2023-09-28	0.0014149274849663653	0.0042447824548992215	0.005305978068624058	-0.01096568800848952	0.0014149274849663653	7952414
2023-09-27	0.017272400143936682	-0.0028787333573227166	0.025548758546239687	-0.01043540842029504	0.017272400143936682	10674931
2023-09-26	0.03231797919762249	0.001857355126300043	0.04011887072808314	-0.0007429420505201755	0.03231797919762249	14511250
2023-09-25	-0.017159547280029167	0.004016064257028091	0.005111354508944891	-0.028842643300474594	-0.017159547280029167	8281200
2023-09-22	0.03436555891238671	0.001510574018126856	0.0411631419939577	-0.002643504531722065	0.03436555891238671	8223671
2023-09-21	-0.01230883998508013	0.00037299515106309453	0.005221932114882528	-0.013427825438269281	-0.01230883998508013	7438300
2023-09-20	-0.007037037037037085	-0.004444444444444481	0.007407407407407381	-0.007037037037037085	-0.007037037037037085	5264446
2023-09-19	-0.024213950126490844	0.005421033610408333	0.005421033610408333	-0.0267437658113481	-0.024213950126490844	10637841
2023-09-18	0.0007233273056058997	0.0	0.01446654611211581	-0.01301989150090414	0.0007233273056058997	5995956
2023-09-15	-0.0061107117181884146	0.0003594536304815963	0.013299784327821747	-0.010064701653486741	-0.0061107117181884146	8456867
2023-09-14	-0.003938417472252038	-0.004296455424275009	0.0025062656641604113	-0.0128893662728249	-0.003938417472252038	5971312
2023-09-13	-0.019311797752809015	-0.002106741573033663	0.000702247191011221	-0.02703651685393257	-0.019311797752809015	6204370
2023-09-12	-0.017931034482758606	-0.00034482758620695046	0.001034482758620729	-0.02172413793103445	-0.017931034482758606	7751818
2023-09-11	0.03571428571428571	0.008928571428571428	0.04285714285714283	0.0067857142857143315	0.03571428571428571	11387245
2023-09-08	-0.007795889440113355	-0.0014174344436569508	0.0028348688873140273	-0.020552799433026164	-0.007795889440113355	6889502
2023-09-07	-0.022853185595567874	-0.0010387811634348194	0.000692520775623254	-0.024930747922437636	-0.022853185595567874	9457516
2023-09-06	-0.01634877384196187	-0.00715258855585834	-0.00510899182561303	-0.02077656675749317	-0.01634877384196187	7328400
2023-09-05	-0.011447811447811443	-0.0020202020202019773	-0.0016835016835017075	-0.016498316498316446	-0.011447811447811443	7247975
2023-09-04	0.007804546996946061	0.0	0.012215812690872055	-0.005089921954529983	0.007804546996946061	8181742
2023-09-01	-0.0023696682464455074	-0.004400812457684462	0.006770480704129969	-0.010832769126608	-0.0023696682464455074	5900448
2023-08-31	-0.013360053440213831	-0.006346025384101579	0.004008016032064043	-0.014696058784235178	-0.013360053440213831	7073709
2023-08-30	0.013884185573992553	0.007450050795800842	0.02268879105993898	-0.0016931933626820423	0.013884185573992553	10190591
2023-08-29	0.026059763724808893	-0.003822098679638618	0.03474635163307853	-0.007991660875608075	0.026059763724808893	11490554
2023-08-28	0.004187020237264515	0.06001395673412418	0.07431960921144448	0.0017445917655268914	0.004187020237264515	14205920
2023-08-25	-0.01849315068493148	-0.010273972602739751	-0.001712328767123312	-0.024315068493150713	-0.01849315068493148	9158652
2023-08-24	0.015652173913043455	0.008695652173913044	0.03408695652173915	0.00034782608695657614	0.015652173913043455	10838854
2023-08-23	-0.019440654843110514	-0.0010231923601637495	-0.0010231923601637495	-0.02114597544338339	-0.019440654843110514	8019375
2023-08-22	0.013831258644536604	0.008990318118948754	0.020055325034578086	-0.016597510373443997	0.013831258644536604	14921483
2023-08-21	-0.010266940451745282	-0.002737850787132043	0.01813826146475021	-0.010266940451745282	-0.010266940451745282	10046176
2023-08-18	-0.06075216972034717	-0.013500482160077086	-0.008678881388621008	-0.061395049823207974	-0.06075216972034717	25069543
2023-08-17	0.016334531198954592	0.007187193727539983	0.022214962430578234	-0.014047696831100938	0.016334531198954592	12506479
2023-08-16	-0.05085271317829459	-0.005581395348837201	-0.0015503875968991367	-0.06201550387596899	-0.05085271317829459	22926112
2023-08-15	-0.030658250676285033	0.0	0.0009017132551846717	-0.0378719567177639	-0.030658250676285033	10558410
2023-08-14	0.010938924339106855	-0.012458219386204698	0.012458219386204915	-0.01640838650865996	0.010938924339106855	6601139
2023-08-11	-0.01702508960573478	0.0	0.01523297491039442	-0.017323775388291468	-0.01702508960573478	5608229
2023-08-10	-0.002977963073257934	0.0	0.010720667063728394	-0.010720667063728394	-0.002977963073257934	5102342
2023-08-09	-0.02156177156177162	-0.0005827505827506738	0.004370629370629329	-0.025641025641025716	-0.02156177156177162	8807369
2023-08-08	-0.01633705932932073	-0.005445686443106842	0.008025222126683896	-0.020636285468615616	-0.01633705932932073	9734696
2023-08-07	0.011304347826086972	-0.005797101449275445	0.015362318840579743	-0.019999999999999934	0.011304347826086972	15665450
2023-08-04	0.06088560885608846	0.008610086100860824	0.07011070110701088	0.0	0.06088560885608846	25144919
2023-08-03	0.0037037037037038444	0.0015432098765433416	0.021913580246913606	-0.0015432098765431222	0.0037037037037038444	8384374
2023-08-02	-0.04481132075471707	-0.00648584905660374	0.0005896226415093166	-0.053360849056603835	-0.04481132075471707	21827569
2023-08-01	-0.012805587892898653	0.0069848661233993595	0.020372526193248044	-0.016880093131548264	-0.012805587892898653	10955493
2023-07-31	0.021706809396372193	0.002973535533749459	0.06660719595599152	-0.0050550104073744185	0.021706809396372193	20744176
2023-07-28	0.0026833631484795293	-0.004472271914132337	0.022361359570661897	-0.020274299344066778	0.0026833631484795293	13661862
2023-07-27	-0.035652673950546346	-0.022426682001150118	-0.01236342725704427	-0.04830362277170787	-0.035652673950546346	14354025
2023-07-26	0.00870069605568458	0.015081206496519813	0.01798143851508134	-0.050174013921113605	0.00870069605568458	17010134
2023-07-25	0.040434520217259996	0.010863005431502698	0.05914302957151481	0.004828002414001104	0.040434520217259996	20570903
2023-07-24	0.015007656967840797	-0.008575803981623312	0.020214395099540695	-0.016845329249617066	0.015007656967840797	8665639
2023-07-21	-0.01210287443267772	0.0	0.0102874432677762	-0.022995461422087686	-0.01210287443267772	7873701
2023-07-20	-0.03277729002048594	-0.0002926543751830587	0.0008779631255487601	-0.03687445127304668	-0.03277729002048594	9044275
2023-07-19	0.023053892215568958	0.0005988023952096745	0.0365269461077844	-0.004491017964071814	0.023053892215568958	9963057
2023-07-18	-0.006248140434394551	0.008033323415650197	0.008033323415650197	-0.014281463850044536	-0.006248140434394551	7254565
2023-07-17	-0.033362093758987736	-0.008052919183203944	0.013805004314063757	-0.039401783146390694	-0.033362093758987736	12179371
2023-07-14	-0.009401709401709353	0.00028490028490022823	0.00968660968660958	-0.022222222222222254	-0.009401709401709353	15332926
2023-07-13	0.07470912431108405	0.0006123698714024227	0.0851194121249235	-0.00612369871402314	0.07470912431108405	25337921
2023-07-12	-0.013293051359516762	-0.0036253776435046688	0.0066465256797582735	-0.023867069486404806	-0.013293051359516762	11103750
2023-07-11	-0.01751261501929345	-0.0026714158504006027	0.005936479667557224	-0.021074502819827867	-0.01751261501929345	9520339
2023-07-10	0.011407985589912802	0.0	0.01651155809066338	-0.0066046232362653515	0.011407985589912802	9239551
2023-07-07	-0.010692010692010675	-0.013662013662013686	0.003861003861003726	-0.03445203445203456	-0.010692010692010675	10792876
2023-07-06	0.009292565947242275	-0.0023980815347721313	0.041666666666666685	-0.013489208633093611	0.009292565947242275	18166386
2023-07-05	-0.012725658478839885	-0.006510802012429679	0.01805267830719146	-0.0162770050310742	-0.012725658478839885	13887927
2023-07-04	-0.0020673360897814613	-0.0056113408151210195	0.005020673360897865	-0.022740696987595867	-0.0020673360897814613	16722502
2023-07-03	-0.010230926629640497	0.006723180356620779	0.012569424144986838	-0.03916983338205213	-0.010230926629640497	24738582
2023-06-30	-0.012698412698412632	-0.0002886002886002312	0.010966810966811041	-0.02972582972582976	-0.012698412698412632	14559893
2023-06-29	-0.0071633237822349575	0.010888252148997208	0.013753581661891232	-0.025501432664756463	-0.0071633237822349575	17899537
2023-06-28	-0.037241379310344866	-0.005517241379310423	-0.005517241379310423	-0.06731034482758615	-0.037241379310344866	23688130
2023-06-27	0.005547850208044462	0.00360610263522892	0.010263522884882236	-0.02191400832177529	0.005547850208044462	20435696
2023-06-26	-0.038410242731395164	0.0008002133902374269	0.016804481194985208	-0.04801280341424391	-0.038410242731395164	27601611
2023-06-21	-0.0674129353233831	-0.005721393034825969	-0.004975124378109523	-0.06965174129353244	-0.0674129353233831	31233445
2023-06-20	-0.002728851401637297	-0.008186554204912067	0.013396179608037686	-0.03225006201935014	-0.002728851401637297	26263614
2023-06-19	0.048647242455775355	0.009885535900104126	0.05228928199791897	-0.008064516129032133	0.048647242455775355	35375684
2023-06-16	-0.008511735878256523	-0.007995873097756056	0.009801392829507233	-0.03404694351302554	-0.008511735878256523	30230903
2023-06-15	0.010688216892596551	0.009645464025026002	0.04092805005213765	0.0010427528675703635	0.010688216892596551	35995718
2023-06-14	0.007882291119285264	-0.004992117708880841	0.03783499737256957	-0.010246978455070955	0.007882291119285264	47009081
2023-06-13	0.10962099125364447	-0.0002915451895043152	0.13644314868804666	-0.0017492711370260983	0.10962099125364447	63991017
2023-06-12	0.07692307692307679	0.009733124018838153	0.09105180533751958	0.0034536891679748643	0.07692307692307679	38666690
2023-06-09	0.023786563805850272	0.003214400514304128	0.035036965605914606	-0.009964641594342615	0.023786563805850272	21886927
2023-06-08	-0.02384687794163795	-0.0003137747097584425	-0.0003137747097584425	-0.04267336052714149	-0.02384687794163795	17435171
2023-06-07	0.011424944462075513	0.0038083148206917625	0.03554427165979057	-0.006029831799428793	0.011424944462075513	20028176
2023-06-06	-0.013771517996870038	-0.01439749608763696	0.0084507042253521	-0.023474178403755867	-0.013771517996870038	24905420
2023-06-05	0.06287425149700601	-0.0036593479707251976	0.0888223552894211	-0.0036593479707251976	0.06287425149700601	39017162
2023-06-02	0.0060240963855421594	0.0016733601070950707	0.012717536813922441	-0.008701472556894177	0.0060240963855421594	16669059
2023-06-01	0.021189336978810574	-0.00991114149008895	0.034518113465481816	-0.018455228981544863	0.021189336978810574	25022250
2023-05-31	0.008965517241379364	-0.006896551724137907	0.018620689655172384	-0.015172413793103492	0.008965517241379364	21692284
2023-05-30	0.02727594757350335	-0.004250797024442118	0.030818278427205137	-0.01877435352461924	0.02727594757350335	19492418
2023-05-29	-0.022506925207756184	-0.0024238227146814503	0.0069252077562326625	-0.029778393351800537	-0.022506925207756184	12954833
2023-05-26	0.011558669001751254	0.0	0.013660245183887936	-0.014360770577933455	0.011558669001751254	11620267
2023-05-25	-0.010055478502080415	-0.0024271844660194272	0.004160887656033322	-0.0325936199722608	-0.010055478502080415	14536204
2023-05-24	-0.015027322404371627	-0.001707650273224068	0.0020491803278688088	-0.018784153005464505	-0.015027322404371627	9945572
2023-05-23	-0.00034141345168992867	-0.0017070672584500073	0.02082622055308977	-0.006145442130419929	-0.00034141345168992867	12861308
2023-05-22	-0.007791327913279147	-0.005420054200542011	0.0037262872628726095	-0.030149051490514923	-0.007791327913279147	20860227
2023-05-19	-0.019269102990033284	-0.004983388704319008	0.00033222591362119634	-0.029900332225913692	-0.019269102990033284	15798501
2023-05-18	-0.0016583747927030566	-0.003980099502487478	0.006633499170812698	-0.013930348258706407	-0.0016583747927030566	17395605
2023-05-17	0.001994017946161473	-0.00930541708208711	0.012628780325689565	-0.013958125623130547	0.001994017946161473	14585702
2023-05-16	-0.034648700673724796	0.0025665704202758517	0.01026628168110352	-0.041065126724414536	-0.034648700673724796	24884384
2023-05-15	-0.05887681159420277	-0.014190821256038615	-0.005434782608695644	-0.09631642512077289	-0.05887681159420277	42418132
2023-05-12	-0.0488225157955199	0.009477311889718504	0.009477311889718504	-0.05226881102814475	-0.0488225157955199	23325986
2023-05-11	0.05771567436208987	0.005467800729040088	0.08566221142162819	0.0021263669501822686	0.05771567436208987	32447245
2023-05-10	-0.005438066465256789	-0.0030211480362538194	0.029003021148036278	-0.018126888217522702	-0.005438066465256789	17027470
2023-05-09	-0.028185554903112177	0.00029359953024069317	0.015560775102759867	-0.031121550205519734	-0.028185554903112177	19602106
2023-05-08	-0.044332210998877616	0.0039281705948372775	0.006172839506172808	-0.053310886644219936	-0.044332210998877616	26900350
2023-05-05	-0.045271899276721074	-0.014733458344494969	0.0013394053040451182	-0.04634342351995706	-0.045271899276721074	24437888
2023-05-04	0.04041248606465986	-0.015050167224080242	0.07023411371237447	-0.03260869565217396	0.04041248606465986	37153213
2023-04-28	0.04120719674985495	-0.010446894950667423	0.04120719674985495	-0.020313406848520104	0.04120719674985495	32181589
2023-04-27	0.01026092055115806	-0.017883318674875387	0.03518029903254186	-0.023746701846965767	0.01026092055115806	28364353
2023-04-26	0.00887311446317649	-0.007394262052647146	0.02277432712215309	-0.033422064477965176	0.00887311446317649	35747688
2023-04-25	-0.03039862345856023	0.0002867794665903389	0.008316604531115549	-0.0444508173214797	-0.03039862345856023	27762652
2023-04-24	0.06832107843137246	0.0006127450980390938	0.09068627450980395	-0.005208333333333385	0.06832107843137246	38857258
2023-04-21	-0.04839650145772585	-0.008746355685131112	0.0	-0.05306122448979593	-0.04839650145772585	21367288
2023-04-20	0.005865102639296063	-0.0029325513196481355	0.02082111436950149	-0.007917888563049945	0.005865102639296063	17295843
2023-04-19	-0.006410256410256377	-0.007867132867132958	0.035256410256410284	-0.009324009324009333	-0.006410256410256377	23447411
2023-04-18	-0.015772870662460487	-0.0048752509320331115	0.0020074562661313534	-0.03699455119013476	-0.015772870662460487	25956361
2023-04-17	-0.09145388223032842	-0.022146951537259024	-0.022146951537259024	-0.10187597707139144	-0.09145388223032842	57952686
2023-04-14	-0.030808080808080777	-0.008080808080808088	-0.002777777777777763	-0.07045454545454544	-0.030808080808080777	29612561
2023-04-13	-0.013698630136986231	-0.003735990037359865	0.04782067247820677	-0.023412204234121988	-0.013698630136986231	33123509
2023-04-12	0.023190621814474937	-0.0127420998980632	0.05071355759429141	-0.0127420998980632	0.023190621814474937	32651038
2023-04-11	0.025078369905956133	-0.003134796238244633	0.0658307210031347	-0.01253918495297816	0.025078369905956133	29285563
2023-04-10	-0.005714285714285685	0.0077922077922077185	0.043636363636363626	-0.009610389610389543	-0.005714285714285685	24892073
2023-04-07	-0.024822695035460914	0.0020263424518745035	0.023302938196555264	-0.035460992907801386	-0.024822695035460914	28838630
2023-04-06	-0.029737036126812506	-0.03022855738510683	-0.012042270828213195	-0.04644875890882282	-0.029737036126812506	18932829
2023-04-04	-0.026555023923444963	0.007177033492823069	0.01674641148325366	-0.04258373205741613	-0.026555023923444963	26856362
2023-04-03	0.1224489795918366	0.004296455424274881	0.18152524167561757	0.004296455424274881	0.1224489795918366	52008761
2023-03-31	0.01499046061597177	-0.0019078768056691275	0.019078768056691276	-0.026165167620605095	0.01499046061597177	12521499
2023-03-30	-0.013709677419354974	-0.008064516129032372	0.006182795698924647	-0.030645161290322593	-0.013709677419354974	13804887
2023-03-29	-0.0512624330527926	0.0	0.011986738077021138	-0.058913542463657285	-0.0512624330527926	21875772
2023-03-28	-0.02414136386261819	-0.018666002986560477	0.0004977600796416906	-0.04902936784469883	-0.02414136386261819	15923321
2023-03-27	0.05487004463113668	-0.0031504331845629966	0.07324757154108687	-0.004988185875558016	0.05487004463113668	35452940
2023-03-24	0.03844056706652137	0.0019083969465648932	0.04416575790621585	0.0016357688113413924	0.03844056706652137	18259312
2023-03-23	-0.003260869565217322	-0.008152173913043402	0.02500000000000005	-0.011956521739130374	-0.003260869565217322	11587269
2023-03-22	-0.005405405405405482	0.002702702702702741	0.01216216216216224	-0.025675675675675753	-0.005405405405405482	16431110
2023-03-21	-0.022715266772319057	0.0002641310089804018	0.01162176439513993	-0.029846804014791405	-0.022715266772319057	16361622
2023-03-20	0.03132661400163439	0.007899754835194747	0.07600108962135656	0.0065377281394715875	0.03132661400163439	22077655
2023-03-17	0.04289772727272721	0.007954545454545284	0.0508522727272727	0.004829545454545301	0.04289772727272721	19433822
2023-03-16	0.012658227848101406	-0.0002876869965476988	0.026467203682393605	-0.005753739930954999	0.012658227848101406	8955466
2023-03-15	-0.01613359750919899	0.005377865836399797	0.013303141805830707	-0.02066232663458808	-0.01613359750919899	7521498
2023-03-14	-0.021329639889196762	-0.0052631578947369756	0.02271468144044322	-0.024930747922437633	-0.021329639889196762	8105934
2023-03-13	0.028197094844773625	-0.0037026488180006427	0.034747935061236086	-0.00512674451723155	0.028197094844773625	10987993
2023-03-10	-0.027423822714681495	-0.007756232686980641	-0.0005540166204987015	-0.03019390581717461	-0.027423822714681495	11376736
2023-03-09	0.013475575519371253	0.00505334081976417	0.04098820887142058	-0.002526670409881985	0.013475575519371253	12031726
2023-03-08	0.020630372492836644	0.0	0.024928366762177783	-0.011461318051575891	0.020630372492836644	9236761
2023-03-07	-0.008804316955410459	0.0011360408974722847	0.053393922181198594	-0.01590457256461239	-0.008804316955410459	13458673
2023-03-06	-0.019220055710306345	-0.005013927576601664	0.006963788300835655	-0.026183844011142	-0.019220055710306345	11164081
2023-03-03	0.0008363534987455015	0.0	0.009199888486200318	-0.018120992472818474	0.0008363534987455015	7145758
2023-03-02	0.03074712643678162	-0.007758620689655059	0.04022988505747143	-0.008908045977011355	0.03074712643678162	15154963
2023-03-01	0.03818615751789958	0.0050715990453459	0.0441527446300715	-0.006264916467780455	0.03818615751789958	14773210
2023-02-28	0.03841387856257751	0.006815365551424995	0.05669144981412634	0.006815365551424995	0.03841387856257751	12896132
2023-02-27	-0.011332312404287824	-0.009494640122511338	-0.00245022970903517	-0.017457886676875967	-0.011332312404287824	6017169
2023-02-24	-0.00820170109356024	-0.0036452004860268693	-0.0018226002430134346	-0.0182260024301337	-0.00820170109356024	5714945
2023-02-23	0.000607902735562405	0.011854103343465063	0.012158054711246157	-0.014285714285714252	0.000607902735562405	7163256
2023-02-22	-0.014084507042253488	-0.011687144141444429	0.00419538507641596	-0.019478573569073978	-0.014084507042253488	9978347
2023-02-21	-0.038328530259366146	-0.008645533141210497	0.0	-0.0481268011527378	-0.038328530259366146	13934161
2023-02-20	0.030897207367795793	-0.0005941770647651819	0.042483660130719164	-0.01663695781342826	0.030897207367795793	15752595
2023-02-17	-0.0366342301087579	-0.0034344590726959772	0.010875787063537567	-0.040068689181453884	-0.0366342301087579	10723502
2023-02-16	0.0186588921282799	-0.005539358600583025	0.05393586005830908	-0.005830903790087339	0.0186588921282799	15646181
2023-02-15	-0.0005827505827506738	-0.004953379953380003	0.006410256410256377	-0.009906759906760007	-0.0005827505827506738	7697606
2023-02-14	-0.02026834142163862	-0.0008564087924636351	0.008278618327148135	-0.023693976591492957	-0.02026834142163862	7264731
2023-02-13	0.013892908827785934	-0.001447178002894274	0.023154848046309823	-0.012735166425470268	0.013892908827785934	11943705
2023-02-10	0.016475433951161963	-0.0005884083553987387	0.02942041776993233	-0.0061782877316858146	0.016475433951161963	10746974
2023-02-09	-0.001468860164512255	-0.00528789659224441	0.0038190364277321553	-0.01880141010575795	-0.001468860164512255	7780264
2023-02-08	-0.026594223620245917	-0.002859593937660893	-0.002859593937660893	-0.04175007148984847	-0.026594223620245917	14012014
2023-02-07	0.006330935251798528	-0.0020143884892086412	0.021294964028777036	-0.01812949640287777	0.006330935251798528	13432009
2023-02-06	0.008708272859216172	-0.012191582002902806	0.014513788098693758	-0.027285921625544406	0.008708272859216172	19992600
2023-02-03	0.03391356542617054	0.0	0.03811524609843947	0.0	0.03391356542617054	20543070
2023-02-02	0.06794871794871798	0.0012820512820512547	0.10320512820512828	-0.0073717948717948855	0.06794871794871798	37185291
2023-02-01	0.02362204724409445	0.00032808398950124706	0.030183727034120676	-0.010826771653543368	0.02362204724409445	17200406
2023-01-31	-0.01962045673850111	0.0	0.009006111289803833	-0.026696687037632623	-0.01962045673850111	14032425
2023-01-30	-0.030860349127181996	0.009975062344139661	0.014339152119700776	-0.041458852867830374	-0.030860349127181996	19207361
2023-01-20	-0.02492401215805472	0.0015197568389059047	0.006079027355623187	-0.03647416413373858	-0.02492401215805472	16978966
2023-01-19	-0.009334537789822411	-0.011442336645588755	-0.0069256248118037935	-0.02439024390243909	-0.009334537789822411	12609176
2023-01-18	0.050949367088607575	-0.00791139240506329	0.055696202531645506	-0.010126582278481022	0.050949367088607575	18493177
2023-01-17	-0.014040561622464767	0.0	0.0031201248049922445	-0.030265210608424305	-0.014040561622464767	13913343
2023-01-16	0.005017246785826171	0.00031357792411407996	0.016933207902163662	-0.0206961429915334	0.005017246785826171	15423504
2023-01-13	0.015605095541401338	0.00031847133757966764	0.017515923566879005	-0.0063694267515923345	0.015605095541401338	12758661
2023-01-12	-0.011957205789804989	-0.005663939584644421	0.0022026431718061763	-0.022026431718061762	-0.011957205789804989	11204184
2023-01-11	-0.021250384970742154	-0.0021558361564521186	-0.0021558361564521186	-0.024946104096088658	-0.021250384970742154	9973182
2023-01-10	0.0006163328197225275	0.001232665639445274	0.010785824345146203	-0.014483821263482353	0.0006163328197225275	10389985
2023-01-09	-0.02229587225067776	-0.005122024706236656	0.00692979813196758	-0.02350105453449838	-0.02229587225067776	13072891
2023-01-06	-0.004499100179964177	-0.010197960407918517	0.019496100779843987	-0.013197360527894565	-0.004499100179964177	18692428
2023-01-05	0.055063291139240564	-0.004113924050632992	0.060126582278480965	-0.004113924050632992	0.055063291139240564	32663350
2023-01-04	-0.005976722239697947	-0.00912236552374958	0.014469959106637335	-0.017930166719094063	-0.005976722239697947	19915570
2023-01-03	0.05896069287141904	0.0026648900732845386	0.07028647568287819	-0.006329113924050675	0.05896069287141904	26764475
2022-12-30	0.0020026702269692496	0.016355140186915834	0.030040053404539337	-0.005006675567423302	0.0020026702269692496	16892261
2022-12-29	-0.020915032679738578	-0.007843137254902025	0.008823529411764692	-0.02385620915032681	-0.020915032679738578	15827597
2022-12-28	-0.019545017622556855	-0.006408202499198952	0.008330663248958602	-0.02371034924703627	-0.019545017622556855	14651334
2022-12-27	0.01793868232224399	0.0	0.03131115459882586	-0.01826484018264836	0.01793868232224399	19150190
2022-12-26	0.006565988181221251	-0.016743269862114298	0.029546946815495686	-0.018056467498358524	0.006565988181221251	18704441
2022-12-23	0.017028380634390702	-0.01035058430717859	0.03005008347245416	-0.022370617696160205	0.017028380634390702	32819344
2022-12-22	0.09107468123861567	0.0029143897996357685	0.09981785063752284	0.0029143897996357685	0.09107468123861567	40876600
2022-12-21	0.02158541123930027	-0.0033494603647190122	0.04168217342761434	-0.004465947152958727	0.02158541123930027	13350859
2022-12-20	-0.02820976491862559	0.0028933092224232133	0.011211573236889776	-0.036528028933092156	-0.02820976491862559	11349623
2022-12-19	0.003994190268700052	-0.009803921568627435	0.03594771241830073	-0.010167029774872825	0.003994190268700052	19732703
2022-12-16	-0.004338394793926283	-0.009038322487346349	0.0003615328994939105	-0.026391901663051352	-0.004338394793926283	12049959
2022-12-15	0.011334552102376553	-0.007678244972577727	0.02157221206581352	-0.00877513711151744	0.011334552102376553	17852830
2022-12-14	0.012962962962963016	-0.00037037037037042825	0.027777777777777776	-0.028888888888888933	0.012962962962963016	20117176
2022-12-13	0.02661596958174902	-0.00570342205323202	0.04942965779467683	-0.011026615969581717	0.02661596958174902	21724160
2022-12-12	-0.007921539041871024	0.00037721614485092454	0.013956997359486889	-0.011693700490381074	-0.007921539041871024	10951760
2022-12-09	-0.004879879879879843	-0.00037537537537543403	0.002252252252252204	-0.028528528528528586	-0.004879879879879843	12424285
2022-12-08	-0.003739715781600519	-0.005609573672400845	0.01271503365744203	-0.01234106207928191	-0.003739715781600519	13711715
2022-12-07	-0.009629629629629688	0.0	0.01518518518518519	-0.025555555555555602	-0.009629629629629688	14171683
2022-12-06	0.0	-0.010740740740740709	0.03518518518518516	-0.014074074074074037	0.0	18964081
2022-12-05	0.02778835173201372	0.012561857632280238	0.03578226113437386	0.004567948229920099	0.02778835173201372	16173610
2022-12-02	-0.00942684766214178	-0.011689291101055758	0.0	-0.016214177978883852	-0.00942684766214178	8917193
2022-12-01	0.05321683876092136	0.02382843526608425	0.06513105639396348	0.017077045274026995	0.05321683876092136	20252555
2022-11-30	-0.014481409001956986	-0.002739726027397271	0.001956947162426642	-0.02191780821917817	-0.014481409001956986	9214287
2022-11-29	0.03190630048465263	-0.0024232633279483956	0.04200323101777056	-0.0024232633279483956	0.03190630048465263	12121183
2022-11-28	0.004870129870129911	-0.017857142857142908	0.006493506493506499	-0.02719155844155851	0.004870129870129911	9320061
2022-11-25	-0.006050826946349277	0.0020169423154498068	0.009277934651068997	-0.01169826542960868	-0.006050826946349277	9486451
2022-11-24	-0.015097338100913887	0.007945967421533542	0.011124354390146904	-0.018673023440603988	-0.015097338100913887	9144209
2022-11-23	-0.004351265822784787	0.003955696202531561	0.008702531645569575	-0.020174050632911455	-0.004351265822784787	10657065
2022-11-22	-0.019014357780364706	-0.0062087698874660514	0.009313154831199147	-0.027939464493597164	-0.019014357780364706	13591239
2022-11-21	-0.036635514018691605	-0.013084112149532763	-0.011214953271028064	-0.04411214953271027	-0.036635514018691605	13690952
2022-11-18	0.008292499057670518	0.004146249528835259	0.05239351677346402	0.004146249528835259	0.008292499057670518	24205404
2022-11-17	0.015308075009567629	0.006505931879066273	0.04477611940298514	-0.0011481056257174737	0.015308075009567629	22466419
2022-11-16	-0.01097653292959889	0.003785011355033984	0.03822861468584398	-0.012490537471612485	-0.01097653292959889	19337251
2022-11-15	0.055111821086262086	-0.007587859424920037	0.0630990415335464	-0.007587859424920037	0.055111821086262086	19271101
2022-11-14	-0.015723270440251656	0.0015723270440251237	0.014150943396226393	-0.020440251572327026	-0.015723270440251656	10760609
2022-11-11	0.02456705598066867	0.031010873942811244	0.04107933950865901	0.004832863471606968	0.02456705598066867	18858315
2022-11-10	0.013469387755101972	-0.011020408163265289	0.022040816326530578	-0.012244897959183702	0.013469387755101972	10212507
2022-11-09	-0.02312599681020727	-0.013157894736842039	-0.0031897926634768064	-0.02312599681020727	-0.02312599681020727	9932349
2022-11-08	-0.012209531311540065	0.007483261126427638	0.007483261126427638	-0.03505317053958253	-0.012209531311540065	20381061
2022-11-07	0.045716639209225675	-0.007413509060955507	0.04983525535420087	-0.011943986820428448	0.045716639209225675	22932241
2022-11-04	0.02837780601440075	0.0038119440914866523	0.044049131723845794	-0.004235493434985085	0.02837780601440075	16979355
2022-11-03	-0.01870324189526182	-0.023275145469659135	0.009559434746467184	-0.02743142144638405	-0.01870324189526182	14501752
2022-11-02	0.05433829973707267	0.021034180543383015	0.093339176161262	0.007887817703768611	0.05433829973707267	35059324
2022-11-01	0.04058367533059738	-0.001367989056087603	0.04058367533059738	-0.011855905152758688	0.04058367533059738	13211965
2022-10-31	0.029577464788732348	-0.003286384976525835	0.04131455399061028	-0.005164319248826264	0.029577464788732348	10106525
2022-10-28	-0.0344514959202175	0.0004533091568450392	0.007706255666364539	-0.03898458748866725	-0.0344514959202175	11990884
2022-10-27	0.01378676470588222	0.004136029411764699	0.031249999999999986	0.0032169117647057317	0.01378676470588222	14025477
2022-10-26	0.04414587332053751	0.006717850287907897	0.06765834932821498	0.006717850287907897	0.04414587332053751	26239998
2022-10-25	-0.10094909404659189	-0.010785159620362382	-0.007765314926660902	-0.10785159620362382	-0.10094909404659189	29857147
2022-10-24	-0.04254440313919872	0.0004130524576620409	0.02230483271375461	-0.04254440313919872	-0.04254440313919872	10767269
2022-10-21	-0.028491171749598747	0.005216693418940569	0.009630818619582602	-0.028491171749598747	-0.028491171749598747	8888839
2022-10-20	-0.0020024028834600385	0.016419703644373253	0.024429315178213836	-0.014417300760913073	-0.0020024028834600385	10858921
2022-10-19	-0.00952003173343919	-0.0055533518445061705	0.005156683855612813	-0.019833399444664813	-0.00952003173343919	5943830
2022-10-18	-0.006306661411115496	0.007883326763894334	0.011036657469452014	-0.011824990145841572	-0.006306661411115496	8583419
2022-10-17	0.0027667984189723434	-0.00790513833992092	0.018972332015810292	-0.009090909090909108	0.0027667984189723434	6451671
2022-10-14	0.034341782502044144	0.005314799672935364	0.052739165985282055	0.0020441537203598	0.034341782502044144	13362797
2022-10-13	0.01493775933609956	0.0	0.03402489626556018	-0.00829875518672211	0.01493775933609956	8717488
2022-10-12	0.01773648648648656	-0.007179054054053976	0.018581081081081134	-0.020692567567567502	0.01773648648648656	7530186
2022-10-11	0.00211595429538725	0.00253914515446476	0.009733389758781229	-0.024545069826491676	0.00211595429538725	7964729
2022-10-10	-0.05214600882470922	-0.00882470918571997	-0.00641797031688729	-0.05214600882470922	-0.05214600882470922	11191290
2022-09-30	0.005241935483870927	-0.0036290322580645102	0.012499999999999949	-0.007661290322580697	0.005241935483870927	6765247
2022-09-29	-0.025157232704402538	0.010220125786163443	0.021226415094339587	-0.027515723270440363	-0.025157232704402538	9909784
2022-09-28	-0.014717273431448451	-0.006584043377227022	0.0038729666924865	-0.015491866769945723	-0.014717273431448451	6537814
2022-09-27	0.04196933010492329	0.0004035512510087978	0.04439063761097651	0.0004035512510087978	0.04196933010492329	9701884
2022-09-26	-0.008403361344537707	-0.00040016006402553064	0.01040416166466593	-0.012004801920768195	-0.008403361344537707	5826296
2022-09-23	-0.020768025078369952	-0.004310344827586184	0.0019592476489028493	-0.03134796238244517	-0.020768025078369952	7576051
2022-09-22	-0.015052103434967216	0.0	0.005017367811655693	-0.01659590891547664	-0.015052103434967216	6171390
2022-09-21	0.009742790335151987	-0.006235385814497277	0.01870615744349183	-0.022603273577552683	0.009742790335151987	8477256
2022-09-20	-0.008500772797527005	0.0023183925811438282	0.008114374034003124	-0.017774343122101906	-0.008500772797527005	9333585
2022-09-19	-0.011081390905617222	-0.008406572411157906	0.0011463507833396095	-0.024455483377913662	-0.011081390905617222	9795584
2022-09-16	-0.037513791835233526	-0.006252298639205653	0.006252298639205522	-0.039720485472600285	-0.037513791835233526	9840825
2022-09-15	-0.0018355359765050354	0.005873715124816452	0.029735682819383345	-0.008810572687224613	-0.0018355359765050354	13537480
2022-09-14	-0.005839416058394166	-0.020072992700729823	0.0029197080291971478	-0.021532846715328464	-0.005839416058394166	6269274
2022-09-13	0.012939001848428756	-0.0003696857670980245	0.019593345656192147	-0.004436229205175638	0.012939001848428756	7457935
2022-09-09	0.011214953271028064	-0.000373831775700993	0.012336448598130777	-0.008598130841121512	0.011214953271028064	7696022
2022-09-08	-0.0158204562178072	0.00404709345106694	0.006254598969830821	-0.01618837380426789	-0.0158204562178072	10543074
2022-09-07	-0.022653721682847863	-0.006472491909385103	-0.0021574973031283254	-0.025889967637540413	-0.022653721682847863	9941505
2022-09-06	0.010537790697674387	0.005087209302325602	0.011264534883720884	-0.006177325581395282	0.010537790697674387	5995693
2022-09-05	-0.018194791295041084	-0.0010702818408848068	0.0	-0.025330003567606167	-0.018194791295041084	8600694
2022-09-02	0.014477017734346802	0.002533478103510687	0.02099167571480282	0.0003619254433587247	0.014477017734346802	7778129
2022-09-01	-0.006115107913669126	-0.0017985611510791622	0.016187050359712206	-0.008992805755395683	-0.006115107913669126	8258617
2022-08-31	-0.004654493376297852	-0.007876834944504077	0.012531328320802056	-0.01969208736126032	-0.004654493376297852	11345522
2022-08-30	0.00323275862068965	-0.003591954022988557	0.014727011494252878	-0.005028735632183929	0.00323275862068965	8147289
2022-08-29	-0.007486631016042811	-0.017112299465240656	-0.006060606060606121	-0.034937611408199655	-0.007486631016042811	10390188
2022-08-26	-0.008483563096500476	-0.0021208907741250872	0.02439024390243907	-0.008837044892188053	-0.008483563096500476	10851242
2022-08-25	0.013978494623655935	0.005017921146953426	0.020430107526881732	-0.01075268817204291	0.013978494623655935	10374326
2022-08-24	-0.038925249741646656	0.0	0.0	-0.043058904581467446	-0.038925249741646656	15037912
2022-08-23	-0.019256756756756765	-0.009121621621621726	-0.005067567567567639	-0.023310810810810854	-0.019256756756756765	11372035
2022-08-22	0.002031144211239075	-0.0006770480704129849	0.0030467163168584922	-0.022681110358835417	0.002031144211239075	12712059
2022-08-19	0.0010166045408335337	-0.002710945442223038	0.03049813622500842	-0.00576075906472388	0.0010166045408335337	17522366
2022-08-18	-0.03530565544295516	0.00915331807780324	0.01340307289964041	-0.036940176528277184	-0.03530565544295516	24650871
2022-08-17	-0.004231770833333301	0.0003255208333333842	0.0013020833333334213	-0.02311197916666658	-0.004231770833333301	10438836
2022-08-16	-0.0402999062792877	0.0	0.008434864104967296	-0.04717275851296464	-0.0402999062792877	14941702
2022-08-15	0.0	0.001562011871290355	0.002811621368322506	-0.02467978756638548	0.0	10730491
2022-08-12	-0.0006244146113020021	-0.0012488292226038931	0.006868560724320913	-0.00967842647517959	-0.0006244146113020021	7151502
2022-08-11	0.04332247557003263	0.005863192182410415	0.046254071661237725	0.0006514657980455888	0.04332247557003263	14669886
2022-08-10	-0.02909550917141055	-0.0069576217583808475	-0.0037950664136622704	-0.04048070841239725	-0.02909550917141055	9944176
2022-08-09	-0.0025236593059936373	0.004416403785488977	0.004731861198738238	-0.01514195583596216	-0.0025236593059936373	5140871
2022-08-08	-0.002517306482064249	0.0006293266205160344	0.005978602894902383	-0.007237256135934563	-0.002517306482064249	6785119
2022-08-05	0.0551128818061089	0.0033200531208498626	0.05677290836653377	-0.0009960159362550178	0.0551128818061089	12103603
2022-08-04	0.007021063189568735	0.008358408559010365	0.021063189568706085	-0.0010030090270812817	0.007021063189568735	6801160
2022-08-03	-0.00894632206759442	-0.000994035785288308	0.023525513585155762	-0.010271703114645418	-0.00894632206759442	6973469
2022-08-02	-0.0458425545368321	-0.016756244072083388	-0.016756244072083388	-0.06417957635156489	-0.0458425545368321	10549760
2022-08-01	0.008609693877551007	0.002869897959183669	0.03443877551020403	-0.008609693877551007	0.008609693877551007	7710672
2022-07-29	-0.0075949367088608225	0.008227848101265759	0.00949367088607586	-0.016455696202531744	-0.0075949367088608225	7486127
2022-07-28	-0.009714822939517352	-0.0009401441554372027	0.001566906925728634	-0.014102162331557483	-0.009714822939517352	6259393
2022-07-27	0.017862838915470452	-0.002232854864433821	0.03636363636363638	-0.007655502392344561	0.017862838915470452	11186608
2022-07-26	0.018187723286781497	0.00032478077297829047	0.028905488795063352	-0.0025982461838258623	0.018187723286781497	8121304
2022-07-25	-0.006453694740238764	-0.00548564052920291	-0.0009680542110357401	-0.018715714746692428	-0.006453694740238764	5151676
2022-07-22	-0.011483253588516842	-0.0041467304625200175	-0.002232854864433821	-0.01977671451355665	-0.011483253588516842	9502937
2022-07-21	0.028205969170219843	0.00032797638570028086	0.03574942604132502	-0.003279763857002226	0.028205969170219843	16998755
2022-07-20	0.006270627062706195	0.003960396039603993	0.029702970297029656	0.0003300330033002644	0.006270627062706195	13115965
2022-07-19	0.013377926421404755	0.0	0.014715719063545194	-0.006688963210702318	0.013377926421404755	6987115
2022-07-18	0.01597009853890584	0.0	0.023445463812436333	-0.008494733265375467	0.01597009853890584	8566409
2022-07-15	-0.028071334214002687	0.0006605019815059304	0.0006605019815059304	-0.028401585204755594	-0.028071334214002687	13738106
2022-07-14	-0.00197758734344096	0.0013183915622939732	0.01680949241924857	-0.01054713249835202	-0.00197758734344096	7017278
2022-07-13	-0.012369791666666635	0.002604166666666727	0.018880208333333395	-0.017578124999999972	-0.012369791666666635	9460732
2022-07-12	-0.005181347150259072	0.007448186528497424	0.010038860103627017	-0.017163212435233083	-0.005181347150259072	7466541
2022-07-11	-0.02862535388486946	-0.005976722239697947	-0.005976722239697947	-0.03460207612456741	-0.02862535388486946	7477590
2022-07-08	0.019563822963438084	0.006093649775497155	0.03046824887748566	0.0022450288646568405	0.019563822963438084	10715908
2022-07-07	-0.00826972010178122	0.0038167938931296893	0.004134860050890554	-0.030216284987277443	-0.00826972010178122	9784685
2022-07-06	-0.017806935332708426	-0.005935645110902772	0.0003124023742582042	-0.028428616057481933	-0.017806935332708426	10338989
2022-07-05	-0.03000000000000006	0.0	0.008787878787878761	-0.040606060606060604	-0.03000000000000006	14752367
2022-07-04	0.0030395136778115935	-0.010334346504559158	0.00881458966565347	-0.021276595744680722	0.0030395136778115935	11967076
2022-07-01	-0.013788968824940073	-0.0032973621103117336	0.01588729016786574	-0.01498800959232614	-0.013788968824940073	15476579
2022-06-30	0.009990917347865525	-0.0003027550711473815	0.02210112019376315	-0.001211020284589741	0.009990917347865525	11381192
2022-06-29	-0.02537621717320742	-0.008262024195928036	0.007376807317792859	-0.025671289465919074	-0.02537621717320742	15576380
2022-06-28	-0.020520231213872857	-0.004335260115606895	0.0	-0.03179190751445091	-0.020520231213872857	19055298
2022-06-27	0.031296572280178965	0.0065573770491805065	0.07511177347242931	0.004470938897168575	0.031296572280178965	20234555
2022-06-24	0.011761158021712926	-0.004825090470446218	0.0238238841978289	-0.005126658624849054	0.011761158021712926	9788691
2022-06-23	-0.023844568737121055	-0.000883132175448959	0.009420076538121882	-0.047983514866058154	-0.023844568737121055	17591422
2022-06-22	-0.06701455644053826	0.0	0.0038450975006866406	-0.07443010162043379	-0.06701455644053826	19590273
2022-06-21	-0.011403746945424972	-0.004615802335052993	-0.0002715177844148252	-0.021992940537605084	-0.011403746945424972	9018660
2022-06-20	0.03338945005611666	0.00028058361391689144	0.04320987654320985	-0.014029180695847363	0.03338945005611666	16645886
2022-06-17	-0.008071249652101285	0.0002783189535206794	0.004453103256331859	-0.027831895352073477	-0.008071249652101285	12486016
2022-06-16	0.03010321100917423	-0.0017201834862385973	0.05676605504587147	-0.0037270642201835593	0.03010321100917423	15937530
2022-06-15	-0.010496453900709147	0.002269503546099242	0.020425531914893585	-0.013049645390070946	-0.010496453900709147	15536593
2022-06-14	0.0017050298380222302	-0.01335606706450693	0.0028417163967036497	-0.030974708724069235	0.0017050298380222302	10816350
2022-06-13	-0.029509100937672377	-0.012961941533370075	-0.005239933811362321	-0.041643684500827303	-0.029509100937672377	13558219
2022-06-10	0.04586097490625891	-0.010095183155465861	0.05653302567060862	-0.024228439573118068	0.04586097490625891	18000834
2022-06-09	-0.0065902578796560715	-0.0002865329512893413	0.028080229226361147	-0.01747851002865328	-0.0065902578796560715	12764161
2022-06-08	-0.016347237880496007	0.003664036076662981	0.005636978579481478	-0.031003382187147533	-0.016347237880496007	10548789
2022-06-07	0.011114277571957635	-0.004559703619264853	0.031062980906240985	-0.011969222000570011	0.011114277571957635	13975380
2022-06-06	0.014748409485251739	-0.007229612492770388	0.017929438982070695	-0.013880855986119054	0.014748409485251739	10748936
2022-06-02	-0.013409415121255317	-0.001426533523537722	0.0034236804564908574	-0.019400855920114115	-0.013409415121255317	11943618
2022-06-01	-0.03203534935100811	-0.009665838166252456	0.009389671361502245	-0.03728251864125936	-0.03203534935100811	14507890
2022-05-31	-0.003577325261419993	-0.006329113924050742	0.0016510731975782928	-0.03192074848651633	-0.003577325261419993	13696409
2022-05-30	-0.026520225020090944	-0.0008036431824270329	0.0005357621216180854	-0.03589606214840601	-0.026520225020090944	11310171
2022-05-27	-0.025071820318621072	0.001828153564899459	0.0041786367197702715	-0.03264559937320449	-0.025071820318621072	11297304
2022-05-26	0.015380535666931802	-0.005038451339167269	0.020153805356669264	-0.03208697958101302	0.015380535666931802	14226366
2022-05-25	0.007211538461538545	0.0016025641025641634	0.038995726495726524	-0.01709401709401711	0.007211538461538545	20664213
2022-05-24	0.0546478873239436	0.018309859154929536	0.09999999999999992	0.018309859154929536	0.0546478873239436	27952586
2022-05-23	-0.011142061281337007	0.03036211699164355	0.038997214484679625	-0.01643454038997204	-0.011142061281337007	10892851
2022-05-20	0.02718168812589401	0.0014306151645206624	0.03519313304721021	0.0014306151645206624	0.02718168812589401	9068479
2022-05-19	-0.016324233042499248	-0.017450042217844203	-0.007880664227413485	-0.05263157894736855	-0.016324233042499248	13709536
2022-05-18	-0.021212121212121106	0.01267217630853997	0.013774104683195593	-0.03140495867768597	-0.021212121212121106	9956740
2022-05-17	0.031543052003410045	0.008240977550440442	0.03893151463483958	0.0019892014776925343	0.031543052003410045	13966722
2022-05-16	0.014413375612568464	0.0	0.04352839434995691	-0.004324012683770498	0.014413375612568464	10169585
2022-05-13	-0.007723112128146543	0.0	0.0037185354691076245	-0.021739130434782553	-0.007723112128146543	7873587
2022-05-12	0.02521994134897359	-0.01085043988269808	0.03137829912023461	-0.022580645161290415	0.02521994134897359	12020674
2022-05-11	0.005899705014749347	0.01769911504424783	0.07168141592920353	0.000884955752212423	0.005899705014749347	20588055
2022-05-10	-0.008191925102399097	-0.017261556465769348	0.005266237565827961	-0.02867173785839663	-0.008191925102399097	9629142
2022-05-09	0.017867778439547392	-0.011911852293031525	0.02977963073257892	-0.013996426444312057	0.017867778439547392	11905966
2022-05-06	-0.04330484330484339	-0.027350427350427375	-0.027065527065527145	-0.059829059829059866	-0.04330484330484339	14283470
2022-05-05	-0.019553072625698206	-0.02234636871508372	0.0	-0.03826815642458094	-0.019553072625698206	18114293
2022-04-29	0.13040732554467935	0.009788443321755564	0.16671929270603097	0.0012630249447426317	0.13040732554467935	36147816
2022-04-28	-0.017070142768466703	-0.009931719428926141	0.007138423339540781	-0.04220980757293605	-0.017070142768466703	14034850
2022-04-27	0.05812807881773398	0.01083743842364538	0.06995073891625612	-0.027914614121510604	0.05812807881773398	23137202
2022-04-26	0.05290456431535261	0.013139695712309786	0.08782849239280771	0.012793914246196315	0.05290456431535261	25682955
2022-04-25	0.0208259795270033	0.0	0.06600776561948468	-0.007059654076950205	0.0208259795270033	19642911
2022-04-22	-0.014608695652173972	-0.012173913043478311	-0.006608695652173958	-0.04730434782608694	-0.014608695652173972	10064785
2022-04-21	-0.03133423180592991	-0.00977088948787059	-0.0010107816711590679	-0.04380053908355797	-0.03133423180592991	8624276
2022-04-20	0.021686746987951772	-0.003442340791738431	0.042685025817555886	-0.005507745266781416	0.021686746987951772	11553746
2022-04-19	0.010083449235048648	0.0	0.013560500695410187	-0.02260083449235056	0.010083449235048648	8275229
2022-04-18	-0.01775956284153004	-0.014685792349726766	0.003073770491803274	-0.03654371584699454	-0.01775956284153004	8802478
2022-04-15	-0.029177718832891213	-0.004973474801060961	-0.004641909814323626	-0.04244031830238731	-0.029177718832891213	8948207
2022-04-14	0.026548672566371723	0.0044247787610620344	0.04152484683458143	-0.0020422055820285474	0.026548672566371723	7133281
2022-04-13	-0.03227931488801056	-0.011857707509881405	0.002964426877470351	-0.033267457180500594	-0.03227931488801056	6477502
2022-04-12	0.023946037099494128	0.0016863406408094675	0.02866779089376059	-0.010118043844856565	0.023946037099494128	8101039
2022-04-11	-0.02818747951491324	-0.006882989183874168	0.0006555227794165707	-0.041297935103244886	-0.02818747951491324	8973362
2022-04-08	-0.028343949044585894	-0.00923566878980889	-0.0003184713375795545	-0.039808917197452234	-0.028343949044585894	9256759
2022-04-07	-0.014747411358644569	-0.011295889551302146	0.0009413241292751046	-0.032946344524631334	-0.014747411358644569	10331913
2022-04-06	-0.0009404388714732786	0.0	0.027899686520376193	-0.014420062695924682	-0.0009404388714732786	9748883
2022-04-01	0.023748395378690577	-0.011553273427471098	0.035622593068036036	-0.019255455712451908	0.023748395378690577	13083372
2022-03-31	-0.033798449612403095	-0.013643410852713218	-0.007751937984496124	-0.03472868217054267	-0.033798449612403095	8957679
2022-03-30	0.01960164400885239	-0.0012646221941194798	0.021814732848561533	-0.015807777426493835	0.01960164400885239	11120431
2022-03-29	-0.0022082018927444885	-0.0003154574132491486	0.002839116719242898	-0.02460567823343841	-0.0022082018927444885	9928390
2022-03-28	0.03223705633344182	0.004884402474763874	0.03777271247150766	0.0009768804949527054	0.03223705633344182	14812485
2022-03-25	-0.012540192926045034	-0.0041800643086817545	0.009003215434083523	-0.015434083601286187	-0.012540192926045034	7646387
2022-03-24	-0.020780856423173805	-0.012909319899244336	-0.01039042821158696	-0.034634760705289716	-0.020780856423173805	9548422
2022-03-23	0.01243226012113486	0.004462862607586884	0.024864520242269608	-0.009563277016257593	0.01243226012113486	11159452
2022-03-22	0.02852459016393446	-0.004262295081967181	0.03508196721311476	-0.017377049180327907	0.02852459016393446	14081869
2022-03-21	0.0009845749917952458	0.0	0.02362979980308508	-0.0045946832950443245	0.0009845749917952458	11825956
2022-03-18	0.0016436554898092424	-0.004930966469428077	0.0088757396449704	-0.024326101249178236	0.0016436554898092424	11424488
2022-03-17	0.04285224545766198	0.0404525197120329	0.07370586218717856	0.02194034967432283	0.04285224545766198	20122371
2022-03-16	0.04890327220424319	0.024811218985976314	0.06076950737144917	-0.02876663070837818	0.04890327220424319	20085751
2022-03-15	-0.05536684782608704	-0.015625000000000028	0.00033967391304341065	-0.05536684782608704	-0.05536684782608704	15048517
2022-03-14	-0.03316912972085379	-0.009523809523809495	0.0019704433497537695	-0.03612479474548433	-0.03316912972085379	11060330
2022-03-11	-0.004251144538914291	-0.03597122302158266	0.0032701111837802953	-0.04054937867887503	-0.004251144538914291	17749373
2022-03-10	0.0006544502617800908	0.028795811518324693	0.04253926701570683	-0.0016361256544501687	0.0006544502617800908	15160482
2022-03-09	-0.027371101209420844	0.0038192234245702558	0.00732017823042638	-0.07224697644812231	-0.027371101209420844	15971349
2022-03-08	-0.0341223486012911	-0.0024592683676605684	0.013218567476175828	-0.04303719643406093	-0.0341223486012911	12309945
2022-03-07	-0.03814311058545237	-0.015375517445298732	-0.007983441750443616	-0.04937906564163222	-0.03814311058545237	14992318
2022-03-04	0.016225961538461512	-0.011418269230769306	0.021033653846153716	-0.017427884615384564	0.016225961538461512	14735960
2022-03-03	-0.023187555033754012	0.004402700322864649	0.009685940710302269	-0.02759025535661866	-0.023187555033754012	12482263
2022-03-02	-0.00029342723004689	-0.002347417840375537	0.001760563380281757	-0.015845070422535187	-0.00029342723004689	9397912
2022-03-01	-0.0014649868151187888	-0.009375915616759456	0.010840902431878038	-0.009961910342807015	-0.0014649868151187888	11138090
2022-02-28	-0.004085205719288023	0.011088415523781599	0.014881820834549109	-0.032681645754304184	-0.004085205719288023	16902029
2022-02-25	0.026047904191616903	0.011976047904191574	0.05449101796407187	0.011976047904191574	0.026047904191616903	17155145
2022-02-24	-0.052213393870601685	-0.009648127128263434	-0.004540295119182852	-0.06668558456299663	-0.052213393870601685	21290933
2022-02-23	0.02471648735097416	-0.006106426286711278	0.03314917127071825	-0.007269555103227682	0.02471648735097416	15885193
2022-02-22	-0.057033177954483094	-0.012887304633945678	-0.012887304633945678	-0.08143679736769945	-0.057033177954483094	28987788
2022-02-21	-0.011653116531165304	-0.006775067750677507	0.007859078590785886	-0.01951219512195119	-0.011653116531165304	8441402
2022-02-18	0.008196721311475332	-0.010382513661202256	0.01967213114754095	-0.012021857923497399	0.008196721311475332	7579365
2022-02-17	-0.013742926434923149	-0.00808407437348416	-0.00026946914578275424	-0.01913230935057938	-0.013742926434923149	9721707
2022-02-16	-0.00987193169690495	0.005336179295624409	0.012006403415154826	-0.013340448239060833	-0.00987193169690495	8560928
2022-02-15	0.008882907133243561	-0.00430686406460287	0.013997308209959708	-0.010767160161507364	0.008882907133243561	10751745
2022-02-14	0.02965631929046564	-0.011086474501108608	0.041851441241685286	-0.018847006651884695	0.02965631929046564	18489755
2022-02-11	-0.00960746637386773	-0.011528959648641276	0.010156464452374347	-0.026626406807576143	-0.00960746637386773	14295398
2022-02-10	0.021306419960751274	0.0	0.039809363610877536	-0.012054948135688245	0.021306419960751274	23114661
2022-02-09	0.032416787264833706	-0.0008683068017364409	0.03762662807525338	-0.012445730824891454	0.032416787264833706	23665296
2022-02-08	0.004360465116279029	-0.005813953488371969	0.006686046511628023	-0.01976744186046511	0.004360465116279029	13967542
2022-02-07	-0.010356731875719201	0.008630609896432804	0.014096662830840104	-0.0212888377445338	-0.010356731875719201	19120560
2022-01-28	-0.025238362310712244	0.00785193494111052	0.020471116096466742	-0.025518788558608993	-0.025238362310712244	20255836
2022-01-27	-0.014372581536760728	0.004422332780541838	0.025152017689331223	-0.017412935323383155	-0.014372581536760728	21338593
2022-01-26	-0.02689618074233459	0.005917159763313579	0.010489510489510506	-0.0478752017213556	-0.02689618074233459	28953725
2022-01-25	-0.04691104844911557	0.0	0.002307100743399216	-0.04768008203024864	-0.04691104844911557	28168564
2022-01-24	-0.006620830150242045	0.0	0.006111535523300098	-0.01960784313725498	-0.006620830150242045	21710327
2022-01-21	-0.09951845906902078	-0.04792478789268508	-0.04631965145608796	-0.1024994267369869	-0.09951845906902078	54416695
2022-01-20	-0.033680478617327786	0.00044316419233317127	0.005982716596498914	-0.0469754043873256	-0.033680478617327786	28091921
2022-01-19	-0.012040280210157557	0.0	0.021453590192644416	-0.022548161120840654	-0.012040280210157557	17295202
2022-01-18	-0.011469378922311212	0.00021640337589262087	0.01687946331962781	-0.024020774724085682	-0.011469378922311212	18319803
2022-01-17	0.027573938181009606	0.0035579275072271225	0.03847009117189246	-0.00933955970647102	0.027573938181009606	21374786
2022-01-14	-0.023876709355328877	-0.008031256783156011	-0.0004341219882787742	-0.024744953331886272	-0.023876709355328877	23154606
2022-01-13	-0.05049464138499593	-0.0039159109645508	0.004328112118713803	-0.05915086562242383	-0.05049464138499593	29283668
2022-01-12	-0.012617012617012565	-0.0026455026455026974	0.0032560032560031865	-0.019739519739519717	-0.012617012617012565	19414474
2022-01-11	-0.06790591805766309	0.005121396054628284	0.005311077389984847	-0.08421851289833077	-0.06790591805766309	28422232
2022-01-10	-0.03988344563831721	-0.012930249499180363	-0.00018211619012926627	-0.051174649426333915	-0.03988344563831721	18084638
2022-01-07	0.003472222222222181	-0.008589181286549686	0.04806286549707607	-0.01498538011695907	0.003472222222222181	18841748
2022-01-06	-0.024598930481283466	-0.014973262032085622	-0.009803921568627527	-0.06434937611408198	-0.024598930481283466	19930829
2022-01-05	-0.042825456406756494	-0.010407780242279466	0.00665415458112951	-0.06671216515952903	-0.042825456406756494	26835362
2022-01-04	0.024292205522544574	-0.00559245019224048	0.045089129674938805	-0.00559245019224048	0.024292205522544574	23380946
2021-12-31	0.040363636363636345	-0.001818181818181844	0.055999999999999966	-0.014545454545454493	0.040363636363636345	25694114
2021-12-30	0.08588351431391908	0.003158933859822383	0.08884501480750247	-0.007699901283316892	0.08588351431391908	23620893
2021-12-29	-0.030807500956754677	-0.015308075009567493	-0.007079984691924942	-0.04286261002678903	-0.030807500956754677	16442803
2021-12-28	-0.01711491442542794	0.009027647169456402	0.009027647169456402	-0.029339853300733538	-0.01711491442542794	10327235
2021-12-27	-0.009869646182495365	-0.005586592178771029	0.0035381750465548925	-0.037430167597765455	-0.009869646182495365	11123621
2021-12-24	0.014355874574990653	0.0011333585190782447	0.04231205137891957	0.0011333585190782447	0.014355874574990653	16289162
2021-12-23	-0.004700131603684903	-0.0077082158300431775	0.019928557999624032	-0.022184621169392738	-0.004700131603684903	15244243
2021-12-22	0.06252497003595676	0.007590890930882849	0.08669596484218929	0.007191370355573301	0.06252497003595676	23660312
2021-12-21	0.011313131313131358	0.004848484848484888	0.03252525252525251	-0.0024242424242423726	0.011313131313131358	12832806
2021-12-20	-0.05172413793103454	0.0057471264367815545	0.0057471264367815545	-0.05747126436781609	-0.05172413793103454	22080453
2021-12-17	-0.024481405344795277	-0.005980190618575972	0.014202952719118018	-0.02840590543823577	-0.024481405344795277	18723038
2021-12-16	0.06721180694056636	0.01814918228958908	0.08416433984842439	-0.0025927403270842152	0.06721180694056636	34347516
2021-12-15	0.0011980830670926972	0.012380191693290826	0.040934504792332356	-0.019568690095846584	0.0011980830670926972	26918386
2021-12-14	0.021207177814029348	-0.003466557911908681	0.06504893964110925	-0.009380097879282236	0.021207177814029348	33815613
2021-12-13	0.06354369984818911	0.0008674907829104131	0.07417046193884194	0.0008674907829104131	0.06354369984818911	31511355
2021-12-10	-0.01432235998289871	-0.011115861479264709	0.013894826849080773	-0.021376656690893545	-0.01432235998289871	20896345
2021-12-09	0.029489436619718385	0.002860915492957803	0.05171654929577468	-0.006822183098591443	0.029489436619718385	20682722
2021-12-08	0.005532197388802833	-0.004204470015490102	0.017924319539721227	-0.02522682009294093	0.005532197388802833	11464400
2021-12-07	0.014821468672804775	0.004940489557601591	0.017965416573096724	-0.006961598922075056	0.014821468672804775	11383837
2021-12-06	0.014581909318751437	-0.0054682159945318295	0.02529049897470949	-0.01799954431533377	0.014581909318751437	11486653
2021-12-03	0.011523392486748099	0.004148421295229309	0.036183452408389036	0.00023046784973491613	0.011523392486748099	11313747
2021-12-02	-0.01049030786773092	-0.012998859749144817	0.0	-0.023945267958951067	-0.01049030786773092	11283652
2021-12-01	0.007814295564238185	0.0020684900022984007	0.009882785566536422	-0.016318087795909007	0.007814295564238185	10968435
2021-11-30	-0.0045756119881034734	0.01944635094943952	0.03202928391672383	-0.009151223976206786	-0.0045756119881034734	13014183
2021-11-29	-0.04604975993016149	-0.015713662156263616	-0.000436490615451836	-0.052815364469663936	-0.04604975993016149	21892161
2021-11-26	0.004824561403508747	-0.017105263157894762	0.028070175438596516	-0.018201754385964875	0.004824561403508747	12064444
2021-11-25	-0.0626927029804727	-0.0010277492291880198	0.002672147995889056	-0.07297019527235349	-0.0626927029804727	22712566
2021-11-24	0.04153286234211085	0.006208520659387693	0.05973025048169555	-0.00042817383857852976	0.04153286234211085	22571778
2021-11-23	-0.010171646535282833	-0.00974782792964613	-0.004450095359186287	-0.03051493960584865	-0.010171646535282833	14875171
2021-11-22	0.02098658589355255	-0.0043271311120726035	0.046733016010385195	-0.01168325400259626	0.02098658589355255	17921479
2021-11-19	-0.003019844693701479	-0.005608283002588395	0.0381794650560829	-0.008628127696289874	-0.003019844693701479	16047400
2021-11-18	-0.03275610264969748	0.011683705403713796	0.013144168579178021	-0.04673482161485504	-0.03275610264969748	20945447
2021-11-17	-0.022833843017329204	-0.0014271151885830843	0.006320081549439394	-0.030581039755351685	-0.022833843017329204	20285208
2021-11-16	0.03743654822335017	0.004018612521150544	0.04991539763113366	-0.006979695431472045	0.03743654822335017	31683089
2021-11-15	0.11825922421948912	0.008987701040681065	0.15066225165562908	0.00354777672658464	0.11825922421948912	33006500
2021-11-12	-0.021749190189726927	0.005321610365571587	0.006015733456732948	-0.024757056918093483	-0.021749190189726927	11843451
2021-11-11	0.005116279069767415	-0.009302325581395316	0.015348837209302246	-0.015116279069767409	0.005116279069767415	14173320
2021-11-10	-0.0218380345768881	-0.0011373976342130179	0.010919017288443968	-0.03821656050955413	-0.0218380345768881	16610422
2021-11-09	-0.02202447163515021	-0.0035595105672970788	0.0037819799777529385	-0.034482758620689745	-0.02202447163515021	13350727
2021-11-08	-0.01855895196506538	-0.011135371179039259	0.0010917030567686521	-0.038427947598253236	-0.01855895196506538	13557525
2021-11-05	0.0492554410080183	-0.01718213058419244	0.08476517754868278	-0.025658648339060654	0.0492554410080183	29287672
2021-11-04	0.027058823529411732	0.016470588235294185	0.03458823529411762	-0.01929411764705883	0.027058823529411732	19286679
2021-11-03	0.06891348088531192	-0.0002515090543259057	0.10412474849094569	-0.005030181086519008	0.06891348088531192	24578523
2021-11-02	0.014285714285714162	0.005102040816326422	0.04821428571428572	-0.0025510204081633015	0.014285714285714162	14859407
2021-11-01	-0.0022906592008143625	-0.003817765334690725	0.022652074319165195	-0.01170781369305169	-0.0022906592008143625	11239224
2021-10-29	0.03042223970626794	0.002360346184106905	0.03383162863886701	-0.00865460267505915	0.03042223970626794	14043475
2021-10-28	-0.02530674846625754	0.007157464212678966	0.013548057259713732	-0.03348670756646205	-0.02530674846625754	11944952
2021-10-27	-0.0007662835249042436	0.0	0.007407407407407386	-0.01149425287356311	-0.0007662835249042436	7909266
2021-10-26	-0.024177467597208346	-0.0027417746759720698	0.009222333000997123	-0.03115653040877368	-0.024177467597208346	12997514
2021-10-25	-0.03021513173797438	-0.006768189509306116	0.024897268552090915	-0.03674160019337675	-0.03021513173797438	15114565
2021-10-22	0.05589586523736594	0.03649821337417049	0.08601327207759055	0.0262889229198571	0.05589586523736594	21235056
2021-10-21	0.004357856959753954	0.000769033581133072	0.012560881825173084	-0.012817226352217381	0.004357856959753954	6668405
2021-10-20	0.01933629474784413	0.013848967859942357	0.044943820224719065	0.008100339691664363	0.01933629474784413	16238404
2021-10-19	-0.0031258140140660966	0.008595988538681903	0.011982287053920314	-0.014847616566814282	-0.0031258140140660966	8643738
2021-10-18	-0.030310684516292062	0.004799191715079507	0.004799191715079507	-0.04294013639808039	-0.030310684516292062	14899153
2021-10-15	0.005332656170645019	-0.00279329608938546	0.01523616048755699	-0.011427120365667924	0.005332656170645019	10850929
2021-10-14	0.021530479896238793	-0.007782101167315102	0.04591439688715962	-0.02101167315175085	0.021530479896238793	18348505
2021-10-13	-0.01607963246554371	0.015824400204185744	0.01710056151097503	-0.05513016845329241	-0.01607963246554371	22998218
2021-10-12	-0.14640522875816991	-0.010021786492374746	0.0010893246187364764	-0.15490196078431373	-0.14640522875816991	32918168
2021-10-11	-0.03490328006728351	0.0002102607232968463	0.013456686291000853	-0.03889823380992433	-0.03490328006728351	13673000
2021-10-08	0.09107593484744204	0.017205781142463867	0.09910529938059172	0.0	0.09107593484744204	19964308
2021-09-30	-0.00022935779816509198	0.0	0.055045871559632996	-0.004587155963302818	-0.00022935779816509198	16424339
2021-09-29	0.03317535545023693	-0.00687203791469209	0.04786729857819896	-0.013981042654028516	0.03317535545023693	13436718
2021-09-28	-0.005655042412817976	0.0014137606032045777	0.02497643732327998	-0.021677662582469243	-0.005655042412817976	12428683
2021-09-27	-0.03894927536231882	-0.01290760869565202	0.003170289855072477	-0.045289855072463775	-0.03894927536231882	13869406
2021-09-24	0.06899055918663748	-0.0009682885499878756	0.0869038973614136	-0.0009682885499878756	0.06899055918663748	21810769
2021-09-23	-0.002414875633904717	0.0062786766481527445	0.02559768171939151	-0.014006278676648113	-0.002414875633904717	9619469
2021-09-22	-0.020577105014191212	-0.02980132450331121	-0.0007095553453169616	-0.03003784295175031	-0.020577105014191212	6307126
2021-09-17	0.011483253588516842	-0.005263157894736815	0.014354066985645968	-0.02727272727272729	0.011483253588516842	8186936
2021-09-16	-0.031061659712563826	0.0048678720445062785	0.0048678720445062785	-0.03778395920259626	-0.031061659712563826	12291585
2021-09-15	0.0016252612026932966	-0.00023218017181328096	0.009983747387973061	-0.023218017181332713	0.0016252612026932966	9785615
2021-09-14	0.014844486333647563	0.012723845428840697	0.04194156456173424	0.0014137606032045777	0.014844486333647563	14512869
2021-09-13	-0.023919043238270453	-0.011039558417663223	-0.004139834406623729	-0.0374885004599815	-0.023919043238270453	15329561
2021-09-10	0.007414272474513445	-0.004633920296570801	0.01227988878591291	-0.030815569972196442	0.007414272474513445	13216670
2021-09-09	-0.04046242774566475	-0.010671409515340083	-0.007781236104935401	-0.06602934637616717	-0.04046242774566475	20841751
2021-09-08	0.008746355685131048	-0.0060551693204755124	0.008970621215519142	-0.01278313523211483	0.008746355685131048	12263455
2021-09-07	-0.002683963319167914	-0.0022366360993066746	0.006486244687989245	-0.014314471035562526	-0.002683963319167914	11169930
2021-09-06	0.0024663677130044716	-0.010762331838565111	0.011659192825112017	-0.016816143497757848	0.0024663677130044716	12510181
2021-09-03	-0.03546712802768167	-0.0008650519031141683	0.012543252595155673	-0.052551903114186845	-0.03546712802768167	20885535
2021-09-02	0.04615384615384613	0.013574660633484033	0.07443438914027146	0.010407239819004382	0.04615384615384613	22600211
2021-09-01	-0.03493449781659377	-0.008733624454148442	-0.007423580786026121	-0.043013100436681204	-0.03493449781659377	21196218
2021-08-31	0.013722886232846336	-0.01925630810092956	0.046480743691899105	-0.01925630810092956	0.013722886232846336	16387693
2021-08-30	-0.054811715481171495	-0.01673640167364011	-0.014644351464435058	-0.10648535564853549	-0.054811715481171495	41838617
2021-08-27	-0.08604206500956023	-0.007074569789674904	-0.0001912045889100958	-0.13957934990439766	-0.08604206500956023	38880314
2021-08-26	-0.034342688330871486	-0.00812407680945343	-0.0009231905465287511	-0.04320531757754794	-0.034342688330871486	10165753
2021-08-25	-0.009872029250457152	-0.029616087751371197	0.01736745886654471	-0.038574040219378415	-0.009872029250457152	8585849
2021-08-24	-0.012991699747383595	-0.003969686033922751	0.0032479249368458987	-0.024178996752075126	-0.012991699747383595	6928941
2021-08-23	0.040555764175741714	-0.004881712354487383	0.04956815621479536	-0.02027788208787079	0.040555764175741714	10943796
2021-08-20	-0.036889692585895105	0.0066907775768536085	0.0066907775768536085	-0.04882459312839052	-0.036889692585895105	11110136
2021-08-19	0.07274490785645005	0.00504364694471397	0.08322017458777899	0.00504364694471397	0.07274490785645005	15345955
2021-08-18	-0.03283302063789869	0.008255159474671762	0.011069418386491621	-0.05234521575984989	-0.03283302063789869	14306900
2021-08-17	-0.03755868544600949	-0.004875406283857044	0.00704225352112677	-0.04351751534850133	-0.03755868544600949	9158876
2021-08-16	-0.011071428571428526	0.017857142857142856	0.017857142857142856	-0.03125	-0.011071428571428526	10323056
2021-08-13	-0.019264448336252214	0.013309982486865114	0.03940455341506129	-0.03099824868651494	-0.019264448336252214	13173290
2021-08-12	-0.011597715077029629	0.026657434654665035	0.03202354163060402	-0.020598926778604896	-0.011597715077029629	11120842
2021-08-11	-0.008240343347639432	0.012875536480686695	0.022832618025751043	-0.01630901287553653	-0.008240343347639432	10197914
2021-08-10	0.07472324723247227	0.013653136531365219	0.10276752767527675	-0.0035055350553506426	0.07472324723247227	15510947
2021-08-09	0.028462998102466792	0.0	0.054079696394686794	-0.0005692599620493574	0.028462998102466792	9815977
2021-08-06	0.049591714797849074	0.009759012148974348	0.0651264688309101	0.0057757418840868185	0.049591714797849074	13157393
2021-08-05	-0.050850661625708844	0.020604914933837495	0.020604914933837495	-0.060302457466918674	-0.050850661625708844	15959849
2021-08-04	-0.050098760998383896	-0.0026934817741066366	-0.0026934817741066366	-0.06266834261088158	-0.050098760998383896	17223440
2021-08-03	0.00035925992455534435	0.0010777797736661607	0.01760373630321532	-0.01419076701993891	0.00035925992455534435	7333523
2021-08-02	0.01052822653839169	-0.012888001452169192	0.023416227990560885	-0.03176620076238881	0.01052822653839169	9308464
2021-07-30	-0.010418537812107028	0.0	0.019759295850547896	-0.030357463624932725	-0.010418537812107028	10015932
2021-07-29	0.056356736242884224	-0.0034155597722960096	0.07020872865275134	-0.0034155597722960096	0.056356736242884224	12297987
2021-07-28	0.053789242151569785	0.003799240151969703	0.07238552289542101	-0.018996200759847946	0.053789242151569785	21780813
2021-07-27	-0.07354575768803259	0.005928121526491299	0.005928121526491299	-0.07354575768803259	-0.07354575768803259	19926917
2021-07-26	-0.06398474076642977	-0.009883821744407842	-0.0031212068666551015	-0.06988035373677824	-0.06398474076642977	9802111
2021-07-23	-0.008425034387895373	-0.0018913342503438693	0.017022008253094946	-0.016334250343878882	-0.008425034387895373	6688652
2021-07-22	-0.008523695874531197	0.0017047391749062638	0.007500852369587536	-0.02011592226389362	-0.008523695874531197	6253349
2021-07-21	-0.0149454240134341	0.0	0.012762384550797735	-0.018975650713685902	-0.0149454240134341	7250571
2021-07-20	0.01638504864311305	-0.013483529612561976	0.020651988393923768	-0.01723843659327539	0.01638504864311305	5109323
2021-07-19	-0.01859296482412059	-0.007872696817420534	-0.0011725293132328356	-0.03350083752093802	-0.01859296482412059	7196424
2021-07-16	-0.0046682227409135385	-0.0031677225741913594	0.003001000333444477	-0.02200733577859287	-0.0046682227409135385	7123608
2021-07-15	0.027054794520547917	0.008047945205479433	0.030993150684931546	-0.007876712328767138	0.027054794520547917	6511939
2021-07-14	-0.039789542913515316	0.0	0.0	-0.04850378165077282	-0.039789542913515316	8137133
2021-07-13	0.04952545297670401	0.008455565142364018	0.06522864538395158	-0.0008628127696290641	0.04952545297670401	10858282
2021-07-12	0.011696927374301705	0.0005237430167597964	0.039979050279329596	0.0005237430167597964	0.011696927374301705	13004478
2021-07-09	-0.005210142410559173	-0.00729419937478294	0.013025356026398056	-0.023619312261201796	-0.005210142410559173	11685111
2021-07-08	-0.030802895135499046	-0.013970712001346548	0.00959434438646693	-0.038040733883184616	-0.030802895135499046	14029581
2021-07-07	-0.00983333333333339	0.004999999999999952	0.013000000000000018	-0.037333333333333364	-0.00983333333333339	12614040
2021-07-06	-0.019607843137254947	-0.0024509803921569555	0.007352941176470518	-0.03300653594771247	-0.019607843137254947	12084969
2021-07-05	-0.057156062240024556	0.024187336311816476	0.02911723925435219	-0.08165151748574946	-0.057156062240024556	15559756
2021-07-02	-0.05695191050414066	0.0017434258317594734	0.009734127560656716	-0.07235217201801536	-0.05695191050414066	10395816
2021-07-01	0.0033527696793003497	-0.0007288629737608916	0.023760932944606558	-0.015306122448979552	0.0033527696793003497	4992345
2021-06-30	-0.010529352372710283	-0.0020193278523005995	0.009231213039088425	-0.026972450598586536	-0.010529352372710283	5279812
2021-06-29	0.02106038291605291	-0.005596465390279965	0.03284241531664197	-0.005596465390279965	0.02106038291605291	6632427
2021-06-28	0.030661809350334097	-0.006982392228293773	0.054948391013964856	-0.0071341833636915436	0.030661809350334097	9100968
2021-06-25	-0.004081632653061379	-0.0013605442176871263	0.014210128495842746	-0.017082388510960084	-0.004081632653061379	6413555
2021-06-24	-0.0022624434389138985	0.0030165912518854126	0.012066365007541435	-0.01900452488687769	-0.0022624434389138985	5075563
2021-06-23	-0.023564064801178328	0.006038291605301864	0.012960235640647943	-0.02768777614138453	-0.023564064801178328	7126540
2021-06-22	-0.02999999999999992	0.006285714285714253	0.014285714285714285	-0.038142857142857166	-0.02999999999999992	5992942
2021-06-21	0.024440216595931534	0.0	0.025903702619639923	-0.01683008927264732	0.024440216595931534	5135419
2021-06-18	-0.02746939937375472	0.006262453743239364	0.009962994591517059	-0.029319669797893567	-0.02746939937375472	4780345
2021-06-17	0.00515021459227467	0.001001430615164423	0.01373390557939905	-0.009871244635193304	0.00515021459227467	4689003
2021-06-16	-0.048979591836734615	0.0012244897959184137	0.004761904761904684	-0.061224489795918366	-0.048979591836734615	6573205
2021-06-15	0.05285775676837126	-0.008881249104712857	0.06947428735138224	-0.019481449649047404	0.05285775676837126	14959983
2021-06-11	-0.018143459915611705	-0.003094233473980294	0.005485232067510557	-0.040646976090014074	-0.018143459915611705	10077819
2021-06-10	0.02169851990228468	-0.008478229630694114	0.040235666043971795	-0.008909326052593829	0.02169851990228468	8417871
2021-06-09	-0.014864099660249111	0.0	0.004246885617214003	-0.02236693091732727	-0.014864099660249111	5555818
2021-06-08	0.006267806267806235	0.003418803418803346	0.012820512820512699	-0.011680911680911786	0.006267806267806235	5396030
2021-06-07	0.008330939385234102	0.005458201666187812	0.019390979603562113	-0.013501867279517346	0.008330939385234102	5323377
2021-06-04	0.0188789697058394	-0.006292989901946328	0.03453827015951997	-0.011122493780184475	0.0188789697058394	6279050
2021-06-03	-0.0348870056497175	-0.00423728813559318	0.0072033898305085475	-0.03940677966101684	-0.0348870056497175	8867697
2021-06-02	-0.02653650488106705	0.0037123607864704526	0.0067372473532241834	-0.03739859755259176	-0.02653650488106705	8407649
2021-06-01	-0.014498644986449772	-0.0017615176151760902	0.009485094850948549	-0.037940379403794	-0.014498644986449772	7704808
2021-05-31	0.003671970624234952	-0.004351965184278626	0.01237590099279201	-0.011967904256765884	0.003671970624234952	5664683
2021-05-28	-0.029050574409084942	-0.009375412650204779	0.0035652977683876402	-0.0339363528324311	-0.029050574409084942	5882877
2021-05-27	0.02949972811310497	-0.006525285481239858	0.038336052202283755	-0.006525285481239858	0.02949972811310497	6498685
2021-05-26	-0.030574591460200227	-0.011465471797574992	0.0	-0.03597785977859765	-0.030574591460200227	5920409
2021-05-25	0.020990312163616826	-0.004305705059203353	0.028256189451022724	-0.01776103336921412	0.020990312163616826	8673272
2021-05-24	0.06035097731488072	0.012983307176487324	0.06534455699814522	0.012983307176487324	0.06035097731488072	11299348
2021-05-21	-0.011981956583027831	0.003946997462644504	0.013955455314350284	-0.02213137862982793	-0.011981956583027831	4916160
2021-05-20	0.007813609887768108	-0.003551640858076431	0.01491689160392097	-0.008239806790737296	0.007813609887768108	7150117
2021-05-19	-0.025069252077562356	0.01495844875346258	0.01759002770083097	-0.03047091412742386	-0.025069252077562356	4644869
2021-05-18	0.02092760180995481	-0.00028280542986419715	0.040582579185520426	-0.002403846153846178	0.02092760180995481	10645734
2021-05-17	0.08532842234499698	0.009821976672805412	0.1204726826273789	0.006752608962553679	0.08532842234499698	17894778
2021-05-14	-0.0036697247706423404	0.004128440366972416	0.014373088685015254	-0.009938837920489383	-0.0036697247706423404	6861003
2021-05-13	0.0013780431786863177	-0.009340070433318012	0.01209615679069043	-0.029398254478640355	0.0013780431786863177	4594349
2021-05-12	0.006317411402157112	0.0	0.015254237288135512	-0.020801232665639574	0.006317411402157112	5106905
2021-05-11	-0.03365098272781404	-0.009976176295413962	-0.009976176295413962	-0.037820131030375105	-0.03365098272781404	5616511
2021-05-10	0.0335487842413049	0.0026161895967990413	0.04632194521391183	-0.01246537396121887	0.0335487842413049	7744198
2021-05-07	-0.021385542168674724	0.00753012048192771	0.018825301204819275	-0.02530120481927721	-0.021385542168674724	6359882
2021-05-06	-0.02424687729610568	0.0022042615723733387	0.0022042615723733387	-0.03761939750183692	-0.02424687729610568	9220444
2021-04-30	-0.004097760866383743	-0.0007317430118541952	0.004683155275867224	-0.01683008927264732	-0.004097760866383743	6189995
2021-04-29	-0.03132974199036019	-0.0034023249220301826	-0.0034023249220301826	-0.043096115679047434	-0.03132974199036019	8113800
2021-04-28	0.03704792708027066	0.014407527197883034	0.052337547780064726	0.011614231108497594	0.03704792708027066	10914379
2021-04-27	0.032169954476479364	-0.0007587253414265761	0.04582701062215472	-0.0007587253414265761	0.032169954476479364	12293571
2021-04-26	0.048027989821883	0.06568066157760818	0.09382951653944017	0.03753180661577596	0.048027989821883	18795951
2021-04-23	-0.011320754716981114	0.00833333333333324	0.00833333333333324	-0.028301886792452897	-0.011320754716981114	6055624
2021-04-22	0.005851652696504896	-0.0031630555116241616	0.018345721967420587	-0.012968527597659344	0.005851652696504896	4501920
2021-04-21	0.00588609608654148	0.002227171492204909	0.008908685968819635	-0.009385937002863448	0.00588609608654148	5364768
2021-04-20	0.0315063997374467	-0.007220216606498158	0.04693140794223826	-0.009189366590088533	0.0315063997374467	7395038
2021-04-19	0.03657084538186764	-0.0013607756421159772	0.03861200884504173	-0.010546011226399005	0.03657084538186764	6473060
2021-04-16	-0.02617193970515154	-0.0013251615040582789	0.0013251615040583966	-0.031803876097399285	-0.02617193970515154	3438680
2021-04-15	-0.008377135348226102	-0.00772010512483584	-0.002135348226018439	-0.024638633377135347	-0.008377135348226102	3366291
2021-04-14	0.022162525184687715	-0.00638012088650105	0.030053727333781047	-0.0065480188045668325	0.022162525184687715	3583891
2021-04-13	-0.02039473684210518	-0.006249999999999926	0.009539473684210615	-0.0289473684210526	-0.02039473684210518	5127631
2021-04-12	-0.028598817702508487	0.00015976993129889774	0.00015976993129889774	-0.033391915641476325	-0.028598817702508487	4676040
2021-04-09	0.005784991161819164	-0.006588462156516095	0.0117306765225776	-0.01012373453318328	0.005784991161819164	5323385
2021-04-08	-0.0009632364745545397	-0.006100497672178561	0.0038529458982180446	-0.012843152994059996	-0.0009632364745545397	3690757
2021-04-07	-0.025500625782227823	-0.003598247809762265	-0.0015644555694618494	-0.04411764705882353	-0.025500625782227823	8154042
2021-04-06	0.026167924225397377	0.011398298282228301	0.03981377428158608	0.011398298282228301	0.026167924225397377	11563272
2021-04-02	0.00613794217412377	-0.009368438055241452	0.015829429817477047	-0.02455176869649485	0.00613794217412377	8551210
2021-04-01	0.06520991052993805	0.006538196834136314	0.06710254645560919	-0.004645560908465176	0.06520991052993805	13619431
2021-03-31	0.0018962247888295023	0.0018962247888295023	0.018445095673159804	-0.0018962247888295023	0.0018962247888295023	6518812
2021-03-30	-0.006678082191780832	-0.008561643835616438	0.013356164383561664	-0.012157534246575357	-0.006678082191780832	6369441
2021-03-29	-0.0006844626967830108	0.0035934291581108976	0.011293634496919981	-0.01694045174537979	-0.0006844626967830108	7208598
2021-03-26	0.025263157894736803	0.00017543859649119317	0.046666666666666606	0.0	0.025263157894736803	10624782
2021-03-25	0.007957559681697663	-0.017152961980548168	0.022104332449160036	-0.020159151193633963	0.007957559681697663	5770717
2021-03-24	0.012533572068039315	-0.008057296329453945	0.025067144136078755	-0.02327663384064466	0.012533572068039315	9712671
2021-03-23	0.0044964028776978415	0.0064748201438848815	0.015467625899280565	-0.007194244604316521	0.0044964028776978415	5354764
2021-03-22	-0.014359156177982542	-0.0028363765289841623	0.018968268037581996	-0.02446374756248884	-0.014359156177982542	8659397
2021-03-19	-0.03523174277407221	-0.016760731999315836	-0.007354198734393701	-0.03882332820249694	-0.03523174277407221	7016377
2021-03-18	-0.0039182282793867795	-0.004088586030664429	0.00340715502555359	-0.017546848381601383	-0.0039182282793867795	6658648
2021-03-17	0.03399682931125594	0.007574423110797951	0.037695966179319945	-0.013563501849568489	0.03399682931125594	10704040
2021-03-16	-0.011320097526994054	0.000174155346569105	0.027342389411354934	-0.015325670498084335	-0.011320097526994054	9616613
2021-03-15	-0.04124227750876605	-0.005510101853397868	-0.005510101853397868	-0.06161295708799462	-0.04124227750876605	13629148
2021-03-12	-0.010082644628099165	0.0029752066115702434	0.004958677685950366	-0.030413223140495924	-0.010082644628099165	9853997
2021-03-11	0.004816475668493592	0.003487792725460901	0.02972928085035707	-0.00664341471516357	0.004816475668493592	10394472
2021-03-10	-0.014566284779050746	0.014729950900163642	0.02553191489361694	-0.01800327332242228	-0.014566284779050746	7855856
2021-03-09	-0.04156862745098037	-0.006117647058823538	0.0	-0.045019607843137216	-0.04156862745098037	11238959
2021-03-08	-0.040343218425410304	-0.008128857443926031	-0.006774047869938323	-0.04305283757338561	-0.040343218425410304	12250742
2021-03-05	0.03910527139058356	-0.023150320663225355	0.04113874550289383	-0.028937900829031776	0.03910527139058356	11366203
2021-03-04	-0.03165707361405629	-0.01514692517418964	-0.003635262041805436	-0.05165101484398662	-0.03165707361405629	10209000
2021-03-03	0.0218232471753598	0.0065005417118093435	0.023370995201981198	-0.007274415725119933	0.0218232471753598	6679840
2021-03-02	-0.024018126888217573	0.005438066465256789	0.007552870090634441	-0.025679758308157143	-0.024018126888217573	6801219
2021-03-01	0.031956352299298475	0.016367887763055294	0.03819173811379561	0.016367887763055294	0.031956352299298475	11482082
2021-02-26	-0.02832475007573448	-0.014995455922447666	-0.0033323235383217035	-0.03514086640411986	-0.02832475007573448	12540168
2021-02-25	-0.016388557806913118	0.0026817640047674704	0.005661501787842602	-0.01847437425506569	-0.016388557806913118	9742550
2021-02-24	-0.02724637681159414	-0.0017391304347826747	0.0026086956521740117	-0.04159420289855079	-0.02724637681159414	13365772
2021-02-23	-0.004472659067955595	-0.010243832058866078	0.005482614341364817	-0.01745779829750408	-0.004472659067955595	11757722
2021-02-22	-0.04281176633061724	0.0016572296644110558	0.006490816185609707	-0.05137411959674077	-0.04281176633061724	16274631
2021-02-19	0.004578246392896758	-0.0006936736958934124	0.01970033296337405	-0.017480577136515053	0.004578246392896758	22593670
2021-02-18	-0.09333333333333335	0.015094339622641546	0.025157232704402517	-0.1011320754716982	-0.09333333333333335	27044910
2021-02-10	-0.04263005780346828	0.0038535645472060833	0.004335260115606929	-0.048771676300578166	-0.04263005780346828	14980712
2021-02-09	0.024426350851221367	0.014310387367382143	0.029854428818159407	-0.016901060942511776	0.024426350851221367	11222596
2021-02-08	-0.006617647058823432	0.000612745098039355	0.007475490196078425	-0.03186274509803915	-0.006617647058823432	7821650
2021-02-05	0.004554967376584887	0.015019081620091084	0.02289794410931921	-0.01600393943124458	0.004554967376584887	8120365
2021-02-04	-0.041307683229080606	-0.008615602502065431	-0.0059010976041543725	-0.06526613950194737	-0.041307683229080606	12079557
2021-02-03	-0.005166138311612043	-0.010214864388869373	0.012915345779030108	-0.025361042620641032	-0.005166138311612043	9366120
2021-02-02	0.03941908713692951	0.0067122284598486355	0.04808396387600681	-0.0041493775933610375	0.03941908713692951	10487757
2021-02-01	0.01160493827160491	0.024444444444444494	0.024444444444444494	-0.020493827160493784	0.01160493827160491	9012495
2021-01-29	0.0024752475247525104	0.006930693069306959	0.04306930693069312	-0.012376237623762377	0.0024752475247525104	8297314
2021-01-28	-0.039809863339275206	0.0034462269756386455	0.02162804515745684	-0.04337492572786697	-0.039809863339275206	9809503
2021-01-27	0.005256241787122351	0.019352526579859093	0.03165691076334973	-0.009676263289929377	0.005256241787122351	9643009
2021-01-26	-0.054444820964644834	-0.0115215181294476	0.0	-0.06472382243307358	-0.054444820964644834	11071076
2021-01-25	-0.037508153946510144	-0.021526418786692803	-0.005653402913676997	-0.06588388780169604	-0.037508153946510144	13815958
2021-01-22	0.0162412993039443	0.0162412993039443	0.027621257319633188	-0.029168047729532652	0.0162412993039443	11750210
2021-01-21	0.05872031816586747	0.008772955901275003	0.0766171482044685	0.008772955901275003	0.05872031816586747	13515347
2021-01-20	0.03498789346246974	-0.0012106537530265657	0.050726392251816126	-0.01743341404358351	0.03498789346246974	9435516
2021-01-19	-0.00205388425758127	-0.0032620514679231128	0.0124441222665217	-0.026217228464419498	-0.00205388425758127	10458861
2021-01-18	0.020214470602736356	0.016639960557130636	0.03303340318008144	-0.03858005669912481	0.020214470602736356	8591176
2021-01-15	-0.03163046073048467	0.0003580806875149336	0.0011936022917163323	-0.04834089281451417	-0.03163046073048467	8073295
2021-01-14	-0.001430274135876097	-0.0243146603098928	0.020023837902264512	-0.044457687723480376	-0.001430274135876097	11465533
2021-01-13	0.05203761755485901	0.003009404388714669	0.07987460815047027	0.003009404388714669	0.05203761755485901	16607784
2021-01-12	0.022435897435897436	0.01064102564102562	0.04064102564102566	-0.02692307692307685	0.022435897435897436	14355430
2021-01-11	0.10795454545454536	0.05823863636363628	0.1204545454545453	0.04460227272727273	0.10795454545454536	20906503
2021-01-08	0.02638868639743406	-0.008601837002478544	0.02872138795742818	-0.032220440297419564	0.02638868639743406	11067537
2021-01-07	-0.012951503813498223	-0.006907468700532304	0.009785580659087738	-0.024607857245646767	-0.012951503813498223	9061692
2021-01-06	0.00419075144508659	0.0	0.004768786127167605	-0.04335260115606936	0.00419075144508659	14688842
