2024-12-31	-0.02319357716324724	0.00044603033006235547	0.007136485280998956	-0.02319357716324724	-0.02319357716324724	30187562
2024-12-30	0.020947176684881642	-0.0004553734061931495	0.03369763205828772	-0.013661202185792382	0.020947176684881642	37575287
2024-12-27	-0.009472259810554842	-0.002255299954894033	0.01894451962110952	-0.010825439783491294	-0.009472259810554842	30249569
2024-12-26	0.004531037607612208	-0.0018124150430448185	0.013593112822836461	-0.012233801540552766	0.004531037607612208	22867744
2024-12-25	-0.018238434163701075	0.0	0.0035587188612098883	-0.028914590747331055	-0.018238434163701075	19661158
2024-12-24	0.013982859720342748	0.004510599909787905	0.023004059539918718	0.0	0.013982859720342748	23918404
2024-12-23	-0.025065963060685873	0.007036059806508362	0.009234828496042255	-0.02638522427440624	-0.025065963060685873	32732085
2024-12-20	0.0008802816901408263	-0.0052816901408449584	0.012323943661971882	-0.0114436619718309	0.0008802816901408263	30440030
2024-12-19	0.02573363431151243	-0.014446952595936808	0.03837471783295718	-0.01805869074492093	0.02573363431151243	44705141
2024-12-18	0.004535147392290152	0.009977324263038496	0.011337868480725623	-0.00680272108843547	0.004535147392290152	20560554
2024-12-17	0.0027285129604366657	-0.004092769440654837	0.01682582992269218	-0.00591177808094584	0.0027285129604366657	27306762
2024-12-16	0.0004549590536850778	-0.004549590536851748	0.012283894449499526	-0.010464058234758891	0.0004549590536850778	25111574
2024-12-13	-0.014791573285522112	-0.007619901389511348	-0.0013446884805019088	-0.02061855670103081	-0.014791573285522112	30757329
2024-12-12	-0.005349977708426259	0.005349977708426259	0.019170753455193923	-0.01426660722246992	-0.005349977708426259	27864147
2024-12-11	0.013556258472661578	0.00045187528242212217	0.03253502033438782	-0.012652507907817334	0.013556258472661578	32927092
2024-12-10	0.019815668202764966	0.05115207373271887	0.05483870967741942	0.0184331797235024	0.019815668202764966	49702420
2024-12-09	-0.011389521640091117	-0.0031890660592255255	0.00820045558086559	-0.018678815489749437	-0.011389521640091117	23933583
2024-12-06	0.03782505910165488	0.014184397163120602	0.04822695035461008	0.007092198581560385	0.03782505910165488	50987375
2024-12-05	-0.011682242990654207	-0.0056074766355138994	0.008411214953271016	-0.020560747663551298	-0.011682242990654207	22317994
2024-12-04	-0.013370216689718889	-0.0009220839096357571	0.005071461502996746	-0.017980636237897675	-0.013370216689718889	21747263
2024-12-03	-0.0009212344541685662	0.0	0.010594196222938758	-0.011515430677107323	-0.0009212344541685662	32193353
2024-12-02	0.051331719128329414	-0.0009685230024212869	0.06537530266343833	-0.0009685230024212869	0.051331719128329414	59827468
2024-11-29	-0.0019333011116482695	0.0	0.016916384726921113	-0.014016433059449138	-0.0019333011116482695	32492988
2024-11-28	-0.0180351210251542	0.0004746084480302805	0.0037968675842429186	-0.022306597057427567	-0.0180351210251542	26973502
2024-11-27	0.05879396984924632	-0.004020100502512477	0.06331658291457294	-0.008040201005025133	0.05879396984924632	55257994
2024-11-26	0.0050505050505049425	0.0	0.02727272727272723	-0.005555555555555526	0.0050505050505049425	25452272
2024-11-25	-0.01785714285714283	0.0	0.00744047619047612	-0.036210317460317484	-0.01785714285714283	36803071
2024-11-22	-0.04364326375711566	0.0	0.005692599620493406	-0.04506641366223906	-0.04364326375711566	36435854
2024-11-21	-0.012183692596063804	-0.0037488284910964526	0.0004686035613871398	-0.02858481724461103	-0.012183692596063804	42242280
2024-11-20	-0.01613646841862616	-0.003227293683725232	0.002305209774089311	-0.025357307514983895	-0.01613646841862616	37961113
2024-11-19	0.029425723777883293	0.010441385856668194	0.033222591362126214	-0.003322259136212638	0.029425723777883293	33675330
2024-11-18	-0.029032258064516085	-0.0032258064516129162	0.01013824884792638	-0.037788018433179735	-0.029032258064516085	46841726
2024-11-15	-0.03124999999999997	-0.008928571428571397	0.025000000000000102	-0.03124999999999997	-0.03124999999999997	48272888
2024-11-14	-0.026510212950891045	-0.0004345936549327059	0.013906996957844272	-0.026510212950891045	-0.026510212950891045	42921504
2024-11-13	-0.029113924050632817	-0.020675105485232003	-0.018143459915611802	-0.05316455696202523	-0.029113924050632817	67881664
2024-11-12	0.03810775295663605	0.00569426193604917	0.08672798948751645	-0.012264564169951713	0.03810775295663605	118630318
2024-11-11	0.037255792821444644	0.0009086778736937561	0.0431621990004543	-0.011358473421172193	0.037255792821444644	66314582
2024-11-08	-0.012118491921005366	0.005385996409335612	0.025583482944344715	-0.01929982046678634	-0.012118491921005366	60414951
2024-11-07	0.006323396567299032	-0.003161698283649516	0.006323396567299032	-0.028455284552845482	0.006323396567299032	52299804
2024-11-06	-0.02766798418972328	0.0021958717610891837	0.009661835748792221	-0.03996486605182258	-0.02766798418972328	64280528
2024-11-05	0.03499999999999998	0.004999999999999974	0.03954545454545459	-0.003181818181818195	0.03499999999999998	49391243
2024-11-04	0.022780102278010153	-0.002789400278940133	0.03486750348675035	-0.004649000464900112	0.022780102278010153	32030061
2024-11-01	-0.04611973392461193	-0.01552106430155217	-0.004434589800443521	-0.046563192904656346	-0.04611973392461193	54387614
2024-10-31	-0.003975265017667838	-0.001766784452296782	0.01148409893992924	-0.02164310954063613	-0.003975265017667838	48289068
2024-10-30	-0.010489510489510422	-0.011800699300699283	0.02272727272727271	-0.017045454545454572	-0.010489510489510422	48565126
2024-10-29	0.007042253521126767	0.00044014084507049134	0.02992957746478872	-0.0052816901408449584	0.007042253521126767	54038352
2024-10-28	0.00044033465433720873	0.00836635843240853	0.00836635843240853	-0.020695728753853032	0.00044033465433720873	35562735
2024-10-25	-0.017308524448290723	0.00692340977931632	0.00995240155776722	-0.020770229337948958	-0.017308524448290723	50301628
2024-10-24	-0.006448839208942482	-0.02321582115219272	0.003869303525365428	-0.02536543422184006	-0.006448839208942482	35973450
2024-10-23	-0.024737945492662467	-0.00041928721174010745	0.010482180293501047	-0.03563941299790362	-0.024737945492662467	61358416
2024-10-22	0.027574321413183996	-0.006031882809134018	0.05213270142180098	-0.029297716501507958	0.027574321413183996	98898486
2024-10-21	0.030639431616341087	0.04751332149200712	0.0883658969804619	0.01776198934280649	0.030639431616341087	123933113
2024-10-18	0.07034220532319393	-0.001901140684410606	0.09315589353612172	-0.0076045627376425924	0.07034220532319393	87779889
2024-10-17	0.020368574199805922	0.008244422890397582	0.05092143549951507	0.0038797284190105865	0.020368574199805922	51114790
2024-10-16	-0.010556621880998027	-0.01679462571976974	0.006717850287907897	-0.02303262955854129	-0.010556621880998027	35458571
2024-10-15	-0.023887587822014122	0.0	0.0173302107728336	-0.02435597189695565	-0.023887587822014122	47811991
2024-10-14	0.0632470119521914	0.0	0.077191235059761	-0.007968127490039672	0.0632470119521914	63389911
2024-10-11	-0.0664807066480708	-0.021385402138540253	-0.009762900976290137	-0.08321710832171095	-0.0664807066480708	59632142
2024-10-10	0.015101462954223703	-0.00047192071731956407	0.06182161396885317	-0.017461066540821187	0.015101462954223703	71998475
2024-10-09	-0.1276245368464388	-0.05228489090160558	-0.03787566899958823	-0.1342116097159324	-0.1276245368464388	119776207
2024-10-08	0.1877750611246944	0.19951100244498787	0.19951100244498787	0.056234718826405974	0.1877750611246944	146689672
2024-09-30	0.15864022662889524	0.04362606232294636	0.17450424929178482	0.016430594900850012	0.15864022662889524	103757364
2024-09-27	0.0587882423515295	0.010197960407918304	0.07918416316736632	-0.0023995200959809654	0.0587882423515295	64501749
2024-09-26	0.027743526510481065	-0.005548705302096169	0.029593094944512975	-0.008014796547472195	0.027743526510481065	48860914
2024-09-25	0.009962640099626411	0.011830635118306431	0.04420921544209221	0.0024906600249067685	0.009962640099626411	54907125
2024-09-24	0.05866842452208298	0.00329597890573505	0.06657877389584706	-0.0026367831245879465	0.05866842452208298	45759938
2024-09-23	-0.01172638436482083	0.0	0.016286644951140065	-0.014332247557003184	-0.01172638436482083	22412654
2024-09-20	0.01722995361166334	0.003976143141153115	0.03048376408217368	-0.003976143141153115	0.01722995361166334	27555800
2024-09-19	0.005999999999999991	0.010666666666666677	0.021333333333333353	-0.004666666666666685	0.005999999999999991	23253854
2024-09-18	-0.025341130604288536	-0.008447043534762883	-0.0006497725795971271	-0.030539311241065667	-0.025341130604288536	28824436
2024-09-13	0.0013012361743657353	-0.0013012361743656197	0.020819778789850377	-0.003903708523096859	0.0013012361743657353	35688867
2024-09-12	-0.022264631043257085	0.0012722646310432298	0.006997455470737877	-0.026717557251908393	-0.022264631043257085	40139254
2024-09-11	-0.005063291139240511	0.0037974683544302985	0.01139240506329112	-0.020886075949367092	-0.005063291139240511	25219123
2024-09-10	0.0025380710659899065	-0.006345177664974597	0.012055837563451745	-0.022842639593908594	0.0025380710659899065	22905678
2024-09-09	-0.0025316455696203113	-0.0025316455696203113	0.01582278481012658	-0.012658227848101333	-0.0025316455696203113	27000951
2024-09-06	-0.02348578491965383	0.005562422744128545	0.006798516687268197	-0.0271940667490729	-0.02348578491965383	29744172
2024-09-05	-0.012210012210012167	0.002442002442002607	0.004273504273504291	-0.013431013431013362	-0.012210012210012167	29569880
2024-09-04	-0.030769230769230747	-0.015384615384615268	-0.012426035502958422	-0.04378698224852062	-0.030769230769230747	35121926
2024-09-03	-0.015151515151515242	-0.009324009324009333	0.014568764568764568	-0.02039627039627048	-0.015151515151515242	26602276
2024-09-02	-0.023335230506545256	-0.0005691519635743633	0.006260671599316986	-0.03699487763232775	-0.023335230506545256	45299976
2024-08-30	0.043969102792632324	-0.0005941770647651819	0.06654783125371368	-0.0005941770647651819	0.043969102792632324	62526431
2024-08-29	0.017533252720677097	0.0	0.0326481257557436	-0.017533252720677097	0.017533252720677097	29808654
2024-08-28	0.007921998781230895	0.0	0.02254722730042663	-0.006703229737964621	0.007921998781230895	21973191
2024-08-27	-0.03470588235294117	-0.0005882352941177391	-0.0005882352941177391	-0.038823529411764715	-0.03470588235294117	31426610
2024-08-26	-0.019042123485285535	0.006347374495095383	0.006924408540103924	-0.035199076745527955	-0.019042123485285535	45078365
2024-08-23	0.006972690296339189	-0.006391632771644359	0.013945380592678584	-0.01220220801859389	0.006972690296339189	27108157
2024-08-22	-0.008069164265129715	-0.004610951008645639	0.005187319884726216	-0.033429394812680216	-0.008069164265129715	38071462
2024-08-21	0.019988242210464423	-0.004115226337448576	0.06466784244562009	-0.009994121105232316	0.019988242210464423	63140021
2024-08-20	0.0005882352941177391	0.0	0.01117647058823537	-0.010588235294117631	0.0005882352941177391	18831772
2024-08-19	0.0	-0.0005882352941177391	0.01882352941176472	-0.004705882352941076	0.0	19202658
2024-08-16	0.012507444907683195	0.007742703990470671	0.028588445503275786	0.0017867778439548028	0.012507444907683195	23700906
2024-08-15	-0.00709639266706097	-0.004730928444707383	0.020106445890005906	-0.011827321111768142	-0.00709639266706097	26063633
2024-08-14	-0.013418903150525113	0.003500583430571687	0.0052508751458576345	-0.0169194865810968	-0.013418903150525113	20358921
2024-08-13	0.0011682242990653955	0.0	0.020443925233644734	-0.011682242990654164	0.0011682242990653955	18300864
2024-08-12	0.005284791544333521	-0.004697592483852134	0.02407516147974164	-0.007046388725778097	0.005284791544333521	24739866
2024-08-09	0.010682492581602357	0.008902077151335227	0.030860534124629052	0.00593471810089008	0.010682492581602357	25461568
2024-08-08	0.013229104028863646	-0.00901984365604321	0.02886349969933857	-0.016235718580877908	0.013229104028863646	28798880
2024-08-07	-0.01597633136094672	-0.005325443786982241	0.004733727810650997	-0.02603550295857975	-0.01597633136094672	25065684
2024-08-06	0.024242424242424156	0.021212121212121297	0.029696969696969604	0.0012121212121211863	0.024242424242424156	38254646
2024-08-05	-0.06989853438556926	-0.034949267192784524	-0.021984216459977286	-0.07779030439684324	-0.06989853438556926	82605437
2024-08-02	-0.012799109627156396	-0.016694490818029893	0.012799109627156396	-0.02782415136338342	-0.012799109627156396	42769777
2024-08-01	0.0067226890756301085	0.014005602240896357	0.01680672268907547	-0.01232492997198893	0.0067226890756301085	49086914
2024-07-31	0.015358361774744207	0.0	0.026734926052332336	-0.0159271899886233	0.015358361774744207	43133379
2024-07-30	-0.011804384485666152	-0.0050590219224283224	0.003934794828555384	-0.018549747048903782	-0.011804384485666152	27269511
2024-07-29	0.006221719457013543	-0.0022624434389139788	0.03337104072398189	-0.021493212669683202	0.006221719457013543	44435050
2024-07-26	0.021374927787406184	0.002888503755054923	0.03292894280762567	-0.010976314269208419	0.021374927787406184	43061377
2024-07-25	-0.014797951052931222	-0.01992031872509968	-0.007968127490039873	-0.03984063745019916	-0.014797951052931222	51927277
2024-07-24	-0.01733780760626391	0.0	0.007829977628635378	-0.030760626398210332	-0.01733780760626391	59713398
2024-07-23	-0.038709677419354965	0.002150537634408556	0.012365591397849294	-0.038709677419354965	-0.038709677419354965	54289744
2024-07-22	-0.004282655246252586	-0.014453961456102761	0.00910064239828703	-0.04710920770877939	-0.004282655246252586	92534726
2024-07-19	-0.019422572178477742	-0.014698162729658851	0.0020997375328083543	-0.042519685039370196	-0.019422572178477742	69406670
2024-07-18	-0.02257567983581312	-0.02719343252950219	-0.01436634171369921	-0.060543868650590034	-0.02257567983581312	82551424
2024-07-17	-0.04647749510763223	-0.01859099804305296	-0.00048923679060673	-0.054305283757338695	-0.04647749510763223	62272299
2024-07-16	0.04659498207885305	0.004608294930875568	0.048131080389144786	-0.0015360983102919168	0.04659498207885305	73967407
2024-07-15	-0.008125952260030479	-0.008633824276282462	0.006094464195022724	-0.02793296089385478	-0.008125952260030479	41418290
2024-07-12	-0.008559919436052273	-0.02316213494461233	0.004028197381671795	-0.02819738167170185	-0.008559919436052273	43107399
2024-07-11	0.014818599897802716	0.017373530914665297	0.03832396525293817	-0.01941747572815529	0.014818599897802716	84105474
2024-07-10	0.0056526207605344	-0.013360739979445094	0.019013360739979314	-0.020041109969167553	0.0056526207605344	62065722
2024-07-09	0.09080717488789243	0.008408071748878844	0.10257847533632297	0.003923766816143513	0.09080717488789243	105783600
2024-07-08	0.005636978579481478	-0.0005636978579480277	0.021984216459977488	-0.0022547914317925114	0.005636978579481478	43229309
2024-07-05	-0.036393264530146754	-0.003259098316132467	-0.002715915263443819	-0.05920695274307441	-0.036393264530146754	74049777
2024-07-04	0.031372549019607766	-0.0033613445378152533	0.03641456582633045	-0.006722689075630307	0.031372549019607766	58171099
2024-07-03	0.009044657998869426	0.0005652911249292261	0.020350480497456157	-0.00339174674957616	0.009044657998869426	38353395
2024-07-02	-0.025881057268722404	0.0022026431718061203	0.011563876651982425	-0.029185022026431782	-0.025881057268722404	49803679
2024-07-01	-0.0049315068493150606	-0.01260273972602742	-0.0010958904109588808	-0.030136986301369902	-0.0049315068493150606	47571050
2024-06-28	0.017279821627647643	-0.010033444816053495	0.031215161649944183	-0.013377926421404793	0.017279821627647643	62003100
2024-06-27	0.022222222222222254	-0.006837606837606894	0.05868945868945855	-0.011965811965812014	0.022222222222222254	111096008
2024-06-26	0.03600944510035416	-0.015348288075560894	0.04427390791027154	-0.01770956316410866	0.03600944510035416	75441785
2024-06-25	-0.023631123919308362	-0.008069164265129715	0.0046109510086454345	-0.031700288184438076	-0.023631123919308362	57185855
2024-06-24	-0.015323496027241746	-0.002837684449489257	0.023269012485811584	-0.02043132803632233	-0.015323496027241746	60377603
2024-06-21	0.025611175785797514	-0.010477299185098935	0.041327124563445915	-0.01804423748544812	0.025611175785797514	60737742
2024-06-20	-0.0017431725740849004	-0.0023242300987797297	0.01859384079023825	-0.006391632771644359	-0.0017431725740849004	41949137
2024-06-19	-0.0023188405797100954	-0.0011594202898550477	0.006956521739130492	-0.02086956521739127	-0.0023188405797100954	47717078
2024-06-18	0.014705882352941176	0.0	0.0335294117647059	-0.007058823529411823	0.014705882352941176	72061500
2024-06-17	0.052631578947368515	-0.002476780185758461	0.07058823529411769	-0.004953560371516922	0.052631578947368515	93616255
2024-06-14	0.017643352236924977	-0.008191556395715123	0.027095148078134942	-0.01071203528670447	0.017643352236924977	45372303
2024-06-13	0.020578778135048135	0.009646302250803767	0.0540192926045016	0.009646302250803767	0.020578778135048135	58345550
2024-06-12	-0.0012845215157353612	0.02825947334617863	0.053307642903018516	-0.0025690430314708364	-0.0012845215157353612	74161608
2024-06-11	-0.004475703324808202	-0.0268542199488491	0.0019181585677748951	-0.0326086956521739	-0.004475703324808202	33040341
2024-06-07	-0.01387137452711216	-0.0031525851197981673	0.00504413619167718	-0.026481715006305168	-0.01387137452711216	36795655
2024-06-06	0.0012626262626262356	0.0006313131313131178	0.018939393939393985	-0.005050505050505055	0.0012626262626262356	51301354
2024-06-05	0.026571613739468578	0.004536616979909286	0.036292935839274176	0.0	0.026571613739468578	56493123
2024-06-04	-0.005798969072164939	-0.005798969072164939	0.0032216494845361283	-0.026417525773195887	-0.005798969072164939	31465484
2024-06-03	0.014379084967320186	0.0	0.018300653594771198	-0.0052287581699346445	0.014379084967320186	38003100
2024-05-31	0.009900990099009924	0.000660066006600646	0.02574257425742566	-0.006600660066006577	0.009900990099009924	36061068
2024-05-30	0.01473543201607506	-0.006697923643670439	0.028131279303415937	-0.011386470194239781	0.01473543201607506	38373264
2024-05-29	0.002013422818791903	0.0	0.01342281879194626	-0.0020134228187920224	0.002013422818791903	22640233
2024-05-28	-0.01909150757077019	0.0006583278472679254	0.001974983541803893	-0.020408163265306038	-0.01909150757077019	19933685
2024-05-27	0.031228784792939515	-0.0006788866259334547	0.03394433129667346	-0.002715546503733939	0.031228784792939515	30836433
2024-05-24	-0.011409395973154357	-0.004697986577181227	0.010738255033557057	-0.016778523489932886	-0.011409395973154357	21066643
2024-05-23	-0.024230517354289407	0.0013097576948264292	0.005239030779305833	-0.027504911591355596	-0.024230517354289407	31754898
2024-05-22	0.024832214765100617	0.0006711409395973011	0.02684563758389264	-0.006040268456375829	0.024832214765100617	34381774
2024-05-21	0.017064846416382253	0.0027303754266211023	0.022525597269624578	-0.010238907849829375	0.017064846416382253	25066312
2024-05-20	-0.006779661016949128	-0.0013559322033898015	0.005423728813559327	-0.013559322033898256	-0.006779661016949128	23989677
2024-05-17	0.004768392370572226	-0.0040871934604904975	0.008174386920980995	-0.008855585831062603	0.004768392370572226	20805800
2024-05-16	0.016620498614958464	0.005540166204986155	0.024930747922437758	-0.007617728531855917	0.016620498614958464	27450274
2024-05-15	-0.020352781546811447	-0.00610583446404341	0.008141112618724506	-0.022388059701492543	-0.020352781546811447	19943309
2024-05-14	0.004771642808452644	-0.0006816632583503604	0.04158145875937283	-0.0006816632583503604	0.004771642808452644	34430459
2024-05-13	0.02229965156794427	-0.004181184668989582	0.03205574912891992	-0.019512195121951174	0.02229965156794427	36396253
2024-05-10	-0.01034482758620692	0.00551724137931035	0.006896551724137907	-0.019310344827586163	-0.01034482758620692	15816597
2024-05-09	0.00694444444444442	0.0	0.009722222222222137	0.0	0.00694444444444442	17637860
2024-05-08	-0.019741320626276322	0.0	0.0027229407760381843	-0.02178352620830499	-0.019741320626276322	23001131
2024-05-07	-0.006089309878213793	-0.004736129905277301	0.009472259810554842	-0.010825439783491214	-0.006089309878213793	26131790
2024-05-06	0.032844164919636536	0.014675052410901402	0.03773584905660371	0.007686932215234062	0.032844164919636536	45808917
2024-04-30	-0.0020920502092049765	0.007670850767085037	0.014644351464435205	-0.01394700139470009	-0.0020920502092049765	40602794
2024-04-29	0.026485325697924066	-0.005010737294201881	0.03221188260558334	-0.007874015748031583	0.026485325697924066	48790662
2024-04-26	0.03481481481481486	0.0	0.03999999999999994	-0.002222222222222175	0.03481481481481486	47334852
2024-04-25	0.0022271714922048524	-0.0014847809948033666	0.013363028953229376	-0.016332590942835977	0.0022271714922048524	40218319
2024-04-24	-0.009558823529411693	0.0014705882352940864	0.013235294117647038	-0.04044117647058816	-0.009558823529411693	66707952
2024-04-23	-0.003663003663003715	0.004395604395604432	0.016117216117216032	-0.022710622710622748	-0.003663003663003715	37778645
2024-04-22	0.0029390154298310745	0.000734753857457736	0.010286554004408565	-0.015429831006612717	0.0029390154298310745	27769410
2024-04-19	-0.004389173372348244	0.0	0.004389173372348244	-0.022677395757132443	-0.004389173372348244	32858812
2024-04-18	0.002934702861335227	0.002934702861335227	0.012472487160674976	-0.014673514306676527	0.002934702861335227	25648670
2024-04-17	0.04284621270084166	0.010711553175210449	0.04514154552410098	0.010711553175210449	0.04284621270084166	31963627
2024-04-16	-0.041788856304985356	-0.009530791788856362	-0.003665689149560169	-0.04398826979472151	-0.041788856304985356	39357539
2024-04-15	0.011869436201780426	-0.005934718100890213	0.019287833827893158	-0.007418397626112733	0.011869436201780426	33529052
2024-04-12	0.01659125188536958	0.0015082956259426527	0.03167420814479638	0.0	0.01659125188536958	32320443
2024-04-11	-0.010447761194029893	-0.001492537313432804	0.014925373134328304	-0.016417910447761242	-0.010447761194029893	24667349
2024-04-10	-0.023323615160349875	0.0029154518950436693	0.0029154518950436693	-0.031341107871720224	-0.023323615160349875	27693999
2024-04-09	-0.003631082062454534	-0.010893246187363861	0.0029048656499637564	-0.01815541031227306	-0.003631082062454534	25874899
2024-04-08	-0.01148600143575019	0.0	0.008614501076812706	-0.02081837760229714	-0.01148600143575019	29883878
2024-04-03	0.009420289855072391	-0.0050724637681159625	0.021014492753623125	-0.02318840579710147	0.009420289855072391	39811822
2024-04-02	-0.02679830747531728	-0.009873060648801169	-0.007052186177715067	-0.03526093088857546	-0.02679830747531728	38823294
2024-04-01	0.039589442815249204	0.0065982404692082	0.043255131964809374	0.0014662756598240157	0.039589442815249204	55224094
2024-03-29	0.006642066420664196	0.000738007380073785	0.013284132841328391	-0.011070110701107036	0.006642066420664196	28504012
2024-03-28	0.034351145038168024	0.0007633587786259379	0.05725190839694656	-0.0015267175572518759	0.034351145038168024	41343559
2024-03-27	-0.02384500745156485	0.005961251862891212	0.008941877794336752	-0.02384500745156485	-0.02384500745156485	25627289
2024-03-26	0.00599700149925038	-0.014242878560719603	0.013493253373313321	-0.014242878560719603	0.00599700149925038	30416071
2024-03-25	-0.011119347664937017	0.0059303187546330665	0.026686434395848734	-0.011860637509266133	-0.011119347664937017	46659962
2024-03-22	-0.008817046289492963	-0.00734753857457749	0.008082292432035357	-0.018368846436443792	-0.008817046289492963	39814128
2024-03-21	0.017189835575485698	0.009715994020926681	0.025411061285500736	-0.002242152466367798	0.017189835575485698	50884368
2024-03-20	0.0	-0.004484304932735463	0.012705530642750368	-0.009715994020926814	0.0	28604020
2024-03-19	0.00981132075471704	-0.0060377358490566095	0.03245283018867923	-0.0060377358490566095	0.00981132075471704	64275803
2024-03-18	0.022376543209876476	0.0	0.028549382716049322	-0.0023148148148149023	0.022376543209876476	40238738
2024-03-15	0.016470588235294185	0.003921568627451036	0.016470588235294185	-0.009411764705882291	0.016470588235294185	26150278
2024-03-14	-0.021488871834228655	-0.004604758250191767	0.003837298541826609	-0.029163468917881737	-0.021488871834228655	31774817
2024-03-13	-0.007616146230007724	-0.0022848438690023713	0.0038080731150037265	-0.016755521706016803	-0.007616146230007724	39655170
2024-03-12	-0.013523666416228378	-0.005259203606311065	0.018031555221637883	-0.023290758827948947	-0.013523666416228378	71437609
2024-03-11	0.07165861513687605	0.0	0.07246376811594206	-0.00402576489533017	0.07165861513687605	75467750
2024-03-08	0.018867924528301924	0.0	0.020508613617719443	-0.0008203445447087603	0.018867924528301924	19326411
2024-03-07	-0.02868525896414352	-0.003984063745019977	0.002390438247011901	-0.02868525896414352	-0.02868525896414352	29151246
2024-03-06	-0.0031771247021444913	-0.011119936457506002	0.016679904686259003	-0.024622716441620375	-0.0031771247021444913	30116468
2024-03-05	0.006394884092725825	-0.015187849720223781	0.022382094324540316	-0.016786570743405203	0.006394884092725825	41606892
2024-03-04	0.0024038461538461024	0.012820512820512832	0.024038461538461453	-0.012820512820512832	0.0024038461538461024	33205800
2024-03-01	0.031404958677686015	0.0033057851239670184	0.03305785123966945	0.000826446280991718	0.031404958677686015	34960295
2024-02-29	0.03330486763450032	-0.001707941929974496	0.03415883859948749	-0.004269854824936013	0.03330486763450032	27536542
2024-02-28	-0.029826014913007407	0.0008285004142501894	0.01988400994200499	-0.029826014913007407	-0.029826014913007407	35735380
2024-02-27	0.02201524132091446	-0.00677392040643523	0.022861981371718847	-0.009314140558848535	0.02201524132091446	26171888
2024-02-26	0.0	-0.0008467400508043849	0.017781541066892385	-0.00508044030482646	0.0	22474530
2024-02-23	0.0051063829787234465	0.0017021276595744319	0.010212765957446742	-0.00851063829787231	0.0051063829787234465	20155361
2024-02-22	0.01555747623163351	-0.006914433880726022	0.01555747623163351	-0.009507346585998222	0.01555747623163351	21947317
2024-02-21	0.005212858384013945	-0.008688097306689804	0.024326672458731484	-0.013900955690703749	0.005212858384013945	26415735
2024-02-20	-0.0069025021570319305	-0.0017256255392579442	-0.0008628127696289721	-0.023295944779982706	-0.0069025021570319305	21120279
2024-02-19	0.013111888111888143	0.013111888111888143	0.020979020979020997	0.0034965034965035776	0.013111888111888143	32535658
2024-02-08	0.012389380530973344	0.004424778761061852	0.025663716814159215	-0.0008849557522125277	0.012389380530973344	37784365
2024-02-07	0.027272727272727337	0.0	0.050000000000000065	-0.0036363636363635587	0.027272727272727337	39961649
2024-02-06	0.07317073170731707	0.0	0.07707317073170723	-0.01365853658536591	0.07317073170731707	45459290
2024-02-05	-0.020076481835564132	-0.0038240917782027648	0.008604206500956009	-0.0659655831739963	-0.020076481835564132	47799497
2024-02-02	-0.03683241252302013	-0.0036832412523019474	0.01657458563535909	-0.06906077348066299	-0.03683241252302013	31517518
2024-02-01	0.039234449760765566	-0.007655502392344505	0.05358851674641153	-0.01052631578947363	0.039234449760765566	36958094
2024-01-31	-0.06862745098039227	0.0017825311942958621	0.007130124777183606	-0.07040998217468813	-0.06862745098039227	49603856
2024-01-30	-0.026041666666666574	-0.006076388888888914	0.0008680555555555371	-0.027777777777777804	-0.026041666666666574	20511456
2024-01-29	-0.025380710659898536	0.0	0.010152284263959324	-0.026226734348561802	-0.025380710659898536	24910501
2024-01-26	-0.011705685618729143	-0.005016722408026797	-0.0008361204013379233	-0.015050167224080391	-0.011705685618729143	23123033
2024-01-25	0.028374892519346523	-0.002579535683577054	0.030094582975064454	-0.012897678417884811	0.028374892519346523	22984245
2024-01-24	0.005185825410544555	0.004321521175453667	0.01987899740708733	-0.02852203975799482	0.005185825410544555	22252626
2024-01-23	0.007839721254355388	-0.0008710801393728037	0.017421602787456383	-0.013066202090592364	0.007839721254355388	20814310
2024-01-22	-0.025466893039049147	0.00254668930390502	0.02971137521222423	-0.0331069609507639	-0.025466893039049147	35642193
2024-01-19	-0.005907172995780615	-0.0016877637130801328	0.006751054852320681	-0.009282700421940881	-0.005907172995780615	16831181
2024-01-18	0.005942275042444847	-0.005093378607809739	0.009337860780984824	-0.025466893039049147	0.005942275042444847	24312198
2024-01-17	-0.02885408079142633	-0.0024732069249794836	0.002473206924979337	-0.02885408079142633	-0.02885408079142633	14733068
2024-01-16	-0.0016460905349793887	-0.004115226337448618	0.010699588477366172	-0.015637860082304486	-0.0016460905349793887	18216972
2024-01-15	0.014190317195325536	0.0016694490818029693	0.026711185308848102	-0.005843071786310541	0.014190317195325536	19510834
2024-01-12	-0.022838499184339264	-0.0024469820554648743	-0.0024469820554648743	-0.022838499184339264	-0.022838499184339264	22013520
2024-01-11	0.026800670016750443	-0.0008375209380234328	0.030150753768844324	-0.007537688442211044	0.026800670016750443	20157896
2024-01-10	-0.01889893179950702	-0.003286770747740275	-0.0008216926869350688	-0.02382908792111743	-0.01889893179950702	17176818
2024-01-09	0.01670843776106928	0.00918964076858809	0.023391812865497023	0.0025062656641603475	0.01670843776106928	26120514
2024-01-08	-0.03700724054706348	-0.0064360418342719284	0.009654062751407965	-0.03781174577634745	-0.03700724054706348	26516018
2024-01-05	-0.01661392405063298	0.0007911392405063122	0.01740506329113915	-0.021360759493670993	-0.01661392405063298	18410405
2024-01-04	-0.017107309486780627	0.0015552099533438063	0.006998444790046646	-0.024105754276827273	-0.017107309486780627	17569085
2024-01-03	-0.01531393568147022	-0.004594180704441079	0.00535987748851457	-0.02067381316998479	-0.01531393568147022	23967798
2024-01-02	-0.010606060606060515	-0.0022727272727272245	0.009090909090909167	-0.010606060606060515	-0.010606060606060515	21012222
2023-12-29	0.032056293979671635	0.0007818608287726008	0.046129788897576365	-0.002345582486317386	0.032056293979671635	35370188
2023-12-28	0.01507936507936504	0.004761904761904801	0.020634920634920617	-0.007142857142857131	0.01507936507936504	21759320
2023-12-27	0.03278688524590167	0.0	0.035245901639344386	-0.0024590163934425707	0.03278688524590167	20338061
2023-12-26	-0.04088050314465419	0.003930817610062809	0.003930817610062809	-0.04874213836477995	-0.04088050314465419	26285025
2023-12-25	0.01760000000000005	-0.0040000000000000565	0.021599999999999966	-0.0064000000000000055	0.01760000000000005	14538329
2023-12-22	-0.011075949367088653	-0.002373417721519077	0.008702531645569575	-0.013449367088607589	-0.011075949367088653	17743325
2023-12-21	0.001584786053882833	-0.003169572107765384	0.00633914421553091	-0.02060221870047542	0.001584786053882833	22486742
2023-12-20	-0.01019607843137261	0.005490196078431395	0.009411764705882291	-0.01019607843137261	-0.01019607843137261	16847993
2023-12-19	0.015127388535031807	0.0031847133757961104	0.019904458598726114	-0.0023885350318472243	0.015127388535031807	14282824
2023-12-18	-0.00946372239747628	-0.006309148264984233	0.0015772870662460231	-0.013406940063091477	-0.00946372239747628	11407705
2023-12-15	-0.006269592476489034	0.0015673981191222236	0.010971786833855844	-0.00940438871473348	-0.006269592476489034	15941326
2023-12-14	-0.0039032006245121554	0.007025761124121769	0.01717408274785315	-0.006245120999219365	-0.0039032006245121554	17600851
2023-12-13	-0.011574074074074101	-0.0030864197530864907	0.0023148148148147652	-0.011574074074074101	-0.011574074074074101	22701587
2023-12-12	0.0030959752321982137	-0.009287925696594366	0.00696594427244581	-0.011609907120743062	0.0030959752321982137	21427688
2023-12-11	0.017322834645669343	-0.009448818897637734	0.01968503937007874	-0.03070866141732274	0.017322834645669343	30657209
2023-12-08	0.010342084327764439	0.0007955449482895614	0.012728719172633265	-0.008750994431185316	0.010342084327764439	29941446
2023-12-07	0.00399361022364223	-0.0015974440894568351	0.008785942492012876	-0.004792332268370505	0.00399361022364223	16519844
2023-12-06	0.0024019215372297325	-0.0008006405124099109	0.010408326661328984	-0.005604483586869519	0.0024019215372297325	15183109
2023-12-05	-0.023455824863174272	-0.0031274433150898476	0.0	-0.025019546520719197	-0.023455824863174272	20083136
2023-12-04	-0.022918258212375912	0.0007639419404125124	0.002291825821237537	-0.031321619556913684	-0.022918258212375912	25618918
2023-12-01	0.0022970903522204714	0.0	0.00535987748851457	-0.007656967840735041	0.0022970903522204714	17049724
2023-11-30	-0.00457317073170722	-0.00228658536585361	0.001524390243902542	-0.01371951219512193	-0.00457317073170722	17966764
2023-11-29	-0.008314436885865549	-0.0037792894935752613	0.00907029478458044	-0.009826152683295598	-0.008314436885865549	17556523
2023-11-28	0.0030326004548901385	-0.0015163002274450018	0.012888551933282786	-0.006823351023502643	0.0030326004548901385	22109960
2023-11-27	0.006870229007633577	-0.005343511450381701	0.009160305343511527	-0.007633587786259515	0.006870229007633577	20126393
2023-11-24	-0.015037593984962485	-0.0022556390977444465	-0.0022556390977444465	-0.020300751879699347	-0.015037593984962485	19978962
2023-11-23	0.020721412125863498	-0.0023023791250958835	0.022256331542594085	-0.009209516500383671	0.020721412125863498	20662049
2023-11-22	-0.01882530120481928	-0.007530120481927685	-0.0007530120481927551	-0.01957831325301203	-0.01882530120481928	23629949
2023-11-21	-0.011169024571854085	0.001489203276247176	0.010424422933730497	-0.013402829486224848	-0.011169024571854085	27335067
2023-11-20	-0.008856088560885681	0.00442804428044271	0.005166051660516494	-0.011808118081180822	-0.008856088560885681	23463545
2023-11-17	0.0022189349112426877	-0.0014792899408283709	0.009615384615384673	-0.0051775147928994295	0.0022189349112426877	19987698
2023-11-16	-0.019579405366207368	-0.0043509789702682175	0.0	-0.020304568527918735	-0.019579405366207368	26372051
2023-11-15	0.0021802325581394884	0.017441860465116296	0.018168604651162792	-0.0014534883720929922	0.0021802325581394884	22668153
2023-11-14	-0.0014513788098693451	-0.0014513788098693451	0.01523947750362851	-0.007982583454281527	-0.0014513788098693451	27477261
2023-11-13	0.0007262164124909068	0.00435729847494557	0.010167029774872953	-0.007262164124909197	0.0007262164124909068	30792205
2023-11-10	0.011013215859030864	-0.005139500734214281	0.02422907488986785	-0.005873715124816452	0.011013215859030864	35854369
2023-11-09	-0.019438444924406145	-0.0014398848092153599	0.002879769618430464	-0.023038156947444224	-0.019438444924406145	40251300
2023-11-08	-0.00501432664756449	0.002148997134670441	0.007163323782234931	-0.012893982808023029	-0.00501432664756449	41967761
2023-11-07	-0.007818052594171957	-0.00284292821606261	0.004975124378109473	-0.014925373134328419	-0.007818052594171957	46282630
2023-11-06	0.04921700223713647	0.005219985085756919	0.06935123042505591	0.0029828486204324495	0.04921700223713647	87702290
2023-11-03	0.023664122137404618	0.0007633587786259379	0.034351145038168024	0.0	0.023664122137404618	46749814
2023-11-02	-0.012066365007541489	0.018099547511312233	0.024132730015082978	-0.012066365007541489	-0.012066365007541489	41647052
2023-11-01	0.015313935681470082	0.0068912710566615505	0.045941807044410386	0.0068912710566615505	0.015313935681470082	54310771
2023-10-31	-0.009855951478392647	-0.006823351023502643	0.0037907505686126395	-0.017437452615617792	-0.009855951478392647	35238848
2023-10-30	0.0320813771517997	-0.006259780907668238	0.03990610328638496	-0.007824726134585262	0.0320813771517997	60320715
2023-10-27	-0.010069713400464817	-0.011618900077459362	-0.002323780015491817	-0.035631293570875355	-0.010069713400464817	46583191
2023-10-26	0.033626901521216966	-0.00720576461168934	0.059247397918334686	-0.016012810248198645	0.033626901521216966	62460585
2023-10-25	0.012976480129764812	0.005677210056772124	0.021086780210867784	-0.004055150040551558	0.012976480129764812	32352320
2023-10-24	-0.012019230769230798	0.0	0.004807692307692205	-0.03044871794871801	-0.012019230769230798	31167806
2023-10-23	-0.006369426751592362	0.005573248407643334	0.014331210191082779	-0.023885350318471395	-0.006369426751592362	32186617
2023-10-20	-0.014901960784313686	0.01019607843137261	0.013333333333333327	-0.021176470588235262	-0.014901960784313686	33085147
2023-10-19	-0.0618101545253863	-0.04194260485651216	-0.03237674760853565	-0.06622516556291394	-0.0618101545253863	71321431
2023-10-18	-0.003665689149560169	-0.004398826979472177	0.0007331378299120078	-0.02052785923753674	-0.003665689149560169	30018383
2023-10-17	0.0022042615723733387	-0.001469507714915472	0.006612784717119755	-0.01322556943423951	0.0022042615723733387	31362742
2023-10-16	-0.005116959064327506	0.0	0.004385964912280738	-0.013157894736842085	-0.005116959064327506	39881878
2023-10-13	0.02318623784592375	-0.0029917726252804153	0.04861630516080781	-0.0044876589379206225	0.02318623784592375	64589858
2023-10-12	0.00450788880540937	0.0	0.009767092411720435	-0.006010518407212628	0.00450788880540937	35281216
2023-10-11	0.027799227799227895	0.000772200772200893	0.042471042471042525	-0.003861003861003779	0.027799227799227895	52400161
2023-10-10	0.010928961748633784	0.0039032006245120167	0.01717408274785315	-0.0015612802498049454	0.010928961748633784	35792687
2023-10-09	0.04315960912052127	-0.003257328990227944	0.057003257328990316	-0.00407166123778493	0.04315960912052127	53055948
2023-09-28	0.03106633081444158	-0.001679261125104918	0.035264483627204024	-0.001679261125104918	0.03106633081444158	23341488
2023-09-27	-0.005012531328320843	0.0025062656641603475	0.006683375104427742	-0.010025062656641687	-0.005012531328320843	15035200
2023-09-26	-0.015624999999999958	0.0016447368421052282	0.011513157894736888	-0.015624999999999958	-0.015624999999999958	15630154
2023-09-25	0.0016474464579900802	0.0016474464579900802	0.03624382207578249	-0.0032948929159803066	0.0016474464579900802	33129580
2023-09-22	0.034953111679454404	0.005967604433077603	0.03751065643648759	-0.005967604433077603	0.034953111679454404	19136889
2023-09-21	0.0008532423208190944	0.0	0.007679180887372001	-0.006825938566552906	0.0008532423208190944	12246829
2023-09-20	-0.002553191489361648	0.0017021276595744319	0.007659574468085095	-0.0034042553191488637	-0.002553191489361648	9868571
2023-09-19	-0.014261744966442946	0.0025167785234898794	0.004194630872483281	-0.018456375838926228	-0.014261744966442946	14496400
2023-09-18	-0.0033444816053512477	-0.002508361204013473	0.010033444816053446	-0.010033444816053593	-0.0033444816053512477	12578433
2023-09-15	0.0	0.0008361204013377747	0.015050167224080242	-0.005016722408026797	0.0	16146857
2023-09-14	-0.01238645747316256	-0.0008257638315441608	0.002477291494632629	-0.01734104046242767	-0.01238645747316256	16008422
2023-09-13	-0.02022653721682848	-0.005663430420711997	-0.003236245954692488	-0.029126213592232966	-0.02022653721682848	19982196
2023-09-12	-0.0024213075060533604	-0.000807102502017739	0.0072639225181597945	-0.0072639225181597945	-0.0024213075060533604	15320732
2023-09-11	0.0032388663967612085	0.012955465587044546	0.013765182186234813	-0.0048582995951417405	0.0032388663967612085	20038295
2023-09-08	0.004065040650406417	-0.0032520325203252783	0.009756097560975546	-0.005691056910569129	0.004065040650406417	14302363
2023-09-07	-0.0144230769230769	-0.004807692307692347	0.0	-0.016826923076923146	-0.0144230769230769	22345573
2023-09-06	0.012987012987012998	-0.013798701298701293	0.013798701298701293	-0.013798701298701293	0.012987012987012998	29149706
2023-09-05	0.007358953393295164	0.004088307440719455	0.025347506132461055	-0.001635322976287782	0.007358953393295164	37327495
2023-09-04	0.013256006628003325	0.004142502071250947	0.013256006628003325	-0.0008285004142501894	0.013256006628003325	21377106
2023-09-01	-0.018699186991869954	0.0024390243902438504	0.004878048780487701	-0.02195121951219523	-0.018699186991869954	21674163
2023-08-31	0.009852216748768555	-0.0024630541871920658	0.013136288998357976	-0.004105090311986776	0.009852216748768555	35833394
2023-08-30	0.04280821917808219	0.013698630136986314	0.04965753424657535	0.012842465753424688	0.04280821917808219	51449308
2023-08-29	0.05605786618444839	-0.0009041591320072139	0.062386980108499045	-0.0036166365280290162	0.05605786618444839	36638077
2023-08-28	0.010045662100456732	0.08127853881278545	0.08219178082191785	0.0073059360730593674	0.010045662100456732	28432098
2023-08-25	-0.014401440144014415	-0.003600360036003524	0.0	-0.02070207020702058	-0.014401440144014415	20201428
2023-08-24	-0.009803921568627558	0.0035650623885917243	0.008912655971479468	-0.009803921568627558	-0.009803921568627558	17719107
2023-08-23	-0.036082474226804113	-0.0034364261168385673	-0.0034364261168385673	-0.036082474226804113	-0.036082474226804113	22804101
2023-08-22	0.007792207792207779	0.011255411255411168	0.0181818181818181	-0.01991341991341995	0.007792207792207779	35735845
2023-08-21	0.01672535211267617	0.036971830985915485	0.09066901408450714	0.01672535211267617	0.01672535211267617	62986402
2023-08-18	-0.020689655172413814	-0.000862068965517223	0.0034482758620690453	-0.020689655172413814	-0.020689655172413814	14821232
2023-08-17	-0.0042918454935622925	-0.0034334763948498646	-0.000858369098712428	-0.019742489270386302	-0.0042918454935622925	17621278
2023-08-16	-0.016877637130801627	-0.004219409282700332	0.005063291139240548	-0.02109704641350211	-0.016877637130801627	11843399
2023-08-15	-0.01659751037344407	0.0024896265560165444	0.008298755186721962	-0.02406639004149385	-0.01659751037344407	15952846
2023-08-14	0.0	-0.0008298755186723288	0.00580912863070527	-0.018257261410788435	0.0	15655484
2023-08-11	-0.024291497975708416	0.0032388663967612085	0.0032388663967612085	-0.024291497975708416	-0.024291497975708416	9781868
2023-08-10	0.007340946166394769	0.0032626427406199777	0.009787928221859787	-0.0008156606851549581	0.007340946166394769	11070698
2023-08-09	-0.016840417000801994	0.0	0.003207698476343155	-0.01924619085805936	-0.016840417000801994	11751208
2023-08-08	0.0	-0.0048115477145148754	0.014434643143544484	-0.005613472333600664	0.0	15460047
2023-08-07	-0.0016012810248198217	-0.005604483586869519	0.0040032025620495544	-0.00720576461168934	-0.0016012810248198217	11226965
2023-08-04	0.0016038492381715776	0.0024057738572573666	0.01924619085805936	-0.003207698476343298	0.0016038492381715776	19820380
2023-08-03	0.00402576489533017	-0.005636070853462181	0.004830917874396175	-0.006441223832528186	0.00402576489533017	13622462
2023-08-02	0.007299270072992689	-0.004055150040551558	0.007299270072992689	-0.006488240064882406	0.007299270072992689	11584404
2023-08-01	-0.0024271844660193657	-0.000809061488673122	0.008090614886731507	-0.00647249190938512	-0.0024271844660193657	17919945
2023-07-31	0.017283950617283873	0.00823045267489709	0.018106995884773568	-0.004938271604938312	0.017283950617283873	19542672
2023-07-28	0.023588879528222507	-0.0033698399326031296	0.026116259477674854	-0.005054759898904694	0.023588879528222507	16976892
2023-07-27	-0.01657000828500423	-0.004142502071251095	0.005799502899751474	-0.01739850869925442	-0.01657000828500423	14760833
2023-07-26	-0.013888888888888883	-0.003267973856209226	-0.0008169934640522702	-0.01715686274509811	-0.013888888888888883	13186782
2023-07-25	0.01830282861896844	0.00998336106489193	0.02079866888519135	0.004159733777038329	0.01830282861896844	12237810
2023-07-24	0.0033388981636059386	0.002504173622704454	0.017529215358931476	0.0008347245409014846	0.0033388981636059386	9605810
2023-07-21	-0.007456503728251852	0.0008285004142501894	0.005799502899751474	-0.009942004971002567	-0.007456503728251852	11201487
2023-07-20	-0.01790073230268502	0.003254678600488277	0.007323026851098587	-0.020341741253051264	-0.01790073230268502	15918684
2023-07-19	-0.005663430420711997	-0.003236245954692488	0.0040453074433657536	-0.014563106796116483	-0.005663430420711997	15089477
2023-07-18	-0.001615508885298978	0.004038772213247086	0.011308562197091986	-0.005654281098546064	-0.001615508885298978	14946909
2023-07-17	0.004870129870129911	-0.0008116883116882944	0.013798701298701293	-0.007305194805194794	0.004870129870129911	12947560
2023-07-14	-0.0016207455429497223	0.00405186385737445	0.006482982171799033	-0.006482982171799033	-0.0016207455429497223	12770052
2023-07-13	0.0206782464846981	0.0008271298593879062	0.023159636062861817	-0.002481389578163719	0.0206782464846981	20373757
2023-07-12	-0.014669926650366726	-0.001629991850040715	0.007334963325183363	-0.017929910350448157	-0.014669926650366726	13723179
2023-07-11	0.019950124688279322	0.0008312551953449532	0.020781379883624274	-0.0008312551953449532	0.019950124688279322	15470472
2023-07-10	-0.006606110652353433	0.0008257638315441608	0.006606110652353433	-0.010734929810074238	-0.006606110652353433	15347269
2023-07-07	-0.010620915032679801	-0.003267973856209226	0.0016339869281045403	-0.022058823529411728	-0.010620915032679801	16428750
2023-07-06	0.004926108374384277	0.0008210180623973553	0.018062397372742255	-0.004105090311986776	0.004926108374384277	16875845
2023-07-05	-0.005714285714285738	-0.004081632653061282	0.009795918367346876	-0.009795918367346876	-0.005714285714285738	20765989
2023-07-04	0.028547439126784202	-0.005037783375314903	0.04534005037783368	-0.00755667506297228	0.028547439126784202	36032447
2023-07-03	0.012755102040816356	0.003401360544217766	0.028061224489795925	0.0017006802721088073	0.012755102040816356	26937110
2023-06-30	0.0034129692832763777	-0.0017064846416383404	0.00938566552901019	-0.005972696245733812	0.0034129692832763777	17485800
2023-06-29	0.01559792027729649	-0.0034662045060657844	0.025996533795494	-0.005199306759098676	0.01559792027729649	18239202
2023-06-28	-0.012831479897348192	0.008554319931565411	0.008554319931565411	-0.026518391787852758	-0.012831479897348192	13688583
2023-06-27	0.01563857515204168	0.00173761946133793	0.020851433536055623	-0.002606429192006895	0.01563857515204168	11528205
2023-06-26	-0.017918088737201437	-0.003412969283276529	0.0034129692832763777	-0.019624573378839626	-0.017918088737201437	16488800
2023-06-21	-0.018425460636515817	-0.0033500837520937313	0.004187604690117312	-0.020938023450586266	-0.018425460636515817	16962664
2023-06-20	0.0	-0.0016750418760468656	0.018425460636515966	-0.0033500837520937313	0.0	22599511
2023-06-19	0.005897219882055627	0.0008424599831509321	0.016006739679865316	-0.007582139848357192	0.005897219882055627	21230566
2023-06-16	0.014529914529914525	0.004273504273504335	0.014529914529914525	-0.003418803418803346	0.014529914529914525	20075900
2023-06-15	-0.004255319148936231	0.0	0.0017021276595744319	-0.010212765957446742	-0.004255319148936231	15363396
2023-06-14	-0.010109519797809538	0.0008424599831509321	0.002527379949452497	-0.0143218197135636	-0.010109519797809538	14450480
2023-06-13	0.005932203389830382	0.0	0.011016949152542288	-0.015254237288135719	0.005932203389830382	24990901
2023-06-12	0.02341717259323516	-0.0017346053772766326	0.028620988725065057	-0.004336513443191582	0.02341717259323516	27304111
2023-06-09	0.025800711743772166	0.0026690391459074166	0.025800711743772166	0.0017793594306049442	0.025800711743772166	29706419
2023-06-08	-0.014035087719298258	0.0	0.0035087719298244864	-0.018421052631579022	-0.014035087719298258	19232270
2023-06-07	0.0017574692442881873	0.004393673110720468	0.019332161687170373	-0.0008787346221442498	0.0017574692442881873	16577445
2023-06-06	-0.039662447257383875	-0.004219409282700332	-0.0016877637130801328	-0.039662447257383875	-0.039662447257383875	31584734
2023-06-05	0.0008445945945945766	0.0008445945945945766	0.009290540540540492	-0.006756756756756763	0.0008445945945945766	17768512
2023-06-02	0.01805674978503861	0.006018916595012769	0.026655202063628435	0.000859845227858967	0.01805674978503861	25643195
2023-06-01	0.0	-0.011177987962166876	0.014617368873602744	-0.022355975924333752	0.0	28243118
2023-05-31	0.005185825410544555	-0.001728608470181467	0.009507346585998222	-0.004321521175453821	0.005185825410544555	18352750
2023-05-30	0.014912280701754379	-0.004385964912280764	0.014912280701754379	-0.013157894736842136	0.014912280701754379	17920181
2023-05-29	-0.020618556701030945	0.004295532646048018	0.007731958762886585	-0.02405498281786951	-0.020618556701030945	19718672
2023-05-26	0.012173913043478311	-0.0017391304347825717	0.012173913043478311	-0.0026086956521738573	0.012173913043478311	11496737
2023-05-25	-0.002601908065914949	-0.0034692107545532653	0.011274934952298421	-0.015611448395490002	-0.002601908065914949	14637693
2023-05-24	-0.005176876617773986	-0.0025884383088869162	0.010353753235547972	-0.012079378774805916	-0.005176876617773986	11209300
2023-05-23	-0.005150214592274721	0.0	0.006008583690987149	-0.012875536480686725	-0.005150214592274721	13430352
2023-05-22	-0.011035653650254586	0.00509337860780989	0.00509337860780989	-0.015280135823429518	-0.011035653650254586	14200734
2023-05-19	0.011158798283261717	0.001716738197424856	0.019742489270386302	0.000858369098712428	0.011158798283261717	19304451
2023-05-18	0.001719690455717934	0.000859845227858967	0.013757523645743624	-0.005159071367153955	0.001719690455717934	18256595
2023-05-17	0.013066202090592364	0.0	0.013066202090592364	-0.004355400696864173	0.013066202090592364	15741880
2023-05-16	0.0008718395815169823	0.0026155187445509468	0.008718395815169977	-0.009590235396687114	0.0008718395815169823	16860868
2023-05-15	0.009683098591549403	-0.0035211267605633053	0.011443661971831056	-0.007042253521126767	0.009683098591549403	15397208
2023-05-12	-0.015597920277296336	-0.002599653379549338	0.0034662045060659384	-0.015597920277296336	-0.015597920277296336	15778260
2023-05-11	-0.0068846815834767705	0.003442340791738462	0.013769363166953541	-0.01032702237521508	-0.0068846815834767705	19722617
2023-05-10	0.0	-0.003442340791738309	0.012048192771084387	-0.007745266781411348	0.0	20231176
2023-05-09	0.0034542314335059715	0.0017271157167529857	0.03367875647668399	-0.010362694300518067	0.0034542314335059715	28868531
2023-05-08	0.00959023539668696	0.006102877070618876	0.017436791630339954	-0.00610287707061903	0.00959023539668696	19799708
2023-05-05	-0.018819503849443874	0.0	0.0034217279726262554	-0.024807527801539705	-0.018819503849443874	24316844
2023-05-04	0.0025728987993138388	0.0017152658662092258	0.015437392795883338	-0.013722126929674111	0.0025728987993138388	28094093
2023-04-28	0.039215686274509755	0.0098039215686274	0.044563279857397504	0.007130124777183606	0.039215686274509755	32021101
2023-04-27	-0.0079575596816976	-0.0053050397877984524	0.007073386383731217	-0.017683465959328123	-0.0079575596816976	26386164
2023-04-26	0.004440497335701662	-0.004440497335701504	0.039964476021314484	-0.005328596802841963	0.004440497335701662	45003669
2023-04-25	-0.12099921935987515	-0.05152224824355973	-0.04996096799375492	-0.1327088212334115	-0.12099921935987515	99517381
2023-04-24	0.016666666666666736	0.014285714285714263	0.06904761904761914	0.009523809523809603	0.016666666666666736	54813464
2023-04-21	-0.0526315789473685	-0.0037593984962406546	0.027067669172932286	-0.0526315789473685	-0.0526315789473685	52030426
2023-04-20	0.011406844106463905	0.0	0.013688212927756632	-0.0007604562737642424	0.011406844106463905	22623005
2023-04-19	0.0030511060259344716	-0.0038138825324179203	0.016781083142639257	-0.007627765064835976	0.0030511060259344716	20022023
2023-04-18	-0.009818731117824832	-0.009063444108761405	0.0	-0.030966767371601218	-0.009818731117824832	30501584
2023-04-17	-0.0030120481927710203	0.001506024096385644	0.003765060240963909	-0.012801204819277105	-0.0030120481927710203	20846867
2023-04-14	-0.001503759398496342	0.003759398496240521	0.006766917293233071	-0.024812030075187973	-0.001503759398496342	36013970
2023-04-13	-0.03901734104046237	-0.010115606936416227	-0.0065028901734103944	-0.040462427745664775	-0.03901734104046237	39533073
2023-04-12	0.024426350851221322	0.0007401924500369939	0.02738712065136943	-0.005181347150259088	0.024426350851221322	40506973
2023-04-11	0.02039274924471296	0.003021148036253712	0.032477341389728076	0.002265861027190284	0.02039274924471296	35217109
2023-04-10	-0.028613352898019116	-0.005869405722670584	0.008070432868672005	-0.03008070432868673	-0.028613352898019116	35047879
2023-04-07	-0.018011527377521614	-0.003602305475504374	0.0	-0.02521613832853036	-0.018011527377521614	37968146
2023-04-06	0.028910303928836218	-0.007412898443291301	0.04818383988139365	-0.011119347664937017	0.028910303928836218	65756108
2023-04-04	-0.0029563932002955764	0.002956393200295708	0.009608277900960886	-0.014781966001478145	-0.0029563932002955764	37487069
2023-04-03	0.0014803849000739877	0.003700962250185101	0.008142116950407063	-0.015544041450777134	0.0014803849000739877	34102184
2023-03-31	0.0029695619896064696	-0.007423904974016438	0.003711952487008087	-0.01855976243504083	0.0029695619896064696	26655609
2023-03-30	0.006726457399103128	0.0022421524663676653	0.014200298953662144	-0.012705530642750368	0.006726457399103128	26108327
2023-03-29	0.0014970059880240532	0.0029940119760479733	0.014221556886227641	-0.011976047904191628	0.0014970059880240532	30234906
2023-03-28	-0.029774872912127825	-0.005083514887436477	-0.0007262164124909068	-0.034132171387073265	-0.029774872912127825	41202178
2023-03-27	-0.007925072046109597	-0.007204610951008748	0.015850144092218937	-0.023054755043227685	-0.007925072046109597	57821207
2023-03-24	0.02359882005899707	0.0007374631268436421	0.03097345132743362	-0.0014749262536874151	0.02359882005899707	90570424
2023-03-23	0.06352941176470592	0.015686274509803866	0.08862745098039222	0.014901960784313686	0.06352941176470592	112844111
2023-03-22	0.02163461538461535	0.00721153846153845	0.03044871794871787	-0.002403846153846245	0.02163461538461535	41737519
2023-03-21	0.02378999179655463	-0.0016406890894175206	0.03117309269893362	-0.0057424118129614675	0.02378999179655463	34542922
2023-03-20	0.0008210180623973553	0.0024630541871922115	0.01888341543513961	-0.0024630541871920658	0.0008210180623973553	29313441
2023-03-17	0.010788381742738506	0.012448132780082869	0.023236514522821522	0.00746887966804978	0.010788381742738506	26105132
2023-03-16	-0.013911620294599011	-0.008183306055646596	0.004091653027823153	-0.01636661211129305	-0.013911620294599011	18482596
2023-03-15	0.005761316872428006	0.009053497942386784	0.028806584362139887	0.004938271604938312	0.005761316872428006	25430256
2023-03-14	-0.014598540145985378	-0.0024330900243308483	-0.0016220600162205655	-0.032441200324412035	-0.014598540145985378	26455898
2023-03-13	0.005709624796084852	0.0024469820554648743	0.008972267536704685	-0.008972267536704685	0.005709624796084852	25208380
2023-03-10	-0.020766773162939282	-0.005591054313099065	-0.0015974440894568351	-0.020766773162939282	-0.020766773162939282	24374239
2023-03-09	-0.0007980845969672616	0.00399042298483645	0.0079808459696729	-0.007980845969672757	-0.0007980845969672616	13160464
2023-03-08	0.005617977528089768	-0.004012841091492834	0.008828250401284063	-0.009630818619582744	0.005617977528089768	14478561
2023-03-07	-0.017350157728706534	-0.0031545741324920462	0.007886435331230256	-0.02050473186119872	-0.017350157728706534	27682230
2023-03-06	-0.013229571984435792	0.000778210116731501	0.003112840466926142	-0.015564202334630295	-0.013229571984435792	24258181
2023-03-03	0.0023400936037441	-0.0015600624024960665	0.008580343213728504	-0.01248049921996881	0.0023400936037441	20410210
2023-03-02	-0.006971340046475589	0.005422153369481045	0.009295120061967406	-0.01084430673896209	-0.006971340046475589	24088685
2023-03-01	0.012549019607843149	-0.0015686274509803587	0.017254901960784365	-0.004705882352941215	0.012549019607843149	26771774
2023-02-28	0.015127388535031807	0.011146496815286528	0.026273885350318476	0.003980891719745138	0.015127388535031807	36514304
2023-02-27	-0.013354281225451682	-0.010212097407698411	0.0015710919088766358	-0.019638648860958365	-0.013354281225451682	27396679
2023-02-24	-0.011645962732919282	0.0	0.007763975155279475	-0.016304347826087022	-0.011645962732919282	28512716
2023-02-23	-0.014537107880642655	0.0	0.00841622035195099	-0.019127773527161437	-0.014537107880642655	44504100
2023-02-22	-0.015813253012048122	-0.006024096385542174	0.0007530120481927551	-0.0218373493975903	-0.015813253012048122	30834206
2023-02-21	-0.001503759398496342	0.0030075187969924168	0.009022556390977385	-0.01428571428571438	-0.001503759398496342	29901418
2023-02-20	0.012176560121765611	0.0	0.014459665144596612	-0.012176560121765611	0.012176560121765611	36767842
2023-02-17	-0.025945144551519618	-0.0014825796886582337	0.011860637509266133	-0.026686434395848734	-0.025945144551519618	60190116
2023-02-16	-0.014609203798392936	-0.002921840759678535	0.022644265887509167	-0.0233747260774288	-0.014609203798392936	74873909
2023-02-15	-0.008689355539464228	-0.004344677769732114	0.0	-0.01593048515568433	-0.008689355539464228	45727176
2023-02-14	0.013206162876008783	0.002934702861335227	0.029347028613352793	-0.006603081438004522	0.013206162876008783	70713885
2023-02-13	0.0014695077149156025	-0.000734753857457736	0.0036737692872888107	-0.013960323291697245	0.0014695077149156025	44417511
2023-02-10	0.0014716703458424998	-0.00662251655629138	0.017660044150110393	-0.00956585724797638	0.0014716703458424998	52040888
2023-02-09	0.02103681442524413	-0.00300525920360638	0.04432757325319307	-0.006010518407212628	0.02103681442524413	84971330
2023-02-08	-0.0015003750937734113	-0.002250562640660117	0.009002250562640602	-0.009002250562640602	-0.0015003750937734113	36135234
2023-02-07	0.009084027252081697	0.006056018168054375	0.033308099924299735	0.0015140045420135937	0.009084027252081697	57405255
2023-02-06	-0.009002250562640602	-0.00975243810952744	0.004501125281320367	-0.018004501125281337	-0.009002250562640602	45855119
2023-02-03	0.007558578987150389	-0.0037792894935752613	0.019652305366591065	-0.009070294784580574	0.007558578987150389	66723848
2023-02-02	-0.006756756756756746	-0.009009009009009084	0.02252252252252244	-0.013513513513513492	-0.006756756756756746	90257097
2023-02-01	0.00225733634311521	0.008276899924755547	0.008276899924755547	-0.027840481565086474	0.00225733634311521	98063976
2023-01-31	-0.007468259895444467	0.0	0.008215085884988755	-0.017923823749066484	-0.007468259895444467	107780526
2023-01-30	0.18811002661934348	0.12954747116237808	0.19964507542147295	0.09582963620230701	0.18811002661934348	210162259
2023-01-20	0.0008880994671403008	0.0008880994671403008	0.007992895204262865	-0.007104795737122564	0.0008880994671403008	19000439
2023-01-19	0.010771992818671383	0.000897666068222602	0.013464991023339189	-0.008078994614003578	0.010771992818671383	20040124
2023-01-18	0.0017985611510792582	0.0053956834532374555	0.0053956834532374555	-0.004496402877697746	0.0017985611510792582	17410617
2023-01-17	0.0054249547920432835	0.0036166365280288558	0.015370705244122958	0.0	0.0054249547920432835	29051083
2023-01-16	0.051330798479087544	-0.000950570342205303	0.07414448669201532	-0.001901140684410606	0.051330798479087544	63179958
2023-01-13	0.006698564593301463	-0.0019138755980860837	0.008612440191387547	-0.0019138755980860837	0.006698564593301463	10185858
2023-01-12	-0.005708848715509087	0.002854424357754459	0.004757373929590933	-0.011417697431018003	-0.005708848715509087	15167139
2023-01-11	-0.012218045112782027	-0.0018796992481204275	0.014097744360902121	-0.013157894736842158	-0.012218045112782027	19256242
2023-01-10	0.006622516556291418	0.0018921475875117856	0.013245033112582835	-0.003784295175023739	0.006622516556291418	14081848
2023-01-09	-0.0009451795841209628	0.0018903591682419257	0.01039697542533076	-0.008506616257088833	-0.0009451795841209628	19223798
2023-01-06	-0.020370370370370428	-0.004629629629629695	-0.0018518518518519768	-0.021296296296296334	-0.020370370370370428	24462813
2023-01-05	0.009345794392523497	0.004672897196261749	0.022429906542056097	-0.004672897196261583	0.009345794392523497	23852587
2023-01-04	-0.008341056533827605	-0.005560704355884961	0.00926784059314193	-0.015755329008341052	-0.008341056533827605	16893509
2023-01-03	0.02469135802469134	0.0009496676163342628	0.025641025641025772	-0.017094017094017068	0.02469135802469134	26372251
2022-12-30	-0.010338345864661766	0.00939849624060147	0.01973684210526307	-0.017857142857142978	-0.010338345864661766	20216094
2022-12-29	0.0037735849056604646	-0.002830188679245223	0.018867924528301987	-0.004716981132075371	0.0037735849056604646	13577540
2022-12-28	-0.026629935720844895	0.0	0.0036730945821854127	-0.027548209366391248	-0.026629935720844895	17552337
2022-12-27	0.010204081632653173	0.0018552875695734092	0.010204081632653173	-0.0074211502782931425	0.010204081632653173	12960620
2022-12-26	0.022770398481973455	-0.002846299810246619	0.02846299810246686	-0.0037950664136621585	0.022770398481973455	13883400
2022-12-23	-0.01587301587301603	-0.0028011204481793775	0.005602240896358424	-0.021475256769374455	-0.01587301587301603	12378335
2022-12-22	0.010377358490566152	0.008490566037735837	0.040566037735849034	0.0	0.010377358490566152	20591956
2022-12-21	-0.009345794392523333	-0.0028037383177569497	0.008411214953271016	-0.014953271028037398	-0.009345794392523333	11549103
2022-12-20	0.0	-0.001869158878504633	0.013084112149532765	-0.018691588785046665	0.0	16143725
2022-12-19	-0.03342366757000912	0.0036133694670279267	0.006323396567299032	-0.03884372177055101	-0.03342366757000912	21039767
2022-12-16	-0.008064516129032246	-0.0017921146953404636	-0.0017921146953404636	-0.018817204301075346	-0.008064516129032246	15388894
2022-12-15	0.014545454545454558	0.0	0.025454545454545396	-0.0054545454545455	0.014545454545454558	22736330
2022-12-14	0.0009099181073703173	0.006369426751592382	0.017288444040036353	-0.0027297543221109517	0.0009099181073703173	23235420
2022-12-13	-0.0009090909090908897	-0.0036363636363635587	0.00454545454545461	-0.008181818181818169	-0.0009090909090908897	16431697
2022-12-12	0.00824931255728688	-0.006416131989000942	0.017415215398716728	-0.007332722273143911	0.00824931255728688	34221782
2022-12-09	-0.008181818181818169	0.008181818181818169	0.009999999999999948	-0.016363636363636337	-0.008181818181818169	25280395
2022-12-08	-0.015219337511190683	0.0	0.0	-0.024171888988361645	-0.015219337511190683	26005954
2022-12-07	-0.002678571428571372	0.0	0.016071428571428705	-0.010714285714285645	-0.002678571428571372	39653403
2022-12-06	0.03130755064456721	-0.0018416206261509737	0.05340699815837938	-0.007366482504604059	0.03130755064456721	64684847
2022-12-05	0.0130597014925372	0.005597014925373014	0.0130597014925372	-0.0027985074626866733	0.0130597014925372	28581443
2022-12-02	0.0009337068160597372	-0.0056022408963585894	0.005602240896358424	-0.008403361344537967	0.0009337068160597372	17798051
2022-12-01	0.007525870178739423	0.014111006585136272	0.017873941674506066	0.0028222013170272208	0.007525870178739423	35600772
2022-11-30	0.011417697431018173	0.004757373929590933	0.021883920076118023	-0.005708848715509087	0.011417697431018173	32080527
2022-11-29	0.03444881889763776	0.0	0.03641732283464559	-0.003937007874015839	0.03444881889763776	31309920
2022-11-28	-0.017408123791102487	-0.008704061895551243	-0.00773694390715668	-0.027079303675048294	-0.017408123791102487	21308669
2022-11-25	-0.0009661835748792065	-0.001932367149758413	0.006763285024154617	-0.007729468599033823	-0.0009661835748792065	12857666
2022-11-24	-0.01428571428571432	0.00476190476190483	0.00952380952380949	-0.018095238095238046	-0.01428571428571432	18770861
2022-11-23	-0.0009514747859181529	0.007611798287345393	0.020932445290199872	-0.018078020932445243	-0.0009514747859181529	27021954
2022-11-22	-0.007554296506137872	-0.0037771482530688525	0.011331444759206893	-0.015108593012275745	-0.007554296506137872	20314907
2022-11-21	-0.0009433962264150743	-0.007547169811320762	0.0028301886792453904	-0.019811320754716893	-0.0009433962264150743	22886653
2022-11-18	-0.014869888475836444	0.01301115241635693	0.020446096654275152	-0.015799256505576204	-0.014869888475836444	33014554
2022-11-17	-0.0018552875695732444	-0.0055658627087197335	-0.0009276437847866222	-0.02133580705009264	-0.0018552875695732444	28129337
2022-11-16	0.006535947712418161	-0.0009337068160599031	0.01867413632119508	-0.0056022408963585894	0.006535947712418161	54295715
2022-11-15	0.050000000000000155	-0.004901960784313621	0.05098039215686288	-0.005882352941176346	0.050000000000000155	63762075
2022-11-14	0.006910167818361155	0.0029615004935833523	0.019743336623889364	-0.0019743336623890767	0.006910167818361155	28413190
2022-11-11	0.018090452261306685	0.02311557788944728	0.032160804020100534	0.017085427135678385	0.018090452261306685	36043835
2022-11-10	-0.01970443349753705	-0.00886699507389161	-0.002955665024630654	-0.02463054187192118	-0.01970443349753705	29410353
2022-11-09	-0.004901960784313621	-0.009803921568627416	0.008823529411764692	-0.015686274509803935	-0.004901960784313621	23014062
2022-11-08	-0.009708737864077808	0.0	0.0	-0.01747572815533995	-0.009708737864077808	24140549
2022-11-07	0.011787819253438213	-0.0029469548133594656	0.021611001964636604	-0.00491159135559911	0.011787819253438213	36043556
2022-11-04	0.01799999999999997	0.003999999999999915	0.027999999999999935	-0.0019999999999999575	0.01799999999999997	37618015
2022-11-03	-0.02152641878669282	-0.01565557729941293	-0.006849315068493178	-0.026418786692759426	-0.02152641878669282	37623702
2022-11-02	0.012884043607532288	0.031714568880079314	0.04757185332011897	0.009910802775024742	0.012884043607532288	54916378
2022-11-01	0.013052208835341264	0.0	0.014056224899598272	-0.006024096385542218	0.013052208835341264	34346150
2022-10-31	0.01425661914460291	0.012219959266802364	0.03360488798370673	0.006109979633401272	0.01425661914460291	38642418
2022-10-28	-0.0363101079489695	0.010794896957801885	0.026496565260059016	-0.039254170755642824	-0.0363101079489695	53197297
2022-10-27	0.06925498426023087	0.01154249737670527	0.07869884575026233	0.01154249737670527	0.06925498426023087	57255865
2022-10-26	0.01707577374599788	0.0010672358591250334	0.02454642475987198	-0.001067235859124844	0.01707577374599788	15875441
2022-10-25	-0.0010660980810236207	0.0042643923240937255	0.010660980810234503	-0.015991471215351848	-0.0010660980810236207	14677873
2022-10-24	-0.024948024948024786	0.0020790020790022196	0.019750519750519883	-0.02910602910602904	-0.024948024948024786	18795290
2022-10-21	-0.009268795056642803	0.0010298661174047154	0.017507723995880527	-0.01029866117404752	-0.009268795056642803	17630286
2022-10-20	0.013569937369519915	-0.006263048016701514	0.02296450939457209	-0.014613778705636802	0.013569937369519915	22734999
2022-10-19	-0.015416238437821207	0.0	0.009249743062692687	-0.01747173689619732	-0.015416238437821207	14699335
2022-10-18	-0.007142857142857171	0.005102040816326422	0.008163265306122455	-0.012244897959183773	-0.007142857142857171	14904753
2022-10-17	0.007194244604316576	-0.012332990750257039	0.0113052415210688	-0.012332990750257039	0.007194244604316576	16728226
2022-10-14	0.014598540145985462	0.012513034410844734	0.033368091762252375	0.012513034410844734	0.014598540145985462	26593042
2022-10-13	0.0116033755274261	-0.008438818565400852	0.016877637130801704	-0.009493670886075934	0.0116033755274261	18914204
2022-10-12	0.03493449781659392	0.0	0.03602620087336245	-0.003275109170305607	0.03493449781659392	22395021
2022-10-11	0.004385964912280803	0.004385964912280803	0.014254385964912368	-0.0010964912280701522	0.004385964912280803	13843669
2022-10-10	-0.011917659804983879	0.008667388949079096	0.01300108342361855	-0.014084507042253605	-0.011917659804983879	17230684
2022-09-30	0.0010845986984815387	-0.0032537960954448085	0.00976138828633404	-0.005422993492407885	0.0010845986984815387	15012625
2022-09-29	-0.011789924973204654	0.009646302250803844	0.015005359056806063	-0.015005359056806063	-0.011789924973204654	15666833
2022-09-28	-0.031152647975077954	-0.004153686396677146	-0.0020768431983386655	-0.031152647975077954	-0.031152647975077954	14734567
2022-09-27	0.023379383634431525	0.0010626992561104981	0.023379383634431525	0.0010626992561104981	0.023379383634431525	13613374
2022-09-26	-0.011554621848739437	-0.0073529411764706185	0.0063025210084034135	-0.013655462184873846	-0.011554621848739437	16106045
2022-09-23	-0.028571428571428685	-0.00204081632653075	0.0030612244897958527	-0.037755102040816425	-0.028571428571428685	20307756
2022-09-22	-0.009100101112234565	-0.009100101112234565	0.003033367037411462	-0.012133468149646207	-0.009100101112234565	12092437
2022-09-21	0.0030425963488844967	-0.002028397565922878	0.00811359026369169	-0.022312373225152015	0.0030425963488844967	17207136
2022-09-20	0.0061224489795917054	0.0061224489795917054	0.015306122448979446	-0.00204081632653075	0.0061224489795917054	15116918
2022-09-19	-0.020979020979020886	0.0009990009990009777	0.0059940059940060434	-0.02697302697302693	-0.020979020979020886	22238319
2022-09-16	-0.03564547206165713	0.0	0.006743737957610646	-0.03564547206165713	-0.03564547206165713	34939824
2022-09-15	-0.036211699164345294	0.001857010213556135	0.00928505106778084	-0.04271123491179193	-0.036211699164345294	38397527
2022-09-14	-0.016438356164383536	-0.014611872146118735	-0.0073059360730593674	-0.02009132420091314	-0.016438356164383536	23707206
2022-09-13	0.010147601476014708	0.012915129151291565	0.029520295202952056	0.005535055350553551	0.010147601476014708	31824956
2022-09-09	-0.0009216589861750956	-0.004608294930875478	0.0027649769585254506	-0.013824884792626762	-0.0009216589861750956	20958090
2022-09-08	-0.007319304666056731	0.010978956999085179	0.017383348581884676	-0.008234217749313802	-0.007319304666056731	22734699
2022-09-07	-0.009066183136899334	-0.004533091568449586	0.0018132366273799956	-0.014505893019038998	-0.009066183136899334	24827026
2022-09-06	0.000907441016333919	-0.003629764065335676	0.004537205081669756	-0.013611615245009107	0.000907441016333919	24615384
2022-09-05	0.011009174311926533	-0.0009174311926605309	0.012844036697247594	-0.010091743119266165	0.011009174311926533	26651778
2022-09-02	0.021555763823805103	0.007497656982193072	0.02905342080599817	0.004686035613870732	0.021555763823805103	30840095
2022-09-01	-0.01930147058823537	-0.007352941176470594	0.007352941176470594	-0.020220588235294174	-0.01930147058823537	29601990
2022-08-31	-0.006392694063926805	-0.006392694063926805	0.003652968036529765	-0.026484018264840106	-0.006392694063926805	38326533
2022-08-30	-0.00454545454545461	0.0	0.017272727272727228	-0.008181818181818169	-0.00454545454545461	37505311
2022-08-29	-0.011680143755615524	-0.024258760107816833	-0.0026954177897575145	-0.02785265049415997	-0.011680143755615524	40102831
2022-08-26	-0.044635193133047174	-0.009442060085837013	-0.000858369098712428	-0.05064377682403432	-0.044635193133047174	76728403
2022-08-25	0.013925152306353362	0.0034812880765882634	0.025239338555265372	0.0	0.013925152306353362	48647704
2022-08-24	-0.05509868421052631	-0.00493421052631583	0.0	-0.057565789473684154	-0.05509868421052631	85748128
2022-08-23	-0.015384615384615346	-0.007287449392712539	0.008906882591093216	-0.020242914979757085	-0.015384615384615346	56766479
2022-08-22	-0.01357827476038338	0.0	0.020766773162939282	-0.0215654952076677	-0.01357827476038338	98336604
2022-08-19	-0.011058451816745701	0.010268562401263745	0.018957345971563996	-0.013428120063191147	-0.011058451816745701	116671797
2022-08-18	0.047146401985111684	-0.007444168734491304	0.07444168734491319	-0.01819685690653438	0.047146401985111684	154523884
2022-08-17	0.05866900175131348	0.001751313485113798	0.07530647985989487	-0.010507880910682945	0.05866900175131348	126510605
2022-08-16	0.0026338893766461244	0.0	0.014047410008779643	-0.008779631255487395	0.0026338893766461244	53315891
2022-08-15	-0.011284722222222137	-0.005208333333333223	0.010416666666666753	-0.013020833333333365	-0.011284722222222137	50632504
2022-08-12	-0.018739352640545198	0.0008517887563883975	0.0068143100511073315	-0.019591141396933597	-0.018739352640545198	76771359
2022-08-11	0.07904411764705876	0.009191176470588203	0.10202205882352935	0.005514705882352824	0.07904411764705876	153744604
2022-08-10	-0.02070207020702058	-0.00990099009900985	0.0063006300630063265	-0.021602160216021623	-0.02070207020702058	39457011
2022-08-09	0.004520795660036069	0.0027124773960216417	0.006329113924050658	-0.016274864376130172	0.004520795660036069	36855289
2022-08-08	-0.006289308176100654	-0.003593890386343299	0.0035938903863431395	-0.015274034141958662	-0.006289308176100654	34815817
2022-08-05	0.029602220166512514	0.0046253469010174774	0.03977798334875113	-0.0037002775208141462	0.029602220166512514	56487788
2022-08-04	0.01407129455909947	0.011257035647279477	0.03752345215759853	0.0037523452157597697	0.01407129455909947	39151599
2022-08-03	-0.021120293847566612	0.009182736455463695	0.023875114784205672	-0.030303030303030307	-0.021120293847566612	51377302
2022-08-02	-0.03199999999999995	-0.004444444444444508	-0.00177777777777774	-0.043555555555555577	-0.03199999999999995	59260832
2022-08-01	0.03305785123966937	0.005509641873278119	0.05234159779614327	-0.011937557392102918	0.03305785123966937	76237728
2022-07-29	0.0009191176470588039	0.009191176470588203	0.01378676470588222	-0.002757352941176575	0.0009191176470588039	46608287
2022-07-28	0.05733722060252689	0.0068027210884354025	0.07677356656948503	0.0068027210884354025	0.05733722060252689	91420969
2022-07-27	-0.010576923076923192	-0.004807692307692376	0.001923076923076882	-0.012500000000000075	-0.010576923076923192	21329606
2022-07-26	0.007751937984496131	-0.0009689922480619948	0.007751937984496131	-0.00968992248062012	0.007751937984496131	20567769
2022-07-25	-0.021800947867298616	-0.0009478672985783472	0.0018957345971563576	-0.024644549763033322	-0.021800947867298616	25193888
2022-07-22	-0.0267527675276752	0.0	0.005535055350553551	-0.039667896678966766	-0.0267527675276752	56856113
2022-07-21	-0.008234217749313802	-0.004574565416285355	0.016468435498627605	-0.009149130832570873	-0.008234217749313802	32805917
2022-07-20	-0.008166969147005432	0.002722323049001918	0.016333938294010864	-0.012704174228675027	-0.008166969147005432	36198667
2022-07-19	0.01379944802207915	-0.006439742410303451	0.017479300827967	-0.008279668813247458	0.01379944802207915	39757875
2022-07-18	0.017790262172284597	-0.0018726591760299227	0.019662921348314686	-0.016853932584269638	0.017790262172284597	36121332
2022-07-15	-0.019283746556473906	-0.0027548209366392226	0.014692378328741977	-0.023875114784205672	-0.019283746556473906	44943482
2022-07-14	-0.002747252747252689	0.0009157509157508962	0.006410256410256436	-0.014652014652014666	-0.002747252747252689	33961023
2022-07-13	0.0	0.006410256410256436	0.008241758241758228	-0.010073260073260022	0.0	37634139
2022-07-12	-0.026737967914438564	-0.0008912655971479311	0.006238859180035517	-0.03030303030303029	-0.026737967914438564	52148233
2022-07-11	-0.024347826086956466	0.0	0.008695652173913012	-0.03652173913043478	-0.024347826086956466	74258255
2022-07-08	0.055045871559632996	0.0	0.08715596330275223	-0.0036697247706422866	0.055045871559632996	145177221
2022-07-07	0.019644527595884084	-0.003741814780168302	0.034611786716557624	-0.008419083255378846	0.019644527595884084	41937215
2022-07-06	-0.016559337626494915	-0.0018399264029438432	0.00367985280588785	-0.02943882244710198	-0.016559337626494915	38440185
2022-07-05	-0.008211678832116936	0.0045620437956203404	0.030109489051094732	-0.02372262773722642	-0.008211678832116936	53433394
2022-07-04	-0.016157989228007156	-0.004488330341113169	-0.0035906642728905673	-0.030520646319569106	-0.016157989228007156	44995428
2022-07-01	0.006323396567299032	0.004516711833784908	0.02710027100270993	-0.003613369467028087	0.006323396567299032	43032223
2022-06-30	0.0	-0.0009033423667569817	0.011743450767840922	-0.007226738934056014	0.0	47589927
2022-06-29	-0.012488849241748489	0.0008920606601248694	0.03925066904549505	-0.013380909901873359	-0.012488849241748489	88209806
2022-06-28	0.046685340802987856	0.0	0.05322128851540602	-0.014939309056956129	0.046685340802987856	91689866
2022-06-27	-0.0037209302325580604	0.0018604651162790302	0.014883720930232571	-0.00465116279069774	-0.0037209302325580604	47798856
2022-06-24	0.0018639328984156173	-0.0037278657968314	0.01025163094128606	-0.004659832246039209	0.0018639328984156173	39683763
2022-06-23	0.0122641509433963	-0.002830188679245223	0.014150943396226448	-0.011320754716981058	0.0122641509433963	45027394
2022-06-22	-0.051878354203935606	-0.009838998211091184	0.0	-0.051878354203935606	-0.051878354203935606	82940459
2022-06-21	0.024747937671860638	-0.004582951420715005	0.04766269477543534	-0.011915673693858916	0.024747937671860638	89860947
2022-06-20	0.012999071494893275	0.018570102135561845	0.04456824512534823	0.0	0.012999071494893275	76493091
2022-06-17	0.009372071227741297	-0.011246485473289524	0.01686972820993437	-0.015932521087160256	0.009372071227741297	53829630
2022-06-16	0.0028195488721803907	0.0028195488721803907	0.024436090225563888	-0.0018796992481204275	0.0028195488721803907	68523434
2022-06-15	0.03804878048780493	-0.0029268292682926205	0.05951219512195116	-0.006829268292682955	0.03804878048780493	111856310
2022-06-14	0.0058881256133464675	-0.008832188420019614	0.010794896957801885	-0.0382728164867516	0.0058881256133464675	53308480
2022-06-13	0.002952755905511748	-0.008858267716535419	0.02559055118110234	-0.011811023622047341	0.002952755905511748	41690352
2022-06-10	0.009940357852882668	-0.011928429423459343	0.010934393638170918	-0.012922465208747591	0.009940357852882668	36162664
2022-06-09	-0.029893924783027843	-0.0028929604628736127	-0.0028929604628736127	-0.03567984570877524	-0.029893924783027843	41859123
2022-06-08	0.0029013539651836905	0.001934235976789127	0.013539651837524234	-0.02030947775628618	0.0029013539651836905	45600882
2022-06-07	-0.01897533206831113	-0.0009487666034155396	0.0009487666034157081	-0.028462998102466695	-0.01897533206831113	50602343
2022-06-06	0.015414258188824505	-0.0028901734104047334	0.024084778420038533	-0.0038535645472062546	0.015414258188824505	60425942
2022-06-02	0.01864573110893045	-0.003925417075564195	0.02453385672227674	-0.007850834151128566	0.01864573110893045	57656456
2022-06-01	-0.034123222748815275	-0.004739336492891062	-0.004739336492891062	-0.04265402843601906	-0.034123222748815275	69583152
2022-05-31	0.08094262295081976	0.0040983606557378	0.0881147540983606	-0.01331967213114744	0.08094262295081976	118149692
2022-05-30	-0.013144590495450028	0.0010111223458038206	0.006066734074822924	-0.01820020222446913	-0.013144590495450028	32455881
2022-05-27	-0.012974051896207485	0.0029940119760480176	0.01996007984031947	-0.020958083832335238	-0.012974051896207485	51520115
2022-05-26	0.04049844236760112	0.0	0.05295950155763237	-0.023883696780893086	0.04049844236760112	72692482
2022-05-25	0.0031250000000001186	-0.005208333333333223	0.008333333333333342	-0.014583333333333209	0.0031250000000001186	40445812
2022-05-24	-0.05511811023622052	-0.004921259842519755	0.024606299212598423	-0.056102362204724435	-0.05511811023622052	75372010
2022-05-23	-0.010710808179162555	0.0048685491723467105	0.0048685491723467105	-0.02142161635832511	-0.010710808179162555	42274816
2022-05-20	0.029058116232464844	0.0	0.030060120240480853	-0.0010020040080160107	0.029058116232464844	58338495
2022-05-19	0.008080808080808088	-0.020202020202020308	0.008080808080808088	-0.025252525252525252	0.008080808080808088	45503511
2022-05-18	0.01330603889457531	0.003070624360286708	0.03070624360286599	-0.002047082906857684	0.01330603889457531	43470439
2022-05-17	0.010341261633919302	-0.004136504653567647	0.017580144777662867	-0.011375387797311213	0.010341261633919302	33298268
2022-05-16	-0.013265306122449059	0.010204081632653024	0.026530612244897934	-0.0224489795918368	-0.013265306122449059	40620062
2022-05-13	-0.01109989909182638	0.005045408678102998	0.01109989909182638	-0.018163471241170504	-0.01109989909182638	39393638
2022-05-12	-0.008999999999999985	-0.016999999999999994	0.0019999999999999575	-0.019999999999999928	-0.008999999999999985	37812060
2022-05-11	0.030927835051546466	0.0	0.06701030927835055	-0.006185567010309147	0.030927835051546466	77212672
2022-05-10	0.016771488469601692	-0.01886792452830186	0.02096436058700221	-0.025157232704402354	0.016771488469601692	37567950
2022-05-09	-0.007284079084287231	-0.0031217481789801624	0.01352757544224774	-0.012486992715920835	-0.007284079084287231	28042600
2022-05-06	-0.045680238331678336	-0.021847070506454878	-0.010923535253227352	-0.0486593843098312	-0.045680238331678336	51894139
2022-05-05	-0.008858267716535419	0.000984251968503916	0.011811023622047168	-0.017716535433070838	-0.008858267716535419	51456738
2022-04-29	0.10554951033732325	0.004352557127312397	0.130576713819369	0.004352557127312397	0.10554951033732325	86159170
2022-04-28	-0.03263157894736848	-0.010526315789473648	0.0	-0.04210526315789478	-0.03263157894736848	53613051
2022-04-27	0.04740904079382577	-0.01543550165380381	0.06063947078280032	-0.022050716648291186	0.04740904079382577	76581536
2022-04-26	-0.0532359081419624	0.006263048016701514	0.035490605427974935	-0.058455114822547026	-0.0532359081419624	100899478
2022-04-25	-0.11296296296296301	-0.08333333333333336	-0.07129629629629641	-0.13240740740740753	-0.11296296296296301	117490058
2022-04-22	-0.04845814977973559	-0.01674008810572683	0.006167400881057294	-0.06079295154185018	-0.04845814977973559	117779169
2022-04-21	0.06672932330827058	-0.012218045112782027	0.10902255639097745	-0.017857142857142978	0.06672932330827058	162547308
2022-04-20	0.013333333333333388	0.00476190476190483	0.055238095238095246	-0.0028571428571427964	0.013333333333333388	76168780
2022-04-19	-0.025974025974025917	-0.0027829313543598667	0.027829313543599327	-0.029684601113172403	-0.025974025974025917	50724367
2022-04-18	0.006535947712418161	-0.004668534080298852	0.014005602240896226	-0.02427637721755383	0.006535947712418161	35046073
2022-04-15	0.01612903225806468	-0.006641366223908777	0.03036053130929794	-0.01802656546489559	0.01612903225806468	42583887
2022-04-14	0.010546500479386331	0.006711409395973182	0.019175455417066258	0.0	0.010546500479386331	24546473
2022-04-13	-0.02795899347623492	-0.011183597390494035	-0.004659832246039209	-0.02982292637465054	-0.02795899347623492	25371414
2022-04-12	0.014177693761814778	0.0018903591682419257	0.01512287334593574	-0.018903591682419594	0.014177693761814778	33984381
2022-04-11	-0.05026929982046683	-0.0026929982046679656	0.001795332136445204	-0.05475763016158	-0.05026929982046683	39223829
2022-04-08	-0.004468275245755044	0.0	0.0053619302949062106	-0.03395889186773896	-0.004468275245755044	40743131
2022-04-07	-0.03284356093344864	-0.006050129645635288	0.006050129645635288	-0.03284356093344864	-0.03284356093344864	41207494
2022-04-06	-0.006013745704467378	0.0	0.011168384879725	-0.011168384879725152	-0.006013745704467378	30765567
2022-04-01	-0.002570694087403544	-0.008568980291345299	0.003427592116538211	-0.01885175664095978	-0.002570694087403544	25927581
2022-03-31	-0.015189873417721496	-0.005907172995780615	0.002531645569620349	-0.018565400843881762	-0.015189873417721496	29278512
2022-03-30	0.04130052724077318	0.008787346221441093	0.04569420035149381	0.006151142355008656	0.04130052724077318	50360111
2022-03-29	-0.025684931506849223	0.0	0.009417808219178033	-0.02739726027397263	-0.025684931506849223	35208437
2022-03-28	-0.0042625745950554735	-0.002557544757033345	0.003410059676044258	-0.026427962489343607	-0.0042625745950554735	29990938
2022-03-25	-0.02493765586034904	0.004156275976724914	0.01163757273482964	-0.02743142144638405	-0.02493765586034904	36231434
2022-03-24	-0.01715686274509811	-0.004901960784313766	-0.004901960784313766	-0.022875816993464	-0.01715686274509811	35089634
2022-03-23	0.0016366612111292612	0.0	0.009001636661211083	-0.007364975450081821	0.0016366612111292612	27421766
2022-03-22	-0.011326860841423852	0.0	0.0016181229773463877	-0.015372168284789604	-0.011326860841423852	33367707
2022-03-21	-0.005631536604987955	0.0016090104585679463	0.012067578439259884	-0.017699115044247697	-0.005631536604987955	33838495
2022-03-18	0.009748172217709116	-0.0016246953696183062	0.02761982128350933	-0.008123476848090954	0.009748172217709116	43713197
2022-03-17	0.011503697617091255	0.031224322103533344	0.03286770747740348	0.009038619556285902	0.011503697617091255	55908221
2022-03-16	0.054592720970537335	0.022530329289428212	0.06065857885615261	-0.007798960138648168	0.054592720970537335	68089598
2022-03-15	-0.08267090620031804	-0.026232114467408592	-0.015898251192368783	-0.08585055643879173	-0.08267090620031804	77802102
2022-03-14	-0.03081664098613254	0.0	0.014637904468412904	-0.03235747303543913	-0.03081664098613254	38942796
2022-03-11	0.007763975155279475	-0.02018633540372683	0.01086956521739121	-0.033385093167701975	0.007763975155279475	42969508
2022-03-10	0.0070367474589524345	0.030492572322126706	0.032056293979671635	-0.00390930414386231	0.0070367474589524345	48184436
2022-03-09	-0.029590288315629786	0.003034901365705685	0.00758725341426401	-0.0720789074355083	-0.029590288315629786	61408071
2022-03-08	-0.030882352941176465	-0.0007352941176470432	0.011029411764705909	-0.03897058823529407	-0.030882352941176465	42020777
2022-03-07	-0.025089605734767	-0.01075268817204291	-0.008602150537634353	-0.03225806451612898	-0.025089605734767	43894955
2022-03-04	-0.01691331923890065	-0.010570824524312922	-0.001409443269908356	-0.020436927413671542	-0.01691331923890065	35017042
2022-03-03	-0.01935038009675198	0.004146510020732462	0.017277125086385625	-0.02211472011057362	-0.01935038009675198	44197276
2022-03-02	-0.00412938747419124	-0.008947006194081144	-0.00206469373709562	-0.020646937370956568	-0.00412938747419124	34999606
2022-03-01	-0.0006877579092159414	-0.0006877579092159414	0.005502063273727653	-0.00894085281980736	-0.0006877579092159414	34470416
2022-02-28	-0.01021102791014298	0.0	0.0020422055820286684	-0.016337644656228743	-0.01021102791014298	35157831
2022-02-25	0.011707988980716249	0.012396694214876014	0.03305785123966945	0.008953168044077189	0.011707988980716249	52887073
2022-02-24	-0.03904698874917273	-0.007279947054930473	-0.0006618133686300322	-0.05360688285903367	-0.03904698874917273	76405346
2022-02-23	0.03210382513661194	0.0020491803278688088	0.04508196721311476	0.0020491803278688088	0.03210382513661194	63393001
2022-02-22	-0.02465023317788136	-0.010659560293137917	-0.010659560293137917	-0.0273151232511659	-0.02465023317788136	44959463
2022-02-21	0.011455525606468998	-0.004716981132075491	0.017520215633423167	-0.007412398921832846	0.011455525606468998	50499027
2022-02-18	0.008152173913043424	-0.00951086956521743	0.008831521739130366	-0.014266304347826145	0.008152173913043424	45470891
2022-02-17	-0.008086253369272184	-0.008760107816711523	0.013477088948787014	-0.02088948787061998	-0.008086253369272184	65696677
2022-02-16	0.0020256583389601187	0.005401755570560437	0.024307900067521905	-0.008102633355840714	0.0020256583389601187	61870631
2022-02-15	0.006798096532970744	0.0013596193065941245	0.009517335146158993	-0.012916383412644545	0.006798096532970744	49936905
2022-02-14	-0.007422402159244226	-0.007422402159244226	0.006747638326585671	-0.016869095816464237	-0.007422402159244226	39031290
2022-02-11	-0.02435813034891371	-0.003291639236339627	-0.0026333113890717017	-0.02764976958525345	-0.02435813034891371	41540932
2022-02-10	-0.025657472738935237	-0.0025657472738934667	0.0	-0.03143040410519565	-0.025657472738935237	54647826
2022-02-09	0.026333113890717602	-0.005924950625411446	0.03028308097432527	-0.012508229098090818	0.026333113890717602	57907221
2022-02-08	0.010645375914837003	0.0	0.013306719893546313	-0.036593479707252095	0.010645375914837003	78407877
2022-02-07	-0.11117681845062098	-0.030159668835008962	-0.030159668835008962	-0.13364872856298046	-0.11117681845062098	125711855
2022-01-28	-0.024798154555940005	0.005190311418685113	0.01441753171856978	-0.027681660899654004	-0.024798154555940005	42995166
2022-01-27	-0.04515418502202645	-0.008810572687224677	-0.005506607929515497	-0.04845814977973563	-0.04515418502202645	46902669
2022-01-26	0.004980630879911447	0.0060874377421139695	0.016602102933038224	-0.016048699501936863	0.004980630879911447	36172213
2022-01-25	-0.038829787234042575	0.0005319148936169155	0.007978723404255244	-0.038829787234042575	-0.038829787234042575	34966774
2022-01-24	-0.0010626992561104981	-0.0037194473963868377	0.011689691817215667	-0.010095642933050014	-0.0010626992561104981	30253616
2022-01-21	-0.034871794871794856	-0.0030769230769230114	0.0005128205128205929	-0.038461538461538464	-0.034871794871794856	43600125
2022-01-20	-0.01465386558868111	0.0005053057099546015	0.008084891359272367	-0.022233451237998875	-0.01465386558868111	39588828
2022-01-19	-0.02847324496809042	-0.005891016200294599	-0.003927344133529791	-0.03190967108492892	-0.02847324496809042	40474391
2022-01-18	-0.015466408893185126	-0.0004833252779121103	0.0	-0.02319961333977769	-0.015466408893185126	32990593
2022-01-17	0.0232443125618201	0.003956478733926897	0.025717111770524215	0.003461918892185969	0.0232443125618201	30793356
2022-01-14	-0.00443131462333825	-0.004923682914820181	0.009354997538158607	-0.006400787789266323	-0.00443131462333825	21244363
2022-01-13	-0.03147353361945637	-0.003338102050548416	0.0014306151645207981	-0.03338102050548399	-0.03147353361945637	34107372
2022-01-12	0.0033492822966507316	0.0004784688995216059	0.011483253588516842	-0.005263157894736815	0.0033492822966507316	26217601
2022-01-11	-0.031061659712563826	0.0037088548910523085	0.011590171534538712	-0.03569772832637921	-0.031061659712563826	46502831
2022-01-10	-0.005990783410138203	-0.012903225806451502	0.01152073732718894	-0.013824884792626762	-0.005990783410138203	32212265
2022-01-07	-0.02951699463327371	0.0022361359570662216	0.012075134168157406	-0.03264758497316639	-0.02951699463327371	41215759
2022-01-06	-0.011057054400707651	-0.006634232640424528	0.002653693056169937	-0.026979212737726646	-0.011057054400707651	30171686
2022-01-05	-0.037052810902896124	-0.008517887563884127	0.0	-0.05025553662691651	-0.037052810902896124	51602522
2022-01-04	0.02175805047867711	0.00522193211488255	0.02610966057441244	-0.0039164490861618734	0.02175805047867711	54485710
2021-12-31	0.00393184796854521	0.0004368719965049371	0.010048055919615571	-0.006553079947575454	0.00393184796854521	25286914
2021-12-30	-0.004782608695652149	0.006521739130434721	0.01913043478260875	-0.0060869565217391555	-0.004782608695652149	43854391
2021-12-29	-0.03765690376569032	0.0	0.006276150627615152	-0.03891213389121338	-0.03765690376569032	46492986
2021-12-28	-0.04361744697879151	0.00040016006402567283	0.00040016006402567283	-0.05442176870748298	-0.04361744697879151	57191943
2021-12-27	0.008474576271186331	0.004842615012106434	0.014124293785310648	-0.010088781275221953	0.008474576271186331	27890888
2021-12-24	0.0056818181818182045	0.0	0.022727272727272676	-0.007711038961039013	0.0056818181818182045	37136094
2021-12-23	-0.002832861189801711	0.010522055847834803	0.019830028328611835	-0.007284500202347216	-0.002832861189801711	37650674
2021-12-22	0.04570461278036402	0.0	0.07490478205670756	0.0	0.04570461278036402	76925207
2021-12-21	0.0180956484274019	0.0	0.04265402843601889	-0.0004308487720810669	0.0180956484274019	34203344
2021-12-20	-0.02108814846056516	-0.00042176296921136915	0.01687051876845207	-0.022775200337410338	-0.02108814846056516	30689463
2021-12-17	-0.023476112026359155	-0.00535420098846798	-0.0008237232289950401	-0.023476112026359155	-0.023476112026359155	35822229
2021-12-16	-0.002874743326488718	0.00041067761806973344	0.0098562628336755	-0.016837782340862428	-0.002874743326488718	40674291
2021-12-15	-0.013371150729335425	0.0008103727714748612	0.00931928687196112	-0.02106969205834682	-0.013371150729335425	57224366
2021-12-14	0.0583190394511149	-0.007289879931389439	0.08833619210977696	-0.009433962264150894	0.0583190394511149	124613808
2021-12-13	0.027765535478184177	0.003966505068312025	0.04451300132216827	-0.002203613926840049	0.027765535478184177	61144605
2021-12-10	-0.010034904013961624	-0.016143106457242627	0.003054101221640346	-0.018760907504363142	-0.010034904013961624	50950487
2021-12-09	0.0342960288808665	-0.0027075812274367653	0.036552346570397055	-0.009025270758122712	0.0342960288808665	58870952
2021-12-08	0.03310023310023314	0.006993006993007093	0.03496503496503497	-0.006993006993006927	0.03310023310023314	52532613
2021-12-07	0.02045670789724071	0.013320647002854479	0.03948620361560427	0.004757373929590933	0.02045670789724071	43419685
2021-12-06	0.008637236084452962	0.006238003838771545	0.03166986564299425	-0.006717850287907897	0.008637236084452962	37593119
2021-12-03	0.013125911521633426	0.010209042294603832	0.03305785123966941	0.0	0.013125911521633426	28970084
2021-12-02	-0.028800755429650587	-0.004721435316336234	-0.002360717658168117	-0.03352219074598682	-0.028800755429650587	27913727
2021-12-01	0.009051929490233507	0.00047641734159130844	0.012863268222963466	-0.0009528346831824476	0.009051929490233507	19827298
2021-11-30	-0.0061553030303031515	0.0	0.013731060606060564	-0.017992424242424362	-0.0061553030303031515	28826094
2021-11-29	-0.018587360594795474	-0.02369888475836422	-0.0032527881040892324	-0.02834572490706317	-0.018587360594795474	25354086
2021-11-26	-0.009664058904740029	-0.0046019328117810135	0.00874367234238386	-0.017947537965945722	-0.009664058904740029	22843260
2021-11-25	-0.04525483304042184	-0.0026362038664324372	-0.0017574692442883435	-0.047451669595782155	-0.04525483304042184	42790928
2021-11-24	0.002643171806167501	0.0013215859030837505	0.01894273127753303	-0.009251101321585941	0.002643171806167501	29351099
2021-11-23	-0.018590575010808463	-0.007349762213575363	0.00043233895373979953	-0.020752269779507154	-0.018590575010808463	28602114
2021-11-22	0.001298701298701194	-0.0021645021645021953	0.010389610389610322	-0.015151515151515213	0.001298701298701194	30205982
2021-11-19	0.036339165545087586	-0.0004486316733960525	0.06550022431583674	-0.00403768506056527	0.036339165545087586	40706175
2021-11-18	-0.02918118466898962	-0.002613240418118566	0.005226480836236822	-0.029616724738675944	-0.02918118466898962	32189926
2021-11-17	-0.009490940465918847	0.0	0.015962036238136367	-0.021570319240724764	-0.009490940465918847	35210177
2021-11-16	-0.012776831345826266	-0.007666098807495729	0.020017035775127718	-0.015758091993185733	-0.012776831345826266	44811189
2021-11-15	0.0239860444832098	-0.0056694286960313565	0.03750545137374616	-0.0056694286960313565	0.0239860444832098	51082808
2021-11-12	-0.00043591979075856854	-0.011333914559721079	0.017436791630339954	-0.019616390584132642	-0.00043591979075856854	44449636
2021-11-11	0.03894927536231898	-0.010416666666666526	0.04030797101449278	-0.012681159420289747	0.03894927536231898	68506635
2021-11-10	0.022695692450208357	-0.011116257526632627	0.028716998610467854	-0.01296896711440487	0.022695692450208357	48719349
2021-11-09	-0.023076923076923148	-0.013574660633484194	-0.00045248868778287614	-0.03574660633484175	-0.023076923076923148	46775040
2021-11-08	0.005917159763313726	0.0	0.03686845698680029	-0.04187528447883469	0.005917159763313726	71278545
2021-11-05	0.007798165137614594	0.009174311926605472	0.028440366972477107	-0.0032110091743119394	0.007798165137614594	42107811
2021-11-04	0.0	0.03302752293577976	0.041284403669724704	-0.024770642201834822	0.0	64416103
2021-11-03	-0.014911884319927623	-0.005874378671486625	0.005422503389064664	-0.024853140533212865	-0.014911884319927623	36610645
2021-11-02	0.006366530241018671	-0.005457025920873008	0.02228285584356535	-0.015916325602546515	0.006366530241018671	53743457
2021-11-01	0.03385049365303239	0.004701457451810128	0.05547719793135871	0.004701457451810128	0.03385049365303239	80339456
2021-10-29	0.07424242424242418	0.0	0.08585858585858581	-0.011616161616161637	0.07424242424242418	92010246
2021-10-28	0.0015174506828528648	-0.013151239251390896	0.029337379868487702	-0.013657056145675243	0.0015174506828528648	40695827
2021-10-27	-0.058571428571428594	-0.01904761904761898	-0.00952380952380949	-0.08333333333333333	-0.058571428571428594	74162712
2021-10-26	0.08639420589756865	-0.03517847904811173	0.1019141231246768	-0.04966373512674586	0.08639420589756865	113965533
2021-10-25	-0.01977687626774851	-0.0005070993914806294	-0.0005070993914806294	-0.024847870182555704	-0.01977687626774851	36539638
2021-10-22	0.012320328542094375	0.0005133470225871669	0.043634496919917755	-0.0010266940451745161	0.012320328542094375	34081303
2021-10-21	-0.0298804780876493	0.005478087649402539	0.006474103585657498	-0.03386454183266931	-0.0298804780876493	41152983
2021-10-20	-0.006923837784371938	-0.0029673590504450406	0.020771513353115813	-0.010385756676557731	-0.006923837784371938	33307774
2021-10-19	0.006972111553784889	-0.003984063745019836	0.03934262948207185	-0.0049800796812747945	0.006972111553784889	33742105
2021-10-18	-0.028543783260764555	-0.0033865505563618905	-0.0009675858732464018	-0.032414126753749474	-0.028543783260764555	25096637
2021-10-15	0.0068192888455918445	0.0029225523623964303	0.015099853872381818	-0.009254749147588956	0.0068192888455918445	21875288
2021-10-14	-0.004364694471386996	-0.0009699321047526466	0.008244422890397582	-0.005334626576139642	-0.004364694471386996	13867335
2021-10-13	-0.006743737957610817	0.0014450867052021956	0.005780346820809125	-0.02215799614643549	-0.006743737957610817	15105727
2021-10-12	-0.017510648367250234	-0.006152389966871699	-0.002366303833412244	-0.02886890676762894	-0.017510648367250234	16530251
2021-10-11	-0.003771805752003859	0.0	0.00895803866100885	-0.013201320132013255	-0.003771805752003859	14392837
2021-10-08	0.013862332695984662	0.018164435946462665	0.03632887189292533	0.008604206500956009	0.013862332695984662	24927844
2021-09-30	0.031049778215870013	0.00788565795958601	0.04386397240019717	0.001971414489896459	0.031049778215870013	25021171
2021-09-29	-0.06497695852534563	-0.02304147465437788	-0.018433179723502238	-0.07834101382488476	-0.06497695852534563	40263456
2021-09-28	-0.022522522522522525	-0.0022522522522522843	-0.0022522522522522843	-0.022522522522522525	-0.022522522522522525	19407171
2021-09-27	0.008632439800090763	0.004089050431621983	0.01999091322126296	-0.00954111767378468	0.008632439800090763	22518395
2021-09-24	-0.014330497089117633	-0.0004478280340348415	0.0017913121361398433	-0.014778325123152634	-0.014330497089117633	14847391
2021-09-23	0.027138914443422257	0.004139834406623729	0.03311867525299	0.001379944802207964	0.027138914443422257	24696592
2021-09-22	-0.022042285200180027	-0.01709401709401705	0.0035987404408456274	-0.02384165542060284	-0.022042285200180027	19379534
2021-09-17	-0.025000000000000012	-0.003070175438596504	0.00657894736842099	-0.04824561403508778	-0.025000000000000012	31006793
2021-09-16	-0.03225806451612895	-0.006791171477079802	0.007215619694397356	-0.03225806451612895	-0.03225806451612895	29689895
2021-09-15	-0.017514595496246944	0.0012510425354462526	0.0020850708924103714	-0.0200166805671393	-0.017514595496246944	20856698
2021-09-14	-0.003325020781379813	-0.0008312551953449532	0.007065669160432324	-0.012053200332502043	-0.003325020781379813	19252477
2021-09-13	-0.030229746070133012	-0.004836759371221179	-0.004836759371221179	-0.0334542523176138	-0.030229746070133012	26844396
2021-09-10	0.00526742301458667	0.002025931928687225	0.009724473257698622	-0.012155591572123205	0.00526742301458667	27336506
2021-09-09	-0.018297533810660335	-0.007955449482895754	-0.007955449482895754	-0.025059665871121677	-0.018297533810660335	25515218
2021-09-08	0.029905776321179862	0.0020483408439164567	0.03441212617779598	0.0	0.029905776321179862	41369395
2021-09-07	-0.011340623734305432	0.0	0.004050222762251837	-0.02146618063993524	-0.011340623734305432	29281095
2021-09-06	0.007755102040816379	-0.002040816326530641	0.014285714285714344	-0.005306122448979551	0.007755102040816379	31990306
2021-09-03	0.022964509394572057	-0.007933194154488423	0.029227557411273457	-0.013778705636743145	0.022964509394572057	31217587
2021-09-02	-0.008692052980132486	0.002897350993377495	0.011175496688741704	-0.019039735099337783	-0.008692052980132486	23829832
2021-09-01	0.02372881355932198	-0.00211864406779664	0.032627118644067775	-0.010169491525423813	0.02372881355932198	28733776
2021-08-31	-0.018302828618968293	0.000415973377703892	0.013727121464226368	-0.027454242928452586	-0.018302828618968293	29998933
2021-08-30	-0.007431874483897594	0.011560693641618545	0.02229562345169293	-0.013212221304706865	-0.007431874483897594	30268365
2021-08-27	0.000826446280991718	0.004132231404958737	0.02851239669421493	-0.011157024793388412	0.000826446280991718	30409870
2021-08-26	-0.03815580286168525	-0.006756756756756825	-0.006359300476947541	-0.04173290937996823	-0.03815580286168525	37024973
2021-08-25	-0.004746835443038014	-0.0071202531645569505	0.022151898734177163	-0.0071202531645569505	-0.004746835443038014	28351177
2021-08-24	-0.008238524911729985	0.007061592781483063	0.012161632012554033	-0.018438603373872063	-0.008238524911729985	33696068
2021-08-23	0.013922036595067536	-0.0075576770087510455	0.03619729514717582	-0.021877486077963432	0.013922036595067536	49769769
2021-08-20	0.03371710526315791	-0.0008223684210526141	0.035361842105263136	-0.018092105263157948	0.03371710526315791	33372162
2021-08-19	-0.002051702913418166	-0.00861715223635621	0.008617152236356064	-0.010258514567090685	-0.002051702913418166	16663890
2021-08-18	0.006193228736581426	0.0	0.008670520231213908	-0.014037985136251027	0.006193228736581426	21416711
2021-08-17	-0.027309236947791155	-0.002008032128513942	0.007228915662650591	-0.034136546184738874	-0.027309236947791155	24087790
2021-08-16	0.006060606060606003	-0.002020202020202049	0.018989898989898946	-0.0141414141414142	0.006060606060606003	19513738
2021-08-13	-0.024053627760252345	0.005520504731861222	0.005520504731861222	-0.028785488958990555	-0.024053627760252345	29970656
2021-08-12	-0.01014832162373152	-0.004683840749414559	0.017954722872755555	-0.0202966432474629	-0.01014832162373152	33390781
2021-08-11	-0.035391566265060154	0.005271084337349419	0.005271084337349419	-0.0357680722891566	-0.035391566265060154	39093952
2021-08-10	0.0026425066062665268	-0.0037750094375235137	0.011325028312570809	-0.02076255190637966	0.0026425066062665268	26018242
2021-08-09	-0.015607580824972192	-0.011148272017837262	-0.001486436269044933	-0.021924934968413225	-0.015607580824972192	25444898
2021-08-06	-0.006277695716395797	0.0007385524372231584	0.003692762186115267	-0.025110782865583447	-0.006277695716395797	28013889
2021-08-05	0.013852489704230529	0.010482965181579842	0.0614002246349682	-0.00037439161362791325	0.013852489704230529	56618424
2021-08-04	0.05698456667985759	0.0051444400474870994	0.06529481598733684	0.0	0.05698456667985759	53834003
2021-08-03	-0.008241758241758275	-0.006671899529042453	0.014128728414442678	-0.017268445839874462	-0.008241758241758275	24231743
2021-08-02	0.003544702638834181	0.002363135092556074	0.003544702638834181	-0.032690035447026464	0.003544702638834181	33977754
2021-07-30	0.015193922431027549	-0.0007996801279489455	0.01999200319872051	-0.018392642942822904	0.015193922431027549	29509947
2021-07-29	0.06380263717566992	0.016588685665674053	0.0761378136962994	0.008932369204593674	0.06380263717566992	44455588
2021-07-28	-0.06334661354581672	-0.004780876494023944	0.003984063745019835	-0.06852589641434272	-0.06334661354581672	46016577
2021-07-27	0.0019960079840319646	0.007984031936127716	0.028742514970059835	-0.0019960079840319646	0.0019960079840319646	46959452
2021-07-26	-0.003976143141152997	-0.005964214711729566	0.012326043737574644	-0.013518886679920471	-0.003976143141152997	25796645
2021-07-23	-0.03306420607458681	-0.011534025374855851	-0.009227220299884736	-0.03460207612456755	-0.03306420607458681	32706589
2021-07-22	0.01206225680933861	-0.001556420233463002	0.016342412451361935	-0.023346303501945442	0.01206225680933861	37627824
2021-07-21	-0.018709431080565175	0.002290950744558943	0.008018327605956369	-0.01985490645284458	-0.018709431080565175	32876222
2021-07-20	-0.011698113207547121	-0.00981132075471704	0.0064150943396227055	-0.015094339622641456	-0.011698113207547121	23204620
2021-07-19	0.015325670498084237	-0.005747126436781691	0.019157088122605363	-0.011111111111111214	0.015325670498084237	23166295
2021-07-16	-0.031899109792284844	-0.024480712166172112	-0.017062314540059378	-0.04451038575667653	-0.031899109792284844	29969429
2021-07-15	0.03255457679050178	-0.0011489850631942221	0.03293757181156643	-0.02719264649559559	0.03255457679050178	47346209
2021-07-14	-0.03475046210720892	0.00036968576709789315	0.010351201478742978	-0.03770794824399259	-0.03475046210720892	40974366
2021-07-13	-0.044844632768361564	-0.00953389830508473	-0.002824858757062212	-0.04661016949152543	-0.044844632768361564	51546831
2021-07-12	0.004255319148936206	0.0	0.019503546099290805	-0.02482269503546097	0.004255319148936206	33661714
2021-07-09	-0.022191400832177553	-0.02115117891816919	-0.009708737864077709	-0.04542302357836334	-0.022191400832177553	31473457
2021-07-08	0.00628053035589671	0.010467550593161226	0.029309141660851357	0.0010467550593161597	0.00628053035589671	31637372
2021-07-07	0.005967005967006027	-0.007371007371007277	0.012987012987013023	-0.016146016146016053	0.005967005967006027	21543386
2021-07-06	-0.017586206896551777	0.001034482758620729	0.001034482758620729	-0.03379310344827588	-0.017586206896551777	30966879
2021-07-05	0.0058966354491849365	-0.002774887270204589	0.019771071800208127	-0.011099549080818479	0.0058966354491849365	26486809
2021-07-02	-0.05320197044334979	-0.014121510673234802	-0.01182266009852215	-0.054187192118226556	-0.05320197044334979	34745875
2021-07-01	0.03536212172730361	0.007140428425705571	0.04896293777626662	0.007140428425705571	0.03536212172730361	42745945
2021-06-30	-0.015070328198258516	0.001339584728734064	0.008037508372404622	-0.020763563295378467	-0.015070328198258516	25104242
2021-06-29	-0.016144975288303196	-0.008237232289950576	-0.0032948929159802775	-0.024052718286655696	-0.016144975288303196	29109955
2021-06-28	0.0016501650165016736	0.002640264026402584	0.023762376237623725	-0.0042904290429042575	0.0016501650165016736	36508773
2021-06-25	0.0013218770654328865	0.01057501652346321	0.014210178453403824	-0.01354923992068738	0.0013218770654328865	34390177
2021-06-24	0.0003305785123967459	0.008264462809917356	0.031404958677685925	-0.008264462809917356	0.0003305785123967459	42112133
2021-06-23	0.032423208191126256	-0.0006825938566552756	0.046757679180887406	-0.0030716723549488005	0.032423208191126256	50261099
2021-06-22	0.015246015246015291	0.010048510048510019	0.019750519750519762	0.0010395010395010788	0.015246015246015291	45428826
2021-06-21	0.05405405405405407	0.0	0.06391526661796933	-0.010226442658875004	0.05405405405405407	54873989
2021-06-18	0.017465626161278294	0.004459308807134931	0.023411371237458158	0.002601263470828699	0.017465626161278294	28232662
2021-06-17	0.0003717472118959689	0.0	0.015985130111524155	-0.010037174721189576	0.0003717472118959689	29250179
2021-06-16	-0.039285714285714333	0.001785714285714311	0.001785714285714311	-0.039285714285714333	-0.039285714285714333	28409404
2021-06-15	0.03512014787430681	0.005175600739371555	0.04140480591497231	0.0048059149722735305	0.03512014787430681	43793447
2021-06-11	-0.0003695491500368814	0.0014781966001479194	0.008130081300813097	-0.005912786400591284	-0.0003695491500368814	33091554
2021-06-10	-0.010603290676416917	-0.0032906764168190075	0.007678244972577597	-0.02157221206581352	-0.010603290676416917	34828489
2021-06-09	-0.02669039145907473	-0.0007117437722421041	0.0032028469750889628	-0.030960854092526725	-0.02669039145907473	27723498
2021-06-08	-0.008118602188492655	0.0	0.024708789269325904	-0.01447229085774785	-0.008118602188492655	21821914
2021-06-07	-0.005964912280701814	0.0	0.014035087719298196	-0.013684210526315809	-0.005964912280701814	17428126
2021-06-04	-0.015883977900552515	-0.0072513812154696424	0.004488950276243059	-0.020372928176795573	-0.015883977900552515	24105519
2021-06-03	0.016140350877193014	-0.006666666666666711	0.038245614035087715	-0.006666666666666711	0.016140350877193014	34610379
2021-06-02	-0.01758014477766293	0.000344708721130576	0.005860048259220894	-0.01758014477766293	-0.01758014477766293	28494439
2021-06-01	-0.0058259081562713555	0.0023989033584647114	0.010966415352981504	-0.010623714873200778	-0.0058259081562713555	24830070
2021-05-31	0.0003428179636612276	-0.004113815563935584	0.012684264655467858	-0.01268426465546798	0.0003428179636612276	25275830
2021-05-28	0.009691934925579824	-0.004845967462789912	0.024575977847005912	-0.004845967462789912	0.009691934925579824	36781534
2021-05-27	0.031049250535331942	0.0010706638115632098	0.044254104211277734	0.0007137758743754309	0.031049250535331942	39881385
2021-05-26	-0.03412616339193388	0.0031023784901757965	0.0031023784901757965	-0.03447087211306446	-0.03412616339193388	42275857
2021-05-25	0.02908832919474992	0.0	0.03192621496984741	-0.013834693153600587	0.02908832919474992	43316702
2021-05-24	0.00035486160397450543	-0.009936124911284639	0.014194464158977948	-0.017033356990773612	0.00035486160397450543	29830170
2021-05-21	0.0	-0.008161816891412365	0.004258339247693435	-0.02164655784244143	0.0	36852546
2021-05-20	0.0360294117647059	-0.0051470588235294325	0.036397058823529484	-0.014705882352941124	0.0360294117647059	47821762
2021-05-19	0.03975535168195715	0.00038226299694195577	0.03975535168195715	-0.010321100917431176	0.03975535168195715	51396198
2021-05-18	-0.011711371363808037	0.0003777861730261263	0.009444654325651681	-0.024556101246694318	-0.011711371363808037	24451090
2021-05-17	0.03358063256540412	0.0035142522452167066	0.05232331120655993	0.0035142522452167066	0.03358063256540412	37522088
2021-05-14	0.023581135091926452	0.005195843325339689	0.025179856115107875	-0.007993605115907246	0.023581135091926452	24694313
2021-05-13	-0.004377238360525246	-0.013131715081575738	0.019498607242339913	-0.014723438121766711	-0.004377238360525246	19990194
2021-05-12	-0.00789577575996839	-0.0031583103039873	-0.00039478878799834233	-0.016975917883932087	-0.00789577575996839	16474043
2021-05-11	0.00835987261146486	-0.011942675159235697	0.00915605095541403	-0.014729299363057363	0.00835987261146486	16742927
2021-05-10	0.005202080832333036	-0.0060024009603840975	0.012004801920768337	-0.012004801920768195	0.005202080832333036	22483651
2021-05-07	-0.031770631538163514	-0.0003874467260750876	0.00929872142580403	-0.03332041844246414	-0.031770631538163514	31984541
2021-05-06	-0.012246460007654048	-0.005357826253348664	0.008419441255262243	-0.019900497512437797	-0.012246460007654048	23667292
2021-04-30	-0.02281226626776363	0.005983545250560963	0.014584891548242355	-0.02767389678384437	-0.02281226626776363	32255731
2021-04-29	-0.009629629629629688	-0.0037037037037037563	0.014074074074074037	-0.012962962962963016	-0.009629629629629688	26668922
2021-04-28	-0.06574394463667815	-0.031487889273356405	-0.031487889273356405	-0.0941176470588235	-0.06574394463667815	62496789
2021-04-27	0.004169562195969334	-0.009728978457262026	0.0142460041695622	-0.023974982626824227	0.004169562195969334	35708271
2021-04-26	0.01159929701230235	0.007381370826010575	0.04217926186291737	-0.008787346221441126	0.01159929701230235	61226769
2021-04-23	0.01934790397706912	-0.007882479398065169	0.027230383375134417	-0.013256897169473343	0.01934790397706912	48144463
2021-04-22	0.04297458893871444	0.0	0.06278026905829595	-0.004857997010463473	0.04297458893871444	58558898
2021-04-21	0.009049773755656184	-0.0007541478129713264	0.01659125188536958	-0.01659125188536958	0.009049773755656184	25455295
2021-04-20	-0.03598691384950934	-0.008360596146855704	-0.008360596146855704	-0.03598691384950934	-0.03598691384950934	40246064
2021-04-19	0.0658659434327781	0.00038744672607522523	0.08872530027121282	0.00038744672607522523	0.0658659434327781	64331722
2021-04-16	0.022988505747126367	-0.00039635354736431084	0.026555687673404604	-0.00753071739992078	0.022988505747126367	25867245
2021-04-15	-0.023228803716608515	-0.010840108401083919	-0.006581494386372364	-0.04645760743321716	-0.023228803716608515	25900793
2021-04-14	0.017730496453900683	0.006698187549251447	0.031126871552403575	0.0039401103230891025	0.017730496453900683	25647770
2021-04-13	0.028363047001620716	0.004457050243111808	0.05713128038897894	0.0	0.028363047001620716	35224480
2021-04-12	-0.026813880126182955	-0.0043375394321766335	0.00749211356466882	-0.03312302839116719	-0.026813880126182955	19081806
2021-04-09	-0.012076353720296154	-0.006232956758862491	0.010128554733151461	-0.014413712504869535	-0.012076353720296154	15554200
2021-04-08	-0.010026995757809411	-0.008098727342846158	0.008098727342846158	-0.01465483995372152	-0.010026995757809411	15771635
2021-04-07	-0.00422427035330259	0.00038402457757302473	0.0053763440860215275	-0.014976958525345644	-0.00422427035330259	17821557
2021-04-06	-0.017729158807997074	0.0011316484345529076	0.0045265937382118985	-0.019238023387401038	-0.017729158807997074	21341000
2021-04-02	0.013766730401529752	0.000764818355640655	0.02103250478011475	-0.005736137667303961	0.013766730401529752	27009320
2021-04-01	0.0007654037504783611	-0.00038270187523911257	0.006505931879066273	-0.012629161882893161	0.0007654037504783611	21068969
2021-03-31	0.016731517509727616	0.0	0.02062256809338526	-0.003112840466926004	0.016731517509727616	23182885
2021-03-30	0.0019493177387914509	-0.00935672514619877	0.009746588693957116	-0.01130604288499022	0.0019493177387914509	18939860
2021-03-29	-0.0077369439071567825	0.016634429400386834	0.016634429400386834	-0.01199226305609293	-0.0077369439071567825	26133022
2021-03-26	0.0348278622898319	0.0008006405124099109	0.044835868694956	-0.006405124099279429	0.0348278622898319	42158918
2021-03-25	0.027983539094650192	-0.005349794238683086	0.03868312757201637	-0.006172839506172927	0.027983539094650192	34791399
2021-03-24	-0.029552715654952016	-0.015575079872204496	0.0023961661341853945	-0.034345047923322665	-0.029552715654952016	34474343
2021-03-23	-0.02945736434108533	0.009689922480620155	0.02325581395348829	-0.03488372093023264	-0.02945736434108533	43293433
2021-03-22	0.0035005834305717565	-0.0003889537145080343	0.0066122131466354785	-0.012057565149747268	0.0035005834305717565	28097537
2021-03-19	-0.008484381025838752	-0.016197454685692177	0.0061704589278827665	-0.02313922097956041	-0.008484381025838752	40070459
2021-03-18	-0.005751533742331234	0.0015337423312884472	0.013420245398773062	-0.01265337423312877	-0.005751533742331234	30726268
2021-03-17	-0.0060975609756097615	-0.007240853658536499	0.01181402439024399	-0.01867378048780482	-0.0060975609756097615	31754279
2021-03-16	-0.00681302043906144	0.00643451930355784	0.021574564723694047	-0.02233156699470111	-0.00681302043906144	33097973
2021-03-15	-0.04827089337175792	-0.012968299711815668	-0.0032420749279538853	-0.05259365994236314	-0.04827089337175792	41561031
2021-03-12	-0.03611111111111108	0.0	0.0	-0.045138888888888916	-0.03611111111111108	47986189
2021-03-11	0.014799154334038115	-0.002818886539816712	0.02149400986610287	-0.04052149400986606	0.014799154334038115	45331273
2021-03-10	-0.015608740894901121	0.021505376344086058	0.023239680887963986	-0.019771071800208005	-0.015608740894901121	30265211
2021-03-09	-0.03675242231874378	0.0	0.005011693952555916	-0.07083194119612432	-0.03675242231874378	43469304
2021-03-08	-0.0376205787781351	0.004823151125401884	0.009003215434083523	-0.03922829581993577	-0.0376205787781351	37900739
2021-03-05	0.007124352331606296	-0.017163212435233083	0.02137305699481866	-0.018458549222797938	0.007124352331606296	28138647
2021-03-04	-0.04838212634822816	-0.013867488443759717	-0.010785824345146421	-0.0508474576271187	-0.04838212634822816	45399869
2021-03-03	-0.010369014943580248	-0.006709362610551963	-0.002439768222018856	-0.031107044830741067	-0.010369014943580248	35577032
2021-03-02	-0.0015225334957370358	0.0048721071863579955	0.02588306942752723	-0.006699147381242569	-0.0015225334957370358	54013021
2021-03-01	0.050880000000000106	0.011200000000000045	0.055039999999999964	-0.0016000000000000228	0.050880000000000106	58474817
2021-02-26	-0.015748031496062992	-0.023622047244094488	-0.011653543307086645	-0.041259842519685	-0.015748031496062992	39038517
2021-02-25	0.008897362567524663	0.0009532888465205319	0.02319669526533219	-0.024149984111852495	0.008897362567524663	45783234
2021-02-24	0.01027287319422152	0.0	0.029213483146067535	-0.007704654895666082	0.01027287319422152	49112581
2021-02-23	0.002574831026713817	-0.016736401673640152	0.017701963308657892	-0.022529771483746356	0.002574831026713817	33838894
2021-02-22	-0.031181789834736514	-0.008419083255378846	-0.008419083255378846	-0.03180542563143123	-0.031181789834736514	48269077
2021-02-19	-0.003727865796831235	-0.0059024541783161775	-0.00031065548306921436	-0.0416278347312829	-0.003727865796831235	48473119
2021-02-18	-0.01979293544457995	0.012484774665042525	0.022533495736906054	-0.024665042630937946	-0.01979293544457995	56374961
2021-02-10	0.05935483870967753	0.003225806451612949	0.08064516129032258	0.0	0.05935483870967753	71475498
2021-02-09	0.01672679567071176	-0.0022958346999015	0.037389307969826195	-0.012791079042308856	0.01672679567071176	56392159
2021-02-08	0.012284196547144669	0.0013280212483399452	0.02257636122177954	-0.0239043824701196	0.012284196547144669	59586719
2021-02-05	-0.0176125244618395	0.0176125244618395	0.020874103065883907	-0.027723418134377086	-0.0176125244618395	51010029
2021-02-04	-0.01192394456977122	-0.0074121817595875095	0.01450209474701899	-0.037060908797937546	-0.01192394456977122	64350897
2021-02-03	-0.04228395061728387	0.008950617283950591	0.0154320987654321	-0.042592592592592564	-0.04228395061728387	70023905
2021-02-02	-0.01219512195121947	0.005487804878048772	0.005487804878048772	-0.036890243902438946	-0.01219512195121947	58461048
2021-02-01	-0.01796407185628747	0.002994011976047947	0.004491017964071814	-0.026946107784431097	-0.01796407185628747	46327300
2021-01-29	0.012121212121212078	0.021212121212121297	0.023333333333333428	-0.013636363636363722	0.012121212121212078	59519988
2021-01-28	-0.059024807527801544	-0.016253207869974345	0.001996007984031944	-0.06444254348445959	-0.059024807527801544	85299201
2021-01-27	-0.0011392765593847664	0.011107946454001726	0.03531757334092857	-0.017373967530618043	-0.0011392765593847664	63173477
2021-01-26	-0.010428410372040516	0.014656144306651724	0.020293122886133202	-0.03156708004509576	-0.010428410372040516	77301798
2021-01-25	-0.02258953168044078	-0.026446280991735367	0.013774104683195593	-0.05785123966942134	-0.02258953168044078	119182070
2021-01-22	-0.09295352323838095	-0.0007496251874063252	-0.0007496251874063252	-0.13793103448275867	-0.09295352323838095	201589466
2021-01-21	0.029320987654321	0.024691358024691377	0.03652263374485583	-0.00282921810699587	0.029320987654321	77115639
2021-01-20	0.0036138358286009436	0.0002581311306143007	0.03175012906556522	-0.008002065049044974	0.0036138358286009436	56637916
2021-01-19	-0.043692915329548165	-0.009380399901258836	-0.0009874105159219735	-0.04714885213527516	-0.043692915329548165	78106454
2021-01-18	0.07197671341624766	0.005821645938078827	0.09552791743847577	0.005821645938078827	0.07197671341624766	104523830
2021-01-15	-0.057135728542914155	-0.014221556886227553	-0.004491017964071849	-0.07934131736526946	-0.057135728542914155	112797013
2021-01-14	0.012632642748863063	0.0005053057099546015	0.025770591207680726	-0.02652854977261236	0.012632642748863063	113612262
2021-01-13	0.05970548862115119	0.020348058902275715	0.09290495314591697	0.020080321285140562	0.05970548862115119	138573852
2021-01-12	0.009459459459459498	0.0	0.012702702702702672	-0.027297297297297244	0.009459459459459498	93064327
2021-01-11	0.07808857808857808	0.01806526806526799	0.09178321678321674	-0.006118881118881143	0.07808857808857808	132415109
2021-01-08	-0.024445707788516187	0.042069357589539426	0.06537805571347348	-0.04121660034110298	-0.024445707788516187	105006494
2021-01-07	0.0057175528873642896	0.0034305317324186554	0.011720983419096734	-0.019725557461406456	0.0057175528873642896	79021576
2021-01-06	0.014795474325500378	-0.0002901073397156371	0.017696547722657368	-0.018276762402088642	0.014795474325500378	98329529
