2024-12-31	-0.037658053875756034	-0.0021990104452997636	0.0013743815283121814	-0.040681693238042986	-0.037658053875756034	22705431
2024-12-30	0.011679644048943318	-0.006117908787541681	0.015016685205784181	-0.010011123470522788	0.011679644048943318	19788651
2024-12-27	-0.001665741254858475	0.0	0.017212659633536853	-0.006662965019433703	-0.001665741254858475	18927080
2024-12-26	-0.004147083218136538	-0.0038706110035941544	0.007741222007188309	-0.0052529720763064645	-0.004147083218136538	15093848
2024-12-25	-0.028471662637657675	-0.004566210045661956	-0.0005372011818424933	-0.034380875637926245	-0.028471662637657675	18983198
2024-12-24	0.019999999999999914	0.005205479452054732	0.028767123287671156	0.0027397260273972993	0.019999999999999914	24664705
2024-12-23	-0.016172506738544513	0.0005390835579513752	0.009433962264150981	-0.018598382749326275	-0.016172506738544513	18383169
2024-12-20	0.01839143562997534	0.004666483667307211	0.03293988471040359	-0.002195992314026854	0.01839143562997534	27102720
2024-12-19	-0.006815703380588877	-0.013631406761177753	-0.0021810250817883943	-0.020992366412213827	-0.006815703380588877	22363247
2024-12-18	-0.00811249323958889	0.004597079502433795	0.008382909680908662	-0.011898323418063758	-0.00811249323958889	20361884
2024-12-17	-0.008047210300429299	0.0	0.010193133047210179	-0.010729613733905541	-0.008047210300429299	23057164
2024-12-16	-0.02459445316588168	0.0	0.004971219256933483	-0.031135531135531077	-0.02459445316588168	26846511
2024-12-13	-0.03533568904593636	-0.010600706713780782	-0.00908632004038363	-0.03634528016153452	-0.03533568904593636	27573745
2024-12-12	0.020082389289392225	-0.005664263645726209	0.029866117404737293	-0.010041194644696202	0.020082389289392225	30497197
2024-12-11	-0.002824133504492925	-0.0069319640564827496	0.00564826700898585	-0.008985879332477572	-0.002824133504492925	19889233
2024-12-10	-0.01467240070832275	0.036681001770806874	0.04249936756893498	-0.018972931950417403	-0.01467240070832275	40389951
2024-12-09	-0.01886324149913125	-0.007197815835194817	-0.002482005460412048	-0.028294862248696963	-0.01886324149913125	23430416
2024-12-06	0.010534236267870622	-0.001755706044645104	0.02733885126661659	-0.024078254326561348	0.010534236267870622	36586533
2024-12-05	-0.005487652781242354	-0.00972811174856574	0.0	-0.017460713394861632	-0.005487652781242354	28009861
2024-12-04	-0.03187635836754391	-0.004829751267809605	0.006761651774933619	-0.036947597198744124	-0.03187635836754391	35520745
2024-12-03	-0.015688138816258704	0.005704777751366817	0.012598050867601643	-0.02376990729736154	-0.015688138816258704	30518399
2024-12-02	0.00047562425683717307	-0.0035671819262782065	0.015457788347205844	-0.009750297265160442	0.00047562425683717307	36759317
2024-11-29	0.02585996584532801	-0.0041473530129300246	0.04879238838741156	-0.008294706025860049	0.02585996584532801	52286393
2024-11-28	-0.003646086533787034	-0.010695187165775345	0.01701507049100639	-0.01531356344190575	-0.003646086533787034	40352843
2024-11-27	0.027215980024968875	-0.012734082397003696	0.028464419475655447	-0.025218476903870114	0.027215980024968875	47529404
2024-11-26	-0.06140145301148358	-0.007499414108272797	-0.007499414108272797	-0.06140145301148358	-0.06140145301148358	59899967
2024-11-25	0.038704965920155876	0.0	0.0467380720545278	0.0	0.038704965920155876	75482922
2024-11-22	-0.039962608086001425	-0.015657863986912872	0.025473241411544834	-0.04183220378593127	-0.039962608086001425	73907614
2024-11-21	-0.013145756457564583	-0.0133763837638376	0.005535055350553551	-0.028828413284132843	-0.013145756457564583	73205736
2024-11-20	0.04205719778899303	0.033405431386685905	0.07305936073059359	0.02331170391732754	0.04205719778899303	130976451
2024-11-19	0.09992069785884222	0.01638910917261445	0.09992069785884222	0.004229447528416698	0.09992069785884222	56094964
2024-11-18	-0.02825584382224509	-0.0015412278448497887	0.01592602106344715	-0.03801695350629327	-0.02825584382224509	52723392
2024-11-15	-0.06440759432828647	-0.014659937515020415	-0.011055034847392474	-0.06777217015140592	-0.06440759432828647	76448290
2024-11-14	-0.06452338129496397	-0.013489208633093398	0.018435251798561158	-0.06901978417266189	-0.06452338129496397	107443094
2024-11-13	0.060309892729439665	0.03003575685339685	0.06650774731823597	-0.018355184743742623	0.060309892729439665	136601615
2024-11-12	0.05934343434343438	0.02272727272727269	0.10000000000000002	0.01994949494949493	0.05934343434343438	152330281
2024-11-11	0.10000000000000003	0.0	0.10000000000000003	-0.0025000000000000946	0.10000000000000003	100302203
2024-11-08	-0.003598117907556118	0.019928037641848848	0.0487129809022972	-0.006365900913368501	-0.003598117907556118	49872988
2024-11-07	0.002219140083217903	-0.016088765603328663	0.0024965325936200673	-0.02163661581137293	0.002219140083217903	42585561
2024-11-06	-0.000554477405045831	0.0008317161075686481	0.05018020515663993	-0.011366786803437862	-0.000554477405045831	71396465
2024-11-05	0.04218433978618899	-0.0017336030049119409	0.045940479630164795	-0.00722334585379948	0.04218433978618899	56808697
2024-11-04	0.01436107854630721	0.0008792497069167977	0.01641266119577967	-0.017878077373974195	0.01436107854630721	36141385
2024-11-01	0.004120070629782242	-0.008534432018834585	0.04414361389052384	-0.018540317834019878	0.004120070629782242	61170260
2024-10-31	0.044574239163848624	0.011374116200430292	0.04703350753150941	0.008914847832769725	0.044574239163848624	46743949
2024-10-30	-0.023416391474031854	-0.011107775442810103	-0.0024016811768239384	-0.030021014710297205	-0.023416391474031854	28032515
2024-10-29	-0.02772913018096894	0.006421482778750697	0.024518388791593796	-0.02948044366608284	-0.02772913018096894	36197450
2024-10-28	0.010619469026548657	0.0	0.011799410029498483	-0.01681415929203541	0.010619469026548657	41219077
2024-10-25	0.0603690960275258	0.0015639662183298175	0.07882389740381618	0.0015639662183298175	0.0603690960275258	65872493
2024-10-24	-0.03559577677224735	-0.008144796380090379	-0.004524886877828011	-0.04012066365007536	-0.03559577677224735	31629166
2024-10-23	0.02094240837696334	0.0009239297813366535	0.0366492146596858	-0.020634431783184422	0.02094240837696334	55123896
2024-10-22	0.026881720430107458	0.0015812776723592888	0.027514231499051266	-0.0113851992409867	0.026881720430107458	34657768
2024-10-21	0.021317829457364344	0.005813953488372083	0.040697674418604585	-0.0006459948320413299	0.021317829457364344	46773624
2024-10-18	0.03337783711615487	-0.005340453938584784	0.05774365821094794	-0.009679572763684885	0.03337783711615487	47830378
2024-10-17	-0.010894684714427148	0.020138659623638148	0.022449653350940894	-0.013205678441729898	-0.010894684714427148	23424619
2024-10-16	-0.01815235008103735	-0.02431118314424635	-0.001944894651539782	-0.025283630470016243	-0.01815235008103735	24081913
2024-10-15	-0.034730913642052545	-0.005006257822277852	-0.0009386733416771319	-0.03566958698372968	-0.034730913642052545	27983931
2024-10-14	0.01139240506329112	0.00031645569620246866	0.015506329113924112	-0.024683544303797503	0.01139240506329112	33918066
2024-10-11	-0.057841383422778704	-0.012224209898628402	-0.007155635062611867	-0.07125819916517592	-0.057841383422778704	40695583
2024-10-10	-0.017286844418400334	-0.003808965719308601	0.02285379431585098	-0.022560796952827516	-0.017286844418400334	49128759
2024-10-09	-0.09994725738396622	-0.02426160337552747	-0.002900843881856525	-0.09994725738396622	-0.09994725738396622	82035670
2024-10-08	0.1000870322019148	0.1000870322019148	0.1000870322019148	0.022918479837539866	0.1000870322019148	102914664
2024-09-30	0.09987236758136564	0.06636885768985328	0.09987236758136564	0.0331844288449267	0.09987236758136564	97072993
2024-09-27	0.0984928145811426	0.02558710129688049	0.09989484752891685	0.024535576586049747	0.0984928145811426	75393918
2024-09-26	0.03707742639040347	-0.005452562704471179	0.037440930570701476	-0.009451108687749966	0.03707742639040347	35561870
2024-09-25	0.0	0.010541621228644098	0.03053435114503816	-0.002181025081788523	0.0	46552026
2024-09-24	0.07544956997654431	0.012509773260359668	0.07701329163408924	0.005473025801407372	0.07544956997654431	55189479
2024-09-23	0.003530796390741462	-0.001176932130247061	0.014123185562965986	-0.009023146331894738	0.003530796390741462	13421234
2024-09-20	-0.01048136645962745	-0.0015527950310560052	-0.0015527950310560052	-0.01979813664596279	-0.01048136645962745	15479938
2024-09-19	0.01417322834645681	0.005118110236220574	0.026771653543307076	-0.012992125984251902	0.01417322834645681	23351859
2024-09-18	-0.007036747458952296	-0.0031274433150898476	0.0043002345582487484	-0.023064894448788113	-0.007036747458952296	21472322
2024-09-13	-0.05469327420546934	-0.005173688100517259	0.008869179600886993	-0.056910569105691027	-0.05469327420546934	42754955
2024-09-12	-0.028017241379310387	-0.0028735632183907434	0.012212643678160915	-0.030172413793103443	-0.028017241379310387	50273155
2024-09-11	0.09996048992493091	0.026866851047016978	0.09996048992493091	0.014223627024891466	0.09996048992493091	74137651
2024-09-10	-0.015175097276264614	0.0066147859922179655	0.007392996108949466	-0.03112840466926073	-0.015175097276264614	19384002
2024-09-09	-0.019832189168573593	-0.008009153318077701	0.0072463768115942516	-0.02707856598016771	-0.019832189168573593	17303853
2024-09-06	-0.017977528089887656	-0.0029962546816478764	0.002996254681648009	-0.019101123595505545	-0.017977528089887656	11164960
2024-09-05	0.013282732447817755	0.0	0.03833017077798854	-0.002656546489563578	0.013282732447817755	20081457
2024-09-04	-0.009398496240601503	-0.004511278195488759	0.013909774436090129	-0.010902255639097845	-0.009398496240601503	17809647
2024-09-03	0.019157088122605363	0.0	0.04482758620689648	-0.014559386973180174	0.019157088122605363	25131945
2024-09-02	-0.04500548847420406	-0.005122575923893049	0.009147457006952069	-0.04500548847420406	-0.04500548847420406	22297772
2024-08-30	0.03561955286093208	-0.0034103827207275427	0.054945054945054916	-0.0068207654414550855	0.03561955286093208	38295756
2024-08-29	0.01617250673854454	-0.007701193685021151	0.026569118213323115	-0.024258760107816673	0.01617250673854454	19204360
2024-08-28	-0.0026881720430107637	-0.006144393241167441	-0.0019201228878648507	-0.022273425499231884	-0.0026881720430107637	11029066
2024-08-27	-0.013262599469496076	0.0	0.0030314513073133116	-0.02614626752557792	-0.013262599469496076	14216830
2024-08-26	0.03409090909090913	0.0003918495297806255	0.05603448275862068	0.0003918495297806255	0.03409090909090913	24500024
2024-08-23	-0.03698113207547171	-0.0071698113207547655	-0.0007547169811320594	-0.04113207547169811	-0.03698113207547171	20006218
2024-08-22	-0.032846715328467106	0.0025547445255474557	0.005109489051094911	-0.032846715328467106	-0.032846715328467106	17964051
2024-08-21	0.015943641082684454	-0.013348164627363717	0.03299962921764926	-0.02484241750092689	0.015943641082684454	30327179
2024-08-20	0.016201959306706846	0.006028636021100231	0.03843255463451393	0.0026375282592313596	0.016201959306706846	29041339
2024-08-19	0.007210626185958168	-0.002656546489563578	0.019354838709677344	-0.011005692599620595	0.007210626185958168	10653473
2024-08-16	-0.008280015054572784	-0.0007527286413247864	0.013925479864508882	-0.00940910801656003	-0.008280015054572784	11697466
2024-08-15	-0.000752162467092876	-0.00827378713802177	0.009025949605114646	-0.02331703647987969	-0.000752162467092876	14473087
2024-08-14	-0.020986745213549346	-0.006627393225331359	0.014359351988217988	-0.021354933726067813	-0.020986745213549346	10807256
2024-08-13	0.020285499624342566	-0.0003756574004508476	0.026296018031555193	-0.014274981217130073	0.020285499624342566	13454605
2024-08-12	-0.010408921933085413	0.004460966542750967	0.007434944237918322	-0.012639405204460961	-0.010408921933085413	8406917
2024-08-09	-0.01501281581838155	0.004027828634200036	0.009886488465763442	-0.01501281581838155	-0.01501281581838155	12234256
2024-08-08	0.00036630036630029344	0.0	0.009157509157509158	-0.011721611721611732	0.00036630036630029344	11951546
2024-08-07	-0.020803443328550872	-0.007532281205164896	-0.004304160688665619	-0.022596843615494945	-0.020803443328550872	15769475
2024-08-06	0.032592592592592555	0.014444444444444466	0.04518518518518514	0.012222222222222159	0.032592592592592555	23674192
2024-08-05	-0.008082292432035227	-0.004408523144746416	0.04445260837619401	-0.008082292432035227	-0.008082292432035227	22471319
2024-08-02	-0.010181818181818222	-0.010909090909090934	0.00909090909090909	-0.011999999999999938	-0.010181818181818222	11371611
2024-08-01	-0.022396018485602524	-0.0010664770707428932	0.0028439388553146766	-0.025950942054745837	-0.022396018485602524	16311872
2024-07-31	0.05474315710536173	0.0033745781777277783	0.05474315710536173	-0.006374203224596989	0.05474315710536173	26836036
2024-07-30	-0.006703910614525129	-0.0037243947858473527	-0.0029795158286779087	-0.02011173184357552	-0.006703910614525129	11913089
2024-07-29	-0.04107142857142852	-0.001785714285714311	-0.001785714285714311	-0.04107142857142852	-0.04107142857142852	18376530
2024-07-26	0.026016855991205602	0.00036643459142548786	0.04946866984243318	0.00036643459142548786	0.026016855991205602	20451253
2024-07-25	0.023630907726931695	-0.011627906976744137	0.04463615903975999	-0.013503375843960969	0.023630907726931695	20108944
2024-07-24	-0.045128939828080285	-0.024713467048710646	-0.023280802292263685	-0.04906876790830949	-0.045128939828080285	12044777
2024-07-23	-0.037904893177119155	0.002756719503790553	0.005858028945554848	-0.037904893177119155	-0.037904893177119155	15816293
2024-07-22	0.0034578146611340893	-0.005878284923928136	0.016597510373443876	-0.006915629322268424	0.0034578146611340893	18697550
2024-07-19	0.006963788300835754	0.0	0.017409470752089137	-0.025417827298050154	0.006963788300835754	21050560
2024-07-18	0.00034831069313821	-0.006966213862765562	0.003831417624521053	-0.019505398815743723	0.00034831069313821	14887835
2024-07-17	-0.003124999999999995	0.0034722222222221483	0.01180555555555555	-0.00555555555555556	-0.003124999999999995	15092158
2024-07-16	0.007697690692792247	-0.00034989503149048326	0.026941917424772678	-0.002449265220433756	0.007697690692792247	18135853
2024-07-15	-0.010045029442327769	-0.005888465535157662	0.002771042604779989	-0.013855213023900316	-0.010045029442327769	10493101
2024-07-12	-0.010962658444672842	-0.005823912298732501	0.0065090784515244166	-0.014388489208633152	-0.010962658444672842	18151620
2024-07-11	0.049245147375988535	0.009705248023005018	0.06721782890007193	0.008267433501078376	0.049245147375988535	36824208
2024-07-10	0.021667278736687473	-0.016525890561880252	0.07234667645978696	-0.022401762761659914	0.021667278736687473	32049877
2024-07-09	-0.01376312930097787	-0.009416877942774285	0.003984063745019899	-0.021369069177834113	-0.01376312930097787	17918463
2024-07-08	-0.044967139398132155	-0.017640954686959583	-0.01591144932549294	-0.048426150121065326	-0.044967139398132155	17186040
2024-07-05	-0.003447087211306495	-0.003791795932437193	0.0020682523267838235	-0.021027231988969424	-0.003447087211306495	10625550
2024-07-04	-0.015609093993892003	-0.0006786562606039896	0.007804546996946061	-0.01764506277570409	-0.015609093993892003	13089292
2024-07-03	0.0336723956506488	0.0031567870922483286	0.04524728165555942	-0.0003507541213609808	0.0336723956506488	20014257
2024-07-02	-0.011099549080818479	0.0034686090877558595	0.015955601803676757	-0.011099549080818479	-0.011099549080818479	11270558
2024-07-01	0.006282722513088996	-0.013961605584642186	0.007678883071553314	-0.02024432809773118	0.006282722513088996	11332473
2024-06-28	-0.020177838577291378	0.0003419972640219413	0.007865937072503435	-0.023597811217510183	-0.020177838577291378	14338120
2024-06-27	-0.0317880794701987	-0.007947019867549617	-0.006291390728476746	-0.033112582781456956	-0.0317880794701987	16926036
2024-06-26	0.07588172426077659	0.004631278945493374	0.07588172426077659	-0.010687566797292509	0.07588172426077659	30338023
2024-06-25	-0.017156862745097985	-0.005602240896358549	0.0014005602240897304	-0.023109243697478996	-0.017156862745097985	13074154
2024-06-24	-0.023589743589743632	-0.014700854700854691	-0.00512820512820508	-0.026666666666666707	-0.023589743589743632	15130087
2024-06-21	-0.021084337349397558	-0.005689424364123097	0.0	-0.03179384203480587	-0.021084337349397558	17128430
2024-06-20	-0.036439858110287084	-0.001289906481780158	0.0009674298613349753	-0.03740728797162206	-0.036439858110287084	18101765
2024-06-19	-0.026373626373626367	0.0012558869701726576	0.0015698587127157663	-0.026687598116169588	-0.026373626373626367	12833689
2024-06-18	0.006001263423878751	0.0	0.012318382817435155	-0.010739102969046111	0.006001263423878751	12489647
2024-06-17	0.0034865293185419787	-0.009508716323296378	0.015847860538827144	-0.011093502377179126	0.0034865293185419787	13172140
2024-06-14	-0.004103535353535322	-0.0012626262626262356	0.0022095959595959686	-0.022095959595959575	-0.004103535353535322	16563304
2024-06-13	-0.012160898035547258	0.0003118178983473031	0.007483629560336825	-0.014343623323978823	-0.012160898035547258	10386400
2024-06-12	0.004070131496556011	-0.000626174076393224	0.004070131496556011	-0.01158422041327492	0.004070131496556011	11495672
2024-06-11	-0.009305210918114166	-0.009615384615384685	-0.002791563275434349	-0.022332506203474017	-0.009305210918114166	11245354
2024-06-07	-0.02450832072617232	-0.0003025718608168839	0.004538577912254333	-0.03479576399394852	-0.02450832072617232	19231147
2024-06-06	0.0003026634382565984	0.00484261501210665	0.037832929782082324	-0.0012106537530266086	0.0003026634382565984	18175161
2024-06-05	-0.01402566398090119	-0.006266786034019722	0.005073112503730281	-0.015219337511190631	-0.01402566398090119	11735488
2024-06-04	0.004496402877697799	0.0	0.006294964028777004	-0.013489208633093611	0.004496402877697799	10743313
2024-06-03	-0.008028545941124088	-0.006839131727624263	-0.0026761819803747667	-0.01843592030924783	-0.008028545941124088	13270734
2024-05-31	-0.014649868151186638	0.002050981541166138	0.00439496044535595	-0.014649868151186638	-0.014649868151186638	11878573
2024-05-30	0.0032333921222809942	0.009112286890064525	0.024397413286302124	0.0005878894767782487	0.0032333921222809942	15543748
2024-05-29	0.014311270125223733	-0.002087060226595119	0.028324388789505155	-0.0068574836016695555	0.014311270125223733	15164925
2024-05-28	-0.010619469026548657	-0.00029498525073740447	0.007374631268436578	-0.015339233038347966	-0.010619469026548657	10093510
2024-05-27	0.002958579881656847	0.0017751479289941502	0.006508875739645147	-0.017751479289940662	0.002958579881656847	11875674
2024-05-24	-0.013138686131386945	-0.004087591240875929	0.0023357664233576146	-0.013138686131386945	-0.013138686131386945	12740059
2024-05-23	-0.034667418263810514	-0.009864712514092287	-0.009582863585118274	-0.037204058624577235	-0.034667418263810514	20007882
2024-05-22	0.01807747489239585	-0.00028694404591099026	0.022668579626972715	-0.004017216642754679	0.01807747489239585	19821881
2024-05-21	-0.01664785553047394	-0.0011286681715575381	-0.0008465011286682037	-0.023984198645598035	-0.01664785553047394	12972763
2024-05-20	0.00796359499431175	0.003981797497155875	0.02104664391353817	0.0005688282138794974	0.00796359499431175	17417397
2024-05-17	0.01765557163531113	0.002315484804631126	0.01765557163531113	-0.018813314037626587	0.01765557163531113	16163344
2024-05-16	-0.011444921316166113	0.0	0.007153075822603719	-0.012589413447782683	-0.011444921316166113	14967651
2024-05-15	-0.014382402707275747	-0.00310208685843202	0.009024252679075022	-0.015228426395939063	-0.014382402707275747	11325850
2024-05-14	-0.0033726812816188153	0.005902192242833076	0.013209668353007277	-0.007588532883642384	-0.0033726812816188153	12349020
2024-05-13	-0.029195088676671224	-0.017735334242837617	-0.016916780354706614	-0.03683492496589363	-0.029195088676671224	15295640
2024-05-10	-0.015843179377014054	0.001611170784102985	0.0021482277121374405	-0.022824919441460832	-0.015843179377014054	17578930
2024-05-09	0.03935249790678213	0.009768350544236713	0.052749092938878056	0.009768350544236713	0.03935249790678213	32324878
2024-05-08	-0.0210382513661203	0.0035519125683058867	0.0035519125683058867	-0.022404371584699462	-0.0210382513661203	13571166
2024-05-07	0.006323893318669342	0.0008248556502612356	0.008523508386032507	-0.004674182018146676	0.006323893318669342	15606940
2024-05-06	0.03148043108338059	0.03374929098128204	0.044526375496313116	0.023823028927963796	0.03148043108338059	25073672
2024-04-30	-0.036348729160973085	-0.0027329871549604105	0.01065864990434527	-0.036348729160973085	-0.036348729160973085	27517996
2024-04-29	0.06676384839650165	0.0014577259475219903	0.0728862973760933	0.0008746355685131528	0.06676384839650165	37620391
2024-04-26	0.007934175727299325	-0.007934175727299533	0.01322362621216561	-0.00969732588892149	0.007934175727299325	21381862
2024-04-25	0.02008393285371708	-0.005095923261390939	0.04076738609112708	-0.006894484412469931	0.02008393285371708	29654659
2024-04-24	-0.0671140939597315	-0.05480984340044746	-0.03859060402684551	-0.07718120805369122	-0.0671140939597315	44311233
2024-04-23	-0.0175824175824176	0.0002747252747252201	0.0027472527472527865	-0.024725274725274686	-0.0175824175824176	19125145
2024-04-22	-0.013550135501355014	-0.008943089430894263	0.022493224932249277	-0.021680216802167945	-0.013550135501355014	17218872
2024-04-19	-0.023551204022228118	-0.010320190526594353	-0.007409367557554939	-0.03387139454882247	-0.023551204022228118	20696581
2024-04-18	0.005588078765300715	-0.004789781798829157	0.020755721128259744	-0.02182011708355509	0.005588078765300715	24687629
2024-04-17	0.02537517053206002	0.009549795361528007	0.03328785811732603	0.004092769440654805	0.02537517053206002	23469424
2024-04-16	-0.054681454733041125	-0.008511735878256523	-0.006964147536755303	-0.055971111684292016	-0.054681454733041125	26876854
2024-04-15	0.004404145077720251	-0.006476683937823834	0.02823834196891182	-0.017875647668393908	0.004404145077720251	24851682
2024-04-12	-0.028441983387868	-0.008054366977095401	0.0032720865844450683	-0.03020387616410762	-0.028441983387868	26603644
2024-04-11	-0.016340678385739136	-0.012131715771230551	0.000495172072295024	-0.029215152265412225	-0.016340678385739136	27824255
2024-04-10	-0.025572979493365552	0.006031363088057901	0.008443908323280925	-0.030156815440289503	-0.025572979493365552	35276379
2024-04-09	0.059831245205829796	0.0	0.06264382510866794	-0.0025568908207619897	0.059831245205829796	62958379
2024-04-08	-0.0195537728754074	-0.022311356229631502	0.014790674354474714	-0.027826522938079704	-0.0195537728754074	34290482
2024-04-03	0.006814740030287813	-0.0015143866733971522	0.0171630489651691	-0.014891468955073104	0.006814740030287813	37978138
2024-04-02	0.006350012700025401	0.0	0.013462026924053877	-0.012446024892049655	0.006350012700025401	37419322
2024-04-01	0.08278327832783273	0.0022002200220021533	0.08443344334433445	0.0022002200220021533	0.08278327832783273	51821060
2024-03-29	0.011967715001391587	-0.0044531032563316615	0.025605343723907645	-0.006401335930976812	0.011967715001391587	14364283
2024-03-28	0.004753914988814366	0.0	0.02097315436241611	0.0	0.004753914988814366	14416248
2024-03-27	-0.036897387557231466	-0.0035012119579855253	-0.0035012119579855253	-0.037436035550767584	-0.036897387557231466	16160544
2024-03-26	0.014758130636785983	0.002732987154960216	0.024596884394643304	-0.011751844766329783	0.014758130636785983	20726166
2024-03-25	-0.02634379989356027	-0.0021287919105906945	-0.0013304949441191368	-0.02660989888238425	-0.02634379989356027	17380796
2024-03-22	-0.04157102779903092	-0.0053557765876052245	-0.00025503698036210176	-0.041826064779393025	-0.04157102779903092	27009909
2024-03-21	-0.009598383430159195	0.0032836574892648506	0.006567314978529881	-0.013387218994695659	-0.009598383430159195	13352321
2024-03-20	0.0022784810126583142	0.0	0.008860759493670923	-0.007341772151898712	0.0022784810126583142	14165211
2024-03-19	-0.012746813296675782	-0.0037490627343163855	0.005748562859285279	-0.012746813296675782	-0.012746813296675782	18222282
2024-03-18	0.01060873958070206	0.010103561505430628	0.01919676686031821	-0.0010103561505432244	0.01060873958070206	24636147
2024-03-15	0.00456736868815039	-0.002791169753869562	0.013194620654656259	-0.02207561532605931	0.00456736868815039	25978411
2024-03-14	-0.018675298804780877	-0.0037350597609561403	0.01294820717131482	-0.02564741035856559	-0.018675298804780877	26219654
2024-03-13	-0.009617755856966722	0.0012330456226881446	0.008384710234278753	-0.015289765721331627	-0.009617755856966722	21453541
2024-03-12	0.0017292490118577147	0.02223320158102781	0.027667984189723435	-0.009881422924901151	0.0017292490118577147	36894476
2024-03-11	0.07203389830508472	0.012976694915254291	0.07733050847457631	0.012976694915254291	0.07203389830508472	50051722
2024-03-08	-0.0018503832936822703	-0.00026434047052598493	0.01771081152524456	-0.011366640232619607	-0.0018503832936822703	19118617
2024-03-07	-0.017147310989867593	0.007794232268121516	0.015848272278513886	-0.01792673421667978	-0.017147310989867593	22164733
2024-03-06	-0.005169294391315475	-0.01085551822176259	0.008270871026104944	-0.019126389247867536	-0.005169294391315475	21500253
2024-03-05	-0.03323338330834596	-0.01299350324837589	-0.011244377811094523	-0.037981009495252446	-0.03323338330834596	28993791
2024-03-04	-0.0034860557768922676	0.006723107569721194	0.02963147410358578	-0.01120517928286842	-0.0034860557768922676	36172906
2024-03-01	0.0027465667915105977	-0.0017478152309613056	0.014232209737827723	-0.00973782771535582	0.0027465667915105977	31472983
2024-02-29	0.06999732834624627	0.00026716537536729924	0.07854662035800154	0.00026716537536729924	0.06999732834624627	52499513
2024-02-28	0.0002672367717797437	0.015499732763228174	0.0601282736504543	-0.0005344735435596773	0.0002672367717797437	52408484
2024-02-27	0.01823129251700685	-0.00761904761904765	0.018503401360544208	-0.009523809523809563	0.01823129251700685	21484853
2024-02-26	0.0057471264367816325	0.0002736726874657365	0.020799124247400054	-0.0030103995621236844	0.0057471264367816325	25161465
2024-02-23	0.012468827930174444	0.002216680520919875	0.0185646993627042	-0.005818786367414819	0.012468827930174444	21242234
2024-02-22	-0.0016597510373442647	-0.013001383125864423	0.0038727524204702785	-0.015767634854771794	-0.0016597510373442647	16995992
2024-02-21	0.02003386004514675	-0.012133182844243785	0.044300225733634326	-0.01721218961625281	0.02003386004514675	31433059
2024-02-20	0.007390562819783912	-0.007674815235929594	0.008527572484366036	-0.0227401932916429	0.007390562819783912	19407481
2024-02-19	0.008890163464296023	0.0034413535990824363	0.020648121594494008	-0.007743045597935074	0.008890163464296023	21305814
2024-02-08	0.02861356932153389	0.004719764011799519	0.03687315634218289	0.0005899705014750185	0.02861356932153389	26994396
2024-02-07	-0.005865102639296271	0.00527859237536656	0.02551319648093834	-0.01583577712609968	-0.005865102639296271	29224677
2024-02-06	0.07843137254901962	-0.000632511068943693	0.07969639468690701	-0.00917141049968383	0.07843137254901962	29221266
2024-02-05	-0.04644149577804571	-0.008745476477683931	0.003618817852834878	-0.07117008443908311	-0.04644149577804571	28534646
2024-02-02	-0.042725173210161775	0.004041570438799093	0.013279445727482703	-0.07592378752886843	-0.042725173210161775	27398780
2024-02-01	0.017925359976491313	-0.00646488392594766	0.03967087863649725	-0.01028504260946228	0.017925359976491313	24898814
2024-01-31	-0.07927489177489176	-0.025974025974025997	-0.012716450216450185	-0.08252164502164513	-0.07927489177489176	38909872
2024-01-30	-0.022739291380222088	-0.011105235325224793	0.00846113167636172	-0.022739291380222088	-0.022739291380222088	17325350
2024-01-29	-0.04998744034162275	0.004772670183370955	0.005023863350916748	-0.04998744034162275	-0.04998744034162275	28703403
2024-01-26	-0.019699581383895524	-0.013050972666830859	0.006648608717064839	-0.019699581383895524	-0.019699581383895524	20762009
2024-01-25	0.0157578789394698	-0.008004002001000508	0.021260630315157614	-0.017758879439719703	0.0157578789394698	24850904
2024-01-24	-0.004234122042341263	0.004483188044831873	0.011207970112079772	-0.04009962640099625	-0.004234122042341263	27013649
2024-01-23	0.005761523046092106	0.0	0.024549098196392706	-0.012274549098196441	0.005761523046092106	20762772
2024-01-22	-0.03853564547206169	-0.010115606936416225	-0.0012042389210020295	-0.04431599229287098	-0.03853564547206169	34042712
2024-01-19	-0.016113744075829377	0.0002369668246445026	0.027962085308056862	-0.016350710900474047	-0.016113744075829377	28522211
2024-01-18	0.02701387198831831	-0.006814310051107352	0.02823071306887312	-0.011194937941104911	0.02701387198831831	29003487
2024-01-17	-0.03408556652562284	0.0	0.0	-0.03620122237893745	-0.03408556652562284	25281362
2024-01-16	0.0033018867924528438	-0.003773584905660297	0.01179245283018868	-0.010377358490565985	0.0033018867924528438	24851168
2024-01-15	-0.02483900643974237	-0.010119595216191301	-0.0004599816007358791	-0.027138914443422257	-0.02483900643974237	26073654
2024-01-12	-0.023360287511231047	-0.007637017070979411	0.0013477088948785976	-0.026504941599281212	-0.023360287511231047	41911418
2024-01-11	0.038488453463960945	-0.008630744110100244	0.0641474224399347	-0.012829484487986872	0.038488453463960945	62330173
2024-01-10	-0.009473197781885483	-0.0018484288354897942	0.025415896487985246	-0.020794824399260597	-0.009473197781885483	47125658
2024-01-09	0.014295758143894994	0.0	0.019451605343332512	-0.028591516287789987	0.014295758143894994	42730259
2024-01-08	0.016436398284897687	-0.00786088613625532	0.042877560743211154	-0.010004764173415785	0.016436398284897687	47811283
2024-01-05	0.030943025540275	0.01964636542239696	0.0722003929273084	-0.009086444007858484	0.030943025540275	50263129
2024-01-04	-0.024904214559386954	-0.004789272030651239	-0.0033524904214559527	-0.029214559386973156	-0.024904214559386954	16087804
2024-01-03	0.0021598272138228054	-0.0035997120230381228	0.012479001679865515	-0.005519558435325269	0.0021598272138228054	15489848
2024-01-02	-0.0264018691588784	-0.004672897196261583	-0.0025700934579439122	-0.0264018691588784	-0.0264018691588784	21264101
2023-12-29	0.010148690110927536	-0.00023601604909129128	0.02383762095822528	-0.006844465423648788	0.010148690110927536	37309473
2023-12-28	0.08141909137314951	-0.005104645227156785	0.09137314956610511	-0.00535987748851457	0.08141909137314951	64439468
2023-12-27	-0.01804511278195486	-0.0040100250626565566	-0.0012531328320801293	-0.02731829573934828	-0.01804511278195486	16366119
2023-12-26	-0.0005010020040080944	0.011523046092184389	0.01653306613226444	-0.011022044088176473	-0.0005010020040080944	15249303
2023-12-25	0.001254075746175176	0.00300978179082028	0.00953097567093059	-0.012289942312515548	0.001254075746175176	16387502
2023-12-22	0.020737327188939968	-0.0015360983102919168	0.046850998463901644	-0.0217613927291347	0.020737327188939968	35926161
2023-12-21	0.011917098445595877	-0.010362694300518097	0.026165803108808238	-0.012176165803108778	0.011917098445595877	20357684
2023-12-20	-0.013544594939943805	0.00638895987733197	0.007155635062611654	-0.013544594939943805	-0.013544594939943805	12500799
2023-12-19	0.0007672634271100035	-0.0023017902813300102	0.01739130434782608	-0.009974424552429681	0.0007672634271100035	16373444
2023-12-18	-0.02420763663588717	-0.010980783628649807	0.014724232592962223	-0.027451959071624694	-0.02420763663588717	19203411
2023-12-15	0.015201418799087952	0.009627565239422412	0.04788446921712695	0.009374208259437663	0.015201418799087952	33977601
2023-12-14	-0.0075433744028163	0.01659542368619554	0.02338446064873019	-0.008297711843097948	-0.0075433744028163	17211419
2023-12-13	-0.02452783909737552	0.0002452783909737064	0.0002452783909737064	-0.0267353446161394	-0.02452783909737552	18352239
2023-12-12	-0.016879672052085744	-0.013744875813841338	0.007716421509524965	-0.019291053773812326	-0.016879672052085744	16721646
2023-12-11	-0.016132858837485164	-0.003084223013048528	-0.003084223013048528	-0.03938315539739019	-0.016132858837485164	27685492
2023-12-08	-0.002838892831795707	0.011355571327182325	0.016323633782824643	-0.010882422521883152	-0.002838892831795707	26286911
2023-12-07	-0.0014174344436568669	-0.007795889440113355	0.01015828017954169	-0.022915190172454497	-0.0014174344436568669	40176943
2023-12-06	0.06759142496847415	-0.006305170239596469	0.09155107187894079	-0.008827238335435092	0.06759142496847415	80192023
2023-12-05	0.018494734138196734	-0.008219881839198568	0.048034934497816525	-0.013357307988697742	0.018494734138196734	44891646
2023-12-04	0.0038679731820525677	-0.008767405879319325	0.01572975760701391	-0.012119649303764798	0.0038679731820525677	21813114
2023-12-01	-0.005641025641025612	-0.01025641025641022	0.003333333333333399	-0.031282051282051256	-0.005641025641025612	29102181
2023-11-30	-0.012408204608761762	-0.0050645733096987295	-0.002785515320334247	-0.025069637883008405	-0.012408204608761762	22037201
2023-11-29	-0.019612711022840096	-0.0024826216484608097	0.002979145978152866	-0.02110228401191662	-0.019612711022840096	18684757
2023-11-28	-0.002970297029702907	-0.009900990099009866	0.0002475247524751983	-0.019801980198019733	-0.002970297029702907	20041104
2023-11-27	-0.0344168260038242	-0.007887189292543149	-0.005497131931166442	-0.0344168260038242	-0.0344168260038242	25264258
2023-11-24	-0.011575714623198556	0.0	0.0	-0.012520670918970024	-0.011575714623198556	13343560
2023-11-23	-0.0011798017932988264	-0.004247286455875406	-0.0009438414346389605	-0.021944313355356293	-0.0011798017932988264	21061660
2023-11-22	-0.025074764205198902	-0.006901311249137271	-0.005521048999309915	-0.025304807913503598	-0.025074764205198902	28647689
2023-11-21	-0.012045454545454571	0.004772727272727292	0.009545454545454584	-0.013409090909090987	-0.012045454545454571	22589422
2023-11-20	-0.0011350737797956223	0.004767309875141904	0.007264472190692402	-0.01430192962542555	-0.0011350737797956223	18941401
2023-11-17	-0.00496950530833535	-0.008357804382200238	-0.0013553196295460193	-0.00993901061667054	-0.00496950530833535	18899137
2023-11-16	-0.019273371732388068	-0.003101462117855573	0.0008861320336729984	-0.019494904740806437	-0.019273371732388068	26902466
2023-11-15	0.033424908424908445	0.01877289377289378	0.04624542124542132	0.01831501831501825	0.033424908424908445	55680833
2023-11-14	-0.01176470588235301	-0.00113122171945711	0.005203619909502191	-0.018099547511312312	-0.01176470588235301	23408442
2023-11-13	-0.013613032805177403	-0.00022316447221613737	0.006471769694264654	-0.017629993305065813	-0.013613032805177403	23576473
2023-11-10	0.004708520179372217	0.0004484304932734534	0.017040358744394572	-0.0076233183856503	0.004708520179372217	34426798
2023-11-09	0.008137432188065086	-0.005198915009041681	0.01876130198915005	-0.005198915009041681	0.008137432188065086	29137458
2023-11-08	-0.004724409448818917	-0.0035995500562430527	0.009673790776152973	-0.013498312710911167	-0.004724409448818917	24875100
2023-11-07	-0.010903426791277145	-0.00712060525144638	-0.006453048509123257	-0.028704939919893174	-0.010903426791277145	23514769
2023-11-06	0.04366000928936357	0.0013934045517880903	0.0485369252206223	0.0013934045517880903	0.04366000928936357	46310866
2023-11-03	0.010086793338024858	0.0028149190710766462	0.014778325123152601	0.0016420361247947522	0.010086793338024858	16388346
2023-11-02	-0.01547344110854491	-0.0034642032332563182	0.003926096997690571	-0.01639722863741325	-0.01547344110854491	17831918
2023-11-01	-0.022131887985546612	-0.010162601626016324	-0.010162601626016324	-0.028906955736224055	-0.022131887985546612	22081257
2023-10-31	-0.03170785042641583	-0.04657773890225225	-0.03170785042641583	-0.05969822873387267	-0.03170785042641583	52300968
2023-10-30	0.0037313432835819707	-0.010096575943810379	0.008779631255487239	-0.011633011413520657	0.0037313432835819707	26292825
2023-10-27	0.045433685176686646	-0.008719596145020547	0.0518586507572282	-0.017898118402937153	0.045433685176686646	47377142
2023-10-26	-0.007063112326270273	-0.014581909318751437	-0.0034176349965823324	-0.032581453634085204	-0.007063112326270273	27495811
2023-10-25	-0.018120805369127566	0.004474272930648674	0.008948545861297506	-0.021252796420581716	-0.018120805369127566	28355072
2023-10-24	0.02382043060009176	0.0016032982134677116	0.04809894640403119	0.0016032982134677116	0.02382043060009176	34045938
2023-10-23	-0.03853776701167144	-0.0011010790574762642	-0.0011010790574762642	-0.05109006826690142	-0.03853776701167144	29821412
2023-10-20	0.061229259172703845	-0.009114279037158227	0.08903949520916107	-0.013554568824491664	0.061229259172703845	57175779
2023-10-19	-0.030804077010192513	-0.011325028312570783	-0.002038505096262657	-0.03171007927519816	-0.030804077010192513	24005519
2023-10-18	-0.02667548500881836	0.0	0.0	-0.02667548500881836	-0.02667548500881836	19461370
2023-10-17	0.002874198540791567	0.0042007517134646215	0.016139730267521645	-0.0048640282998009925	0.002874198540791567	21838036
2023-10-16	-0.04275132275132282	0.00021164021164016953	0.006984126984126948	-0.047619047619047616	-0.04275132275132282	30769486
2023-10-13	-0.01970954356846479	-0.00829875518672211	-0.0010373443983403374	-0.028630705394190922	-0.01970954356846479	32270824
2023-10-12	0.08460846084608473	0.005850585058505966	0.08955895589558965	0.005850585058505966	0.08460846084608473	63927547
2023-10-11	-0.0042572260811114685	0.006721935917544188	0.00985883934573152	-0.006946000448129112	-0.0042572260811114685	18394617
2023-10-10	0.01316685584563009	0.0034052213393871893	0.03972758229284904	-0.004086265607264466	0.01316685584563009	27888167
2023-10-09	-0.012331838565022516	-0.019955156950672657	-0.004932735426008943	-0.034304932735426036	-0.012331838565022516	18147940
2023-09-28	-0.0004482294935005832	0.00022411474675045084	0.022187359928283325	-0.007171671896010764	-0.0004482294935005832	21713433
2023-09-27	0.017095965352176886	-0.005242762708000841	0.03692728516070218	-0.006382493731479235	0.017095965352176886	22541980
2023-09-26	-0.022504456327985853	0.0037878787878786674	0.004679144385026757	-0.02384135472370767	-0.022504456327985853	17923352
2023-09-25	-0.015789473684210503	-0.006578947368421146	-0.005043859649122894	-0.022149122807017498	-0.015789473684210503	16397482
2023-09-22	0.015590200445434362	0.005567928730512249	0.019599109131403177	-0.006681514476614636	0.015590200445434362	19008562
2023-09-21	-0.009922822491731044	-0.005953693495038657	0.0030871003307607623	-0.015214994487320945	-0.009922822491731044	13262087
2023-09-20	-0.015200868621063969	-0.003691639522258298	-0.0032573289902279824	-0.02062975027144399	-0.015200868621063969	11429670
2023-09-19	-0.022707979626485575	-0.0025466893039048696	-0.0025466893039048696	-0.02992359932088278	-0.022707979626485575	16278380
2023-09-18	0.03560439560439555	0.00021978021978017606	0.056923076923077	-0.006153846153846179	0.03560439560439555	28283176
2023-09-15	-0.016216216216216217	0.004972972972972905	0.007351351351351425	-0.016216216216216217	-0.016216216216216217	15212959
2023-09-14	-0.01721206969825759	-0.0012749681257969033	0.0067998300042499	-0.018274543136421576	-0.01721206969825759	11260906
2023-09-13	-0.01568709475005229	-0.005229031583350763	0.006483999163354845	-0.020497803806735077	-0.01568709475005229	11905368
2023-09-12	0.019402985074626945	0.003837953091684429	0.050319829424307023	0.0023454157782515873	0.019402985074626945	25455732
2023-09-11	0.0053590568060021436	-0.007502679528403031	0.018435155412647362	-0.01822079314040732	0.0053590568060021436	16089657
2023-09-08	-0.020986358866736624	-0.00692549842602305	-0.00020986358866732446	-0.02392444910807976	-0.020986358866736624	10747623
2023-09-07	-0.02556237218813906	-0.0024539877300612974	0.0010224948875256496	-0.02617586912065442	-0.02556237218813906	15178422
2023-09-06	-0.007912355447352417	-0.0048691418137553665	-0.0030432136335970497	-0.017041996348143566	-0.007912355447352417	11495123
2023-09-05	0.005097879282218597	-0.004282218597063639	0.008156606851549727	-0.007952691680261022	0.005097879282218597	17242447
2023-09-04	0.03263845020004205	0.006317119393556478	0.045483259633607	0.0021057064645188758	0.03263845020004205	26399213
2023-09-01	0.0016874077198904326	-0.00021092596498624785	0.008226112634465316	-0.006327778949588635	0.0016874077198904326	9900539
2023-08-31	-0.0180198840099421	-0.0084921292460647	-0.005385252692626305	-0.031068765534382765	-0.0180198840099421	16732909
2023-08-30	0.004995836802664488	0.011656952539550422	0.02164862614487925	-0.0008326394671107233	0.004995836802664488	15985718
2023-08-29	0.022345179825494724	-0.0019153011278996257	0.0268142157905937	-0.012555862949563809	0.022345179825494724	17553999
2023-08-28	0.0012784998934583906	0.0652034945663755	0.0652034945663755	-0.00255699978691663	0.0012784998934583906	19690262
2023-08-25	-0.020455019828845688	-0.006470465456063352	-0.005635566687539053	-0.025673137132122666	-0.020455019828845688	12618397
2023-08-24	0.008419280151547014	0.014312776257629967	0.023573984424331815	0.003578194064407529	0.008419280151547014	12980599
2023-08-23	-0.03513403736799358	0.0	0.00020308692120223415	-0.03533712428919582	-0.03513403736799358	15678618
2023-08-22	0.003259983700081575	0.013243683781581063	0.016911165444172746	-0.015892420537897335	0.003259983700081575	16338986
2023-08-21	-0.018400000000000034	-0.0029999999999999714	0.005400000000000063	-0.018400000000000034	-0.018400000000000034	14107262
2023-08-18	-0.030067895247332634	0.0	0.003297769156159102	-0.030067895247332634	-0.030067895247332634	17188111
2023-08-17	-0.002129307007355777	-0.007355787843592634	0.0021293070073559145	-0.01897018970189696	-0.002129307007355777	13699382
2023-08-16	-0.020663507109004803	-0.0001895734597156021	0.0077725118483411675	-0.020663507109004803	-0.020663507109004803	15802719
2023-08-15	-0.01604178324939376	0.0	0.003357582540570784	-0.02257041596717032	-0.01604178324939376	13594311
2023-08-14	-0.04438502673796795	-0.009803921568627527	-0.00392156862745096	-0.048484848484848464	-0.04438502673796795	25188684
2023-08-11	-0.023668639053254427	0.0	0.0015663069961711852	-0.023668639053254427	-0.023668639053254427	10055775
2023-08-10	0.005424321959755071	0.002624671916010474	0.015048118985126849	-0.004724409448818828	0.005424321959755071	9895776
2023-08-09	-0.009532062391681183	-0.0008665511265165384	0.0	-0.01005199306759108	-0.009532062391681183	7523789
2023-08-08	-0.0067137200895162775	-0.004992253399896819	0.001721466689619458	-0.011705973489413097	-0.0067137200895162775	7651477
2023-08-07	-0.0030890681311137756	-0.0046336021966707245	0.0005148446885188609	-0.011326583147417258	-0.0030890681311137756	7219595
2023-08-04	-0.0022260273972601963	0.003424657534246624	0.013527397260273959	-0.0027397260273972017	-0.0022260273972601963	13295821
2023-08-03	-0.003242874210616228	-0.006144393241167546	0.009557945041815926	-0.007339136371394552	-0.003242874210616228	8993634
2023-08-02	-0.011806375442739008	-0.0015179625569235336	-0.0011806375442739126	-0.014336313037611762	-0.011806375442739008	9547132
2023-08-01	-0.009025572455289975	-0.002172822998495662	0.0031756643824169288	-0.01387263914424199	-0.009025572455289975	9540078
2023-07-31	0.012866091078381547	0.005755882850854856	0.025055019468427236	0.002031488065007575	0.012866091078381547	20408209
2023-07-28	0.01897533206831122	-0.00534759358288774	0.02432292565119896	-0.01017767810936685	0.01897533206831122	15447927
2023-07-27	-0.010413110276544886	-0.0010242403550699073	0.005633321952884914	-0.011095937179924865	-0.010413110276544886	8956630
2023-07-26	0.007914659325533395	0.0030970406056434916	0.02460426703372333	0.0005161734342739356	0.007914659325533395	17335247
2023-07-25	0.047962495492246605	0.015146051208077826	0.049765596826541615	0.012802019473494426	0.047962495492246605	27197486
2023-07-24	-0.05099247091033533	-0.0075290896646132395	-0.0075290896646132395	-0.052190280629705633	-0.05099247091033533	27713135
2023-07-21	-0.02486233939596199	-0.007175037543801097	-0.007175037543801097	-0.032871683630902704	-0.02486233939596199	16245133
2023-07-20	0.0026769282248619137	0.002175004182700275	0.02007696168646471	0.0015057721264847967	0.0026769282248619137	11263144
2023-07-19	-0.005490848585690487	-0.0028286189683860517	0.004991680532445876	-0.008985024958402648	-0.005490848585690487	6066208
2023-07-18	-0.007595772787318376	0.0	0.0036327608982826757	-0.01832892998678995	-0.007595772787318376	11866435
2023-07-17	-0.010134030728996362	-0.0013076168682575726	-0.0013076168682575726	-0.012422360248447173	-0.010134030728996362	7261689
2023-07-14	0.000327011118378076	-0.0001635055591889799	0.003597122302158371	-0.008338783518639602	0.000327011118378076	14276039
2023-07-13	0.0045992115637318335	0.006570302233902736	0.017575558475689885	-0.002299605781865975	0.0045992115637318335	12210938
2023-07-12	-0.021536483445837293	-0.01462552234008352	-0.007553841208614576	-0.022018643522982922	-0.021536483445837293	9608849
2023-07-11	0.0009652509652510019	-0.005308880308880282	0.0037001287001287644	-0.013030888030887955	0.0009652509652510019	9776765
2023-07-10	0.02068965517241376	0.009688013136289055	0.03119868637110014	0.00525451559934319	0.02068965517241376	13985124
2023-07-07	0.0	-0.0021346469622330944	0.004269293924466306	-0.006239737274219958	0.0	6413553
2023-07-06	-0.01758348120664629	-0.0027423778028714584	-0.0014518470721084596	-0.019680593644136133	-0.01758348120664629	10651187
2023-07-05	0.0019395506707613472	0.0006465168902537442	0.00533376434459359	-0.005980281234847219	0.0019395506707613472	10590380
2023-07-04	0.007818863007004347	0.009122006841505168	0.014334582179508105	-0.00407232448281479	0.007818863007004347	11585548
2023-07-03	0.007053805774278211	0.0009842519685039743	0.01853674540682419	0.0006561679790026107	0.007053805774278211	12958393
2023-06-30	0.02042182792099094	0.0006695681285570664	0.03197187813860054	0.0006695681285570664	0.02042182792099094	16582913
2023-06-29	-0.015815485996705122	-0.0006589785831961491	-0.0006589785831961491	-0.015815485996705122	-0.015815485996705122	15447928
2023-06-28	-0.011722565939433391	-0.0001628134158255473	0.0004884402474764106	-0.018235102572452044	-0.011722565939433391	10504103
2023-06-27	0.0039228506047728345	0.003595946387708383	0.011768551814318386	-0.012749264465511624	0.0039228506047728345	12762345
2023-06-26	-0.015765765765765716	-0.007239382239382171	0.005308880308880396	-0.022844272844272758	-0.015765765765765716	12685884
2023-06-21	-0.018474656560871654	-0.004263382283278005	0.008842570661613805	-0.020527396178746205	-0.018474656560871654	12547369
2023-06-20	-0.009695074276778804	-0.0034401876465989987	0.007818608287724784	-0.010476935105551238	-0.009695074276778804	12356094
2023-06-19	-0.02082376358903689	-0.007196447710917146	-0.00030623181748577587	-0.0238860817638953	-0.02082376358903689	15698788
2023-06-16	0.004769230769230804	0.002461538461538409	0.009230769230769143	-0.005230769230769284	0.004769230769230804	17643851
2023-06-15	0.034043907095132046	0.002227171492204909	0.03833916640152715	-0.013681196309258662	0.034043907095132046	26922411
2023-06-14	-0.005537098560354396	0.007751937984496155	0.011865211200759373	-0.005537098560354396	-0.005537098560354396	13488089
2023-06-13	0.0019020446980503635	0.006340148993501324	0.014265335235378008	-0.0030115707719132164	0.0019020446980503635	9923853
2023-06-12	-0.012830542951024773	-0.0035988108277264417	-0.0018776404318572595	-0.02049757471444211	-0.012830542951024773	11808207
2023-06-09	0.011234177215189774	-0.0009493670886076309	0.023892405063290996	-0.0018987341772152618	0.011234177215189774	17185977
2023-06-08	0.014446227929374089	0.0	0.02680577849117178	0.0	0.014446227929374089	13977796
2023-06-07	-0.014396456256921432	0.003955070400253125	0.01408005062490102	-0.018351526657174554	-0.014396456256921432	11667239
2023-06-06	-0.02242499226724398	-0.002319826786266494	-0.0010825858335909864	-0.024126198577172832	-0.02242499226724398	12668114
2023-06-05	0.007165109034267815	0.0015576323987538056	0.00903426791277256	-0.013707165109034308	0.007165109034267815	19874118
2023-06-02	0.03381642512077297	0.007890499194847052	0.03993558776167467	0.007729468599033766	0.03381642512077297	26832884
2023-06-01	0.0016129032258064746	-0.0050000000000000365	0.022258064516129075	-0.009999999999999959	0.0016129032258064746	18155459
2023-05-31	-0.0014495087775809857	-0.002415847962634976	-0.00032211306168470163	-0.02448059268803355	-0.0014495087775809857	14587342
2023-05-30	0.011897001303781029	0.0	0.012059973924380737	-0.018415906127770578	0.011897001303781029	19195748
2023-05-29	-0.003086921202274537	0.019983753046303884	0.023558082859463897	-0.012185215272136476	-0.003086921202274537	18103921
2023-05-26	-0.026107594936708948	-0.0034810126582279425	-0.0033227848101265956	-0.03955696202531645	-0.026107594936708948	21786062
2023-05-25	-0.014194353454999167	-0.006395258150054541	-0.0035875838402744794	-0.023241304008735017	-0.014194353454999167	17377131
2023-05-24	-0.022713414634146264	0.0	0.004420731707317169	-0.022713414634146264	-0.022713414634146264	18783646
2023-05-23	-0.019285393930333475	0.0	0.008371953954253285	-0.019285393930333475	-0.019285393930333475	15468048
2023-05-22	-0.0017907774958962027	-0.005073869571705766	0.002835397701835513	-0.012684673929264416	-0.0017907774958962027	11356800
2023-05-19	-0.013688548719458238	-0.0022078304386221885	-0.0022078304386221885	-0.018692964380335533	-0.013688548719458238	14465337
2023-05-18	-0.000882352941176504	0.000294117647058765	0.003235294117647042	-0.01455882352941169	-0.000882352941176504	15396649
2023-05-17	-0.015634047481181215	-0.004053271569195153	0.0030399536768964674	-0.02127967573827445	-0.015634047481181215	18529266
2023-05-16	-0.015954415954416018	0.00014245014245001288	0.0007122507122506717	-0.021652421652421594	-0.015954415954416018	26696225
2023-05-15	0.08668730650154813	0.015479876160990714	0.0913312693498453	0.014860681114551208	0.08668730650154813	59713316
2023-05-12	-0.01763990267639919	0.013686131386861183	0.026307785888077702	-0.01992092457420928	-0.01763990267639919	17514692
2023-05-11	0.015128125964804014	-0.0007718431614695454	0.022229083050324137	-0.008181537511577665	0.015128125964804014	20029094
2023-05-10	0.03038014951487202	-0.00015905837442338177	0.046445045331636854	-0.0034992842373150765	0.03038014951487202	23762986
2023-05-09	-0.01765625000000004	0.0034374999999999822	0.013281249999999911	-0.018437499999999996	-0.01765625000000004	15873267
2023-05-08	0.001094947598936341	0.011262318160488127	0.01673705615516972	-0.011888002502737338	0.001094947598936341	14586727
2023-05-05	-0.012359029816159496	-0.006334002780781875	0.0	-0.02672640197744483	-0.012359029816159496	13962718
2023-05-04	-0.004000615479304369	0.013386674873057464	0.027850438529004498	-0.009693799046007008	-0.004000615479304369	21733748
2023-04-28	-0.010505481120584834	-0.010353227771011065	0.01522533495736906	-0.024665042630937946	-0.010505481120584834	23854144
2023-04-27	0.02849984340745392	0.0	0.03178828687754465	-0.004854368932038871	0.02849984340745392	29712436
2023-04-26	0.028838408248751397	-0.007249879168680568	0.056871274367649334	-0.049460286772998234	0.028838408248751397	35349981
2023-04-25	-0.08491817779743474	-0.00044228217602832284	0.003980539584254696	-0.09921863482234995	-0.08491817779743474	52266624
2023-04-24	0.01602756141402027	0.0	0.042091072498501914	-0.022917914919113255	0.01602756141402027	28800621
2023-04-21	-0.019532971067704484	-0.0027904244382434677	0.01688941107357896	-0.021148479953003344	-0.019532971067704484	20076318
2023-04-20	-0.02561534058385793	-0.005437893531768682	-0.004006868918145409	-0.03334287349742413	-0.02561534058385793	23305247
2023-04-19	-0.003280559121380744	0.00584795321637422	0.012551704464413	-0.01297960348024528	-0.003280559121380744	23075318
2023-04-18	0.01183431952662712	0.0010102467888583226	0.03449271179102324	0.0010102467888583226	0.01183431952662712	35733689
2023-04-17	0.0044940562481879135	0.0	0.018846042331110424	-0.005508843142940123	0.0044940562481879135	27927570
2023-04-14	0.05813775118883274	0.004141739530602792	0.08636293910108905	0.004141739530602792	0.05813775118883274	60384493
2023-04-13	-0.01137397634212921	-0.005914467697907197	0.0077343039126479395	-0.01971489232635725	-0.01137397634212921	14031448
2023-04-12	-0.014938751120406334	-0.0011951000896324813	-0.0011951000896324813	-0.02001792650134454	-0.014938751120406334	15827973
2023-04-11	0.0262149317798558	-0.0035259849762379883	0.026521539169093816	-0.014870458378046892	0.0262149317798558	30373607
2023-04-10	0.01620190060757137	0.004829412681103011	0.01838292568935982	-0.0014020875525783364	0.01620190060757137	19703427
2023-04-07	-0.0010893246187364983	-0.0006224712107066021	0.005913476501711724	-0.004668534080298852	-0.0010893246187364983	14979827
2023-04-06	-0.023997569866342622	-0.005315917375455779	-0.005315917375455779	-0.030832320777642787	-0.023997569866342622	25289310
2023-04-04	-0.036581796897863623	-0.008486976880304335	-0.005999414691249584	-0.04126426690079027	-0.036581796897863623	33599225
2023-04-03	0.028132992327365797	-0.006318639987964521	0.04107115992176928	-0.016097487588385636	0.028132992327365797	35438208
2023-03-31	-0.004940119760479016	0.002844311377245475	0.01616766467065866	-0.008982035928143627	-0.004940119760479016	19822785
2023-03-30	-0.004767580452920253	-0.0017878426698451212	-0.0016388557806912905	-0.02294398092967828	-0.004767580452920253	20481480
2023-03-29	0.013132075471698182	0.00045283018867926247	0.027924528301886707	0.00045283018867926247	0.013132075471698182	23226989
2023-03-28	-0.021995866548567982	0.0	0.0031000885739593735	-0.023767345733687623	-0.021995866548567982	16103222
2023-03-27	0.0029612081729343885	-0.0026650873556412023	0.007847201658276383	-0.015398282499259789	0.0029612081729343885	14772864
2023-03-24	-0.00734861845972957	-0.0030864197530865362	0.009553203997648316	-0.009994121105232316	-0.00734861845972957	16367805
2023-03-23	0.00014699397324717206	-0.01073056004703813	0.0032338674114361144	-0.01249448772600315	0.00014699397324717206	13055180
2023-03-22	-0.0046817849305046556	0.007754206291148517	0.01463057790782736	-0.012435991221653174	-0.0046817849305046556	19594216
2023-03-21	0.0201492537313432	0.0	0.022238805970149177	-0.005671641791044708	0.0201492537313432	20403738
2023-03-20	0.017000607164541662	-0.002276867030965262	0.025045537340619397	-0.016241651487553025	0.017000607164541662	22386899
2023-03-17	0.013538461538461468	0.011692307692307771	0.035076923076923096	0.007692307692307693	0.013538461538461468	21793704
2023-03-16	-0.03100775193798447	-0.015354800238521185	-0.002385211687537218	-0.036076326774001216	-0.03100775193798447	20446013
2023-03-15	-0.007839077059606583	0.0007395355716609548	0.014051175861558983	-0.007839077059606583	-0.007839077059606583	14644862
2023-03-14	0.0046062407132244024	-0.0023774145616641397	0.00950965824665677	-0.02317979197622589	0.0046062407132244024	26056728
2023-03-13	-0.026331018518518625	-0.006076388888888913	-0.0028935185185185596	-0.0351562500000001	-0.026331018518518625	23005714
2023-03-10	-0.02207130730050937	-0.015280135823429717	-0.009620826259196474	-0.025891341256366898	-0.02207130730050937	15956642
2023-03-09	0.005405405405405543	0.0	0.0193456614509246	-0.0039829302987197885	0.005405405405405543	13173499
2023-03-08	0.0002845759817870805	-0.0017074558907228877	0.0025611838360841293	-0.010102447353443482	0.0002845759817870805	10495569
2023-03-07	-0.017200391553628916	-0.0027968116347364402	0.0009788840721576446	-0.017759753880576285	-0.017200391553628916	11746988
2023-03-06	0.008177075990413058	0.0	0.011701677710418697	-0.01395742281122246	0.008177075990413058	19008466
2023-03-03	-0.008110753740735537	-0.008530275485946013	0.0026569710529995485	-0.012725492938050772	-0.008110753740735537	15981414
2023-03-02	-0.010242214532871902	0.0001384083044983407	0.0013840830449826202	-0.010380622837370242	-0.010242214532871902	13206552
2023-03-01	-0.002071823204419968	-0.004005524861878539	0.0019337016574585712	-0.012430939226519415	-0.002071823204419968	15907652
2023-02-28	-0.007267242561360223	-0.0013711778417661938	-0.0005484711367065165	-0.019470725353078314	-0.007267242561360223	16961491
2023-02-27	-0.0009589041095889476	0.004109589041095852	0.01657534246575334	-0.004246575342465785	-0.0009589041095889476	15098024
2023-02-24	-0.0034129692832764505	0.0032764505119453227	0.014880546075085372	-0.00805460750853247	-0.0034129692832764505	15427510
2023-02-23	0.006043125944238397	-0.0028842192006593593	0.009064688916357595	-0.00412031314379889	0.006043125944238397	12126416
2023-02-22	-0.01474966170500681	-0.010284167794316713	-0.0027063599458728394	-0.01677943166441149	-0.01474966170500681	15250475
2023-02-21	0.006126616746085811	-0.006398910823689569	0.01415929203539812	-0.015929203539823033	0.006126616746085811	21948005
2023-02-20	-0.007298283551831221	-0.02878767401000129	-0.006892823354507243	-0.0464927692931477	-0.007298283551831221	28535579
2023-02-17	-0.015435795076513782	0.00039920159680640233	0.005056553559547511	-0.01689953426480386	-0.015435795076513782	18113344
2023-02-16	-0.019953051643192502	-0.00013041210224315486	0.011737089201877823	-0.030646844027125825	-0.019953051643192502	24755044
2023-02-15	-0.013888888888888866	0.0029578189300410204	0.00848765432098761	-0.015689300411522618	-0.013888888888888866	20346246
2023-02-14	-0.010938692444670559	0.00012719409819372812	0.004451793436784461	-0.015772068176036748	-0.010938692444670559	21346715
2023-02-13	-0.002790461694571269	-0.008498224251648931	0.004566210045662093	-0.010654490106544944	-0.002790461694571269	17643046
2023-02-10	-0.03406027934329822	-0.0018377848566528507	-0.0018377848566528507	-0.03761333006616034	-0.03406027934329822	33455126
2023-02-09	-0.0028100183262063506	-0.0036652412950518897	-0.0007330482590102391	-0.01832620647525962	-0.0028100183262063506	31104034
2023-02-08	0.060095842507447234	0.012563139489703577	0.08081854682036019	0.010361352156456565	0.060095842507447234	71184527
2023-02-07	0.00038870173620091894	0.000518268981601348	0.007774034724021693	-0.004793988079813481	0.00038870173620091894	12289773
2023-02-06	-0.016815286624203736	-0.010191082802547734	-0.009299363057324891	-0.025350318471337514	-0.016815286624203736	19508849
2023-02-03	-0.013323278029160411	0.0018853695324282486	0.005279034690799418	-0.02589240824534945	-0.013323278029160411	21790885
2023-02-02	-0.01143141153081513	-0.0033548707753480395	-0.001491053677932462	-0.013916500994035842	-0.01143141153081513	19611413
2023-02-01	0.020931117594824376	0.008626157554230709	0.02714702524419638	0.004820499809717055	0.020931117594824376	26552629
2023-01-31	-0.005299684542586772	0.006309148264984227	0.0078233438485805	-0.005425867507886521	-0.005299684542586772	20058363
2023-01-30	0.013427109974424516	0.04974424552429668	0.059846547314577905	0.010230179028132955	0.013427109974424516	45190100
2023-01-20	0.03193454737397732	0.0005278437582474537	0.04249142253892846	-0.005014515703351748	0.03193454737397732	37041336
2023-01-19	-0.0013178703215602837	0.006589351607801793	0.021217712177121765	-0.010542962572482831	-0.0013178703215602837	21409011
2023-01-18	0.014709815458678714	0.002941963091735743	0.044396897566194075	-0.0014709815458678714	0.014709815458678714	26262449
2023-01-17	0.006054083142741865	0.0022870980761469355	0.011435490380734678	-0.0030943091618458765	0.006054083142741865	17184062
2023-01-16	0.010742453086755399	-0.0008158825129181706	0.019853141147674648	-0.010742453086755591	0.010742453086755399	20965595
2023-01-13	0.005606454259537957	0.0035553124572679493	0.01736633392588555	-0.006973882127717639	0.005606454259537957	17698206
2023-01-12	0.014848737163474787	0.010269220094365735	0.03497085761865107	0.010269220094365735	0.014848737163474787	22453342
2023-01-11	-0.017988552739165893	-0.005723630417007382	0.0013627691469066303	-0.017988552739165893	-0.017988552739165893	15983652
2023-01-10	0.015218594355284923	-0.005257332595462029	0.021029330381848312	-0.018400664084117297	0.015218594355284923	30400057
2023-01-09	0.01006148686416991	0.004052543320290554	0.014253773057574007	0.00041922861934042953	0.01006148686416991	22814077
2023-01-06	0.02184777952306156	-0.0015707553905469002	0.03769812937312581	-0.006568613451378095	0.02184777952306156	30364165
2023-01-05	0.02368074842859238	0.008478292647273766	0.04151439847975447	0.0021926618915364083	0.02368074842859238	30443619
2023-01-04	-0.03525595825694543	-0.008602453814694676	-0.005640953321111148	-0.04103793541108443	-0.03525595825694543	25305570
2023-01-03	0.020140986908358385	-0.0030211480362538905	0.02344986332901734	-0.013667098259243313	0.020140986908358385	20970952
2022-12-30	-0.024968438771216173	0.009819048954972487	0.01108149810632616	-0.024968438771216173	-0.024968438771216173	23064418
2022-12-29	-0.011508596783139188	-0.007210205213533142	0.010122018857459647	-0.011647254575707202	-0.011508596783139188	13418433
2022-12-28	-0.020507945131060586	-0.02213771560505223	-0.01412467744126025	-0.04305310335461092	-0.020507945131060586	20928621
2022-12-27	0.0027236824186298325	0.0012256570883833473	0.010894729674519911	-0.009260520223342051	0.0027236824186298325	13314419
2022-12-26	0.01901193449902865	-0.0005550929780739142	0.0226200388565084	-0.003885650846516807	0.01901193449902865	12729167
2022-12-23	-0.0019390581717451602	-0.009695290858725801	0.008033240997229893	-0.016620498614958488	-0.0019390581717451602	13163652
2022-12-22	-0.02904787520172131	0.007261968800430423	0.008606777837547076	-0.03187197417966655	-0.02904787520172131	20114017
2022-12-21	-0.004551539491298573	-0.0022757697456492866	0.0093708165997323	-0.024096385542168634	-0.004551539491298573	14697168
2022-12-20	-0.030625486633791842	0.0	0.0048014534129250525	-0.03399948092395542	-0.030625486633791842	18666687
2022-12-19	0.015283267457180455	-0.005006587615283394	0.04743083003952561	-0.005797101449275519	0.015283267457180455	31270846
2022-12-16	-0.029659933520838573	-0.014574277678343142	-0.00984402965993347	-0.04947583738174386	-0.029659933520838573	30235354
2022-12-15	0.010333247222939771	-0.0052957892017566075	0.016274864376130266	-0.014079049341255534	0.010333247222939771	20364911
2022-12-14	-0.007435897435897414	-0.004358974358974403	0.00641025641025641	-0.012435897435897422	-0.007435897435897414	13349991
2022-12-13	-0.006369426751592357	0.0020382165605095106	0.01643312101910836	-0.0067515923566879125	-0.006369426751592357	14001085
2022-12-12	-0.027381984884153065	-0.0069384215091065305	-0.0069384215091065305	-0.027381984884153065	-0.027381984884153065	20656654
2022-12-09	0.003855721393034677	-0.000621890547263823	0.016169154228855686	-0.009950248756219046	0.003855721393034677	18423671
2022-12-08	-0.012163656468853605	-0.002580169553999186	0.013638039071138953	-0.012777982553139283	-0.012163656468853605	21338748
2022-12-07	0.00867517660180943	-0.006568347998512841	0.027760565125790174	-0.010038418639236614	0.00867517660180943	26627236
2022-12-06	0.013566134907674894	-0.013942971988443655	0.025624921492274917	-0.022610224846124825	0.013566134907674894	24794326
2022-12-05	-0.012282878411910607	0.0026054590570720594	0.009057071960297817	-0.01861042183622829	-0.012282878411910607	22091091
2022-12-02	-0.007022298878896235	-0.0027103609708020063	0.004065541456203009	-0.014167795983737904	-0.007022298878896235	16790436
2022-12-01	0.0020987654320987863	0.030864197530864196	0.03111111111111106	0.001851851851851922	0.0020987654320987863	23836446
2022-11-30	0.037663335895465	-0.002690238278247604	0.05470151165769915	-0.003202664616961312	0.037663335895465	35488291
2022-11-29	0.012845465161541576	0.0	0.02024133904242899	-0.006747113014142936	0.012845465161541576	18744197
2022-11-28	-0.015457332652018497	-0.02772100153295863	-0.014052120592743923	-0.035513541134389384	-0.015457332652018497	19720979
2022-11-25	-0.026731319159517663	-0.008330225040407828	-0.007957229889344778	-0.027228646027601788	-0.026731319159517663	20066892
2022-11-24	-0.00024860161591045397	0.009695463020509647	0.017402113113735133	-0.00807955251709143	-0.00024860161591045397	19562359
2022-11-23	0.0031172069825436406	-0.006234413965087281	0.01134663341645881	-0.012967581047381624	0.0031172069825436406	19566591
2022-11-22	-0.019559902200488928	0.006112469437652812	0.008801955990220035	-0.02347188264058682	-0.019559902200488928	17642271
2022-11-21	0.018806825258438048	-0.003611906837713367	0.02515879935234769	-0.012953045211109805	0.018806825258438048	20182804
2022-11-18	-0.03031400966183564	-0.009420289855072478	-0.00012077294685979355	-0.03031400966183564	-0.03031400966183564	28777723
2022-11-17	-0.0086206896551724	-0.006226053639846696	0.008022030651341017	-0.025622605363984682	-0.0086206896551724	26257765
2022-11-16	-0.026459960368341418	-0.009208532462991097	-0.005944748805222113	-0.0297237440261104	-0.026459960368341418	26234919
2022-11-15	0.012151958470976889	-0.01781500707881082	0.014393581878244441	-0.018876828692779714	0.012151958470976889	29440600
2022-11-14	-0.03681818181818176	0.00022727272727268206	0.009999999999999948	-0.045568181818181876	-0.03681818181818176	40506310
2022-11-11	0.027437244600116685	0.0357267950963221	0.04728546409807352	0.014594279042615293	0.027437244600116685	38376294
2022-11-10	-0.03969054826774293	-0.023321000112120176	-0.014127144298688093	-0.051126807938109683	-0.03969054826774293	36086958
2022-11-09	-0.012620391896379948	0.01616295804273229	0.023248090335436827	-0.013506033432967994	-0.012620391896379948	27761290
2022-11-08	0.0107418596844578	0.0025735705494012505	0.013203535862146051	-0.016784155756965423	0.0107418596844578	30600957
2022-11-07	-0.005452926774983251	0.0091253060316048	0.020142443801468977	-0.01402181170709999	-0.005452926774983251	43954203
2022-11-04	0.06092089728453361	0.009208972845336495	0.07438016528925616	-0.0059031877213695395	0.06092089728453361	63658433
2022-11-03	-0.01648862052949375	-0.01997213190896422	0.004412447747329255	-0.02589410125406414	-0.01648862052949375	33198547
2022-11-02	0.004197761194029844	-0.009911380597015023	0.01154384328358203	-0.014109141791044869	0.004197761194029844	38015653
2022-11-01	0.08529486206023804	0.0002531004808910432	0.08529486206023804	0.0002531004808910432	0.08529486206023804	57622589
2022-10-31	0.03105427974947802	0.004697286012526089	0.05675887265135692	0.001957202505219281	0.03105427974947802	35984612
2022-10-28	-0.047950310559006205	-0.01540372670807447	-0.015031055900621041	-0.05118012422360254	-0.047950310559006205	29586860
2022-10-27	-0.0008688097306688989	0.006702246493732237	0.019858508129576874	-0.002606429192006873	-0.0008688097306688989	27557473
2022-10-26	0.007376844211052628	0.006626656664166055	0.028757189297324293	0.0015003750937733224	0.007376844211052628	36267719
2022-10-25	0.03000643915003217	0.004507405022536951	0.03026400515131995	-0.03580167417900838	0.03000643915003217	32389906
2022-10-24	0.004527813712807355	0.02160413971539459	0.04269081500646827	-0.006727037516170712	0.004527813712807355	30057177
2022-10-21	-0.014659018483110334	0.00446144040790305	0.00446144040790305	-0.02090503505417464	-0.014659018483110334	18365069
2022-10-20	-0.0036830073660146312	-0.009398018796037527	0.009652019304038674	-0.02489204978409949	-0.0036830073660146312	23208444
2022-10-19	-0.005808080808080908	0.00025252525252520227	0.02739898989898992	-0.006439393939394003	-0.005808080808080908	29274360
2022-10-18	0.0	0.017424242424242366	0.022222222222222105	-0.004545454545454538	0.0	27618861
2022-10-17	0.0245795601552394	0.01940491591203105	0.03906856403622246	0.004657179818887444	0.0245795601552394	45245286
2022-10-14	0.052703254800490124	0.016069726269916824	0.06332561623314709	0.010758545553588341	0.052703254800490124	37442002
2022-10-13	-0.028060886829913836	-0.009662475181998729	-0.004500330906684361	-0.03348775645268036	-0.028060886829913836	20747035
2022-10-12	0.01943057617055725	-0.002024018351099793	0.01943057617055725	-0.0304952098232358	0.01943057617055725	23023772
2022-10-11	0.025743944636678194	0.020484429065744	0.03806228373702422	0.004982698961937708	0.025743944636678194	19011796
2022-10-10	-0.034607161945483744	-0.0005344735435596773	0.0014698022447888752	-0.035275253874933195	-0.034607161945483744	16873745
2022-09-30	-0.02501302761855135	-0.005992704533611359	-0.0001302761855133548	-0.025534132360604582	-0.02501302761855135	19326569
2022-09-29	0.02319381498267141	0.01972807251399632	0.043721674220207965	0.015729138896294414	0.02319381498267141	28841261
2022-09-28	-0.04989868287740626	-0.009498480243161096	-0.005699088145896513	-0.0501519756838905	-0.04989868287740626	23862445
2022-09-27	-0.004036326942482434	0.009207870837537891	0.013874873864782976	-0.03670534813319874	-0.004036326942482434	26116926
2022-09-26	-0.012210316471467779	-0.015076002990281683	0.008597059556441536	-0.01868925990530775	-0.012210316471467779	18002939
2022-09-23	-0.022530751431007117	-0.001339666301303123	0.003897211058336468	-0.037632444282060695	-0.022530751431007117	20765063
2022-09-22	-0.011675493500240719	-0.003009147809340395	0.0056571978815599284	-0.018897448242657596	-0.011675493500240719	16543754
2022-09-21	-0.009773539928486381	-0.010011918951132341	0.003814064362336033	-0.014660309892729486	-0.009773539928486381	21382953
2022-09-20	0.033505789603350565	0.0141660507514165	0.056910569105690936	0.007637349100763615	0.033505789603350565	38483674
2022-09-19	0.04036908881199546	0.00012815583749846361	0.05767012687427912	-0.0003844675124952087	0.04036908881199546	31599054
2022-09-16	-0.03761716822890968	-0.015786877158362127	-0.015786877158362127	-0.057227429699062665	-0.03761716822890968	28093461
2022-09-15	-0.028050827139774675	0.009350275713258225	0.034284344281946766	-0.033205466315032316	-0.028050827139774675	36019315
2022-09-14	-0.012547348484848512	-0.01751893939393944	0.0060369318181817105	-0.02154356060606069	-0.012547348484848512	22152629
2022-09-13	0.004996431120628143	0.009754936949797682	0.018082322150844588	-0.006899833452295959	0.004996431120628143	20341849
2022-09-09	0.01779876498365418	0.010291802881704738	0.0228841264075554	0.0007264802034144844	0.01779876498365418	22247135
2022-09-08	-0.01877153380064154	0.0017821076393013124	0.0038018296305096016	-0.019246762504455322	-0.01877153380064154	17479178
2022-09-07	0.007179609907861775	-0.0105300945315304	0.01950460691635766	-0.012444657173626805	0.007179609907861775	23869653
2022-09-06	0.030456226880394562	0.006165228113440197	0.038101109741060464	-0.003329223181257658	0.030456226880394562	30083673
2022-09-05	-0.02124064687424578	-0.011585807385952133	-0.001448225923244081	-0.03246439777938689	-0.02124064687424578	29464578
2022-09-02	-0.014158239143367017	0.00892325996430696	0.011064842355740711	-0.0220107079119571	-0.014158239143367017	22685693
2022-09-01	-0.019253208868144755	0.00011668611435228594	0.0035005834305717287	-0.021236872812135443	-0.019253208868144755	23417527
2022-08-31	-0.053666077738515894	-0.019434628975265072	-0.000883392226148391	-0.06658568904593641	-0.053666077738515894	45675629
2022-08-30	0.008575565207706826	0.007239113487025186	0.016482904555072835	-0.01135983962579363	0.008575565207706826	22647025
2022-08-29	-0.0013346680013345605	-0.011789567345122926	0.006228450672895143	-0.024246468690913053	-0.0013346680013345605	22320459
2022-08-26	0.04497907949790783	0.0022082752208274956	0.07345420734542064	-0.0017433751743375833	0.04497907949790783	52553843
2022-08-25	-0.04304304304304294	0.004337671004337677	0.007674341007674316	-0.06539873206539869	-0.04304304304304294	45495790
2022-08-24	-0.0323934567369781	0.006241928540680137	0.013775290572535527	-0.03465346534653464	-0.0323934567369781	31898697
2022-08-23	-0.00948726148598231	-0.0011725828802899418	0.005969512845112486	-0.0192943183029528	-0.00948726148598231	28870338
2022-08-22	0.05298013245033111	-0.0010102143899427928	0.05601077562015933	-0.016949152542372937	0.05298013245033111	50217602
2022-08-19	-0.015253675251464524	-0.005195092295788646	0.010169116834309735	-0.017795954460041997	-0.015253675251464524	19526766
2022-08-18	-0.007133450395083469	-0.004719051799824482	0.011852502194907794	-0.009547848990342455	-0.007133450395083469	18893987
2022-08-17	-0.013959528189589785	-0.003354615301374335	0.0	-0.02597121523644618	-0.013959528189589785	24052812
2022-08-16	-0.014608658562593352	0.00010663254425256041	0.0050117295798677635	-0.018980592876946055	-0.014608658562593352	24502229
2022-08-15	0.02268266085059976	-0.004143947655398142	0.035768811341330434	-0.004798255179934544	0.02268266085059976	34284715
2022-08-12	0.00229533282325946	-0.004918570335555674	0.032681167340693075	-0.005355776587605147	0.00229533282325946	27130233
2022-08-11	0.01093922651933696	0.005635359116022156	0.011049723756906077	-0.013812154696132596	0.01093922651933696	24969714
2022-08-10	-0.02045675938954433	0.00032471046650071585	0.010390734928022446	-0.029765126095897824	-0.02045675938954433	25929537
2022-08-09	0.013159337646671815	0.008553569470336673	0.0198486676170633	-0.0013159337646672282	0.013159337646671815	27720648
2022-08-08	0.002638812534359482	-0.00604727872457391	0.019241341396371632	-0.01264431006047285	0.002638812534359482	29978393
2022-08-05	0.02122164832697059	-0.0029193801931282856	0.023804176959353295	-0.018975971255333457	0.02122164832697059	34432873
2022-08-04	0.023207720588235246	0.01102941176470581	0.03952205882352938	-0.00034466911764707186	0.023207720588235246	29256019
2022-08-03	-0.011919627653536123	0.01714155976841856	0.029288227948688822	-0.01725508003178579	-0.011919627653536123	31348628
2022-08-02	-0.044577006507592186	-0.01898047722342733	-0.015509761388286407	-0.0511930585683297	-0.044577006507592186	38806904
2022-08-01	0.03467624284592081	0.0010099876557064685	0.03557400965099317	-0.005498821681068285	0.03467624284592081	35271952
2022-07-29	-0.01882845188284512	0.0019819423034574636	0.009249064082801184	-0.01882845188284512	-0.01882845188284512	25226733
2022-07-28	-0.021336206896551767	0.00775862068965516	0.009806034482758585	-0.022844827586206793	-0.021336206896551767	30297715
2022-07-27	-0.01055549632156956	0.00010662117496525114	0.0006397270497919614	-0.02676191491630243	-0.01055549632156956	20917227
2022-07-26	0.02491530980220742	0.00010927767457098573	0.04906567588241716	0.00010927767457098573	0.02491530980220742	39920578
2022-07-25	-0.018133047210300405	-0.0021459227467811462	0.007510729613733936	-0.018240343347639514	-0.018133047210300405	24987173
2022-07-22	0.0021505376344086325	0.010752688172043012	0.013763440860215066	-0.010752688172043012	0.0021505376344086325	29502311
2022-07-21	-0.05526208858187726	-0.00436814303128802	-0.00365704997968305	-0.05546525802519295	-0.05526208858187726	55628556
2022-07-20	0.0024439918533604365	0.009164969450101746	0.028513238289205673	-0.0014256619144602909	0.0024439918533604365	31390566
2022-07-19	-0.020448877805486255	0.00019950124688275332	0.011970074812967609	-0.022144638403990013	-0.020448877805486255	34603670
2022-07-18	0.0022995400919816437	0.006798640271945679	0.01779644071185764	-0.02639472105578885	0.0022995400919816437	38280881
2022-07-15	-0.0038840752913056526	-0.014042426053181921	0.043621153271586596	-0.01742854297380739	-0.0038840752913056526	44384014
2022-07-14	-0.00534918276374449	-0.009410599306587447	0.006736007924715132	-0.032194155522535906	-0.00534918276374449	41180864
2022-07-13	0.0046775477707006255	-0.017914012738853475	0.018013535031847154	-0.03941082802547778	0.0046775477707006255	51110414
2022-07-12	-0.007016503607075736	0.00899298349639289	0.027571894455973973	-0.026583654511315325	-0.007016503607075736	51515133
2022-07-11	-0.06720132743362837	-0.013643067846607706	-0.013643067846607706	-0.08619100294985259	-0.06720132743362837	65377459
2022-07-08	-0.039745065061520715	0.013543418606709757	0.022395326192794558	-0.043993980702841454	-0.039745065061520715	61622639
2022-07-07	-0.009122006841505185	-0.008595737216033716	-0.0018419436891501443	-0.03385667923866327	-0.009122006841505185	53061797
2022-07-06	0.0378698224852072	-0.014292216659080504	0.06381429221665913	-0.02485207100591707	0.0378698224852072	77573695
2022-07-05	-0.004350584609806979	0.00027191153811294424	0.02728179099066442	-0.03661742046587503	-0.004350584609806979	80135754
2022-07-04	-0.29712683952347585	-0.3374530164999681	-0.28808052494107156	-0.3374530164999681	-0.29712683952347585	108288843
2022-07-01	0.055615332885003435	-0.009818426361802149	0.06361802286482857	-0.011432414256892998	0.055615332885003435	40711800
2022-06-30	0.038770520433112	0.007195249738037032	0.04107579462102686	0.005937827453719834	0.038770520433112	24834704
2022-06-29	-0.045666666666666626	-0.003533333333333341	-0.0033333333333333335	-0.046466666666666656	-0.045666666666666626	28492350
2022-06-28	0.005429318318922195	-0.0006032575909913762	0.009451035592197846	-0.01669012668409417	0.005429318318922195	34279462
2022-06-27	0.09288696798769326	0.005054574756428084	0.09999267452933856	0.005054574756428084	0.09288696798769326	55132179
2022-06-24	-0.008281874318924916	7.264802034137962e-05	0.004213585179803734	-0.021431166000726604	-0.008281874318924916	19043243
2022-06-23	0.01511799410029507	0.0014749262536874414	0.016961651917404213	-0.02647492625368734	0.01511799410029507	23297526
2022-06-22	-0.007683863885839819	0.002561287961946537	0.016172703988291313	-0.009293816319063375	-0.007683863885839819	19579003
2022-06-21	-0.03420736447805501	-0.006078168068414825	-0.004947346102198155	-0.047706551699766765	-0.03420736447805501	27830166
2022-06-20	0.009201141226818976	0.002139800285306786	0.024821683309557908	-0.005278174037089734	0.009201141226818976	28787253
2022-06-17	0.06236265817988929	-0.014927635068576183	0.07592634689702213	-0.01568538304160031	0.06236265817988929	38158656
2022-06-16	-0.025692137320044224	-0.004798818752306957	0.006939830195644133	-0.026873385012919797	-0.025692137320044224	22343350
2022-06-15	0.004300437458293053	0.0009638911544449874	0.021947060131979	-0.01660858604582197	0.004300437458293053	29888407
2022-06-14	-0.01554744525547442	-0.01503649635036498	-0.013430656934306595	-0.051094890510948905	-0.01554744525547442	29240419
2022-06-13	0.04198357164587778	-0.01597201095223604	0.05978095527836944	-0.01597201095223604	0.04198357164587778	39808288
2022-06-10	0.025985173624658478	-0.011158798283261856	0.026921576277799363	-0.015606710885680842	0.025985173624658478	25475542
2022-06-09	-0.02018502943650116	-0.007263552259346958	0.009175013380227977	-0.02760149858551866	-0.02018502943650116	22706720
2022-06-08	0.028789428144419073	0.022575316605049984	0.05246597970581308	0.010068433886572808	0.028789428144419073	41023226
2022-06-07	0.002286345001576727	0.0003941974140649413	0.014348785871964627	-0.01001261431725016	0.002286345001576727	27109561
2022-06-06	0.08707576276996912	0.004028111073020217	0.09958861844360647	0.004028111073020217	0.08707576276996912	43182192
2022-06-02	-0.003161042289619738	-0.013156770610849997	0.0021358393848782574	-0.020247757368645796	-0.003161042289619738	22080387
2022-06-01	-0.016386554621848765	-0.00747899159663866	-0.004453781512605052	-0.041932773109243655	-0.016386554621848765	23496403
2022-05-31	-0.0019290447035142494	0.0	0.0019290447035141304	-0.026084039251866135	-0.0019290447035142494	18160263
2022-05-30	-0.0014237855946398802	0.009045226130653252	0.02018425460636513	-0.010887772194304953	-0.0014237855946398802	16714194
2022-05-27	-0.014851485148514828	0.023019801980197954	0.023927392739273856	-0.020627062706270627	-0.014851485148514828	19511277
2022-05-26	0.018572989326834256	0.01672409446171955	0.04445751743844026	-0.007815782838893963	0.018572989326834256	27190151
2022-05-25	-0.005931495405179682	-0.0022556390977443276	0.012364243943191345	-0.025229741019214668	-0.005931495405179682	20295214
2022-05-24	-0.04086538461538457	-0.010416666666666644	0.009535256410256392	-0.04366987179487182	-0.04086538461538457	31640620
2022-05-23	0.02699144173798553	0.00394996708360767	0.04682356813693218	-0.0010697827518103642	0.02699144173798553	31784789
2022-05-20	0.008213722724632829	0.008379656517049739	0.025056002654940644	-0.017340081307558312	0.008213722724632829	26156439
2022-05-19	0.025699940430601614	-0.012935069355799593	0.03531614330695253	-0.022040677389158398	0.025699940430601614	31852114
2022-05-18	0.0025595085743538213	-0.002815459431789082	0.017234024400648498	-0.011261837727156328	0.0025595085743538213	30472163
2022-05-17	0.08981868898186887	0.006043700604370114	0.10004649000464905	0.00371920037192009	0.08981868898186887	44680459
2022-05-16	-0.012033804887010861	0.010380304978871904	0.025904831894176073	-0.01377916590115745	-0.012033804887010861	15743591
2022-05-13	-0.005117894352038039	0.014713946262109298	0.022116614878450024	-0.012794735880095099	-0.005117894352038039	14453442
2022-05-12	-0.01236573697987187	-0.011643650148930465	0.0037006950085747502	-0.02265547432078712	-0.01236573697987187	17475976
2022-05-11	0.03687412260177831	-0.007955077211043465	0.0789892372484793	-0.01497426298549363	0.03687412260177831	35823069
2022-05-10	0.03707657963699887	-0.017761816946520414	0.03707657963699887	-0.022517713287392094	0.03707657963699887	23559520
2022-05-09	-0.010183495052358557	-0.018925929484100285	0.0037467576136036174	-0.01988663656451155	-0.010183495052358557	12757602
2022-05-06	-0.04046828908554573	-0.045907079646017736	-0.01788348082595868	-0.045907079646017736	-0.04046828908554573	18153510
2022-05-05	-0.01978856058552451	-0.015089906930514155	-0.001536098310291874	-0.03767958796421796	-0.01978856058552451	29094466
2022-04-29	0.04553613604156833	9.447331128960904e-05	0.0543221539914974	-0.01615493623051482	0.04553613604156833	38366992
2022-04-28	0.04326828306721862	0.02503449635324272	0.07776463630987582	0.007392075694855116	0.04326828306721862	47077605
2022-04-27	0.09995663486556808	-0.002601908065914949	0.09995663486556808	-0.025368603642671177	0.09995663486556808	34085501
2022-04-26	0.0003253443227415805	0.008675848606441942	0.027871163648194423	-0.008025159960958626	0.0003253443227415805	24078793
2022-04-25	-0.09081049102741084	-0.02317097219483345	-0.014987182015381541	-0.0918950897258924	-0.09081049102741084	30754291
2022-04-22	-0.02518262206843526	-0.013744713571703256	0.0015378700499807437	-0.03296808919646296	-0.02518262206843526	19451267
2022-04-21	-0.04986301369863008	-0.0136986301369863	0.009771689497716833	-0.05342465753424652	-0.04986301369863008	22975284
2022-04-20	-0.040735873850197155	0.011826544021024918	0.015768725361366597	-0.04406482698204118	-0.040735873850197155	16439640
2022-04-19	-0.009802220680083237	0.0	0.008414295628036077	-0.014746703678001412	-0.009802220680083237	11738710
2022-04-18	0.006812227074235818	-0.00454148471615717	0.006986899563318752	-0.053449781659388684	0.006812227074235818	20094843
2022-04-15	-0.023037542662116064	-0.014505119453924938	-0.0051194539249147485	-0.037542662116041	-0.023037542662116064	17924414
2022-04-14	0.006008583690987149	0.01030042918454938	0.03012875536480691	0.002575107296137315	0.006008583690987149	13730988
2022-04-13	0.02139224969314394	-0.009030334911450123	0.04944765912677539	-0.009556373838330733	0.02139224969314394	26245552
2022-04-12	0.018392857142857162	0.002946428571428556	0.020089285714285716	0.000357142857142913	0.018392857142857162	18044610
2022-04-11	-0.09443725743855115	-0.015038809831824172	-0.015038809831824172	-0.09451811125485132	-0.09443725743855115	38992743
2022-04-08	-0.031100665883274568	7.833920877392013e-05	0.004386995691343535	-0.03901292596944774	-0.031100665883274568	22013096
2022-04-07	0.00662408327418976	-0.01427332229319456	0.02562889362037694	-0.024919170412428016	0.00662408327418976	23703745
2022-04-06	-0.013382089784486103	0.015327160974091644	0.015327160974091644	-0.023496459970434886	-0.013382089784486103	19462475
2022-04-01	0.02292081177875046	-0.009152407481098334	0.041623557500994744	-0.009152407481098334	0.02292081177875046	21493377
2022-03-31	-0.030927039950640067	0.00917784976091314	0.014807959278112109	-0.04650624710782046	-0.030927039950640067	25247268
2022-03-30	0.042953667953667986	0.005389317889317903	0.053088803088803045	0.0014478764478765029	0.042953667953667986	24458101
2022-03-29	0.006884263383817885	0.0063983153802543635	0.0223536081639265	-0.01166275208552683	0.006884263383817885	15836058
2022-03-28	-0.038021036229061125	-0.014413712504869454	-0.0030385664199454663	-0.05103233346318658	-0.038021036229061125	18527100
2022-03-25	-0.010408635312259017	0.00223592906707803	0.01919814957594456	-0.020508866615265863	-0.010408635312259017	19960082
2022-03-24	0.0016991041087426543	0.0	0.013283904850169902	-0.02672227371022547	0.0016991041087426543	17555030
2022-03-23	-0.00407660949157758	0.008999307745558157	0.009153142065994907	-0.01930620721482956	-0.00407660949157758	17652637
2022-03-22	0.0002308047391906535	-0.0006154793045082635	0.029389136790275595	-0.011386367133405061	0.0002308047391906535	19533859
2022-03-21	0.023383985512951615	-0.005117707267144364	0.042673805212188026	-0.015038185969608776	0.023383985512951615	25066416
2022-03-18	-0.0058703819661865995	-0.008844708829054552	-0.0004696305572949458	-0.031308703819661866	-0.0058703819661865995	19855989
2022-03-17	-0.011910286156225879	0.01314771848414531	0.02180974477958231	-0.017710750193348848	-0.011910286156225879	33976411
2022-03-16	0.030278884462151486	0.0199203187250996	0.04286852589641431	-0.021115537848605623	0.030278884462151486	37413415
2022-03-15	0.008032128514056224	-0.0008835341365461801	0.043855421686747054	-0.018473895582329293	0.008032128514056224	36112436
2022-03-14	-0.02314633189486075	-0.015300117693213046	0.006590819929383988	-0.029580227540211817	-0.02314633189486075	19482741
2022-03-11	-0.006547665445475011	-0.025645022994777396	-0.0018707615558498768	-0.03850650869124638	-0.006547665445475011	19005887
2022-03-10	0.03143592217398293	0.04984724232191685	0.05322399099533691	0.01302460202604924	0.03143592217398293	28241478
2022-03-09	0.0030645161290322213	0.014999999999999996	0.018306451612903195	-0.048548387096774163	0.0030645161290322213	30129828
2022-03-08	-0.09277143693298219	0.002341235001463222	0.009291776412057227	-0.09423470880889676	-0.09277143693298219	41623702
2022-03-07	-0.03372216330858948	-0.010250972074938062	0.002827854365500217	-0.04149876281371493	-0.03372216330858948	22183942
2022-03-04	-0.015109316251218604	0.007867984960311903	0.015039688065728984	-0.021027712017824884	-0.015109316251218604	20234906
2022-03-03	-0.0213287904599659	0.005724020442930177	0.005792163543441188	-0.02330494037478697	-0.0213287904599659	15486742
2022-03-02	0.005136986301369863	0.0007534246575343401	0.012191780821917816	-0.019794520547945112	0.005136986301369863	19745760
2022-03-01	-0.0357307971732382	0.003896704312793101	0.005812033551284562	-0.05329898949871206	-0.0357307971732382	34238460
2022-02-28	0.011220196353436232	-0.0048754424631001795	0.022440392706872463	-0.011487343885660849	0.011220196353436232	20618212
2022-02-25	0.018640723858765768	0.020477583509082187	0.0347642696782093	0.005646642628750147	0.018640723858765768	20034583
2022-02-24	-0.03219647089807734	-0.014353436923887325	0.005794047932578322	-0.05168554121675003	-0.03219647089807734	30857680
2022-02-23	0.007763253931391331	-0.009289363678588054	0.01665450202375417	-0.011346294207418273	0.007763253931391331	25229324
2022-02-22	0.03474081702711982	0.029866117404737345	0.045794713353930566	0.017027119807758253	0.03474081702711982	35149045
2022-02-21	-0.001781920361866842	0.0017133849633335619	0.012953190322801829	-0.01302172572133511	-0.001781920361866842	19499484
2022-02-18	-0.021723097552799255	-0.013945692256118086	-0.00020113979215555572	-0.02970164264163598	-0.021723097552799255	26947521
2022-02-17	0.06665236358435238	0.013587928198526618	0.08503182435814907	-0.0056497175141244395	0.06665236358435238	47584214
2022-02-16	0.00865613503570668	0.017095866695520483	0.03642790160859851	-0.00028853783452349453	0.00865613503570668	27602353
2022-02-15	0.015604395604395572	0.002197802197802281	0.018315018315018316	-0.02197802197802198	0.015604395604395572	25035373
2022-02-14	0.02623862867453582	-0.006841590857830213	0.04578603112547932	-0.019321855499586447	0.02623862867453582	27046115
2022-02-11	0.014569031273836741	0.0	0.05537757437070953	-0.019679633867276766	0.014569031273836741	34563174
2022-02-10	0.008461538461538418	-0.0017692307692306905	0.011538461538461539	-0.028692307692307722	0.008461538461538418	23530640
2022-02-09	0.02962141612545537	-0.001980041184856645	0.033423095200380046	-0.028512593061935754	0.02962141612545537	23613863
2022-02-08	-0.05698707894540281	-0.009037269400253787	-0.0066472477406825485	-0.08872955411158401	-0.05698707894540281	33166890
2022-02-07	-0.0004479283314669823	0.030235162374020245	0.044270250093318454	-0.008585293019783332	-0.0004479283314669823	24051319
2022-01-28	-0.016519823788546256	0.00814977973568292	0.014684287812041117	-0.027165932452275984	-0.016519823788546256	24599115
2022-01-27	-0.018449120784087652	0.021764197174978454	0.02334966849236098	-0.021187662150475628	-0.018449120784087652	25380091
2022-01-26	0.005434388812404899	0.01369465980726045	0.03296862546192313	-0.005434388812404899	0.005434388812404899	30305114
2022-01-25	0.0232816786535181	0.01542225847112022	0.047304812041224845	0.001705345888633423	0.0232816786535181	57484877
2022-01-24	0.09999184405839659	0.011336758828806791	0.09999184405839659	0.00016311883206912992	0.09999184405839659	48445231
2022-01-21	0.009135802469135798	-0.004444444444444496	0.028395061728395087	-0.018765432098765442	0.009135802469135798	20452867
2022-01-20	-0.012837179070523223	-0.006824829379265546	0.012755931101722517	-0.0168183295417614	-0.012837179070523223	21673102
2022-01-19	-0.04906126863941906	-0.004867495943753345	-0.0017770223286720094	-0.06443637487444953	-0.04906126863941906	28873192
2022-01-18	0.015216879755275017	-0.003921876225586321	0.021727194289748186	-0.013177504117969979	0.015216879755275017	18519959
2022-01-17	-0.008862629246676518	-0.004431314623338204	0.006763585477726849	-0.0230894814584467	-0.008862629246676518	16010767
2022-01-14	0.011480695132499753	-0.01313202799402376	0.017535582291420965	-0.014311551466540909	0.011480695132499753	17393880
2022-01-13	-0.03263350068461894	0.010725696029210379	0.011562452457021009	-0.04305492164917093	-0.03263350068461894	23916271
2022-01-12	0.03389697208022023	0.019189933149823025	0.0420762878489972	0.01297679905623284	0.03389697208022023	27256545
2022-01-11	-0.014799318146598454	-0.00046490004649002225	0.01309468464280178	-0.026266852626685266	-0.014799318146598454	18819048
2022-01-10	0.009543178973717138	0.005162703379224003	0.035982478097621985	-0.002659574468085133	0.009543178973717138	20773801
2022-01-07	-0.03807373965387511	-0.006772009029345415	-7.524454477064956e-05	-0.05447705041384506	-0.03807373965387511	27393778
2022-01-06	0.013034530070889611	-0.016312218919124828	0.02484945498894726	-0.02294382193764762	0.013034530070889611	22064186
2022-01-05	-0.029946761313221024	-0.0018485655131617864	0.002661934338952863	-0.03808044957113284	-0.029946761313221024	21128914
2022-01-04	-0.05327266363318156	0.01645082254112702	0.021981099054952852	-0.06265313265663275	-0.05327266363318156	32996879
2021-12-31	0.03514492753623184	0.014492753623188406	0.03804347826086957	0.0035507246376812254	0.03514492753623184	24434148
2021-12-30	-0.016112933124197853	-0.00784257806929983	0.01447312134607159	-0.019820333666048778	-0.016112933124197853	24437449
2021-12-29	-0.000854822624305489	0.0044165835589115585	0.037754665906824414	-0.000854822624305489	-0.000854822624305489	31793351
2021-12-28	0.055409367716713065	-7.518231711894524e-05	0.060070671378091946	-7.518231711894524e-05	0.055409367716713065	37572397
2021-12-27	0.009870169311365749	0.0	0.03333080252068929	-0.005390630931592194	0.009870169311365749	20963513
2021-12-24	-0.0489566033648639	0.0012275254531012166	0.007220737959419452	-0.06130406527547121	-0.0489566033648639	31899807
2021-12-23	-0.0036690647482013733	0.012302158273381353	0.020071942446043108	-0.01079136690647482	-0.0036690647482013733	15835866
2021-12-22	0.0061527325370973164	0.012667390517553383	0.02251176257690905	0.005646036916395231	0.0061527325370973164	17595871
2021-12-21	0.0027582202221092793	0.0016694490818029307	0.014734702765478704	-0.01647673658996886	0.0027582202221092793	22160425
2021-12-20	-0.0851925630810092	-0.0072377158034528785	-0.0065737051792827406	-0.09302788844621508	-0.0851925630810092	48942103
2021-12-17	-0.013752455795677763	-0.005239030779305717	-0.0014407334643090955	-0.017157825802226433	-0.013752455795677763	14051151
2021-12-16	0.0037467955038453507	0.0020377308880562828	0.0037467955038453507	-0.012357851837244433	0.0037467955038453507	15747796
2021-12-15	-0.026430308460258515	-0.004863688723921611	0.0044157173940867645	-0.03263791117368485	-0.026430308460258515	26539833
2021-12-14	-0.025385143142269202	-0.0074221917295579495	-0.0001871140772157496	-0.031747021767604335	-0.025385143142269202	19323646
2021-12-13	-0.003975896129713527	-0.006025967571597185	0.003416785736472705	-0.012114058520221089	-0.003975896129713527	19535738
2021-12-10	0.02948324379636726	-0.010616525965720292	0.03607060629316952	-0.02148887183422879	0.02948324379636726	37872957
2021-12-09	-0.001468803882751068	-0.009515294718692184	0.008940545373267805	-0.010026183025735954	-0.001468803882751068	17317209
2021-12-08	0.030197368421052653	0.003355263157894677	0.03276315789473677	0.0005263157894737665	0.030197368421052653	24718779
2021-12-07	-0.031230082855321896	0.011790949649458217	0.013065646908859037	-0.04397705544933082	-0.031230082855321896	32402329
2021-12-06	-0.021820448877805484	-0.01496259351620951	-0.005236907730673338	-0.030112219451371647	-0.021820448877805484	20332846
2021-12-03	-0.004468718967229387	-0.0007447864945382606	-0.0007447864945382606	-0.03103277060575968	-0.004468718967229387	21003148
2021-12-02	-0.01473735705986667	0.010395646058827058	0.015104262214884112	-0.021586253286858686	-0.01473735705986667	25580267
2021-12-01	-0.023759775535788848	-0.0016118440690106968	0.010685929198256942	-0.03886335144170492	-0.023759775535788848	31397205
2021-11-30	0.022961832061068648	0.013740458015267175	0.050381679389312976	0.00916030534351145	0.022961832061068648	43272020
2021-11-29	-0.0036507453605110697	-0.031213872832369916	0.019774870702768482	-0.03127471858837838	-0.0036507453605110697	28911215
2021-11-26	0.019288017861572717	0.0016125031009674453	0.044467873976680644	0.0016125031009674453	0.019288017861572717	38222372
2021-11-25	0.0023623026233992005	0.003481288076588175	0.018276762402088757	-0.011562849682954205	0.0023623026233992005	16306682
2021-11-24	-0.013128834355828137	-0.012883435582822051	0.00736196319018398	-0.01779141104294482	-0.013128834355828137	17939552
2021-11-23	-0.020432692307692343	0.002283653846153819	0.0035456730769230973	-0.026442307692307727	-0.020432692307692343	24143450
2021-11-22	0.048519218651543905	0.0018903591682420378	0.05689981096408319	0.0018903591682420378	0.048519218651543905	37258767
2021-11-19	-0.0235047994093036	-0.010583312823037157	-0.0032611370908195983	-0.03654934777258182	-0.0235047994093036	29646478
2021-11-18	0.008376248681516553	-0.0041571011974932525	0.04237761369982015	-0.032822485574238336	0.008376248681516553	45986462
2021-11-17	0.06615069127472382	0.018720645630746924	0.06873056823443816	0.018720645630746924	0.06615069127472382	40855401
2021-11-16	-0.010019646365422404	-0.00753110674525198	0.004453176162409999	-0.017288801571709145	-0.010019646365422404	20147544
2021-11-15	-0.04149143179963601	-0.00822296152156175	-0.00822296152156175	-0.051534743581696116	-0.04149143179963601	27187349
2021-11-12	-0.007414330218068522	0.003052959501557689	0.008037383177570044	-0.014579439252336469	-0.007414330218068522	17918216
2021-11-11	-0.014127764127764196	-0.01689189189189189	-0.0076781326781326775	-0.026474201474201486	-0.014127764127764196	24464056
2021-11-10	-0.06167146974063394	-0.01902017291066289	-0.01440922190201729	-0.08645533141210375	-0.06167146974063394	47722760
2021-11-09	-0.010268111808328644	0.010039931545921225	0.015402167712492804	-0.023217341699943078	-0.010268111808328644	28345902
2021-11-08	0.07943349753694584	0.0006157635467979945	0.08688423645320188	0.0006157635467979945	0.07943349753694584	46277792
2021-11-05	0.011774967291757615	0.003052769297863118	0.05731730110273514	-0.0057940315245154726	0.011774967291757615	35753847
2021-11-04	0.0012475828083088306	0.004304160688665696	0.020086083213773306	-0.009980662466471177	0.0012475828083088306	25783130
2021-11-03	-0.053659976387249134	-0.01251475796930345	-0.008264462809917389	-0.07508854781582053	-0.053659976387249134	40384619
2021-11-02	0.04503392967304141	0.04700801974090071	0.06866132017273285	0.019000616903146285	0.04503392967304141	41466067
2021-11-01	-0.0316606929510156	0.0027479091995221503	0.018518518518518483	-0.034468339307049047	-0.0316606929510156	26036208
2021-10-29	0.012642913314379067	0.0185106769100478	0.021595789728389044	-0.013913253886637295	0.012642913314379067	22000253
2021-10-28	-0.04356630409627402	-0.0019671372367507716	0.02730849340430455	-0.05409627401064565	-0.04356630409627402	33827520
2021-10-27	0.001971014492753643	-0.0066086956521738335	0.013681159420289935	-0.013913043478260903	0.001971014492753643	22040335
2021-10-26	0.009953161592505788	0.024531615925058533	0.053278688524590126	0.004566744730679163	0.009953161592505788	31921215
2021-10-25	0.017939090529829067	-0.020501817748375933	0.022110972048393875	-0.028487990941057282	0.017939090529829067	27509884
2021-10-22	-0.02447674418604656	0.00029069767441867073	0.011976744186046525	-0.024593023255813893	-0.02447674418604656	19932835
2021-10-21	0.004672897196261749	0.009287383177570115	0.013084112149532765	-0.013492990654205622	0.004672897196261749	18951040
2021-10-20	-0.00862817765938971	-0.013724014129364784	0.027795471654409702	-0.018009149342752825	-0.00862817765938971	26368074
2021-10-19	0.0030202706627171414	-0.00795725155369679	0.010629029447639035	-0.01992216994830678	0.0030202706627171414	23079058
2021-10-18	0.05625766871165636	-0.006073619631901896	0.058650306748466274	-0.006257668711656505	0.05625766871165636	35556667
2021-10-15	-0.005369782767878908	-0.04198193800341711	0.0016475469855992814	-0.06620698071759822	-0.005369782767878908	40844277
2021-10-14	0.009735058533579692	-0.0105360443622921	0.0258780036968576	-0.019285274183610743	0.009735058533579692	25848129
2021-10-13	0.060645667233041434	0.002156580839105895	0.06071101816755974	-0.00013070186903679407	0.060645667233041434	27635521
2021-10-12	-0.03151898734177209	-0.002784810126582264	0.01000000000000008	-0.044367088607594876	-0.03151898734177209	21742919
2021-10-11	0.007010834926704871	0.011472275334607922	0.02390057361376673	-0.027915869980879512	0.007010834926704871	20309086
2021-10-08	-0.0370688597029581	0.030931631275316018	0.031668098686633096	-0.041733153307966196	-0.0370688597029581	26337378
2021-09-30	0.06517617833562135	0.028436948421259035	0.07132117408642215	0.006733346407792385	0.06517617833562135	30305330
2021-09-29	-0.04208153297012962	-0.0030058237835806235	0.008203394076022308	-0.056922787901559295	-0.04208153297012962	34044854
2021-09-28	-0.02030674846625768	0.0023926380368097322	0.013006134969325182	-0.028588957055214703	-0.02030674846625768	21060980
2021-09-27	-0.02976190476190476	0.0	0.019642857142857212	-0.06547619047619048	-0.02976190476190476	36452399
2021-09-24	-0.0255220417633411	-0.002320185614849221	0.007540603248259762	-0.039385150812064916	-0.0255220417633411	24631895
2021-09-23	0.014953491110326103	0.02142941245731771	0.04138702460850095	0.0005298481102082596	0.014953491110326103	22255813
2021-09-22	-0.0101975409358429	-0.015908163859915028	0.01858866033447933	-0.019754093584290044	-0.0101975409358429	20713941
2021-09-17	-0.02803579519710007	-0.0059469868599910025	-0.003171726325328513	-0.07442229270502954	-0.02803579519710007	45399764
2021-09-16	-0.10001019471913551	-0.006065857885615239	-0.006065857885615239	-0.10001019471913551	-0.10001019471913551	53144178
2021-09-15	0.07909790979097907	0.02585258525852579	0.09587458745874575	0.011441144114411352	0.07909790979097907	49124914
2021-09-14	-0.04012671594508973	-0.004857444561774107	-0.0047518479408659225	-0.07043294614572335	-0.04012671594508973	31694387
2021-09-13	-0.00837696335078531	0.0	0.017643979057591647	-0.03350785340314139	-0.00837696335078531	25356764
2021-09-10	0.022374478107269065	0.0009634942725618607	0.03281233272668877	-0.015148271063055262	0.022374478107269065	27408168
2021-09-09	0.006247980178821483	0.012603684153829599	0.035656576537757216	-0.029893353441775197	0.006247980178821483	27472151
2021-09-08	-0.011868646548512374	-0.023205066794400903	0.024535632550960744	-0.024269519399648592	-0.011868646548512374	26130416
2021-09-07	-0.001753267452980621	-0.001168844968653697	0.020082881734140905	-0.02773350334714695	-0.001753267452980621	28015555
2021-09-06	0.043753119281317504	0.0	0.050740309432706576	-0.03000055453890104	0.043753119281317504	34438826
2021-09-03	-0.06868770335175325	-0.023911583948768248	-0.003305272943242196	-0.09621442958219283	-0.06868770335175325	42627190
2021-09-02	-0.022070707070707095	-0.025252525252525252	0.008989898989898996	-0.04025252525252525	-0.022070707070707095	32361079
2021-09-01	-0.1	0.011818181818181792	0.020000000000000025	-0.1	-0.1	49448532
2021-08-31	0.018565674336774807	-0.022593638594379347	0.03708505023380708	-0.04102041761192654	0.018565674336774807	41171144
2021-08-30	0.10002546473134716	0.008454290807231967	0.10002546473134716	0.008403361344537844	0.10002546473134716	52166694
2021-08-27	0.04385964912280702	-0.012971823498139277	0.06432748538011693	-0.02174375332270071	0.04385964912280702	38460233
2021-08-26	0.00175746924428814	-0.0077754699898812795	0.027267401608350512	-0.01469883367950162	0.00175746924428814	23455655
2021-08-25	-0.019989561586638747	-0.008350730688935253	0.007463465553235944	-0.054540709812108505	-0.019989561586638747	30607692
2021-08-24	0.035675675675675644	0.0010810810810810197	0.07394594594594599	0.0010810810810810197	0.035675675675675644	38548156
2021-08-23	0.026352288488210817	0.015256588072122053	0.046213592233009776	-0.023578363384188627	0.026352288488210817	39584443
2021-08-20	0.014578408195429491	-0.010469436001350812	0.03810649555330412	-0.017955645615220072	0.014578408195429491	34880805
2021-08-19	0.06325932132383741	-0.006343886528218339	0.0892333472978634	-0.024477826321144314	0.06325932132383741	42594455
2021-08-18	0.03718187461204227	0.02296710117939179	0.06641837368094362	0.006952203600248321	0.03718187461204227	35498058
2021-08-17	-0.016963631925799375	-0.005979985355137844	0.0220283134000489	-0.026665853063217018	-0.016963631925799375	30289160
2021-08-16	-0.07034263671431816	-0.024279555253006586	-0.014181983208531881	-0.07873837077376898	-0.07034263671431816	39537380
2021-08-13	-0.01990437006560665	-0.018681196486155974	0.04247748248637821	-0.029800956299344008	-0.01990437006560665	33311922
2021-08-12	0.004411682582230527	-0.017144133579047264	0.012788295080136375	-0.04590383648852404	0.004411682582230527	27922000
2021-08-11	0.01169491525423725	0.01299435028248594	0.02954802259887	-0.011977401129943529	0.01169491525423725	26834200
2021-08-10	-0.023232713426411387	0.0010485072567738962	0.04232658241818877	-0.05866122178687708	-0.023232713426411387	40786151
2021-08-09	-0.05135587896555335	-0.026279970683698094	-0.021097267301853215	-0.07569887969846094	-0.05135587896555335	34636292
2021-08-06	0.03500216731686177	0.0565669700910273	0.07553099263112266	0.007260511486779386	0.03500216731686177	42668808
2021-08-05	-0.02863157894736841	-0.03194736842105259	-0.00989473684210524	-0.062421052631579016	-0.02863157894736841	33642693
2021-08-04	0.08447488584474892	0.004566210045662165	0.0936073059360731	-0.014783105022830909	0.08447488584474892	51036025
2021-08-03	-0.07011305132423973	-0.03020009553633033	-0.011570511119367374	-0.09415636112732875	-0.07011305132423973	46328543
2021-08-02	-0.03210726394739546	0.04541251412719616	0.0612349738004727	-0.08039658892427826	-0.03210726394739546	56470580
2021-07-30	0.0192156657416618	0.031048746007644266	0.06288287344887161	-0.02094350489554427	0.0192156657416618	39178313
2021-07-29	0.0729775280898877	0.049438202247191074	0.09123595505617983	0.02247191011235955	0.0729775280898877	37933117
2021-07-28	0.006275086211770104	-0.03397591723670072	0.04584770196167118	-0.03510656340098355	0.006275086211770104	37757196
2021-07-27	-0.09841997961264018	-0.02629969418960243	0.000509683995922644	-0.09999999999999988	-0.09841997961264018	46442932
2021-07-26	0.03776578863852738	0.004866180048661735	0.037977361684121476	-0.0307838781339257	0.03776578863852738	41059160
2021-07-23	-0.05469999999999999	-0.015150000000000005	0.0026500000000000056	-0.06935000000000002	-0.05469999999999999	48966604
2021-07-22	0.0758472296933835	0.03980634749865522	0.07681549220010758	0.03550295857988162	0.0758472296933835	48207295
2021-07-21	0.10000000000000003	0.031360946745562196	0.10000000000000003	0.019053254437869815	0.10000000000000003	36236926
2021-07-20	0.014344877258267727	-0.022867775043514806	0.03349138707160425	-0.029710101434487827	0.014344877258267727	30842087
2021-07-19	0.00975757575757584	0.01818181818181818	0.07454545454545461	-0.02727272727272727	0.00975757575757584	51900835
2021-07-16	-0.016627927766851375	-0.01597234638536253	0.057095178496930764	-0.033434650455926966	-0.016627927766851375	38288258
2021-07-15	0.05052592036063106	0.0205359378913098	0.0612321562734786	0.005885299273729012	0.05052592036063106	46665703
2021-07-14	-0.05880966411314078	-0.026753093694755405	-0.018090748379493184	-0.0701237477902179	-0.05880966411314078	41687848
2021-07-13	0.01689837008628951	0.0	0.02295062320230113	-0.02924256951102586	0.01689837008628951	38842959
2021-07-12	0.09999340847669888	0.026959330301232636	0.09999340847669888	0.021686111660404666	0.09999340847669888	50357243
2021-07-09	0.05640275746814284	0.0	0.08488266833785946	-0.010653854188426997	0.05640275746814284	51615144
2021-07-08	0.009064080944350903	0.00035132096683538065	0.05614109050028113	0.00021079258010118845	0.009064080944350903	52006897
2021-07-07	0.04654754026031314	-0.0036032061180969856	0.05456283550261039	-0.03522317817486595	0.04654754026031314	48464711
2021-07-06	0.022558087074216106	0.022558087074216106	0.06722309948116398	-0.021730957214828293	0.022558087074216106	66487733
2021-07-05	0.10000000000000002	0.02564102564102559	0.10000000000000002	0.022994210090984294	0.10000000000000002	65493273
2021-07-02	0.008340283569641367	-0.011676396997497961	0.03419516263552956	-0.028356964136780696	0.008340283569641367	35859338
2021-07-01	-0.009827401106614895	0.0041291601288297956	0.02816087207861918	-0.022875547113717153	-0.009827401106614895	28092294
2021-06-30	0.013475058587211243	-0.004854368932038821	0.025276196853029762	-0.009039169735520575	0.013475058587211243	21976546
2021-06-29	-0.02353710362863677	0.012340634194181146	0.013811703170970887	-0.03399803857469758	-0.02353710362863677	27019073
2021-06-28	-0.020728291316526638	-0.0035214085634253517	0.021608643457382976	-0.03345338135254107	-0.020728291316526638	32897413
2021-06-25	0.04806240563663818	0.006542526421741328	0.06106357993625232	-0.012497903036403244	0.04806240563663818	35878838
2021-06-24	-0.032540777408098714	0.008114907084313885	0.012740404122372742	-0.04114257891747145	-0.032540777408098714	27477526
2021-06-23	0.04653927813163485	0.010615711252653927	0.06912951167728239	-0.003566878980891734	0.04653927813163485	41081830
2021-06-22	-0.01340594888981981	0.013238374528697215	0.016589861751152107	-0.02806870548806028	-0.01340594888981981	22153816
2021-06-21	-0.006658343736995516	0.0	0.03329171868497711	-0.017145235122763232	-0.006658343736995516	29316881
2021-06-18	0.05035405192761609	0.0076055599265670475	0.06547775155170903	-0.003409388932599008	0.05035405192761609	34373313
2021-06-17	0.032960086689543124	0.0	0.0461441213653603	-0.0010836192884232467	0.032960086689543124	26071790
2021-06-16	-0.09125225668800266	-0.011160347940259309	-0.0074675857541440715	-0.10003282455276545	-0.09125225668800266	43256896
2021-06-15	-0.020496744634675646	0.024274575998714014	0.035045414355759294	-0.043324491600353676	-0.020496744634675646	30017327
2021-06-11	0.0062277580071174055	-0.004367518602394098	0.013021675833063729	-0.027741831122614097	0.0062277580071174055	29276083
2021-06-10	0.038991596638655465	0.005546218487394929	0.04672268907563027	-0.0010924369747898777	0.038991596638655465	29253286
2021-06-09	-0.0046005855290673124	0.00961940610623175	0.016143872856545435	-0.014889167712254297	-0.0046005855290673124	23932261
2021-06-08	-0.05866141732283467	0.00047244094488190766	0.02125984251968495	-0.07685039370078744	-0.05866141732283467	43368266
2021-06-07	-0.01512214036448227	-0.010546723536254249	0.0010081426909656758	-0.03156262117099646	-0.01512214036448227	23348452
2021-06-04	0.015354330708661329	-0.015748031496062992	0.03527559055118102	-0.023622047244094488	0.015354330708661329	31122603
2021-06-03	-0.024652484448199122	-0.010598264342216383	0.0019967744412870817	-0.04454342984409808	-0.024652484448199122	28044444
2021-06-02	0.0158371040723982	0.007879544390700505	0.04524886877828041	-0.0028865657668903457	0.0158371040723982	33833009
2021-06-01	-0.007126258714174961	0.004570100697134032	0.03183578621223868	-0.03168086754453903	-0.007126258714174961	34235028
2021-05-31	0.08615177519771156	0.02338886084469124	0.09119973077570241	0.02338886084469124	0.08615177519771156	46846358
2021-05-28	0.025981873111782523	0.00302114803625385	0.05308588692274498	0.0012947777298230963	0.025981873111782523	38796332
2021-05-27	0.008794845001741474	0.0066179031696272286	0.012016718913270597	-0.0077499129223267205	0.008794845001741474	20303815
2021-05-26	-0.011108240764660226	-0.0011194351158184401	0.017652630672522273	-0.013949883750968659	-0.011108240764660226	25062047
2021-05-25	-0.015179782903663553	-0.006021031207598439	-0.002120081411126187	-0.036295793758480334	-0.015179782903663553	34236227
2021-05-24	0.01655172413793105	-0.01327586206896557	0.028534482758620708	-0.01327586206896557	0.01655172413793105	32250828
2021-05-21	0.017543859649122806	0.011052631578947413	0.025263157894736803	-0.011929824561403504	0.017543859649122806	32004954
2021-05-20	-0.0036706869428421753	-0.012497815067295987	0.027180562838664563	-0.017916448173396233	-0.0036706869428421753	41416180
2021-05-19	0.057486136783733814	-0.005730129390018526	0.0781885397412199	-0.01524953789279118	0.057486136783733814	43893059
2021-05-18	0.005109150023223382	0.0033441709242916806	0.03576405016256381	-0.002322340919647004	0.005109150023223382	32822700
2021-05-17	0.04789253382653559	-0.010026282488075548	0.06560887764041658	-0.011973133456633932	0.04789253382653559	36732525
2021-05-14	0.015118577075098826	0.004644268774703546	0.02756916996047423	-0.0140316205533597	0.015118577075098826	27805225
2021-05-13	-0.033982436044291735	-0.03102329133256968	-0.012122947689958096	-0.04467353951890041	-0.033982436044291735	26448813
2021-05-12	-0.002095637264240797	-0.013621642217565315	0.012383311106877473	-0.026671746999428435	-0.002095637264240797	25745057
2021-05-11	-0.05678346810422276	-0.029649595687331512	-0.023719676549865235	-0.08337825696316263	-0.05678346810422276	38623598
2021-05-10	0.04585604209735008	0.0022552151851155315	0.05055440706634087	-0.003664724675812822	0.04585604209735008	42597407
2021-05-07	-0.02016388914464596	0.015560261486050986	0.029371144461835905	-0.023938863824693807	-0.02016388914464596	41616829
2021-05-06	-0.00803726367704809	-0.01369988126769568	0.009224586720248472	-0.05005023289798146	-0.00803726367704809	51601054
2021-04-30	0.062184710904152084	-0.00950717889018242	0.07683352735739234	-0.0162980209545983	0.062184710904152084	59110100
2021-04-29	0.03984666599414913	0.018864117825078228	0.06758801573691116	-0.010390396449107244	0.03984666599414913	52477517
2021-04-28	0.02736034822261375	-0.005181884133070785	0.05409887034925898	-0.018343869831070538	0.02736034822261375	35150869
2021-04-27	-0.014804982642434173	-0.00173575658566471	0.00980191954257717	-0.03716561159893813	-0.014804982642434173	27128391
2021-04-26	-0.03269135802469138	0.015506172839506106	0.027160493827160494	-0.03713580246913585	-0.03269135802469138	37520577
2021-04-23	0.023657870791628788	-0.005257304620361905	0.053887372358709926	-0.008189262966333053	0.023657870791628788	33806592
2021-04-22	-0.003927492447129915	0.011077542799597266	0.015005035246727182	-0.019335347432024187	-0.003927492447129915	24008674
2021-04-21	-0.01595481121791695	-0.018927757407590888	-0.00713507085521751	-0.0389455950847289	-0.01595481121791695	30043501
2021-04-20	-0.03619866284622737	-0.03533906399235915	-0.008595988538682002	-0.03963705826170015	-0.03619866284622737	40642681
2021-04-19	0.10002101281781882	-0.003992435385585308	0.10002101281781882	-0.011241857533095265	0.10002101281781882	54228641
2021-04-16	-0.02877551020408156	-0.002040816326530641	0.000510204081632624	-0.05612244897959184	-0.02877551020408156	29468664
2021-04-15	0.006160164271047169	0.006160164271047169	0.011498973305954726	-0.021560574948665385	0.006160164271047169	36171413
2021-04-14	0.09266322638546112	0.007291900381422545	0.0983845636078079	0.0028045770697778774	0.09266322638546112	46120350
2021-04-13	0.002474134053081409	-0.001461988304093516	0.022042285200179867	-0.02192982456140354	0.002474134053081409	23280308
2021-04-12	-0.0890277635488167	-0.015367277942833726	-0.007683638971416863	-0.09835057883413578	-0.0890277635488167	44690363
2021-04-09	0.009828264018208181	0.003517483964411374	0.043244361680115945	-0.011380095178977803	0.009828264018208181	28642876
2021-04-08	-0.01917808219178083	-0.01877219685438858	-0.013698630136986243	-0.044140030441400246	-0.01917808219178083	26550200
2021-04-07	0.015246729164520492	0.03008138456783766	0.033274956217162914	-0.005356958895642279	0.015246729164520492	27414291
2021-04-06	0.019321642339598752	0.039588365011025896	0.05523469494907057	0.017326472750183675	0.019321642339598752	28591804
2021-04-02	0.00031512605042018	-0.00021008403361340357	0.01943277310924364	-0.02731092436974799	0.00031512605042018	27297494
2021-04-01	0.009972416719711412	0.017610863568852074	0.022490982389136327	-0.011139401654996937	0.009972416719711412	27269084
2021-03-31	-0.058341658341658234	-0.01298701298701296	0.006693306693306711	-0.07712287712287712	-0.058341658341658234	35673806
2021-03-30	0.025930101465614443	-0.011888900276724368	0.025930101465614443	-0.021010556523521545	0.025930101465614443	23335368
2021-03-29	-0.023323323323323448	-0.0039039039039039094	0.006006006006005949	-0.027327327327327365	-0.023323323323323448	24581405
2021-03-26	0.07430906549091312	0.00010753844499414041	0.08398752554038072	0.0	0.07430906549091312	39919233
2021-03-25	0.028991922098041276	-0.016266460108443053	0.037401792630297616	-0.028327984950758018	0.028991922098041276	27078307
2021-03-24	-0.03584764749813293	-0.006721433905900028	0.0028806145310999254	-0.04737010562253278	-0.03584764749813293	23767604
2021-03-23	-0.03221476510067104	-0.00443985544656678	-0.00443985544656678	-0.05740836344863179	-0.03221476510067104	28624629
2021-03-22	0.0008267024904412348	-0.005786917433088791	0.022010953807998446	-0.028624573731528328	0.0008267024904412348	21648715
2021-03-19	-0.051274509803921606	-0.03333333333333339	-0.027156862745098	-0.07529411764705889	-0.051274509803921606	33375325
2021-03-18	-0.002542538627029191	-0.0016624291022883013	0.026501075689419066	-0.012712693135145817	-0.002542538627029191	27381698
2021-03-17	0.0591403417918178	-0.005696530295183813	0.06887622993267743	-0.019161056447436504	0.0591403417918178	39864333
2021-03-16	-0.024747474747474775	0.0	0.005353535353535365	-0.07424242424242418	-0.024747474747474775	31551313
2021-03-15	-0.001109877913429517	-0.011300575118555187	0.058419937443244946	-0.02936131570981734	-0.001109877913429517	36452866
2021-03-12	0.003137651821862371	0.01214574898785428	0.0339068825910932	-0.008097165991902806	0.003137651821862371	29844821
2021-03-11	0.028845152556492722	0.003124023742580414	0.056961366239716746	-0.014370509215869994	0.028845152556492722	34653823
2021-03-10	0.050082012028430815	0.03881902679059592	0.07490431930016396	0.036741388737014755	0.050082012028430815	43009508
2021-03-09	0.015208703374778025	0.010324156305506293	0.06627442273534635	-0.04118561278863226	0.015208703374778025	46325671
2021-03-08	-0.08548223350253809	0.007208121827411104	0.01015228426395939	-0.09969543147208115	-0.08548223350253809	41954375
2021-03-05	0.011605217212693801	-0.04477765225428776	0.02906439355037484	-0.04477765225428776	0.011605217212693801	43104643
2021-03-04	-0.09717199814557247	-0.03365785813630038	-0.03328697264719508	-0.09995363931386186	-0.09717199814557247	43857493
2021-03-03	0.05260589498340817	0.0	0.06675775912551243	-0.016787038844427084	0.05260589498340817	32879154
2021-03-02	-0.01867637199501966	0.01618618906235033	0.03246815439134183	-0.03984292692270852	-0.01867637199501966	29692318
2021-03-01	0.0544334477883256	0.030195920016158444	0.07614623308422548	0.008382145021207819	0.0544334477883256	35850376
2021-02-26	-0.08144712430426718	-0.06298701298701291	-0.049165120593692	-0.0950834879406308	-0.08144712430426718	48591563
2021-02-25	-0.017767653758542168	0.025056947608200455	0.034259681093394126	-0.04164009111617306	-0.017767653758542168	37507954
2021-02-24	-0.09989338144837207	-0.007627327154925013	0.011481997867628897	-0.09997539571885518	-0.09989338144837207	49348795
2021-02-23	-0.07270514868050804	-0.04867290288234851	-0.025020914137957415	-0.08730701954521258	-0.07270514868050804	36255735
2021-02-22	0.014192055534130377	0.018125723100655567	0.06440416505977628	0.0011569610489780616	0.014192055534130377	41802747
2021-02-19	-0.05364963503649631	-0.036569343065693365	-0.02992700729927003	-0.09744525547445251	-0.05364963503649631	36007784
2021-02-18	0.022464363012165017	0.06239271587431886	0.08209567878199865	-0.027464736174341416	0.022464363012165017	52654904
2021-02-10	0.025957120980091997	0.0031393568147013522	0.03215926493108742	-0.03483920367534454	0.025957120980091997	31967753
2021-02-09	0.08238024200232055	0.03746063318415391	0.08983921763633353	0.015249461296204239	0.08238024200232055	35774530
2021-02-08	0.0777063236870311	0.02938549481957848	0.09476598785280457	0.009289031797070439	0.0777063236870311	37095104
2021-02-05	-0.0970239535446407	0.0014517299782241054	0.01621098475683527	-0.09912089684651983	-0.0970239535446407	52293436
2021-02-04	-0.05075792374827752	-0.005512172714745053	0.010641555657632723	-0.06890215893431327	-0.05075792374827752	36414501
2021-02-03	-0.0008414288992578997	-0.0035951962059205915	0.039547158265126725	-0.02547234758662881	-0.0008414288992578997	35562354
2021-02-02	0.08498630591750349	0.02058262096439542	0.08498630591750349	-0.003817744211137802	0.08498630591750349	38318795
2021-02-01	0.005759599332220348	0.023121869782971587	0.04958263772954923	-0.022537562604340592	0.005759599332220348	35613506
2021-01-29	-0.07375908458326895	0.0205659502087521	0.021339106231637473	-0.09996907375908463	-0.07375908458326895	48532795
2021-01-28	-0.055912408759124066	-0.036569343065693365	-0.003722627737226211	-0.06437956204379557	-0.055912408759124066	29647745
2021-01-27	-0.002911208151382865	-0.0007278020378456646	0.010189228529839925	-0.06870451237263472	-0.002911208151382865	36564120
2021-01-26	-0.01857142857142853	0.00014285714285721594	0.02857142857142857	-0.048857142857142884	-0.01857142857142853	35527674
2021-01-25	0.003224650662844777	-0.012611967036904473	0.06986743102830525	-0.0182013615191689	0.003224650662844777	53253280
2021-01-22	0.09194053208137727	-0.014006259780907606	0.0944444444444445	-0.02065727699530517	0.09194053208137727	50477074
2021-01-21	0.006457709875570902	-0.015986769570011033	0.036226177350763965	-0.03921877461017486	0.006457709875570902	40845744
2021-01-20	0.01106776017198822	0.02715184329962574	0.04857074607850939	-0.011147384345887456	0.01106776017198822	37038475
2021-01-19	-0.07484346224677714	-0.012154696132596727	0.013112338858195221	-0.09988950276243096	-0.07484346224677714	46565341
2021-01-18	0.034679878048780574	-0.03277439024390231	0.05571646341463417	-0.05525914634146331	0.034679878048780574	35048494
2021-01-15	0.07646865769609447	-0.007220216606498158	0.09115523465703983	-0.0303577289136855	0.07646865769609447	41194148
2021-01-14	-0.033618775769108857	-0.028702822708531594	0.01847446875991107	-0.06414525848398353	-0.033618775769108857	38989030
2021-01-13	-0.08549053730693926	-0.0022478427960264105	0.03785077224276701	-0.09607715176564427	-0.08549053730693926	58141604
2021-01-12	0.09235643564356433	-0.033663366336633666	0.09275247524752482	-0.06843564356435644	0.09235643564356433	47108704
2021-01-11	0.02086197137543461	0.05005255923020952	0.09970081668957709	-0.012533354896094421	0.02086197137543461	53164133
2021-01-08	-0.01849206349206348	0.015873015873015872	0.015873015873015872	-0.09761904761904759	-0.01849206349206348	48010161
2021-01-07	0.04261481175010348	0.0012412081092263607	0.05916425320645433	-0.019362846503930404	0.04261481175010348	38568987
2021-01-06	0.019831223628691934	0.014345991561181458	0.04970464135021097	-0.030970464135021112	0.019831223628691934	34321708
