2024-12-31	-0.023278656320597235	9.822217856783131e-05	0.0013751104999508944	-0.023573322856301007	-0.023278656320597235	3805349
2024-12-30	0.004935346954890929	0.0009870693909781296	0.01618793801204225	-0.0024676734774454643	0.004935346954890929	3647845
2024-12-27	0.01107784431137724	0.0009980039920159114	0.02035928143712567	-0.004391217564870237	0.01107784431137724	3832109
2024-12-26	-0.004569839062189487	9.934432743895406e-05	9.934432743895406e-05	-0.00655672561096758	-0.004569839062189487	2222377
2024-12-25	0.0006958942240778723	0.010736653742916774	0.013818471020976246	-0.005666567253206157	0.0006958942240778723	2736735
2024-12-24	0.008421052631578982	-0.0005012531328320517	0.009624060150375877	-0.0006015037593985191	0.008421052631578982	2992970
2024-12-23	-0.012376237623762377	0.0	0.004257425742574325	-0.012871287128712843	-0.012376237623762377	4252584
2024-12-20	-0.009609727397528967	0.0	0.003726220827613213	-0.011767013139831367	-0.009609727397528967	4315569
2024-12-19	-0.005558264261335867	-0.009458800585080437	-0.0017552413456849597	-0.016577279375914217	-0.005558264261335867	3544111
2024-12-18	-0.0013633265167007553	0.003895218619145055	0.008666861427597629	-0.002824033498880047	-0.0013633265167007553	2992002
2024-12-17	-0.009548611111111199	-0.005594135802469256	0.0009645061728394513	-0.011381172839506237	-0.009548611111111199	2860143
2024-12-16	-0.008795411089866038	0.0	0.0018164435946463858	-0.016634799235181595	-0.008795411089866038	4470028
2024-12-13	-0.030314267173449615	-0.007787151200519175	-0.005376842495596536	-0.030314267173449615	-0.030314267173449615	6406262
2024-12-12	0.004376163873370567	-0.002048417132216004	0.004934823091247683	-0.009683426443203037	0.004376163873370567	4457437
2024-12-11	-0.008310249307479145	-0.0050784856879039445	0.008310249307479277	-0.008679593721144947	-0.008310249307479145	4207498
2024-12-10	0.010732617825478222	0.029958002799813286	0.04022398506766204	0.006812879141390478	0.010732617825478222	6132939
2024-12-09	-0.01016166281755191	0.005727482678983876	0.010254041570438794	-0.016166281755196306	-0.01016166281755191	3946870
2024-12-06	0.019591221625694624	-0.0011302627860978105	0.026184421211264963	-0.0011302627860978105	0.019591221625694624	4115149
2024-12-05	-0.016033364226135348	-0.006024096385542221	-0.0008341056533827934	-0.019184430027803588	-0.016033364226135348	3958481
2024-12-04	-0.014161717679305593	-0.0009136592051165694	-0.0008222932846048735	-0.019278209227957966	-0.014161717679305593	3438624
2024-12-03	0.0020140986908358405	-0.0034788977387165583	0.01052824315664187	-0.01336629131191072	0.0020140986908358405	4306537
2024-12-02	0.018746502518186953	-0.0017720574519678952	0.03497481813094572	-0.009513150531617198	0.018746502518186953	5516376
2024-11-29	0.015437067904157548	0.0002841178141869603	0.02926413486125583	0.0002841178141869603	0.015437067904157548	4504778
2024-11-28	-0.021680718984527038	0.0	0.004817937552117076	-0.025201519503381942	-0.021680718984527038	4498426
2024-11-27	0.012476547842401618	-0.001500938086303908	0.01313320825515953	-0.0045028142589117245	0.012476547842401618	4072340
2024-11-26	-0.01696790852084105	-0.002120988565105164	0.007561785319070522	-0.021486536333456274	-0.01696790852084105	3902570
2024-11-25	-0.010583941605839385	-0.0009124087591240357	0.006386861313868639	-0.018978102189781007	-0.010583941605839385	4926000
2024-11-22	-0.03017432085656146	-8.84877444474393e-05	0.0007963897000264508	-0.03017432085656146	-0.03017432085656146	6626999
2024-11-21	-0.006942003514938419	-0.0026362038664323123	0.003778558875219744	-0.013620386643233718	-0.006942003514938419	4219401
2024-11-20	0.011106175033318526	-0.004886717014660126	0.03136383829409153	-0.006663705019991115	0.011106175033318526	7481855
2024-11-19	-0.003894149924772084	0.0	0.007168775997875939	-0.031595716435082695	-0.003894149924772084	7534205
2024-11-18	0.024295168162451208	0.015320460520351716	0.05584262532861931	0.015320460520351716	0.024295168162451208	10304194
2024-11-15	-0.014913377388819447	-0.004286479728522986	0.00660832291480617	-0.015449187354884836	-0.014913377388819447	5827774
2024-11-14	-0.032486607914290574	0.0	0.00786245031968214	-0.03386901676170729	-0.032486607914290574	7017765
2024-11-13	-0.01523015400323327	-0.009444397175189308	-0.0020420318216625107	-0.03190674721347741	-0.01523015400323327	7915449
2024-11-12	0.027629623152924686	0.00034974206522682557	0.04922619568068545	-0.00288537203812187	0.027629623152924686	16039341
2024-11-11	0.01140785284754162	-0.01246904846126633	0.011496285815351939	-0.02511496285815355	0.01140785284754162	8804566
2024-11-08	-0.017464592927274352	0.018333478147536705	0.021635241984533798	-0.020853245286297728	-0.017464592927274352	10492948
2024-11-07	0.06348179634078732	-0.010718905932359976	0.06634633154684907	-0.013213823692478217	0.06348179634078732	13044025
2024-11-06	-0.00147628713784828	0.014947407270714197	0.03321646060158709	-0.006643292120317392	-0.00147628713784828	9839972
2024-11-05	0.021392894166431024	0.0	0.024691358024691402	-0.019885024974083492	0.021392894166431024	8557186
2024-11-04	0.01989619377162623	-0.002306805074971252	0.031045751633986828	-0.0027873894655902173	0.01989619377162623	6214923
2024-11-01	-0.0032573289902279095	-0.0056524238359838015	0.035351599923356944	-0.006514657980455955	-0.0032573289902279095	7136208
2024-10-31	-0.0055259146341463256	-0.005049542682926705	0.01276676829268296	-0.015339176829268289	-0.0055259146341463256	7235485
2024-10-30	-0.02679647658785351	-0.0009272137227630443	0.009364858599907327	-0.03560500695410282	-0.02679647658785351	8878491
2024-10-29	-0.033515547988171066	0.001433820234788033	0.03405323057621648	-0.035755892105027415	-0.033515547988171066	12964668
2024-10-28	0.07546260601387816	-0.0005782575173477474	0.08114880493446416	-0.0073245952197379055	0.07546260601387816	16638610
2024-10-25	0.009240346269818138	-0.007295010213014298	0.0299581752747787	-0.009240346269818138	0.009240346269818138	9332197
2024-10-24	-0.016360505166475258	0.0008610792192882072	0.008419441255262243	-0.01817833907386138	-0.016360505166475258	7134177
2024-10-23	0.0021093000958772663	0.00028763183125600326	0.02339405560882069	-0.012464046021092974	0.0021093000958772663	8698215
2024-10-22	0.007534775888717167	0.0	0.017098145285935184	-0.008887171561051021	0.007534775888717167	7497485
2024-10-21	0.008082578634725857	0.00993280747881971	0.032232934073424896	-0.010614470737170157	0.008082578634725857	10686524
2024-10-18	0.0468957080232439	-0.0009175247221939383	0.0771740238556427	-0.01009277194413303	0.0468957080232439	11996399
2024-10-17	-0.009592084006462064	0.004644588045234185	0.022112277867528247	-0.01100565428109858	-0.009592084006462064	6197998
2024-10-16	-0.014134979096157551	-0.014533147521401491	0.010352379056340896	-0.021998805494724206	-0.014134979096157551	7164486
2024-10-15	-0.034224187656219984	-0.0023072486060372512	-0.0007690828686790838	-0.035473947317823475	-0.034224187656219984	7832951
2024-10-14	9.614460148053941e-05	0.004134217863666884	0.0105759061628689	-0.03855398519373142	9.614460148053941e-05	12514898
2024-10-11	-0.07133928571428567	-0.013392857142857142	-0.008928571428571428	-0.08392857142857148	-0.07133928571428567	13133904
2024-10-10	-0.04461315362961703	0.004009212658875705	0.02251983280730189	-0.06175893542608555	-0.04461315362961703	16709173
2024-10-09	-0.030195234943745795	-0.007859033752481707	0.040536068828590385	-0.046409662475181995	-0.030195234943745795	22890970
2024-10-08	0.10000910000909996	0.10000910000909996	0.10000910000909996	0.04650104650104649	0.10000910000909996	23685275
2024-09-30	0.09999999999999994	0.07757757757757758	0.09999999999999994	0.061061061061061	0.09999999999999994	15162935
2024-09-27	0.09997797841885062	0.04602510460251054	0.09997797841885062	0.0405197093151289	0.09997797841885062	16894705
2024-09-26	0.0733955797187093	0.0	0.0821415908285073	-0.006382224323366106	0.0733955797187093	11219716
2024-09-25	0.01633633633633633	0.009009009009009009	0.044564564564564486	0.009009009009009009	0.01633633633633633	8567129
2024-09-24	0.04257983719474021	0.007138384470882999	0.04257983719474021	-0.001127113337507692	0.04257983719474021	8313265
2024-09-23	-0.002498438475952565	0.004622111180512237	0.011742660836976861	-0.004497189256714547	-0.002498438475952565	2818948
2024-09-20	-0.007562608480039666	0.0	0.0	-0.0198363501115794	-0.007562608480039666	3537849
2024-09-19	0.02140053184753701	0.012409775864252298	0.04229454223122709	0.00037989109788528726	0.02140053184753701	4630013
2024-09-18	-0.010896793587174405	-0.001503006012024105	-0.00012525050100206807	-0.019038076152304736	-0.010896793587174405	2253620
2024-09-13	-0.012370113805047007	0.0	0.0032162295893121092	-0.012370113805047007	-0.012370113805047007	2821717
2024-09-12	0.022773279352226682	0.010627530364372332	0.04314271255060724	0.008729757085020214	0.022773279352226682	7075559
2024-09-11	0.0017743979721166103	-0.005196451204055904	0.01140684410646377	-0.006717363751584298	0.0017743979721166103	2782629
2024-09-10	-0.00202377940804448	-0.0012648621300279349	0.00303566911206672	-0.01973184922843413	-0.00202377940804448	3190222
2024-09-09	-0.004156694797833459	-0.0023932485199647025	0.004660536591510323	-0.011210479909308485	-0.004156694797833459	2853951
2024-09-06	-0.01378881987577639	-0.0001242236024845356	0.0	-0.014906832298136682	-0.01378881987577639	2202512
2024-09-05	0.005244755244755266	-0.0009990009990009777	0.012737262737262688	-0.0009990009990009777	0.005244755244755266	2625020
2024-09-04	0.0031316547663785546	-0.008017036201929107	0.013278216209445099	-0.008267568583239342	0.0031316547663785546	3068619
2024-09-03	0.0054156171284633825	-0.00478589420654924	0.014861460957178748	-0.010075566750629865	0.0054156171284633825	3334309
2024-09-02	-0.03547133138969859	-0.0038872691933915598	-0.0015792031098152996	-0.035592808551992136	-0.03547133138969859	4827273
2024-08-30	0.01504315659679407	-0.0007398273736126766	0.03082614056720099	-0.006041923551171331	0.01504315659679407	6042290
2024-08-29	0.018204645323289248	-0.005649717514124329	0.021217827997488985	-0.005649717514124329	0.018204645323289248	3907704
2024-08-28	-0.008835241413638548	-0.004977600796416198	-0.001244400199103961	-0.01617720258835238	-0.008835241413638548	3008182
2024-08-27	-0.003348629542353913	-0.004092769440654822	0.007317375666625368	-0.011534168423663558	-0.003348629542353913	3162984
2024-08-26	0.013066968212086845	0.00012564392511610635	0.013066968212086845	-0.010805377559994967	0.013066968212086845	3837251
2024-08-23	-0.0006278252134605368	-0.005775991963837189	0.012430939226519272	-0.005775991963837189	-0.0006278252134605368	3597887
2024-08-22	-0.019694731659281074	-0.0022156573116690376	0.00393894633185632	-0.021787296898079716	-0.019694731659281074	5723339
2024-08-21	-0.01895906291510696	-0.004709576138147573	0.003985025963047921	-0.02004588817775627	-0.01895906291510696	4878156
2024-08-20	-0.01639149542701028	0.00011877895236970086	0.0042760422853070365	-0.020311200855208385	-0.01639149542701028	5726820
2024-08-19	-0.022751015670342517	-0.00731282646546732	0.005803830528148578	-0.023099245502031445	-0.022751015670342517	6706774
2024-08-16	-0.03624566506320612	-0.0267367714509453	-0.024499384718648595	-0.04676138270500064	-0.03624566506320612	9867994
2024-08-15	-0.00178671133444999	-0.00011166945840302519	0.014293690675600237	-0.005471803461753154	-0.00178671133444999	3658700
2024-08-14	-0.017014270032930816	-0.0032930845225027133	-0.0027442371020856204	-0.017453347969264427	-0.017014270032930816	2810038
2024-08-13	-0.014495889225443568	-0.0018390307226309143	-0.0015144958892254498	-0.02617914322803983	-0.014495889225443568	4071538
2024-08-12	0.007849978194505003	0.0	0.021805494984736155	-0.00348887919755771	0.007849978194505003	3301329
2024-08-09	-0.017987152034261315	0.0005353319057815541	0.00835117773019273	-0.017987152034261315	-0.017987152034261315	3517041
2024-08-08	-0.0042643923240937255	-0.004051172707889078	0.007462686567164209	-0.004797441364605574	-0.0042643923240937255	2966234
2024-08-07	-0.006671608598962296	-0.0009530869427089209	-0.00021179709837986052	-0.013766811394684011	-0.006671608598962296	2818702
2024-08-06	0.014176780152507866	0.007517989474814766	0.020191171732359525	0.001503597894962953	0.014176780152507866	4756654
2024-08-05	0.005507559395248436	-0.006371490280777422	0.03531317494600443	-0.008639308855291546	0.005507559395248436	6300700
2024-08-02	0.0015141682889898396	-0.006381137789314182	0.020765736534717735	-0.008652390222799018	0.0015141682889898396	4238239
2024-08-01	-0.024786414935133515	-0.00042189642442786894	0.005590127623668401	-0.027528741693914137	-0.024786414935133515	5174200
2024-07-31	0.05134176092259919	-0.0002217786648925508	0.05189620758483025	-0.0063206919494345455	0.05134176092259919	6892355
2024-07-30	0.006136338279594013	0.0	0.013053665067499741	-0.0026776748856409114	0.006136338279594013	2735312
2024-07-29	-0.015379545204877575	0.0026364934636932316	0.0029660551466549052	-0.016148522465121377	-0.015379545204877575	2734501
2024-07-26	0.0018710103455866355	-0.0022011886418666395	0.01144618093770643	-0.006163328197226528	0.0018710103455866355	2409849
2024-07-25	0.00955555555555555	-0.005555555555555556	0.02088888888888884	-0.007333333333333295	0.00955555555555555	2923101
2024-07-24	-0.01142355008787353	-0.0059314586994728274	0.002746045694200351	-0.013840070298769826	-0.01142355008787353	3077214
2024-07-23	-0.03824212972744549	-0.0039087259666172654	-0.003380519754912246	-0.0386646946968096	-0.03824212972744549	4627744
2024-07-22	-0.0024238592053957633	0.00042154073137323485	0.008430814627463349	-0.008009273896090264	-0.0024238592053957633	3130838
2024-07-19	0.00010539629005064414	-0.0021079258010116846	0.006534569983136642	-0.009907251264755458	0.00010539629005064414	3561252
2024-07-18	-0.0008424599831507824	-0.004528222409435474	0.007266217354675779	-0.010109519797809538	-0.0008424599831507824	3895070
2024-07-17	0.019102811762180583	-0.004722043356943678	0.02446877012234371	-0.0055805966945697595	0.019102811762180583	5363683
2024-07-16	0.019028871391076216	0.001531058617672797	0.020559930008748856	-0.0025153105861767714	0.019028871391076216	3508370
2024-07-15	-0.014336531206208886	-0.004958499514929328	-0.001293521612590173	-0.01606122668966255	-0.014336531206208886	3013665
2024-07-12	-0.012559872272485437	0.0005321979776476547	0.00212879191059077	-0.017030335284726007	-0.012559872272485437	3401987
2024-07-11	0.0265515734265735	0.018356643356643432	0.03868006993007	0.009615384615384722	0.0265515734265735	5314631
2024-07-10	0.01463414634146334	-0.0034368070953437056	0.03713968957871391	-0.009645232815964574	0.01463414634146334	4771341
2024-07-09	0.018978761861726243	-0.0032760957975597835	0.02801626751016724	-0.007342973339358241	0.018978761861726243	4262601
2024-07-08	-0.022310580958692403	0.00011044842058748514	0.0005522421029378966	-0.026065827258670193	-0.022310580958692403	3975220
2024-07-05	0.008802228412256337	-0.002785515320334262	0.014038997214484737	-0.008245125348189358	0.008802228412256337	4702564
2024-07-04	-0.0318230852211435	-0.003236245954692526	0.00431499460625665	-0.03451995685005397	-0.0318230852211435	5999238
2024-07-03	0.001512532411408822	-0.0006482281763180885	0.009939498703543666	-0.008967156439066534	0.001512532411408822	2783778
2024-07-02	-0.007825061635759502	-0.0012863115017687269	0.001715082002358201	-0.010290492014149511	-0.007825061635759502	2598439
2024-07-01	0.01656314699792972	-0.00021793614470955674	0.025498528931023248	-0.009480222294867498	0.01656314699792972	4289408
2024-06-28	-0.014179825974863114	-0.0015039209367279037	0.005908260822859567	-0.019765818025566692	-0.014179825974863114	5955894
2024-06-27	-0.02706939799331107	-0.007107023411371308	-0.003971571906354616	-0.029577759197324544	-0.02706939799331107	4551130
2024-06-26	0.025838962152889576	0.0019298809906723152	0.028519352417712137	-0.0060040741932025545	0.025838962152889576	4980217
2024-06-25	-0.018726985796948988	-0.0006312467122567309	0.007680168332456644	-0.024513413992635437	-0.018726985796948988	5223264
2024-06-24	-0.030200999897969674	-0.007958371594735242	-0.006223854708703187	-0.030609121518212427	-0.030200999897969674	5028430
2024-06-21	-0.0019348268839103637	-0.002036659877800436	0.006109979633401164	-0.011507128309572399	-0.0019348268839103637	3602895
2024-06-20	-0.031653683068730835	-0.0010847056503303365	-0.00019721920915093208	-0.03362587516024058	-0.031653683068730835	5481220
2024-06-19	-0.005491811317054058	0.0006864764146318269	0.0036285181916250325	-0.007060900264783749	-0.005491811317054058	2373344
2024-06-18	-0.00400468841570616	0.0	0.007911701504200062	-0.009181480757960518	-0.00400468841570616	2930343
2024-06-17	0.015573851800416557	0.0006943755579802914	0.021228052772542413	-0.002083126673941156	0.015573851800416557	4774585
2024-06-14	-0.02833734939759034	-0.003951807228915629	-0.0016385542168674864	-0.03084337349397593	-0.02833734939759034	7071235
2024-06-13	-0.013408139977177602	-0.0017116774438949468	-0.0017116774438949468	-0.019684290604792633	-0.013408139977177602	3691076
2024-06-12	0.007376185458377201	0.0	0.011399559344764802	-0.007950953156432593	0.007376185458377201	3472257
2024-06-11	0.006750892082168028	-0.004725624457517551	0.00858327707589932	-0.018227408621853607	0.006750892082168028	3601778
2024-06-07	-0.006895891198161085	0.005171918398620882	0.011397375730294012	-0.014462216262809989	-0.006895891198161085	3451412
2024-06-06	-0.017872260370614294	-0.0028219358479916953	0.009124259241839891	-0.020035744520741184	-0.017872260370614294	3558243
2024-06-05	-0.007190885319387337	-0.0037355248412401145	0.002895031751961172	-0.011953679491968633	-0.007190885319387337	3020223
2024-06-04	0.017193882397644175	-0.004464709793863388	0.02108862923909945	-0.006744561603495714	0.017193882397644175	4615206
2024-06-03	0.004388894189485676	0.0	0.018986737906688245	-0.011449289189962816	0.004388894189485676	5566210
2024-05-31	0.0030624940185664407	0.0020097616996842564	0.016365202411714116	-0.008613264427217835	0.0030624940185664407	6903144
2024-05-30	-0.06051069951447585	-0.0019780614997302543	-0.00017982377270271552	-0.07498651321704733	-0.06051069951447585	12539967
2024-05-29	0.004334477153693372	0.0005418096442116876	0.006682318945277308	-0.002618746613689652	0.004334477153693372	2095411
2024-05-28	-0.013012477718360142	-0.0017825311942959254	-0.0017825311942959254	-0.01684491978609626	-0.013012477718360142	3424748
2024-05-27	8.913450396653103e-05	0.003743649166592403	0.007041625813352405	-0.01684642124966575	8.913450396653103e-05	3004136
2024-05-24	-0.006992388033280282	-0.0035404496371039622	0.006461320587714549	-0.007169410515135442	-0.006992388033280282	2479210
2024-05-23	-0.02105536781907974	0.0007798284377437259	0.0016463044796811172	-0.02261502469456719	-0.02105536781907974	3593219
2024-05-22	-0.0007792207792208087	0.0	0.005194805194805145	-0.004848484848484868	-0.0007792207792208087	2398940
2024-05-21	-0.011637857265103538	-0.003936334074961439	-0.0033373267157282265	-0.013092589423241496	-0.011637857265103538	2156647
2024-05-20	0.013354144987859922	0.0006070065903573308	0.01404786680541107	-0.003121748178980224	0.013354144987859922	3906181
2024-05-17	0.007513541848680757	-0.0006989341254586606	0.008212475974139542	-0.006639874191857339	0.007513541848680757	2968047
2024-05-16	-0.004176091874021263	0.0005220114842526734	0.004785105272315966	-0.004785105272315966	-0.004176091874021263	2860006
2024-05-15	-0.02153741380778072	-0.0023835872988848313	0.0019579467097982804	-0.021877926279049914	-0.02153741380778072	3656140
2024-05-14	0.0035882101665954866	-0.0014523707817172295	0.014352840666381947	-0.0014523707817172295	0.0035882101665954866	2853859
2024-05-13	-0.007966776845495361	-0.00584795321637425	0.0	-0.014747012458682896	-0.007966776845495361	3231762
2024-05-10	-0.010317060895822882	8.387854386852136e-05	0.0020130850528434397	-0.015349773527931541	-0.010317060895822882	3485577
2024-05-09	0.01749594606127846	0.0	0.02236067252709742	-0.005547495092600543	0.01749594606127846	4934237
2024-05-08	-0.012140628952027634	0.00016861984655590608	0.007925132788129143	-0.015260096113312556	-0.012140628952027634	4103000
2024-05-07	0.003044397463002109	0.002959830866807563	0.00887949260042281	-0.005496828752642754	0.003044397463002109	4670564
2024-05-06	0.04590482929418006	0.017159030603219508	0.04944277374845218	0.012736600035379424	0.04590482929418006	8523199
2024-04-30	-0.011972384864109101	-0.0005243380232456722	-0.0005243380232456722	-0.014856243991960174	-0.011972384864109101	4597630
2024-04-29	0.027014898581942247	8.975049362776087e-05	0.040208221145216334	-0.005474780111290607	0.027014898581942247	6515193
2024-04-26	0.018557454977603083	-0.0028338970655453176	0.023219672730597003	-0.003290977237407436	0.018557454977603083	6004741
2024-04-25	-0.001916058394160527	-0.005200729927007237	0.01459854014598548	-0.005200729927007237	-0.001916058394160527	3876691
2024-04-24	-0.011722272317403169	-0.003606853020739456	-0.0010820559062218625	-0.017042380522993693	-0.011722272317403169	4033607
2024-04-23	0.004528985507246377	-0.0036231884057971527	0.010144927536231797	-0.013677536231884103	0.004528985507246377	4911530
2024-04-22	-0.0634543603664743	-0.03291482863929416	-0.026891754326433676	-0.07660332541567698	-0.0634543603664743	10634348
2024-04-19	0.01664510564898657	-0.005605864596809018	0.02104355325571365	-0.01604139715394566	0.01664510564898657	5238383
2024-04-18	-0.04315893711833639	-0.02789239148374327	-0.02789239148374327	-0.04885294603069815	-0.04315893711833639	5144466
2024-04-17	0.002481800132362768	-0.005542686962276652	0.004715420251489142	-0.01968894771674384	0.002481800132362768	6253870
2024-04-16	-0.00033079722130339274	-0.0018193847171683664	0.020344029110155423	-0.00744293747932522	-0.00033079722130339274	5768860
2024-04-15	0.024658927209558482	0.0010168629777136712	0.02957376493517494	0.0010168629777136712	0.024658927209558482	4746404
2024-04-12	0.0026338147833475127	0.006711979609175803	0.03449447748513171	0.0026338147833475127	0.0026338147833475127	3528282
2024-04-11	-0.0032181571815717773	-0.005758807588075818	0.006266937669376651	-0.007791327913279147	-0.0032181571815717773	2677584
2024-04-10	-0.025099075297225944	8.256274768816797e-05	0.00016512549537645328	-0.032529722589167746	-0.025099075297225944	3554058
2024-04-09	0.014490325822933277	-0.0003350364352123817	0.015160398693357922	-0.009129742859536003	0.014490325822933277	2700878
2024-04-08	-0.028559804719284012	-0.0024410089503662438	0.0006509357200976264	-0.02864117168429626	-0.028559804719284012	3662636
2024-04-03	-0.002435064935064912	-0.0016233766233766465	0.0077110389610389836	-0.0068993506493507184	-0.002435064935064912	2409566
2024-04-02	-0.004524886877828072	0.0013736263736263874	0.0013736263736263874	-0.015837104072398255	-0.004524886877828072	2995518
2024-04-01	0.029702970297029764	0.00199683833929619	0.03502787253515274	0.00024960479241202375	0.029702970297029764	4428038
2024-03-29	-0.009885493038965342	-0.0015652030645028233	0.00041189554329019816	-0.0188648158826922	-0.009885493038965342	3326289
2024-03-28	0.0059666860031490744	-0.0038949200298334205	0.0157454213971989	-0.006049556642081743	0.0059666860031490744	3212049
2024-03-27	-0.014938775510204068	-0.003918367346938808	-0.001306122448979564	-0.01518367346938775	-0.014938775510204068	3070622
2024-03-26	-0.005520376684526764	0.0	0.005033284624127215	-0.019564864426043275	-0.005520376684526764	4495653
2024-03-25	-0.021992854307264754	-0.0036522429535530603	0.005557761016276323	-0.022786820166732866	-0.021992854307264754	4714534
2024-03-22	-0.01693724633156417	-0.004214798626287904	-0.0020293474867312295	-0.019200749297533622	-0.01693724633156417	4399272
2024-03-21	-0.007514137423502974	-0.005422573398404346	0.009063444108761233	-0.015260670849794707	-0.007514137423502974	6195613
2024-03-20	-0.025735849056603748	0.0007547169811320326	0.0033962264150942537	-0.03547169811320757	-0.025735849056603748	10769248
2024-03-19	0.014859068627450962	-0.00045955882352942916	0.017616421568627538	-0.006587009803921673	0.014859068627450962	6209051
2024-03-18	0.017535655833528174	0.0014807887148312502	0.017535655833528174	-0.006234899851921106	0.017535655833528174	4668668
2024-03-15	0.002343566908835336	-0.0014061401453010908	0.01781110850714789	-0.0093742676353409	0.002343566908835336	4382811
2024-03-14	-0.0021825551484917073	0.02104606750331294	0.025411177800296357	-0.012549692103827151	-0.0021825551484917073	5787933
2024-03-13	-0.017010190789977772	-0.0039077465328326635	-0.001225959696574949	-0.021837407095241703	-0.017010190789977772	4338665
2024-03-12	0.020486355461724844	0.003987802017358708	0.020486355461724844	0.001329267339119569	0.020486355461724844	5318543
2024-03-11	0.018232484076433172	0.00039808917197461284	0.01894904458598734	-0.003980891719745223	0.018232484076433172	3768035
2024-03-08	0.004077064513550171	0.001279079063074559	0.018066991765928457	-0.000719481972979482	0.004077064513550171	2764612
2024-03-07	-0.031361313303391536	-0.00875019358835369	-0.001858448195756394	-0.031361313303391536	-0.031361313303391536	4905190
2024-03-06	-0.011103453556934045	-0.004594532506317439	0.002986446129106259	-0.015161957270847612	-0.011103453556934045	3581489
2024-03-05	0.0004596644449552001	-0.007890906305063979	0.013713322607829556	-0.011721443346357168	0.0004596644449552001	4629118
2024-03-04	0.011076684740511284	0.0	0.02927962819519753	-0.00464756003098369	0.011076684740511284	4672211
2024-03-01	0.004669260700389061	-0.0032684824902722764	0.011673151750972763	-0.007626459143968902	0.004669260700389061	3258523
2024-02-29	0.021056813667064012	-0.007548669050456803	0.02248708780294011	-0.010568136670639638	0.021056813667064012	4356578
2024-02-28	-0.003957261574990107	0.0030075187969925577	0.04724970320538187	-0.003957261574990107	-0.003957261574990107	6754423
2024-02-27	0.009185303514376929	-0.0015974440894568917	0.009185303514376929	-0.0059904153354632585	0.009185303514376929	3613502
2024-02-26	0.0022414345180915875	0.00024015369836696395	0.015850144092219052	-0.008805635606788412	0.0022414345180915875	3994203
2024-02-23	-0.004462862607586884	7.969397513540727e-05	0.0021517373286579215	-0.013308893847625132	-0.004462862607586884	3121960
2024-02-22	0.012915724895059804	-0.0037939941879237883	0.013803680981595156	-0.00468195027445914	0.012915724895059804	3727637
2024-02-21	0.00715447154471541	-0.007235772357723582	0.021626016260162573	-0.010569105691056888	0.00715447154471541	5683044
2024-02-20	0.010101010101010135	-0.006323396567298974	0.018313213435164687	-0.012564671101256477	0.010101010101010135	4635654
2024-02-19	0.013651877133105807	0.013069175060351348	0.021227004078914605	-0.006909181719803532	0.013651877133105807	4939624
2024-02-08	0.005271966527196615	0.009037656903765677	0.012301255230125513	-0.007782426778242735	0.005271966527196615	5856382
2024-02-07	0.0042860744600387015	0.004202033784351626	0.01983359946213967	-0.009916799731069776	0.0042860744600387015	7075819
2024-02-06	0.0748870822041553	-0.007407407407407474	0.07497741644083104	-0.013459801264679395	0.0748870822041553	7655848
2024-02-05	-0.005390835579514774	-0.011680143755615428	0.011410601976639676	-0.044654088050314455	-0.005390835579514774	7297654
2024-02-02	-0.029134682484298704	0.0	0.01151430565247726	-0.049720865317515725	-0.029134682484298704	5948829
2024-02-01	0.003413566739606132	-0.007002188183807415	0.022669584245076615	-0.012078774617067793	0.003413566739606132	4052607
2024-01-31	-0.027162806539509518	-0.005364441416893694	0.002809945504087179	-0.0286955040871935	-0.027162806539509518	4836989
2024-01-30	-0.03532117627731228	-0.010924921964843095	-0.008707080663709447	-0.03532117627731228	-0.03532117627731228	4070649
2024-01-29	-0.002376464803736837	0.0065557649758255935	0.0065557649758255935	-0.024092436286159122	-0.002376464803736837	4156024
2024-01-26	-0.01604579906466695	-0.010643444605708702	0.0020158039025963553	-0.02322206095790998	-0.01604579906466695	4670754
2024-01-25	0.005431698419132564	-0.005431698419132449	0.01313336035670859	-0.02286177543575187	0.005431698419132564	6865283
2024-01-24	0.013308140967715355	0.006243325392261487	0.013554588022673059	-0.03343465045592711	0.013308140967715355	7150539
2024-01-23	0.0	-0.005996878337303902	0.0018894274213422308	-0.013390289986034747	0.0	4352293
2024-01-22	-0.016879340978840165	-0.0015344855435309138	-0.0015344855435309138	-0.030528186076562647	-0.016879340978840165	5519542
2024-01-19	-0.013150553917271107	-0.00478201960628034	0.00023910098031402834	-0.019446879732206886	-0.013150553917271107	4528327
2024-01-18	0.01958394279213389	-0.0022753128555176427	0.022915650901998968	-0.015845928815212115	0.01958394279213389	7463748
2024-01-17	-0.007820688543094404	-0.00024187696525035182	0.010884463436265373	-0.007820688543094404	-0.007820688543094404	7466744
2024-01-16	0.011416456005871368	0.0005708228002936263	0.011742640463181912	-0.01247655549213081	0.011416456005871368	8264867
2024-01-15	-0.018960000000000036	0.0007999999999999545	0.006559999999999945	-0.020960000000000038	-0.018960000000000036	10889103
2024-01-12	-0.06303875271718759	-0.046473277865227515	-0.028108837418484373	-0.08552582265197509	-0.06303875271718759	21950016
2024-01-11	-0.03291047480971361	-0.003117071402681975	-0.003117071402681975	-0.06857557085900674	-0.03291047480971361	7690968
2024-01-10	-0.00245860148962328	7.231180851847081e-05	0.01713789861884449	-0.011642201171451191	-0.00245860148962328	2189562
2024-01-09	0.004722464399883796	0.0001453065969195745	0.014094739901191705	-0.013368206916593833	0.004722464399883796	3014838
2024-01-08	-0.015591474753254234	-0.009798312115577204	0.012730653697611224	-0.019811185810327436	-0.015591474753254234	2530057
2024-01-05	-0.03784750894577484	-0.0057803468208092726	-0.005642719515551839	-0.040393614093036094	-0.03784750894577484	4190228
2024-01-04	0.005605148432634436	0.00034599681682936386	0.007058335063317489	-0.015639056120683628	0.005605148432634436	3782158
2024-01-03	-0.006326067523894766	-0.0062573059203740395	0.012239565426665757	-0.011345664580898066	-0.006326067523894766	2744633
2024-01-02	-0.0025377229080933094	0.0	0.004663923182441553	-0.013923182441700967	-0.0025377229080933094	3867674
2023-12-29	-0.007150153217568832	0.0	0.007831120190670792	-0.007831120190670792	-0.007150153217568832	3254641
2023-12-28	0.03320903398297333	-0.0030957574051924137	0.04130021811018086	-0.006472947301765901	0.03320903398297333	4604655
2023-12-27	0.0012680521310321016	-0.0010567101091932178	0.006551602676998992	-0.01056710109193378	0.0012680521310321016	2503104
2023-12-26	-0.012521739130434861	0.004034782608695739	0.004034782608695739	-0.018504347826086932	-0.012521739130434861	2338903
2023-12-25	0.020951704545454464	-0.005681818181818262	0.02698863636363624	-0.0077414772727272966	0.020951704545454464	3319223
2023-12-22	0.0008529997156667937	0.0007819164060277596	0.014003411998862658	-0.00689508103497298	0.0008529997156667937	2857286
2023-12-21	0.014421690222094028	-0.004254398615517763	0.020046149408710707	-0.006489760599942354	0.014421690222094028	3089952
2023-12-20	-0.014496873223422342	0.0022029562251279296	0.005827174530983465	-0.015065378055713506	-0.014496873223422342	2198256
2023-12-19	-0.006425192402739509	0.0	0.0003530325496011535	-0.015039186613005687	-0.006425192402739509	2359086
2023-12-18	0.0005651713175555215	-0.007064641469445425	0.01935711762628033	-0.009607912398445875	0.0005651713175555215	3153495
2023-12-15	-0.0126255580357143	0.004394531249999968	0.0065569196428571265	-0.01764787946428572	-0.0126255580357143	3483707
2023-12-14	-0.009739586930993966	0.002763003384678989	0.011604614215652264	-0.012019064723354348	-0.009739586930993966	3324747
2023-12-13	-0.021692120556831868	-0.0020273009866196984	0.003311258278145757	-0.02351669144478977	-0.021692120556831868	4438721
2023-12-12	-0.01405823172763018	0.0	0.004797121726963814	-0.019188486907855257	-0.01405823172763018	4111505
2023-12-11	-0.008390591966173429	-0.003237315010570884	-0.003237315010570884	-0.024180761099365913	-0.008390591966173429	5013020
2023-12-08	0.006516824045750886	0.0	0.015427583455246663	-0.007514297113977893	0.006516824045750886	5240217
2023-12-07	-0.015322158198009452	-0.0047145102147721244	-6.547930853844229e-05	-0.024292823467784233	-0.015322158198009452	4460519
2023-12-06	-0.0007197539750049966	-6.543217954602713e-05	0.006804946672773617	-0.01315186808872616	-0.0007197539750049966	3607755
2023-12-05	-0.00708160083160067	-0.0007796257796256246	0.00376819126819135	-0.014617983367983369	-0.00708160083160067	4032265
2023-12-04	-0.03127950154194725	-0.0008811127194913863	-0.0005664296053872176	-0.046006671282018845	-0.03127950154194725	5792222
2023-12-01	-0.012430853378084406	0.002859096276959463	0.004350798682329648	-0.023059233016346447	-0.012430853378084406	3632231
2023-11-30	-0.00862653275001544	-0.004806211103580018	0.00745578901965622	-0.01688335695360146	-0.00862653275001544	3386394
2023-11-29	-0.008492179863147695	-0.0001832844574780128	0.008064516129032216	-0.022360703812316692	-0.008492179863147695	4160947
2023-11-28	0.06292616403662574	0.012403402818364806	0.0716280277940126	0.012143645691278683	0.06292616403662574	7741232
2023-11-27	-0.02445359518530241	-0.014950902755780711	-0.01450744377573641	-0.04219195438707632	-0.02445359518530241	5620865
2023-11-24	0.008432888264230455	-0.0033220468919696556	0.012393790327732688	-0.004471986200728222	0.008432888264230455	3488871
2023-11-23	-0.010868878357030008	0.0	0.004676145339652506	-0.020663507109004803	-0.010868878357030008	4324949
2023-11-22	-0.020548369127932124	-0.0060035897753295715	-0.0009283901714427535	-0.02141486662127858	-0.020548369127932124	3411993
2023-11-21	0.0014876340420255417	-6.198475175118903e-05	0.016549928717535408	-0.006260459926858112	0.0014876340420255417	3426237
2023-11-20	0.019978504141114153	0.010305367642410216	0.047796674464184126	0.010305367642410216	0.019978504141114153	5316510
2023-11-17	-0.002019054829957862	-0.004353586977096332	0.007508360148905279	-0.010663133320714226	-0.002019054829957862	2776265
2023-11-16	-0.004147031102733249	-0.006094879044926163	0.0336160854539742	-0.015645617342130123	-0.004147031102733249	4781349
2023-11-15	0.010476190476190512	0.006285714285714343	0.020317460317460245	0.004698412698412756	0.010476190476190512	3921251
2023-11-14	0.00127145581691029	-0.00025429116338220254	0.006102987921169609	-0.0061665607120152495	0.00127145581691029	3083256
2023-11-13	-0.01951006669575513	0.003552951442996903	0.003552951442996903	-0.023873340397681308	-0.01951006669575513	5110451
2023-11-10	0.022498406628425754	-0.007775653282345436	0.038113448056086616	-0.012874442319949077	0.022498406628425754	7795883
2023-11-09	0.0019796921897950208	0.002618302573599825	0.017306341401111234	-0.012197458330672435	0.0019796921897950208	5124511
2023-11-08	0.02346405228758172	-0.0016339869281045752	0.04705882352941169	-0.007777777777777763	0.02346405228758172	8686435
2023-11-07	0.006711409395973222	-0.003947887879984171	0.017502302934596637	-0.005066456112646282	0.006711409395973222	4849355
2023-11-06	0.005491233873635356	0.00562355276215676	0.01329804829639425	-0.0009923916639100606	0.005491233873635356	5441016
2023-11-03	-0.004806426125888792	0.008164340268633191	0.010666315512246541	-0.008427706083750337	-0.004806426125888792	4459100
2023-11-02	-0.028403275332650958	0.0	0.0042860798362334696	-0.03083418628454448	-0.028403275332650958	7888273
2023-11-01	0.00449813648631274	0.0023133273358179234	0.0163218095360493	-0.010409973011181111	0.00449813648631274	5113918
2023-10-31	0.006532565810749569	-0.00394541103421521	0.0197917340404888	-0.017980725696914824	0.006532565810749569	6477586
2023-10-30	0.02635422198619243	0.015666489644184902	0.033457249070632106	0.009028146574615068	0.02635422198619243	10699528
2023-10-27	0.05416375087473744	-0.0027991602519244624	0.06745976207137849	-0.008397480755773387	0.05416375087473744	11582855
2023-10-26	0.014050525120635952	-0.0027675276752766563	0.02327561737155834	-0.008160658529662058	0.014050525120635952	4741580
2023-10-25	0.0065714285714284825	-0.0070714285714286364	0.029285714285714245	-0.0070714285714286364	0.0065714285714284825	7667474
2023-10-24	0.07172931179667767	0.018142846206843793	0.09523080456250477	0.0028324274668912546	0.07172931179667767	9479432
2023-10-23	0.00724805304957975	-0.005320379366180876	0.010794972627033739	-0.021667052201403365	0.00724805304957975	3041928
2023-10-20	-0.023345131410497738	-0.005949243165900987	-0.0021838993900142483	-0.028465998945703754	-0.023345131410497738	3493537
2023-10-19	-0.017752792366299324	-0.004364228123381933	-0.003846438346031587	-0.022782750203417294	-0.017752792366299324	3304496
2023-10-18	-0.028318838496370284	-0.005534392294975791	-0.005246891396535541	-0.028965715517861004	-0.028318838496370284	3375596
2023-10-17	-0.023649122807017576	7.01754385964274e-05	0.002175438596491244	-0.03382456140350872	-0.023649122807017576	3944365
2023-10-16	0.00685367059987281	0.0004945947855577841	0.025930898042817688	-0.0012011587649260757	0.00685367059987281	5674095
2023-10-13	-0.000423758740024029	-0.003460696376862837	0.008969559997175013	-0.007768910233773531	-0.000423758740024029	2904512
2023-10-12	0.0019814592031703426	0.008987332814379806	0.011959521619135218	-0.009907296015851714	0.0019814592031703426	3118348
2023-10-11	0.02191206248192075	7.231703789406208e-05	0.04454729534278273	7.231703789406208e-05	0.02191206248192075	6999443
2023-10-10	-0.009597478871221912	0.0012175906030653738	0.01940982667239656	-0.012963758773814655	-0.009597478871221912	3075278
2023-10-09	0.004460431654676291	0.0	0.005035971223021501	-0.01582733812949632	0.004460431654676291	4359555
2023-09-28	0.010321267626108355	0.0005087948829771273	0.017153656054659	0.00014536996656477547	0.010321267626108355	4499737
2023-09-27	0.006511083473553404	-0.0022679054795522883	0.012290584534347844	-0.0022679054795522883	0.006511083473553404	4024981
2023-09-26	-0.0024812084944902824	-0.0005838137634095636	0.006786834999635166	-0.005619207472816246	-0.0024812084944902824	1975055
2023-09-25	0.007721723782909335	-0.003603471098690842	0.014855125753787397	-0.005883218120311686	0.007721723782909335	3605880
2023-09-22	0.018805724132763848	-0.003521390574660964	0.018880647336480184	-0.007117704353038051	0.018805724132763848	3344274
2023-09-21	-0.012284466809738746	-0.004514171538518355	0.0033301265448088292	-0.013320506179234685	-0.012284466809738746	2619546
2023-09-20	-0.0025097807632686454	7.381708127253935e-05	0.0027312320070864734	-0.003395585738539957	-0.0025097807632686454	1977518
2023-09-19	-0.004189944134078163	-0.000220523375477809	0.0023522493384300325	-0.00727727139076728	-0.004189944134078163	2197609
2023-09-18	0.007703703703703645	0.0009629629629629293	0.012074074074074041	-0.0015555555555556144	0.007703703703703645	2635033
2023-09-15	0.0023015814091617956	0.0008909347390303998	0.01848689583488016	-0.0013364021085455998	0.0023015814091617956	4041274
2023-09-14	-0.003551083820374268	-0.0008137900421690111	0.004882740253014908	-0.011615003329141033	-0.003551083820374268	1861610
2023-09-13	-0.012781186094069532	-0.002191060473268938	0.004966403739409924	-0.015629564709319213	-0.012781186094069532	2519902
2023-09-12	0.0010967317394163724	-0.004313811508371744	0.003728887914016165	-0.01294143452511523	0.0010967317394163724	3402794
2023-09-11	0.005957634598411313	0.0010297146219475312	0.014636657840541193	-0.002353633421594745	0.005957634598411313	3459942
2023-09-08	0.0004415011037527761	-0.00036791758646071646	0.014201618837380477	-0.0015452538631347164	0.0004415011037527761	1685686
2023-09-07	-0.016215433618068487	0.0014478065730419653	0.0014478065730419653	-0.016360214275372747	-0.016215433618068487	2676738
2023-09-06	-0.009820084581750446	-0.005089240914629629	-0.005089240914629629	-0.01670131173392577	-0.009820084581750446	2835757
2023-09-05	-0.0036423368090274196	-0.0015712041136980348	-0.0004999285816313498	-0.007427510355663622	-0.0036423368090274196	1964216
2023-09-04	0.01588913879416671	0.007037655082347811	0.02256402815062022	0.004062976130015046	0.01588913879416671	3668267
2023-09-01	0.002400000000000091	-0.002545454545454504	0.009309090909090918	-0.002545454545454504	0.002400000000000091	1734849
2023-08-31	-0.009722722362261392	-0.005329492257832054	-0.0010082823190492357	-0.011883327331652904	-0.009722722362261392	2160952
2023-08-30	0.0028891296496930713	0.0002166847237269855	0.016251354279523296	-0.002816901408450606	0.0028891296496930713	3023173
2023-08-29	0.00903724218351418	-0.0002186429560527741	0.019677866044748842	-0.0029881203993877745	0.00903724218351418	5129807
2023-08-28	0.0015328467153285252	0.051094890510948905	0.060218978102189784	-0.004306569343065719	0.0015328467153285252	6190534
2023-08-25	-0.018484023499068723	0.003009027081243641	0.003009027081243641	-0.022782633615131154	-0.018484023499068723	4848534
2023-08-24	0.07584399568367506	0.0405426237089563	0.08740558039155236	0.032218282719284556	0.07584399568367506	9995858
2023-08-23	-0.011354111102644067	-0.00022860626381163713	0.009449058904214045	-0.014402194620132489	-0.011354111102644067	3590014
2023-08-22	-0.036207403055229195	0.0030846063454760277	0.00528789659224441	-0.08930669800235015	-0.036207403055229195	7107451
2023-08-21	-0.012044695980264088	-0.00021767522855899824	0.0036279204759831667	-0.01262516325642128	-0.012044695980264088	2213188
2023-08-18	-0.021164772727272855	0.0	0.0020596590909090343	-0.021235795454545518	-0.021164772727272855	2633614
2023-08-17	0.030143400643839656	-0.006438396254023964	0.03548434299092767	-0.007535850160959914	0.030143400643839656	5721089
2023-08-16	-0.003790087463556719	-0.0014577259475217832	0.017419825072886405	-0.008673469387755086	-0.003790087463556719	3900661
2023-08-15	-0.00680469089329664	0.0	0.0002895613146085165	-0.014188504415809901	-0.00680469089329664	1826713
2023-08-14	0.007732710825794965	-0.008608112051356922	0.008972862562007512	-0.012547417566384583	0.007732710825794965	2956911
2023-08-11	-0.018894932722587937	-0.003936444317205922	0.0038648726023474953	-0.019395934726596106	-0.018894932722587937	3212178
2023-08-10	0.0004296147787484052	-0.005799799513103267	0.004582557639982921	-0.01310325075182575	0.0004296147787484052	2918184
2023-08-09	0.014381173736199808	0.002106333527019117	0.021063335270191788	-0.0013073794305636752	0.014381173736199808	5323392
2023-08-08	-0.004698908407431545	-0.002385599653003777	0.0057109809874936164	-0.011638834670715055	-0.004698908407431545	4109368
2023-08-07	-0.04236760124610576	-0.003946002076843151	-0.003946002076843151	-0.04444444444444436	-0.04236760124610576	7464135
2023-08-04	0.0019421516265519952	0.0027745023236457355	0.010751196504127153	-0.0011791634875493342	0.0019421516265519952	3982677
2023-08-03	0.004739006202522673	-0.002717959439682311	0.005157153808627644	-0.004669314934838776	0.004739006202522673	4279995
2023-08-02	-0.012932517025521053	-0.003989819082341697	0.0014445896677444312	-0.016509596202792912	-0.012932517025521053	4849370
2023-08-01	-0.03222155648758407	-0.004593569003395232	-0.004593569003395232	-0.03668197856334478	-0.03222155648758407	7040078
2023-07-31	-0.027704058515114253	-0.003106997216648444	0.005760890672535351	-0.031005243057803226	-0.027704058515114253	8128809
2023-07-28	0.03552516924726866	0.04283128896038618	0.04919900797640595	0.01669012668409417	0.03552516924726866	8820726
2023-07-27	0.006001348617666799	0.002697235333782719	0.01139581928523262	-0.007754551584625797	0.006001348617666799	3333519
2023-07-26	0.015614299411039591	-0.0015066429256266186	0.028968634433639156	-0.005547185317079867	0.015614299411039591	4696243
2023-07-25	0.01912339475153552	0.011585706309324376	0.028056951423785666	0.009910664433277412	0.01912339475153552	3375158
2023-07-24	-0.0030615084887280664	-0.004940161424993097	0.00890620651266352	-0.010576120233787992	-0.0030615084887280664	1702435
2023-07-21	0.008066213088307538	-0.003436908185452625	0.01837693764466581	-0.0053307147366205435	0.008066213088307538	2835589
2023-07-20	-0.008829254727475044	0.004588431590656261	0.01487764182424907	-0.01091490545050051	-0.008829254727475044	1756633
2023-07-19	0.0060148272485663285	-0.003287173031193166	0.0098615190935795	-0.006364526507203781	0.0060148272485663285	1864840
2023-07-18	0.0014007564084604891	0.00014007564084612853	0.0028015128169211773	-0.015268244852220246	0.0014007564084604891	2014443
2023-07-17	-0.013950276243093992	-0.0031077348066299517	-0.0031077348066299517	-0.01933701657458571	-0.013950276243093992	1697720
2023-07-14	-0.008287103623039378	-6.848845969447919e-05	-6.848845969447919e-05	-0.01719060338332985	-0.008287103623039378	2194106
2023-07-13	0.021048951048950985	0.004895104895104816	0.03496503496503497	0.0018881118881119597	0.021048951048950985	5504648
2023-07-12	-0.012021555893326026	0.0004836258118004226	0.0017963244438302535	-0.01450877435401425	-0.012021555893326026	2425613
2023-07-11	-0.0022747639070792316	0.0026194251051216344	0.013234990004825368	-0.007168952919280293	-0.0022747639070792316	2016533
2023-07-10	0.02371039446757452	0.009103097875943772	0.04685625573354023	0.0020464328558322774	0.02371039446757452	4821388
2023-07-07	-0.001479706877113723	-0.0037344983089064344	0.007609921082299976	-0.00789177001127379	-0.001479706877113723	1678271
2023-07-06	-0.0158113730929265	-0.0029126213592232143	0.002773925104022231	-0.0158113730929265	-0.0158113730929265	2376997
2023-07-05	-0.0008314855875831801	0.000554323725055519	0.00879988913525506	-0.005681818181818135	-0.0008314855875831801	3149182
2023-07-04	0.013411979495821898	-0.0049153851555367506	0.01790604592374139	-0.009760550523137325	0.013411979495821898	4575709
2023-07-03	0.04482758620689644	0.027146001467351345	0.07300073367571525	0.027146001467351345	0.04482758620689644	8549615
2023-06-30	0.00360798173919453	0.0	0.016051837125395825	-0.004123407701936545	0.00360798173919453	3926153
2023-06-29	7.36377025036149e-05	0.0001472754050072298	0.007216494845360749	-0.009351988217967674	7.36377025036149e-05	2653658
2023-06-28	-0.01365485183033117	7.263219058680204e-05	0.009442184776292729	-0.015833817547937296	-0.01365485183033117	3332976
2023-06-27	0.007095311242776672	0.007241606319947192	0.015360983102918545	-0.00014629507717072804	0.007095311242776672	2312229
2023-06-26	-0.010423452768729625	-0.015562794064422769	-0.0018096272167933405	-0.01795150199059007	-0.010423452768729625	3154924
2023-06-21	-0.014973262032085521	0.00021390374331551611	0.003065953654188997	-0.015614973262032069	-0.014973262032085521	2922794
2023-06-20	-0.0002851236723928437	7.128091809836287e-05	0.010050609451849716	-0.004348136003991626	-0.0002851236723928437	2957213
2023-06-19	-0.021141501535026523	-0.0015350265140943265	0.005442366731789012	-0.02602567680714478	-0.021141501535026523	5116182
2023-06-16	-0.01511819681143497	-0.004260582737768036	0.0029549202858712093	-0.020409565695437046	-0.01511819681143497	5177472
2023-06-15	0.07363140032462756	0.003393832079091102	0.07975505385863954	-0.00664010624169991	0.07363140032462756	10884165
2023-06-14	0.004074375879694666	7.407956144892885e-05	0.021186754574412808	-0.003629898511000882	0.004074375879694666	4853282
2023-06-13	-0.01214782290523232	-0.002341748993779679	0.004098060739114543	-0.020490303695572712	-0.01214782290523232	5660102
2023-06-12	-0.002845884413309883	-0.001970227670752932	0.004524226503210775	-0.018023934617629883	-0.002845884413309883	7163360
2023-06-09	-0.028911564625850428	-0.0043934240362812115	-0.0021967120181406057	-0.033588435374149725	-0.028911564625850428	8063341
2023-06-08	-0.004163432361865806	-0.018206195751887744	0.019970362006915418	-0.02074659515912778	-0.004163432361865806	10026666
2023-06-07	-0.10002540327702274	0.0003810491553410534	0.006477835640797547	-0.10002540327702274	-0.10002540327702274	13532717
2023-06-06	-0.009311689945891467	-0.00031458411979370433	-0.00031458411979370433	-0.012080030200075422	-0.009311689945891467	2466738
2023-06-05	-0.011567164179104562	0.0011815920398009808	0.0043532338308457	-0.0181592039800996	-0.011567164179104562	3383500
2023-06-02	0.00751879699248131	-0.005012531328320695	0.00802005012531329	-0.0070175438596491516	0.00751879699248131	2646122
2023-06-01	0.0012547051442910202	-0.007465495608531981	0.011166875784190722	-0.010664993726474385	0.0012547051442910202	2503890
2023-05-31	-0.00611048759196901	-0.0008729267988526397	-6.235191420370934e-05	-0.016460905349794153	-0.00611048759196901	2848483
2023-05-30	-0.0038509316770186618	0.006086956521739067	0.010000000000000085	-0.01180124223602488	-0.0038509316770186618	3165238
2023-05-29	-0.029418857005063876	0.0	0.014890282131661435	-0.036110441282855135	-0.029418857005063876	5409983
2023-05-26	-0.006111443978430259	0.0006590772917914033	0.00892750149790282	-0.008388256440982659	-0.006111443978430259	1840239
2023-05-25	-0.003344082168876163	-5.971575301576094e-05	0.004538397229189006	-0.010808551295831853	-0.003344082168876163	2081554
2023-05-24	-0.014071239328819467	-0.004945540182514003	-0.0019428907859875425	-0.01907565498969668	-0.014071239328819467	2386776
2023-05-23	-0.006608960112293809	0.00011697274535039323	0.015791320622295105	-0.009825710609427878	-0.006608960112293809	2674804
2023-05-22	0.0022274325908557763	0.00427901524032836	0.014947245017585062	-0.0035169988276670242	0.0022274325908557763	2544372
2023-05-19	-0.0036792618115984083	0.0015184255095486733	0.007066518717514501	-0.010920983472522199	-0.0036792618115984083	2146542
2023-05-18	-0.009658762290341329	-0.00011567379988438537	0.00578368999421631	-0.01677270098322733	-0.009658762290341329	2718156
2023-05-17	-0.005178365937859641	-0.006904487917146243	0.010356731875719118	-0.014844649021864283	-0.005178365937859641	4103474
2023-05-16	0.03231171299596102	0.0008315514373959749	0.044191019244476104	0.0008315514373959749	0.03231171299596102	9216787
2023-05-15	0.03231344656324735	-0.0017781592985467657	0.03623766018762644	-0.005702372922926033	0.03231344656324735	6098978
2023-05-12	0.014746142359382805	-0.001368840219014428	0.02793678446988557	-0.0022399203583871653	0.014746142359382805	4396786
2023-05-11	-0.00464482566421007	0.0	0.007555583080448374	-0.00910385830185173	-0.00464482566421007	2470009
2023-05-10	0.008809196551293244	0.0005622891415719318	0.012120454829438946	-0.013932275396726163	0.008809196551293244	2368743
2023-05-09	-0.011120721611269067	-0.0003706907203756473	0.005683924379092965	-0.0143951563079205	-0.011120721611269067	2847095
2023-05-08	-0.01772059715984942	0.0	0.00370190557106436	-0.020148076222842537	-0.01772059715984942	3614131
2023-05-05	-0.008364927483901946	-0.0012035866883311588	6.0179334416677666e-05	-0.01576698561713893	-0.008364927483901946	3207852
2023-05-04	0.02001104904548518	-0.00012276717205825444	0.02713154502486045	-0.005340371984531364	0.02001104904548518	4689038
2023-04-28	-0.0023882424984691657	-0.006062461726883093	0.0066135946111450334	-0.009124311083894728	-0.0023882424984691657	3118949
2023-04-27	0.020561214924067376	-0.002124867195800284	0.02181113680394981	-0.009499406287106943	0.020561214924067376	5011168
2023-04-26	-0.004355671706801176	0.005537925455789847	0.005600149337315697	-0.009333582228859437	-0.004355671706801176	3286010
2023-04-25	-0.008819538670284807	-0.0039472061181694	0.0038855310225732326	-0.020476131738004152	-0.008819538670284807	4334095
2023-04-24	-0.008499969424570505	0.007766159114535621	0.02109704641350204	-0.014492753623188434	-0.008499969424570505	5923589
2023-04-21	0.021807048237940573	0.0015621094726318422	0.04098975256185955	0.0014996250937266253	0.021807048237940573	8461936
2023-04-20	-0.017436149312377233	-0.0021488212180746213	0.0018418467583497752	-0.02357563850687625	-0.017436149312377233	5943420
2023-04-19	-0.03352518839375782	-0.00925651219367473	-0.009078502343796363	-0.045392511718981815	-0.03352518839375782	8775206
2023-04-18	-0.0015995260663507714	-0.0216232227488152	0.05616113744075823	-0.0216232227488152	-0.0015995260663507714	15083423
2023-04-17	0.011990407673860911	-0.004976019184652353	0.017026378896882344	-0.013788968824940115	0.011990407673860911	7326979
2023-04-14	-0.005129428605511066	0.005010139568173705	0.016402242633901946	-0.012286770845759288	-0.005129428605511066	5411176
2023-04-13	0.012623059733043446	0.001389140544784793	0.012623059733043446	-0.018058827082200767	0.012623059733043446	5800234
2023-04-12	-0.006301764494058404	-0.0002400672188212222	0.004441243548193549	-0.007322050174048727	-0.006301764494058404	3189071
2023-04-11	-0.014549325762952495	-0.007570380884788272	0.007156375680151286	-0.020404542228530973	-0.014549325762952495	5503748
2023-04-10	-0.0039469808541972755	0.0020618556701030594	0.018969072164948447	-0.00913107511045662	-0.0039469808541972755	5174544
2023-04-07	0.031162677681934123	0.001700886891021754	0.03875592273113835	0.0	0.031162677681934123	7722151
2023-04-06	0.011427869255345379	6.14401572869214e-05	0.015605799950848001	-0.0076800196608503325	0.011427869255345379	5141277
2023-04-04	0.0010455747585951627	0.0024601759025770693	0.007442032105295577	-0.011070791561596724	0.0010455747585951627	5458407
2023-04-03	-0.00434782608695657	0.0	0.008450704225352084	-0.006797305572565913	-0.00434782608695657	5840082
2023-03-31	-0.0077773727062826654	0.0018228217280348944	0.005043140114230064	-0.01032932312553176	-0.0077773727062826654	4086606
2023-03-30	-0.0030892240596037974	0.0176267490459749	0.022896601853534444	-0.013810648737052523	-0.0030892240596037974	5389414
2023-03-29	-0.007096890599627153	-0.000781860828772622	0.0031274433150898042	-0.015577073434774784	-0.007096890599627153	3649571
2023-03-28	-0.010297619047618986	-0.0002976190476191153	0.002976190476190476	-0.014583333333333266	-0.010297619047618986	3342304
2023-03-27	0.0037641154328732474	-0.004600585529067397	0.017804863476130667	-0.019477803668518794	0.0037641154328732474	4832848
2023-03-24	-0.0015510350175982276	0.0	0.01944759291296302	-0.003758277158026579	-0.0015510350175982276	4712401
2023-03-23	-0.014694645271263152	-0.009580908716863549	-0.0008229001351906563	-0.024804561217892193	-0.014694645271263152	5606363
2023-03-22	0.0015305822099251833	0.0007652911049625917	0.010655206922941085	-0.0045917466297757175	0.0015305822099251833	5777198
2023-03-21	0.07751347922613383	0.0434506818902632	0.0908975578813827	0.03399936568347596	0.07751347922613383	14143170
2023-03-20	-0.05218541453736551	-0.02002044129140872	-0.016473276017555515	-0.055191486803342786	-0.05218541453736551	15536181
2023-03-17	-0.09994588744588744	0.0010822510822510207	0.005844155844155758	-0.10000000000000009	-0.09994588744588744	21828232
2023-03-16	0.0017889087656530196	-0.002927305252886605	0.012901826855315202	-0.00699300699300695	0.0017889087656530196	2934483
2023-03-15	-0.02910526315789474	0.002631578947368421	0.007894736842105263	-0.03331578947368428	-0.02910526315789474	5478193
2023-03-14	0.003963011889035667	-5.2840158520427507e-05	0.02509907529722589	-0.0034346103038309416	0.003963011889035667	3627407
2023-03-13	-0.01303780964797914	-0.0023468057366361856	0.004797913950456258	-0.02576271186440677	-0.01303780964797914	3751692
2023-03-10	-0.008787800465236436	-0.007495476867407541	0.00480744378392353	-0.02310674592918066	-0.008787800465236436	2871442
2023-03-09	0.014101488781715233	0.002201719438037408	0.028569930803103466	-0.0018871880897462006	0.014101488781715233	4201646
2023-03-08	0.010327842804936118	0.0009533393358402988	0.0190138234203697	-0.008738943911869105	0.010327842804936118	2880977
2023-03-07	-0.01942352635679049	-0.002856400934822183	0.009659828615943833	-0.02363022591534672	-0.01942352635679049	4215529
2023-03-06	-0.0039315089752211	0.003517665925197904	0.0046040039315089045	-0.014225854844550204	-0.0039315089752211	2861314
2023-03-03	0.0009320147051209383	5.1778594728891966e-05	0.019313415833894364	-0.0027442655206337757	0.0009320147051209383	2333734
2023-03-02	-0.01740015263291791	-0.004528109895700914	-0.0014245738997710564	-0.022233528364283918	-0.01740015263291791	3017234
2023-03-01	-0.0037508236606010477	0.00010137361244873148	0.004612499366414905	-0.016118404379339948	-0.0037508236606010477	2572356
2023-02-28	0.014866255144032852	0.0005144032921810407	0.025205761316872455	-0.0015946502057613285	0.014866255144032852	3063011
2023-02-27	-0.003690036900368998	-0.004458794587945902	0.005381303813038043	-0.01804018040180407	-0.003690036900368998	2960632
2023-02-24	-0.01349916578188982	0.0010617321401486827	0.0071287729409980115	-0.014004752515293907	-0.01349916578188982	2507819
2023-02-23	-0.015676321289937324	-0.004180352343983296	0.01990643973325371	-0.021150592216582064	-0.015676321289937324	4448336
2023-02-22	-0.0012922465208747064	0.0	0.028230616302186914	-0.009443339960238457	-0.0012922465208747064	5503055
2023-02-21	0.0	0.0	0.018836978131212826	-0.007604373757455274	0.0	3122234
2023-02-20	0.019870235198702287	-0.0013686131386861833	0.02519261962692619	-0.017690592051905967	0.019870235198702287	3806482
2023-02-17	0.003969465648854967	0.0	0.037201017811704845	-0.005597964376590302	0.003969465648854967	4611049
2023-02-16	-0.02190144350423099	-0.0022399203583873422	0.015430562468889967	-0.02598307615729218	-0.02190144350423099	5263944
2023-02-15	-0.019569567127031336	9.760382607003188e-05	0.009662778780928163	-0.024303352691425455	-0.019569567127031336	4288779
2023-02-14	-0.007170890062502979	0.00048451959881788237	0.011143950772808817	-0.013082029168079795	-0.007170890062502979	2949492
2023-02-13	0.025387519872813916	-0.006359300476947541	0.041236089030206736	-0.0070051669316375026	0.025387519872813916	6202416
2023-02-10	4.968450340334329e-05	0.0	0.02285487156555867	-0.007999205047945613	4.968450340334329e-05	4217768
2023-02-09	0.008265704839194497	0.0034064722973650274	0.00846608556256887	-0.003707043382426656	0.008265704839194497	3673178
2023-02-08	-0.000900900900900935	0.0010510510510509485	0.008158158158158135	-0.00400400400400406	-0.000900900900900935	2719470
2023-02-07	-0.0244140625	0.00024414062499991673	0.0058593749999999445	-0.028076171875	-0.0244140625	4259551
2023-02-06	0.02682376535472561	-0.009827024316871295	0.04246678365505139	-0.009827024316871295	0.02682376535472561	8068007
2023-02-03	-0.010075441731189206	-0.0033750248163588368	0.006303355171729255	-0.02198729402422066	-0.010075441731189206	4298239
2023-02-02	-0.00748768472906409	0.0002463054187192678	0.019655172413793148	-0.009556650246305408	-0.00748768472906409	4703715
2023-02-01	0.009448035803083071	0.009448035803083071	0.013426156141223358	-0.009945300845350571	0.009448035803083071	4482900
2023-01-31	-0.032661503679830645	-0.0020202991966904974	0.005050747991726449	-0.034489393429217315	-0.032661503679830645	5689976
2023-01-30	-0.0034036433365292806	0.011505273250239721	0.028763183125599234	-0.007526366251198433	-0.0034036433365292806	5336846
2023-01-20	-0.02432179607109456	0.0009354536950420422	0.004069223573433003	-0.02581852198316188	-0.02432179607109456	5735988
2023-01-19	0.01727173240709913	0.0019983822619784744	0.04058619213018034	-0.0008088690108007208	0.01727173240709913	5541182
2023-01-18	-0.01189468735307946	0.0020216267042783586	0.007428302773859956	-0.01998119417019276	-0.01189468735307946	3708351
2023-01-17	0.0007057163020464703	0.0006116207951070122	0.020936250294048404	-0.010538696777228929	0.0007057163020464703	5556970
2023-01-16	0.05170707570509657	-4.948045522014303e-05	0.08570014844136563	-4.948045522014303e-05	0.05170707570509657	11232953
2023-01-13	0.029022403258655745	-0.0029531568228106544	0.03834012219959267	-0.013391038696537655	0.029022403258655745	6436393
2023-01-12	-0.006575619625695413	0.011633788568538247	0.011633788568538247	-0.01512392513909955	-0.006575619625695413	4430836
2023-01-11	-0.01661360923199365	-0.002188619180262623	0.013479904496617628	-0.01755869478710705	-0.01661360923199365	6106227
2023-01-10	0.028337595907928347	-0.0025575447570332483	0.045984654731457845	-0.011355498721227616	0.028337595907928347	10068924
2023-01-09	0.025546870901746864	-5.2457640455284614e-05	0.0466873000052458	-0.006452289776005822	0.025546870901746864	10533430
2023-01-06	-0.00010490427484925377	0.007081038552320977	0.00970364542355098	-0.027275111460792117	-0.00010490427484925377	11040448
2023-01-05	0.07827611560432104	0.006673830665686368	0.09999434421130031	0.0019229681579096397	0.07827611560432104	18007964
2023-01-04	0.004830643328029065	-0.002614230506933439	0.006194589679472627	-0.014946578767901769	0.004830643328029065	4332595
2023-01-03	0.057134274556924124	0.0035446079903875246	0.07287473715830595	0.0035446079903875246	0.057134274556924124	9694973
2022-12-30	-0.009638840959124201	-0.0005354911643958078	0.015469744749211605	-0.015172249657880544	-0.009638840959124201	4714182
2022-12-29	-0.004442601587489634	-0.00485724440232196	0.012972396635469717	-0.009299845989811593	-0.004442601587489634	5190444
2022-12-28	-0.017917393833624274	-0.0011634671320536188	-0.0011634671320536188	-0.02181500872600349	-0.017917393833624274	3926455
2022-12-27	0.014159292035398263	0.006017699115044308	0.01533923303834805	-0.007846607669616593	0.014159292035398263	4456387
2022-12-26	-0.0051065328402888095	0.0	0.0036978341257263335	-0.01584786053882736	-0.0051065328402888095	2826825
2022-12-23	0.008464543624955646	-0.01018112939505149	0.016218775896768137	-0.013495915709719433	0.008464543624955646	2777685
2022-12-22	0.010769414861792578	0.005863348091420475	0.0329663754935983	-0.006820629412468508	0.010769414861792578	4623541
2022-12-21	0.0033617481090165314	0.0030015608116220433	0.018069396085964647	-0.004682434866130394	0.0033617481090165314	2766458
2022-12-20	-0.005492537313432761	0.0029850746268656717	0.010567164179104539	-0.014925373134328358	-0.005492537313432761	3669194
2022-12-19	-0.03235124205661464	0.003466204506065825	0.003466204506065825	-0.035066435586366226	-0.03235124205661464	3615415
2022-12-16	0.004060324825986013	-0.002320185614849221	0.008004640371229672	-0.00580046403712297	0.004060324825986013	2641427
2022-12-15	-0.023506088926649706	-0.0036816765788728724	0.010025488530161324	-0.02877371849334473	-0.023506088926649706	5134096
2022-12-14	-0.0037243947858472803	-0.001185034704587822	0.0013543253766716363	-0.01811410191298464	-0.0037243947858472803	4283221
2022-12-13	-0.004382268666779039	-0.0011798415641328611	0.00500028091465805	-0.017360525872240032	-0.004382268666779039	3652764
2022-12-12	-0.001570651259325748	0.0	0.011387221630111634	-0.0067313625399675605	-0.001570651259325748	3054417
2022-12-09	0.0028126230522585362	0.012431793890982614	0.012431793890982614	-0.008719131462001525	0.0028126230522585362	5095327
2022-12-08	-0.022167216721672173	-0.004400440044004463	0.0038503850385037874	-0.02827282728272835	-0.022167216721672173	4921049
2022-12-07	-0.0063944909001474965	-0.0025687271137344856	0.017707820954254844	-0.01759851341750013	-0.0063944909001474965	4999134
2022-12-06	0.0222929936305733	-0.005475472119789864	0.03346742652810375	-0.010168733936752673	0.0222929936305733	5716216
2022-12-05	0.017567798055602955	0.010859059639547588	0.030757860026152852	-0.0013076354539768593	0.017567798055602955	4737449
2022-12-02	-0.017264498826684564	0.00011174432897536167	0.00011174432897536167	-0.019164152419264602	-0.017264498826684564	3843616
2022-12-01	0.058426966292134806	0.023063276167947993	0.06428149024246012	0.023063276167947993	0.058426966292134806	10741024
2022-11-30	-0.009547238329526126	-0.004275757043284659	0.020734493059216427	-0.014584431558601188	-0.009547238329526126	5160874
2022-11-29	0.0383773263593237	-0.0024936139155820256	0.049142440092446255	-0.002858533025179412	0.0383773263593237	5769189
2022-11-28	0.0029279004513845905	-0.017933390264730984	0.0029279004513845905	-0.02293522020251306	0.0029279004513845905	3197530
2022-11-25	-0.013182447480888447	-0.0007825197134773698	-0.0007825197134773698	-0.018780473123457563	-0.013182447480888447	3223185
2022-11-24	0.004778033143824798	0.007015846135236462	0.012943026490867222	-0.009918954880851668	0.004778033143824798	3231753
2022-11-23	-0.009999401233459	-0.006047542063349446	-0.0006586431950181739	-0.024190168253397953	-0.009999401233459	3993837
2022-11-22	-0.030364607524384683	5.80585229911223e-05	0.007025081281932069	-0.03837668369716682	-0.030364607524384683	6298429
2022-11-21	-0.02430181838780939	-0.013085594516512786	-0.00866708208236561	-0.03126947261088773	-0.02430181838780939	5903468
2022-11-18	0.004723961297666548	0.001707455890722888	0.02435970404097895	-0.003984063745019856	0.004723961297666548	4941901
2022-11-17	-0.00779308786988945	-0.0061554099841879565	0.0022023943980121205	-0.017336796927942294	-0.00779308786988945	4772621
2022-11-16	-0.007287812535037465	0.006334790895840316	0.03571028142168407	-0.012333221213140424	-0.007287812535037465	7295882
2022-11-15	0.03896557749432115	5.824451045483666e-05	0.040421690255693386	-0.015667773312365296	0.03896557749432115	8966422
2022-11-14	0.009941176470588222	-0.007235294117646999	0.0332941176470588	-0.023529411764705882	0.009941176470588222	7881247
2022-11-11	-0.004159100228457665	0.019272450354402153	0.03438580048034681	-0.011774354167887172	-0.004159100228457665	11213437
2022-11-10	-0.006171042673342273	-0.01321534610234622	-0.0015718693601910125	-0.015951563136752687	-0.006171042673342273	4210029
2022-11-09	0.0012824249489944556	0.0	0.016030311862430778	-0.006587000874380786	0.0012824249489944556	3744625
2022-11-08	-0.01848037532898495	-0.005607048861425734	0.0	-0.024659572033413447	-0.01848037532898495	4706570
2022-11-07	0.0005151983513652952	-0.003949854027133767	0.018947850477989595	-0.013395157135497186	0.0005151983513652952	5452760
2022-11-04	0.025537160972173265	-0.005635787249031396	0.03222965833039808	-0.007162146295643999	0.025537160972173265	5809863
2022-11-03	-0.017420396862021285	-0.01938163359483164	-0.0029418550992156164	-0.030918320258421856	-0.017420396862021285	5195531
2022-11-02	0.014513108614232316	-0.014688670411984966	0.0406132958801498	-0.016093164794007492	0.014513108614232316	8633415
2022-11-01	0.05546633724521303	0.0020382952439776656	0.059913526868437234	-0.011797405806053098	0.05546633724521303	9408942
2022-10-31	-0.0735336194563662	-0.016595135908440663	-0.01636623748211739	-0.09573676680972812	-0.0735336194563662	13509656
2022-10-28	-0.019360269360269296	-0.017620650953984213	0.012738496071829463	-0.023569023569023507	-0.019360269360269296	5242494
2022-10-27	-0.05338645418326699	-0.0013280212483399733	-0.0013280212483399733	-0.07760956175298812	-0.05338645418326699	9012477
2022-10-26	0.029983038791924217	0.01449909722602165	0.05542485090550963	0.01449909722602165	0.029983038791924217	6334181
2022-10-25	-0.027198211624441054	-0.01000638705556736	0.008090270385352408	-0.0443900361933149	-0.027198211624441054	6237921
2022-10-24	-0.041379662227664746	0.0032144497168222633	0.010000510230113677	-0.04637991734272158	-0.041379662227664746	6558254
2022-10-21	-0.0185778668002002	-0.01352028042063089	0.004907361041562435	-0.024236354531797573	-0.0185778668002002	4474205
2022-10-20	0.02552251835875314	-0.008832742772043337	0.05582088019308789	-0.011451753710265444	0.02552251835875314	7811369
2022-10-19	-0.026447355264473654	-0.00999900009999	-0.002649735026497356	-0.04719528047195279	-0.026447355264473654	7507235
2022-10-18	0.007657430730478641	0.009068010075566808	0.0326952141057935	-0.019999999999999993	0.007657430730478641	8155281
2022-10-17	0.05400095576912859	0.008867413582541218	0.09541761801093823	-0.012371900387617546	0.05400095576912859	18316568
2022-10-14	0.09999415921967177	0.004555808656036453	0.09999415921967177	-0.0012265638689329358	0.09999415921967177	13213025
2022-10-13	0.050690395826940904	0.0	0.06400736422215408	-0.011905492482356539	0.050690395826940904	6050173
2022-10-12	0.00854118957727298	0.0026613851581358348	0.008788760289657832	-0.029584700129974634	0.00854118957727298	4514686
2022-10-11	-0.037930213171370755	-0.0069667738478027125	-0.0005359056806002346	-0.04364654043110625	-0.037930213171370755	4692233
2022-10-10	-0.014147343704138518	-0.003287349574405649	-0.003287349574405649	-0.028001174053419325	-0.014147343704138518	3706384
2022-09-30	0.015923187022900687	-0.00411498091603052	0.025703721374045814	-0.008349236641221407	0.015923187022900687	5424590
2022-09-29	0.014889238590969665	0.004297300568938433	0.033288948069241014	-0.0019368115240285266	0.014889238590969665	6895804
2022-09-28	-0.010658682634730545	-0.023952095808383235	0.004191616766466998	-0.029341317365269494	-0.010658682634730545	6314486
2022-09-27	0.08582574772431721	0.001820546163849162	0.09219765929778918	-0.005006501950585242	0.08582574772431721	8807418
2022-09-26	-0.016875479417028806	-0.007478905650728634	0.003451802608028586	-0.016875479417028806	-0.016875479417028806	2786532
2022-09-23	-0.009246358454718226	-0.005699810006333158	0.005699810006333158	-0.022165927802406584	-0.009246358454718226	3713164
2022-09-22	-0.004413619167717457	-0.010151324085750223	0.013493064312736537	-0.011664564943253432	-0.004413619167717457	3229417
2022-09-21	-0.019292604501607746	0.0001236705416770358	0.005750680187979265	-0.026651001731387597	-0.019292604501607746	3978615
2022-09-20	0.0012382367508666952	0.009162951956414003	0.012568103021297678	-0.017706785537394833	0.0012382367508666952	4285290
2022-09-19	0.00931075423358126	0.0	0.01655939511341627	-0.014997188027244927	0.00931075423358126	3544557
2022-09-16	-0.044368804490624664	-0.007643616386002634	0.0011943150603128427	-0.044368804490624664	-0.044368804490624664	5984822
2022-09-15	-0.013083451202263075	0.005009429514379975	0.017739273927392683	-0.020391324846770437	-0.013083451202263075	3518963
2022-09-14	-0.012512366874236196	-0.008962346505266953	-0.0027934586509923654	-0.023628004422976207	-0.012512366874236196	3402396
2022-09-13	0.018372547857523992	0.0	0.024476975048894827	-0.019083743258460257	0.018372547857523992	6032096
2022-09-09	0.017487788699270198	0.025146234095157614	0.02997045166737019	0.007959958994150595	0.017487788699270198	4395942
2022-09-08	-0.012211103168930086	0.0002382654276863953	0.009530617107457675	-0.012211103168930086	-0.012211103168930086	4145742
2022-09-07	-0.02219115848331296	-0.018114042751470587	-0.011590657580523089	-0.0354709068670278	-0.02219115848331296	6201509
2022-09-06	-0.023989540105735882	0.001762264794497199	0.005286794383491597	-0.04496617588539592	-0.023989540105735882	8558084
2022-09-05	-0.00028415548988412916	0.01227551716299157	0.012559672652875538	-0.009320300068197401	-0.00028415548988412916	3083368
2022-09-02	0.014705034311746794	0.008534686580935296	0.04255809930223168	0.0034600080733521383	0.014705034311746794	6054571
2022-09-01	-0.02072509600180718	-0.00045177320984872654	0.008018974474813572	-0.023153377004743746	-0.02072509600180718	3858388
2022-08-31	0.011596686660954019	-0.005826906598114882	0.019994287346472434	-0.009597257926306809	0.011596686660954019	5347113
2022-08-30	0.003151862464183446	0.000573065902578764	0.01375358166189115	-0.013352435530086032	0.003151862464183446	3725486
2022-08-29	-0.01734429552877583	-0.020554116454555724	-0.009460524833877727	-0.03085933100574399	-0.01734429552877583	4763868
2022-08-26	-0.0447038571198019	-0.0316854053472483	-0.018290386787885186	-0.045134219161869854	-0.0447038571198019	8986655
2022-08-25	0.019636882233558136	-0.0017004004168723727	0.053151225933848925	-0.03428226646920081	0.019636882233558136	12393525
2022-08-24	-0.0016975139634213244	-0.0033950279268426488	0.009144671996495386	-0.010732668930018662	-0.0016975139634213244	4758896
2022-08-23	-0.023422459893048104	-0.005294117647058872	0.00475935828876998	-0.028823529411764633	-0.023422459893048104	6873710
2022-08-22	-0.03409090909090906	-0.03305785123966945	-0.016373966942148696	-0.045454545454545366	-0.03409090909090906	12354237
2022-08-19	-0.042058386937159825	-0.054923305294408684	-0.011380504700643161	-0.10000000000000005	-0.042058386937159825	25688429
2022-08-18	-0.09997773324426638	-0.007926965041193503	-0.004854152749944348	-0.09997773324426638	-0.09997773324426638	11421048
2022-08-17	0.03398259428097815	-0.0007367500115117033	0.04204079753188757	-0.004466546944789791	0.03398259428097815	5218949
2022-08-16	-0.024393530997304614	-0.010422282120395298	0.0015274034141958823	-0.029649595687331512	-0.024393530997304614	4909304
2022-08-15	-0.03112078346028294	-0.01223068552774756	-0.003264417845484222	-0.038955386289445	-0.03112078346028294	4745079
2022-08-12	0.020929612513331	-0.009065055101315287	0.032260931389975205	-0.01706363313188768	0.020929612513331	5781815
2022-08-11	0.040503051599778024	0.007259108562973891	0.04632883299426674	-0.008831144812280362	0.040503051599778024	7637918
2022-08-10	-0.033601429848078686	-0.010366398570152017	0.004915102770330627	-0.035567470956210934	-0.033601429848078686	6995954
2022-08-09	0.007881107858590407	-0.009006980409817608	0.015266831794640785	-0.014861517676199105	0.007881107858590407	5951562
2022-08-08	-0.044946236559139735	0.023655913978494623	0.025806451612903226	-0.04688172043010755	-0.044946236559139735	11746270
2022-08-05	0.1000189250567751	0.007759273277819769	0.1000189250567751	0.007759273277819769	0.1000189250567751	13108408
2022-08-04	0.030170102841546163	0.011795096749037462	0.03913827557635133	-0.0018033825608031202	0.030170102841546163	9211843
2022-08-03	0.01268509378084893	0.0	0.028381046396841067	-0.006762092793682155	0.01268509378084893	8011631
2022-08-02	0.03679443221943605	-0.007215597973491615	0.06033468092728106	-0.009211401668287104	0.03679443221943605	10725642
2022-08-01	0.008151472940205252	0.0	0.010163545374812974	-0.01666408708662239	0.008151472940205252	4232324
2022-07-29	-0.030413686158771366	0.004351958381271595	0.004351958381271595	-0.03271472162473109	-0.030413686158771366	5812999
2022-07-28	-0.022301560131070583	0.007287132586687578	0.008852154350271445	-0.023915488824766403	-0.022301560131070583	6218936
2022-07-27	-0.00800504560450226	0.0	0.0028138948185522225	-0.014263535804385783	-0.00800504560450226	3147709
2022-07-26	0.0003397233681145022	0.0028148507643775008	0.01674350885707347	-0.006940063091482682	0.0003397233681145022	4575765
2022-07-25	-0.0016957364341084996	0.00029069767441861565	0.019040697674418638	-0.009205426356589174	-0.0016957364341084996	4538383
2022-07-22	-0.011588928263576227	0.005650799731826486	0.01470165692941286	-0.016808734795517626	-0.011588928263576227	4189798
2022-07-21	-0.0020549581839904747	-9.5579450418209e-05	0.014814814814814788	-0.008363201911589008	-0.0020549581839904747	4167353
2022-07-20	-0.002288656844514327	0.005387879654794373	0.014637867734706631	-0.008439422114146673	-0.002288656844514327	4583346
2022-07-19	0.004454022988505644	0.0009578544061302137	0.015277777777777767	-0.009578544061302681	0.004454022988505644	4227316
2022-07-18	-0.004671560682619839	0.001048717704261602	0.009247783392125073	-0.016541138335398983	-0.004671560682619839	5305664
2022-07-15	-0.030098478894077355	-0.009524249849738788	0.009293078736881129	-0.035923990938092294	-0.030098478894077355	5805178
2022-07-14	0.008815298507462623	-0.0030317164179104743	0.025326492537313464	-0.009048507462686557	0.008815298507462623	6312951
2022-07-13	0.008941176470588261	0.002352941176470588	0.03378823529411768	0.0007529411764705722	0.008941176470588261	6246634
2022-07-12	-0.03321201091901734	-0.00013648771610555565	0.009190172884440318	-0.03348498635122845	-0.03321201091901734	6437541
2022-07-11	-0.013951819119824078	-4.486115472608185e-05	0.024897940872998122	-0.023821273159571138	-0.013951819119824078	6398591
2022-07-08	-0.0008964188068666444	0.008471157724889006	0.021334767603424277	-0.003989063690556294	-0.0008964188068666444	4643862
2022-07-07	-0.005305394560855986	0.006687472135532768	0.012037449843958933	-0.019170753455193985	-0.005305394560855986	5710350
2022-07-06	-0.042394227895658027	-0.0010246339068436183	0.005379328010929511	-0.047560090509328384	-0.042394227895658027	10199495
2022-07-05	-0.007920372723422298	0.0004659042778484271	0.011562897077509607	-0.02825074121135107	-0.007920372723422298	6952262
2022-07-04	0.0307343054221601	0.00410372828079978	0.03811228499083205	-0.008993276870688913	0.0307343054221601	7055311
2022-07-01	-0.01867877645445971	0.0005569359952018845	0.011609973438437187	-0.03864278982092358	-0.01867877645445971	7472882
2022-06-30	0.021978984238178553	-0.0007443082311734497	0.046409807355516614	-0.0027145359019264646	0.021978984238178553	8167712
2022-06-29	0.007543341126648763	-0.000970488332083457	0.06802240945785	-0.01177819930301287	0.007543341126648763	12055634
2022-06-28	0.03890925756186989	-0.0065077910174151585	0.05407882676443635	-0.023693858845096186	0.03890925756186989	9377850
2022-06-27	0.033388586313047516	-0.003551977267345489	0.046080985081695426	-0.01349751361591283	0.033388586313047516	8965947
2022-06-24	0.016610495907559062	0.006259027443428076	0.048627828598940895	0.0025517573423206605	0.016610495907559062	9290797
2022-06-23	-0.006220095693779959	0.0	0.012009569377990387	-0.02980861244019134	-0.006220095693779959	8791048
2022-06-22	-0.027861761012140142	-0.00725615144890461	0.00930275826782641	-0.03609470207916656	-0.027861761012140142	9468286
2022-06-21	0.005518918666105452	0.010242738880314286	0.03680838127309295	-0.010523361863336607	0.005518918666105452	11603083
2022-06-20	0.014038415935499208	0.009248280768318792	0.07944036044581457	-0.003983874792506538	0.014038415935499208	17936727
2022-06-17	0.1000104340567612	-0.011373121869783006	0.1000104340567612	-0.013981636060100201	0.1000104340567612	17097812
2022-06-16	0.03515688286439499	-0.006318518118485649	0.05308635308095271	-0.006480531403575032	0.03515688286439499	11386726
2022-06-15	0.05600228115198171	0.003421727972626144	0.06832050185343609	0.0018249215854005884	0.05600228115198171	11189016
2022-06-14	-0.009378001242867615	-0.011355290661544495	-0.004689000621433728	-0.04186204169255973	-0.009378001242867615	5561790
2022-06-13	0.008603988603988552	-0.013105413105413171	0.013105413105413171	-0.01698005698005692	0.008603988603988552	5744864
2022-06-10	0.03296056503825776	-0.005297233666862894	0.03502060035314884	-0.01412595644496766	0.03296056503825776	6596280
2022-06-09	-0.02719725164614944	-0.009447466361294048	-0.0044088176352706	-0.030632693959347233	-0.02719725164614944	5005899
2022-06-08	0.010589052193033287	-0.004802684874435737	0.03448674921884046	-0.016086101145700735	0.010589052193033287	8970696
2022-06-07	0.011826697892271556	-0.00702576112412188	0.012060889929742401	-0.00989461358313816	0.011826697892271556	6338008
2022-06-06	0.009754655631096693	-0.001714454626071487	0.013833875258646192	-0.0056754360035471945	0.009754655631096693	6310851
2022-06-02	-0.011743397990184569	-0.006777284412245832	0.016008413180649737	-0.016300537508763684	-0.011743397990184569	6415816
2022-06-01	0.03183023872679046	0.0024716662647696927	0.04340487099107799	0.0	0.03183023872679046	11520918
2022-05-31	0.04182891596533097	0.004898882049993726	0.04402713226981529	-0.0007536741615375239	0.04182891596533097	10526588
2022-05-30	0.04964071461533391	6.592392379188413e-05	0.07587843628452759	-0.004350978970268288	0.04964071461533391	11549906
2022-05-27	0.004369992716678783	0.005694232933854103	0.03145070515791565	0.0009931801628815843	0.004369992716678783	5700508
2022-05-26	-0.005727452271231103	0.00480579328505589	0.006978275181040172	-0.01382488479262669	-0.005727452271231103	4452201
2022-05-25	-0.013828474972407943	0.0008439914302408326	0.005518405505420985	-0.021099785756021554	-0.013828474972407943	5111563
2022-05-24	-0.03779360319840087	-0.001436781609195516	0.007621189405297344	-0.037856071964018	-0.03779360319840087	6894779
2022-05-23	0.004518072289156619	0.029116465863453726	0.029116465863453726	-0.014369979919678842	0.004518072289156619	8904507
2022-05-20	0.0708238140034943	0.018008332213412224	0.07297406262599122	0.013304663351700163	0.0708238140034943	11911170
2022-05-19	-0.008593697954833258	-0.01405635867030853	-0.008193991073213098	-0.028046099527013573	-0.008593697954833258	5161588
2022-05-18	-0.008192930294020354	0.006276841757515805	0.008259002312520648	-0.008853650479022156	-0.008192930294020354	3316199
2022-05-17	-0.00923016496465041	0.006546216286986122	0.01243781094527367	-0.017936632626341847	-0.00923016496465041	4375977
2022-05-16	-0.022648752399232374	0.010556621880997935	0.011004478566858596	-0.024376199616122852	-0.022648752399232374	4227872
2022-05-13	-0.021412471825694886	0.007387928875532224	0.010768845479589274	-0.024417731029301313	-0.021412471825694886	4737934
2022-05-12	0.007379375591296041	-0.011920529801324596	0.016903185115105506	-0.012425102491327649	0.007379375591296041	4368608
2022-05-11	0.03668105139270311	0.005819275532888811	0.0627043284948346	0.00268078985222961	0.03668105139270311	8118249
2022-05-10	0.005126182965299692	-0.014195583596214489	0.007360672975814961	-0.01708727655099891	0.005126182965299692	4694399
2022-05-09	-0.005490196078431395	-0.008496732026143865	0.0024836601307189243	-0.011111111111111037	-0.005490196078431395	2765104
2022-05-06	-0.030479690767378508	-0.022875609910652135	-0.01584183511818009	-0.042202648754831734	-0.030479690767378508	5026569
2022-05-05	0.005031206215768641	-0.006814418545408365	0.025283403388103417	-0.012864603235256719	0.005031206215768641	5634847
2022-04-29	0.020339203327051948	0.0008447592436157248	0.026707388394307714	-0.01644031451036437	0.020339203327051948	8055422
2022-04-28	0.04488049972840837	0.05119500271591521	0.07536664856056487	0.010999456816947343	0.04488049972840837	12428507
2022-04-27	0.08389755666764796	-0.013835737415366468	0.08625257580217839	-0.03105681483662054	0.08389755666764796	10534177
2022-04-26	0.005327019828351575	0.0074726250369931265	0.04675939627108607	-0.0017016868896122357	0.005327019828351575	7720533
2022-04-25	-0.08173109586249067	-0.02106121339764926	-0.008220667164888973	-0.08241048984305996	-0.08173109586249067	7144600
2022-04-22	-0.00808679830177228	-0.009030258103645631	0.01084978772154467	-0.013612777141316678	-0.00808679830177228	4773542
2022-04-21	-0.03429649876350391	-0.014837953924248349	-0.005141220877261435	-0.036834569829493666	-0.03429649876350391	4969527
2022-04-20	0.009261083743842342	0.00039408866995075385	0.024630541871921183	-0.033957307060755254	0.009261083743842342	7430204
2022-04-19	-0.015582568214147139	0.00019397387818441186	0.004332083279451803	-0.017199017199017178	-0.015582568214147139	4846183
2022-04-18	-0.019587955625990514	-0.00488114104595886	-0.00488114104595886	-0.02250396196513478	-0.019587955625990514	4405467
2022-04-15	-0.01896766169154236	-0.01119402985074634	-0.006281094527363304	-0.026741293532338378	-0.01896766169154236	4669817
2022-04-14	-0.005750324615099106	0.0016694490818030684	0.02207382674828431	-0.006554133432263663	-0.005750324615099106	5796815
2022-04-13	0.0004948963810701149	-0.004021033096195519	0.015465511908444168	-0.013980822765233648	0.0004948963810701149	5022588
2022-04-12	0.03515625000000006	0.0	0.035796618852459036	-0.010950307377049232	0.03515625000000006	5328060
2022-04-11	-0.03276556209352736	-0.00823784453391133	-0.0032208113967171375	-0.03988851037472901	-0.03276556209352736	5666015
2022-04-08	-0.019494716385278804	0.000303656018462355	0.00589092675816834	-0.02465686869913763	-0.019494716385278804	5681794
2022-04-07	0.003412553321145657	0.009932967702620326	0.038086532602071906	0.0030469226081657527	0.003412553321145657	7102085
2022-04-06	-0.024085637823372055	0.0	0.019803746654772428	-0.026999702646446577	-0.024085637823372055	6634046
2022-04-01	0.0017873100983021232	-0.011677092642240143	0.006910932380101261	-0.02758415251712836	0.0017873100983021232	4940577
2022-03-31	-0.016177246351327702	-0.0035754058964891484	0.009729793095363674	-0.02057323720766672	-0.016177246351327702	5241017
2022-03-30	0.04380544509024182	0.0033037626185379045	0.0454573263995106	-0.008748852860201765	0.04380544509024182	8026456
2022-03-29	-0.011968808559511686	0.003445566100465412	0.014326301154566913	-0.011968808559511686	-0.011968808559511686	3860681
2022-03-28	-0.007618476304738943	-0.010197960407918349	-0.0002999400119974982	-0.021415716856628634	-0.007618476304738943	4686783
2022-03-25	-0.04442533677271425	-0.0014330753797649758	-0.0002866150759528974	-0.04476927486385786	-0.04442533677271425	10301187
2022-03-24	0.006635891517599407	-0.007386035776110796	0.014425851125216388	-0.019042123485285695	0.006635891517599407	8088775
2022-03-23	0.0003463403371046079	0.004964211498499106	0.020722696836758273	-0.01841376125606094	0.0003463403371046079	7776462
2022-03-22	-0.018025167214601397	-0.008048974039224508	0.00034009749461513594	-0.025223897517288228	-0.018025167214601397	7034956
2022-03-21	0.02213209733487829	0.0	0.03626882966396303	0.0	0.02213209733487829	9365012
2022-03-18	-0.022317888297269727	-0.022317888297269727	-0.01574713945847967	-0.037045428798006076	-0.022317888297269727	10437452
2022-03-17	0.0031251775669071135	5.682141030735215e-05	0.031251775669072106	-0.03403602477413494	0.0031251775669071135	16303697
2022-03-16	-0.0028895184135976824	0.013597733711048192	0.019830028328611898	-0.05575070821529747	-0.0028895184135976824	11307931
2022-03-15	-0.030273061919674694	-0.013790451074116758	0.0044503049283006555	-0.033075105763419495	-0.030273061919674694	9396626
2022-03-14	-0.04656888423258258	-0.016238868517548424	-0.015557883708748029	-0.0484023048716606	-0.04656888423258258	11905170
2022-03-11	0.08226089914394252	0.037473779692726424	0.09393956573501912	0.02057939792505258	0.08226089914394252	25739571
2022-03-10	0.1000311817898347	0.028624883068288143	0.1000311817898347	0.020268163392578736	0.1000311817898347	12804608
2022-03-09	-0.022851919561243144	0.007129798903107958	0.011578305911029894	-0.07373552711761118	-0.022851919561243144	9224400
2022-03-08	-0.05007235890014475	0.014182344428364623	0.023212735166425417	-0.0571345875542692	-0.05007235890014475	9373993
2022-03-07	-0.03878255063432005	-0.0022813265079011606	-0.0021700422880034853	-0.052414867571778254	-0.03878255063432005	8410912
2022-03-04	0.0030697103309706504	-0.01211140257855661	0.03521794943349893	-0.012781157559859308	0.0030697103309706504	8629040
2022-03-03	-0.012837465564738361	0.0027548209366391185	0.011570247933884266	-0.015316804407713505	-0.012837465564738361	5723823
2022-03-02	-0.006839945280437756	-0.009575923392612859	0.011217510259917983	-0.023255813953488372	-0.006839945280437756	5334698
2022-03-01	0.0038450975006865617	-0.008184564680033007	0.018181818181818195	-0.008184564680033007	0.0038450975006865617	6254807
2022-02-28	-0.04093351596249069	-0.007217363818354254	-0.0019492150458329184	-0.05700136971868082	-0.04093351596249069	11005184
2022-02-25	0.013129803586677943	0.008753202391118629	0.022790350128095545	-0.01254269854824948	0.013129803586677943	10580059
2022-02-24	0.012045589585696636	0.0036190784853887318	0.04186247501755523	-0.015556635877491468	0.012045589585696636	16349740
2022-02-23	0.005867970660146613	-0.0011953273566965435	0.024395544688943116	-0.009888617223580665	0.005867970660146613	10535897
2022-02-22	0.05159410353102503	0.009998857273454462	0.07924808593303609	-0.00868472174608622	0.05159410353102503	17074222
2022-02-21	0.007251381215469725	-0.009898710865561688	0.010013812154696185	-0.015883977900552435	0.007251381215469725	7081708
2022-02-18	0.01750893013995421	-0.0068513204895474375	0.021490894185161254	-0.011653100661708783	0.01750893013995421	6280420
2022-02-17	-0.010258490784745462	-0.0019705575518720497	0.007766315057378019	-0.012634751362002889	-0.010258490784745462	5663238
2022-02-16	-0.009529276693455779	0.003444316877152829	0.008381171067738278	-0.015499425947187078	-0.009529276693455779	8798499
2022-02-15	0.06511770100886564	6.114338122892635e-05	0.0810149801284011	-0.0020788749617854075	0.06511770100886564	15400424
2022-02-14	-0.00698239222829373	-0.0034001214329083323	0.007528840315725618	-0.022465088038858463	-0.00698239222829373	6293578
2022-02-11	-0.003328290468986453	-0.005809379727685374	0.013978819969742828	-0.00919818456883516	-0.003328290468986453	7224278
2022-02-10	-0.006612563871355542	-0.0009618274721971542	0.014607754733994631	-0.010640216411181135	-0.006612563871355542	7483624
2022-02-09	0.007327116386096694	-0.0008477655322755624	0.01023374106818473	-0.012837592345888193	0.007327116386096694	8128047
2022-02-08	0.0008484848484847658	-0.007212121212121198	0.0030303030303030303	-0.02060606060606064	0.0008484848484847658	8189120
2022-02-07	-0.05471211687195652	-0.025494127757089754	-0.015296476654253885	-0.0661701518189631	-0.05471211687195652	15369436
2022-01-28	0.027792498380733666	-0.01077548136371673	0.08838250014720597	-0.028381322498969682	0.027792498380733666	17606047
2022-01-27	0.009870963905571892	0.0018433727775465439	0.02009870963905586	-0.01581732770410892	0.009870963905571892	17963426
2022-01-26	0.024739503991225237	0.006032539150569622	0.03564682225336661	-0.029553348363902398	0.024739503991225237	18453661
2022-01-25	-0.041637467881336106	-0.02429338939500115	-0.004905395935529102	-0.042279841158607855	-0.041637467881336106	21269456
2022-01-24	-0.07116511173790412	-0.06644608374918637	-0.023649381644608447	-0.10002169668040803	-0.07116511173790412	49871871
2022-01-21	-0.0999804725639523	-0.0999804725639523	-0.0999804725639523	-0.0999804725639523	-0.0999804725639523	3994800
2022-01-20	-0.09999999999999996	-0.09999999999999996	-0.09999999999999996	-0.09999999999999996	-0.09999999999999996	4203400
2022-01-19	-0.10000395428842578	-0.0039542884257977775	-0.0003558859583217011	-0.10000395428842578	-0.10000395428842578	12231479
2022-01-18	-0.014150943396226398	-3.898331514108415e-05	3.898331514108415e-05	-0.02276625604241375	-0.014150943396226398	3384382
2022-01-17	0.008214440121054808	0.004912942656133318	0.019062217505797136	-0.008057225956058685	0.008214440121054808	2990790
2022-01-14	-0.029189560439560353	-0.007135225885225903	-0.0029761904761903724	-0.03460775335775333	-0.029189560439560353	4195155
2022-01-13	-0.02172452407614779	0.002202314296379365	0.009705113848451	-0.025083986562149947	-0.02172452407614779	2875163
2022-01-12	0.016042780748662954	0.0	0.02249023400462702	-0.00022755717373991075	0.016042780748662954	2524323
2022-01-11	-0.019814126394051987	-0.007434944237918215	-0.002118959107806666	-0.02267657992565064	-0.019814126394051987	2636668
2022-01-10	0.03049341097149854	-0.0031795893349679774	0.030570027581979624	-0.013254673613239489	0.03049341097149854	3740975
2022-01-07	-0.007678856534630813	0.003421272713449317	0.009959705010263836	-0.010872044400517044	-0.007678856534630813	3712267
2022-01-06	-0.033684751864232504	-0.0015795467068288095	-0.001028542041656061	-0.040149873268927036	-0.033684751864232504	5412617
2022-01-05	0.0057634758192633175	-0.0024753389736580185	0.012598367015184424	-0.005985147966158069	0.0057634758192633175	4272326
2022-01-04	-0.0026897568165068584	7.36919675756767e-05	0.003058216654384823	-0.02354458364038315	-0.0026897568165068584	4090344
2021-12-31	0.00014740566037722442	-0.0013266509433962766	0.007112323113207572	-0.0068543632075472195	0.00014740566037722442	3883323
2021-12-30	-0.01388182280689001	-0.008467185115197267	0.004433461734137548	-0.02227632822152771	-0.01388182280689001	5313614
2021-12-29	-0.02369970907542754	0.00042574327680410326	0.012169161995316848	-0.024338323990633695	-0.02369970907542754	5187607
2021-12-28	0.015053298761163954	0.0011524056467876447	0.016997983290118014	-0.004609622587150784	0.015053298761163954	3291674
2021-12-27	-0.019768426998023038	0.003494775487150555	0.005224512849477614	-0.028840722959615785	-0.019768426998023038	4394055
2021-12-24	-0.009337296730197644	-0.00031474033922005595	0.005035845427522286	-0.032628081832488144	-0.009337296730197644	4157961
2021-12-23	-0.004594980332091737	0.006579176384586081	0.009468444320674027	-0.009990601176593466	-0.004594980332091737	2146914
2021-12-22	-0.005986159169550236	0.00010380622837360802	0.006574394463667741	-0.015570934256055362	-0.005986159169550236	2312587
2021-12-21	0.015817223198594025	0.00492091388400695	0.02182776801405968	-0.000492091388400655	0.015817223198594025	2903963
2021-12-20	-0.020654044750430294	0.0	0.011910499139414731	-0.02719449225473314	-0.020654044750430294	4202991
2021-12-17	-0.04547545508313063	-0.004435828349871742	0.0015114674377342328	-0.04711835447197206	-0.04547545508313063	4876019
2021-12-16	0.009252196982258211	-0.006134969325153449	0.01140772674515005	-0.02503730724589624	0.009252196982258211	4805508
2021-12-15	-0.005048172099775547	-0.0016167348554837308	0.0228322555100964	-0.00811666886630586	-0.005048172099775547	5656993
2021-12-14	0.004574080212131242	-0.0013258203513423178	0.02386476632416304	-0.0036460059661914683	0.004574080212131242	5096821
2021-12-13	0.010381781647689102	0.00016744809109160924	0.02682518419290017	0.00016744809109160924	0.010381781647689102	4950966
2021-12-10	-0.015171503957783529	-0.010554089709762496	-0.0008245382585751979	-0.02523087071240098	-0.015171503957783529	5598893
2021-12-09	0.05350938151494085	0.00034746351633066676	0.059763724808895025	-0.012161223071577484	0.05350938151494085	10834360
2021-12-08	0.04624109350007281	0.0	0.04624109350007281	-0.006107314235858684	0.04624109350007281	6445257
2021-12-07	-0.018832929091168602	0.002603795120559143	0.010165501498073782	-0.02635896704237404	-0.018832929091168602	4486888
2021-12-06	-0.03320804165660883	-0.0074140487603021965	-0.005172592158350288	-0.03444946377461295	-0.03320804165660883	4225384
2021-12-03	0.03416425947719405	0.00039228272886115614	0.038122748832067316	-0.0004636068613817349	0.03416425947719405	5216407
2021-12-02	-0.003978261641743146	-0.0033388981636060023	0.00827620502255547	-0.00856036656839402	-0.003978261641743146	2848839
2021-12-01	-0.006528336509280905	0.0014821088291340813	0.005504975651069244	-0.01510339473498473	-0.006528336509280905	2911785
2021-11-30	-0.0144332765276666	0.0	0.003408339999304484	-0.022710673668834464	-0.0144332765276666	4170761
2021-11-29	-0.015409375749066877	0.0033215765503545095	0.019004896757182522	-0.022668903879738207	-0.015409375749066877	5036193
2021-11-26	-0.016965698320261288	0.010367926751270691	0.026694045174538012	-0.01706668461978656	-0.016965698320261288	4746317
2021-11-25	-0.0007736293306425099	0.0023545240497813273	0.01543895055499487	-0.011099899091826475	-0.0007736293306425099	4631540
2021-11-24	0.01815068493150689	0.04965753424657534	0.0684931506849315	0.01113013698630137	0.01815068493150689	10300845
2021-11-23	0.03180212014134275	-0.0008833922261484099	0.0353356890459364	-0.007137809187279087	0.03180212014134275	7134170
2021-11-22	-0.0035562128094080874	-0.003204112531248788	0.005527974367099726	-0.021231646773000854	-0.0035562128094080874	4998760
2021-11-19	-0.016790140552516868	-0.009693277020009732	-0.0005192826975006374	-0.0264834175725266	-0.016790140552516868	4528688
2021-11-18	-0.006671251719394765	-0.006189821182943643	0.007565337001375476	-0.01987620357634123	-0.006671251719394765	4904275
2021-11-17	0.02741661955907289	0.0069248162803843254	0.04222018089315993	-0.009609949123798853	0.02741661955907289	9428496
2021-11-16	0.07070172120295062	3.7828636277627785e-05	0.07599773028182324	3.7828636277627785e-05	0.07070172120295062	10803254
2021-11-15	0.008969465648855049	0.0	0.014503816793893173	-0.013396946564885461	0.008969465648855049	3672283
2021-11-12	-0.032353375683261895	-0.003951839267247722	-0.003951839267247722	-0.045981681193677015	-0.032353375683261895	7823819
2021-11-11	-0.04604869111792268	-0.012824578092520123	-0.012824578092520123	-0.04865588556530318	-0.04604869111792268	8066584
2021-11-10	0.039403815871388255	0.006738198996594396	0.04573918775405577	-0.005749441535137486	0.039403815871388255	6159960
2021-11-09	-0.009934375113302668	-0.007468909756716589	0.002683006417461329	-0.018164678583082523	-0.009934375113302668	3914244
2021-11-08	-0.035123316424698334	-0.005352457582648345	0.017806541892600926	-0.03795697043904153	-0.035123316424698334	6229208
2021-11-05	0.014731984380546802	0.001987930422435223	0.029818956336528344	-0.012602058927937563	0.014731984380546802	7221823
2021-11-04	0.06817837099954482	3.791900500527417e-05	0.06942969816471994	-0.009745184286364514	0.06817837099954482	8414630
2021-11-03	0.007333842627960336	-0.0009549274255156607	0.012184873949579823	-0.01581359816653929	0.007333842627960336	4246540
2021-11-02	0.004797543657647284	-0.009403185568988634	0.02444828247937058	-0.01324122049510646	0.004797543657647284	5786546
2021-11-01	-0.044764628244610576	0.015544801290511839	0.018624431734858424	-0.08142689543921389	-0.044764628244610576	11409831
2021-10-29	0.0028309864333246875	-0.005147248060590588	0.016581491966616384	-0.03169234163020701	0.0028309864333246875	5019758
2021-10-28	0.007146560023698462	0.0017033251869954067	0.03462193586610391	-0.0054802636451159676	0.007146560023698462	5569908
2021-10-27	-0.04908450704225351	-0.0022183098591549134	-0.0011971830985914613	-0.049718309859154944	-0.04908450704225351	7821601
2021-10-26	-0.004312309364372675	-0.00010517827717992342	0.009711460926269963	-0.013603057181923343	-0.004312309364372675	3131964
2021-10-25	0.002918424753867936	-0.0031645569620252366	0.010935302390998642	-0.015471167369901468	0.002918424753867936	4169959
2021-10-22	0.018624641833810848	0.003151862464183365	0.026110315186246492	0.0006446991404011706	0.018624641833810848	4698250
2021-10-21	-0.008135280116522862	0.0	0.008881310170876407	-0.014814025365021905	-0.008135280116522862	3512322
2021-10-20	0.0035294117647059146	-0.0007843137254902933	0.01800356506238863	-0.01925133689839564	0.0035294117647059146	3841775
2021-10-19	0.009719222462202982	0.007559395248380007	0.02303815694744412	-0.008243340532757453	0.009719222462202982	5523808
2021-10-18	-0.035985702883714485	-0.017940798834021637	0.002186209529097392	-0.045702189679703006	-0.035985702883714485	9211132
2021-10-15	-0.059804241435562754	-0.008809135399673698	-0.008809135399673698	-0.09967373572593805	-0.059804241435562754	14508930
2021-10-14	-0.02082933997827609	0.006389368091495751	0.014631652929525401	-0.03840010222988941	-0.02082933997827609	7551060
2021-10-13	0.06650766609880743	0.002044293015332275	0.07325383304940375	0.002044293015332275	0.06650766609880743	9876529
2021-10-12	-0.007104194857916179	-0.0005074424898512655	0.017861975642760392	-0.018673883626522458	-0.007104194857916179	6989411
2021-10-11	0.025854589623460163	-0.005517959396147754	0.04508068714211352	-0.010966510498004402	0.025854589623460163	10055537
2021-10-08	0.049115269788101476	-0.01077696060584008	0.06822981140318922	-0.03189397800917515	0.049115269788101476	14143154
2021-09-30	0.035046728971962655	-0.004371419957793281	0.04009647271630987	-0.004371419957793281	0.035046728971962655	8771739
2021-09-29	-0.005397301349325328	-0.017991004497751165	0.014955022488755656	-0.019865067466266907	-0.005397301349325328	5837234
2021-09-28	0.008085845991082847	0.0	0.019761203052973478	-0.032343383964331604	0.008085845991082847	7837463
2021-09-27	0.05044651716610453	0.012105576503274505	0.08164318317126412	0.004167493550307646	0.05044651716610453	13996867
2021-09-24	0.043487264443984264	-0.005591219714226525	0.05819010147028375	-0.010147028370262948	0.043487264443984264	11152392
2021-09-23	0.03152902977741699	0.0034177810056821097	0.0445593198615799	-0.0002990558379971512	0.03152902977741699	6340031
2021-09-22	-0.037422379405354256	-0.01920467162890154	-0.010979972858494006	-0.03832709627009908	-0.037422379405354256	6594310
2021-09-17	0.019580712788259905	-0.0064150943396226465	0.05241090146750524	-0.03278825995807125	0.019580712788259905	11254688
2021-09-16	0.007817451933234711	0.001478977392774115	0.03291781111345866	-0.004648214663004413	0.007817451933234711	6745673
2021-09-15	-0.03182915354089105	0.0	0.0	-0.03645215399091763	-0.03182915354089105	8521773
2021-09-14	-0.005047421337566576	0.0050881263483534825	0.02018968535026665	-0.00924003744860985	-0.005047421337566576	6656703
2021-09-13	-0.00020348363991539708	0.009075370340224605	0.025354061533452668	-0.010052091811818325	-0.00020348363991539708	6380285
2021-09-10	-0.009153594903020324	0.0	0.013871527077704737	-0.01637162788822131	-0.009153594903020324	5818093
2021-09-09	-0.011243570830509123	0.006259718512021025	0.008333001076512114	-0.01917786372154221	-0.011243570830509123	4736982
2021-09-08	-0.02046475297793403	0.0018355789884786972	0.008787346221441124	-0.027572739699277492	-0.02046475297793403	5919223
2021-09-07	-0.019003103329374275	0.0037929581242098355	0.005631968123826778	-0.032948929159802284	-0.019003103329374275	6969931
2021-09-06	0.07806369005823789	0.0016108380488207275	0.08834827144686294	-0.008715046879517631	0.07806369005823789	11873836
2021-09-03	0.0015720018202127328	-0.007156745128862739	0.017664336242915694	-0.029247507549745557	0.0015720018202127328	8438578
2021-09-02	-0.07912380952380957	0.001828571428571498	0.0019047619047619048	-0.08316190476190481	-0.07912380952380957	13649400
2021-09-01	0.028443817583450832	-0.006817113305124624	0.040158282400877605	-0.024839366870396503	0.028443817583450832	9382271
2021-08-31	-0.0049898643380632025	0.0021440823327616224	0.01742554186808057	-0.02506627163573982	-0.0049898643380632025	6275680
2021-08-30	-0.004849284245645343	3.879427396512746e-05	0.008534740272335981	-0.03402257826744766	-0.004849284245645343	9628804
2021-08-27	-0.02676885901985967	-0.0030959752321981166	0.009589972060711181	-0.029676055274484685	-0.02676885901985967	9140403
2021-08-26	-0.04413728391497334	0.009780215814356478	0.013353062181962704	-0.04796275578331937	-0.04413728391497334	8598481
2021-08-25	0.009067734887108346	0.0014930808448651426	0.029861616897305127	-0.0006919155134741359	0.009067734887108346	6526975
2021-08-24	0.01119457946678458	0.005744586831639425	0.02286787450287222	-0.009427014287818539	0.01119457946678458	6309263
2021-08-23	0.0025103366804489326	0.01402835203780276	0.020378027170702827	-0.009930596574128757	0.0025103366804489326	7177483
2021-08-20	-0.04954385964912282	-0.017543859649122806	-0.012280701754385965	-0.05754385964912273	-0.04954385964912282	10399232
2021-08-19	0.003874603733709133	0.010637548432546808	0.030292356463543585	-0.008559351884466186	0.003874603733709133	6011010
2021-08-18	-0.03720283514769229	0.007257435480042006	0.008953097975378934	-0.04025502763929869	-0.03720283514769229	7686356
2021-08-17	-0.04572815533980581	-0.006472491909385114	0.004077669902912592	-0.05177993527508091	-0.04572815533980581	8353073
2021-08-16	0.0026607826594846947	-0.01933934713479129	0.03770523719903954	-0.01933934713479129	0.0026607826594846947	10565844
2021-08-13	0.05288691492996248	-0.002528185855825108	0.058729074137341984	-0.020840450973693084	0.05288691492996248	11381105
2021-08-12	0.004840536921967689	0.01373201963678808	0.029558172268186193	-0.004256926087404336	0.004840536921967689	6343233
2021-08-11	-0.026632359820891436	0.002472766156519445	0.005814342043707843	-0.02666577557976348	-0.026632359820891436	6512483
2021-08-10	0.03460674157303368	0.009403630077787476	0.04062229904926534	0.006292134831460651	0.03460674157303368	10184995
2021-08-09	0.04031793986476758	-0.0037404689972666536	0.04154078549848926	-0.010933678607394692	0.04031793986476758	12605962
2021-08-06	0.005533253770207333	-0.023579617373693473	0.007847817438790698	-0.045242486709341403	0.005533253770207333	17898536
2021-08-05	-0.09999023532858127	-0.09995768642385194	-0.08225108225108237	-0.09999023532858127	-0.09999023532858127	26992271
2021-08-04	-0.03319906853798211	0.0038076656806596905	0.0038076656806596905	-0.03760463213543958	-0.03319906853798211	8155173
2021-08-03	0.0369041015433809	-0.01458544066303399	0.053675726824811525	-0.020785068685352577	0.0369041015433809	9260154
2021-08-02	0.0023220826792256554	-0.01720303506017789	0.009877027734170532	-0.05154369440083723	0.0023220826792256554	9963091
2021-07-30	-0.011732764472025585	-0.014189211028152127	0.007983451307411446	-0.0685542519150586	-0.011732764472025585	9983671
2021-07-29	-0.004952883285627056	0.022738236902196615	0.042099507927829335	-0.009359019715048484	-0.004952883285627056	8512992
2021-07-28	0.026239355733051646	-0.00033005478909506477	0.026239355733051646	-0.030695095385834086	0.026239355733051646	10425552
2021-07-27	-0.09181379455052305	-0.010221516141602544	-0.0019483828422410421	-0.09475135637420945	-0.09181379455052305	12797187
2021-07-26	-0.08794904040680179	-0.007654874514735509	-0.007654874514735509	-0.09874788124008954	-0.08794904040680179	11084271
2021-07-23	-0.03655902649739254	-0.007006268766791405	-0.007006268766791405	-0.045224674708950155	-0.03655902649739254	6297032
2021-07-22	-0.06247530620308168	-0.0011359146582378002	-0.00039510075069134774	-0.07645199525879094	-0.06247530620308168	10752482
2021-07-21	-0.009901958387325521	-0.002469377276839175	0.0	-0.01713894525806213	-0.009901958387325521	5310703
2021-07-20	-0.007016266084000938	-0.0100024277737315	0.004127215343530093	-0.020927409565428514	-0.007016266084000938	4435769
2021-07-19	0.08480379246773766	0.032051619699763015	0.09030813800368717	0.032051619699763015	0.08480379246773766	10666630
2021-07-16	-0.03204425523236545	2.5492645371787047e-05	0.006449639279068065	-0.033828740408392136	-0.03204425523236545	4068519
2021-07-15	-0.0031004599862767216	-0.00721746423034901	0.0008132354062364817	-0.023151795471295367	-0.0031004599862767216	3877834
2021-07-14	0.041971189492638554	-0.014908378349751073	0.05391378031988141	-0.01493485859548773	0.041971189492638554	8566755
2021-07-13	-0.020592354375226926	-0.006691218424192085	-0.0011152030706987055	-0.02484568701696142	-0.020592354375226926	3747635
2021-07-12	0.010641643950513742	0.0016512895785279814	0.014416020130006292	-0.01706332564478924	0.010641643950513742	4510729
2021-07-09	0.009018539578429473	-0.008225119674168929	0.014757610219248323	-0.03253021607468729	0.009018539578429473	4978226
2021-07-08	0.037224995885225196	0.009491413836615952	0.06591869205025504	0.00855873155209306	0.037224995885225196	7357498
2021-07-07	0.01103838473485694	-0.009845795429332182	0.019636121588639848	-0.015420457066785007	0.01103838473485694	4196590
2021-07-06	0.014062324220947237	0.006862414219822246	0.024862189222634647	-0.0051186860164247755	0.014062324220947237	6271037
2021-07-05	-0.04161725067385444	-0.005390835579514825	-0.004932614555256022	-0.048490566037735876	-0.04161725067385444	8719736
2021-07-02	-0.04223461379595212	-0.00609252375051635	-0.006040892193308632	-0.04569392812887234	-0.04223461379595212	6680513
2021-07-01	0.0009302325581395702	-5.167958656326049e-05	0.007777777777777754	-0.012919896640826873	0.0009302325581395702	3599415
2021-06-30	0.004360012457178467	0.00391882072044013	0.009550503477629002	-0.013780753659296175	0.004360012457178467	4085187
2021-06-29	-0.03017794669150036	0.00015101557977398574	0.004253605496967098	-0.03350028944652791	-0.03017794669150036	5792488
2021-06-28	-0.0029861982434127923	0.006273525721455458	0.009435382685068987	-0.011292346298619825	-0.0029861982434127923	5170988
2021-06-25	0.023763648041104687	0.0019267822736030828	0.03753371868978809	-0.0005908798972383255	0.023763648041104687	6225329
2021-06-24	-0.009541984732824428	-0.005063613231552186	-0.002544529262086514	-0.024783715012722668	-0.009541984732824428	5607168
2021-06-23	-0.008427108038552695	0.014911439673008087	0.022606852702225455	-0.0284856436392995	-0.008427108038552695	8092321
2021-06-22	0.02945454545454539	0.006519480519480496	0.029714285714285707	-0.02909090909090906	0.02945454545454539	9214436
2021-06-21	-0.027532205102298504	-0.009876231371558394	-0.006491538267239185	-0.04016165698408684	-0.027532205102298504	6779325
2021-06-18	0.005179505408012907	0.005128725943228512	0.023180825674097384	-0.004036967450363154	0.005179505408012907	4594036
2021-06-17	-0.016259959537427857	0.006568923745535369	0.01353747783300451	-0.022104553288208463	-0.016259959537427857	4657135
2021-06-16	-0.019806100964598675	0.0	0.0035988836116144234	-0.024751505655388428	-0.019806100964598675	4005304
2021-06-15	0.0036365423362326437	-0.0004422821760283228	0.012752469408816152	-0.011794191360754856	0.0036365423362326437	4048222
2021-06-11	-0.010864017499088517	0.0008020415603353605	0.0029165147648559696	-0.024182768258597616	-0.010864017499088517	5291765
2021-06-10	0.0011192486435192572	0.0	0.017202365021046724	-0.006837149322367946	0.0011192486435192572	5018071
2021-06-09	0.009803439803439826	0.000294840294840306	0.0343734643734644	0.0002702702702703038	0.009803439803439826	5354641
2021-06-08	-0.04122497055359246	-0.0007067137809187547	-0.0007067137809187547	-0.050647820965842166	-0.04122497055359246	12206215
2021-06-07	-0.01613127520511746	0.0012515644555695093	0.005098966300468284	-0.01926018634404117	-0.01613127520511746	4137266
2021-06-04	-0.0012500000000000473	-0.004699074074074011	-0.0002546296296296612	-0.027546296296296242	-0.0012500000000000473	4519188
2021-06-03	-0.029693185391491905	-0.012600512106374407	-0.0005615201473428866	-0.03162481469835147	-0.029693185391491905	6767232
2021-06-02	0.030601851851851915	0.04956018518518524	0.0763888888888889	0.026759259259259264	0.030601851851851915	13674441
2021-06-01	0.05209322714985019	0.008256009351939764	0.05477216823750033	0.0012177004943864007	0.05209322714985019	11956302
2021-05-31	0.026525000000000035	0.011550000000000012	0.041124999999999974	0.0	0.026525000000000035	10243136
2021-05-28	-0.039638904227989706	7.202708218297174e-05	0.003337254807807703	-0.048834361720006665	-0.039638904227989706	14399128
2021-05-27	-0.028344142210609886	-0.0017729669201699428	-0.0017729669201699428	-0.03359305743479689	-0.028344142210609886	11241264
2021-05-26	-0.011256170134243657	0.005674216911934261	0.005674216911934261	-0.024588273285048725	-0.011256170134243657	7708812
2021-05-25	0.010064768650109484	-0.011649037789478588	0.01439821070779542	-0.02849354643306467	0.010064768650109484	12427654
2021-05-24	-0.05769484083424802	-0.02678375411635563	-0.025246981339187707	-0.07940724478594954	-0.05769484083424802	18087102
2021-05-21	-0.09999802414494875	-0.012072474363280737	0.0017585109956333334	-0.09999802414494875	-0.09999802414494875	17343600
2021-05-20	0.0014246423554087483	0.0072617186727082375	0.019549258988108185	-0.0037396861829477957	0.0014246423554087483	3837623
2021-05-19	0.007756729810568268	0.0009970089730807576	0.01092721834496514	-0.01206380857427719	0.007756729810568268	2072557
2021-05-18	-0.035576923076923075	-0.009596153846153864	-0.0057692307692307696	-0.038019230769230736	-0.035576923076923075	3015708
2021-05-17	0.005997291545753575	-0.001373573224995014	0.011801122073902152	-0.017662990907332164	0.005997291545753575	4246320
2021-05-14	0.04006116823276116	0.004567496327893885	0.04273727841606473	0.0021932030825569425	0.04006116823276116	4832658
2021-05-13	0.007480235151023713	-0.012730589904723352	0.009527670788566771	-0.012730589904723352	0.007480235151023713	2146987
2021-05-12	0.008979157718189414	0.0002863512711950796	0.015340246671166471	-0.00513386921928381	0.008979157718189414	2121093
2021-05-11	0.044679487179487234	-0.00995726495726501	0.049999999999999954	-0.010000000000000014	0.044679487179487234	2976520
2021-05-10	0.004291845493562232	0.008583690987124463	0.03336909871244638	-0.00944206008583686	0.004291845493562232	2176983
2021-05-07	-0.02532889920729542	0.014369078245592028	0.01813390224007019	-0.027169479826818114	-0.02532889920729542	2953766
2021-05-06	-0.03916800643086819	-0.011233922829582056	-0.006229903536977537	-0.039851286173633524	-0.03916800643086819	3228050
2021-04-30	0.0031044631697778905	0.0069346450026206465	0.01792121920735392	-0.007015280409627904	0.0031044631697778905	2338029
2021-04-29	-0.008871128871128866	0.005894105894105871	0.005894105894105871	-0.03196803196803197	-0.008871128871128866	2186286
2021-04-28	0.005080627347028882	-0.00594413318071377	0.008534650681767977	-0.018334437817539313	0.005080627347028882	2961194
2021-04-27	0.02674226804123717	0.004144329896907197	0.034824742268041206	-0.00404123711340202	0.02674226804123717	3490651
2021-04-26	0.010058937459649675	0.010058937459649675	0.04683757835766501	-0.003936105962471715	0.010058937459649675	5834161
2021-04-23	0.01644792548687561	-0.0009525825571549294	0.021316680779000955	-0.004022015241320866	0.01644792548687561	2513400
2021-04-22	-0.013490372969135104	-0.00010441465146391715	0.007789332999206367	-0.02251179885561548	-0.013490372969135104	2123708
2021-04-21	0.009209888511875918	-0.009462791628906845	0.013298488903875744	-0.017871820270184868	0.009209888511875918	2548021
2021-04-20	0.01588626972402427	8.564026805408282e-05	0.01588626972402427	-0.010790673774808959	0.01588626972402427	2881792
2021-04-19	0.0727869906748128	-0.0008728007717396193	0.07914924893196743	-0.005351646837245588	0.0727869906748128	4936501
2021-04-16	-0.032381375708412034	-0.00435603955995106	-0.0018002000222246968	-0.04384931659073222	-0.032381375708412034	3192820
2021-04-15	0.006059386459171763	-0.009122618728199588	0.006394776853590943	-0.02955907342813708	0.006059386459171763	2452738
2021-04-14	0.005960547920556095	-0.005353246811669168	0.015924784633032776	-0.014057896039047214	0.005960547920556095	2381550
2021-04-13	0.01183458886183115	0.005666947358838411	0.03434306652404477	0.002116570700289053	0.01183458886183115	2649076
2021-04-12	-0.02498613114390323	-0.0001331410185287968	0.007189615000554775	-0.027427049816931004	-0.02498613114390323	2760635
2021-04-09	-0.00956043956043961	-0.004373626373626394	-0.0011868131868132319	-0.025758241758241818	-0.00956043956043961	2051739
2021-04-08	0.004858657243816229	-0.006183745583038894	0.015901060070671352	-0.018440812720848108	0.004858657243816229	2250209
2021-04-07	-0.0021816258621829682	-0.005134533594834705	-0.0007272086207277395	-0.021573855748253642	-0.0021816258621829682	2579711
2021-04-06	-0.0051083048320617035	0.012913268438130286	0.021660966412347618	-0.015368762606331647	-0.0051083048320617035	2442028
2021-04-02	-0.026008968609865485	0.0	0.003608797779201362	-0.02840059790732439	-0.026008968609865485	3684625
2021-04-01	0.03439135908819825	0.008658582378017712	0.04245355951670967	0.0001325293221125224	0.03439135908819825	3198247
2021-03-31	-0.01687296416938107	-0.0054288816503800215	0.0054288816503800215	-0.03322475570032576	-0.01687296416938107	3632445
2021-03-30	0.043224140274568404	0.028498935254406197	0.06363553984867014	0.012165284762810938	0.043224140274568404	7138033
2021-03-29	0.010391869620948591	0.0	0.01680095220655565	-0.006340413843618343	0.010391869620948591	3317480
2021-03-26	0.04019047619047618	0.011904761904761904	0.05140476190476184	0.007142857142857143	0.04019047619047618	5235120
2021-03-25	0.05540897097625333	-0.0023872345772081634	0.07194371152154792	-0.011609498680738798	0.05540897097625333	5940479
2021-03-24	0.013110997963340063	-0.010539714867617072	0.027367617107942974	-0.014765784114052981	0.013110997963340063	3494971
2021-03-23	0.014305634457470486	-0.006300676548055564	0.0414192015700047	-0.014796260909983004	0.014305634457470486	3993631
2021-03-22	-0.006031672698339423	-0.004132337465670834	0.02186802186802182	-0.029773363106696496	-0.006031672698339423	4140171
2021-03-19	-0.05709099709583731	-0.01863504356243947	-0.0077444336882865165	-0.06568247821878022	-0.05709099709583731	4965547
2021-03-18	0.030423940149625905	0.009650872817955123	0.03865336658354115	-0.00122194513715713	0.030423940149625905	4665675
2021-03-17	-0.009044630059803353	-2.471210398865158e-05	0.0068205407008352465	-0.0330153709286809	-0.009044630059803353	4107409
2021-03-16	0.000395550061804759	0.012583436341161866	0.030061804697157045	-0.011124845488257108	0.000395550061804759	3223616
2021-03-15	-0.0711825487944891	-0.0011940298507462268	0.001102181400688905	-0.08663605051664758	-0.0711825487944891	5413410
2021-03-12	0.0008963250672243487	-0.011813104732136669	0.006320240858633449	-0.04077129921169361	0.0008963250672243487	4860751
2021-03-11	0.04435590331949216	-0.0019201689748698158	0.05273264047236163	-0.0067925977486018385	0.04435590331949216	4720858
2021-03-10	0.03126237623762375	0.02725247524752473	0.04702970297029703	0.022227722772277272	0.03126237623762375	3753090
2021-03-09	-0.009561166952684426	0.00024515812699196554	0.02691836234371174	-0.04145623927433187	-0.009561166952684426	5207563
2021-03-08	-0.03382443507508653	0.018522904922071138	0.02797385001658061	-0.037851153536406314	-0.03382443507508653	5290211
2021-03-05	-0.0064716541548019675	-0.02995787541477424	0.008166050878968231	-0.035135198738615786	-0.0064716541548019675	2931183
2021-03-04	-0.02739757381551836	-0.015289539940489701	-0.006660563057907916	-0.03463035019455252	-0.02739757381551836	3226163
2021-03-03	0.04329345464097236	0.0002387945650357541	0.048308140506722115	-0.014064999880602686	0.04329345464097236	4212657
2021-03-02	-0.04191356471207301	0.008945526093024377	0.008945526093024377	-0.04850259671921112	-0.04191356471207301	4383646
2021-03-01	0.03841585099306272	0.01682029839399407	0.04048275206690099	-0.00931293357407587	0.03841585099306272	4584376
2021-02-26	-0.0176896149358226	-0.024784130688448085	0.0034539089848308474	-0.039673278879813305	-0.0176896149358226	3937155
2021-02-25	0.024335436986039412	0.018646012621916265	0.05737234652897304	0.014988525530694161	0.024335436986039412	5490616
2021-02-24	-0.0488403819918145	0.0050022737608003374	0.011823556161891742	-0.06095952705775353	-0.0488403819918145	5168969
2021-02-23	0.0017538664783728645	-0.011479853312985363	0.02913240553037383	-0.018290321845887463	0.0017538664783728645	4108226
2021-02-22	-0.05177105831533483	0.0	0.0012958963282937855	-0.05399568034557235	-0.05177105831533483	5590705
2021-02-19	-0.014893617021276596	-0.00425531914893617	0.006148936170212737	-0.036170212765957444	-0.014893617021276596	4604521
2021-02-18	-0.04958343444147857	0.024832160478848238	0.032920812100622886	-0.053769311655746936	-0.04958343444147857	7493912
2021-02-10	-0.02636293831584344	-0.001791656002047656	0.006713787875804705	-0.03919985824260208	-0.02636293831584344	6952924
2021-02-09	0.0028828117286998447	-0.007858623753578757	0.003060519301016905	-0.022608352255898884	0.0028828117286998447	5217241
2021-02-08	0.040750482923019984	0.005281328346553765	0.04430561834696478	0.005178578767827014	0.040750482923019984	6025362
2021-02-05	0.020167714884696028	0.006519916142557681	0.03987421383647795	0.006519916142557681	0.020167714884696028	5167528
2021-02-04	-0.02479913315478502	-0.0060720053973380705	0.008116451659068198	-0.03878314558501824	-0.02479913315478502	4018794
2021-02-03	0.02392715093154701	0.004961272765333901	0.036215197822901425	0.0006280092108017823	0.02392715093154701	4615450
2021-02-02	0.05394373965802535	0.0126861555432984	0.0766685052399338	0.001654715940430226	0.05394373965802535	5014969
2021-02-01	-0.0030135057850512615	0.002771545466543467	0.022832255510096332	-0.010162333377326128	-0.0030135057850512615	3138544
2021-01-29	-0.0077698721026670785	0.00833733467196297	0.03190885678117771	-0.020035793792832525	-0.0077698721026670785	3553936
2021-01-28	-0.04700694704438614	-0.012438121386080872	-0.012438121386080872	-0.05154124547610128	-0.04700694704438614	3464496
2021-01-27	0.022631556557621106	-0.004530565363508733	0.040966520610881844	-0.00455183562343129	0.022631556557621106	4607242
2021-01-26	-0.045168365896259006	0.0014622852268573608	0.006620902554937225	-0.05237824444534713	-0.045168365896259006	4928353
2021-01-25	0.05434689507494646	0.00017130620985007298	0.06280513918629547	0.00017130620985007298	0.05434689507494646	6073132
2021-01-22	0.012422225594554205	-0.00058534047304178	0.021093936306284863	-0.015999306263143054	0.012422225594554205	5541266
2021-01-21	0.004507839721254341	0.0017421602787456693	0.028266550522648124	-0.00043554006968638643	0.004507839721254341	4647092
2021-01-20	0.018181818181818157	0.0004656319290465178	0.022128603104212902	-0.028824833702882482	0.018181818181818157	4749536
2021-01-19	-0.048764025984982716	2.1091706740890293e-05	0.0018560701932000242	-0.05498607947355098	-0.048764025984982716	5593116
2021-01-18	0.00029537111270514866	-0.010485674501033855	0.015633571036752537	-0.039073378623570694	0.00029537111270514866	3859481
2021-01-15	0.02038707455167817	0.0006243137930292576	0.029019827344944175	0.0006243137930292576	0.02038707455167817	4154763
2021-01-14	-0.048115740076640955	-0.002274636775343785	-0.002274636775343785	-0.04914035123670571	-0.048115740076640955	4932472
2021-01-13	-0.032188330490658876	-0.0044226726428940105	-0.0024790765935504343	-0.041886478124628146	-0.032188330490658876	4814594
2021-01-12	0.02774097552027071	-0.013452640590285609	0.02933083304457713	-0.025682313854181574	0.02774097552027071	5519865
2021-01-11	-0.04018389905115908	0.0054387166193876025	0.007532035605986546	-0.04705076787635715	-0.04018389905115908	7004286
2021-01-08	0.014065785819148465	0.021703765424751015	0.02884577232869107	-0.005911994603817042	0.014065785819148465	5853927
2021-01-07	-0.010871271585557339	0.0008045525902668134	0.007770800627943333	-0.02468602825745691	-0.010871271585557339	6090338
2021-01-06	0.06836621312815785	0.07176251074446009	0.09155328203945566	0.051866915448961215	0.06836621312815785	8890825
