2021-01-06	-0.01445086705202307	0.0	0.007225433526011535	-0.036127167630057806	-0.01445086705202307	47757354
2021-01-07	0.0021994134897360233	0.0	0.01356304985337234	-0.018328445747800584	0.0021994134897360233	35927409
2021-01-08	-0.02779809802487204	-0.008778346744696358	0.014996342355523048	-0.039136795903438194	-0.02779809802487204	39344707
2021-01-11	-0.03235515425131676	0.012039127163280674	0.019563581640331194	-0.043265613243039826	-0.03235515425131676	50554496
2021-01-12	0.027604976671850735	0.0007776049766718341	0.03227060653188188	-0.003888024883359171	0.027604976671850735	35858925
2021-01-13	-0.02762012864169506	0.0026485054861899466	0.023836549375709382	-0.04464623533863033	-0.02762012864169506	44119650
2021-01-14	-0.006614785992217827	-0.0038910505836575048	0.01050583657587547	-0.03463035019455255	-0.006614785992217827	40568750
2021-01-15	-0.0011750881316099152	-0.007050528789659213	0.014101057579318427	-0.03799451625538591	-0.0011750881316099152	34188797
2021-01-18	0.007450980392156913	-0.017647058823529384	0.020392156862745082	-0.026666666666666655	0.007450980392156913	35296438
2021-01-19	-0.04982483456597902	0.008174386920980822	0.010120669521214402	-0.053328143246399416	-0.04982483456597902	50388176
2021-01-20	0.028676771814829957	0.006554690700532575	0.03277345350266287	0.005735354362966021	0.028676771814829957	31532286
2021-01-21	0.009956192751891677	0.002389486260454093	0.015531660692951038	-0.014735165272799722	0.009956192751891677	30719231
2021-01-22	0.015378548895899076	-0.005126182965299646	0.017350157728706676	-0.022870662460567757	0.015378548895899076	34309837
2021-01-25	-0.033398058252427164	0.012038834951456261	0.025242718446601888	-0.0427184466019418	-0.033398058252427164	55755703
2021-01-26	-0.03535556448372836	0.0020088388911209606	0.0024106066693450673	-0.04379268782643631	-0.03535556448372836	31855922
2021-01-27	0.015826738858808788	0.003748438150770506	0.03206997084548103	-0.017076218242399004	0.015826738858808788	26160027
2021-01-28	-0.03403034030340311	-0.011890118901188977	-0.011890118901188977	-0.036490364903649056	-0.03403034030340311	22257478
2021-01-29	-0.025042444821731746	0.00254668930390502	0.024193548387096787	-0.03650254668930388	-0.025042444821731746	23630074
2021-02-01	0.03221593382673061	0.0013060513713539896	0.07966913365259042	-0.009577710056595511	0.03221593382673061	37637482
2021-02-02	0.009700548291859993	0.0029523407844791348	0.013496415014761716	-0.013496415014761716	0.009700548291859993	24504167
2021-02-03	0.005012531328320695	0.04427736006683369	0.05472013366750203	0.002923976608187146	0.005012531328320695	44335364
2021-02-04	0.009559434746467184	-0.0020781379883623094	0.015793848711554554	-0.008728179551122083	0.009559434746467184	30138413
2021-02-05	0.020996294771510975	0.016879374228077403	0.03334705640181154	-0.0016467682173733696	0.020996294771510975	34600254
2021-02-08	0.024193548387096687	0.020161290322580645	0.03225806451612906	-0.0012096774193548845	0.024193548387096687	29738949
2021-02-09	0.0015748031496064057	0.0031496062992126712	0.005905511811023706	-0.017322834645669204	0.0015748031496064057	32148699
2021-02-10	0.0019654088050313346	0.013757861635220041	0.013757861635220041	-0.016116352201257865	0.0019654088050313346	27839162
2021-02-18	0.010200078462142078	0.012946253432718786	0.017261671243625	-0.017261671243624863	0.010200078462142078	38774585
2021-02-19	0.024466019417475688	0.007766990291262109	0.043495145631068	-0.0019417475728155617	0.024466019417475688	46098115
2021-02-22	-0.04510993176648968	0.0	0.02653525398028807	-0.047005307050796	-0.04510993176648968	56371551
2021-02-23	-0.016276300119094884	0.004366812227074213	0.009527590313616451	-0.02897975387058358	-0.016276300119094884	41698167
2021-02-24	-0.020984665052461646	0.012913640032284112	0.03914447134786113	-0.04439063761097665	-0.020984665052461646	55414642
2021-02-25	-0.017312448474855798	0.01401483924154987	0.017312448474855652	-0.03957131079967027	-0.017312448474855798	47532135
2021-02-26	0.014261744966442946	-0.014261744966442946	0.025587248322147628	-0.02684563758389264	0.014261744966442946	34661444
2021-03-01	0.03598014888337473	-0.00041356492969387966	0.03598014888337473	-0.010752688172042928	0.03598014888337473	29516002
2021-03-02	0.0031936127744510295	0.0047904191616766865	0.017964071856287397	-0.01397205588822361	0.0031936127744510295	36663405
2021-03-03	-0.020294468762435257	-0.010346199761241466	0.0	-0.031038599283724537	-0.020294468762435257	29246192
2021-03-04	-0.05645816409423235	-0.00487408610885463	-0.00487408610885463	-0.0820471161657189	-0.05645816409423235	61307333
2021-03-05	0.004735256134309059	-0.018510546706844586	0.009900990099009918	-0.040034438226431324	0.004735256134309059	25590724
2021-03-08	-0.05955441302485007	-0.0017137960582690294	0.019708654670094295	-0.07369323050556979	-0.05955441302485007	47248690
2021-03-09	-0.05193621867881552	-0.0077448747152618755	-0.0018223234624145399	-0.0642369020501139	-0.05193621867881552	40352128
2021-03-10	0.002883229216722839	0.029793368572801588	0.035559827006247095	-0.011052378664103817	0.002883229216722839	29864389
2021-03-11	0.010062290368950517	-0.003833253473886049	0.018207954000958263	-0.012937230474365097	0.010062290368950517	31151813
2021-03-12	-0.0037950664136621585	0.004743833017077866	0.016603415559772364	-0.032258064516129024	-0.0037950664136621585	37400788
2021-03-15	-0.04238095238095241	0.003333333333333347	0.008571428571428558	-0.050952380952380964	-0.04238095238095241	32018205
2021-03-16	0.013923421183490858	0.0	0.02884137245151675	-0.0004972650422674297	0.013923421183490858	18951845
2021-03-17	0.006866110838646423	0.0	0.02354095144678766	-0.015203531142717129	0.006866110838646423	21117634
2021-03-18	0.004383828543594732	0.0014612761811981286	0.010228933268387592	-0.012664393570384878	0.004383828543594732	16328145
2021-03-19	-0.03103782735208538	-0.019883608147429687	-0.014064015518913807	-0.05043646944713883	-0.03103782735208538	31720425
2021-03-22	0.03153153153153148	0.0	0.03303303303303304	-0.009009009009008995	0.03153153153153148	26338223
2021-03-23	0.004366812227074229	0.0033964095099466417	0.011644832605531393	-0.01164483260553122	0.004366812227074229	17480380
2021-03-24	-0.01449275362318844	-0.009661835748792237	0.0033816425120773083	-0.024154589371980676	-0.01449275362318844	16687449
2021-03-25	0.002941176470588347	-0.009803921568627416	0.023529411764705906	-0.024999999999999904	0.002941176470588347	17891715
2021-03-26	0.034213098729227724	0.00684261974584558	0.04007820136852396	0.006353861192570821	0.034213098729227724	25344628
2021-03-29	-0.054820415879017016	0.0	0.0009451795841209628	-0.05907372400756144	-0.054820415879017016	50594384
2021-03-30	0.027500000000000035	0.004499999999999993	0.028999999999999915	-0.008500000000000086	0.027500000000000035	34535782
2021-03-31	0.0034063260340632742	0.0004866180048660832	0.008759124087591226	-0.0121654501216545	0.0034063260340632742	19038042
2021-04-01	-0.016973811833171745	0.0038797284190105865	0.007274490785644935	-0.02521823472356933	-0.016973811833171745	24712136
2021-04-02	0.03946719289590531	0.001973359644795222	0.040453872718302926	0.001973359644795222	0.03946719289590531	33726828
2021-04-06	0.011865211200759373	0.010915994304698643	0.0370194589463693	0.0037968675842429186	0.011865211200759373	25640867
2021-04-07	0.009849906191369646	0.0004690431519698879	0.01923076923076924	-0.010787992495309588	0.009849906191369646	26331316
2021-04-08	0.010218300046446764	-0.0013934045517882553	0.01625638643752893	-0.0074314909428704196	0.010218300046446764	20572698
2021-04-09	0.0	0.0	0.00505747126436779	-0.01563218390804597	0.0	12664606
2021-04-12	-0.0441379310344828	-0.002298850574712676	-0.002298850574712676	-0.051034482758620665	-0.0441379310344828	19647289
2021-04-13	0.004329004329004322	-0.0067340067340067615	0.02405002405002405	-0.008658008658008644	0.004329004329004322	12781850
2021-04-14	0.02250957854406142	0.005747126436781657	0.02346743295019167	0.005747126436781657	0.02250957854406142	14102298
2021-04-15	0.014051522248243426	-0.0018735362997659344	0.014988290398126476	-0.00983606557377053	0.014051522248243426	12871383
2021-04-16	-0.009237875288683571	0.002771362586605186	0.004618937644341867	-0.013856812933025273	-0.009237875288683571	12509398
2021-04-19	0.05827505827505828	0.01771561771561767	0.05967365967365973	0.008857808857808918	0.05827505827505828	43255333
2021-04-20	-0.011013215859030838	-0.013215859030837036	0.008370044052863493	-0.021145374449339227	-0.011013215859030838	23391309
2021-04-21	0.0022271714922049313	-0.008017817371937627	0.009354120267260617	-0.010244988864142558	0.0022271714922049313	18577490
2021-04-22	0.03644444444444446	0.002222222222222254	0.03644444444444446	-0.0026666666666666098	0.03644444444444446	25781965
2021-04-23	-0.03130360205831906	-0.008576329331046281	-0.0017152658662092258	-0.033447684391080666	-0.03130360205831906	28956495
2021-04-26	-0.020805666223992866	0.0	0.018592297476759705	-0.023019034971226187	-0.020805666223992866	23125563
2021-04-27	-0.008589511754068774	-0.0004520795660036873	0.0018083182640144279	-0.02441229656419542	-0.008589511754068774	13281779
2021-04-28	0.0018239854081166962	-0.015503875968992243	0.006839945280437692	-0.015503875968992243	0.0018239854081166962	15158340
2021-04-29	-0.016385980883022278	-0.010923987255348131	0.002730996813837154	-0.026854802002730993	-0.016385980883022278	20167938
2021-04-30	-0.008792225821378886	0.004627487274410061	0.004627487274410061	-0.012031466913465896	-0.008792225821378886	15720877
2021-05-06	-0.014939309056956129	-0.004668534080298852	0.007469654528477898	-0.027544351073762994	-0.014939309056956129	16756177
2021-05-07	-0.00663507109004742	0.0	0.014691943127962024	-0.008530805687203777	-0.00663507109004742	14746662
2021-05-10	-0.017175572519083943	0.0	0.008587786259541971	-0.030534351145038195	-0.017175572519083943	17291569
2021-05-11	-0.007281553398058355	-0.005339805825242863	0.0009708737864077462	-0.024271844660194174	-0.007281553398058355	15984931
2021-05-12	0.0024449877750611594	-0.012224938875305624	0.006356968215158876	-0.020537897310513357	0.0024449877750611594	12337255
2021-05-13	-0.022439024390243943	-0.014146341463414593	-0.006829268292682955	-0.028292682926829186	-0.022439024390243943	16897737
2021-05-14	0.01846307385229546	0.000499001996008062	0.01996007984031947	-0.01696606786427145	0.01846307385229546	17171746
2021-05-17	0.034296913277804965	0.0004899559039687194	0.037726604605585475	0.0	0.034296913277804965	21358004
2021-05-18	-0.00852676456655612	-0.0014211274277594096	0.010895310279488415	-0.02179062055897683	-0.00852676456655612	13360012
2021-05-19	0.026755852842809305	-0.010989010989011009	0.035355948399426754	-0.012900143334925923	0.026755852842809305	19418315
2021-05-20	-0.01302931596091194	-0.011633317822242905	0.00977198697068408	-0.018147975802698793	-0.01302931596091194	14252045
2021-05-21	-0.031117397454031123	0.004243281471004236	0.011315417256011241	-0.038189533239038294	-0.031117397454031123	20474730
2021-05-24	0.002919708029197018	-0.0024330900243309346	0.004379562043795613	-0.0121654501216545	0.002919708029197018	10474584
2021-05-25	0.03978651140223194	0.0	0.03978651140223194	-0.010189228529839925	0.03978651140223194	23675599
2021-05-26	0.003266448903406453	-0.0013999066728885273	0.02566495566962206	-0.006999533364442304	0.003266448903406453	17878935
2021-05-27	0.006976744186046446	0.0	0.00883720930232564	-0.006976744186046446	0.006976744186046446	14840773
2021-05-28	0.018937644341801393	0.00508083140877612	0.04803695150115486	0.00508083140877612	0.018937644341801393	31055944
2021-05-31	0.011786038077969246	0.0013599274705349564	0.014505893019038998	-0.007706255666364377	0.011786038077969246	31935052
2021-06-01	-0.020161290322580613	-0.013440860215053795	-0.0017921146953404636	-0.038530465949820764	-0.020161290322580613	25506420
2021-06-02	0.00731595793324189	0.01188843164151797	0.01188843164151797	-0.013717421124828565	0.00731595793324189	15882754
2021-06-03	-0.011348161597821153	-0.00272355878347718	0.0018157058556513457	-0.021334543803903875	-0.011348161597821153	19246673
2021-06-04	0.004591368227731766	-0.009182736455463858	0.005509641873278119	-0.01606978879706159	0.004591368227731766	20883670
2021-06-07	-0.029250457038391253	0.00045703839122493434	0.002285191956124347	-0.03519195612431442	-0.029250457038391253	19456822
2021-06-08	0.015065913370998132	-0.0009416195856873623	0.04190207156308854	-0.008003766478342663	0.015065913370998132	19242035
2021-06-09	-0.004638218923933111	0.0	0.008348794063079765	-0.008348794063079765	-0.004638218923933111	12670813
2021-06-10	0.02050326188257212	-0.0009319664492078086	0.028890959925442564	-0.008387698042870442	0.02050326188257212	19411459
2021-06-11	-0.01004566210045657	0.007762557077625649	0.014611872146118735	-0.017808219178082056	-0.01004566210045657	23159817
2021-06-15	-0.05535055350553502	-0.0009225092250922313	0.005535055350553551	-0.05627306273062725	-0.05535055350553502	32041592
2021-06-16	-0.02343750000000002	0.0009765624999999792	0.003417968750000014	-0.02832031250000009	-0.02343750000000002	21671202
2021-06-17	0.0035000000000000144	-0.007499999999999929	0.014000000000000058	-0.009999999999999964	0.0035000000000000144	18150843
2021-06-18	0.016940707523667158	0.0	0.019431988041853542	-0.029397110114598897	0.016940707523667158	31779741
2021-06-21	0.02694757471827539	-0.0029397354238117944	0.03135717785399317	-0.01714845663890257	0.02694757471827539	25189258
2021-06-22	0.005248091603053407	0.0019083969465648447	0.009064885496183098	-0.01240458015267183	0.005248091603053407	19828120
2021-06-23	0.03844328429046031	0.0	0.04508780256288558	-0.006644518272425276	0.03844328429046031	34853387
2021-06-24	0.04616087751371122	0.0036563071297989877	0.06809872029250466	0.0036563071297989877	0.04616087751371122	61854161
2021-06-25	0.02664919178680644	-0.0004368719965050923	0.03058103975535165	-0.013543031891655843	0.02664919178680644	46869269
2021-06-28	0.025106382978723397	-0.006808510638297878	0.03531914893617014	-0.010638297872340425	0.025106382978723397	33475338
2021-06-29	-0.0033208800332087296	0.005811540058115424	0.0103777501037775	-0.009547530095475319	-0.0033208800332087296	39582771
2021-06-30	-0.0012494793835902181	0.003748438150770506	0.020408163265306055	-0.01082882132444821	-0.0012494793835902181	22194717
2021-07-01	-0.025020850708924163	0.01125938281901583	0.012927439532944066	-0.028356964136780637	-0.025020850708924163	17005950
2021-07-02	-0.0021385799828913905	0.005132591958939307	0.013686911890504718	-0.014114627887082905	-0.0021385799828913905	17380364
2021-07-05	-0.005143591941705849	0.0025717959708530767	0.0077153879125590775	-0.024432061723103162	-0.005143591941705849	20274914
2021-07-06	-0.009047824213701027	0.00387763894872899	0.026712623869021863	-0.030590262817751006	-0.009047824213701027	26839629
2021-07-07	0.030000000000000054	-0.005217391304347869	0.0347826086956522	-0.018260869565217466	0.030000000000000054	23623657
2021-07-08	0.016884761502743713	0.0008442380751371707	0.033347403967918916	-0.004221190375686003	0.016884761502743713	25965682
2021-07-09	-0.014113740141137395	-0.005396430053964259	-0.005396430053964259	-0.03985056039850564	-0.014113740141137395	18645054
2021-07-12	0.008421052631578918	0.008421052631578918	0.050947368421052665	0.005894736842105287	0.008421052631578918	27413210
2021-07-13	-0.018789144050104355	-0.012526096033402953	0.005845511482254721	-0.02713987473903961	-0.018789144050104355	21392023
2021-07-14	-0.027234042553191513	-0.006382978723404195	-0.0051063829787234465	-0.031914893617021274	-0.027234042553191513	20865939
2021-07-15	-0.021434820647419004	-0.006999125109361336	0.0034995625546807457	-0.04111986001749771	-0.021434820647419004	22810722
2021-07-16	-0.033080017881090835	0.006705409029950763	0.007599463567277521	-0.03397407241841759	-0.033080017881090835	23961094
2021-07-19	-0.012020342117429405	0.01710587147480356	0.025427646786870123	-0.029126213592232966	-0.012020342117429405	19898110
2021-07-20	-0.007955077211043599	-0.006551240056153512	0.007487131492746848	-0.01637810014038378	-0.007955077211043599	20353768
2021-07-21	0.03962264150943395	0.014150943396226448	0.04009433962264158	0.004716981132075539	0.03962264150943395	32573506
2021-07-22	-0.008620689655172311	0.002722323049001918	0.012250453720508148	-0.017241379310344782	-0.008620689655172311	25099150
2021-07-23	-0.026544622425629372	-0.0036613272311213658	-0.0022883295194508334	-0.031121281464530876	-0.026544622425629372	21758922
2021-07-26	-0.02068641278796433	-0.007522331922896104	0.013164080865068225	-0.035731076633756374	-0.02068641278796433	21942379
2021-07-27	0.0048007681228997325	0.0038406144983198203	0.06673067690830536	0.0014402304368699539	0.0048007681228997325	35851581
2021-07-28	-0.009077878643096095	-0.0004777830864786436	0.01672240802675592	-0.03487816531294794	-0.009077878643096095	26291777
2021-07-29	0.028447444551591122	0.012536162005785997	0.03664416586306662	0.0009643201542913755	0.028447444551591122	22058022
2021-07-30	0.0032817627754336753	-0.008907641819034117	0.01218940459446796	-0.013595874355367988	0.0032817627754336753	19314787
2021-08-02	0.031308411214953355	0.006542056074766382	0.031775700934579425	-0.004672897196261583	0.031308411214953355	33405821
2021-08-03	-0.007702763932940721	0.008155867693701845	0.013593112822836461	-0.011780697779791642	-0.007702763932940721	32986459
2021-08-04	0.057990867579908824	0.0	0.06255707762557082	-0.0009132420091324007	0.057990867579908824	44710794
2021-08-05	-0.007768666378938423	0.0	0.012084592145015	-0.019421665947345828	-0.007768666378938423	29725041
2021-08-06	-0.011744236624619382	0.013484123531970522	0.025228360156589903	-0.01957372770769897	-0.011744236624619382	23462615
2021-08-09	-0.02948943661971823	-0.016725352112676013	-0.007042253521126767	-0.04489436619718308	-0.02948943661971823	29625582
2021-08-10	0.028571428571428525	0.002267573696145157	0.03401360544217687	-0.003628117913832283	0.028571428571428525	30320228
2021-08-11	0.05335097001763672	-0.003086419753086432	0.07363315696649038	-0.007936507936507924	0.05335097001763672	57989679
2021-08-12	-0.017999162829635817	0.004604437002930072	0.008790288823775675	-0.028463792381749675	-0.017999162829635817	38140518
2021-08-13	0.07928388746803067	0.018755328218243723	0.08653026427962479	0.014492753623188399	0.07928388746803067	84875811
2021-08-16	-0.0055292259083728505	0.012638230647709331	0.04739336492890992	-0.011453396524486539	-0.0055292259083728505	51229711
2021-08-17	-0.024622716441620375	-0.0035742652899126235	0.025416997617156496	-0.03415409054805399	-0.024622716441620375	33991347
2021-08-18	-0.02280130293159604	0.011807817589576658	0.017915309446254125	-0.02931596091205207	-0.02280130293159604	32008500
2021-08-19	0.005416666666666625	0.0033333333333332624	0.01708333333333334	-0.006666666666666672	0.005416666666666625	25666716
2021-08-20	0.006216328222130217	0.0004144218814754067	0.007045171985080883	-0.020306672192291687	0.006216328222130217	27268351
2021-08-23	0.023476112026359155	0.0008237232289950401	0.033772652388797376	-0.011532125205930853	0.023476112026359155	32348909
2021-08-24	-0.0068410462776660646	0.0	0.00603621730382288	-0.018108651911468925	-0.0068410462776660646	22582234
2021-08-25	-0.02431118314424641	0.0060777957860615305	0.006888168557536536	-0.030388978930307942	-0.02431118314424641	23508756
2021-08-26	0.014119601328903797	-0.004568106312292336	0.01536544850498343	-0.010797342192690948	0.014119601328903797	21919474
2021-08-27	0.052825552825552784	0.0012285012285011296	0.05405405405405392	-0.016380016380016467	0.052825552825552784	38267593
2021-08-30	0.0023337222870477917	0.0	0.01594710229482692	-0.024115130299494397	0.0023337222870477917	26863922
2021-08-31	-0.02017850213426463	-0.004656577415599573	-0.00038804811796655064	-0.04346138921226236	-0.02017850213426463	25625032
2021-09-01	-0.006336633663366342	-0.005940594059405884	0.012277227722772227	-0.028910891089108926	-0.006336633663366342	20872044
2021-09-02	0.03945795137504976	0.0019928258270227464	0.04184934236747711	-0.016739736946990758	0.03945795137504976	33296676
2021-09-03	-0.018021472392637995	-0.014570552147239227	0.026840490797546124	-0.02223926380368092	-0.018021472392637995	30585462
2021-09-06	0.023037875829753997	-0.0031237797735258997	0.028114017961733653	-0.014057008980866826	0.023037875829753997	21755611
2021-09-07	0.015267175572519165	-0.00038167938931290115	0.04465648854961839	-0.007251908396946478	0.015267175572519165	32263304
2021-09-08	-0.0011278195488722232	0.00037593984962398536	0.007518796992481176	-0.01578947368421059	-0.0011278195488722232	19139614
2021-09-09	-0.010538200978547277	-0.0026345502446368193	0.007903650733910457	-0.024463680843056026	-0.010538200978547277	19903101
2021-09-10	-0.06124001521491059	-0.0007607455306199914	0.006466337010270129	-0.06390262457208062	-0.06124001521491059	43988555
2021-09-13	-0.025121555915721273	0.0012155591572123637	0.007698541329011397	-0.0307941653160453	-0.025121555915721273	28259310
2021-09-14	-0.0024937655860348597	-0.003325020781379813	0.009559434746467184	-0.007481296758104727	-0.0024937655860348597	19273918
2021-09-15	-0.04041666666666662	-0.010416666666666666	-0.008333333333333304	-0.04375000000000003	-0.04041666666666662	38957008
2021-09-16	-0.01215805471124625	-0.0008684324793747101	0.022579244463742924	-0.0243161094224925	-0.01215805471124625	33502111
2021-09-17	-0.01186813186813185	0.006593406593406531	0.00879120879120876	-0.024175824175824208	-0.01186813186813185	16144677
2021-09-22	0.013790035587188556	-0.004003558718861203	0.024911032028469695	-0.01112099644128114	0.013790035587188556	19882206
2021-09-23	0.05089951733216324	0.03554190434401063	0.07064501974550239	0.02501096972356298	0.05089951733216324	35521107
2021-09-24	-0.02713987473903961	0.00208768267223385	0.0054279749478078915	-0.029227557411273457	-0.02713987473903961	16118101
2021-09-27	-0.023175965665236015	0.00472103004291843	0.010300429184549289	-0.026609442060085878	-0.023175965665236015	16186963
2021-09-28	0.002636203866432281	-0.0004393673110721249	0.008787346221441093	-0.009226713532513219	0.002636203866432281	10867338
2021-09-29	-0.006134969325153399	0.0013146362839614872	0.009640666082383825	-0.009202453987730098	-0.006134969325153399	11560142
2021-09-30	0.0035273368606702753	0.006172839506172864	0.014109347442680789	-0.002645502645502589	0.0035273368606702753	11058939
2021-10-08	0.012741652021089593	0.01801405975395431	0.02504393673110706	-0.0017574692442883435	0.012741652021089593	13605971
2021-10-11	0.02386117136659439	-0.0021691973969631545	0.04078091106290663	-0.008242950108459926	0.02386117136659439	15705220
2021-10-12	0.0016949152542372519	0.003813559322033892	0.01271186440677954	-0.017796610169491595	0.0016949152542372519	15369444
2021-10-13	0.01818950930626056	-0.001692047377326529	0.03214890016920465	-0.010152284263959475	0.01818950930626056	15559559
2021-10-14	0.0	0.0	0.03531366846697139	-0.0033236393851267905	0.0	20059701
2021-10-15	0.012048192771084302	-0.00872455338595766	0.02118820108018272	-0.01038637307852098	0.012048192771084302	17742898
2021-10-18	-0.009441707717569804	0.0028735632183908163	0.013136288998357976	-0.027093596059113306	-0.009441707717569804	15057793
2021-10-19	0.0016576875259014796	-0.004558640696228737	0.008288437629506809	-0.015333609614587546	0.0016576875259014796	13647664
2021-10-20	-0.021100537856847394	-0.00289615225486141	0.0033098882912700987	-0.02316921803889128	-0.021100537856847394	15868473
2021-10-21	0.0016906170752324238	0.00422654268808121	0.010143702451394693	-0.023668639053254385	0.0016906170752324238	16191385
2021-10-22	-0.023206751054852353	-0.005063291139240548	0.009704641350210989	-0.027426160337552682	-0.023206751054852353	18533188
2021-10-25	0.04103671706263511	0.006047516198704129	0.04103671706263511	-0.0017278617710582787	0.04103671706263511	18287980
2021-10-26	0.02987551867219912	0.006639004149377599	0.04564315352697086	0.001659751037344363	0.02987551867219912	32883616
2021-10-27	-0.026188557614826694	-0.010072522159548751	0.0020145044319097786	-0.030217566478646252	-0.026188557614826694	20380814
2021-10-28	-0.03930492345883338	0.0	0.008688456764584082	-0.043442283822921	-0.03930492345883338	18249114
2021-10-29	0.02153316106804479	0.004737295434969829	0.024978466838932036	-0.00043066322136081013	0.02153316106804479	19547497
2021-11-01	0.005480607082630799	-0.0025295109612141113	0.013912310286677988	-0.011382799325463726	0.005480607082630799	15291995
2021-11-02	0.0062893081761005686	0.004192872117400329	0.03563941299790347	-0.006289308176100718	0.0062893081761005686	22184400
2021-11-03	-0.008750000000000036	0.0016666666666666312	0.029166666666666636	-0.01874999999999997	-0.008750000000000036	19132494
2021-11-04	0.013030685161832799	0.0004203446826398303	0.019756200084069038	-0.012189995796553138	0.013030685161832799	15315440
2021-11-05	0.021991701244813176	-0.004564315352697219	0.04315352697095432	-0.006224066390041582	0.021991701244813176	28158275
2021-11-08	0.005278116118554712	0.0	0.01989443767762899	-0.013398294762484705	0.005278116118554712	20213844
2021-11-09	-0.009289176090468514	0.005654281098545921	0.008077544426494316	-0.021001615508885425	-0.009289176090468514	16369354
2021-11-10	-0.011822258459029868	-0.007745617611088515	0.005299633102323644	-0.028128821850794995	-0.011822258459029868	19781890
2021-11-11	-0.008663366336633553	-0.009900990099009837	0.007838283828382892	-0.012788778877887737	-0.008663366336633553	22334683
2021-11-12	0.020807324178110695	0.0020807324178109513	0.04411152725759462	0.0020807324178109513	0.020807324178110695	32109488
2021-11-15	0.018752547900529853	0.010599266204647288	0.04688136975132485	0.0008153281695882418	0.018752547900529853	41056548
2021-11-16	0.004801920768307363	-0.005602240896358425	0.01040416166466593	-0.011604641856742664	0.004801920768307363	23204785
2021-11-17	-0.053365193150139385	-0.004380724810832315	-0.004380724810832315	-0.09996017522899235	-0.053365193150139385	77692347
2021-11-18	-0.022297013041649185	-0.019772822885990696	0.008413967185527947	-0.025662599915860305	-0.022297013041649185	30884127
2021-11-19	0.010757314974182445	-0.0017211703958691545	0.021944922547332255	-0.008605851979345925	0.010757314974182445	22391123
2021-11-22	0.008514261387824728	0.0017028522775650362	0.017028522775649306	-0.0008514261387824425	0.008514261387824728	22498856
2021-11-23	-0.008864499788940517	0.00042211903756851036	0.017306880540312375	-0.017306880540312375	-0.008864499788940517	20063561
2021-11-24	-0.005536626916524659	-0.0008517887563883975	0.007240204429301455	-0.012776831345826266	-0.005536626916524659	12204003
2021-11-25	-0.0004282655246253346	0.003426124197002068	0.008993576017130505	-0.0038543897216274025	-0.0004282655246253346	10970178
2021-11-26	-0.005141388174807241	0.004284490145672726	0.01028277634961433	-0.01199657240788351	-0.005141388174807241	16375582
2021-11-29	-0.02670111972437543	-0.009474590869939658	-0.004737295434969829	-0.03574504737295428	-0.02670111972437543	27285014
2021-11-30	0.02787610619469022	0.0022123893805308477	0.05530973451327433	-0.004867256637168273	0.02787610619469022	30179410
2021-12-01	-0.0051657339647008605	0.003013344812742156	0.018080068876452783	-0.013775290572535527	-0.0051657339647008605	19980028
2021-12-02	0.0497620077888361	-0.007356122890523503	0.057550843790566936	-0.007356122890523503	0.0497620077888361	38885099
2021-12-03	-0.008656224237427899	-0.0049464138499588205	0.009892827699917495	-0.021022258862324877	-0.008656224237427899	22671426
2021-12-06	-0.02785862785862793	-0.003326403326403403	0.0020790020790021086	-0.02785862785862793	-0.02785862785862793	17969921
2021-12-07	0.005988023952095833	0.0	0.02010265183917889	-0.006843455945252359	0.005988023952095833	17721152
2021-12-08	-0.008503401360544187	-0.0008503401360544036	0.004676870748299295	-0.01743197278911565	-0.008503401360544187	18846388
2021-12-09	0.0004288164665522303	-0.0008576329331046129	0.012006861063464885	-0.015437392795883338	0.0004288164665522303	26193911
2021-12-10	0.02400342906129457	-0.005143591941705849	0.040720102871838956	-0.00814402057436767	0.02400342906129457	32208218
2021-12-13	0.0037672666387609816	0.0012557555462537101	0.012557555462536656	-0.016324822101297636	0.0037672666387609816	17230579
2021-12-14	-0.015429524603836571	-0.005004170141784862	-0.0004170141784821336	-0.022101751459549672	-0.015429524603836571	13824637
2021-12-15	-0.00592969080897927	-0.0008470986869970171	0.004659042778483669	-0.010165184243964356	-0.00592969080897927	11506006
2021-12-16	-0.0008521516829995558	0.0034086067319983745	0.006391137622496896	-0.013208351086493342	-0.0008521516829995558	10860394
2021-12-17	-0.017057569296375207	-0.0021321961620469386	-0.0017057569296374904	-0.019189765458422145	-0.017057569296375207	16092114
2021-12-20	-0.026464208242950083	-0.006941431670282001	0.00607375271149677	-0.027765726681128006	-0.026464208242950083	19361949
2021-12-21	0.010695187165775331	-0.0017825311942960204	0.02049910873440273	-0.009803921568627558	0.010695187165775331	16174576
2021-12-22	0.01058201058201067	-0.0008818342151675297	0.012786596119929416	-0.005731922398589022	0.01058201058201067	9360664
2021-12-23	0.000872600349040121	0.003054101221640346	0.007853403141361244	-0.001745200698080397	0.000872600349040121	7107015
2021-12-24	-0.010462074978204096	0.00915431560592839	0.012641673931996476	-0.013949433304272025	-0.010462074978204096	8639963
2021-12-27	0.024669603524229176	-0.002202643171806199	0.04713656387665199	-0.00660792951541844	0.024669603524229176	17341293
2021-12-28	0.05374032674118658	0.010318142734307756	0.06018916595012891	0.010318142734307756	0.05374032674118658	64276595
2021-12-29	0.010607915136678825	-0.0008159934720523511	0.025703794369645	-0.012239902080783382	0.010607915136678825	43121755
2021-12-30	0.02462656439241015	0.00040371417036744303	0.03350827614049261	-0.006863140896245384	0.02462656439241015	39789859
2021-12-31	-0.00315208825847117	-0.0011820330969266187	0.00630417651694248	-0.013002364066193787	-0.00315208825847117	20779663
2022-01-04	0.015019762845849762	0.0027667984189723434	0.04347826086956513	-0.012648221343873528	0.015019762845849762	40895881
2022-01-05	-0.0315420560747663	-0.004672897196261721	0.0015576323987538609	-0.042056074766355075	-0.0315420560747663	29675619
2022-01-06	-0.01849618013671093	-0.0008041817450743697	0.009650180940892579	-0.027744270205066396	-0.01849618013671093	20446429
2022-01-07	0.020483408439164276	0.0032773453502662146	0.044653830397378115	-0.008603031544449032	0.020483408439164276	29848110
2022-01-10	0.014050582095544014	-0.006021678040947354	0.021276595744680896	-0.022079486150140534	0.014050582095544014	18646594
2022-01-11	-0.02612826603325416	-0.0027711797307996945	-0.0003958828186857309	-0.030087094220110907	-0.02612826603325416	12713106
2022-01-12	0.021138211382113803	-0.003658536585365848	0.025203252032520218	-0.007317073170731696	0.021138211382113803	14147106
2022-01-13	-0.024681528662420422	0.0011942675159234706	0.005573248407643334	-0.02786624203821653	-0.024681528662420422	10919511
2022-01-14	-0.0159183673469388	0.0008163265306122275	0.00326530612244891	-0.02040816326530612	-0.0159183673469388	15009217
2022-01-17	0.011613438407299923	-0.004562422231439213	0.018664454583160486	-0.012028204064703408	0.011613438407299923	15538802
2022-01-18	0.004510045100450981	-0.0016400164001639666	0.010660106601065929	-0.009430094300943027	0.004510045100450981	8030540
2022-01-19	-0.004081632653061282	-0.004081632653061282	0.008571428571428607	-0.01306122448979593	-0.004081632653061282	11564392
2022-01-20	-0.051639344262295	-0.003688524590163929	0.0	-0.056147540983606456	-0.051639344262295	34690688
2022-01-21	-0.021607605877268798	0.0	0.0038893690579083775	-0.03500432152117555	-0.021607605877268798	39822305
2022-01-24	-0.013692579505300454	-0.00574204946996462	0.008833922261484068	-0.0189929328621908	-0.013692579505300454	30565333
2022-01-25	-0.02239140170174653	0.011643528884908267	0.02194357366771169	-0.028213166144200583	-0.02239140170174653	28552231
2022-01-26	-0.051763628034814435	0.0009161704076959748	0.015116811726981304	-0.05817682088868528	-0.051763628034814435	56370524
2022-01-27	-0.08405797101449268	0.005797101449275411	0.005797101449275411	-0.10000000000000002	-0.08405797101449268	104736060
2022-01-28	0.007911392405063215	0.010021097046413381	0.03955696202531645	-0.005274261603375602	0.007911392405063215	49320845
2022-02-07	0.006279434850863475	0.022501308215593915	0.02878074306645739	-0.008372579801151237	0.006279434850863475	27580763
2022-02-08	0.011440457618304672	0.002600104004160203	0.014040561622464877	-0.016120644825792965	0.011440457618304672	20335979
2022-02-09	-0.006169665809768689	0.0015424164524422178	0.0015424164524422178	-0.016966580976863665	-0.006169665809768689	24816819
2022-02-10	-0.00724262803931697	0.0	0.008794619762028024	-0.018623900672529718	-0.00724262803931697	26535863
2022-02-11	-0.018759770713913652	-0.005732152162584834	-0.0031266284523190344	-0.025534132360604582	-0.018759770713913652	17839968
2022-02-14	0.005841741901221614	-0.0069038767923525765	0.005841741901221614	-0.040361125862984494	0.005841741901221614	33036433
2022-02-15	-0.005279831045406622	-0.015311510031679128	-0.0021119324181627613	-0.029039070749736044	-0.005279831045406622	23640121
2022-02-16	0.0021231422505307404	0.01380042462845019	0.01963906581740982	-0.006900212314225	0.0021231422505307404	27628289
2022-02-17	0.015889830508474614	0.0010593220338982825	0.02330508474576278	-0.003707627118644083	0.015889830508474614	25729766
2022-02-18	0.0026068821689260017	-0.004692387904066729	0.0026068821689260017	-0.023461939520333645	0.0026068821689260017	20049072
2022-02-21	0.02288091523660953	-0.002600104004160203	0.02756110244409782	-0.009360374414976584	0.02288091523660953	30495508
2022-02-22	-0.0055922724961872386	-0.010676156583629935	-0.0005083884087443601	-0.018301982714794253	-0.0055922724961872386	17361998
2022-02-23	0.01278118609406953	-0.0015337423312882202	0.014826175869120793	-0.005112474437627703	0.01278118609406953	17203486
2022-02-24	0.0070671378091873086	-0.0020191822311963225	0.03382130237253921	-0.012115093387178115	0.0070671378091873086	38373156
2022-02-25	0.01854636591478702	0.0070175438596491516	0.021052631578947455	0.002506265664160437	0.01854636591478702	19773540
2022-02-28	-0.010826771653543251	-0.002952755905511748	0.0004921259842518706	-0.022637795275590594	-0.010826771653543251	24581238
2022-03-01	0.016915422885572132	0.003980099502487477	0.023880597014925217	0.002487562189054585	0.016915422885572132	20578041
2022-03-02	-0.01223091976516634	-0.004892367906066605	-0.0019569471624267466	-0.01859099804305296	-0.01223091976516634	11552639
2022-03-03	-0.022288261515601922	0.0034670629024269577	0.003962357602773566	-0.024269440316988706	-0.022288261515601922	12397570
2022-03-04	-0.02735562310030391	-0.0070921985815601335	-0.0020263424518743235	-0.03292806484295839	-0.02735562310030391	23138844
2022-03-07	-0.051041666666666693	-0.005208333333333223	0.0	-0.05468750000000004	-0.051041666666666693	26524085
2022-03-08	-0.043358946212952755	-0.007683863885839768	0.004390779363337094	-0.06256860592755217	-0.043358946212952755	30760167
2022-03-09	-0.05737234652897304	-0.016064257028112514	-0.0022948938611588726	-0.09810671256454384	-0.05737234652897304	49033952
2022-03-10	0.046865489957394986	0.03895313451004264	0.05660377358490564	0.020693852708460126	0.046865489957394986	28873763
2022-03-11	-0.005232558139534876	-0.01744186046511632	-0.0040697674418604815	-0.03488372093023243	-0.005232558139534876	27403136
2022-03-14	-0.030976037405026368	-0.009351256575102287	-0.007597895967270544	-0.030976037405026368	-0.030976037405026368	15838718
2022-03-15	-0.05488540410132681	-0.004825090470446218	0.001206272617611769	-0.0579010856453558	-0.05488540410132681	23508831
2022-03-16	0.047862156987875035	0.02105934907466497	0.05360561582642002	-0.017868538608806595	0.047862156987875035	26291372
2022-03-17	0.026796589524969407	0.0170523751522532	0.04445797807551747	0.0018270401948841401	0.026796589524969407	26921197
2022-03-18	0.0017793594306050498	0.0023724792408065924	0.012455516014234927	-0.009489916963226581	0.0017793594306050498	26531561
2022-03-21	0.01065719360568382	0.0	0.0313795145056247	-0.00532859680284191	0.01065719360568382	19740273
2022-03-22	-0.0029291154071470833	-0.010544815465729333	0.0005858230814292918	-0.014645577035735208	-0.0029291154071470833	10467383
2022-03-23	-0.004112808460634564	0.0005875440658050272	0.01586368977673323	-0.006462984723854256	-0.004112808460634564	14335208
2022-03-24	0.0011799410029498273	-0.007669616519173983	0.011209439528023675	-0.015929203539822984	0.0011799410029498273	12507427
2022-03-25	-0.015321154979375253	0.0011785503830288495	0.024160282852091937	-0.016499705362404103	-0.015321154979375253	17417165
2022-03-28	0.012567324955116747	0.008378216636744498	0.015559545182525314	-0.014961101137043686	0.012567324955116747	14172121
2022-03-29	-0.00827423167848703	0.010047281323876958	0.010047281323876958	-0.00886524822695048	-0.00827423167848703	13485546
2022-03-30	0.017878426698450366	0.0029797377830749197	0.02324195470798573	-0.0029797377830751317	0.017878426698450366	15861888
2022-03-31	-0.026932084309133335	-0.010538641686182654	-0.008782201405152143	-0.03337236533957827	-0.026932084309133335	11159673
2022-04-01	0.023465703971119165	-0.009626955475330934	0.02647412755715991	-0.012635379061371892	0.023465703971119165	14471014
2022-04-06	0.007054673721340237	-0.004115226337448576	0.017636684303350803	-0.011757789535567479	0.007054673721340237	15189795
2022-04-07	-0.019264448336252092	0.002335084646818605	0.0169293636894339	-0.019264448336252092	-0.019264448336252092	21138928
2022-04-08	-0.01488095238095238	0.0	0.0029761904761905185	-0.03690476190476196	-0.01488095238095238	17643696
2022-04-11	-0.06948640483383688	0.005438066465256789	0.008459214501510609	-0.0755287009063444	-0.06948640483383688	27361142
2022-04-12	0.025974025974025997	-0.003896103896103928	0.030519480519480446	-0.011038961038961034	0.025974025974025997	18120189
2022-04-13	-0.04113924050632913	-0.013291139240506383	-0.00569620253164556	-0.04240506329113924	-0.04113924050632913	14335733
2022-04-14	0.020462046204620495	0.009240924092409161	0.02310231023102308	0.00330033003300323	0.020462046204620495	9696097
2022-04-15	0.017464424320827916	-0.009702457956015546	0.02716688227684346	-0.022639068564036312	0.017464424320827916	13919230
2022-04-18	0.010807374443738076	0.0006357279084551676	0.017164653528289865	-0.014621741894469194	0.010807374443738076	11189926
2022-04-19	-0.027044025157232685	0.0031446540880502474	0.005660377358490557	-0.030188679245283043	-0.027044025157232685	10327694
2022-04-20	-0.0025856496444732337	0.001939237233354839	0.020685197155785293	-0.007756948933419586	-0.0025856496444732337	10540974
2022-04-21	-0.040829552819183344	-0.00518470511989631	0.004536616979909286	-0.04536616979909263	-0.040829552819183344	14771963
2022-04-22	-0.011486486486486482	-0.011486486486486482	0.0040540540540539675	-0.028378378378378373	-0.011486486486486482	12147483
2022-04-25	-0.08885850991114154	-0.02255639097744361	-0.008202323991797744	-0.08885850991114154	-0.08885850991114154	25522055
2022-04-26	0.09902475618904728	0.03450862715678913	0.09977494373593399	0.030007501875468894	0.09902475618904728	48885710
2022-04-27	0.034129692832764506	-0.003412969283276499	0.05460750853242313	-0.015017064846416425	0.034129692832764506	45380912
2022-04-28	0.08910891089108908	0.00330033003300323	0.10033003300330041	-0.011221122112211216	0.08910891089108908	45644036
2022-04-29	0.015757575757575852	0.017575757575757522	0.03393939393939386	-0.011515151515151593	0.015757575757575852	27680585
2022-05-05	-0.004176610978520303	0.004176610978520091	0.03221957040572787	-0.027446300715990503	-0.004176610978520303	30408130
2022-05-06	0.0005991611743557825	-0.029958058717795083	0.014979029358897542	-0.03654883163571018	0.0005991611743557825	15814911
2022-05-09	-0.005988023952095681	-0.012574850299401249	0.007784431137724492	-0.023952095808383148	-0.005988023952095681	10743881
2022-05-10	0.012048192771084293	-0.006024096385542254	0.023493975903614277	-0.02891566265060243	0.012048192771084293	21538384
2022-05-11	-0.0005952380952381882	-0.005952380952381037	0.023809523809523725	-0.013095238095238238	-0.0005952380952381882	31634749
2022-05-12	-0.004169148302561066	-0.011911852293031525	-0.0011911852293031314	-0.03216200119118518	-0.004169148302561066	15973128
2022-05-13	0.01973684210526327	-0.0005980861244017949	0.021531100478468866	-0.01614832535885165	0.01973684210526327	18771821
2022-05-16	-0.01642228739002939	0.006451612903225773	0.0263929618768328	-0.022287390029325452	-0.01642228739002939	17039245
2022-05-17	0.037567084078711926	0.0	0.037567084078711926	-0.007751937984496065	0.037567084078711926	19474103
2022-05-18	0.0028735632183908458	0.009195402298850583	0.013793103448275978	-0.021264367816091808	0.0028735632183908458	21687029
2022-05-19	-0.010315186246418322	-0.019484240687679077	0.0	-0.02750716332378226	-0.010315186246418322	13854206
2022-05-20	0.017371163867979197	-0.00694846554719172	0.02895193977996526	-0.00694846554719172	0.017371163867979197	16736680
2022-05-23	-0.04325554923164494	-0.020489470688673843	0.0017074558907228877	-0.04325554923164494	-0.04325554923164494	28237661
2022-05-24	-0.027364663890541187	0.0005948839976205571	0.03033908387864376	-0.0297441998810232	-0.027364663890541187	25763403
2022-05-25	0.0116207951070335	-0.006116207951070423	0.017737003058103922	-0.01773700305810414	0.0116207951070335	13839421
2022-05-26	0.0012091898428052948	0.007255139056831983	0.01813784764207985	-0.015719467956469047	0.0012091898428052948	11193813
2022-05-27	-0.012077294685990296	-0.0012077294685990082	0.02053140096618357	-0.012681159420289693	-0.012077294685990296	13775344
2022-05-30	0.02078239608801955	0.007334963325183435	0.02689486552567245	-0.006112469437652682	0.02078239608801955	10670322
2022-05-31	0.044311377245509105	0.0	0.05329341317365273	-0.010179640718562763	0.044311377245509105	22662628
2022-06-01	0.027522935779816536	0.0017201834862383934	0.040711009174311766	-0.0017201834862385973	0.027522935779816536	21498885
2022-06-02	0.02232142857142849	-0.011718750000000047	0.030691964285714125	-0.011718750000000047	0.02232142857142849	18758075
2022-06-06	0.0076419213973799435	0.0	0.020742358078602564	-0.01037117903930138	0.0076419213973799435	20798165
2022-06-07	-0.003250270855904782	0.003791982665222117	0.016793066088840666	-0.013001083423618743	-0.003250270855904782	19395748
2022-06-08	0.03586956521739131	0.0005434782608696502	0.040217391304347934	-0.005434782608695537	0.03586956521739131	24009610
2022-06-09	-0.010493179433368274	-0.0005246589716683111	0.0036726128016789238	-0.021511017838405047	-0.010493179433368274	12145923
2022-06-10	0.06839872746553548	0.0042417815482503635	0.09225874867444338	-0.02014846235418871	0.06839872746553548	37915329
2022-06-13	0.027295285359801524	-0.01240694789081886	0.04714640198511181	-0.01488833746898249	0.027295285359801524	34760221
2022-06-14	0.025120772946859885	-0.01449275362318844	0.042512077294685945	-0.04009661835748784	0.025120772946859885	30344678
2022-06-15	-0.01131008482563612	-0.010367577756833123	0.010838831291234705	-0.032987747408105526	-0.01131008482563612	29637511
2022-06-16	0.042897998093422235	0.0	0.05433746425166828	-0.0047664442326025465	0.042897998093422235	37338979
2022-06-17	0.04936014625228528	-0.009140767824497225	0.08226691042047536	-0.02102376599634357	0.04936014625228528	45319837
2022-06-20	0.08885017421602784	0.09756097560975603	0.10017421602787459	0.0161149825783971	0.08885017421602784	107349026
2022-06-21	-0.027999999999999973	0.007999999999999972	0.06760000000000005	-0.03840000000000003	-0.027999999999999973	105784467
2022-06-22	0.0004115226337447741	-0.012345679012345708	0.02674897119341558	-0.027983539094650192	0.0004115226337447741	80246210
2022-06-23	0.07034142328259979	-0.0028794734677087736	0.07856849033319623	-0.0028794734677087736	0.07034142328259979	87870678
2022-06-24	-0.035357417371252815	-0.00845503458877782	-0.005764796310530306	-0.04957724827056108	-0.035357417371252815	75978398
2022-06-27	0.09999999999999991	0.0015936254980079341	0.09999999999999991	-0.005179282868525998	0.09999999999999991	106301164
2022-06-28	0.027164070988772184	0.024990945309670456	0.04491126403477008	0.0	0.027164070988772184	100927494
2022-06-29	-0.06734837799717913	-0.012693935119887145	-0.006346967559943573	-0.0726375176304654	-0.06734837799717913	88936983
2022-06-30	0.03894139886578454	0.04158790170132331	0.08884688090737246	0.014366729678638904	0.03894139886578454	80485570
2022-07-01	-0.010189228529839925	-0.005094614264919963	-0.0007278020378456904	-0.04112081513828235	-0.010189228529839925	60980580
2022-07-04	0.020220588235294143	0.0194852941176471	0.04595588235294118	0.0	0.020220588235294143	54616048
2022-07-05	0.0050450450450450655	0.0018018018018018274	0.04900900900900899	-0.019819819819819846	0.0050450450450450655	59258588
2022-07-06	-0.024740050197203343	-0.003585514521333862	0.003585514521333735	-0.03728935102187161	-0.024740050197203343	45622114
2022-07-07	0.044117647058823505	-0.009926470588235278	0.044117647058823505	-0.0330882352941176	0.044117647058823505	71801343
2022-07-08	-0.01725352112676051	-0.014084507042253471	0.021830985915492995	-0.028169014084506942	-0.01725352112676051	38698842
2022-07-11	-0.02149767108563244	0.0035829451809387823	0.010390541024722292	-0.03582945180938732	-0.02149767108563244	42751162
2022-07-12	-0.03222262907359938	-0.001830831197363499	0.012449652142072496	-0.03332112779201758	-0.03222262907359938	32932338
2022-07-13	0.07188800605372678	0.02005297010972384	0.08626560726447223	0.003783579265985676	0.07188800605372678	50745057
2022-07-14	0.03282739145781868	0.0028238616307801573	0.07024355806565485	-0.016590187080833	0.03282739145781868	66498594
2022-07-15	-0.0013670539986330383	-0.008202323991797744	0.03349282296650707	-0.02426520847573482	-0.0013670539986330383	54936993
2022-07-18	-0.008898015058179262	0.013004791238877569	0.013004791238877569	-0.0465434633812457	-0.008898015058179262	46243279
2022-07-19	0.01761049723756899	-0.0003453038674033689	0.05662983425414366	-0.011049723756906087	0.01761049723756899	49579371
2022-07-20	-0.038683406854428254	-0.007804546996946061	0.010858500169664075	-0.04750593824228024	-0.038683406854428254	61255094
2022-07-21	-0.015178256265442985	-0.0045887751500176144	0.02364984115778333	-0.019767031415460597	-0.015178256265442985	35631926
2022-07-22	-0.0014336917562723709	0.006093189964157767	0.012186379928315408	-0.021505376344085947	-0.0014336917562723709	36038820
2022-07-25	-0.014716439339554924	0.001435750179468742	0.005025125628140724	-0.03409906676238332	-0.014716439339554924	24200992
2022-07-26	0.053551912568306104	0.009107468123861567	0.062295081967213145	-0.010200364298724866	0.053551912568306104	45651142
2022-07-27	0.09993084370677721	-0.00414937759336103	0.09993084370677721	-0.006915629322268424	0.09993084370677721	76075068
2022-07-28	-0.01571832756994656	0.005029864822382903	0.03017918893429753	-0.03489468720528134	-0.01571832756994656	83086135
2022-07-29	0.038007026509102565	0.015011178537208637	0.0680293835835196	0.0009581603321622849	0.038007026509102565	64595064
2022-08-01	0.008307692307692405	-0.0030769230769231207	0.046153846153846156	-0.015076923076923139	0.008307692307692405	52960032
2022-08-02	-0.026243515410436465	-0.023497101007018708	-0.010375343301800531	-0.04485810192249015	-0.026243515410436465	48862220
2022-08-03	-0.07865872767157636	0.006267627702914424	0.012535255405828961	-0.08586649952992788	-0.07865872767157636	82820803
2022-08-04	-0.022108843537414918	0.009863945578231385	0.013265306122449	-0.05782312925170066	-0.022108843537414918	85122100
2022-08-05	-0.037565217391304286	0.03408695652173915	0.03686956521739126	-0.06086956521739131	-0.037565217391304286	86953998
2022-08-08	0.10010842067220814	-0.023852547885796896	0.10010842067220814	-0.023852547885796896	0.10010842067220814	84697439
2022-08-09	-0.025952693823915986	-0.009855453350854162	0.0045992115637318335	-0.02660972404730625	-0.025952693823915986	47139675
2022-08-10	0.056661045531197295	0.021585160202360898	0.07993254637436778	0.0037099494097808765	0.056661045531197295	61295569
2022-08-11	-0.038301947015639944	0.0025534631343760565	0.0025534631343760565	-0.05075007979572295	-0.038301947015639944	53190103
2022-08-12	-0.02787919017590441	0.012280119482243645	0.057085960836375786	-0.03518088284102219	-0.02787919017590441	66476121
2022-08-15	0.060430180949129386	-0.005462615227039951	0.07203823830658926	-0.005462615227039951	0.060430180949129386	63459626
2022-08-16	-0.022215067611075265	-0.001931745009658684	0.013844172569220855	-0.03155183515775919	-0.022215067611075265	51084279
2022-08-17	-0.010865986170563117	-0.018768521567336195	0.0075732630885742645	-0.057293381626605265	-0.010865986170563117	66040357
2022-08-18	0.037949400798934774	0.0023302263648468805	0.04860186418109191	-0.005326231691078567	0.037949400798934774	53070075
2022-08-19	-0.05708787684413089	0.0012828736369467333	0.006093649775497155	-0.05869146889031425	-0.05708787684413089	62693455
2022-08-22	-0.000680272108843523	0.0	0.017006802721088437	-0.017346938775510138	-0.000680272108843523	31407488
2022-08-23	0.010551395507147798	-0.0013614703880190317	0.026548672566371723	-0.006807351940095279	0.010551395507147798	26566262
2022-08-24	-0.05995284607611994	-0.0013472549680027853	0.006736274840013448	-0.06365779723812733	-0.05995284607611994	59282371
2022-08-25	-0.007524184879971367	0.0032246506628448536	0.013973486205661073	-0.025438910784665026	-0.007524184879971367	38714392
2022-08-26	-0.028880866425992805	0.00830324909747294	0.02129963898916967	-0.0342960288808664	-0.028880866425992805	44924042
2022-08-29	0.017100371747211927	-0.014869888475836378	0.03011152416356886	-0.021933085501858733	0.017100371747211927	49125330
2022-08-30	-0.006213450292397594	0.01900584795321636	0.01900584795321636	-0.012792397660818636	-0.006213450292397594	25805318
2022-08-31	-0.05700625229863923	-0.005148951820522271	-0.0007355645457888773	-0.07098197866862815	-0.05700625229863923	66855590
2022-09-01	-0.0066302652106084905	0.00039001560062394735	0.02262090483619338	-0.01014040561622471	-0.0066302652106084905	29656195
2022-09-02	0.018845700824499427	0.019238319591676562	0.03926187671770711	-0.025912838633686697	0.018845700824499427	47647185
2022-09-05	0.0011560693641618936	0.0	0.03236994219653179	-0.02581888246628124	0.0011560693641618936	31586431
2022-09-06	0.07967667436489609	0.0038491147036180855	0.09237875288683597	-0.003079291762894605	0.07967667436489609	57040067
2022-09-07	0.07237076648841347	-0.011408199643493771	0.07664884135472365	-0.012477718360071352	0.07237076648841347	57373448
2022-09-08	-0.042553191489361625	-0.013630319148936058	0.0	-0.04687499999999989	-0.042553191489361625	35461611
2022-09-09	0.00555555555555556	0.01041666666666669	0.02222222222222224	-0.014930555555555546	0.00555555555555556	28201667
2022-09-13	0.026243093922651863	0.011740331491712701	0.036947513812154706	-0.02279005524861879	0.026243093922651863	33110694
2022-09-14	-0.0154777927321668	-0.010094212651413095	0.002355316285329754	-0.02759084791386273	-0.0154777927321668	34129729
2022-09-15	-0.06971975393028033	-0.008202323991797744	0.0047846889952152085	-0.08065618591934391	-0.06971975393028033	53931500
2022-09-16	-0.030124908155767828	0.005143277002204283	0.017266715650257253	-0.030124908155767828	-0.030124908155767828	28956589
2022-09-19	0.014772727272727295	0.01060606060606065	0.03295454545454549	0.0	0.014772727272727295	24077014
2022-09-20	0.07726763717805152	0.010078387458006703	0.08435983575961185	0.0014930944382231858	0.07726763717805152	47726326
2022-09-21	-0.007969507969507985	0.0051975051975052715	0.024601524601524632	-0.013513513513513533	-0.007969507969507985	42780266
2022-09-22	-0.02200488997555009	-0.02165560600768416	0.009779951100244539	-0.03248340901152636	-0.02200488997555009	35505513
2022-09-23	-0.06964285714285712	0.002142857142857097	0.008571428571428516	-0.09928571428571432	-0.06964285714285712	79091268
2022-09-26	0.07370441458733198	0.01151631477927066	0.0879078694817658	0.00038387715930894475	0.07370441458733198	75098847
2022-09-27	-0.04540579191991418	0.003932785126921682	0.003932785126921682	-0.062209510189488684	-0.04540579191991418	51348086
2022-09-28	-0.041198501872659096	-0.007116104868913772	0.0037453183520599785	-0.04419475655430711	-0.041198501872659096	43737443
2022-09-29	0.006640624999999928	0.015624999999999944	0.0437499999999999	-0.015625000000000083	0.006640624999999928	33173685
2022-09-30	-0.04540162980209539	0.0042685292976328846	0.00814901047729922	-0.04617772603802876	-0.04540162980209539	44921579
2022-10-10	-0.10000000000000003	-0.09959349593495946	-0.09146341463414634	-0.10000000000000003	-0.10000000000000003	16677400
2022-10-11	-0.024841915085817557	-0.06865401987353205	-0.006323396567299032	-0.07859078590785917	-0.024841915085817557	118198261
2022-10-12	0.05974988420565072	0.0	0.06484483557202401	-0.031959240389069075	0.05974988420565072	79579198
2022-10-13	-0.045017482517482416	-0.01617132867132856	-0.0008741258741258555	-0.05244755244755242	-0.045017482517482416	68227513
2022-10-14	0.023798627002288308	0.011441647597254004	0.035240274599542314	-0.0036613272311213658	0.023798627002288308	45957846
2022-10-17	-0.01966919982118915	-0.002235136343316974	0.010728654447921253	-0.043361645060348786	-0.01966919982118915	48981334
2022-10-18	0.006383948928408599	0.0109439124487005	0.04331965344277242	-0.004103967168262648	0.006383948928408599	40328205
2022-10-19	-0.0054372451291346165	-0.007249660172179435	0.03126415949252385	-0.008155867693701845	-0.0054372451291346165	29779581
2022-10-20	-0.06150341685649193	-0.0168564920273349	-0.00045558086560355403	-0.09339407744874718	-0.06150341685649193	96812815
2022-10-21	0.03495145631067956	0.004854368932038731	0.04174757281553395	-0.00873786407766989	0.03495145631067956	49112423
2022-10-24	-0.023921200750469118	0.0051594746716697665	0.01407129455909947	-0.030487804878048714	-0.023921200750469118	36337020
2022-10-25	0.027390677558865945	0.0	0.048534358481499354	-0.009610764055742398	0.027390677558865945	47245012
2022-10-26	0.005144995322731498	0.008886810102899967	0.02385406922357351	-0.008419083255378846	0.005144995322731498	41004943
2022-10-27	0.008841321544904667	0.04932526756631002	0.06468124709167057	0.0060493252675664294	0.008841321544904667	76368251
2022-10-28	-0.04750922509225097	-0.009686346863468673	0.007841328413284212	-0.05442804428044279	-0.04750922509225097	49164273
2022-10-31	0.029055690072639296	-0.010653753026634329	0.037288135593220494	-0.026150121065375263	0.029055690072639296	56599683
2022-11-01	0.029647058823529367	0.0	0.03058823529411758	-0.006117647058823483	0.029647058823529367	29977096
2022-11-02	0.059414990859232214	-0.002742230347349119	0.08363802559415	-0.01691042047531981	0.059414990859232214	64133461
2022-11-03	-0.0017256255392579442	-0.00733390854184634	0.007333908541846493	-0.016393442622950775	-0.0017256255392579442	29998210
2022-11-04	0.04624027657735524	0.003025064822817644	0.060933448573898014	0.003025064822817644	0.04624027657735524	43782741
2022-11-07	-0.00867410161090462	-0.0012391573729864161	0.011565468814539346	-0.024783147459727442	-0.00867410161090462	27908572
2022-11-08	-0.012083333333333298	-0.0004166666666667318	0.0	-0.029999999999999954	-0.012083333333333298	24662050
2022-11-09	0.001687051876845177	0.0	0.029101644875579827	-0.01096583719949395	0.001687051876845177	20771065
2022-11-10	-0.03957894736842111	-0.018105263157894725	-0.010526315789473684	-0.05557894736842107	-0.03957894736842111	36845213
2022-11-11	0.024112231477422214	0.034633932485751986	0.05611573871109168	0.007891275756247249	0.024112231477422214	30135170
2022-11-14	-0.021404109589041095	-0.0008561643835616256	0.013698630136986314	-0.026541095890411003	-0.021404109589041095	26809886
2022-11-15	0.024496937882764754	-0.0034995625546805904	0.027996500437445344	-0.012685914260717373	0.024496937882764754	28943521
2022-11-16	-0.03501280956447482	-0.005123825789923184	0.0012809564474806825	-0.038428693424423656	-0.03501280956447482	22120291
2022-11-17	-0.02433628318584074	-0.007079646017699121	-0.0008849557522125277	-0.05309734513274349	-0.02433628318584074	38962669
2022-11-18	0.008616780045351371	0.003628117913832122	0.02131519274376412	-0.022675736961451247	0.008616780045351371	28516221
2022-11-21	0.03237410071942457	-0.008992805755395652	0.035521582733813076	-0.02248201438848921	0.03237410071942457	25217946
2022-11-22	-0.03092334494773523	-0.008275261324041867	-0.0034843205574913694	-0.0391986062717771	-0.03092334494773523	21580860
2022-11-23	0.031011235955056237	0.002247191011235987	0.0382022471910113	-0.010786516853932514	0.031011235955056237	21141175
2022-11-24	-0.008282476024411563	0.0026155187445509468	0.0200523103748909	-0.011769834350479493	-0.008282476024411563	14870211
2022-11-25	-0.028571428571428508	-0.006153846153846179	-0.0004395604395605083	-0.034285714285714336	-0.028571428571428508	16060656
2022-11-28	0.003619909502262366	-0.009954751131221828	0.005882352941176425	-0.017647058823529436	0.003619909502262366	15772888
2022-11-29	-0.05680793507664554	-0.012623985572587969	-0.0004508566275923359	-0.06492335437330934	-0.05680793507664554	59148480
2022-11-30	0.051625239005736054	-0.001434034416826058	0.06692160611854678	-0.005736137667304062	0.051625239005736054	47306765
2022-12-01	0.01818181818181812	0.0	0.03999999999999995	-0.007272727272727279	0.01818181818181812	28576904
2022-12-02	-0.02678571428571419	0.0	0.0008928571428572825	-0.033482142857142856	-0.02678571428571419	27325662
2022-12-05	0.041284403669724704	0.0311926605504587	0.04724770642201823	0.0	0.041284403669724704	34590754
2022-12-06	-0.005726872246695992	0.0	0.012775330396475734	-0.019823788546255477	-0.005726872246695992	23631237
2022-12-07	0.01860877270713328	0.0	0.044749667700487286	-0.011962782454585714	0.01860877270713328	27009636
2022-12-08	-0.007394519356241765	0.0004349717268378236	0.009134406263592904	-0.016093953892996844	-0.007394519356241765	22362023
2022-12-09	0.01358457493426813	0.0035056967572304246	0.015337423312883498	-0.009640666082383825	0.01358457493426813	26535670
2022-12-12	0.009943795936013853	0.0	0.0324254215304799	-0.015131863380890526	0.009943795936013853	26273489
2022-12-13	-0.014126712328767051	-0.004280821917808128	0.015839041095890453	-0.017979452054794443	-0.014126712328767051	17583428
2022-12-14	0.009118541033434532	-0.0017368649587495744	0.026052974381241763	-0.005210594876248415	0.009118541033434532	16081938
2022-12-15	0.026678141135972507	0.0012908777969019424	0.026678141135972507	-0.003872633390705674	0.026678141135972507	21254954
2022-12-16	-0.0322715842414082	-0.012573344509639595	-0.002933780385582577	-0.03939647946353721	-0.0322715842414082	20820288
2022-12-19	0.008661758336942368	0.0	0.024252923343438662	-0.0025985275010826643	0.008661758336942368	21260339
2022-12-20	-0.010304851867754334	-0.007728638900815789	0.011592958351223683	-0.01760412194074711	-0.010304851867754334	16306891
2022-12-21	-0.01041214750542308	0.006507592190889309	0.008676789587852464	-0.01952277657266808	-0.01041214750542308	16803937
2022-12-22	-0.01402893467777292	0.0021920210434020477	0.00701446733888646	-0.022358614642700485	-0.01402893467777292	12762452
2022-12-23	-0.03334815473543797	-0.008892841262783429	0.0022232103156958967	-0.04179635393508216	-0.03334815473543797	15692335
2022-12-26	0.02851885924563022	0.007359705611775536	0.029898804047838186	0.002759889604415928	0.02851885924563022	12072908
2022-12-27	-0.01610017889087654	0.0017889087656529135	0.0035778175313059862	-0.030411449016100166	-0.01610017889087654	17372043
2022-12-28	-0.04272727272727279	0.002727272727272669	0.0054545454545455	-0.059090909090909124	-0.04272727272727279	42004161
2022-12-29	0.005698005698005746	0.02041785375118707	0.022792022792022814	0.0014245014245014786	0.005698005698005746	19744983
2022-12-30	0.0018885741265344262	0.015580736543909436	0.03257790368271961	-0.0028328611898016396	0.0018885741265344262	21777083
2023-01-03	-0.018850141376060253	-0.0061262959472195575	-0.0032987747408105695	-0.037700282752120506	-0.018850141376060253	47437897
2023-01-04	-0.010566762728145959	-0.0014409221902017837	0.006243996157540778	-0.03938520653218061	-0.010566762728145959	41620585
2023-01-05	0.01359223300970862	0.0	0.03834951456310675	-0.0038834951456311576	0.01359223300970862	53203892
2023-01-06	0.009578544061302648	-0.008141762452107192	0.024425287356321917	-0.010057471264367688	0.009578544061302648	38050141
2023-01-09	0.02609108159392793	0.023719165085388995	0.04459203036053137	0.0071157495256168	0.02609108159392793	51322449
2023-01-10	0.03421174294960712	0.007859454461396288	0.049468331021729095	-0.017105871474803396	0.03421174294960712	45577565
2023-01-11	0.029056772463120186	0.0008940545373267579	0.03710326329906116	-0.00759946356727768	0.029056772463120186	46002308
2023-01-12	0.000868809730668965	0.002606429192006895	0.018679409209383133	-0.008688097306689804	0.000868809730668965	26644707
2023-01-13	0.03298611111111118	-0.00043402777777769145	0.06684027777777775	-0.0017361111111110742	0.03298611111111118	60586589
2023-01-16	0.026050420168067266	0.032773109243697376	0.04117647058823531	0.011764705882352839	0.026050420168067266	43283837
2023-01-17	0.007371007371007359	0.000409500409500328	0.011466011466011367	-0.015561015561015665	0.007371007371007359	28572522
2023-01-18	0.012195121951219396	0.00813008130081298	0.028861788617886068	0.004065040650406417	0.012195121951219396	24431991
2023-01-19	0.0012048192771084794	0.0032128514056225643	0.012048192771084366	-0.012449799196787098	0.0012048192771084794	20319032
2023-01-20	-0.013638186923385474	0.006819093461692808	0.0104292017649419	-0.016446048937023672	-0.013638186923385474	18583441
2023-01-30	0.06791378609190735	0.028873525823505525	0.07767385115900774	0.026840178934526237	0.06791378609190735	40757254
2023-01-31	-0.026656511805026765	-0.00990099009900996	-0.004188880426504302	-0.032368621477532424	-0.026656511805026765	19428600
2023-02-01	0.017214397496087688	0.004303599374022026	0.01995305164319255	-0.00039123630672918664	0.017214397496087688	23818743
2023-02-02	-0.007307692307692357	-0.0019230769230769505	0.005384615384615406	-0.009615384615384616	-0.007307692307692357	12816062
2023-02-03	-0.019759783029833323	0.001162340178225538	0.001162340178225538	-0.03835722588144124	-0.019759783029833323	23913462
2023-02-06	-0.016205533596837948	-0.005928853754940795	0.0	-0.026482213438735244	-0.016205533596837948	24840704
2023-02-07	0.10004017677782236	0.0080353555644837	0.10004017677782236	0.002812374447569316	0.10004017677782236	58202864
2023-02-08	-0.01935719503287062	-0.01533966398831257	-0.0032870708546384173	-0.03798392987582174	-0.01935719503287062	56007922
2023-02-09	0.009310986964618248	-0.0018621973929236763	0.024208566108007396	-0.013780260707635045	0.009310986964618248	51151516
2023-02-10	0.03173431734317341	0.006642066420664196	0.04907749077490768	-0.011808118081180822	0.03173431734317341	47076067
2023-02-13	-0.027896995708154546	-0.0032188841201716686	-0.00035765379113024187	-0.037911301859799795	-0.027896995708154546	43842446
2023-02-14	-0.00515084621044888	0.00735835172921263	0.02170713760117733	-0.017660044150110393	-0.00515084621044888	21650657
2023-02-15	0.0	0.0	0.01886094674556219	-0.004068047337278086	0.0	21577245
2023-02-16	-0.018121301775147872	0.0051775147928994295	0.0059171597633136145	-0.027366863905325386	-0.018121301775147872	19124412
2023-02-17	-0.0003766478342750118	0.0	0.012429378531073381	-0.009792843691148835	-0.0003766478342750118	18848463
2023-02-20	0.01657874905802567	-0.005275056518462719	0.0275056518462698	-0.013187641296156665	0.01657874905802567	20033059
2023-02-21	-0.004447739065974833	-0.0003706449221646243	0.0063009636767975595	-0.01964418087472206	-0.004447739065974833	20021214
2023-02-22	-0.01303052866716299	-0.005584512285926976	0.007446016381236012	-0.018615040953090096	-0.01303052866716299	14300338
2023-02-23	-0.007544322897020099	0.004149377593360974	0.004149377593360974	-0.02866842700867603	-0.007544322897020099	35890617
2023-02-24	-0.02812618776130743	-0.0030406689471683124	-0.0022805017103762343	-0.03610794374762445	-0.02812618776130743	33069675
2023-02-27	0.022291748142354333	-0.003519749706687519	0.03989049667579193	-0.008603832616347238	0.022291748142354333	26399364
2023-02-28	-0.02257077276205049	-0.0022953328232594595	-0.0022953328232594595	-0.03289977046671765	-0.02257077276205049	27126260
2023-03-01	-0.009001956947162442	0.004696673189823914	0.010567514677103701	-0.0191780821917809	-0.009001956947162442	34343201
2023-03-02	-0.058056872037914646	0.02764612954186411	0.03436018957345975	-0.06161137440758289	-0.058056872037914646	68443199
2023-03-03	0.01006289308176094	0.005870020964360461	0.029350104821802902	0.0037735849056603713	0.01006289308176094	33272545
2023-03-06	0.017019510170195106	-0.00041511000415116493	0.026982150269821443	-0.009962640099626337	0.017019510170195106	30712768
2023-03-07	-0.02122448979591835	0.002040816326530641	0.003673469387755096	-0.02408163265306122	-0.02122448979591835	16050599
2023-03-08	-0.005004170141784862	-0.005421184320266848	0.018348623853211062	-0.012510425354462082	-0.005004170141784862	15839545
2023-03-09	0.0025146689019280083	0.0	0.037300922045264064	-0.002933780385582577	0.0025146689019280083	22503322
2023-03-10	-0.022993311036789327	-0.0058528428093645715	-0.001672240802675698	-0.026755852842809385	-0.022993311036789327	20168553
2023-03-13	0.020539152759948668	-0.011553273427471098	0.026957637997432563	-0.016260162601626126	0.020539152759948668	24513770
2023-03-14	-0.005450733752620652	-0.0012578616352201734	0.004612159329140437	-0.01802935010482179	-0.005450733752620652	24518933
2023-03-15	0.0063237774030355035	0.007166947723440207	0.049325463743676294	0.003794266441821242	0.0063237774030355035	27248576
2023-03-16	-0.008797653958944317	-0.015500628403854251	0.007121910347716721	-0.02178466694595725	-0.008797653958944317	21875519
2023-03-17	-0.002958579881656817	0.002113271344040605	0.01732882502113272	-0.02197802197802196	-0.002958579881656817	25959576
2023-03-20	-0.0038151759220008416	-0.013141161509113977	0.002543450614667178	-0.026282323018228106	-0.0038151759220008416	32167250
2023-03-21	0.03276595744680849	-0.0012765957446808994	0.034468085106382926	-0.008085106382978777	0.03276595744680849	22830070
2023-03-22	0.004120313143798987	0.02183765966213437	0.026370004120313168	-0.005356407086938566	0.004120313143798987	22388390
2023-03-23	-0.05703734099302423	-0.0008206811653672373	-0.0008206811653672373	-0.06401313089864596	-0.05703734099302423	46032999
2023-03-24	0.03263707571801566	0.0	0.037859007832898216	-0.019147084421235912	0.03263707571801566	43826562
2023-03-27	0.07711757269279386	-0.0021070375052676237	0.09439528023598813	-0.0042140750105352474	0.07711757269279386	67629920
2023-03-28	0.007433489827856075	-0.0050860719874804	0.022300469483568088	-0.008215962441314449	0.007433489827856075	34899328
2023-03-29	0.012815533980582458	-0.0038834951456311233	0.04077669902912624	-0.012038834951456261	0.012815533980582458	29362161
2023-03-30	-0.0019171779141103206	0.0	0.002684049079754612	-0.01610429447852754	-0.0019171779141103206	17253429
2023-03-31	-0.010756819054936655	-0.004225893200153647	0.006530925854782871	-0.016519400691509784	-0.010756819054936655	14688203
2023-04-03	-0.0213592233009709	-0.0019417475728155617	-0.0007766990291261971	-0.02873786407766984	-0.0213592233009709	23265234
2023-04-04	-0.003968253968253884	0.0007936507936507767	0.006349206349206355	-0.02341269841269841	-0.003968253968253884	25613025
2023-04-06	0.007569721115537758	-0.007968127490039953	0.010358565737051713	-0.009561752988047888	0.007569721115537758	14115171
2023-04-07	-0.021352313167259752	-0.0003954132068010285	0.009094503756425482	-0.028074337682878644	-0.021352313167259752	17092967
2023-04-10	-0.01575757575757578	0.010101010101010102	0.029090909090909046	-0.032727272727272674	-0.01575757575757578	25815890
2023-04-11	0.002052545155993461	0.0	0.009852216748768555	-0.008620689655172448	0.002052545155993461	21813933
2023-04-12	-0.007374027038099128	0.003687013519049564	0.01310938140106515	-0.022941417451863937	-0.007374027038099128	20873473
2023-04-13	-0.017746595130004116	-0.0008254230293024999	0.008254230293025145	-0.018159306644655437	-0.017746595130004116	13923332
2023-04-14	0.012184873949579796	0.0	0.025210084033613356	-0.0021008403361344836	0.012184873949579796	16248207
2023-04-17	0.020755500207555	0.04192611041926117	0.0867579908675799	0.01992528019925282	0.020755500207555	64111670
2023-04-18	-0.008540056933712925	-0.00040666937779591556	0.015046766978446563	-0.013826758845058962	-0.008540056933712925	26591312
2023-04-19	0.004922067268252707	-0.0008203445447087603	0.013535684987694908	-0.011074651353568481	0.004922067268252707	20079347
2023-04-20	-0.04122448979591843	-0.012653061224489743	-0.004489795918367324	-0.06040816326530614	-0.04122448979591843	38531711
2023-04-21	-0.034908471690080746	-0.011068539804171905	-0.003831417624521067	-0.035334184759472045	-0.034908471690080746	27869991
2023-04-24	0.004852227613586212	0.0013233348037052309	0.019408910454344848	-0.014997794441993974	0.004852227613586212	19160236
2023-04-25	-0.027216856892010578	0.0	0.0030728709394205567	-0.03599648814749781	-0.027216856892010578	16573127
2023-04-26	0.059115523465703916	-0.003158844765342973	0.07220216606498202	-0.0067689530685919935	0.059115523465703916	31229687
2023-04-27	-0.006391137622496744	-0.004686834256497633	0.009799744354495118	-0.02002556455048994	-0.006391137622496744	14576211
2023-04-28	0.0008576329331046129	0.0055746140651800604	0.015008576329331107	-0.020583190394511168	0.0008576329331046129	15842674
2023-05-04	0.020994001713795993	-0.008997429305912633	0.05655526992287919	-0.008997429305912633	0.020994001713795993	38276614
2023-05-05	-0.02266051195971461	-0.0012589173310951567	0.00419639110365092	-0.029374737725555995	-0.02266051195971461	24617490
2023-05-08	-0.014169171318162229	0.001288106483469349	0.020180334907685806	-0.014169171318162229	-0.014169171318162229	14646837
2023-05-09	-0.014372822299651648	0.006533101045296105	0.006533101045296105	-0.023519163763066165	-0.014372822299651648	14701632
2023-05-10	0.01988510826336718	-0.00972160848431281	0.03314184710561202	-0.01988510826336718	0.01988510826336718	17763791
2023-05-11	0.014731369150780044	-0.010398613518197507	0.04419410745233983	-0.012131715771230399	0.014731369150780044	22669143
2023-05-12	-0.009393680614859198	0.003415883859948689	0.016225448334756573	-0.009393680614859198	-0.009393680614859198	10346149
2023-05-15	0.02629310344827584	0.0	0.036206896551724134	-0.012499999999999964	0.02629310344827584	14380633
2023-05-16	0.0041999160016800265	0.011339773204535893	0.016379672406551894	-0.004619907601847939	0.0041999160016800265	9217869
2023-05-17	0.024675867837724796	0.0037641154328732686	0.024675867837724796	0.0012547051442911392	0.024675867837724796	18754747
2023-05-18	0.04612244897959179	0.027755102040816316	0.06816326530612252	0.024489795918367405	0.04612244897959179	55033867
2023-05-19	-0.0031213421771361023	0.008583690987124559	0.02458056964494743	-0.008973858759266502	-0.0031213421771361023	40397041
2023-05-22	0.009001956947162442	-0.0023483365949120262	0.012915851272015588	-0.016829745596868874	0.009001956947162442	26807506
2023-05-23	-0.010473235065942573	-0.0023273855702095527	0.010473235065942573	-0.017455391776571096	-0.010473235065942573	24101512
2023-05-24	-0.01764014112112908	-0.006272050176401416	0.0003920031360250102	-0.019208153665229398	-0.01764014112112908	15104733
2023-05-25	0.028332003192338424	-0.0027932960893854862	0.03072625698324021	-0.020351157222665523	0.028332003192338424	22800630
2023-05-26	0.015909972836631748	-0.002716336825766406	0.03026775320139702	-0.02095459837019787	0.015909972836631748	20504793
2023-05-29	-0.024064171122994613	-0.004965622612681398	-0.0011459129106188364	-0.04507257448433918	-0.024064171122994613	18250305
2023-05-30	-0.005870841487279926	0.000391389432485245	0.026223091976516563	-0.016046966731898243	-0.005870841487279926	14874802
2023-05-31	0.02322834645669291	0.00984251968503937	0.023622047244094547	-0.01968503937007874	0.02322834645669291	41425606
2023-06-01	-0.03347441323585985	-0.01692958830319345	-0.0165448249326664	-0.05040400153905344	-0.03347441323585985	30782421
2023-06-02	0.00915605095541403	0.0011942675159234706	0.023885350318471252	-0.008757961783439586	0.00915605095541403	21735007
2023-06-05	0.016568047337278034	0.006706114398422018	0.03747534516765283	-0.011834319526627246	0.016568047337278034	23222925
2023-06-06	-0.03492433061699645	0.0	0.004656577415599573	-0.03764066744276286	-0.03492433061699645	18650732
2023-06-07	-0.009248090068355466	0.0	0.00562927221552073	-0.016887816646562193	-0.009248090068355466	18231744
2023-06-08	-0.009740259740259822	-0.003652597402597397	0.003652597402597397	-0.020292207792207792	-0.009740259740259822	13264835
2023-06-09	-0.00819672131147538	0.00040983606557383457	0.02090163934426236	-0.01188524590163931	-0.00819672131147538	19210157
2023-06-12	0.10000000000000007	-0.0028925619834710863	0.10000000000000007	-0.005785123966942173	0.10000000000000007	83204441
2023-06-13	0.027798647633358316	0.010518407212621997	0.04845980465815173	0.001126972201352276	0.027798647633358316	85322105
2023-06-14	-0.0029239766081870723	-0.0036549707602338403	0.014254385964912302	-0.01169590643274855	-0.0029239766081870723	41882879
2023-06-15	0.06304985337243398	0.0014662756598240157	0.08797653958944276	0.00036656891495593876	0.06304985337243398	85544071
2023-06-16	0.013103448275862035	0.0	0.024137931034482734	-0.00999999999999997	0.013103448275862035	47533471
2023-06-19	0.03165418652144315	-0.012933968686181041	0.05547991831177681	-0.012933968686181041	0.03165418652144315	59616202
2023-06-20	0.03893104585945232	-0.01715605410755525	0.08874958759485323	-0.020785219399538073	0.03893104585945232	67947106
2023-06-21	-0.017465862178469266	-0.002222927913623269	0.02000635122261032	-0.029850746268656646	-0.017465862178469266	49650893
2023-06-26	-0.04395604395604405	-0.007756948933419586	0.014221073044602382	-0.058177117000646435	-0.04395604395604405	86486914
2023-06-27	0.007437457741717459	0.005747126436781667	0.018593644354293466	-0.02941176470588227	0.007437457741717459	42685379
2023-06-28	0.0	-0.0050335570469799374	0.012416107382550369	-0.029194630872483255	0.0	35966102
2023-06-29	0.030201342281879148	-0.0006711409395973011	0.04429530201342283	-0.004697986577181227	0.030201342281879148	68407440
2023-06-30	-0.014332247557003184	-0.006514657980456003	-0.003257328990227944	-0.030618892508143248	-0.014332247557003184	40326299
2023-07-03	-0.035029742233972316	-0.01156642432253805	0.01288830138797082	-0.041639127561136864	-0.035029742233972316	69259259
2023-07-04	0.01815068493150689	0.002054794520548023	0.030821917808219253	-0.006849315068493127	0.01815068493150689	52909164
2023-07-05	-0.021190716448032255	-0.004036326942482374	0.005718129835183254	-0.025227043390514632	-0.021190716448032255	50451629
2023-07-06	-0.009621993127147805	-0.003780068728522439	0.007903780068728414	-0.017182130584192438	-0.009621993127147805	40530382
2023-07-07	-0.022553782095766778	0.005898681471200491	0.007980569049271354	-0.027758501040943812	-0.022553782095766778	43499399
2023-07-10	-0.03798367057153	-0.006034788782392677	0.001774937877174198	-0.041533546325878655	-0.03798367057153	62978814
2023-07-11	0.03542435424354234	0.008118081180811766	0.03911439114391139	-0.006273062730627369	0.03542435424354234	62588809
2023-07-12	-0.009622238061297205	-0.00213827512473267	0.01710620099786174	-0.013186029935851655	-0.009622238061297205	32603012
2023-07-13	0.0007196833393306792	0.0	0.00971572508096436	-0.016552716804606005	0.0007196833393306792	38038975
2023-07-14	0.0035958288385473363	-0.0010787486515640987	0.026609133405249983	-0.0017979144192735404	0.0035958288385473363	46281731
2023-07-17	-0.010390541024722292	-0.0025080616266571223	0.010390541024722292	-0.023289143676101704	-0.010390541024722292	23498825
2023-07-18	0.011223750905141156	-0.00796524257784223	0.026792179580014425	-0.01375814627081834	0.011223750905141156	44849147
2023-07-19	0.0050125313283208225	0.0	0.016827783745076937	-0.00644468313641245	0.0050125313283208225	24844520
2023-07-20	-0.023156394727466997	-0.00035625222657647177	0.004987531172069845	-0.027431421446384024	-0.023156394727466997	38327121
2023-07-21	-0.019693654266958523	-0.008388037928519344	0.002917578409919704	-0.02407002188183808	-0.019693654266958523	29725959
2023-07-24	0.0066964285714285615	0.004464285714285751	0.02157738095238102	-0.00892857142857137	0.0066964285714285615	19912206
2023-07-25	0.036215816703621596	0.016260162601626063	0.040650406504065095	0.001847745750184801	0.036215816703621596	46110391
2023-07-26	-0.042082738944365185	0.0	0.0	-0.0477888730385164	-0.042082738944365185	40607241
2023-07-27	0.014147431124348436	0.00893521965748332	0.02643335815338797	0.00893521965748332	0.014147431124348436	28764121
2023-07-28	-0.01505139500734215	0.0	0.0	-0.028267254038179136	-0.01505139500734215	36008624
2023-07-31	0.03801714498695502	0.0018635855385762473	0.05441669772642568	0.0014908684308610773	0.03801714498695502	39551698
2023-08-01	-0.0003590664272891046	0.004667863554757594	0.008976660682226212	-0.015439856373429074	-0.0003590664272891046	20711931
2023-08-02	0.005028735632183929	0.00035919540229890673	0.023706896551724144	-0.004669540229885021	0.005028735632183929	37692882
2023-08-03	0.004646175839885597	-0.003573981415296691	0.01715511079342389	-0.017869907076483203	0.004646175839885597	24481914
2023-08-04	0.020988971896122373	-0.008893632159373888	0.028103877623621456	-0.018143009605122662	0.020988971896122373	42069717
2023-08-07	0.0017421602787456693	-0.0017421602787456693	0.013937282229965231	-0.006968641114982554	0.0017421602787456693	30677084
2023-08-08	0.013217391304347792	-0.006608695652173958	0.022608695652173865	-0.008347826086956467	0.013217391304347792	24654786
2023-08-09	-0.02506007552351529	-0.008582217645039478	-0.004806041881222128	-0.03192584963954685	-0.02506007552351529	18450126
2023-08-10	-0.0035211267605633053	-0.004225352112675967	-0.0017605633802815902	-0.014788732394366132	-0.0035211267605633053	11926759
2023-08-11	-0.02473498233215545	0.006360424028268541	0.0088339222614841	-0.02544169611307429	-0.02473498233215545	11306852
2023-08-14	0.003985507246376791	-0.01086956521739133	0.007246376811594177	-0.033333333333333395	0.003985507246376791	20510087
2023-08-15	-0.014435221941537428	0.0064958498736917974	0.008661133164922353	-0.023818116203536632	-0.014435221941537428	16000307
2023-08-16	-0.014280483339435995	-0.0007323324789454257	0.016111314536799756	-0.019406810692054105	-0.014280483339435995	18470938
2023-08-17	0.009286775631500743	-0.0026002971768202183	0.02488855869242192	-0.022659732540861923	0.009286775631500743	23071373
2023-08-18	-0.02465955097534051	0.001104158998895752	0.001104158998895752	-0.035701140964298946	-0.02465955097534051	21645119
2023-08-21	0.0	-0.0030188679245282376	0.010566037735849099	-0.023396226415094378	0.0	21916906
2023-08-22	0.03886792452830193	0.012830188679245277	0.041509433962264204	0.007547169811320728	0.03886792452830193	30659985
2023-08-23	-0.006175081729022946	0.006175081729022817	0.022157646204140916	-0.010170722847802438	-0.006175081729022946	24507264
2023-08-24	0.01790935672514627	0.001096491228070217	0.02997076023391814	-0.00767543859649126	0.01790935672514627	20497224
2023-08-25	-0.006104129263913885	-0.001077199281867186	0.0014362657091561632	-0.03482944344703779	-0.006104129263913885	15403445
2023-08-28	0.017702312138728395	0.051300578034682146	0.06936416184971105	0.004335260115606972	0.017702312138728395	28183697
2023-08-29	0.06886758963436271	-0.008874689385871494	0.10010649627263034	-0.008874689385871494	0.06886758963436271	61834356
2023-08-30	-0.0033211557622051767	-0.003653271338425753	0.02723347725008304	-0.007970773829292541	-0.0033211557622051767	40250075
2023-08-31	-0.010329890036654524	-0.004998333888703836	0.009663445518160584	-0.019326891036321285	-0.010329890036654524	28994119
2023-09-01	0.0026936026936027558	-0.005050505050505002	0.003367003367003415	-0.03367003367003367	0.0026936026936027558	32711713
2023-09-04	-0.04197447951645399	-0.004365345869711301	-0.0030221625251846827	-0.059100067159167276	-0.04197447951645399	51082386
2023-09-05	0.005958640028040594	0.0007010164738871213	0.022432527164388382	0.00035050823694349843	0.005958640028040594	29418300
2023-09-06	-0.0038327526132403986	-0.010452961672473893	0.0	-0.016724738675958202	-0.0038327526132403986	16713983
2023-09-07	-0.013291360615599825	-0.0010493179433368708	0.00034977264777899834	-0.015040223854494569	-0.013291360615599825	12873316
2023-09-08	0.013470400567174724	-0.0003544842254520228	0.03651187522155255	-0.004253810705423644	0.013470400567174724	18170334
2023-09-11	0.004547044421126233	-0.00034977264777899834	0.01678908709338931	-0.01189227002448408	0.004547044421126233	18856021
2023-09-12	0.014972144846796648	0.019846796657381625	0.028899721448468033	-0.010793871866295221	0.014972144846796648	23280183
2023-09-13	-0.024356775300171433	-0.003430531732418452	0.00034305317324190613	-0.02915951972555739	-0.024356775300171433	17957321
2023-09-14	-0.017580872011251757	-0.0035161744022504013	0.006329113924050622	-0.022503516174402268	-0.017580872011251757	15161463
2023-09-15	-0.007516105941302822	0.0003579098067286331	0.0035790980672869674	-0.01395848246241949	-0.007516105941302822	15058834
2023-09-18	0.018752253876667853	-0.003606202668590026	0.034258925351604734	-0.009736747205192917	0.018752253876667853	19599672
2023-09-19	-0.0099115044247788	-0.0035398230088496078	0.007787610619468986	-0.02230088495575218	-0.0099115044247788	17059894
2023-09-20	-0.013228459063281997	0.0	0.0032177332856632057	-0.019306399713979235	-0.013228459063281997	18105311
2023-09-21	-0.003260869565217386	0.0	0.0	-0.02137681159420289	-0.003260869565217386	17061972
2023-09-22	0.0	0.004362050163576788	0.013813158851326753	-0.01672119229371141	0.0	33717517
2023-09-25	0.03816793893129761	0.030170846964740032	0.06761177753544163	0.019265721555797803	0.03816793893129761	57573051
2023-09-26	0.015756302521008504	0.006652661064425815	0.02135854341736705	-0.016106442577030717	0.015756302521008504	24966738
2023-09-27	0.006204756980351593	0.0	0.02206135815236115	-0.0072388831437435654	0.006204756980351593	20695438
2023-09-28	0.01747173689619726	0.006851661527920496	0.02329564919492976	-0.0013703323055841965	0.01747173689619726	22078671
2023-10-09	0.01380471380471381	-0.006060606060606051	0.02794612794612801	-0.018518518518518542	0.01380471380471381	27511518
2023-10-10	-0.029226170707406143	-0.002989040185984718	-0.000996346728661612	-0.03254732646961144	-0.029226170707406143	25758161
2023-10-11	-0.004789599726308606	0.006158056790968173	0.006500171057133126	-0.011973999315771516	-0.004789599726308606	18292865
2023-10-12	-0.01340666895840497	0.004125128910278481	0.00618769336541766	-0.01615675489859054	-0.01340666895840497	14954648
2023-10-13	-0.028919860627177642	-0.002787456445992972	0.0017421602787456693	-0.03797909407665505	-0.028919860627177642	29424571
2023-10-16	-0.0021528525296018036	-0.005740940078937931	0.013993541442411215	-0.02475780409041985	-0.0021528525296018036	21392260
2023-10-17	-0.005753326141675661	-0.006112909025530319	-0.000359582883854657	-0.02193455591513842	-0.005753326141675661	13385782
2023-10-18	0.0028933092224232133	-0.004701627486437578	0.009764918625678232	-0.009041591320072333	0.0028933092224232133	15810315
2023-10-19	-0.030652722683014836	-0.008294266137756957	-0.006491164803461944	-0.035340786152181766	-0.030652722683014836	24036635
2023-10-20	-0.01822916666666661	-0.0022321428571428097	-0.0003720238095237355	-0.02157738095238089	-0.01822916666666661	13954132
2023-10-23	-0.016672982190223617	-0.007199696854869317	-0.0018946570670708872	-0.02993558165971956	-0.016672982190223617	17287456
2023-10-24	0.022736030828516374	-0.006551059730250411	0.05587668593448938	-0.006936416184971088	0.022736030828516374	29734295
2023-10-25	0.018839487565938208	0.003767897513187695	0.029766390354182336	-0.0015071590052750244	0.018839487565938208	15879834
2023-10-26	0.01886094674556219	-0.0055473372781064565	0.019970414201183402	-0.0133136094674556	0.01886094674556219	18989754
2023-10-27	-0.009800362976406518	-0.0014519056261342704	0.003629764065335676	-0.013430127041742323	-0.009800362976406518	14061039
2023-10-30	-0.0010997067448680767	-0.00036656891495606903	0.007697947214076147	-0.01759530791788858	-0.0010997067448680767	24026019
2023-10-31	-0.018715596330275287	-0.020183486238532135	-0.013211009174311906	-0.059082568807339426	-0.018715596330275287	36383431
2023-11-01	0.004487658937920755	0.0	0.020568436798803318	-0.011593118922961807	0.004487658937920755	15120559
2023-11-02	-0.038346984363365644	0.0	0.004839910647803388	-0.03946388682055096	-0.038346984363365644	26932925
2023-11-03	0.025938830816879664	0.02322880371660865	0.046070460704607095	0.007742934572202975	0.025938830816879664	33476968
2023-11-06	0.05509433962264154	0.0015094339622641188	0.05509433962264154	-0.005660377358490513	0.05509433962264154	37056381
2023-11-07	0.008941344778254649	0.0	0.021816881258941323	-0.008583690987124535	0.008941344778254649	21281846
2023-11-08	-0.009925558312655127	-0.0003544842254520228	0.0046082949308755405	-0.01807869549805039	-0.009925558312655127	15644181
2023-11-09	-0.003580379520229195	0.0	0.0	-0.027568922305764396	-0.003580379520229195	21077215
2023-11-10	-0.004671218109953253	-0.006108515989938849	0.0	-0.014013654329859756	-0.004671218109953253	10912889
2023-11-13	0.005776173285198561	0.0	0.01985559566787006	0.0	0.005776173285198561	15801010
2023-11-14	-0.008255563531945457	0.0028715003589376113	0.0068198133524767154	-0.012203876525484561	-0.008255563531945457	12208454
2023-11-15	0.036192544335866814	0.008324285197249382	0.05139341295693094	0.00615273253709742	0.036192544335866814	31269271
2023-11-16	-0.01571777855396435	-0.00279427174292694	0.0010478519035976646	-0.016765630457562013	-0.01571777855396435	10377339
2023-11-17	0.040099361249112814	-0.0024840312278211598	0.04329311568488286	-0.0049680624556423195	0.040099361249112814	26499977
2023-11-20	0.0030706243602865867	0.0030706243602865867	0.01296485841009903	-0.01808256567724318	0.0030706243602865867	22169698
2023-11-21	-0.034013605442176874	-0.0068027210884353505	-0.00034013605442170103	-0.03673469387755096	-0.034013605442176874	32660457
2023-11-22	-0.024295774647887246	-0.0035211267605633053	-0.0035211267605633053	-0.0253521126760563	-0.024295774647887246	21236956
2023-11-23	0.028148682785997747	-0.0014435221941537042	0.04294478527607354	-0.0032479249368458987	0.028148682785997747	30332287
2023-11-24	-0.011583011583011523	-0.00035100035100028116	0.0003510003510004059	-0.018954018954018926	-0.011583011583011523	10271981
2023-11-27	-0.0028409090909091565	-0.0017755681818182071	0.0024857954545454645	-0.022372159090909057	-0.0028409090909091565	11893149
2023-11-28	0.029202279202279215	-0.0003561253561252853	0.03133903133903143	-0.0035612535612534854	0.029202279202279215	18385160
2023-11-29	0.0010380622837370635	-0.0013840830449826694	0.008996539792387598	-0.006920415224913471	0.0010380622837370635	12503543
2023-11-30	-0.0003456619426200488	-0.002073971655720661	0.011061182163843771	-0.008641548565502939	-0.0003456619426200488	14960294
2023-12-01	-0.014868603042877014	-0.003457814661134212	-0.0020746887966805764	-0.0280082987551868	-0.014868603042877014	15039845
2023-12-04	0.009126009126009181	-0.005265005265005215	0.014742014742014803	-0.009477009477009463	0.009126009126009181	12900826
2023-12-05	-0.03269565217391309	-0.004173913043478295	-0.002434782608695662	-0.03304347826086954	-0.03269565217391309	17491537
2023-12-06	-0.003955411722401993	-0.00251708018698311	0.019057892844300654	-0.011506652283351322	-0.003955411722401993	15275435
2023-12-07	0.01913357400722026	-0.00036101083032483795	0.02599277978339359	-0.0036101083032490204	0.01913357400722026	13599779
2023-12-08	0.0007084661707403321	0.005313496280552553	0.02302515054906123	-0.005313496280552679	0.0007084661707403321	11741688
2023-12-11	0.04070796460176986	0.0017699115044248039	0.04424778761061947	-0.00955752212389379	0.04070796460176986	26784772
2023-12-12	-0.015306122448979569	-0.00442176870748296	0.0034013605442177355	-0.017006802721088437	-0.015306122448979569	11233105
2023-12-13	0.01934369602763393	-0.0024179620034542413	0.06183074265975817	-0.030397236614853163	0.01934369602763393	46033958
2023-12-14	-0.009488309047780452	-0.002372077261945113	0.011182649949169714	-0.010504913588614105	-0.009488309047780452	17905528
2023-12-15	-0.006500171057133126	0.004789599726308606	0.02052685596989387	-0.00889497092028743	-0.006500171057133126	19865620
2023-12-18	0.0037878787878787685	0.0	0.020316804407713496	-0.010330578512396719	0.0037878787878787685	19584663
2023-12-19	0.009948542024013815	0.0	0.01749571183533453	-0.009948542024013693	0.009948542024013815	16998300
2023-12-20	-0.01596467391304356	0.002038043478260826	0.024456521739130394	-0.020720108695652273	-0.01596467391304356	23040946
2023-12-21	-0.014152571625819819	0.00034518467380053724	0.0031066620642043446	-0.020365895754228508	-0.014152571625819819	21973453
2023-12-22	0.009453781512605028	0.0017507002801120698	0.016456582633053305	-0.007703081232492958	0.009453781512605028	18771448
2023-12-25	0.008671522719389525	-0.004856052722858031	0.01803676725633032	-0.007630939993062743	0.008671522719389525	15017978
2023-12-26	-0.033012379642365794	-0.0027510316368637654	-0.0027510316368637654	-0.05433287482806047	-0.033012379642365794	30904003
2023-12-27	0.009957325746799344	0.0021337126600284037	0.025960170697012817	-0.004267425320056934	0.009957325746799344	20104040
2023-12-28	-0.007746478873239397	0.0031690140845070376	0.005281690140845146	-0.016197183098591455	-0.007746478873239397	21635286
2023-12-29	0.04329311568488286	0.00035486160397450543	0.04506742370475513	-0.0024840312278211598	0.04329311568488286	35540946
2024-01-02	-0.03537414965986392	0.0	0.0	-0.03537414965986392	-0.03537414965986392	20374424
2024-01-03	-0.061354019746121244	-0.0007052186177714942	-0.0007052186177714942	-0.06558533145275033	-0.061354019746121244	55478176
2024-01-04	0.016153268219383912	0.00864012021036816	0.025920360631104346	0.0	0.016153268219383912	26686546
2024-01-05	-0.0018484288354898599	0.003327171903881695	0.030683918669131175	-0.00850277264325325	-0.0018484288354898599	28487438
2024-01-08	-0.03444444444444444	-0.003333333333333328	-0.003333333333333328	-0.04518518518518514	-0.03444444444444444	33883905
2024-01-09	0.008055235903337201	0.003068661296509332	0.02838511699271187	-0.006137322593018801	0.008055235903337201	17652558
2024-01-10	-0.01369863013698628	-0.00646879756468804	0.0019025875190257669	-0.016362252663622515	-0.01369863013698628	18972322
2024-01-11	-0.004243827160493942	-0.0007716049382717255	0.0	-0.0420524691358026	-0.004243827160493942	33470332
2024-01-12	-0.010848508330104518	-0.0042619139868267895	0.010848508330104655	-0.013173188686555594	-0.010848508330104518	26625592
2024-01-15	0.0015667841754797942	-0.0011750881316099152	0.0031335683509595884	-0.02271837054445757	0.0015667841754797942	24297811
2024-01-16	-0.003910833007430638	-0.0011732499022292192	0.018771998435666813	-0.018380915134923695	-0.003910833007430638	25434835
2024-01-17	-0.049862583431488014	-0.004711425206124753	-0.004711425206124753	-0.049862583431488014	-0.049862583431488014	38984648
2024-01-18	0.011157024793388412	-0.008264462809917326	0.01322314049586778	-0.02520661157024791	0.011157024793388412	38859434
2024-01-19	-0.01471189211279115	0.0004086636697998187	0.011442582754393181	-0.024111156518185527	-0.01471189211279115	21700465
2024-01-22	-0.0414765657403567	-0.0033181252592284654	0.0	-0.05101617586063876	-0.0414765657403567	33137425
2024-01-23	0.006490696668109136	-0.0021635655560363785	0.019472090004327102	-0.01254868022501078	0.006490696668109136	24959598
2024-01-24	-0.004729148753224548	0.000859845227858967	0.008598452278589823	-0.04428202923473779	-0.004729148753224548	41013511
2024-01-25	-0.039740820734341174	-0.006479481641468622	-0.006479481641468622	-0.07645788336933045	-0.039740820734341174	72788726
2024-01-26	-0.04093567251461989	-0.01979307242465143	-0.01979307242465143	-0.05668016194331991	-0.04093567251461989	56378250
2024-01-29	-0.023921200750469118	-0.003283302063789882	-0.0018761726078798848	-0.030487804878048714	-0.023921200750469118	35262567
2024-01-30	-0.009610764055742398	0.007208073041806927	0.04805382027871216	-0.009610764055742398	-0.009610764055742398	41167171
2024-01-31	0.018922852983988384	0.0	0.05288694808345463	-0.00048520135856370747	0.018922852983988384	56312288
2024-02-01	0.02857142857142864	-0.003333333333333347	0.047619047619047616	-0.013333333333333388	0.02857142857142864	42114552
2024-02-02	-0.023148148148148147	0.0	0.00416666666666666	-0.05185185185185189	-0.023148148148148147	43200101
2024-02-05	-0.03791469194312799	-0.020379146919431265	-0.005213270142180236	-0.06303317535545032	-0.03791469194312799	57313676
2024-02-06	0.08128078817733983	-0.0004926108374385006	0.08768472906403929	-0.010344827586206938	0.08128078817733983	47343760
2024-02-07	0.0337129840546698	0.0022779043280182557	0.04419134396355364	-0.015489749430523912	0.0337129840546698	58726830
2024-02-08	0.03129131776112813	-0.003966505068312025	0.03217276333186427	-0.013221683561040136	0.03129131776112813	44785051
2024-02-19	-0.055555555555555435	0.0021367521367521673	0.004273504273504335	-0.07777777777777779	-0.055555555555555435	61649140
2024-02-20	0.011312217194570135	-0.014479638009049786	0.013122171945701318	-0.08823529411764718	0.011312217194570135	105207308
2024-02-21	0.043847874720357796	-0.022371364653243846	0.08008948545861293	-0.02863534675615215	0.043847874720357796	112823484
2024-02-22	0.0030004286326618212	-0.014573510501500209	0.0030004286326618212	-0.02486069438491206	0.0030004286326618212	48205954
2024-02-23	0.06623931623931627	0.0	0.07692307692307696	-0.0012820512820511788	0.06623931623931627	77344523
2024-02-26	0.008016032064128228	0.037675350701402856	0.048897795591182465	-0.0020040080160320926	0.008016032064128228	81616598
2024-02-27	0.01789264413518898	-0.005964214711729566	0.026640159045725715	-0.025049701789264377	0.01789264413518898	53500912
2024-02-28	-0.052734375000000056	-0.0007812500000001221	0.0011718749999999056	-0.052734375000000056	-0.052734375000000056	54309537
2024-02-29	0.027628865979381512	-0.011134020618556683	0.029278350515463954	-0.015257731958762927	0.027628865979381512	36222103
2024-03-01	0.012841091492776754	-0.002006420545746417	0.018459069020866664	-0.018057784911717608	0.012841091492776754	37765049
2024-03-04	0.030110935023771854	-0.008716323296354947	0.030110935023771854	-0.018225039619651242	0.030110935023771854	45261802
2024-03-05	-0.039999999999999966	-0.019230769230769232	-0.01538461538461533	-0.0607692307692307	-0.039999999999999966	51425396
2024-03-06	-0.0012019230769231225	-0.01161858974358971	0.01562500000000002	-0.01762820512820518	-0.0012019230769231225	31077104
2024-03-07	-0.02687525070196543	0.01805054151624546	0.022061772964300067	-0.030084235860409148	-0.02687525070196543	34984458
2024-03-08	0.018549051937345393	-0.0024732069249794836	0.01978565539983499	-0.01401483924154987	0.018549051937345393	26101905
2024-03-11	0.021853500607041648	0.0	0.023067583974099564	-0.012545528126264761	0.021853500607041648	42772640
2024-03-12	0.010297029702970358	0.0	0.03247524752475248	-0.0067326732673268	0.010297029702970358	52438369
2024-03-13	0.0003920031360250102	-0.003528028224225788	0.011368090944727524	-0.013328106624852993	0.0003920031360250102	35005349
2024-03-14	-0.011363636363636331	0.012931034482758693	0.032131661442006285	-0.025862068965517248	-0.011363636363636331	52613186
2024-03-15	0.014268727705112939	0.0011890606420927917	0.014665081252477249	-0.009116131589377742	0.014268727705112939	28630849
2024-03-18	0.0015631105900742145	0.000390777647518623	0.005080109417741266	-0.014849550605705315	0.0015631105900742145	36138423
2024-03-19	-0.016387046429964813	-0.00039016777214194345	0.0046820132657042915	-0.01755754974639092	-0.016387046429964813	28909385
2024-03-20	-0.019436731455771596	0.0	0.003173343911146303	-0.03213010710035709	-0.019436731455771596	37847080
2024-03-21	-0.007686084142394731	-0.000809061488673122	-0.0004045307443364891	-0.01779935275080897	-0.007686084142394731	25409087
2024-03-22	0.00040766408479404854	-0.007745617611088515	0.005707297187117838	-0.021198532409294722	0.00040766408479404854	38147396
2024-03-25	-0.004889975550122145	-0.005704971475142648	0.03178484107579467	-0.013447432762836116	-0.004889975550122145	48181479
2024-03-26	-0.012694512694512787	0.0	0.0040950040950040074	-0.029484029484029582	-0.012694512694512787	38946510
2024-03-27	-0.03940273745333883	0.0008295313148071164	0.002488593944421496	-0.03940273745333883	-0.03940273745333883	28707903
2024-03-28	0.036701208981001786	-0.001295336787564816	0.05138169257340247	-0.0025906735751294783	0.036701208981001786	37931271
2024-03-29	-0.011661807580174974	0.0029154518950435956	0.006247396917950794	-0.02957101207830074	-0.011661807580174974	21732832
2024-04-01	0.0193847450484619	0.0029498525073746434	0.03244837758112092	-0.0054782975136957015	0.0193847450484619	21884299
2024-04-02	-0.03265812319140152	-0.004133939644481249	0.0	-0.04216618437370812	-0.03265812319140152	36400543
2024-04-03	-0.046581196581196575	-0.00641025641025635	-0.00641025641025635	-0.056410256410256425	-0.046581196581196575	68115102
2024-04-08	-0.025100851636037595	-0.0022411474675032347	0.005378753922008113	-0.02734199910354099	-0.025100851636037595	36417075
2024-04-09	0.005977011494252828	0.0	0.01517241379310337	-0.013793103448275895	0.005977011494252828	34470943
2024-04-10	-0.020109689213893864	0.00045703839122493434	0.004570383912248694	-0.025594149908592264	-0.020109689213893864	36948074
2024-04-11	-0.010727611940298526	-0.004664179104477678	0.010727611940298526	-0.019123134328358216	-0.010727611940298526	34929937
2024-04-12	-0.016030174446016024	0.0	0.00895803866100885	-0.018859028760018957	-0.016030174446016024	32374466
2024-04-15	0.030186871106851892	-0.0057498802108289886	0.03881169142309529	-0.007666506947771928	0.030186871106851892	47503123
2024-04-16	-0.0334883720930232	0.0027906976744185453	0.0027906976744185453	-0.035348837209302396	-0.0334883720930232	43046951
2024-04-17	0.005774783445620666	0.0038498556304137773	0.03272377285851779	-0.00866217516843117	0.005774783445620666	72758664
2024-04-18	0.03588516746411483	-0.0023923444976075197	0.05502392344497618	-0.026315789473684077	0.03588516746411483	86845241
2024-04-19	-0.038337182448036876	-0.010161662817551912	-0.009237875288683571	-0.044341801385681175	-0.038337182448036876	50266412
2024-04-22	-0.020653218059558102	-0.01392891450528334	0.002881844380403397	-0.029298751200768466	-0.020653218059558102	51187573
2024-04-23	0.03285924472780766	-0.018636586562040168	0.043158410985777294	-0.018636586562040168	0.03285924472780766	56779716
2024-04-24	0.04178537511870858	0.035137701804368565	0.06695156695156697	0.032763532763532825	0.04178537511870858	85747750
2024-04-25	-0.004557885141294504	-0.004557885141294504	0.007292616226071109	-0.02005469462169559	-0.004557885141294504	35807800
2024-04-26	0.014652014652014666	-0.004120879120879114	0.020146520146520207	-0.006410256410256436	0.014652014652014666	43370726
2024-04-29	0.023014440433213067	0.02256317689530686	0.039711191335740026	-0.003610108303249181	0.023014440433213067	74986936
2024-04-30	-0.03352448169386862	-0.019850022055580185	0.0052933392148212365	-0.04675782973092202	-0.03352448169386862	71306270
2024-05-06	0.030579643998174266	0.02008215426745784	0.04335919671382927	0.017343678685531674	0.030579643998174266	66686755
2024-05-07	-0.007528786536758112	0.0008857395925599259	0.0039858281665191946	-0.014171833480956455	-0.007528786536758112	38156768
2024-05-08	-0.024096385542168638	0.0	0.000892458723784006	-0.024096385542168638	-0.024096385542168638	29327800
2024-05-09	0.01188843164151797	-0.003200731595793337	0.021033379058070293	-0.0054869684499314585	0.01188843164151797	30015349
2024-05-10	-0.025305015815634827	0.0009037505648440838	0.002711251694532412	-0.029371893357433284	-0.025305015815634827	42347491
2024-05-13	-0.019471488178025114	-0.008808530366249479	0.0	-0.029207232267037506	-0.019471488178025114	39189399
2024-05-14	0.01323877068557925	0.009456264775413847	0.022222222222222338	0.004728132387706923	0.01323877068557925	30492640
2024-05-15	0.01726551563229123	-0.0037330844610358512	0.03266448903406436	-0.014465702286514172	0.01726551563229123	39862284
2024-05-16	-0.005045871559633001	0.002293577981651409	0.009633027522935819	-0.01788990825688076	-0.005045871559633001	35092667
2024-05-17	0.04564315352697088	-0.0009220839096357571	0.04840940525587815	-0.007837713231904181	0.04564315352697088	69518794
2024-05-20	-0.012345679012345729	-0.003968253968253962	0.009700176366842983	-0.02204585537918871	-0.012345679012345729	44738450
2024-05-21	-0.022767857142857055	-0.0044642857142856195	-0.0044642857142856195	-0.02901785714285708	-0.022767857142857055	37451624
2024-05-22	0.024668798538145232	-0.001827318410232944	0.03608953860210137	-0.001827318410232944	0.024668798538145232	48770196
2024-05-23	-0.009362460989745915	-0.0035666518056174006	0.013820775746767665	-0.011145786892554615	-0.009362460989745915	30516166
2024-05-24	-0.040054005400540084	-0.008100810081008089	-0.005400540054005286	-0.04095409540954096	-0.040054005400540084	43493123
2024-05-27	0.011251758087201219	0.005157055789967323	0.012658227848101413	-0.015471167369901468	0.011251758087201219	27334373
2024-05-28	0.003245248029670852	-0.005563282336578627	0.014835419564209563	-0.015299026425591184	0.003245248029670852	24230738
2024-05-29	-0.0023105360443623248	-0.0046210720887246495	0.011090573012938929	-0.013863216266173786	-0.0023105360443623248	27136519
2024-05-30	0.014358499305233845	-0.0037054191755441545	0.021306160259379384	-0.01296896711440487	0.014358499305233845	36231847
2024-05-31	0.051141552511415576	0.008219178082191768	0.08219178082191785	0.004566210045662165	0.051141552511415576	93837232
2024-06-03	0.01824500434404873	0.016507384882710644	0.03475238922675937	0.006081668114682909	0.01824500434404873	71781810
2024-06-04	0.011518771331058001	0.002559726962457283	0.019197952218430004	-0.007679180887372001	0.011518771331058001	54104115
2024-06-05	0.029945170814002567	0.008013496415014665	0.042598059890341544	0.006748207507380858	0.029945170814002567	64812488
2024-06-06	-0.020884520884520946	-0.0024570024570025497	0.003276003276003206	-0.029484029484029582	-0.020884520884520946	56808657
2024-06-07	-0.01672940192388116	0.0004182350480970959	0.007946465913843634	-0.024675867837724796	-0.01672940192388116	40462064
2024-06-11	-0.00595491280306255	-0.014036580178647461	0.00212675457252221	-0.01956614206720548	-0.00595491280306255	29185688
2024-06-12	0.018399657680787322	-0.007702182284980732	0.034659820282413295	-0.012836970474967938	0.018399657680787322	46428854
2024-06-13	0.03109243697478985	-0.008403361344537785	0.03781512605042011	-0.02058823529411773	0.03109243697478985	68269215
2024-06-14	-0.06397718011409945	-0.024042379788101056	-0.024042379788101056	-0.07131214343928281	-0.06397718011409945	81394159
2024-06-17	0.0021767522855899307	-0.007836308228123628	0.006530256856769793	-0.01610796691336515	0.0021767522855899307	46231890
2024-06-18	0.015204170286707274	0.0034752389226760144	0.027367506516072938	0.0030408340573414546	0.015204170286707274	39907612
2024-06-19	-0.036799315361574644	0.0012836970474966872	0.0012836970474966872	-0.04150620453572967	-0.036799315361574644	42246268
2024-06-20	-0.03154153709462465	-0.008884940026654947	-0.004886717014660283	-0.03553976010661931	-0.03154153709462465	37544961
2024-06-21	-0.004587155963302818	-0.005963302752293532	0.0018348623853210618	-0.028899082568807292	-0.004587155963302818	57779048
2024-06-24	-0.037327188940092106	-0.009216589861751119	-0.0036866359447003823	-0.040552995391705024	-0.037327188940092106	43911230
2024-06-25	-0.020105313547151827	0.0	0.009095260890378062	-0.02824317855433221	-0.020105313547151827	44098076
2024-06-26	0.006350757205666955	-0.0034196384953590763	0.009770395701026032	-0.02051783097215428	0.006350757205666955	44264512
2024-06-27	-0.05048543689320401	-0.00582524271844665	-0.00582524271844665	-0.05048543689320401	-0.05048543689320401	64486345
2024-06-28	-0.024539877300613522	-0.019427402862985634	0.0010224948875255406	-0.0316973415132923	-0.024539877300613522	55472544
2024-07-01	-0.023060796645702188	0.0005241090146751344	0.006289308176100681	-0.0387840670859538	-0.023060796645702188	58419970
2024-07-02	0.040236051502145924	0.05579399141630897	0.07403433476394844	0.03594420600858359	0.040236051502145924	91302167
2024-07-03	-0.013924703455389353	0.035585353274883845	0.04951005673027338	-0.015471892728210455	-0.013924703455389353	85460081
2024-07-04	0.055439330543932984	0.022489539748953957	0.08420502092050206	0.01830543933054382	0.055439330543932984	134067375
2024-07-05	-0.049554013875123884	-0.031219028741328	-0.018830525272547027	-0.06442021803766108	-0.049554013875123884	99749123
2024-07-08	-0.0464025026068822	-0.014598540145985462	-0.013034410844629822	-0.05318039624608965	-0.0464025026068822	62672894
2024-07-09	0.0497539639147075	-0.006014215418261314	0.056861673045379944	-0.024056861673045257	0.0497539639147075	79254636
2024-07-10	0.01041666666666663	-0.007291666666666696	0.04270833333333335	-0.01041666666666663	0.01041666666666663	74479600
2024-07-11	0.019587628865979513	0.010309278350515611	0.028350515463917564	-0.0036082474226804273	0.019587628865979513	56980621
2024-07-12	-0.03690596562184026	-0.014661274014155849	-0.014155712841253849	-0.04246713852376136	-0.03690596562184026	54584229
2024-07-15	-0.002624671916010536	-0.0020997375328083543	0.0068241469816272445	-0.018372703412073563	-0.002624671916010536	35656552
2024-07-16	0.010526315789473648	-0.007894736842105189	0.010526315789473648	-0.010526315789473648	0.010526315789473648	30432765
2024-07-17	-0.013020833333333334	0.0	0.0	-0.019270833333333386	-0.013020833333333334	26989083
2024-07-18	0.006860158311345594	-0.008970976253298056	0.015303430079155628	-0.018469656992084322	0.006860158311345594	33824059
2024-07-19	0.006289308176100681	-0.004716981132075465	0.019392033542976993	-0.008909853249475795	0.006289308176100681	38340910
2024-07-22	-0.009895833333333215	-0.007291666666666696	0.0	-0.014583333333333209	-0.009895833333333215	30817042
2024-07-23	-0.01998947922146252	0.03051025775907408	0.03629668595476053	-0.01998947922146252	-0.01998947922146252	44527892
2024-07-24	-0.05636070853462162	-0.025764895330112746	-0.005367686527106703	-0.059044551798174874	-0.05636070853462162	60446621
2024-07-25	-0.017064846416382094	-0.018202502844140885	-0.0056882821387939635	-0.03071672354948801	-0.017064846416382094	40732799
2024-07-26	0.04629629629629613	0.0075231481481480905	0.07002314814814799	0.004050925925925942	0.04629629629629613	54622338
2024-07-29	-0.028207964601769803	-0.003871681415929023	-0.0005530973451326334	-0.03926991150442463	-0.028207964601769803	42382205
2024-07-30	0.023335230506545256	-0.006829823562891349	0.04723961297666467	-0.013659647125782697	0.023335230506545256	59942674
2024-07-31	0.024471635150166923	-0.015016685205784181	0.04282536151279197	-0.024471635150166923	0.024471635150166923	86173502
2024-08-01	-0.029858849077090154	0.0005428881650378941	0.011400651465797898	-0.030944625407166138	-0.029858849077090154	77308762
2024-08-02	-0.026860660324566334	-0.01958589815332968	-0.0005595970900952189	-0.03021824286513725	-0.026860660324566334	47405312
2024-08-05	-0.012650948821161521	-0.009200690051753889	0.02817711328349617	-0.01437607820586544	-0.012650948821161521	50367350
2024-08-06	0.006406523005241667	0.008736167734420416	0.019801980198019792	-0.008736167734420625	0.006406523005241667	41320818
2024-08-07	0.0057870370370369136	-0.004629629629629736	0.008680555555555473	-0.015046296296296386	0.0057870370370369136	35277013
2024-08-08	-0.018987341772151802	-0.009205983889528202	-0.005753739930954999	-0.027617951668584606	-0.018987341772151802	38474251
2024-08-09	-0.008211143695014696	0.005865102639296063	0.022873900293255166	-0.008211143695014696	-0.008211143695014696	30949447
2024-08-12	-0.027794204612655166	-0.006505026611472468	-0.0035481963335303795	-0.03429923122412784	-0.027794204612655166	42711662
2024-08-13	-0.006082725060827337	0.0	0.007299270072992544	-0.015815085158150947	-0.006082725060827337	41377817
2024-08-14	-0.02019583843329243	0.0024479804161566185	0.004283965728274192	-0.022643818849449156	-0.02019583843329243	35548881
2024-08-15	0.03560274828232334	-0.001873828856964468	0.04871955028107417	-0.004996876951905174	0.03560274828232334	67910118
2024-08-16	-0.004825090470446218	-0.0006031363088056702	0.00904704463208698	-0.013872135102532985	-0.004825090470446218	25024753
2024-08-19	0.0024242424242423726	0.0060606060606061465	0.018181818181818226	0.0006060606060607008	0.0024242424242423726	25489800
2024-08-20	-0.01874244256348239	-0.0024183796856105896	0.0	-0.024183796856106325	-0.01874244256348239	24357186
2024-08-21	0.020948860135551438	-0.004929143561306337	0.030807147258163893	-0.007393715341959396	0.020948860135551438	38905114
2024-08-22	-0.01991550995775509	0.0	0.0006035003017500308	-0.022933011466505674	-0.01991550995775509	25253990
2024-08-23	0.009852216748768483	-0.0006157635467979072	0.019704433497536967	-0.003694581280788099	0.009852216748768483	21067434
2024-08-26	-0.004878048780487702	0.0018292682926829963	0.014634146341463537	-0.01219512195121947	-0.004878048780487702	27108780
2024-08-27	-0.03860294117647064	-0.007352941176470649	-0.0061274509803922435	-0.040441176470588244	-0.03860294117647064	37082151
2024-08-28	0.026768642447418733	-0.0019120458891012978	0.03377947737412361	-0.0019120458891012978	0.026768642447418733	35296548
2024-08-29	0.05959031657355685	-0.006207324643078701	0.06703910614525152	-0.011173184357541882	0.05959031657355685	67241028
2024-08-30	0.015817223198594	-0.005858230814294167	0.03807850029291146	-0.010544815465729333	0.015817223198594	71576963
2024-09-02	-0.03402537485582467	0.0017301038062284392	0.013264129181084224	-0.03402537485582467	-0.03402537485582467	45277688
2024-09-03	0.0376119402985074	0.006567164179104443	0.040000000000000105	-0.005970149253731428	0.0376119402985074	47547679
2024-09-04	0.004027617951668601	-0.010356731875719201	0.025891829689298006	-0.017261219792865403	0.004027617951668601	41776895
2024-09-05	0.028080229226361147	0.001719197707736455	0.045845272206303765	0.001719197707736455	0.028080229226361147	56526335
2024-09-06	-0.014492753623188493	-0.0022296544035675975	0.012820512820512843	-0.01783723522853959	-0.014492753623188493	33123966
2024-09-09	0.010746606334841702	-0.012443438914027086	0.026018099547511362	-0.018665158371040626	0.010746606334841702	46787437
2024-09-10	-0.006715165081141634	0.003917179630665936	0.007274762171236654	-0.014549524342473506	-0.006715165081141634	29906085
2024-09-11	0.025915492957746526	-0.0005633802816902289	0.030985915492957785	-0.010704225352112748	0.025915492957746526	44809838
2024-09-12	-0.029654036243822027	0.006040637012630391	0.015925315760571067	-0.03294892915980238	-0.029654036243822027	38840118
2024-09-13	-0.010752688172043083	-0.0011318619128468095	0.013582342954159502	-0.010752688172043083	-0.010752688172043083	24917954
2024-09-18	0.001144164759725376	-0.004576659038901708	0.010869565217391377	-0.014302059496567505	0.001144164759725376	29047520
2024-09-19	0.01085714285714293	0.0034285714285713555	0.02971428571428569	-0.012571428571428506	0.01085714285714293	54928617
2024-09-20	0.011871113623515957	0.0005652911249292261	0.032221594120972315	-0.00169587337478808	0.011871113623515957	58605734
2024-09-23	-0.018994413407821223	-0.00167597765363115	0.008379888268156544	-0.026815642458100385	-0.018994413407821223	36437670
2024-09-24	0.0558086560364465	0.006833712984054727	0.0649202733485194	-0.013667425968109251	0.0558086560364465	76858663
2024-09-25	0.00916936353829567	0.006472491909385167	0.04368932038834964	0.0059331175836029905	0.00916936353829567	75946832
2024-09-26	0.0529128808123997	0.002672367717798007	0.05558524853019771	0.002672367717798007	0.0529128808123997	96471112
2024-09-27	0.10000000000000013	0.017766497461929008	0.10000000000000013	0.012690355329949238	0.10000000000000013	111667502
2024-09-30	0.0996769727734193	0.042916474388555594	0.0996769727734193	0.010613751730502854	0.0996769727734193	112443557
2024-10-08	0.06420478388585821	0.09987410826689058	0.09987410826689058	0.006714225765841383	0.06420478388585821	146053688
2024-10-09	-0.029968454258675	-0.04376971608832805	0.04534700315457422	-0.07018927444794958	-0.029968454258675	140056240
2024-10-10	-0.04227642276422775	0.0004065040650405695	0.03252032520325192	-0.0447154471544716	-0.04227642276422775	125987214
2024-10-11	-0.065365025466893	-0.006366723259762249	-0.0025466893039048696	-0.07979626485568757	-0.065365025466893	115041937
2024-10-14	-0.00908265213442322	-0.014986376021798288	0.008174386920980914	-0.05949137148047224	-0.00908265213442322	118206116
2024-10-15	-0.02337305224564627	0.0004582951420714029	0.00824931255728688	-0.024747937671860638	-0.02337305224564627	66873158
2024-10-16	-0.022993899577662995	-0.02393242609103698	-0.009854528390426904	-0.04223369310183006	-0.022993899577662995	71132657
2024-10-17	0.012487992315081556	0.0014409221902017837	0.03938520653218061	0.0004803073967338141	0.012487992315081556	72985663
2024-10-18	0.0649905123339659	0.0009487666034157081	0.09345351043643275	-0.008538899430740024	0.0649905123339659	105674823
2024-10-21	-0.02449888641425393	0.020044543429844068	0.02271714922049005	-0.031180400890868567	-0.02449888641425393	103171742
2024-10-22	0.06255707762557082	0.0	0.08219178082191785	-0.0031963470319634835	0.06255707762557082	103057421
2024-10-23	-0.018048990116029142	-0.003867640739149113	0.002578427159432691	-0.033089815212720225	-0.018048990116029142	70899526
2024-10-24	0.0013129102844637891	0.0437636761487965	0.07089715536105021	-0.0013129102844639446	0.0013129102844637891	84833094
2024-10-25	0.007867132867132856	0.035839160839160854	0.035839160839160854	-0.003059440559440572	0.007867132867132856	67936586
2024-10-28	0.008673026886383472	-0.009106678230702398	0.01387684301821337	-0.017346053772766636	0.008673026886383472	43519499
2024-10-29	-0.015477214101461865	-0.003009458297506461	0.013327601031814218	-0.0197764402407567	-0.015477214101461865	44422660
2024-10-30	-0.011353711790392927	-0.008733624454148442	0.021397379912663845	-0.02139737991266369	-0.011353711790392927	44051377
2024-10-31	-0.03356890459363964	-0.021201413427561856	-0.012809187279151906	-0.05344522968197884	-0.03356890459363964	94078734
2024-11-01	-0.015996343692870105	-0.006855575868372879	0.010054844606947094	-0.022851919561243144	-0.015996343692870105	45756122
2024-11-04	0.058987459359033885	0.021830004644681784	0.08174640037157445	0.021830004644681784	0.058987459359033885	83586224
2024-11-05	0.00657894736842099	0.004824561403508747	0.017543859649122744	-0.034649122807017506	0.00657894736842099	87901367
2024-11-06	0.0718954248366014	0.0017429193899781764	0.1002178649237473	0.0017429193899781764	0.0718954248366014	188942664
2024-11-07	0.01951219512195109	0.02032520325203252	0.04756097560975602	-0.006910569105691126	0.01951219512195109	179066338
2024-11-08	0.0	-0.019936204146730464	0.05701754385964926	-0.021132376395534197	0.0	155692182
2024-11-11	0.09569377990430632	0.0015948963317385448	0.10007974481658699	-0.010765550239234433	0.09569377990430632	169074114
2024-11-12	-0.02074235807860263	0.004366812227074272	0.03457059679767101	-0.036026200873362516	-0.02074235807860263	153272320
2024-11-13	-0.053140096618357474	-0.020438498699368292	-0.015607580824972192	-0.07655146785581564	-0.053140096618357474	139446380
2024-11-14	-0.015306122448979614	0.000784929356357911	0.020408163265306107	-0.018445839874411257	-0.015306122448979614	81219602
2024-11-15	-0.05061777600637703	-0.014746911119968155	-0.00757273814268638	-0.05340773216420884	-0.05061777600637703	95882723
2024-11-18	-0.01679261125104948	0.0058774139378673625	0.01133501259445842	-0.023929471032745602	-0.01679261125104948	66469329
2024-11-19	0.05593509820666091	0.014090520922288569	0.058923996584116095	0.011528608027327051	0.05593509820666091	87486719
2024-11-20	0.010109179134654266	-0.002426202992316972	0.0303275374039628	-0.009704811969268175	0.010109179134654266	78493310
2024-11-21	-0.01521216973578859	-0.00720576461168934	-0.0020016012810248483	-0.025620496397117717	-0.01521216973578859	50077713
2024-11-22	-0.032926829268292775	0.0	0.007317073170731696	-0.035365853658536624	-0.032926829268292775	64791382
2024-11-25	-0.04623791509037402	-0.004203446826397557	0.005884825556956729	-0.07229928541403946	-0.04623791509037402	121607262
2024-11-26	-0.02732481269281626	-0.006170118995152074	0.003525782282943953	-0.030409872190392297	-0.02732481269281626	60644323
2024-11-27	0.019483461712732204	-0.0009062075215224093	0.019936565473493487	-0.023108291798822	0.019483461712732204	64763857
2024-11-28	-0.016888888888888846	0.0	0.00355555555555548	-0.02088888888888884	-0.016888888888888846	43528453
2024-11-29	0.04882459312839052	-0.005424954792043445	0.06374321880650995	-0.005424954792043445	0.04882459312839052	94362417
2024-12-02	0.055603448275862034	0.01163793103448274	0.07629310344827585	0.0	0.055603448275862034	112401852
2024-12-03	-0.013883217639852997	0.0	0.004083299305839176	-0.023683135973866818	-0.013883217639852997	65885848
2024-12-04	0.026915113871635702	-0.006211180124223544	0.057971014492753714	-0.01449275362318832	0.026915113871635702	105976428
2024-12-05	-0.004032258064516186	-0.014516129032258041	0.02338709677419348	-0.02056451612903232	-0.004032258064516186	95673470
2024-12-06	0.006477732793522273	0.007287449392712539	0.018218623481781347	-0.02955465587044536	0.006477732793522273	81804226
2024-12-09	0.024939662107803743	-0.004022526146419866	0.04585679806918747	-0.007240547063555902	0.024939662107803743	113084076
2024-12-10	-0.010204081632653123	0.0353218210361067	0.03571428571428572	-0.013736263736263792	-0.010204081632653123	108697694
2024-12-11	-0.00951625693893729	-0.006740681998413885	-0.0007930214115780957	-0.029341792228390107	-0.00951625693893729	80565492
2024-12-12	0.005604483586869519	-0.0008006405124099109	0.024819855884707805	-0.00720576461168934	0.005604483586869519	60971350
2024-12-13	-0.03821656050955417	-0.006767515923566947	-0.0015923566878981966	-0.04100318471337584	-0.03821656050955417	70799113
2024-12-16	-0.01614238410596029	-0.006622516556291397	0.0037251655629139016	-0.024834437086092773	-0.01614238410596029	49729823
2024-12-17	-0.005048380311316828	-0.0037862852334875833	0.023138409760201966	-0.007993268826251631	-0.005048380311316828	45234148
2024-12-18	-0.003805496828752637	0.0021141649048626093	0.009302325581395451	-0.010147991543340316	-0.003805496828752637	37844003
2024-12-19	0.02461799660441434	-0.011035653650254586	0.035229202037351526	-0.014006791171477009	0.02461799660441434	53492991
2024-12-20	-0.012841756420878304	-0.0024855012427507156	0.00911350455675223	-0.016155758077879064	-0.012841756420878304	49678389
2024-12-23	-0.031892572387746454	-0.0025178346621904627	0.014687368862778072	-0.034830046160302074	-0.031892572387746454	57152227
2024-12-24	0.00780234070221065	0.005635023840485436	0.014304291287386141	-0.004768097095795381	0.00780234070221065	34581201
2024-12-25	-0.0025806451612902675	0.0021505376344086325	0.010322580645161223	-0.00602150537634411	-0.0025806451612902675	32820417
2024-12-26	0.07805088400172482	-0.001724881414402876	0.08451918930573511	-0.009486847779215282	0.07805088400172482	111739587
2024-12-27	-0.01719999999999999	-0.0004000000000000625	0.0	-0.024000000000000056	-0.01719999999999999	57393961
2024-12-30	-0.015466015466015426	-0.0028490028490028604	0.0028490028490028604	-0.02319902319902321	-0.015466015466015426	50582342
2024-12-31	-0.02811078958247208	0.004960727573377323	0.010334849111202976	-0.02893757751136845	-0.02811078958247208	45863212
