2021-01-06	0.06004842615012117	-0.0024213075060531314	0.09733656174334149	-0.010653753026634329	0.06004842615012117	65196126.0
2021-01-07	0.008679762448606566	-0.013248058474189087	0.030150753768844227	-0.024211968935587077	0.008679762448606566	53653286.0
2021-01-08	-0.01856884057970999	0.005434782608695698	0.01675724637681164	-0.04574275362318832	-0.01856884057970999	46431765.0
2021-01-11	0.005999077065066866	0.035071527457314164	0.06968158744808481	-0.023996308260267794	0.005999077065066866	64393720.0
2021-01-12	0.055045871559632996	-0.022477064220183578	0.058715596330275115	-0.0261467889908257	0.055045871559632996	62192264.0
2021-01-13	-0.04739130434782608	0.010869565217391304	0.017391304347826025	-0.06521739130434782	-0.04739130434782608	61638389.0
2021-01-14	-0.05476951163852119	-0.017800091282519425	-0.011410314924691922	-0.07256960292104062	-0.05476951163852119	53759395.0
2021-01-15	-0.013520038628681851	-0.000965717044905822	0.005794302269434932	-0.03959439884113956	-0.013520038628681851	35046081.0
2021-01-18	0.035242290748898626	0.01370533529123843	0.05971610376896715	0.011257953989231543	0.035242290748898626	34919712.0
2021-01-19	-0.030732860520094496	-0.004728132387706755	0.015602836879432713	-0.03640661938534277	-0.030732860520094496	23642272.0
2021-01-20	0.01853658536585361	0.0009756097560975402	0.023902439024390168	-0.012682926829268368	0.01853658536585361	21825389.0
2021-01-21	-0.009578544061302648	-0.006226053639846696	0.011494252873563314	-0.0172413793103448	-0.009578544061302648	24973012.0
2021-01-22	-0.02030947775628618	-0.006286266924564749	-0.0009671179883945635	-0.04206963249516446	-0.02030947775628618	28631362.0
2021-01-25	-0.01875616979269509	0.004442250740375116	0.0306021717670285	-0.021717670286278443	-0.01875616979269509	28519504.0
2021-01-26	-0.07494969818913473	-0.0140845070422534	-0.01358148893360159	-0.07645875251509053	-0.07494969818913473	36965923.0
2021-01-27	0.005437737901033054	-0.004893964110929845	0.01794453507340937	-0.007069059271343067	0.005437737901033054	20190829.0
2021-01-28	0.02001081665765284	-0.010275824770145903	0.05949161709031917	-0.021092482422931155	0.02001081665765284	28520190.0
2021-01-29	-0.028632025450689245	0.007423117709437994	0.014846235418875989	-0.05196182396606577	-0.028632025450689245	19096089.0
2021-02-01	-0.014192139737991352	-0.007096069868995579	0.0021834061135370714	-0.024017467248908367	-0.014192139737991352	13940212.0
2021-02-02	0.008859357696567007	0.003322259136212751	0.015503875968992312	-0.014396456256921264	0.008859357696567007	15620235.0
2021-02-03	-0.03841931942919865	-0.0021953896816684494	0.0021953896816686446	-0.03896816684961566	-0.03841931942919865	17599638.0
2021-02-04	-0.02853881278538813	-0.007990867579908708	0.016552511415525065	-0.04280821917808219	-0.02853881278538813	21381800.0
2021-02-05	-0.030552291421856614	0.019388954171562976	0.021739130434782667	-0.03172737955346646	-0.030552291421856614	12924241.0
2021-02-08	-0.0024242424242423726	-0.0024242424242423726	0.011515151515151593	-0.020606060606060597	-0.0024242424242423726	10804771.0
2021-02-09	0.03402187120291608	0.008505467800729074	0.047995139732685245	-0.008505467800729074	0.03402187120291608	17519077.0
2021-02-10	-0.007050528789659283	0.0023501762632196915	0.004112808460634564	-0.02350176263219733	-0.007050528789659283	14893544.0
2021-02-18	0.005325443786982241	0.012426035502958632	0.031952662721893656	0.002958579881656847	0.005325443786982241	17752137.0
2021-02-19	0.02236609770453223	-0.0023543260741612213	0.02530900529723386	-0.004120070629782033	0.02236609770453223	15234568.0
2021-02-22	-0.02417962003454241	0.0005757052389175596	0.010938399539435678	-0.02475532527345997	-0.02417962003454241	24809448.0
2021-02-23	0.046607669616519125	-0.006489675516224156	0.04719764011799414	-0.024778761061946795	0.046607669616519125	34565940.0
2021-02-24	-0.014656144306651523	0.009019165727170245	0.025366403607666455	-0.032130777903043785	-0.014656144306651523	31792622.0
2021-02-25	0.00686498855835246	0.0034324942791761283	0.018306636155606425	-0.013157894736842129	0.00686498855835246	22372987.0
2021-02-26	-0.030113636363636426	-0.018750000000000103	-0.007386363636363781	-0.03636363636363639	-0.030113636363636426	17678954.0
2021-03-01	0.005858230814294167	0.0	0.007029876977152958	-0.011130638547158832	0.005858230814294167	13495033.0
2021-03-02	0.013395457192777918	0.010483401281304584	0.020966802562609167	-0.01048340128130479	0.013395457192777918	18356808.0
2021-03-03	-0.00459770114942519	-0.012643678160919476	-0.0028735632183906415	-0.02183908045977006	-0.00459770114942519	12391895.0
2021-03-04	0.010392609699769037	-0.009815242494226425	0.04330254041570439	-0.012124711316397278	0.010392609699769037	24231989.0
2021-03-05	-0.01028571428571427	-0.017142857142857182	-0.005714285714285796	-0.03485714285714282	-0.01028571428571427	15155978.0
2021-03-08	-0.06466512702078528	-0.004618937644341908	0.001732101616628241	-0.06466512702078528	-0.06466512702078528	23548604.0
2021-03-09	-0.0549382716049382	-0.003703703703703625	-0.003086419753086464	-0.05740740740740739	-0.0549382716049382	18957291.0
2021-03-10	-0.024167210973220183	0.010450685826257357	0.018288700195950316	-0.026779882429784463	-0.024167210973220183	13958892.0
2021-03-11	0.012717536813922441	0.004016064257028146	0.01405622489959845	-0.01070950468540831	0.012717536813922441	13129028.0
2021-03-12	-0.02511566424322543	-0.0013218770654330038	-0.0013218770654330038	-0.03569068076668876	-0.02511566424322543	18442976.0
2021-03-15	0.01491525423728818	0.0020338983050847024	0.026440677966101733	-0.0006779661016949008	0.01491525423728818	14652527.0
2021-03-16	0.0013360053440213476	-0.0006680026720106738	0.008684034736138877	-0.008684034736138997	0.0013360053440213476	8540145.0
2021-03-17	0.012008005336891241	0.0013342228152101116	0.01667778519012675	-0.0060040026684456205	0.012008005336891241	11531070.0
2021-03-18	0.00329597890573505	0.0	0.01779828609096899	-0.00197758734344096	0.00329597890573505	11521158.0
2021-03-19	0.005256241787122212	-0.0091984231274639	0.026281208935610943	-0.020367936925098588	0.005256241787122212	14166820.0
2021-03-22	0.003921568627450896	-0.003267973856209197	0.009803921568627357	-0.014379084967320302	0.003921568627450896	8961261.0
2021-03-23	0.008463541666666718	0.0	0.01822916666666674	-0.003255208333333264	0.008463541666666718	11393438.0
2021-03-24	-0.018076178179470586	0.003873466752743738	0.003873466752743738	-0.029696578437701796	-0.018076178179470586	10478535.0
2021-03-25	0.003287310979618602	-0.008547008547008598	0.010519395134779641	-0.011834319526627316	0.003287310979618602	8320111.0
2021-03-26	0.010484927916120585	0.0019659239842725663	0.013761467889908313	-0.004587155963302771	0.010484927916120585	7870440.0
2021-03-29	0.01102464332036316	0.011673151750972744	0.02723735408560311	0.006485084306095956	0.01102464332036316	13180545.0
2021-03-30	0.025016035920461872	0.0006414368184733667	0.029506093649775553	0.0	0.025016035920461872	17547216.0
2021-03-31	-0.055694618272841084	-0.01063829787234042	-0.01063829787234042	-0.060700876095118934	-0.055694618272841084	19415812.0
2021-04-01	-0.005301524188204113	0.0006626905235254995	0.005301524188204113	-0.01855533465871434	-0.005301524188204113	14628465.0
2021-04-02	-0.003331112591605525	-0.0006662225183211051	0.005996002664890064	-0.010659560293137917	-0.003331112591605525	13361757.0
2021-04-06	0.006684491978609601	0.00401069518716569	0.0147058823529411	0.0013368983957218966	0.006684491978609601	12090917.0
2021-04-07	-0.007968127490039906	-0.003984063745019953	0.0	-0.015936254980079695	-0.007968127490039906	10744543.0
2021-04-08	-0.008701472556894177	0.0013386880856761279	0.002677376171352137	-0.01070950468540831	-0.008701472556894177	12628411.0
2021-04-09	-0.003376097231600318	-0.0027008777852802783	0.008102633355840595	-0.006076975016880476	-0.003376097231600318	9345519.0
2021-04-12	-0.022357723577235776	-0.0006775067750677363	0.0040650406504065375	-0.02913279132791326	-0.022357723577235776	12970743.0
2021-04-13	-0.0013860013860013565	-0.0013860013860013565	0.0069300069300069055	-0.0069300069300069055	-0.0013860013860013565	5712569.0
2021-04-14	0.02359472588480221	0.0	0.02637057598889653	0.0	0.02359472588480221	9397668.0
2021-04-15	0.004067796610169525	-0.0006779661016949008	0.00813559322033893	-0.006101694915254228	0.004067796610169525	8623360.0
2021-04-16	0.012153950033760953	0.0006752194463200396	0.01620526671168131	-0.004726536124240397	0.012153950033760953	11417789.0
2021-04-19	0.004669779853235509	0.0006671114076050558	0.006671114076050677	-0.0033355570380253978	0.004669779853235509	9232943.0
2021-04-20	-0.007304116865869934	0.0006640106241699726	0.0013280212483399452	-0.009960159362549825	-0.007304116865869934	9858309.0
2021-04-21	-0.006020066889632098	-0.00468227424749154	0.0	-0.015384615384615295	-0.006020066889632098	6453218.0
2021-04-22	0.002691790040376913	0.002691790040376913	0.016150740242261118	-0.0013458950201883967	0.002691790040376913	7207502.0
2021-04-23	-0.005369127516778528	0.0	0.0006711409395973011	-0.012080536912751658	-0.005369127516778528	5622684.0
2021-04-26	-0.006747638326585671	0.002024291497975665	0.015519568151147127	-0.008097165991902902	-0.006747638326585671	8962638.0
2021-04-27	-0.021739130434782625	0.0	0.0	-0.022418478260869568	-0.021739130434782625	9920700.0
2021-04-28	0.002083333333333289	-0.004166666666666701	0.00555555555555556	-0.00694444444444442	0.002083333333333289	5765209.0
2021-04-29	0.03603603603603601	-0.0006930006930006783	0.0582120582120582	-0.003465003465003391	0.03603603603603601	18731393.0
2021-04-30	0.005351170568561878	0.0	0.006688963210702436	-0.011371237458193975	0.005351170568561878	12591635.0
2021-05-06	0.012641383898869015	-0.0019960079840318935	0.01996007984031941	-0.007984031936127694	0.012641383898869015	14482158.0
2021-05-07	-0.005256241787122212	-0.0032851511169514265	0.011826544021024949	-0.011169513797634686	-0.005256241787122212	12056939.0
2021-05-10	-0.020475561426684313	-0.0033025099075297696	0.0006605019815059304	-0.029062087186261642	-0.020475561426684313	9484914.0
2021-05-11	0.02360080917060011	-0.007417397167902861	0.028995279838165862	-0.007417397167902861	0.02360080917060011	11890402.0
2021-05-12	-0.008563899868247628	-0.0032938076416336583	-0.0032938076416336583	-0.01515151515151518	-0.008563899868247628	7217646.0
2021-05-13	0.007308970099667736	-0.006644518272425343	0.017940199335548145	-0.006644518272425343	0.007308970099667736	10987054.0
2021-05-14	0.02044854881266494	-0.003957783641160982	0.02572559366754621	-0.004617414248021127	0.02044854881266494	19686420.0
2021-05-17	-0.010989010989010985	0.00840336134453775	0.019392372333548735	-0.013574660633484217	-0.010989010989010985	16194284.0
2021-05-18	0.011764705882352922	0.0	0.022875816993464027	-0.007843137254902025	0.011764705882352922	15650456.0
2021-05-19	-0.012919896640826942	0.0006459948320413299	0.003875968992247979	-0.014857881136950931	-0.012919896640826942	9657419.0
2021-05-20	0.011125654450261776	0.010471204188481685	0.01701570680628271	-0.0013089005235601815	0.011125654450261776	11235086.0
2021-05-21	-0.02394822006472487	-0.0019417475728154927	0.0	-0.02588996763754036	-0.02394822006472487	11906633.0
2021-05-24	0.0059681697612732005	0.0	0.011273209549071614	-0.0013262599469495739	0.0059681697612732005	6938343.0
2021-05-25	0.025049439683586076	0.0	0.03164139749505606	-0.009887936717205033	0.025049439683586076	18902698.0
2021-05-26	-0.0032154340836013317	0.0019292604501607304	0.01800643086816716	-0.007073954983922907	-0.0032154340836013317	18223973.0
2021-05-27	0.0051612903225806495	0.0006451612903225669	0.008387096774193598	-0.006451612903225784	0.0051612903225806495	12511794.0
2021-05-28	0.0077021822849806946	0.0	0.010911424903722718	-0.005776636713735549	0.0077021822849806946	14392966.0
2021-05-31	0.018471337579617893	0.006369426751592447	0.019108280254777118	-0.005732484076433112	0.018471337579617893	18399724.0
2021-06-01	-0.018136335209506	-0.005628517823639766	-0.00125078173858659	-0.02689180737961224	-0.018136335209506	16329545.0
2021-06-02	-0.020382165605095447	0.0	0.006369426751592447	-0.022292993630573226	-0.020382165605095447	12012028.0
2021-06-03	-0.0039011703511053638	0.0	0.011053315994798434	-0.004551365409622905	-0.0039011703511053638	8440845.0
2021-06-04	0.01174934725848562	0.0	0.02284595300261094	-0.005221932114882511	0.01174934725848562	11838785.0
2021-06-07	0.01548387096774195	0.006451612903225784	0.0225806451612903	0.006451612903225784	0.01548387096774195	13273726.0
2021-06-08	0.009529860228716668	-0.0006353240152477628	0.012706480304955482	-0.008894536213468906	0.009529860228716668	14725162.0
2021-06-09	-0.009439899307740739	0.0075519194461926365	0.013215859030837057	-0.010698552548772809	-0.009439899307740739	13112809.0
2021-06-10	0.018424396442185572	-0.0006353240152477628	0.019695044472681097	-0.005717916137229978	0.018424396442185572	16569998.0
2021-06-11	-0.03181534622582667	0.0	0.0	-0.035558328134747366	-0.03181534622582667	16980781.0
2021-06-15	0.0	-0.0032216494845360138	0.00966494845360827	-0.010309278350515474	0.0	10146438.0
2021-06-16	0.02770618556701029	0.0019329896907217228	0.043170103092783615	-0.0012886597938144056	0.02770618556701029	28610512.0
2021-06-17	0.005015673981191338	0.0018808777429467798	0.009404388714733676	-0.010658307210031344	0.005015673981191338	13595703.0
2021-06-18	0.0237055520898315	-0.0018714909544604575	0.028696194635059093	-0.009981285090455516	0.0237055520898315	22243323.0
2021-06-21	0.05118829981718463	0.010968921389396692	0.05179768433881788	0.009750152346130418	0.05118829981718463	35659755.0
2021-06-22	-0.01797101449275355	0.00869565217391296	0.013333333333333358	-0.023188405797101366	-0.01797101449275355	24490590.0
2021-06-23	-0.004132231404958694	-0.012396694214876082	0.002951593860684602	-0.012987012987013128	-0.004132231404958694	16315667.0
2021-06-24	-0.022525192649674126	-0.0011855364552459736	0.016597510373443838	-0.024303497332542983	-0.022525192649674126	18799698.0
2021-06-25	0.01273499090357798	-0.000606428138265495	0.018799272286234223	-0.009096422073984147	0.01273499090357798	14169862.0
2021-06-28	-0.01856287425149693	0.005988023952095894	0.009580838323353302	-0.03233532934131732	-0.01856287425149693	18699703.0
2021-06-29	-0.01098230628431969	-0.003660768761440041	0.010372178157412943	-0.014643075045759731	-0.01098230628431969	11591763.0
2021-06-30	0.020974706971005543	-0.003701418877236414	0.020974706971005543	-0.003701418877236414	0.020974706971005543	11714404.0
2021-07-01	-0.059214501510574044	0.0	0.006042296072507424	-0.060422960725075525	-0.059214501510574044	20251423.0
2021-07-02	-0.037893384714193956	0.0	0.0006422607578676806	-0.04110468850353247	-0.037893384714193956	17402794.0
2021-07-05	0.012683578104138818	-0.005340453938584784	0.024699599465954552	-0.005340453938584784	0.012683578104138818	11689908.0
2021-07-06	-0.0013183915622939732	0.0013183915622939732	0.003955174686882037	-0.011865524060645994	-0.0013183915622939732	7527458.0
2021-07-07	0.009900990099009924	-0.002640264026402701	0.022442244224422432	-0.008580858085808633	0.009900990099009924	9919831.0
2021-07-08	0.037254901960784216	0.0013071895424836323	0.04248366013071886	-0.0013071895424837483	0.037254901960784216	24262956.0
2021-07-09	-0.0006301197227473086	-0.006931316950220506	0.0006301197227474206	-0.019533711405166902	-0.0006301197227473086	12941692.0
2021-07-12	0.01387137452711216	-0.0006305170239596335	0.024590163934426267	-0.012610340479192893	0.01387137452711216	16962866.0
2021-07-13	-0.013681592039800926	-0.0012437810945273367	0.009328358208955357	-0.018656716417910384	-0.013681592039800926	12155904.0
2021-07-14	-0.02395964691046652	0.0006305170239596335	0.0018915510718790125	-0.026481715006305168	-0.02395964691046652	10079294.0
2021-07-15	0.0019379844961239896	-0.0012919896640826599	0.011627906976744167	-0.016795865633074922	0.0019379844961239896	9204262.0
2021-07-16	0.05415860735009682	-0.00515796260477112	0.05415860735009682	-0.006447453255963871	0.05415860735009682	25432081.0
2021-07-19	0.006727828746177334	0.009174311926605417	0.018960244648317963	-0.014678899082568928	0.006727828746177334	23451432.0
2021-07-20	-0.003037667071688986	-0.016403402187120265	0.010328068043742294	-0.01701093560145815	-0.003037667071688986	12801208.0
2021-07-21	0.012797074954296214	-0.0006093845216332457	0.014625228519195517	-0.006703229737964621	0.012797074954296214	15604395.0
2021-07-22	-0.022864019253911103	-0.003610108303249234	-0.003008423586040957	-0.03249097472924204	-0.022864019253911103	18358101.0
2021-07-23	0.014162561576354708	-0.003078817733989973	0.03263546798029564	-0.016625615763546663	0.014162561576354708	19910599.0
2021-07-26	-0.015179113539769279	-0.004857316332726066	0.03825136612021874	-0.015179113539769279	-0.015179113539769279	34800880.0
2021-07-27	0.019112207151664753	-0.0024660912453760265	0.05610357583230581	-0.019112207151664534	0.019112207151664753	44240233.0
2021-07-28	-0.046581972171808914	-0.013914095583787079	-0.008469449485783457	-0.06170598911070788	-0.046581972171808914	26686900.0
2021-07-29	0.051395939086294445	0.0057106598984771485	0.053299492385786906	0.0050761421319797	0.051395939086294445	21966842.0
2021-07-30	-0.0030175015087507973	-0.0006035003017502452	0.007845503922751901	-0.017501508750754322	-0.0030175015087507973	19057251.0
2021-08-02	0.04721549636803881	-0.0048426150121064345	0.05266343825665866	-0.0072639225181598665	0.04721549636803881	32256149.0
2021-08-03	-0.024855491329479753	-0.007514450867051966	-0.0017341040462428403	-0.030635838150289082	-0.024855491329479753	22588471.0
2021-08-04	0.02015411973918197	0.0017783046828688549	0.03200948429164192	-0.0011855364552459736	0.02015411973918197	26827234.0
2021-08-05	0.09994189424753043	0.0034863451481695943	0.09994189424753043	-0.0005810575246950356	0.09994189424753043	70445081.0
2021-08-06	-0.005282620179609161	-0.00739566825145275	0.005810882197569965	-0.03486529318541998	-0.005282620179609161	52818038.0
2021-08-09	-0.006372809346786907	0.00106213489113134	0.041423260754115836	-0.017525225703664278	-0.006372809346786907	32917643.0
2021-08-10	0.06680919294494922	0.0032068412613574944	0.0999465526456439	-0.005344735435596014	0.06680919294494922	76828420.0
2021-08-11	-0.02404809619238479	-0.00300601202404821	0.011523046092184389	-0.02905811623246502	-0.02404809619238479	46578031.0
2021-08-12	-0.03747433264887066	0.0010266940451745161	0.0061601642710472785	-0.050308008213552385	-0.03747433264887066	41289254.0
2021-08-13	-0.007999999999999924	0.0	0.015466666666666622	-0.01866666666666674	-0.007999999999999924	32998414.0
2021-08-16	-0.017741935483871065	0.0026881720430106	0.013978494623655805	-0.03010752688172055	-0.017741935483871065	26300296.0
2021-08-17	-0.016420361247947494	0.0	0.02298850574712653	-0.021346469622331724	-0.016420361247947494	28944589.0
2021-08-18	0.034501947690595496	0.0	0.03728436282693388	-0.005008347245409007	0.034501947690595496	28848594.0
2021-08-19	0.009682625067240437	-0.004303388918773443	0.03873050026896175	-0.02097902097902101	0.009682625067240437	32678281.0
2021-08-20	-0.005327650506126685	-0.012786361214704233	0.009057005860415648	-0.02184336707511988	-0.005327650506126685	21013539.0
2021-08-23	0.04392072844134958	0.006963042313872469	0.05088377075522224	-0.008569898232458496	0.04392072844134958	34772996.0
2021-08-24	-0.01744484350949204	-0.024628014366341554	-0.012827090815802977	-0.05028219599794751	-0.01744484350949204	29251961.0
2021-08-25	-0.012532637075717935	-0.0031331592689294373	0.01096605744125331	-0.023498694516971244	-0.012532637075717935	17418525.0
2021-08-26	0.04812268640930725	0.0005288207297726897	0.07456372289793761	-0.003172924378635575	0.04812268640930725	44918881.0
2021-08-27	-0.00554994954591319	-0.010595358224016188	0.004540867810292626	-0.04994954591321907	-0.00554994954591319	34229380.0
2021-08-30	-0.013191273465246147	0.005073566717402225	0.028919330289193315	-0.02384576357179109	-0.013191273465246147	36654761.0
2021-08-31	0.0015424164524422178	-0.0025706940874036356	0.029820051413881846	-0.02056555269922872	0.0015424164524422178	27775025.0
2021-09-01	-0.0549281314168378	0.009240246406570828	0.009240246406570828	-0.06827515400410687	-0.0549281314168378	29730246.0
2021-09-02	0.011406844106463924	0.0010863661053774891	0.0184682237914177	-0.011950027159152573	0.011406844106463924	16190194.0
2021-09-03	-0.03866809881847488	-0.009667024704618674	0.003222341568206161	-0.061224489795918394	-0.03866809881847488	24862069.0
2021-09-06	-0.0022346368715083324	0.0011173184357543646	0.010055865921787694	-0.015083798882681541	-0.0022346368715083324	22598676.0
2021-09-07	0.0022396416573347787	-0.002799552071668573	0.023516237402015774	-0.0033594624860021683	0.0022396416573347787	23717513.0
2021-09-08	0.0016759776536313486	0.002234636871508531	0.015642458100558723	-0.010055865921787694	0.0016759776536313486	18002438.0
2021-09-09	0.04015616285554929	-0.0005577244841047412	0.04406023424428328	-0.010039040713887323	0.04015616285554929	30284541.0
2021-09-10	-0.007506702412868473	0.001608579088471911	0.0026809651474531213	-0.02198391420911529	-0.007506702412868473	17952648.0
2021-09-13	-0.008643976229065377	0.004862236628849262	0.010264721772015003	-0.01350621285791464	-0.008643976229065377	13677487.0
2021-09-14	-0.005449591280654028	-0.0005449591280654802	0.021798365122615723	-0.008174386920981042	-0.005449591280654028	15938958.0
2021-09-15	0.0016438356164384185	-0.01260273972602742	0.007123287671232822	-0.02301369863013708	0.0016438356164384185	11365837.0
2021-09-16	-0.03993435448577683	-0.0016411378555799309	0.009299781181619154	-0.04266958424507664	-0.03993435448577683	15527521.0
2021-09-17	-0.021652421652421594	0.006267806267806235	0.014245014245014245	-0.040455840455840504	-0.021652421652421594	24812528.0
2021-09-22	0.0145602795573675	-0.007571345369831249	0.022714036109493126	-0.012813046010483541	0.0145602795573675	12672974.0
2021-09-23	0.022388059701492363	0.004592422502870165	0.02411021814006878	-0.004018369690011497	0.022388059701492363	16626703.0
2021-09-24	-0.01010668163952834	-0.002807411566535495	0.0028074115665356943	-0.016282987085906746	-0.01010668163952834	9202163.0
2021-09-27	-0.026659103800340266	0.001701644923426043	0.007941009642654599	-0.039705048213272795	-0.026659103800340266	11808806.0
2021-09-28	-0.011072261072261147	-0.0011655011655011406	0.009324009324009333	-0.013403263403263428	-0.011072261072261147	12704192.0
2021-09-29	-0.02062463170300518	-0.004714201532115398	-0.00058927519151432	-0.030642309958750714	-0.02062463170300518	13388468.0
2021-09-30	-0.008423586040914595	0.0	0.009626955475330934	-0.010830324909747275	-0.008423586040914595	11611967.0
2021-10-08	0.010922330097087362	0.005461165048543681	0.01516990291262136	0.0018203883495146321	0.010922330097087362	7935969.0
2021-10-11	0.024609843937575038	0.0	0.03361344537815118	-0.001200480192076805	0.024609843937575038	13654012.0
2021-10-12	-0.02460456942003525	-0.007029876977152958	-0.007029876977152958	-0.028705330990041123	-0.02460456942003525	8156968.0
2021-10-13	-0.024624624624624634	-0.015015015015015017	-0.015015015015015017	-0.054654654654654564	-0.024624624624624634	13553105.0
2021-10-14	0.014778325123152834	0.0055418719211822575	0.025246305418719223	-0.007389162561576198	0.014778325123152834	9622274.0
2021-10-15	0.012135922330097044	0.0006067961165047336	0.016383495145631043	-0.004854368932038947	0.012135922330097044	8308764.0
2021-10-18	0.004196642685851336	0.0005995203836931393	0.02398081534772174	-0.0023980815347721313	0.004196642685851336	9619100.0
2021-10-19	0.0017910447761194709	-0.0011940298507462433	0.007761194029850687	-0.009552238805970158	0.0017910447761194709	6751785.0
2021-10-20	0.008939213349225183	0.0005959475566148992	0.014302741358760335	-0.01728247914183568	0.008939213349225183	9006742.0
2021-10-21	-0.0005906674542231548	-0.01004134672179552	0.006497341996455962	-0.013585351447135288	-0.0005906674542231548	9913814.0
2021-10-22	0.011820330969267096	0.0	0.014775413711583923	-0.007092198581560342	0.011820330969267096	14299786.0
2021-10-25	0.027453271028037317	0.0017523364485979897	0.033878504672897096	-0.0011682242990653955	0.027453271028037317	21587303.0
2021-10-26	-0.0056850483229108255	-0.004548038658328499	0.0045480386583287005	-0.013644115974985698	-0.0056850483229108255	11041486.0
2021-10-27	0.002287021154945838	0.02058319039451132	0.022298456260720446	-0.017724413950828972	0.002287021154945838	15506949.0
2021-10-28	-0.02624073017683975	-0.006845407872219109	0.00285225328009111	-0.028522532800912718	-0.02624073017683975	12185305.0
2021-10-29	0.04042179261862925	0.004686584651435167	0.04628002343292321	-0.004100761570005875	0.04042179261862925	15905900.0
2021-11-01	0.009009009009009016	0.001689189189189053	0.023085585585585593	-0.020270270270270438	0.009009009009009016	24275588.0
2021-11-02	0.044084821428571376	0.011718749999999849	0.05189732142857141	0.006138392857142825	0.044084821428571376	37307751.0
2021-11-03	-0.0037413148049171715	-0.008551576696953509	0.0032068412613574944	-0.024585783003741358	-0.0037413148049171715	18710968.0
2021-11-04	0.007510729613733936	0.0005364806866951722	0.015021459227467872	-0.01019313304721037	0.007510729613733936	15212667.0
2021-11-05	-0.007987220447284457	-0.0037273695420660426	0.007454739084132085	-0.012247071352502685	-0.007987220447284457	14888545.0
2021-11-08	0.0016103059581321062	-0.0042941492216853625	0.013955984970477809	-0.022007514761137957	0.0016103059581321062	14715052.0
2021-11-09	0.017684887459806984	-0.00267952840300111	0.03697749196141486	-0.007502679528403031	0.017684887459806984	23799215.0
2021-11-10	-0.004739336492890988	-0.005792522380200076	0.013691416535018514	-0.010005265929436426	-0.004739336492890988	19147814.0
2021-11-11	-0.009523809523809509	-0.004232804232804143	0.004232804232804331	-0.018518518518518406	-0.009523809523809509	13604104.0
2021-11-12	0.033119658119658175	-0.0010683760683760457	0.04113247863247861	-0.0021367521367520914	0.033119658119658175	21093029.0
2021-11-15	-0.014994829369182996	0.007238883143743566	0.018097207859358914	-0.02275077559462261	-0.014994829369182996	22977086.0
2021-11-16	-0.04724409448818909	-0.008923884514435784	0.008923884514435598	-0.04724409448818909	-0.04724409448818909	24059818.0
2021-11-17	0.006060606060606225	-0.0038567493112947816	0.02148760330578516	-0.024242424242424118	0.006060606060606225	21974522.0
2021-11-18	0.02847754654983568	0.002190580503833469	0.04381161007667016	-0.015334063526834672	0.02847754654983568	18822635.0
2021-11-19	0.017571884984025468	-0.0010649627263045567	0.025559105431309924	-0.009584664536741198	0.017571884984025468	15410964.0
2021-11-22	0.0	0.0	0.006802721088435323	-0.013605442176870645	0.0	13250947.0
2021-11-23	0.03244374672946107	-0.001569858712715915	0.05703819989534275	-0.006279434850863475	0.03244374672946107	28070634.0
2021-11-24	-0.01926001013684739	-0.005575266092245283	0.007095793208312244	-0.02382159148504809	-0.01926001013684739	12625245.0
2021-11-25	0.017054263565891382	0.0	0.03772609819121431	-0.007751937984496233	0.017054263565891382	17239756.0
2021-11-26	-0.006097560975609807	-0.004065040650406418	0.008638211382113908	-0.013211382113821037	-0.006097560975609807	12304765.0
2021-11-29	0.02402862985685084	-0.006646216768916105	0.03783231083844591	-0.008179959100204507	0.02402862985685084	24503933.0
2021-11-30	0.017473789316025855	-0.003994008986520312	0.03944083874188713	-0.007488766849725518	0.017473789316025855	27729691.0
2021-12-01	-0.018645731108930277	-0.0029440628066731466	0.013738959764475032	-0.02845927379784094	-0.018645731108930277	20982313.0
2021-12-02	0.025	0.0	0.0375	-0.007000000000000029	0.025	21262670.0
2021-12-03	0.024390243902439025	-0.0019512195121950803	0.024390243902439025	-0.010731707317073116	0.024390243902439025	20335486.0
2021-12-06	-0.016190476190476182	-0.0028571428571427964	-0.0004761904761905506	-0.022857142857142878	-0.016190476190476182	17452738.0
2021-12-07	-0.0329138431752178	0.002904162633107392	0.006776379477250754	-0.045498547918683505	-0.0329138431752178	22153608.0
2021-12-08	0.03803803803803794	-0.0045045045045044975	0.05355355355355357	-0.008008008008008015	0.03803803803803794	28522243.0
2021-12-09	-0.027965284474445434	-0.005785920925747225	0.004339440694310505	-0.029893924783027843	-0.027965284474445434	25143151.0
2021-12-10	-0.028769841269841362	-0.007936507936507943	-0.0014880952380952944	-0.03472222222222219	-0.028769841269841362	22255960.0
2021-12-13	-0.010214504596527034	0.012768130745658836	0.01327885597548527	-0.02553626149131767	-0.010214504596527034	23059661.0
2021-12-14	0.014447884416924723	-0.005159958720330127	0.025283797729618265	-0.00877192982456131	0.014447884416924723	16862865.0
2021-12-15	-0.0015259409969481759	-0.006103763987792522	0.011190233977619474	-0.008138351983723303	-0.0015259409969481759	8950730.0
2021-12-16	0.002547121752419802	-0.011716760061130944	0.013754457463066713	-0.014773306164034598	0.002547121752419802	14695885.0
2021-12-17	-0.014227642276422823	0.0010162601626016044	0.0035569105691057056	-0.024390243902439046	-0.014227642276422823	10784246.0
2021-12-20	-0.011855670103092623	-0.005154639175257623	0.02061855670103104	-0.015979381443298905	-0.011855670103092623	11606680.0
2021-12-21	0.0057381324986958485	-0.003651538862806483	0.011997913406363947	-0.020865936358894215	0.0057381324986958485	12245064.0
2021-12-22	0.05082987551867222	0.0010373443983402268	0.07209543568464732	-0.010373443983402637	0.05082987551867222	22767570.0
2021-12-23	0.03158933859822295	0.0009871668311944508	0.03652517275419538	-0.016288252714708875	0.03158933859822295	31424075.0
2021-12-24	-0.004784688995215209	-0.009569377990430589	0.004306220095693774	-0.014354066985645798	-0.004784688995215209	15496138.0
2021-12-27	-0.013461538461538516	-0.000961538461538441	0.016826923076922976	-0.025480769230769286	-0.013461538461538516	23858615.0
2021-12-28	0.011208576998050702	0.00048732943469793194	0.025828460038986412	-0.015594541910331399	0.011208576998050702	14120808.0
2021-12-29	0.03614457831325301	0.0	0.04530120481927717	-0.007228915662650534	0.03614457831325301	27755816.0
2021-12-30	0.05116279069767449	0.00232558139534887	0.06697674418604657	-0.007906976744186126	0.05116279069767449	36310281.0
2021-12-31	-0.009292035398230125	-0.004867256637168273	0.01637168141592909	-0.014159292035398242	-0.009292035398230125	23237865.0
2022-01-04	-0.009379187137114822	-0.0004466279589102976	0.013845466726217004	-0.023671281822242124	-0.009379187137114822	19098424.0
2022-01-05	-0.06898106402164117	0.0	0.005861136158701488	-0.07168620378719566	-0.06898106402164117	27541493.0
2022-01-06	-0.0019370460048425738	-0.0009685230024212869	0.012590799031477074	-0.03002421307506041	-0.0019370460048425738	22863010.0
2022-01-07	-0.02717127607957296	0.0	0.009218825812712338	-0.03493449781659383	-0.02717127607957296	19023006.0
2022-01-10	-0.01496259351620951	0.0024937655860349482	0.004987531172069719	-0.02842892768079802	-0.01496259351620951	15714753.0
2022-01-11	-0.022784810126582244	0.002531645569620289	0.007088607594936737	-0.02987341772151898	-0.022784810126582244	15209984.0
2022-01-12	0.010362694300518097	0.007253886010362724	0.017098445595854835	-0.006735751295336736	0.010362694300518097	17916393.0
2022-01-13	-0.028717948717948652	-0.0020512820512820075	0.0	-0.04102564102564106	-0.028717948717948652	17416724.0
2022-01-14	-0.004223864836325334	0.0	0.021647307286166848	-0.010031678986272507	-0.004223864836325334	15100889.0
2022-01-17	0.013255567338282079	-0.005302226935312719	0.019618239660657528	-0.005302226935312719	0.013255567338282079	10897959.0
2022-01-18	0.004186289900575711	-0.005232862375719407	0.01936159079016227	-0.008372579801151237	0.004186289900575711	14120347.0
2022-01-19	-0.030224075039082948	0.0	0.007295466388743982	-0.03647733194372083	-0.030224075039082948	17101841.0
2022-01-20	-0.03815153143471257	0.005373455131649728	0.007522837184309542	-0.05373455131649651	-0.03815153143471257	35499875.0
2022-01-21	-0.005586592178770831	-0.014525139664804359	0.01117318435754206	-0.030726256983240066	-0.005586592178770831	19322062.0
2022-01-24	-0.012359550561797888	-0.005617977528089967	-0.0005617977528090765	-0.01853932584269673	-0.012359550561797888	9575431.0
2022-01-25	-0.004550625711035171	0.006825938566552958	0.02275312855517646	-0.026734926052332134	-0.004550625711035171	17759198.0
2022-01-26	-0.013142857142857168	-0.008000000000000033	-0.0005714285714286607	-0.02857142857142857	-0.013142857142857168	9623739.0
2022-01-27	-0.013896931094383233	-0.005211349160393738	0.00694846554719172	-0.015634047481181215	-0.013896931094383233	9504716.0
2022-01-28	0.005871990604814907	0.010569583088667041	0.022900763358778657	-0.016441573693482155	0.005871990604814907	9971075.0
2022-02-07	0.017513134851138396	0.017513134851138396	0.022183304144775397	0.006421482778750697	0.017513134851138396	9317479.0
2022-02-08	0.008032128514056257	-0.0017211703958692564	0.01090074584050495	-0.020080321285140645	0.008032128514056257	14497851.0
2022-02-09	0.014797951052931019	-0.003984063745019937	0.021058622652248206	-0.009675583380762761	0.014797951052931019	13270040.0
2022-02-10	0.000560852495793694	-0.0011217049915871887	0.008412787436904214	-0.009534492428491205	0.000560852495793694	7578594.0
2022-02-11	-0.01793721973094172	-0.0022421524663676653	-0.0022421524663676653	-0.021300448430493217	-0.01793721973094172	5929700.0
2022-02-14	0.0	-0.0011415525114155008	0.015981735159817417	-0.009703196347031859	0.0	9377500.0
2022-02-15	0.013127853881278564	-0.0068493150684932076	0.023401826484018274	-0.009132420091324209	0.013127853881278564	14712039.0
2022-02-16	-0.017464788732394293	-0.007887323943662004	-0.0056338028169014885	-0.022535211267605555	-0.017464788732394293	7523820.0
2022-02-17	-0.006880733944954185	-0.0028669724770642607	0.004013761467889924	-0.01720183486238536	-0.006880733944954185	9543628.0
2022-02-18	0.003464203233256277	-0.001732101616628241	0.003464203233256277	-0.010969976905311853	0.003464203233256277	6181632.0
2022-02-21	0.012658227848101406	0.0011507479861909997	0.019562715765247405	-0.0028768699654776013	0.012658227848101406	8779959.0
2022-02-22	0.0	0.01022727272727271	0.013636363636363547	-0.02500000000000007	0.0	13897432.0
2022-02-23	0.02045454545454542	-0.005681818181818262	0.027272727272727094	-0.006818181818181874	0.02045454545454542	14916085.0
2022-02-24	0.01503340757238305	-0.000556792873051312	0.04008908685968813	-0.011135857461024459	0.01503340757238305	23305290.0
2022-02-25	-0.005485463521667659	-0.012068019747668616	-0.0010970927043334928	-0.020844761382336752	-0.005485463521667659	10362577.0
2022-02-28	0.002757859900717083	0.005515719801434166	0.009376723662438042	-0.009376723662437848	0.002757859900717083	10588135.0
2022-03-01	0.05885588558855887	0.0	0.0621562156215621	-0.0044004400440043065	0.05885588558855887	31924950.0
2022-03-02	0.004155844155844067	-0.005714285714285685	0.010389610389610353	-0.01142857142857137	0.004155844155844067	16168787.0
2022-03-03	-0.019658561821003572	-0.005690636316606283	-0.0015519917227106873	-0.02741852043455756	-0.019658561821003572	13078715.0
2022-03-04	-0.0216358839050132	-0.005277044854881154	0.009498680738786265	-0.023746701846965663	-0.0216358839050132	10014054.0
2022-03-07	0.007011866235167344	0.0053937432578210045	0.02858683926645098	-0.023193096008629975	0.007011866235167344	18625563.0
2022-03-08	-0.02356722013926091	0.000535618639528549	0.025709694697375298	-0.02624531333690423	-0.02356722013926091	16486396.0
2022-03-09	-0.009325287986834982	0.009325287986834786	0.027975863960504554	-0.05430608886450916	-0.009325287986834982	19780569.0
2022-03-10	0.03875968992248078	0.016057585825027837	0.05094130675526034	0.010520487264673382	0.03875968992248078	14544444.0
2022-03-11	0.023454157782515868	-0.012793176972281555	0.023454157782515868	-0.030916844349680266	0.023454157782515868	16904301.0
2022-03-14	-0.002083333333333289	-0.01041666666666663	0.03072916666666666	-0.01874999999999997	-0.002083333333333289	21809171.0
2022-03-15	-0.03183716075156573	-0.002087682672233776	0.007306889352818401	-0.03340292275574116	-0.03183716075156573	19129781.0
2022-03-16	0.04043126684636118	0.01671159029649589	0.043126684636118635	-0.0474393530997304	0.04043126684636118	24228533.0
2022-03-17	-0.01761658031088082	-0.010362694300518097	0.028497409326424906	-0.03316062176165806	-0.01761658031088082	22507483.0
2022-03-18	-0.02953586497890307	-0.008438818565400852	-0.004746835443037967	-0.050632911392405104	-0.02953586497890307	15837946.0
2022-03-21	0.009782608695652159	0.00543478260869573	0.03695652173913042	-0.005978260869565187	0.009782608695652159	13788331.0
2022-03-22	0.004305705059203545	0.013455328310010766	0.022604951560818178	-0.019375672766415473	0.004305705059203545	10689207.0
2022-03-23	0.05037513397642022	-0.011254019292604547	0.06377277599142557	-0.01768488745980717	0.05037513397642022	27506299.0
2022-03-24	0.01836734693877548	-0.010204081632653206	0.034693877551020394	-0.015306122448979626	0.01836734693877548	33331764.0
2022-03-25	-0.001503006012024105	-0.001503006012024105	0.027054108216432823	-0.008016032064128263	-0.001503006012024105	20232686.0
2022-03-28	-0.0030105368790767045	-0.01003512293025586	0.010536879076768733	-0.029603612644254887	-0.0030105368790767045	14778326.0
2022-03-29	-0.0005032712632109493	0.0	0.03824861600402607	-0.007549068948163167	-0.0005032712632109493	18759628.0
2022-03-30	0.017623363544813767	-0.0030211480362537122	0.03222557905337364	-0.010574018126888261	0.017623363544813767	14812067.0
2022-03-31	-0.07125185551707082	-0.005442850074220655	-0.005442850074220655	-0.09995051954477979	-0.07125185551707082	36872471.0
2022-04-01	-0.023974427277570553	-0.013851891315929569	0.005327650506126874	-0.02663825253063399	-0.023974427277570553	20787428.0
2022-04-06	0.0218340611353711	0.0005458515283841709	0.03875545851528389	-0.01746724890829696	0.0218340611353711	17862817.0
2022-04-07	-0.016025641025640875	-0.005341880341880228	0.023504273504273573	-0.0192307692307692	-0.016025641025640875	12759894.0
2022-04-08	-0.03148751357220422	-0.01140065146579809	0.026058631921823932	-0.03637350705754624	-0.03148751357220422	15485600.0
2022-04-11	-0.04652466367712995	-0.005044843049327346	-0.005044843049327346	-0.04708520179372196	-0.04652466367712995	14556317.0
2022-04-12	0.0011757789535567062	-0.002351557907113621	0.0023515579071134124	-0.04761904761904775	0.0011757789535567062	16499794.0
2022-04-13	-0.043452730475631356	-0.005871990604815115	-0.004697592483852134	-0.045801526717557314	-0.043452730475631356	14493957.0
2022-04-14	0.0024554941682012983	0.006138735420503464	0.01780233271945974	-0.007980356046654329	0.0024554941682012983	11683144.0
2022-04-15	0.0006123698714024227	-0.00612369871402314	0.015309246785058177	-0.014696876913655755	0.0006123698714024227	9551370.0
2022-04-18	0.049571603427172505	-0.00673194614443081	0.05079559363525103	-0.01468788249693993	0.049571603427172505	15282446.0
2022-04-19	-0.00932944606413995	-0.001166180758017468	0.0017492711370263056	-0.021574344023323467	-0.00932944606413995	9326882.0
2022-04-20	0.0011771630370808197	0.0005885815185404099	0.026486168334314473	-0.005297233666862852	0.0011771630370808197	8728622.0
2022-04-21	-0.012345679012345729	-0.0064667842445621975	0.03938859494415039	-0.018812463256907715	-0.012345679012345729	14879668.0
2022-04-22	0.01726190476190471	-0.005952380952381037	0.030952380952380926	-0.01488095238095238	0.01726190476190471	11980356.0
2022-04-25	-0.09830310122878876	-0.011117612638970233	-0.011117612638970233	-0.10005851375073137	-0.09830310122878876	15195058.0
2022-04-26	-0.07787151200519139	0.0006489292667099148	0.008436080467229008	-0.08111615833874107	-0.07787151200519139	17449427.0
2022-04-27	0.0809289232934552	0.0	0.08796622097114708	-0.011259676284306835	0.0809289232934552	13981685.0
2022-04-28	0.022786458333333426	-0.013020833333333287	0.06770833333333329	-0.026041666666666574	0.022786458333333426	15714516.0
2022-04-29	0.08084022915340544	0.019732654360279996	0.08084022915340544	-0.006365372374283986	0.08084022915340544	18726989.0
2022-05-05	0.0541813898704357	-0.012367491166077788	0.07184923439340393	-0.015901060070671352	0.0541813898704357	19542365.0
2022-05-06	-0.030726256983240066	-0.023463687150837888	-0.005586592178770831	-0.04078212290502776	-0.030726256983240066	10441825.0
2022-05-09	0.06743515850144081	0.0011527377521613586	0.08069164265129675	-0.009798270893371855	0.06743515850144081	18900532.0
2022-05-10	-0.0005399568034556161	0.002699784017278656	0.01511879049676032	-0.01727861771058317	-0.0005399568034556161	16018201.0
2022-05-11	-0.011885467314965013	0.005402485143165741	0.014586709886547788	-0.015126958400864457	-0.011885467314965013	17059585.0
2022-05-12	0.03827227993439034	-0.0021869874248222607	0.03936577364680167	-0.012575177692728291	0.03827227993439034	17315231.0
2022-05-13	-0.00895208004212734	0.0	0.011058451816745701	-0.019483938915218404	-0.00895208004212734	15073369.0
2022-05-16	0.01062699256110517	0.01487778958554735	0.03347502656748135	0.0015940488841658415	0.01062699256110517	19387623.0
2022-05-17	0.013669821240799242	0.0031545741324920462	0.021030494216614203	-0.015247108307045171	0.013669821240799242	11542408.0
2022-05-18	0.025933609958506222	-0.005186721991701318	0.03526970954356845	-0.005186721991701318	0.025933609958506222	12241888.0
2022-05-19	-0.008088978766430745	-0.01516683518705767	-0.0015166835187058207	-0.021739130434782594	-0.008088978766430745	7032999.0
2022-05-20	-0.010703363914373131	0.008664627930682883	0.008664627930682883	-0.03109072375127418	-0.010703363914373131	15480269.0
2022-05-23	-0.003091190108191588	-0.005667181865018003	0.0	-0.03863987635239567	-0.003091190108191588	13672256.0
2022-05-24	-0.032041343669250696	0.0015503875968990999	0.023255813953488334	-0.04186046511627919	-0.032041343669250696	13185395.0
2022-05-25	0.0064068339562200205	-0.0064068339562200205	0.010678056593699909	-0.014949279231179986	0.0064068339562200205	9615564.0
2022-05-26	0.09283819628647214	0.002652519893899053	0.10026525198938975	-0.0015915119363395828	0.09283819628647214	68383231.0
2022-05-27	0.0	0.0	0.0	0.0	0.0	
2022-05-30	0.0	0.0	0.0	0.0	0.0	
2022-05-31	0.0	0.0	0.0	0.0	0.0	
2022-06-01	0.0	0.0	0.0	0.0	0.0	
2022-06-02	0.0	0.0	0.0	0.0	0.0	
2022-06-06	0.0	0.0	0.0	0.0	0.0	
2022-06-07	0.0	0.0	0.0	0.0	0.0	
2022-06-08	0.0	0.0	0.0	0.0	0.0	
2022-06-09	0.0	0.0	0.0	0.0	0.0	
2022-06-10	0.0	0.0	0.0	0.0	0.0	
2022-06-13	0.06359223300970868	0.09999999999999994	0.09999999999999994	0.029126213592232903	0.06359223300970868	191010673.0
2022-06-14	-0.09995435874030129	-0.06891830214513928	-0.06891830214513928	-0.09995435874030129	-0.09995435874030129	52340325.0
2022-06-15	-0.01622718052738338	-0.02789046653144002	0.05730223123732265	-0.02789046653144002	-0.01622718052738338	84877417.0
2022-06-16	-0.013402061855670002	-0.0030927835051545735	0.02731958762886604	-0.026288659793814333	-0.013402061855670002	53845145.0
2022-06-17	-0.00626959247648908	-0.0015673981191223164	0.005224660397074078	-0.030303030303030398	-0.00626959247648908	44914731.0
2022-06-20	-0.007360672975814961	-0.006834910620399527	0.005783385909568845	-0.015247108307045171	-0.007360672975814961	30069077.0
2022-06-21	0.007415254237288166	0.0	0.024894067796610297	-0.020127118644067746	0.007415254237288166	40834924.0
2022-06-22	-0.009989484752891761	-0.004731861198738163	0.00630914826498428	-0.015772870662460605	-0.009989484752891761	23693020.0
2022-06-23	0.04089219330855035	-0.009559214020180548	0.05629314922995233	-0.009559214020180548	0.04089219330855035	45335289.0
2022-06-24	0.005102040816326422	-0.001530612244898017	0.038265306122448974	-0.005102040816326603	0.005102040816326422	36871600.0
2022-06-27	-0.017766497461928828	0.0005076142131980489	0.00406091370558385	-0.01979695431472084	-0.017766497461928828	20022267.0
2022-06-28	0.027390180878552845	-0.0005167958656331557	0.04341085271317829	-0.003100775193798567	0.027390180878552845	25182180.0
2022-06-29	-0.027665995975855166	-0.0005030181086518114	0.005030181086519187	-0.028672032193158968	-0.027665995975855166	20941697.0
2022-06-30	0.0031039834454217423	0.0	0.014485256078634308	-0.0118986032074494	0.0031039834454217423	21599320.0
2022-07-01	-0.0268179473955647	-0.010830324909747335	0.005157297576070029	-0.03197524497163491	-0.0268179473955647	21623660.0
2022-07-04	0.06041335453100162	0.002649708532061511	0.07578166401695811	-0.008479067302596722	0.06041335453100162	40925878.0
2022-07-05	-0.007996001999000506	-0.005497251374312992	0.0	-0.023488255872064087	-0.007996001999000506	20067194.0
2022-07-06	-0.014105793450881669	0.0	0.014105793450881489	-0.028715365239294723	-0.014105793450881669	18887656.0
2022-07-07	-0.001021972406744996	0.004087889626979984	0.02452733776188045	-0.011241696474195139	-0.001021972406744996	23084762.0
2022-07-08	-0.02199488491048592	-0.005626598465473117	0.004603580562659839	-0.024040920716112656	-0.02199488491048592	18940799.0
2022-07-11	0.010983263598326218	0.0031380753138074645	0.018828451882845158	-0.019351464435146494	0.010983263598326218	16913897.0
2022-07-12	-0.017589239524055864	-0.006207966890843117	0.004138644593895595	-0.019658561821003572	-0.017589239524055864	12836935.0
2022-07-13	0.0005265929436546374	-0.006319115323854526	0.006319115323854713	-0.00895208004212734	0.0005265929436546374	10725091.0
2022-07-14	0.014210526315789451	0.0026315789473684583	0.023157894736842172	-0.004210526315789384	0.014210526315789451	16207889.0
2022-07-15	-0.021276595744680857	0.0	0.011935651271406354	-0.02179553710430712	-0.021276595744680857	15184914.0
2022-07-18	0.006362672322375451	-0.0042417815482501744	0.012195121951219535	-0.014316012725344622	0.006362672322375451	12496065.0
2022-07-19	-0.0010537407797681546	-0.0005268703898841709	0.016332982086406676	-0.008956796628029595	-0.0010537407797681546	11121930.0
2022-07-20	0.04588607594936695	0.0063291139240504975	0.05168776371308019	0.002637130801687801	0.04588607594936695	31384842.0
2022-07-21	-0.023197175995965574	0.03832576903681299	0.03832576903681299	-0.02622289460413513	-0.023197175995965574	27830489.0
2022-07-22	-0.00929272070211666	0.0	0.007227671657201887	-0.02168301497160566	-0.00929272070211666	17091788.0
2022-07-25	-0.011985409067222534	0.004689942678478366	0.027097446586763916	-0.020323084940072983	-0.011985409067222534	21759787.0
2022-07-26	0.00580168776371305	-0.004746835443037967	0.012130801687763735	-0.008438818565400852	0.00580168776371305	11663311.0
2022-07-27	-0.0020975353959097613	-0.004195070791819709	0.013109596224436287	-0.007865757734661697	-0.0020975353959097613	14305785.0
2022-07-28	0.0036784025223331727	0.0010509721492380228	0.008407777193904368	-0.004203888596952278	0.0036784025223331727	15386815.0
2022-07-29	0.006806282722513037	-0.0020942408376964762	0.007329842931937016	-0.01518324607329857	0.006806282722513037	19665396.0
2022-08-01	-0.010400416016640629	0.0020800832033280887	0.014040561622464877	-0.017160686427457193	-0.010400416016640629	17306269.0
2022-08-02	-0.013662637940094669	0.005254860746190113	0.018917498686284784	-0.021019442984761015	-0.013662637940094669	20001846.0
2022-08-03	0.02344166222695798	0.0015982951518381	0.041555673947789085	-0.019712306872669207	0.02344166222695798	36129834.0
2022-08-04	-0.010411244143675131	-0.003643935450286324	-0.003643935450286324	-0.026028110359187923	-0.010411244143675131	20076786.0
2022-08-05	-0.002630194634402983	-0.002630194634402983	0.005260389268805779	-0.012098895318253573	-0.002630194634402983	14332572.0
2022-08-08	0.002637130801687801	0.0	0.010021097046413381	-0.0068565400843883205	0.002637130801687801	14423673.0
2022-08-09	0.018411362440820506	-0.0021041557075224984	0.0231457127827458	-0.008416622830089433	0.018411362440820506	24031973.0
2022-08-10	0.003615702479338858	-0.008780991735537095	0.019628099173553668	-0.010330578512396658	0.003615702479338858	24233920.0
2022-08-11	0.0025733401955738916	0.00308800823468856	0.007720020586721492	-0.011322696860524903	0.0025733401955738916	16938563.0
2022-08-12	-0.01129363449691986	-0.004106776180698247	0.0035934291581108976	-0.012320328542094557	-0.01129363449691986	15624621.0
2022-08-15	0.006749740394600155	-0.0005192107995847124	0.016614745586708033	-0.003115264797507906	0.006749740394600155	16719137.0
2022-08-16	-0.012377514182568437	0.0	0.007220216606498224	-0.01650335224342446	-0.012377514182568437	16992012.0
2022-08-17	-0.0073107049608353535	-0.0020887728459529583	-0.0015665796344646258	-0.016187989556135703	-0.0073107049608353535	12709338.0
2022-08-18	-0.0047343503419252945	-0.0005260389268806713	0.0021041557075223115	-0.007890583903208948	-0.0047343503419252945	10187785.0
2022-08-19	-0.010570824524313046	-0.0015856236786469945	0.0036997885835093405	-0.012156448202959852	-0.010570824524313046	12778668.0
2022-08-22	0.006410256410256464	-0.003205128205128137	0.0192307692307692	-0.010149572649572529	0.006410256410256464	11429097.0
2022-08-23	-0.00955414012738852	-0.0031847133757961104	-0.0026539278131635195	-0.016454352441613522	-0.00955414012738852	13073136.0
2022-08-24	-0.016077170418006468	-0.0032154340836012176	0.0005359056806002982	-0.036441586280814564	-0.016077170418006468	25405002.0
2022-08-25	0.01307189542483671	-0.0032679738562090806	0.01525054466230943	-0.007625272331154715	0.01307189542483671	15147763.0
2022-08-26	-0.005376344086021581	-0.010752688172043163	0.0064516129032256685	-0.010752688172043163	-0.005376344086021581	10611981.0
2022-08-29	0.0016216216216216831	-0.005945945945945916	0.007567567567567599	-0.010270270270270339	0.0016216216216216831	6978718.0
2022-08-30	-0.001618996222342209	0.0005396654074472752	0.0010793308148947423	-0.0064759848893686444	-0.001618996222342209	4524341.0
2022-08-31	0.0037837837837837993	0.0010810810810810581	0.011891891891891831	-0.0070270270270269735	0.0037837837837837993	11706139.0
2022-09-01	-0.014539579967689798	-0.01292407108239106	-0.0016155088852989304	-0.019386106623586398	-0.014539579967689798	12253847.0
2022-09-02	-0.0005464480874317794	0.0	0.006557377049180382	-0.007103825136611968	-0.0005464480874317794	6829446.0
2022-09-05	-0.004920721705850184	-0.0010934937124111304	-0.000546746856205468	-0.013121924548933758	-0.004920721705850184	8826328.0
2022-09-06	0.005494505494505573	0.002197802197802151	0.019230769230769308	-0.005494505494505378	0.005494505494505573	10707879.0
2022-09-07	-0.0005464480874317794	-0.0027322404371585085	0.004371584699453458	-0.007103825136611968	-0.0005464480874317794	8206206.0
2022-09-08	0.02460360852925092	0.0	0.029524330235101103	-0.002733734281027923	0.02460360852925092	22019811.0
2022-09-09	0.004802561366061892	0.00853788687299894	0.03255069370330859	-0.001600853788687171	0.004802561366061892	20675622.0
2022-09-13	0.04354753053637814	0.005841741901221614	0.059479553903345785	0.003186404673393642	0.04354753053637814	44419372.0
2022-09-14	-0.001017811704834584	-0.006615776081424886	0.0101781170483462	-0.016793893129770907	-0.001017811704834584	26640262.0
2022-09-15	-0.016301579215486514	0.0035659704533876867	0.005094243504839604	-0.031074885379521112	-0.016301579215486514	17459449.0
2022-09-16	0.004142931123770163	-0.005178663904712474	0.03832211289487323	-0.005178663904712474	0.004142931123770163	27094706.0
2022-09-19	-0.009283135636926235	0.004641567818463118	0.011346054667354248	-0.02320783909231559	-0.009283135636926235	16751070.0
2022-09-20	-0.004685059864653818	0.009890681936491293	0.01509630400832895	-0.014575741801145296	-0.004685059864653818	11315413.0
2022-09-21	-0.001569037656903825	-0.007322175732217603	0.012552301255230044	-0.028242677824267922	-0.001569037656903825	18691804.0
2022-09-22	0.016762702985856484	-0.007857517024620146	0.028810895756940843	-0.01257202723939227	0.016762702985856484	18632458.0
2022-09-23	0.0	0.0	0.025244719216898425	-0.013395157135497247	0.0	16391649.0
2022-09-26	-0.02369912416280272	-0.005151983513652829	0.003606388459556944	-0.03091190108191661	-0.02369912416280272	14751488.0
2022-09-27	-0.001055408970976231	0.0	0.006860158311345594	-0.013720316622691188	-0.001055408970976231	10113577.0
2022-09-28	-0.006867406233491759	0.01954569466455367	0.044902271526677306	-0.00950871632329634	-0.006867406233491759	17971898.0
2022-09-29	-0.0010638297872340198	0.007978723404255244	0.03723404255319145	-0.010106382978723473	-0.0010638297872340198	15085027.0
2022-09-30	-0.017039403620873285	0.0021299254526091133	0.004792332268370599	-0.025559105431309924	-0.017039403620873285	11869883.0
2022-10-10	0.0021668472372697264	0.006500541711809179	0.01841820151679306	-0.013001083423618743	0.0021668472372697264	12106132.0
2022-10-11	-0.000540540540540625	-0.004864864864864857	0.0037837837837837993	-0.013513513513513514	-0.000540540540540625	8340056.0
2022-10-12	0.007571660356949734	0.0005408328826393491	0.0113574905354246	-0.01406165494862077	0.007571660356949734	13902380.0
2022-10-13	0.0032206119162642125	-0.006441223832528043	0.015566290928609915	-0.011272141706924171	0.0032206119162642125	12967231.0
2022-10-14	0.004815409309791324	0.005885500267522709	0.015516318887105357	-0.004815409309791324	0.004815409309791324	15458033.0
2022-10-17	0.027156549520766664	-0.004259850905218416	0.030883919062832707	-0.004792332268370599	0.027156549520766664	20896423.0
2022-10-18	0.008294453084499748	0.0	0.016588906168999495	-0.00881285640228088	0.008294453084499748	21876413.0
2022-10-19	-0.008740359897172142	0.0025706940874036356	0.005141388174807271	-0.018508997429305885	-0.008740359897172142	14742094.0
2022-10-20	0.002593360995850475	-0.00985477178423243	0.01711618257261402	-0.012966804979253111	0.002593360995850475	21857555.0
2022-10-21	-0.010863942058975546	0.0005173305742370183	0.004655975168132613	-0.03517847904811173	-0.010863942058975546	22171911.0
2022-10-24	0.028242677824267735	0.004707112970711289	0.0387029288702928	-0.001569037656903825	0.028242677824267735	38841843.0
2022-10-25	-0.02339776195320452	-0.005595116988809737	-0.0005086469989827855	-0.028992878942014258	-0.02339776195320452	25520800.0
2022-10-26	-0.005208333333333223	-0.0005208333333332298	0.005729166666666638	-0.020312500000000032	-0.005208333333333223	32130797.0
2022-10-27	0.013612565445026073	0.0005235602094239795	0.026178010471204185	-0.01151832460732997	0.013612565445026073	27038813.0
2022-10-28	-0.03150826446280989	-0.008264462809917363	0.0010330578512396473	-0.03150826446280989	-0.03150826446280989	17309502.0
2022-10-31	-0.014933333333333394	-0.010666666666666628	0.010666666666666628	-0.06133333333333326	-0.014933333333333394	25411564.0
2022-11-01	0.001624255549539856	-0.002165674066053013	0.004331348132106218	-0.020573903627504008	0.001624255549539856	17619585.0
2022-11-02	-0.017837837837837746	-0.0043243243243242325	-0.003243243243243174	-0.02702702702702703	-0.017837837837837746	31280401.0
2022-11-03	-0.013208585580627517	-0.007154650522839986	-0.000550357732526228	-0.024766097963676542	-0.013208585580627517	23054841.0
2022-11-04	0.0039040713887339815	-0.0044617958728387225	0.005577244841048602	-0.011154489682097004	0.0039040713887339815	28525968.0
2022-11-07	-0.009999999999999985	0.002222222222222175	0.0033333333333332624	-0.01555555555555562	-0.009999999999999985	22095721.0
2022-11-08	0.005050505050505042	0.0	0.010662177328844067	-0.00448933782267126	0.005050505050505042	17413246.0
2022-11-09	0.000558347292015721	0.0128419877163596	0.0128419877163596	-0.004466778336125173	0.000558347292015721	12888140.0
2022-11-10	-0.010602678571428641	-0.003906250000000016	-0.002790178571428611	-0.016741071428571466	-0.010602678571428641	12084729.0
2022-11-11	0.014664410603496785	0.010152284263959374	0.019176536943034398	0.0011280315848843528	0.014664410603496785	18927789.0
2022-11-14	0.011673151750972811	0.0016675931072818865	0.014452473596442555	-0.008337965536409038	0.011673151750972811	17865643.0
2022-11-15	-0.0027472527472527865	-0.005494505494505378	0.002197802197802151	-0.0087912087912088	-0.0027472527472527865	14993574.0
2022-11-16	0.001652892561983534	0.0022038567493114438	0.01322314049586788	-0.0016528925619833381	0.001652892561983534	14025947.0
2022-11-17	-0.006050605060506019	-0.0016501650165017126	-0.0016501650165017126	-0.020352035203520406	-0.006050605060506019	11681712.0
2022-11-18	-0.011621472053126776	-0.0016602102933038815	0.0016602102933038815	-0.01992252351964579	-0.011621472053126776	14253319.0
2022-11-21	-0.0011198208286673894	-0.005599104143336947	0.004479283314669756	-0.008958566629339314	-0.0011198208286673894	6424265.0
2022-11-22	-0.0016816143497758486	-0.0044843049327353305	0.01681614349775789	-0.0044843049327353305	-0.0016816143497758486	12605254.0
2022-11-23	0.003368893879842913	-0.0005614823133070192	0.003368893879842913	-0.006737787759685427	0.003368893879842913	7475556.0
2022-11-24	-0.001119194180190239	-0.001678791270285458	0.004476776720760956	-0.005595970900951395	-0.001119194180190239	7032072.0
2022-11-25	-0.0033613445378152533	0.0	0.0011204481792716848	-0.007843137254901992	-0.0033613445378152533	4866940.0
2022-11-28	-0.006183249016301262	-0.007869589657110768	-0.006183249016301262	-0.026981450252951122	-0.006183249016301262	11601734.0
2022-11-29	0.003959276018099564	-0.0016968325791855846	0.006787330316742138	-0.003959276018099564	0.003959276018099564	7349557.0
2022-11-30	0.003943661971831002	0.0028169014084507443	0.011830985915493007	0.0028169014084507443	0.003943661971831002	10317590.0
2022-12-01	0.00224466891133553	0.0016835016835017472	0.00673400673400679	0.001122334455667765	0.00224466891133553	7230022.0
2022-12-02	-0.006159014557670741	0.002799552071668573	0.002799552071668573	-0.012318029115341482	-0.006159014557670741	8704756.0
2022-12-05	0.011830985915493007	0.003943661971831002	0.016901408450704265	-0.0028169014084507443	0.011830985915493007	17062674.0
2022-12-06	-0.0022271714922048524	-0.000556792873051312	0.005567928730512131	-0.008351893095768493	-0.0022271714922048524	12586950.0
2022-12-07	-0.0011160714285716028	-0.006696428571428627	0.0	-0.012276785714285848	-0.0011160714285716028	10446402.0
2022-12-08	-0.0005586592178769839	-0.0005586592178769839	0.002234636871508531	-0.007821229050279163	-0.0005586592178769839	7789000.0
2022-12-09	-0.014533258803801094	0.0005589714924537736	0.0033538289547232376	-0.01788708775852433	-0.014533258803801094	14216614.0
2022-12-12	0.01077708451503127	0.003403289846852086	0.02041973908111171	-0.014747589336358368	0.01077708451503127	14568867.0
2022-12-13	-0.006172839506172808	-0.0005611672278339823	-0.0005611672278339823	-0.015151515151515128	-0.006172839506172808	9515250.0
2022-12-14	-0.03105590062111805	-0.0005646527385658703	0.0028232636928289504	-0.04178430265386798	-0.03105590062111805	24138398.0
2022-12-15	-0.003496503496503422	0.0	0.011072261072261147	-0.006410256410256377	-0.003496503496503422	10874854.0
2022-12-16	0.012280701754385805	-0.005847953216374352	0.013450292397660634	-0.017543859649122848	0.012280701754385805	7818904.0
2022-12-19	-0.010976314269208419	-0.004043905257076851	0.004043905257076851	-0.020797227036395118	-0.010976314269208419	7328680.0
2022-12-20	0.0035046728971961866	0.0	0.005841121495326978	-0.012850467289719766	0.0035046728971961866	7987711.0
2022-12-21	0.0	0.0	0.0	0.0	0.0	
2022-12-22	-0.05529685681024443	0.0011641443538998588	0.0017462165308498915	-0.08498253783469145	-0.05529685681024443	22980862.0
2022-12-23	-0.010474430067775828	-0.006161429451632866	-0.0024645717806530587	-0.029574861367837362	-0.010474430067775828	12295052.0
2022-12-26	0.005603985056039842	-0.008717310087173026	0.008717310087173137	-0.008717310087173026	0.005603985056039842	8783180.0
2022-12-27	-0.011145510835913187	-0.0030959752321979665	-0.0006191950464395054	-0.01609907120743022	-0.011145510835913187	10563510.0
2022-12-28	-0.016280525986224155	0.000626174076393224	0.0031308703819661198	-0.02442078897933629	-0.016280525986224155	9637896.0
2022-12-29	0.008911521323997376	-0.0019096117122852408	0.019732654360279996	-0.007638446849140738	0.008911521323997376	12121515.0
2022-12-30	0.007570977917981135	0.0031545741324921586	0.016403785488958978	0.0006309148264984093	0.007570977917981135	7174992.0
2023-01-03	0.023794614902943066	0.009392611145898582	0.031308703819661755	0.001252348152786448	0.023794614902943066	10028143.0
2023-01-04	0.000611620795106912	-0.007951070336391593	0.003669724770642123	-0.007951070336391593	0.000611620795106912	7725614.0
2023-01-05	0.004278728606356985	-0.0006112469437651596	0.007946210268948595	-0.006112469437652682	0.004278728606356985	6237927.0
2023-01-06	0.004260499087035927	-0.0006086427267192946	0.013390139987827076	-0.004869141813755222	0.004260499087035927	9142988.0
2023-01-09	-0.01939393939393941	0.0012121212121211863	0.0018181818181818871	-0.020606060606060597	-0.01939393939393941	10193570.0
2023-01-10	-0.00803461063040785	0.0012360939431396523	0.004326328800988893	-0.011742892459826916	-0.00803461063040785	5951727.0
2023-01-11	0.0024922118380061773	-0.0012461059190030886	0.0074766355140187535	-0.008099688473520298	0.0024922118380061773	7368900.0
2023-01-12	0.006836544437538809	0.019888129272840293	0.030453697949036573	0.003107520198881337	0.006836544437538809	11876785.0
2023-01-13	0.00925925925925939	0.0043209876543210055	0.012962962962963016	-0.008641975308642011	0.00925925925925939	7722326.0
2023-01-16	0.015290519877675839	0.001834862385320953	0.033639143730886674	-0.0012232415902142585	0.015290519877675839	17666410.0
2023-01-17	-0.007228915662650662	-0.001807228915662719	0.010240963855421574	-0.009638554216867478	-0.007228915662650662	10154926.0
2023-01-18	0.0012135922330096828	0.0	0.0036407766990290487	-0.0036407766990290487	0.0012135922330096828	5813216.0
2023-01-19	0.004848484848484745	-0.0006060606060607008	0.0060606060606061465	-0.007878787878787818	0.004848484848484745	6819410.0
2023-01-20	0.00904704463208698	0.0024125452352233233	0.010253317249698536	0.0	0.00904704463208698	7525600.0
2023-01-30	0.02092050209205008	0.01912731619844592	0.037656903765690315	0.004184100418410059	0.02092050209205008	25741708.0
2023-01-31	0.05269320843091348	0.008196721311475443	0.08138173302107732	0.0011709601873538132	0.05269320843091348	47924378.0
2023-02-01	-0.003893214682981106	0.0011123470522802878	0.004449388209121151	-0.017797552836484997	-0.003893214682981106	30186284.0
2023-02-02	-0.017867113344500293	0.006141820212171939	0.007258514796203183	-0.023450586264656712	-0.017867113344500293	26881395.0
2023-02-03	0.011938601478112612	-0.0005685048322911633	0.014781125639568026	-0.013644115974985698	0.011938601478112612	21815681.0
2023-02-06	0.002247191011235907	0.003932584269662937	0.010674157303370659	-0.005056179775280891	0.002247191011235907	29424315.0
2023-02-07	0.01345291479820619	0.0011210762331838326	0.026345291479820565	-0.007286995515695012	0.01345291479820619	37678186.0
2023-02-08	0.0	0.0	0.0	0.0	0.0	
2023-02-09	0.0	0.0	0.0	0.0	0.0	
2023-02-10	0.0	0.0	0.0	0.0	0.0	
2023-02-13	0.0	0.0	0.0	0.0	0.0	
2023-02-14	0.0	0.0	0.0	0.0	0.0	
2023-02-15	0.0	0.0	0.0	0.0	0.0	
2023-02-16	0.0	0.0	0.0	0.0	0.0	
2023-02-17	-0.017699115044247607	0.05088495575221249	0.05088495575221249	-0.02654867256637151	-0.017699115044247607	52467278.0
2023-02-20	-0.02702702702702705	-0.014639639639639726	-0.014639639639639726	-0.05123873873873874	-0.02702702702702705	26255254.0
2023-02-21	0.004050925925925942	-0.004629629629629736	0.015046296296296181	-0.011574074074074238	0.004050925925925942	23147178.0
2023-02-22	-0.004034582132564858	-0.002881844380403499	0.0	-0.011527377521613995	-0.004034582132564858	14109599.0
2023-02-23	-0.010416666666666649	0.002893518518518354	0.003472222222222148	-0.015624999999999974	-0.010416666666666649	15707683.0
2023-02-24	0.004093567251462004	0.0	0.012865497076023325	-0.005263157894736833	0.004093567251462004	13671370.0
2023-02-27	-0.0034944670937683323	-0.004659289458357707	0.006988934187536251	-0.008153756552125833	-0.0034944670937683323	11414807.0
2023-02-28	0.005844535359439008	0.004675628287551248	0.0064289888953827845	-0.0011689070718877601	0.005844535359439008	8722767.0
2023-03-01	0.0	0.0	0.001743172574084694	-0.005229517722254494	0.0	13023035.0
2023-03-02	0.016269610691458315	0.0	0.022080185938407843	-0.0017431725740849004	0.016269610691458315	21370852.0
2023-03-03	0.02630074328187541	0.0062893081761008	0.0320182961692397	-0.008004574042309722	0.02630074328187541	31188761.0
2023-03-06	0.005013927576601664	0.0027855153203343017	0.012256267409470887	-0.005013927576601664	0.005013927576601664	24709467.0
2023-03-07	-0.0243902439024389	-0.0027716186252772015	-0.0027716186252772015	-0.027161862527716102	-0.0243902439024389	20699320.0
2023-03-08	0.015340909090909065	-0.001704545454545519	0.021590909090909032	-0.005681818181818262	0.015340909090909065	16392917.0
2023-03-09	-0.005595970900951395	0.0	0.004476776720760956	-0.013430330162283267	-0.005595970900951395	10983728.0
2023-03-10	-0.005064715813168253	-0.010129431626336506	0.0056274620146314815	-0.010692177827799734	-0.005064715813168253	10373883.0
2023-03-13	-0.0045248868778279576	0.0011312217194569894	0.007352941176470532	-0.01527149321266966	-0.0045248868778279576	11696671.0
2023-03-14	0.007954545454545284	0.0	0.019886363636363515	-0.009090909090909097	0.007954545454545284	16268058.0
2023-03-15	-0.01296505073280704	-0.004509582863585023	0.0011273957158964558	-0.01578354002254778	-0.01296505073280704	17055178.0
2023-03-16	0.0028555111364932696	-0.006853226727584294	0.03826384922901188	-0.014848657909765936	0.0028555111364932696	25843465.0
2023-03-17	0.021070615034168624	0.01480637813211854	0.03302961275626434	-0.006264236902050082	0.021070615034168624	30901518.0
2023-03-20	-0.019520356943669905	0.0	0.0	-0.02342442833240369	-0.019520356943669905	19785655.0
2023-03-21	0.02104664391353817	0.017064846416382295	0.02957906712172942	0.011376564277588331	0.02104664391353817	26730568.0
2023-03-22	0.020612813370473593	0.0005571030640669395	0.022284122562674213	-0.008356545961002706	0.020612813370473593	33374940.0
2023-03-23	-0.0016375545851529004	-0.006550218340611408	0.00873362445414848	-0.012008733624454086	-0.0016375545851529004	21607034.0
2023-03-24	-0.010388190267905835	-0.0032804811372333913	-0.0032804811372333913	-0.021323127392017527	-0.010388190267905835	19295185.0
2023-03-27	-0.020441988950276296	-0.0038674033149171424	-0.0016574585635359743	-0.028176795580110582	-0.020441988950276296	21958503.0
2023-03-28	-0.007332205301748392	-0.0005640157924422766	0.0022560631697687056	-0.012972363226170356	-0.007332205301748392	13674181.0
2023-03-29	-0.001136363636363814	-0.001136363636363814	0.003409090909090836	-0.01022727272727271	-0.001136363636363814	10307232.0
2023-03-30	-0.001706484641638088	0.00170648464163829	0.00341296928327658	-0.017064846416382094	-0.001706484641638088	15359271.0
2023-03-31	-0.001709401709401774	-0.0022792022792022305	0.0022792022792022305	-0.011396011396011355	-0.001709401709401774	10197560.0
2023-04-03	0.009132420091324209	-0.004566210045662003	0.014269406392694065	-0.004566210045662003	0.009132420091324209	13938635.0
2023-04-04	0.008484162895927521	0.0	0.01527149321266966	-0.005090497737556553	0.008484162895927521	14615629.0
2023-04-06	-0.003925967470555061	-0.0016825574873806834	-0.0016825574873806834	-0.012338754907459275	-0.003925967470555061	11885124.0
2023-04-07	-0.014639639639639726	-0.003378378378378506	-0.001126126126126302	-0.017454954954955082	-0.014639639639639726	15276344.0
2023-04-10	-0.0040000000000000166	0.0	0.005714285714285796	-0.008000000000000033	-0.0040000000000000166	9823780.0
2023-04-11	-0.003442340791738309	-0.0011474469305794363	-0.0011474469305794363	-0.013195639701663823	-0.003442340791738309	9777429.0
2023-04-12	-0.009211283822682794	-0.0017271157167530879	0.004605641911341295	-0.017271157167530263	-0.009211283822682794	14059711.0
2023-04-13	0.0023242300987797297	0.001743172574084694	0.0075537478210342245	-0.0034863451481698007	0.0023242300987797297	9663666.0
2023-04-14	0.01275362318840573	0.0	0.014492753623188406	-0.005217391304347818	0.01275362318840573	15065768.0
2023-04-17	-0.002289639381797318	-0.005724098454493296	0.001144819690898659	-0.014310246136233544	-0.002289639381797318	14369868.0
2023-04-18	0.0074584050487664375	-0.0074584050487664375	0.02122776821572008	-0.008605851979345875	0.0074584050487664375	19630424.0
2023-04-19	-0.0791571753986331	-0.0558086560364465	-0.048405466970387126	-0.08029612756264239	-0.0791571753986331	133729699.0
2023-04-20	-0.011131725417439795	0.0030921459492886305	0.006802721088435338	-0.02164502164502173	-0.011131725417439795	63629963.0
2023-04-21	-0.003126954346466586	-0.000625390869293295	0.011257035647279643	-0.010631644777986237	-0.003126954346466586	45892996.0
2023-04-24	-0.01944792973651184	0.0	0.0006273525721455324	-0.02885821831869505	-0.01944792973651184	46218883.0
2023-04-25	-0.023672424824056366	-0.0006397952655151351	0.00447856685860515	-0.025591810620601427	-0.023672424824056366	37044353.0
2023-04-26	0.002621231979030205	-0.004587155963302771	0.009829619921363063	-0.0072083879423328594	0.002621231979030205	29625657.0
2023-04-27	-0.0019607843137255643	-0.0019607843137255643	0.009150326797385542	-0.008496732026143842	-0.0019607843137255643	29430860.0
2023-04-28	0.0013097576948264292	0.0006548788474132146	0.01440733464309107	-0.001964636542239644	0.0013097576948264292	41643258.0
2023-05-04	-0.005886200130804439	-0.0006540222367560358	0.009156311314584734	-0.011772400261608877	-0.005886200130804439	48645944.0
2023-05-05	-0.017105263157894724	0.0	0.0046052631578947555	-0.02039473684210518	-0.017105263157894724	39582489.0
2023-05-08	0.03078982597054892	0.0020080321285141324	0.037483266398929085	-0.0006693440428380045	0.03078982597054892	68570332.0
2023-05-09	0.005194805194805199	0.003896103896103928	0.024025974025973975	-0.001298701298701271	0.005194805194805199	62184706.0
2023-05-10	-0.0045219638242894235	-0.0019379844961241045	-0.0019379844961241045	-0.012273901808785612	-0.0045219638242894235	27725621.0
2023-05-11	0.009085009733939038	0.0	0.014925373134328386	-0.0019467878001297443	0.009085009733939038	28738083.0
2023-05-12	-0.022508038585209094	0.0006430868167202435	0.0032154340836012176	-0.02572347266881031	-0.022508038585209094	25941643.0
2023-05-15	0.011184210526315786	-0.005921052631578938	0.013157894736842176	-0.010526315789473694	0.011184210526315786	24573094.0
2023-05-16	-0.0013012361743656197	0.0032530904359141647	0.012361743656473734	-0.0019518542615484294	-0.0013012361743656197	21940557.0
2023-05-17	0.0208469055374593	0.0	0.02149837133550489	-0.004560260586319237	0.0208469055374593	39340040.0
2023-05-18	-0.008296107211231703	0.000638162093171652	0.0025526483726867216	-0.01340140395660492	-0.008296107211231703	26605374.0
2023-05-19	-0.013513513513513455	-0.0019305019305018896	-0.0012870012870012596	-0.01866151866151861	-0.013513513513513455	38632824.0
2023-05-22	-0.002609262883235546	0.0013046314416177152	0.003913894324853262	-0.007827788649706407	-0.002609262883235546	18791972.0
2023-05-23	-0.016350555918901243	-0.0006540222367560358	-0.0006540222367560358	-0.019620667102681424	-0.016350555918901243	32753943.0
2023-05-24	-0.013962765957446747	-0.003989361702127575	-0.0019946808510637876	-0.024601063829787183	-0.013962765957446747	35677952.0
2023-05-25	-0.004045853000674342	-0.004045853000674342	0.0060687795010114535	-0.012137559002022907	-0.004045853000674342	26694557.0
2023-05-26	0.006770480704129969	0.0013540961408259698	0.00947867298578203	-0.012186865267433969	0.006770480704129969	24414355.0
2023-05-29	0.010087424344317442	0.018829858776059256	0.0248823133826497	0.007397444519166188	0.010087424344317442	41856785.0
2023-05-30	-0.005326231691078567	-0.0026631158455392243	-0.0013315579227696122	-0.023968042609853493	-0.005326231691078567	29665500.0
2023-05-31	-0.0073627844712181685	-0.0060240963855421594	0.007362784471218287	-0.009370816599732181	-0.0073627844712181685	21917579.0
2023-06-01	0.0013486176668914074	-0.0006743088334457037	0.012137559002022907	-0.013486176668914315	0.0013486176668914074	29315601.0
2023-06-02	0.004040404040404074	-0.0020202020202019773	0.005387205387205392	-0.002693602693602636	0.004040404040404074	18615908.0
2023-06-05	-0.004694835680751193	0.002012072434607603	0.0026827632461434705	-0.011401743796109988	-0.004694835680751193	24698939.0
2023-06-06	-0.03369272237196765	-0.004043126684636152	-0.002021563342318016	-0.03369272237196765	-0.03369272237196765	36813658.0
2023-06-07	-0.01046025104602513	-0.0006973500697349921	0.0034867503486750843	-0.011854951185495113	-0.01046025104602513	26276547.0
2023-06-08	-0.007047216349541906	-0.000704721634954178	0.0021141649048626596	-0.00916138125440444	-0.007047216349541906	25214552.0
2023-06-09	0.012775017743080179	0.0014194464158977696	0.017743080198722498	-0.0014194464158977696	0.012775017743080179	26754865.0
2023-06-12	-0.0007007708479327111	0.0	0.0077084793272600705	-0.007708479327259946	-0.0007007708479327111	16324118.0
2023-06-13	0.009116409537166956	0.0007012622720897466	0.01051893408134645	0.0	0.009116409537166956	16312433.0
2023-06-14	-0.00764419735927736	0.0	0.002084781097984667	-0.008339124391938915	-0.00764419735927736	16502149.0
2023-06-15	0.005602240896358549	0.0	0.007002801120448279	-0.008403361344537761	0.005602240896358549	22456948.0
2023-06-16	0.027158774373259094	0.0006963788300835506	0.032729805013927624	0.0006963788300835506	0.027158774373259094	44961673.0
2023-06-19	0.011525423728813555	-0.0013559322033898015	0.022372881355932208	-0.004745762711864426	0.011525423728813555	38988595.0
2023-06-20	0.017426273458445028	-0.0033512064343164017	0.026809651474530856	-0.006702412868632684	0.017426273458445028	51796633.0
2023-06-21	-0.005928853754940702	-0.0026350461133069266	0.0032938076416337753	-0.01515151515151518	-0.005928853754940702	30732071.0
2023-06-26	-0.0006626905235254995	-0.0046388336646786136	0.0019880715705764985	-0.013916500994035724	-0.0006626905235254995	28013843.0
2023-06-27	-0.008620689655172466	-0.0033156498673740523	-0.0026525198938992657	-0.00994694960212204	-0.008620689655172466	23603721.0
2023-06-28	0.008026755852842876	-0.0013377926421404398	0.014715719063545194	-0.010033444816053417	0.008026755852842876	27699921.0
2023-06-29	-0.006635700066356977	0.0	0.009289980092899839	-0.007962840079628466	-0.006635700066356977	24121558.0
2023-06-30	0.014028056112224387	0.0006680026720106738	0.02204408817635271	-0.0006680026720106738	0.014028056112224387	36068812.0
2023-07-03	0.007246376811594166	0.0006587615283267317	0.011198945981554673	-0.003952569169960507	0.007246376811594166	31645755.0
2023-07-04	0.000654022236756152	-0.0019620667102681075	0.003924133420536331	-0.003270111183780179	0.000654022236756152	25344809.0
2023-07-05	-0.013071895424836671	-0.0006535947712419322	0.0013071895424836323	-0.014379084967320302	-0.013071895424836671	23920372.0
2023-07-06	-0.0033112582781456247	0.004635761589403992	0.011920529801324485	-0.0033112582781456247	-0.0033112582781456247	27204761.0
2023-07-07	0.0	0.0	0.005315614617940204	-0.008637873754152875	0.0	17929232.0
2023-07-10	0.0059800664451827145	0.001993355481727532	0.019933554817275677	0.001993355481727532	0.0059800664451827145	19397309.0
2023-07-11	0.003963011889035583	0.0006605019815059304	0.0072655217965653515	-0.0006605019815059304	0.003963011889035583	13826232.0
2023-07-12	-0.007894736842105211	0.0013157894736842994	0.001973684210526391	-0.009210526315789395	-0.007894736842105211	16938672.0
2023-07-13	0.004641909814323626	-0.0013262599469495739	0.006631299734747987	-0.0019893899204243607	0.004641909814323626	13731786.0
2023-07-14	-0.005940594059405931	-0.0019801980198020552	0.001980198019801938	-0.006600660066006577	-0.005940594059405931	15275983.0
2023-07-17	-0.0006640106241699726	0.0	0.0033200531208498626	-0.007968127490039906	-0.0006640106241699726	14203491.0
2023-07-18	0.03920265780730896	0.01661129568106312	0.04983388704318937	0.00996677740863778	0.03920265780730896	83838194.0
2023-07-19	-0.007672634271099808	0.0012787723785165968	0.0025575447570331936	-0.010869565217391299	-0.007672634271099808	32940961.0
2023-07-20	-0.01997422680412363	-0.0012886597938144056	0.003865979381443331	-0.02126288659793815	-0.01997422680412363	32549140.0
2023-07-21	-0.005917159763313717	0.0	0.008547008547008482	-0.005917159763313717	-0.005917159763313717	21291895.0
2023-07-24	-0.0013227513227512947	0.0006613756613757648	0.006613756613756708	-0.004629629629629531	-0.0013227513227512947	23603385.0
2023-07-25	0.009933774834437109	0.0059602649006622425	0.010596026490066236	0.00132450331125825	0.009933774834437109	25456208.0
2023-07-26	-0.005245901639344267	-0.0013114754098360376	-0.0013114754098360376	-0.009836065573770515	-0.005245901639344267	15617640.0
2023-07-27	-0.00197758734344096	0.00329597890573505	0.009228740936058046	-0.00329597890573505	-0.00197758734344096	23097209.0
2023-07-28	0.005944517833553491	0.0013210039630118609	0.005944517833553491	-0.0079260237780714	0.005944517833553491	27341068.0
2023-07-31	0.006565988181221251	0.00459619172685491	0.01116217990807616	-0.0006565988181221133	0.006565988181221251	33097588.0
2023-08-01	-0.0058708414872798344	0.0	0.0019569471624265727	-0.008480104370515381	-0.0058708414872798344	22367285.0
2023-08-02	-0.009186351706036783	-0.003937007874015781	0.001968503937007832	-0.010498687664042003	-0.009186351706036783	20852042.0
2023-08-03	0.006622516556291367	-0.00132450331125825	0.009271523178807984	-0.0033112582781456247	0.006622516556291367	20118312.0
2023-08-04	0.0013157894736842994	0.0013157894736842994	0.008552631578947421	-0.003947368421052548	0.0013157894736842994	19911586.0
2023-08-07	-0.00459921156373195	-0.0013140604467806406	0.0006570302233902619	-0.006570302233902853	-0.00459921156373195	15018807.0
2023-08-08	-0.009240924092409277	-0.0019801980198020552	0.000660066006600646	-0.021782178217821788	-0.009240924092409277	28425373.0
2023-08-09	-0.00799467021985338	-0.0039973351099267486	-0.0039973351099267486	-0.008660892738174485	-0.00799467021985338	12828065.0
2023-08-10	0.0006715916722632495	0.001343183344526499	0.004701141705842867	-0.004029550033579617	0.0006715916722632495	11041790.0
2023-08-11	-0.011409395973154357	-0.0006711409395973011	0.004697986577181227	-0.011409395973154357	-0.011409395973154357	15817558.0
2023-08-14	0.015614392396469818	-0.0020366598778004843	0.015614392396469818	-0.007467752885268242	0.015614392396469818	16582718.0
2023-08-15	0.0	0.0	0.011363636363636359	-0.00668449197860972	0.0	15118377.0
2023-08-16	-0.012700534759358374	0.002005347593582845	0.002005347593582845	-0.013368983957219322	-0.012700534759358374	11186132.0
2023-08-17	0.020988490182803014	-0.0027081922816519395	0.023696682464454954	-0.012186865267433969	0.020988490182803014	26247526.0
2023-08-18	-0.012599469496021188	-0.0013262599469495739	0.006631299734747987	-0.013262599469495973	-0.012599469496021188	19779088.0
2023-08-21	-0.015446608462055098	0.0020147750167897487	0.0060443250503693655	-0.016118200134318347	-0.015446608462055098	16888166.0
2023-08-22	0.012960436562073636	0.002728512960436504	0.017735334242837637	-0.00886766712141888	0.012960436562073636	19938448.0
2023-08-23	-0.024915824915824863	-0.00673400673400671	-0.001346801346801318	-0.024915824915824863	-0.024915824915824863	23486459.0
2023-08-24	-0.006906077348066274	0.00414364640883969	0.007596685082872889	-0.008977900552486241	-0.006906077348066274	20621059.0
2023-08-25	0.008344923504867817	-0.002086230876217047	0.027816411682892807	-0.009735744089012557	0.008344923504867817	29244145.0
2023-08-28	0.008275862068965464	0.04000000000000001	0.04482758620689658	0.006896551724137907	0.008275862068965464	28453515.0
2023-08-29	0.032147742818057504	-0.0013679890560875222	0.03830369357045147	-0.0027359781121750444	0.032147742818057504	39929903.0
2023-08-30	0.0019880715705764985	-0.0006626905235254995	0.006626905235255112	-0.003976143141153115	0.0019880715705764985	25319076.0
2023-08-31	-0.006613756613756591	-0.0013227513227512947	0.0019841269841270595	-0.008597883597883533	-0.006613756613756591	17398459.0
2023-09-01	0.004660452729693761	0.0006657789613848061	0.008655126498002715	-0.0006657789613848061	0.004660452729693761	16522963.0
2023-09-04	0.009940357852882727	0.001325381047050999	0.010603048376408226	0.0006626905235254995	0.009940357852882727	25946704.0
2023-09-05	-0.003937007874015781	-0.00328083989501317	0.003937007874015781	-0.006561679790026223	-0.003937007874015781	22244974.0
2023-09-06	0.001976284584980312	0.0006587615283267317	0.00527009222661397	-0.009881422924901209	0.001976284584980312	19975588.0
2023-09-07	-0.013806706114398477	-0.0032873109796187185	0.0006574621959237203	-0.01643655489809336	-0.013806706114398477	19470893.0
2023-09-08	0.011999999999999981	-0.004666666666666685	0.013333333333333286	-0.004666666666666685	0.011999999999999981	20125356.0
2023-09-11	-0.0032938076416336583	0.001976284584980312	0.001976284584980312	-0.009222661396574478	-0.0032938076416336583	18397545.0
2023-09-12	-0.00727032385988111	-0.0013218770654330038	0.0019828155981493297	-0.00925313945803044	-0.00727032385988111	16317602.0
2023-09-13	-0.0159786950732357	-0.0013315579227696122	0.0026631158455393427	-0.022636484687083878	-0.0159786950732357	25875379.0
2023-09-14	-0.002029769959404558	0.001353179972936492	0.005412719891745607	-0.004059539918809116	-0.002029769959404558	12465553.0
2023-09-15	-0.0033898305084746243	0.0006779661016949008	0.005423728813559327	-0.00813559322033893	-0.0033898305084746243	14511493.0
2023-09-18	-0.004761904761904661	-0.0020408163265305686	0.0020408163265306896	-0.013605442176870701	-0.004761904761904661	20242429.0
2023-09-19	-0.00956937799043066	-0.0006835269993165798	-0.0006835269993165798	-0.012303485987696615	-0.00956937799043066	12436845.0
2023-09-20	-0.00897170462387859	0.0027605244996548755	0.0034506556245685943	-0.00897170462387859	-0.00897170462387859	15943581.0
2023-09-21	-0.0013927576601671012	0.0	0.008356545961002855	-0.0027855153203342024	-0.0013927576601671012	14830305.0
2023-09-22	0.008368200836820152	-0.0006973500697349921	0.009762900976290137	-0.005578800557880061	0.008368200836820152	18940942.0
2023-09-25	-0.009681881051175695	-0.003457814661134212	-0.0020746887966805764	-0.010373443983402513	-0.009681881051175695	11238820.0
2023-09-26	-0.004888268156424601	-0.002793296089385539	0.0	-0.005586592178770954	-0.004888268156424601	11782588.0
2023-09-27	-0.005614035087719303	-0.008421052631578892	0.0	-0.008421052631578892	-0.005614035087719303	10967657.0
2023-09-28	-0.0007057163020465622	0.0007057163020465622	0.004940014114326061	-0.002822865208186249	-0.0007057163020465622	16636789.0
2023-10-09	0.01200564971751412	0.0007062146892655217	0.016242937853107375	0.0	0.01200564971751412	23744477.0
2023-10-10	-0.002791346824843051	0.0	0.002791346824842927	-0.004884856943475247	-0.002791346824843051	10708714.0
2023-10-11	-0.006997900629811032	0.0	0.0034989503149055784	-0.009797060881735395	-0.006997900629811032	22168960.0
2023-10-12	-0.000704721634954178	0.0021141649048626596	0.0042283298097251934	-0.0112755461592671	-0.000704721634954178	22094405.0
2023-10-13	-0.011988716502115651	-0.0035260930888574705	-0.0021156558533144826	-0.014809590973201628	-0.011988716502115651	16577178.0
2023-10-16	-0.009992862241256286	-0.0007137758743754309	0.007851534618129867	-0.01284796573875801	-0.009992862241256286	19296523.0
2023-10-17	0.0	0.0	0.0021629416005768667	-0.006488824801730343	0.0	12891627.0
2023-10-18	-0.025955299206921374	-0.0007209805335255795	0.0	-0.026676279740446954	-0.025955299206921374	23170436.0
2023-10-19	-0.015544041450777134	-0.00740192450037007	0.002960769800148107	-0.015544041450777134	-0.015544041450777134	17856099.0
2023-10-20	-0.01428571428571438	-0.0030075187969925503	0.0030075187969924168	-0.01578947368421059	-0.01428571428571438	17441170.0
2023-10-23	-0.02135774218154076	-0.0022883295194507523	0.0030511060259344716	-0.0259344012204424	-0.02135774218154076	25870989.0
2023-10-24	0.02104442712392826	0.009353078721745848	0.022603273577552544	-0.0007794232268121424	0.02104442712392826	25176255.0
2023-10-25	0.015267175572519165	0.009160305343511527	0.02442748091603056	0.00610687022900764	0.015267175572519165	23311547.0
2023-10-26	0.006766917293233071	-0.004511278195488759	0.007518796992481176	-0.013533834586466276	0.006766917293233071	18754937.0
2023-10-27	0.006721433905899915	-0.005974607916355494	0.009708737864077594	-0.005974607916355494	0.006721433905899915	18859659.0
2023-10-30	0.010385756676557773	-0.002225519287833912	0.017062314540059378	-0.005192878338278952	0.010385756676557773	20084465.0
2023-10-31	0.002202643171806251	0.0	0.006607929515418623	-0.0044052863436122415	0.002202643171806251	14917431.0
2023-11-01	0.000732600732600717	-0.002197802197802281	0.006593406593406583	-0.00952380952380958	0.000732600732600717	14432341.0
2023-11-02	-0.014641288433382086	-0.0014641288433381826	0.0036603221083455866	-0.016105417276720397	-0.014641288433382086	14481091.0
2023-11-03	0.010401188707280741	0.0	0.014858841010401134	-0.001485884101040219	0.010401188707280741	13101536.0
2023-11-06	0.013970588235294082	0.0014705882352940864	0.01617647058823534	0.0014705882352940864	0.013970588235294082	17975637.0
2023-11-07	-0.0036258158085568483	-0.0021754894851341087	0.004350978970268347	-0.0058013052936909575	-0.0036258158085568483	14055202.0
2023-11-08	0.0	-0.0007278020378456904	0.005094614264919963	-0.007278020378457034	0.0	16201048.0
2023-11-09	-0.005094614264919963	-0.0021834061135370714	0.0021834061135370714	-0.006550218340611343	-0.005094614264919963	10853411.0
2023-11-10	0.0	-0.0007315288953913524	0.0036576444769568918	-0.0073152889539136534	0.0	11808156.0
2023-11-13	0.013899049012435955	0.0	0.014630577907827307	-0.0029261155815654095	0.013899049012435955	18169054.0
2023-11-14	0.0	0.0	0.00865800865800873	-0.0028860028860028244	0.0	16720212.0
2023-11-15	-0.005050505050505071	0.0064935064935064835	0.007936507936508025	-0.007936507936507896	-0.005050505050505071	15732335.0
2023-11-16	-0.010152284263959303	-0.0007251631617113697	0.002175489485134238	-0.010152284263959303	-0.010152284263959303	11348744.0
2023-11-17	-0.005860805860805866	-0.002197802197802281	0.000732600732600717	-0.00952380952380958	-0.005860805860805866	12921163.0
2023-11-20	0.013264554163596147	0.0	0.016949152542372913	-0.001473839351510654	0.013264554163596147	15280698.0
2023-11-21	-0.007272727272727247	-0.0007272727272727117	0.005818181818181823	-0.007272727272727247	-0.007272727272727247	14858257.0
2023-11-22	-0.01465201465201473	-0.001465201465201434	0.001465201465201434	-0.01465201465201473	-0.01465201465201473	13256401.0
2023-11-23	0.0022304832713755493	-0.0014869888475836114	0.004460966542750967	-0.007434944237918189	0.0022304832713755493	11129115.0
2023-11-24	-0.017804154302670638	0.0007418397626112602	0.0014836795252225203	-0.019287833827893158	-0.017804154302670638	14741417.0
2023-11-27	0.000755287009063428	-0.000755287009063428	0.007552870090634414	-0.006797583081570986	0.000755287009063428	16254706.0
2023-11-28	-0.011320754716981159	0.0	0.0060377358490566095	-0.015094339622641456	-0.011320754716981159	23110752.0
2023-11-29	-0.01145038167938934	-0.0007633587786259379	0.0007633587786259379	-0.01145038167938934	-0.01145038167938934	17728540.0
2023-11-30	-0.003861003861003779	0.0	0.006949806949806939	-0.006949806949806939	-0.003861003861003779	15190910.0
2023-12-01	0.005426356589147308	-0.002325581395348925	0.01085271317829448	-0.002325581395348925	0.005426356589147308	13044716.0
2023-12-04	0.013107170393215106	0.0023130300693908526	0.01850424055512723	0.0015420200462605684	0.013107170393215106	17234467.0
2023-12-05	-0.020547945205479555	-0.002283105022831137	-0.0015220700152208029	-0.020547945205479555	-0.020547945205479555	15943478.0
2023-12-06	-0.006993006993006983	-0.001554001554001521	0.0023310023310024195	-0.012432012432012305	-0.006993006993006983	20706687.0
2023-12-07	0.002347417840375676	-0.003912363067292562	0.004694835680751213	-0.01721439749608755	0.002347417840375676	26685142.0
2023-12-08	0.01483216237314594	-0.003122560499609752	0.016393442622950748	-0.015612802498048483	0.01483216237314594	44729384.0
2023-12-11	0.0	-0.007692307692307665	0.0030769230769230114	-0.030769230769230795	0.0	37735500.0
2023-12-12	0.007692307692307665	-0.005384615384615406	0.037692307692307706	-0.006153846153846159	0.007692307692307665	35272002.0
2023-12-13	-0.010687022900763267	-0.0022900763358778137	0.01145038167938934	-0.01145038167938934	-0.010687022900763267	19577256.0
2023-12-14	-0.008487654320987748	0.0007716049382715884	0.012345679012345552	-0.009259259259259335	-0.008487654320987748	15663002.0
2023-12-15	-0.010894941634241151	0.000778210116731501	0.004669260700389144	-0.01167315175097279	-0.010894941634241151	15514636.0
2023-12-18	-0.023603461841070077	-0.004720692368214044	0.0	-0.02596380802517703	-0.023603461841070077	23020043.0
2023-12-19	0.0024174053182916488	0.0	0.008058017727638972	-0.008058017727638972	0.0024174053182916488	13197147.0
2023-12-20	-0.027331189710610923	-0.0016077170418006088	0.0032154340836013607	-0.027331189710610923	-0.027331189710610923	21917714.0
2023-12-21	0.008264462809917326	-0.004958677685950454	0.014049586776859498	-0.009917355371900763	0.008264462809917326	16814403.0
2023-12-22	0.031967213114754145	0.0016393442622951928	0.042622950819672246	0.0	0.031967213114754145	37324539.0
2023-12-25	0.01032565528196988	-0.0023828435266083684	0.024622716441620375	-0.003971405877680755	0.01032565528196988	21270411.0
2023-12-26	-0.002358490566037825	-0.002358490566037825	0.003930817610062809	-0.02122641509433973	-0.002358490566037825	20945773.0
2023-12-27	-0.003940110323088963	-0.003940110323088963	0.0	-0.01260835303388496	-0.003940110323088963	11297719.0
2023-12-28	0.029272151898734115	-0.002373417721519077	0.0324367088607595	-0.004746835443038014	0.029272151898734115	31767946.0
2023-12-29	0.013066871637202148	0.0007686395080706985	0.016141429669485077	-0.005380476556495026	0.013066871637202148	24882452.0
2024-01-02	-0.00758725341426401	-0.00303490136570555	0.00758725341426401	-0.008345978755690398	-0.00758725341426401	20520877.0
2024-01-03	-0.005351681957186566	-0.0022935779816513273	0.0007645259938837758	-0.013761467889908235	-0.005351681957186566	17875186.0
2024-01-04	-0.006917755572636423	-0.0023059185242120953	0.005380476556495026	-0.013835511145272846	-0.006917755572636423	14331969.0
2024-01-05	-0.03405572755417953	-0.0023219814241485573	0.0046439628482972525	-0.0394736842105263	-0.03405572755417953	26185545.0
2024-01-08	-0.01602564102564111	0.0	0.008012820512820484	-0.01762820512820518	-0.01602564102564111	18423747.0
2024-01-09	-0.009771986970683976	-0.002442996742670958	0.0032573289902280886	-0.016286644951140006	-0.009771986970683976	21188926.0
2024-01-10	-0.011513157894736888	-0.004111842105263217	0.005756578947368444	-0.012335526315789503	-0.011513157894736888	16470470.0
2024-01-11	0.01414309484193011	-0.0008319467554076363	0.014975041597337747	-0.004159733777038181	0.01414309484193011	18561335.0
2024-01-12	-0.0057424118129614675	-0.004101722723543801	0.0041017227235439465	-0.009023789991796509	-0.0057424118129614675	15216634.0
2024-01-15	-0.030528052805280464	-0.004950495049504846	-0.004950495049504846	-0.030528052805280464	-0.030528052805280464	26524341.0
2024-01-16	-0.0008510638297872159	-0.0034042553191488637	0.006808510638297878	-0.014468085106382972	-0.0008510638297872159	20226631.0
2024-01-17	-0.02555366269165253	-0.0025553662691651926	0.0068143100511073315	-0.02555366269165253	-0.02555366269165253	24490221.0
2024-01-18	0.013986013986014	-0.004370629370629277	0.019230769230769287	-0.020104895104894986	0.013986013986014	34888624.0
2024-01-19	0.008620689655172384	-0.002586206896551669	0.018103448275862143	-0.008620689655172384	0.008620689655172384	18368977.0
2024-01-22	-0.03162393162393156	-0.0008547008547008365	0.005128205128205171	-0.0384615384615384	-0.03162393162393156	28611169.0
2024-01-23	0.02206531332744925	-0.0008826125330979512	0.025595763459841055	-0.010591350397175571	0.02206531332744925	21876028.0
2024-01-24	-0.027633851468048382	-0.01640759930915367	-0.01640759930915367	-0.06303972366148536	-0.027633851468048382	62001747.0
2024-01-25	0.05595026642984021	-0.014209591474245128	0.058614564831261116	-0.015097690941385428	0.05595026642984021	55969494.0
2024-01-26	-0.0016820857863752187	-0.005046257359125357	0.008410428931875496	-0.013456686291000853	-0.0016820857863752187	33598787.0
2024-01-29	-0.011794439764111105	0.0008424599831509321	0.0143218197135636	-0.012636899747261886	-0.011794439764111105	28388804.0
2024-01-30	-0.008525149190110796	-0.006820119352088668	0.014492753623188399	-0.015345268542199463	-0.008525149190110796	24962860.0
2024-01-31	-0.047291487532244256	-0.005159071367153955	-0.005159071367153955	-0.05073086844368027	-0.047291487532244256	33873693.0
2024-02-01	-0.02256317689530686	-0.008122743682310456	0.007220216606498201	-0.02797833935018055	-0.02256317689530686	36084801.0
2024-02-02	-0.04616805170821791	0.0	0.00923361034164355	-0.07663896583564174	-0.04616805170821791	44777424.0
2024-02-05	-0.030009680542110406	-0.01258470474346571	0.014520813165537305	-0.0503388189738625	-0.030009680542110406	44136640.0
2024-02-06	0.0768463073852295	0.0	0.07784431137724562	-0.005988023952095681	0.0768463073852295	44946190.0
2024-02-07	0.00926784059314193	0.01019462465245609	0.03707136237256723	-0.009267840593141766	0.00926784059314193	51757993.0
2024-02-08	0.030303030303030307	0.01561065197428833	0.04040404040404036	-0.006427915518824635	0.030303030303030307	47016829.0
2024-02-19	0.0098039215686274	0.004456327985739655	0.0196078431372548	-0.0053475935828877445	0.0098039215686274	36318540.0
2024-02-20	-0.007060900264783766	-0.007060900264783766	-0.004413062665489913	-0.014121800529567533	-0.007060900264783766	18372167.0
2024-02-21	0.0071111111111111175	-0.004444444444444508	0.022222222222222223	-0.007999999999999988	0.0071111111111111175	31707217.0
2024-02-22	0.005295675198587864	-0.005295675198587864	0.007060900264783766	-0.007943512797881717	0.005295675198587864	24115311.0
2024-02-23	0.022827041264266882	0.0008779631255487082	0.02721685689201042	-0.003511852502194989	0.022827041264266882	40318576.0
2024-02-26	-0.000858369098712428	-0.0034334763948498646	0.018025751072961293	-0.0042918454935622925	-0.000858369098712428	29961776.0
2024-02-27	0.014604810996563567	-0.004295532646048171	0.014604810996563567	-0.008591065292096342	0.014604810996563567	27551101.0
2024-02-28	-0.02709568162574092	0.005927180355630845	0.014394580863674846	-0.027942421676545304	-0.02709568162574092	37086799.0
2024-02-29	0.03133159268929499	-0.0043516100957354835	0.03220191470844205	-0.00522193211488255	0.03133159268929499	30953272.0
2024-03-01	0.004219409282700482	0.0	0.006751054852320681	-0.006751054852320681	0.004219409282700482	25913386.0
2024-03-04	-0.004201680672268967	-0.0016806722689075271	0.006722689075630258	-0.010924369747899225	-0.004201680672268967	22764500.0
2024-03-05	0.007594936708860748	-0.004219409282700332	0.022784810126582244	-0.008438818565400814	0.007594936708860748	37426540.0
2024-03-06	-0.0025125628140702985	-0.005862646566164178	0.00335008375209388	-0.015075376884422087	-0.0025125628140702985	21454472.0
2024-03-07	-0.02267002518891684	0.0	0.003358522250209836	-0.024349286314021907	-0.02267002518891684	27974860.0
2024-03-08	0.006013745704467378	0.0	0.013745704467353964	-0.009450171821305945	0.006013745704467378	24377953.0
2024-03-11	0.010247651579846218	-0.004269854824936013	0.010247651579846218	-0.005123825789923184	0.010247651579846218	24491251.0
2024-03-12	0.016060862214708326	-0.0016906170752324238	0.02282333051563817	-0.0025359256128486356	0.016060862214708326	35380055.0
2024-03-13	0.0008319467554076363	-0.0016638935108152725	0.00831946755407651	-0.009151414309484147	0.0008319467554076363	27161415.0
2024-03-14	-0.020781379883624274	-0.0024937655860348597	-0.0016625103906899065	-0.02743142144638405	-0.020781379883624274	31321753.0
2024-03-15	0.011884550084889693	-0.0008488964346349565	0.01273344651952465	-0.005093378607809739	0.011884550084889693	20408816.0
2024-03-18	0.02684563758389264	0.004194630872483281	0.028523489932885893	0.004194630872483281	0.02684563758389264	44407261.0
2024-03-19	-0.011437908496732072	0.0	0.011437908496732072	-0.013071895424836612	-0.011437908496732072	37802338.0
2024-03-20	0.0033057851239670184	-0.001652892561983436	0.009917355371900909	-0.001652892561983436	0.0033057851239670184	23836292.0
2024-03-21	-0.0016474464579902264	0.0032948929159801604	0.0057660626029654265	-0.012355848434925893	-0.0016474464579902264	26720545.0
2024-03-22	-0.03217821782178208	-0.004125412541254037	-0.004125412541254037	-0.03547854785478546	-0.03217821782178208	41030592.0
2024-03-25	-0.02557544757033254	-0.002557544757033345	0.0008525149190110645	-0.02557544757033254	-0.02557544757033254	27995185.0
2024-03-26	-0.004374453193350738	-0.0017497812773402952	0.006124234470691188	-0.01924759405074356	-0.004374453193350738	24807745.0
2024-03-27	-0.03339191564147634	-0.005272407732864718	-0.0008787346221442498	-0.03339191564147634	-0.03339191564147634	27130557.0
2024-03-28	0.06363636363636357	0.00454545454545461	0.08181818181818185	0.00454545454545461	0.06363636363636357	58924685.0
2024-03-29	-0.0008547008547008365	-0.001709401709401673	0.0025641025641026612	-0.015384615384615361	-0.0008547008547008365	28896842.0
2024-04-01	0.018819503849444023	0.0034217279726262554	0.023952095808383332	0.0034217279726262554	0.018819503849444023	32174412.0
2024-04-02	-0.010075566750629806	-0.000839630562552459	0.001679261125104918	-0.01511335012594456	-0.010075566750629806	27329414.0
2024-04-03	-0.01865988125530101	-0.0008481764206954867	-0.0008481764206954867	-0.024597116200169564	-0.01865988125530101	24450387.0
2024-04-08	-0.01987899740708733	-0.0034572169403630877	-0.0008643042350907335	-0.021607605877268798	-0.01987899740708733	22047885.0
2024-04-09	0.0070546737213403946	0.0008818342151675297	0.014991181657848318	-0.0035273368606701188	0.0070546737213403946	17819539.0
2024-04-10	-0.013134851138353797	-0.006129597197898449	0.0	-0.025394045534150537	-0.013134851138353797	25190495.0
2024-04-11	-0.006211180124223628	-0.009760425909494183	0.005323868677905989	-0.010647737355811822	-0.006211180124223628	19285943.0
2024-04-12	-0.010714285714285645	-0.0008928571428571239	0.005357142857142902	-0.011607142857142769	-0.010714285714285645	18683749.0
2024-04-15	0.02617328519855588	0.005415162454873691	0.03700361010830326	-0.005415162454873691	0.02617328519855588	37175918.0
2024-04-16	-0.032541776605101075	-0.0017590149516270514	0.010554089709762621	-0.034300791556728126	-0.032541776605101075	38732642.0
2024-04-17	0.03363636363636357	0.00636363636363639	0.034545454545454615	0.0054545454545455	0.03363636363636357	30587015.0
2024-04-18	0.03605980650835534	0.0026385224274407333	0.0430958663148637	0.0008795074758136819	0.03605980650835534	65934017.0
2024-04-19	0.015280135823429668	-0.006791171477079802	0.02716468590831921	-0.013582342954159604	0.015280135823429668	77604416.0
2024-04-22	-0.0058528428093645715	0.009197324414715671	0.017558528428093568	-0.008361204013378044	-0.0058528428093645715	62743112.0
2024-04-23	-0.011774600504625784	-0.004205214465937823	0.00925147182506303	-0.01682085786375114	-0.011774600504625784	41096041.0
2024-04-24	0.026382978723404296	-0.002553191489361648	0.027234042553191513	-0.002553191489361648	0.026382978723404296	52906458.0
2024-04-25	-0.01907131011608627	-0.0033167495854063782	-0.0033167495854063782	-0.023217247097844205	-0.01907131011608627	41862330.0
2024-04-26	0.02282333051563817	-0.005917159763313634	0.025359256128486957	-0.005917159763313634	0.02282333051563817	59061593.0
2024-04-29	0.019008264462809954	0.00661157024793389	0.02314049586776869	-0.007438016528925609	0.019008264462809954	76175731.0
2024-04-30	-0.014598540145985378	0.0016220600162205655	0.003244120032441131	-0.01946472019464722	-0.014598540145985378	49898620.0
2024-05-06	0.027983539094650192	0.009876543209876479	0.03127572016460897	0.005761316872428006	0.027983539094650192	59696212.0
2024-05-07	0.008006405124099251	-0.006405124099279429	0.012810248198558858	-0.010408326661329126	0.008006405124099251	60635947.0
2024-05-08	-0.013502779984114371	-0.0015885623510722457	0.0	-0.014297061159650494	-0.013502779984114371	39098283.0
2024-05-09	0.019323671497584557	-0.0032206119162640216	0.020933977455716568	-0.014492753623188383	0.019323671497584557	65989912.0
2024-05-10	-0.010268562401263885	0.007109004739336481	0.009478672985781929	-0.015007898894154778	-0.010268562401263885	46622098.0
2024-05-13	-0.016759776536312776	-0.00957701516360728	-0.002394253790901785	-0.023942537909018274	-0.016759776536312776	45419690.0
2024-05-14	-0.006493506493506499	-0.0016233766233765888	0.0056818181818182045	-0.012175324675324704	-0.006493506493506499	31649719.0
2024-05-15	-0.009803921568627532	-0.0008169934640522702	0.007352941176470577	-0.011437908496732072	-0.009803921568627532	31479563.0
2024-05-16	0.0024752475247525694	0.0024752475247525694	0.014851485148514976	-0.001650165016501615	0.0024752475247525694	31102814.0
2024-05-17	0.0205761316872428	0.00823045267489709	0.021399176954732493	0.0016460905349793887	0.0205761316872428	43374095.0
2024-05-20	0.008870967741935437	0.0008064516129032086	0.016935483870967667	-0.003225806451612978	0.008870967741935437	43439859.0
2024-05-21	-0.019984012789768187	-0.003996802557953552	-0.003996802557953552	-0.020783373301358897	-0.019984012789768187	31585245.0
2024-05-22	-0.0048939641109298935	0.0008156606851549581	0.004078303425774935	-0.008156606851549727	-0.0048939641109298935	29567041.0
2024-05-23	-0.013114754098360668	0.006557377049180334	0.008196721311475526	-0.014754098360655716	-0.013114754098360668	33445201.0
2024-05-24	-0.01910299003322248	-0.004983388704318831	-0.0008305647840531385	-0.020764119601328904	-0.01910299003322248	31305951.0
2024-05-27	0.01016088060965277	-0.0008467400508043849	0.01016088060965277	-0.012701100762066075	0.01016088060965277	29135100.0
2024-05-28	-0.010058675607711585	-0.004191114836546432	0.0025146689019280083	-0.010896898575020873	-0.010058675607711585	18590514.0
2024-05-29	-0.005927180355630845	-0.00338696020321769	0.005927180355630845	-0.009314140558848535	-0.005927180355630845	17023986.0
2024-05-30	0.018739352640545198	-0.0034071550255537412	0.02555366269165238	-0.011925042589437867	0.018739352640545198	37199248.0
2024-05-31	0.011705685618728996	0.0	0.016722408026755793	0.0	0.011705685618728996	29739951.0
2024-06-03	-0.005785123966942173	0.0024793388429753004	0.011570247933884345	-0.014876033057851217	-0.005785123966942173	33603819.0
2024-06-04	0.013300083125519547	0.0	0.0141313383208645	-0.009975062344139586	0.013300083125519547	30322959.0
2024-06-05	0.0041017227235439465	-0.004101722723543801	0.021328958162428205	-0.004101722723543801	0.0041017227235439465	41817558.0
2024-06-06	-0.02042483660130719	-0.0024509803921568107	0.0008169934640522702	-0.022058823529411728	-0.02042483660130719	38472289.0
2024-06-07	0.002502085070892357	0.005004170141784862	0.016680567139282676	-0.005838198498748981	0.002502085070892357	29609669.0
2024-06-11	0.014975041597337747	-0.0049916805324458175	0.01580698835274553	-0.011647254575707054	0.014975041597337747	27958861.0
2024-06-12	0.009836065573770574	-0.005737704918032665	0.018032786885245955	-0.005737704918032665	0.009836065573770574	41886765.0
2024-06-13	0.0032467532467531776	-0.0016233766233765888	0.0056818181818182045	-0.007305194805194794	0.0032467532467531776	35782253.0
2024-06-14	-0.001618122977346244	-0.011326860841423852	0.000809061488673122	-0.016181229773462726	-0.001618122977346244	45155621.0
2024-06-17	-0.0024311183144245835	0.0	0.017017828200972515	-0.00405186385737445	-0.0024311183144245835	40095867.0
2024-06-18	0.0	0.0	0.009748172217709116	-0.0056864337936637106	0.0	27870020.0
2024-06-19	-0.00974817221770926	0.0	0.004061738424045404	-0.01056051990251834	-0.00974817221770926	20418568.0
2024-06-20	-0.019688269073010682	-0.0008203445447087603	0.0024610336341264263	-0.019688269073010682	-0.019688269073010682	24633663.0
2024-06-21	0.0066945606694560735	-0.001673640167363981	0.010878661087866176	-0.0025104602510459717	0.0066945606694560735	17062848.0
2024-06-24	-0.029093931837073955	-0.004156275976724766	0.0008312551953449532	-0.03241895261845377	-0.029093931837073955	28141330.0
2024-06-25	-0.011130136986301284	0.0008561643835616256	0.007705479452054783	-0.017979452054794443	-0.011130136986301284	20597093.0
2024-06-26	0.017316017316017254	0.0	0.01904761904761895	-0.01212121212121217	0.017316017316017254	19776316.0
2024-06-27	-0.01957446808510642	-0.002553191489361648	-0.002553191489361648	-0.01957446808510642	-0.01957446808510642	17630187.0
2024-06-28	0.0390625000000001	-0.0017361111111110742	0.04687500000000008	-0.0026041666666666114	0.0390625000000001	41231728.0
2024-07-01	0.006683375104427742	-0.0008354218880534492	0.006683375104427742	-0.0075187969924811904	0.006683375104427742	23117978.0
2024-07-02	-0.012448132780083016	-0.0016597510373445102	0.0	-0.015767634854771888	-0.012448132780083016	17194388.0
2024-07-03	-0.013445378151260515	0.0	0.0016806722689075271	-0.018487394957983246	-0.013445378151260515	16959290.0
2024-07-04	-0.017035775127768403	0.0	0.005110732538330536	-0.018739352640545198	-0.017035775127768403	19968242.0
2024-07-05	0.0017331022530330462	-0.0008665511265164461	0.002599653379549492	-0.018197573656845677	0.0017331022530330462	21451042.0
2024-07-08	-0.02249134948096884	-0.006920415224913501	-0.004325259515570995	-0.02422145328719733	-0.02249134948096884	16375308.0
2024-07-09	0.016814159292035353	-0.0008849557522125277	0.019469026548672465	-0.012389380530973501	0.016814159292035353	23577136.0
2024-07-10	0.0026109660574411974	-0.007832898172323747	0.006962576153176681	-0.007832898172323747	0.0026109660574411974	14316493.0
2024-07-11	0.023437499999999965	0.017361111111111206	0.02604166666666673	0.008680555555555525	0.023437499999999965	20740384.0
2024-07-12	0.007633587786259681	0.0008481764206956374	0.009329940627650654	-0.004240882103477433	0.007633587786259681	19521090.0
2024-07-15	-0.0042087542087542685	0.0008417508417508237	0.0042087542087541185	-0.010101010101010183	-0.0042087542087542685	15744345.0
2024-07-16	0.011834319526627267	-0.0025359256128486356	0.01352493660185969	-0.00422654268808121	0.011834319526627267	14961452.0
2024-07-17	-0.0016708437761070467	0.0	0.0075187969924811904	-0.002506265664160496	-0.0016708437761070467	17314352.0
2024-07-18	0.010878661087866176	-0.005857740585773934	0.014225941422594137	-0.014225941422594137	0.010878661087866176	24596129.0
2024-07-19	0.013245033112582794	-0.004139072847682178	0.014072847682119199	-0.007450331125827803	0.013245033112582794	30071783.0
2024-07-22	0.004901960784313766	-0.0016339869281045403	0.010620915032679657	-0.003267973856209226	0.004901960784313766	33708514.0
2024-07-23	-0.023577235772357798	-0.0008130081300814279	0.0008130081300812835	-0.02439024390243908	-0.023577235772357798	25190303.0
2024-07-24	0.009159034138218104	-0.0024979184013321698	0.023313905079100698	-0.004995836802664488	0.009159034138218104	25827346.0
2024-07-25	0.0	-0.004125412541254037	0.004950495049504992	-0.011551155115511452	0.0	16433392.0
2024-07-26	0.030528052805280613	-0.001650165016501615	0.03135313531353142	-0.00330033003300323	0.030528052805280613	50315877.0
2024-07-29	0.008807045636509163	-0.0032025620496397857	0.024819855884707805	-0.008006405124099251	0.008807045636509163	57120532.0
2024-07-30	0.007936507936507908	0.004761904761904801	0.011904761904761934	-0.01269841269841271	0.007936507936507908	36730949.0
2024-07-31	0.01102362204724414	-0.0015748031496062658	0.012598425196850406	-0.014960629921259804	0.01102362204724414	55324336.0
2024-08-01	0.0007788161993769304	-0.005451713395638652	0.019470404984423675	-0.008566978193146373	0.0007788161993769304	55056773.0
2024-08-02	-0.013229571984435792	-0.0077821011673151474	0.018677042801556437	-0.014007782101167293	-0.013229571984435792	52049012.0
2024-08-05	-0.016561514195583524	-0.0031545741324920462	0.015772870662460654	-0.0189274447949527	-0.016561514195583524	39836993.0
2024-08-06	0.027265437048917388	0.006415396952686453	0.034482758620689634	0.003207698476343155	0.027265437048917388	37940203.0
2024-08-07	-0.0015612802498049454	-0.005464480874316962	0.007806401249024172	-0.011709601873536327	-0.0015612802498049454	35089552.0
2024-08-08	-0.024237685691946734	-0.00390930414386231	-0.0007818608287724619	-0.02658326817826426	-0.024237685691946734	34609462.0
2024-08-09	-0.003205128205128279	-0.002403846153846245	0.00721153846153845	-0.004006410256410313	-0.003205128205128279	15418061.0
2024-08-12	-0.011254019292604405	0.0	0.0008038585209003044	-0.01527331189710607	-0.011254019292604405	16134396.0
2024-08-13	0.006504065040650412	0.0	0.011382113821138113	-0.0032520325203252783	0.006504065040650412	16848339.0
2024-08-14	-0.015347334410339359	-0.00403877221324723	0.0008077544426494173	-0.015347334410339359	-0.015347334410339359	14439764.0
2024-08-15	0.008203445447087747	-0.0008203445447087603	0.013945857260049216	-0.0024610336341262806	0.008203445447087747	16737359.0
2024-08-16	-0.012205044751830641	0.0008136696501221777	0.003254678600488277	-0.014646053702196887	-0.012205044751830641	17502883.0
2024-08-19	0.0	-0.004118616144975346	0.008237232289950547	-0.004118616144975346	0.0	13970484.0
2024-08-20	-0.014003294892915973	-0.0008237232289950401	0.0032948929159801604	-0.01894563426688636	-0.014003294892915973	18185472.0
2024-08-21	-0.009189640768588237	-0.003341687552213945	0.0033416875522137967	-0.009189640768588237	-0.009189640768588237	12987879.0
2024-08-22	-0.005902192242833076	0.0008431703204047038	0.007588532883642484	-0.007588532883642484	-0.005902192242833076	13295867.0
2024-08-23	0.0008481764206956374	-0.0016963528413909733	0.005089058524173071	-0.006785411365563893	0.0008481764206956374	14344614.0
2024-08-26	-0.00423728813559328	0.0	0.002542372881355878	-0.018644067796610223	-0.00423728813559328	15142628.0
2024-08-27	-0.020425531914893637	-0.005957446808510663	0.0017021276595744319	-0.025531914893617082	-0.020425531914893637	17498702.0
2024-08-28	-0.043440486533449174	-0.024326672458731484	-0.023457862728062516	-0.054735013032145875	-0.043440486533449174	44806073.0
2024-08-29	0.0027247956403269173	-0.0027247956403269173	0.009990917347865525	-0.007266121707538608	0.0027247956403269173	24336054.0
2024-08-30	0.01992753623188412	-0.0009057971014492561	0.030797101449275513	-0.0018115942028985121	0.01992753623188412	25701135.0
2024-09-02	-0.039964476021314324	-0.0008880994671403008	-0.0008880994671403008	-0.040852575488454626	-0.039964476021314324	32213998.0
2024-09-03	0.008325624421831624	0.0027752081406104863	0.016651248843663247	0.001850138760406991	0.008325624421831624	19292297.0
2024-09-04	0.0009174311926605309	-0.0027522935779817556	0.0045871559633026545	-0.011926605504587228	0.0009174311926605309	14398490.0
2024-09-05	0.004582951420715005	0.0027497708524289056	0.009165902841429848	-0.0027497708524289056	0.004582951420715005	13434209.0
2024-09-06	-0.015510948905109644	-0.0009124087591242301	-0.0009124087591242301	-0.01733576642335778	-0.015510948905109644	13735206.0
2024-09-09	-0.012048192771084246	-0.008341056533827605	0.003707136237256805	-0.019462465245597693	-0.012048192771084246	17239447.0
2024-09-10	0.0018761726078798848	0.0037523452157597697	0.005628517823639822	-0.021575984990619176	0.0018761726078798848	18532538.0
2024-09-11	-0.0018726591760299227	-0.005617977528089934	0.0009363295880149613	-0.008426966292134819	-0.0018726591760299227	10225011.0
2024-09-12	-0.010318949343339533	0.0028142589118198276	0.010318949343339533	-0.011257035647279643	-0.010318949343339533	11235103.0
2024-09-13	-0.0028436018957347046	0.0009478672985781788	0.004739336492890894	-0.005687203791469241	-0.0028436018957347046	9448231.0
2024-09-18	-0.004752851711026515	0.000950570342205303	0.00665399239543729	-0.021863117870722475	-0.004752851711026515	14505267.0
2024-09-19	0.010506208213944549	0.0009551098376313072	0.02005730659025779	-0.02005730659025796	0.010506208213944549	20713467.0
2024-09-20	-0.0028355387523628884	-0.0018903591682419257	0.0028355387523628884	-0.01512287334593574	-0.0028355387523628884	15053028.0
2024-09-23	0.0037914691943127152	-0.004739336492891062	0.009478672985781957	-0.004739336492891062	0.0037914691943127152	12739486.0
2024-09-24	0.034938621340887724	0.007554296506137872	0.03588290840415494	-0.0009442870632672131	0.034938621340887724	26164066.0
2024-09-25	0.018248175182481684	0.007299270072992544	0.03102189781021896	0.006386861313868476	0.018248175182481684	30465819.0
2024-09-26	0.029569892473118285	-0.00537634408602155	0.029569892473118285	-0.007168458781362013	0.029569892473118285	28996699.0
2024-09-27	0.04873803307223677	0.007832898172323747	0.052219321148825035	0.007832898172323747	0.04873803307223677	30390193.0
2024-09-30	0.07551867219917013	0.03651452282157672	0.08630705394190864	0.024896265560165887	0.07551867219917013	91622490.0
2024-10-08	0.07870370370370366	0.09953703703703697	0.10030864197530855	0.02546296296296283	0.07870370370370366	132189942.0
2024-10-09	-0.08369098712446352	-0.027896995708154546	-0.027896995708154546	-0.08440629470672387	-0.08369098712446352	90661461.0
2024-10-10	0.025761124121779864	0.010928961748633784	0.05152224824355973	0.0015612802498048066	0.025761124121779864	66464545.0
2024-10-11	-0.047945205479452115	-0.007610350076103609	-0.007610350076103609	-0.05555555555555559	-0.047945205479452115	49360864.0
2024-10-14	0.03756994404476424	0.015987210231814635	0.0423661071143085	0.009592326139088808	0.03756994404476424	60215512.0
2024-10-15	-0.020030816640986115	-0.010015408320493127	0.004622496147919778	-0.02311248073959944	-0.020030816640986115	37080495.0
2024-10-16	-0.015723270440251656	-0.009433962264151021	-0.0007861635220125619	-0.02122641509433973	-0.015723270440251656	33055032.0
2024-10-17	-0.01357827476038338	0.0	0.009584664536741293	-0.0143769968051118	-0.01357827476038338	34779096.0
2024-10-18	0.027530364372469626	-0.0032388663967610645	0.0421052631578947	-0.007287449392712539	0.027530364372469626	45186545.0
2024-10-21	0.020488573680063026	0.011032308904649376	0.029944838455476817	0.004728132387706896	0.020488573680063026	67172932.0
2024-10-22	-0.010038610038609962	0.0	0.000772200772200893	-0.018532818532818414	-0.010038610038609962	39023348.0
2024-10-23	0.025741029641185652	-0.0007800312012480333	0.0452418096723869	-0.003900156006240305	0.025741029641185652	82144978.0
2024-10-24	-0.01825095057034222	-0.0053231939163498315	-0.0038022813688213465	-0.02281368821292781	-0.01825095057034222	37071601.0
2024-10-25	0.006196746707978317	-0.003098373353989227	0.010069713400464678	-0.0038729666924865	0.006196746707978317	36434755.0
2024-10-28	0.02155504234026169	0.0038491147036180855	0.03079291762894537	0.0007698229407236171	0.02155504234026169	48634927.0
2024-10-29	-0.018085908063300696	0.0015071590052750244	0.004521477015825207	-0.020346646571213232	-0.018085908063300696	43019916.0
2024-10-30	-0.015349194167306162	-0.025326170376055265	-0.0038372985418264724	-0.043745203376822604	-0.015349194167306162	50601808.0
2024-10-31	-0.0046765393608729925	-0.003117692907248708	0.00701480904130942	-0.01091192517537027	-0.0046765393608729925	44383023.0
2024-11-01	-0.01722787783868433	-0.0046985121378229225	0.007047768206734523	-0.020360219263899748	-0.01722787783868433	37608950.0
2024-11-04	0.033466135458167325	0.003984063745019835	0.0398406374501992	0.0007968127490039671	0.033466135458167325	44367305.0
2024-11-05	0.04857363145720887	0.010023130300693833	0.05319969159599071	0.010023130300693833	0.04857363145720887	91914855.0
2024-11-06	0.0014705882352940864	0.025735294117647033	0.03676470588235294	-0.007352941176470562	0.0014705882352940864	98893793.0
2024-11-07	-0.013215859030836984	-0.014684287812041065	-0.011747430249632774	-0.035242290748898585	-0.013215859030836984	87237924.0
2024-11-08	0.015625000000000062	0.002232142857142942	0.023809523809523832	0.0007440476190476032	0.015625000000000062	90157919.0
2024-11-11	0.02417582417582418	0.002930402930402868	0.024908424908424896	-0.005128205128205149	0.02417582417582418	89625492.0
2024-11-12	-0.02932761087267526	0.0035765379113017835	0.008583690987124408	-0.03862660944206015	-0.02932761087267526	76965315.0
2024-11-13	-0.002947678703021439	-0.0073691967575534	0.0073691967575534	-0.019159911569638893	-0.002947678703021439	42711833.0
2024-11-14	-0.02956393200295629	-0.0007390983000738941	0.0	-0.02956393200295629	-0.02956393200295629	41020280.0
2024-11-15	-0.02513328255902514	-0.001523229246001626	0.006092916984006098	-0.026656511805026765	-0.02513328255902514	44344441.0
2024-11-18	-0.005468750000000022	0.005468749999999883	0.01718749999999991	-0.009375000000000078	-0.005468750000000022	37928650.0
2024-11-19	0.019638648860958365	0.007855459544383318	0.019638648860958365	-0.006284367635506683	0.019638648860958365	33586412.0
2024-11-20	0.002311248073959889	-0.0023112480739600257	0.0077041602465331	-0.00924499229583983	0.002311248073959889	28721975.0
2024-11-21	-0.00845503458877782	0.0007686395080706985	0.0007686395080706985	-0.014604150653343544	-0.00845503458877782	22945134.0
2024-11-22	-0.02945736434108533	0.0	0.0015503875968991916	-0.03023255813953493	-0.02945736434108533	31329686.0
2024-11-25	-0.012779552715654964	-0.0031948881789136702	0.0	-0.025559105431309927	-0.012779552715654964	31808779.0
2024-11-26	-0.008090614886731363	-0.003236245954692488	0.004854368932038875	-0.008899676375404486	-0.008090614886731363	20989665.0
2024-11-27	0.019575856443719432	0.0	0.020391517128874388	-0.010603588907014601	0.019575856443719432	27711146.0
2024-11-28	-0.0071999999999999885	0.0007999999999999829	0.007999999999999972	-0.008799999999999954	-0.0071999999999999885	21216691.0
2024-11-29	0.011281224818694646	-0.0016116035455277658	0.016921837228041827	-0.008058017727638972	0.011281224818694646	24185967.0
2024-12-02	0.009561752988047746	0.0031872509960158683	0.010358565737051713	-0.0023904382470120427	0.009561752988047746	26296484.0
2024-12-03	-0.00473559589581693	0.0007892659826361316	0.0015785319652722631	-0.01499605367008678	-0.00473559589581693	23750901.0
2024-12-04	-0.011895321173671577	-0.0007930214115780957	-0.0007930214115780957	-0.012688342585249814	-0.011895321173671577	20965621.0
2024-12-05	0.003210272873194153	-0.001605136436597219	0.008828250401284063	-0.002407704654895757	0.003210272873194153	16033268.0
2024-12-06	0.011200000000000045	0.0015999999999999658	0.013599999999999994	-0.0015999999999999658	0.011200000000000045	20619590.0
2024-12-09	-0.009493670886076028	-0.0007911392405063122	0.0	-0.015031645569620354	-0.009493670886076028	21619180.0
2024-12-10	0.004792332268370647	0.02236421725239626	0.028753993610223738	0.00399361022364223	0.004792332268370647	31496949.0
2024-12-11	0.007154213036565967	-0.00158982511923685	0.007949125596184391	-0.003974562798092266	0.007154213036565967	19540351.0
2024-12-12	0.007103393843725324	0.0007892659826361316	0.012628255722178386	-0.0023677979479083946	0.007103393843725324	27817199.0
2024-12-13	-0.036833855799373094	-0.005485893416927922	-0.005485893416927922	-0.03996865203761754	-0.036833855799373094	43834669.0
2024-12-16	-0.007323026851098443	-0.0024410089503660993	0.0048820179007323435	-0.010577705451586575	-0.007323026851098443	22464555.0
2024-12-17	-0.0040983606557376175	0.0024590163934427164	0.006557377049180334	-0.005737704918032665	-0.0040983606557376175	20408207.0
2024-12-18	0.009053497942386784	0.0032921810699587774	0.015637860082304486	0.0032921810699587774	0.009053497942386784	17145100.0
2024-12-19	-0.0040783034257747906	-0.007340946166394769	-0.0024469820554648743	-0.01305057096247962	-0.0040783034257747906	16602822.0
2024-12-20	0.006552006552006412	0.0040950040950040074	0.00819000819000816	-0.0024570024570025497	0.006552006552006412	15882216.0
2024-12-23	-0.007323026851098443	-0.0016273393002440664	0.0065093572009764095	-0.008136696501220475	-0.007323026851098443	23177311.0
2024-12-24	0.005737704918032811	0.00327868852459024	0.00901639344262305	0.0	0.005737704918032811	15607212.0
2024-12-25	-0.00325998370008143	-0.0008149959250203575	0.001629991850040715	-0.01140994295028515	-0.00325998370008143	15144112.0
2024-12-26	0.008994276369582947	0.003270645952575564	0.01553556827473422	0.002452984464431673	0.008994276369582947	19724780.0
2024-12-27	0.011345218800648345	0.025931928687196133	0.030794165316045445	0.008914100486223616	0.011345218800648345	47237572.0
2024-12-30	0.01121794871794862	0.004807692307692205	0.022435897435897384	0.0024038461538461024	0.01121794871794862	37467921.0
2024-12-31	-0.022979397781299458	-0.000792393026941346	0.003169572107765525	-0.022979397781299458	-0.022979397781299458	27113279.0
