2021-01-06	0.007509386733416833	-0.0062578222778472865	0.007509386733416833	-0.008760951188986269	0.007509386733416833	45819896
2021-01-07	0.0	0.006211180124223469	0.01863354037267063	-0.011180124223602575	0.0	72949289
2021-01-08	-0.008695652173913078	-0.008695652173913078	0.0037267080745340816	-0.01242236024844727	-0.008695652173913078	39710706
2021-01-11	0.0	0.003759398496240521	0.017543859649122653	-0.0025062656641604585	0.0	44474666
2021-01-12	0.007518796992481042	0.0025062656641603475	0.010025062656641612	-0.016290726817042703	0.007518796992481042	59857726
2021-01-13	-0.0024875621890546734	-0.0037313432835820106	0.004975124378109568	-0.0161691542288556	-0.0024875621890546734	57048625
2021-01-14	-0.00872817955112212	-0.0049875311720697195	0.01122194513715709	-0.01246882793017452	-0.00872817955112212	50825826
2021-01-15	0.035220125786163556	0.01635220125786162	0.0666666666666667	0.015094339622641522	0.035220125786163556	149629324
2021-01-18	0.02673147023086256	0.004860267314702205	0.03645200486026718	0.0024301336573511025	0.02673147023086256	109394660
2021-01-19	0.0035502958579883004	-0.0035502958579880905	0.01538461538461548	-0.017751479289940662	0.0035502958579883004	69282831
2021-01-20	-0.014150943396226532	-0.008254716981132108	0.0023584905660376855	-0.018867924528301903	-0.014150943396226532	47858153
2021-01-21	-0.0011961722488038023	-0.0011961722488038023	0.01674641148325366	-0.003588516746411407	-0.0011961722488038023	55829885
2021-01-22	-0.015568862275448984	0.0	0.004790419161676758	-0.029940119760479042	-0.015568862275448984	49192771
2021-01-25	-0.006082725060827337	-0.006082725060827337	0.0	-0.018248175182481792	-0.006082725060827337	32465378
2021-01-26	-0.004895960832313237	0.0012239902080783092	0.01468788249693993	-0.007343941248470073	-0.004895960832313237	32231499
2021-01-27	-0.0012300123001231934	0.0	0.020910209102091012	-0.0036900369003691432	-0.0012300123001231934	48295127
2021-01-28	-0.01724137931034468	-0.009852216748768483	-0.008620689655172232	-0.02093596059113289	-0.01724137931034468	52267850
2021-01-29	0.0025062656641603475	0.0	0.01879699248120305	-0.0037593984962406325	0.0025062656641603475	57362560
2021-02-01	0.030000000000000027	-0.0050000000000000044	0.030000000000000027	-0.006249999999999978	0.030000000000000027	52724078
2021-02-02	-0.0012135922330096828	-0.0060679611650486295	0.023058252427184404	-0.009708737864077678	-0.0012135922330096828	65909665
2021-02-03	0.021871202916160352	-0.0024301336573511025	0.03645200486026718	-0.009720534629404625	0.021871202916160352	87759386
2021-02-04	-0.010701545778834703	-0.005945303210463818	0.013079667063020146	-0.011890606420927425	-0.010701545778834703	71355392
2021-02-05	0.040865384615384595	0.0	0.05408653846153837	0.0	0.040865384615384595	118474309
2021-02-08	0.02540415704387998	0.004618937644341702	0.03579676674364902	-0.012702078521939887	0.02540415704387998	124525293
2021-02-09	0.003378378378378306	-0.009009009009009016	0.006756756756756612	-0.02139639639639654	0.003378378378378306	78333252
2021-02-10	-0.010101010101010085	-0.00448933782267126	0.01571268237934911	-0.02918069584736249	-0.010101010101010085	96613384
2021-02-18	0.001133786848072538	0.0	0.015873015873015938	-0.018140589569161012	0.001133786848072538	95601765
2021-02-19	-0.005662514156285471	-0.004530011325028417	0.010192525481313688	-0.011325028312570741	-0.005662514156285471	74397737
2021-02-22	-0.0011389521640090875	-0.002277904328018175	0.01594533029612763	-0.013667425968109251	-0.0011389521640090875	101412849
2021-02-23	0.015963511972634046	0.0	0.03078677309007977	-0.006841505131128703	0.015963511972634046	108822715
2021-02-24	0.012345679012345616	-0.00448933782267126	0.03703703703703704	-0.005611672278339024	0.012345679012345616	122605010
2021-02-25	0.02771618625277162	0.004434589800443561	0.035476718403547707	-0.01219512195121945	0.02771618625277162	107356511
2021-02-26	-0.0507011866235166	-0.011866235167205981	0.0010787486515641627	-0.0560949298813376	-0.0507011866235166	100731757
2021-03-01	-0.003409090909091038	0.002272727272727224	0.02045454545454542	-0.01022727272727271	-0.003409090909091038	70469390
2021-03-02	0.0	0.0045610034207526715	0.015963511972634046	-0.013683010262257609	0.0	78842408
2021-03-03	0.10034207525655654	-0.005701254275940586	0.10034207525655654	-0.005701254275940586	0.10034207525655654	234148409
2021-03-04	0.0051813471502589565	0.011398963730569889	0.02797927461139892	-0.0031088082901555582	0.0051813471502589565	213411316
2021-03-05	-0.010309278350515427	-0.002061855670103049	0.015463917525773233	-0.03298969072164933	-0.010309278350515427	150991031
2021-03-08	0.006250000000000052	0.01041666666666663	0.05729166666666674	0.005208333333333408	0.006250000000000052	158431772
2021-03-09	-0.00828157349896481	0.006211180124223654	0.026915113871635588	-0.02587991718426501	-0.00828157349896481	120525884
2021-03-10	-0.01565762004175369	-0.007306889352818401	0.009394572025052178	-0.02087682672233813	-0.01565762004175369	79970413
2021-03-11	0.041357370095440146	0.007423117709437994	0.06892895015906685	0.007423117709437994	0.041357370095440146	102963496
2021-03-12	0.023421588594704727	-0.007128309572301455	0.037678207739307454	-0.007128309572301455	0.023421588594704727	98162343
2021-03-15	0.0019900497512437385	-0.006965174129353262	0.032835820895522394	-0.012935323383084655	0.0019900497512437385	112752551
2021-03-16	-0.0009930486593842886	-0.007944389275074485	0.014895729890764682	-0.012909632571996106	-0.0009930486593842886	75357448
2021-03-17	0.01590457256461234	0.0	0.02385685884691851	-0.00795228628230617	0.01590457256461234	83003720
2021-03-18	-0.01565557729941293	-0.003913894324853319	0.010763209393346324	-0.022504892367906107	-0.01565557729941293	80936885
2021-03-19	-0.02882703777335993	0.0019880715705764985	0.010934393638170918	-0.04771371769383702	-0.02882703777335993	84855459
2021-03-22	0.04298874104401228	-0.0071647901740020765	0.04912998976458551	-0.010235414534288603	0.04298874104401228	87767735
2021-03-23	-0.0019627085377820976	0.0009813542688910488	0.011776251226692935	-0.009813542688910663	-0.0019627085377820976	43374930
2021-03-24	-0.02064896755162233	0.0029498525073745683	0.0029498525073745683	-0.03638151425762037	-0.02064896755162233	63473506
2021-03-25	-0.012048192771084437	0.004016064257028026	0.018072289156626477	-0.021084337349397676	-0.012048192771084437	46978076
2021-03-26	0.019308943089430843	0.008130081300813016	0.030487804878048853	-0.002032520325203209	0.019308943089430843	46470262
2021-03-29	0.00498504486540386	-0.0019940179461614732	0.014955134596211402	-0.008973080757726806	0.00498504486540386	35436411
2021-03-30	0.007936507936507943	-0.006944444444444473	0.007936507936507943	-0.01984126984126977	0.007936507936507943	37306995
2021-03-31	-0.003937007874015839	-0.004921259842519755	0.0	-0.021653543307086676	-0.003937007874015839	34126536
2021-04-01	-0.006916996047430683	-0.003952569169960391	0.0019762845849803706	-0.01679841897233201	-0.006916996047430683	32783082
2021-04-02	-0.018905472636816047	-0.003980099502487654	-0.0019900497512439154	-0.022885572139303523	-0.018905472636816047	35722971
2021-04-06	0.0	0.0	0.005070993914807375	-0.01724137931034482	0.0	33661014
2021-04-07	0.012170385395537628	-0.001014198782961439	0.022312373225152195	-0.004056795131845756	0.012170385395537628	29410255
2021-04-08	-0.011022044088176473	0.0	0.0	-0.015030060120240515	-0.011022044088176473	24538805
2021-04-09	-0.0101317122593718	-0.004052684903748647	0.0040526849037488275	-0.014184397163120446	-0.0101317122593718	23319963
2021-04-12	-0.012282497441146288	-0.002047082906857684	0.00409416581371555	-0.015353121801432995	-0.012282497441146288	27573448
2021-04-13	-0.01761658031088082	0.0051813471502589565	0.011398963730569889	-0.026943005181347127	-0.01761658031088082	45894379
2021-04-14	-0.015822784810126618	0.0031645569620252488	0.004219409282700331	-0.02742616033755272	-0.015822784810126618	61714940
2021-04-15	-0.010718113612004249	0.002143622722400812	0.0032154340836012176	-0.027867095391211124	-0.010718113612004249	41613929
2021-04-16	0.0021668472372697264	0.0021668472372697264	0.007583965330444234	-0.007583965330444234	0.0021668472372697264	19414729
2021-04-19	-0.0010810810810810581	-0.003243243243243174	0.0	-0.016216216216216255	-0.0010810810810810581	55090031
2021-04-20	0.024891774891774937	-0.008658008658008665	0.03246753246753235	-0.009740259740259724	0.024891774891774937	61431559
2021-04-21	0.03167898627243917	-0.007391763463569195	0.04857444561774013	-0.008447729672650481	0.03167898627243917	66648570
2021-04-22	-0.020470829068577206	0.006141248720573234	0.0071647901740020765	-0.027635619242579283	-0.020470829068577206	33431936
2021-04-23	-0.0020898641588296316	0.0	0.009404388714733527	-0.008359456635318712	-0.0020898641588296316	26143488
2021-04-26	-0.006282722513089057	0.00418848167539258	0.02198952879581142	-0.008376963350785346	-0.006282722513089057	32922692
2021-04-27	0.02002107481559531	0.0010537407797681546	0.02212855637513162	-0.004214963119072805	0.02002107481559531	25301020
2021-04-28	-0.005165289256198237	0.005165289256198421	0.007231404958677716	-0.020661157024793316	-0.005165289256198237	24841426
2021-04-29	0.029075804776739288	0.0	0.03219106957424701	0.0	0.029075804776739288	45154330
2021-04-30	-0.07467204843592333	-0.04339051463168514	-0.04339051463168514	-0.08678102926337028	-0.07467204843592333	154546541
2021-05-06	0.00872410032715377	-0.010905125408942165	0.01853871319520174	-0.01199563794983636	0.00872410032715377	53285711
2021-05-07	0.019459459459459427	0.0	0.046486486486486456	-0.0010810810810810581	0.019459459459459427	59012300
2021-05-10	-0.0031813361611876313	-0.005302226935312719	-0.0010604453870625436	-0.023329798515376338	-0.0031813361611876313	36209627
2021-05-11	0.004255319148936079	-0.011702127659574596	0.009574468085106367	-0.015957446808510675	0.004255319148936079	34456558
2021-05-12	0.030720338983050946	-0.0010593220338982825	0.0338983050847458	-0.006355932203389696	0.030720338983050946	54331068
2021-05-13	0.004110996916752225	-0.0020554984583761125	0.010277492291880744	-0.007194244604316576	0.004110996916752225	39375049
2021-05-14	0.00921187308085976	0.008188331627430918	0.011258955987717627	-0.014329580348003971	0.00921187308085976	38722092
2021-05-17	-0.001014198782961439	-0.005070993914807195	0.01622718052738338	-0.00811359026369169	-0.001014198782961439	36686320
2021-05-18	-0.0060913705583756856	-0.0060913705583756856	0.003045685279187933	-0.01624365482233504	-0.0060913705583756856	21192512
2021-05-19	0.0020429009193055517	-0.0020429009193053704	0.007150153217568978	-0.022471910112359435	0.0020429009193055517	46979411
2021-05-20	0.03058103975535157	-0.003058103975535284	0.033639143730886854	-0.015290519877675877	0.03058103975535157	57926651
2021-05-21	-0.025717111770524215	0.0	0.003956478733926897	-0.026706231454005892	-0.025717111770524215	33677612
2021-05-24	-0.0030456852791877526	0.0	0.007106598984771602	-0.00812182741116752	-0.0030456852791877526	16381712
2021-05-25	0.04073319755600818	-0.0010183299389001819	0.04073319755600818	-0.0050916496945010905	0.04073319755600818	58408890
2021-05-26	0.013698630136986183	0.0	0.028375733855185825	-0.011741682974559783	0.013698630136986183	55108670
2021-05-27	0.0038610038610039504	-0.0019305019305018896	0.0038610038610039504	-0.021235521235521127	0.0038610038610039504	41161140
2021-05-28	-0.011538461538461635	-0.006730769230769258	0.002884615384615323	-0.013461538461538516	-0.011538461538461635	26650787
2021-05-31	0.021400778210116794	0.010700389105058484	0.021400778210116794	-0.004863813229571881	0.021400778210116794	35795329
2021-06-01	-0.00476190476190483	-0.0009523809523809321	0.0028571428571427964	-0.021904761904761944	-0.00476190476190483	41273062
2021-06-02	0.005741626794258421	-0.0009569377990430418	0.01531100478468901	-0.019138755980861177	0.005741626794258421	45185963
2021-06-03	-0.002854424357754459	-0.0009514747859181529	0.016175071360608938	-0.002854424357754459	-0.002854424357754459	38964867
2021-06-04	-0.011450381679389407	-0.028625954198473347	-0.0047709923664122815	-0.03339694656488546	-0.011450381679389407	33966284
2021-06-07	-0.013513513513513398	-0.002895752895752834	-0.002895752895752834	-0.026061776061776024	-0.013513513513513398	37426652
2021-06-08	-0.014677103718199642	0.0	0.0009784735812132864	-0.020547945205479534	-0.014677103718199642	29855194
2021-06-09	0.005958291956305908	-0.001986097318768577	0.010923535253227352	-0.003972194637537331	0.005958291956305908	28116316
2021-06-10	0.03356367226061203	0.012833168805528036	0.04540967423494561	0.012833168805528036	0.03356367226061203	98891353
2021-06-11	-0.02674307545367728	0.0028653295128939216	0.0076408787010506275	-0.03056351480420251	-0.02674307545367728	95705021
2021-06-15	-0.01668302257114818	-0.02551521099116779	0.0058881256133464675	-0.03729146221786055	-0.01668302257114818	126417397
2021-06-16	0.029940119760479115	0.0049900199600799115	0.03992015968063876	0.0029940119760480176	0.029940119760479115	59751493
2021-06-17	0.014534883720930267	0.004844961240309974	0.022286821705426396	-0.006782945736434136	0.014534883720930267	59686497
2021-06-18	-0.018147086914995347	0.011461318051575856	0.012416427889207163	-0.02005730659025796	-0.018147086914995347	39882315
2021-06-21	-0.017509727626459116	-0.0019455252918287524	-0.0019455252918287524	-0.0252918287937743	-0.017509727626459116	46408063
2021-06-22	0.030693069306930745	0.002970297029703083	0.03960396039603964	0.002970297029703083	0.030693069306930745	37414291
2021-06-23	-0.015369836695485124	0.0019212295869355978	0.002881844380403397	-0.02017291066282429	-0.015369836695485124	37646924
2021-06-24	-0.0039024390243901606	0.0029268292682926205	0.01756097560975607	-0.010731707317073116	-0.0039024390243901606	44432135
2021-06-25	0.05778648383937315	-0.006856023506366334	0.07051909892262476	-0.00881488736532827	0.05778648383937315	64224877
2021-06-28	-0.023148148148148147	0.0018518518518518122	0.005555555555555437	-0.03611111111111116	-0.023148148148148147	52220009
2021-06-29	-0.01990521327014226	-0.0028436018957347046	0.006635071090047251	-0.022748815165876797	-0.01990521327014226	32074059
2021-06-30	0.017408123791102487	0.001934235976789127	0.02321083172147004	-0.0009671179883945635	0.017408123791102487	28646874
2021-07-01	0.042775665399239646	0.0028517110266160777	0.051330798479087544	0.001901140684410606	0.042775665399239646	78073792
2021-07-02	-0.017319963536918986	-0.00638103919781224	-0.0009115770282588683	-0.021877848678213328	-0.017319963536918986	39819375
2021-07-05	0.009276437847866551	-0.004638218923933111	0.01298701298701304	-0.01762523191094615	0.009276437847866551	34652195
2021-07-06	0.01102941176470581	-0.0009191176470589672	0.019301470588235208	-0.009191176470588366	0.01102941176470581	35569472
2021-07-07	-0.014545454545454558	-0.0009090909090908897	0.007272727272727279	-0.02000000000000006	-0.014545454545454558	39423496
2021-07-08	-0.023985239852398504	0.009225092250922476	0.012915129151291565	-0.04428044280442808	-0.023985239852398504	68213975
2021-07-09	-0.03024574669187148	-0.004725897920604982	0.0009451795841209628	-0.035916824196597426	-0.03024574669187148	51173998
2021-07-12	-0.02631578947368417	0.011695906432748635	0.01754385964912278	-0.03996101364522418	-0.02631578947368417	82577908
2021-07-13	0.004004004004003919	-0.003003003003002939	0.011011011011010954	-0.014014014014014071	0.004004004004003919	39214517
2021-07-14	-0.018943170488534347	-0.0029910269192422096	-0.0019940179461614732	-0.029910269192422626	-0.018943170488534347	50138016
2021-07-15	0.04268292682926829	0.003048780487804813	0.0508130081300813	0.003048780487804813	0.04268292682926829	54709552
2021-07-16	-0.003898635477582763	-0.003898635477582763	0.00974658869395708	-0.016569200779727088	-0.003898635477582763	38380839
2021-07-19	-0.020547945205479534	-0.0009784735812132864	-0.0009784735812132864	-0.03424657534246589	-0.020547945205479534	38181408
2021-07-20	-0.010989010989010933	0.009990009990009955	0.028971028971029066	-0.012987012987012887	-0.010989010989010933	48750208
2021-07-21	-0.007070707070707099	0.0050505050505049425	0.009090909090909077	-0.016161616161616175	-0.007070707070707099	53793674
2021-07-22	0.006103763987792522	-0.003051881993896171	0.013224821973550436	-0.008138351983723303	0.006103763987792522	30324873
2021-07-23	0.0040444893832152825	-0.0030333670374116414	0.010111223458038386	-0.014155712841253849	0.0040444893832152825	26830825
2021-07-26	-0.067472306143001	-0.00503524672708952	-0.00503524672708952	-0.07351460221550861	-0.067472306143001	70313686
2021-07-27	-0.037796976241900614	0.012958963282937472	0.012958963282937472	-0.041036717062634884	-0.037796976241900614	82173354
2021-07-28	0.03142536475869802	0.007856341189674555	0.03815937149270481	0.0	0.03142536475869802	48768830
2021-07-29	-0.0261153427638738	-0.0010881392818280508	0.010881392818280702	-0.030467899891186003	-0.0261153427638738	43347537
2021-07-30	-0.024581005586592052	-0.004469273743016665	-0.0033519553072624986	-0.02569832402234622	-0.024581005586592052	39319146
2021-08-02	0.013745704467353861	-0.003436426116838618	0.026345933562428456	-0.02290950744559004	0.013745704467353861	52676154
2021-08-03	-0.011299435028248548	-0.004519774011299339	-0.0011299435028248347	-0.02372881355932193	-0.011299435028248548	37768703
2021-08-04	-0.014857142857142947	-0.004571428571428474	0.002285714285714237	-0.0182857142857143	-0.014857142857142947	35688347
2021-08-05	-0.01044083526682133	-0.0011600928074245694	0.00928074245939676	-0.0116009280742459	-0.01044083526682133	29109311
2021-08-06	-0.0035169988276669826	0.001172332942555661	0.00234466588511153	-0.01641266119577946	-0.0035169988276669826	28150517
2021-08-09	0.01999999999999999	0.0	0.04352941176470579	-0.005882352941176554	0.01999999999999999	72249623
2021-08-10	0.05536332179930801	0.0011534025374855578	0.06343713956170711	-0.0023068050749711156	0.05536332179930801	85317309
2021-08-11	0.02404371584699441	-0.002185792349726729	0.04918032786885238	-0.002185792349726729	0.02404371584699441	75166310
2021-08-12	-0.00853788687299894	0.0	0.012806830309498507	-0.011739594450373474	-0.00853788687299894	43700011
2021-08-13	-0.005382131324004192	0.0010764262648010295	0.007534983853606059	-0.015069967707211928	-0.005382131324004192	38327097
2021-08-16	0.0032467532467531776	0.009740259740259724	0.012987012987012903	-0.007575757575757606	0.0032467532467531776	27721973
2021-08-17	-0.014023732470334305	-0.0021574973031283254	0.008629989212513492	-0.016181229773462823	-0.014023732470334305	23161563
2021-08-18	0.035010940919037226	0.0	0.04048140043763667	-0.0032822757111598618	0.035010940919037226	47378722
2021-08-19	-0.04756871035940814	-0.004228329809725256	-0.003171247357293989	-0.05285412262156448	-0.04756871035940814	72003127
2021-08-20	0.015538290788013382	0.007769145394006691	0.031076581576026566	-0.02552719200887907	0.015538290788013382	90422595
2021-08-23	0.02185792349726768	-0.005464480874317017	0.02841530054644806	-0.006557377049180382	0.02185792349726768	59636024
2021-08-24	0.013903743315508105	0.006417112299465294	0.019251336898395692	0.0010695187165775174	0.013903743315508105	47027425
2021-08-25	-0.013713080168776454	-0.003164556962025436	0.0031645569620252488	-0.018987341772151868	-0.013713080168776454	40467865
2021-08-26	-0.02780748663101602	0.0	0.0	-0.029946524064171056	-0.02780748663101602	51153563
2021-08-27	0.009900990099009885	0.00330033003300323	0.020902090209020847	0.0011001100110010766	0.009900990099009885	25480486
2021-08-30	-0.01742919389978215	-0.007625272331154715	-0.0032679738562090806	-0.030501089324618667	-0.01742919389978215	53767339
2021-08-31	0.03991130820399127	-0.005543237250554206	0.04101995565410211	-0.005543237250554206	0.03991130820399127	53748541
2021-09-01	0.02558635394456273	0.0021321961620468627	0.03411513859275037	-0.005330490405117346	0.02558635394456273	61290168
2021-09-02	-0.007276507276507122	-0.002079002079002035	-0.0010395010395010174	-0.018711018711018684	-0.007276507276507122	34852666
2021-09-03	-0.009424083769633492	0.0031413612565444355	0.007329842931937016	-0.028272251308900664	-0.009424083769633492	66977900
2021-09-06	0.0	-0.003171247357293989	0.011627906976744125	-0.007399577167019057	0.0	30014112
2021-09-07	0.025369978858350784	0.001057082452431267	0.027484143763213505	-0.010570824524313046	0.025369978858350784	55450089
2021-09-08	0.0030927835051547566	-0.004123711340206098	0.013402061855670184	-0.016494845360824757	0.0030927835051547566	55533996
2021-09-09	-0.013360739979445094	-0.008221993833504632	0.0010277492291880562	-0.015416238437821207	-0.013360739979445094	35158047
2021-09-10	0.016666666666666684	0.0010416666666666445	0.03854166666666677	0.0010416666666666445	0.016666666666666684	54531139
2021-09-13	0.0	0.0	0.009221311475409822	-0.01331967213114744	0.0	30014912
2021-09-14	-0.03073770491803268	-0.003073770491803213	0.0020491803278688088	-0.033811475409836075	-0.03073770491803268	38559832
2021-09-15	-0.015856236786469382	-0.00634249471458779	0.0	-0.020084566596194637	-0.015856236786469382	27896460
2021-09-16	-0.004296455424275072	-0.003222341568206352	0.011815252416756114	-0.004296455424275072	-0.004296455424275072	28699587
2021-09-17	0.0021574973031283254	0.0021574973031283254	0.012944983818770335	-0.00755124056094933	0.0021574973031283254	22167477
2021-09-22	-0.024757804090419663	-0.029063509149623207	-0.018299246501614633	-0.031216361679224883	-0.024757804090419663	39129290
2021-09-23	0.0	0.004415011037527499	0.020971302428256015	-0.005518763796909571	0.0	27654638
2021-09-24	-0.008830022075055195	0.0	0.004415011037527499	-0.012141280353201016	-0.008830022075055195	24310752
2021-09-27	-0.010022271714922032	-0.003340757238307476	0.005567928730512131	-0.02672605790645882	-0.010022271714922032	38441671
2021-09-28	0.02024746906636667	0.002249718785151808	0.030371203599550006	-0.0056242969628797195	0.02024746906636667	40984394
2021-09-29	0.007717750826901905	-0.006615214994487376	0.016538037486218342	-0.007717750826901905	0.007717750826901905	31937153
2021-09-30	-0.009846827133479195	-0.0032822757111598618	-0.0032822757111598618	-0.01969365426695839	-0.009846827133479195	22324872
2021-10-08	0.015469613259668374	0.0	0.020994475138121492	0.0	0.015469613259668374	25501866
2021-10-11	0.04896626768226345	0.0010881392818280508	0.058759521218716096	0.0010881392818280508	0.04896626768226345	75373675
2021-10-12	0.012448132780082905	-0.006224066390041545	0.024896265560165994	-0.008298755186721999	0.012448132780082905	62216579
2021-10-13	-0.003073770491803213	0.0061475409836066084	0.007172131147541013	-0.018442622950819644	-0.003073770491803213	33674760
2021-10-14	-0.015416238437821207	0.007194244604316576	0.008221993833504632	-0.015416238437821207	-0.015416238437821207	17888680
2021-10-15	0.027139874739039643	0.004175365344467552	0.035490605427974935	0.0	0.027139874739039643	47412742
2021-10-18	-0.006097560975609807	-0.002032520325203209	0.01829268292682924	-0.013211382113821037	-0.006097560975609807	41307229
2021-10-19	0.0265848670756646	-0.005112474437627703	0.033742331288343565	-0.005112474437627703	0.0265848670756646	46162413
2021-10-20	-0.014940239043824561	0.003984063745020013	0.006972111553784889	-0.019920318725099532	-0.014940239043824561	28843410
2021-10-21	0.01718907987866531	0.01820020222446913	0.023255813953488233	0.0	0.01718907987866531	35777292
2021-10-22	0.0019880715705764985	0.003976143141152997	0.027833001988071506	-0.001988071570576675	0.0019880715705764985	38058286
2021-10-25	0.0	-0.008928571428571414	0.000992063492063471	-0.02380952380952383	0.0	30167742
2021-10-26	0.001984126984126942	0.0	0.01785714285714283	-0.006944444444444473	0.001984126984126942	25869628
2021-10-27	-0.004950495049504845	-0.002970297029702907	0.004950495049505021	-0.017821782178217796	-0.004950495049504845	26246016
2021-10-28	-0.010945273631840915	-0.000995024875622046	0.004975124378109346	-0.01592039800995026	-0.010945273631840915	22975378
2021-10-29	-0.024144869215291773	0.003018108651911583	0.006036217303822988	-0.029175050301810782	-0.024144869215291773	46469607
2021-11-01	0.02886597938144342	0.011340206185567135	0.038144329896907324	0.007216494845360855	0.02886597938144342	54169059
2021-11-02	-0.04108216432865733	0.007014028056112252	0.007014028056112252	-0.04909819639278559	-0.04108216432865733	64572332
2021-11-03	0.01985370950888187	0.00626959247648908	0.02403343782654132	-0.005224660397074264	0.01985370950888187	36426079
2021-11-04	-0.017418032786885237	0.0	0.0	-0.021516393442622857	-0.017418032786885237	27841635
2021-11-05	-0.015641293013555824	-0.005213764337852003	-0.002085505735140727	-0.016684045881126187	-0.015641293013555824	22769764
2021-11-08	-0.003177966101694848	-0.003177966101694848	0.007415254237288166	-0.00423728813559313	-0.003177966101694848	14027271
2021-11-09	0.0	0.011689691817215667	0.01487778958554735	-0.0021253985122209962	0.0	16152488
2021-11-10	0.005313496280552679	0.0	0.006376195536663177	-0.011689691817215667	0.005313496280552679	18243960
2021-11-11	0.013742071881606659	-0.0010570824524314547	0.01691331923890046	-0.005285412262156523	0.013742071881606659	28144837
2021-11-12	-0.002085505735140727	0.0010427528675703635	0.009384775808133457	-0.007299270072992731	-0.002085505735140727	20315864
2021-11-15	0.005224660397074078	-0.0020898641588296316	0.00626959247648908	-0.007314524555903896	0.005224660397074078	15676742
2021-11-16	-0.017671517671517666	0.0020790020790022196	0.0020790020790022196	-0.022869022869022752	-0.017671517671517666	25257135
2021-11-17	-0.004232804232804143	-0.0031746031746031074	0.0010582010582012237	-0.00740740740740725	-0.004232804232804143	14547963
2021-11-18	-0.0031880977683314943	0.0	0.0031880977683314943	-0.006376195536663177	-0.0031880977683314943	17034531
2021-11-19	0.0042643923240937255	0.0	0.007462686567164019	-0.014925373134328417	0.0042643923240937255	23577356
2021-11-22	-0.01380042462845019	-0.0021231422505307404	-0.0010615711252653702	-0.01486199575371556	-0.01380042462845019	20697020
2021-11-23	-0.007534983853605868	-0.0021528525296016766	0.0	-0.008611410118406706	-0.007534983853605868	25667166
2021-11-24	-0.00216919739696327	0.0	0.003253796095444616	-0.008676789587852502	-0.00216919739696327	21589225
2021-11-25	-0.004347826086956429	0.0	0.0010869565217393005	-0.008695652173913052	-0.004347826086956429	17454127
2021-11-26	-0.0076419213973799435	0.0010917030567685357	0.0054585152838428725	-0.00873362445414848	-0.0076419213973799435	24276595
2021-11-29	-0.006600660066006655	-0.009900990099009885	0.0044004400440045026	-0.011001100110010962	-0.006600660066006655	24731021
2021-11-30	0.0044296788482836025	0.0022148394241418993	0.01328903654485061	0.0022148394241418993	0.0044296788482836025	25852466
2021-12-01	0.009922822491730965	-0.003307607497243786	0.013230429988974555	-0.0044101433296583155	0.009922822491730965	23605695
2021-12-02	-0.0010917030567685357	-0.004366812227074336	0.004366812227074143	-0.006550218340611408	-0.0010917030567685357	23513637
2021-12-03	0.005464480874316823	0.0010928961748633646	0.009836065573770475	-0.007650273224043746	0.005464480874316823	26705081
2021-12-06	0.0010869565217393005	0.011956521739130567	0.01521739130434789	0.0010869565217393005	0.0010869565217393005	36864058
2021-12-07	0.014115092290987947	0.004343105320303925	0.021715526601520006	0.0021715526601519624	0.014115092290987947	43007644
2021-12-08	-0.00856531049250536	-0.0010706638115631465	0.0	-0.013918629550321093	-0.00856531049250536	40497167
2021-12-09	0.009719222462203008	-0.0021598272138228483	0.020518358531317442	-0.004319654427645697	0.009719222462203008	40774254
2021-12-10	-0.005347593582887587	-0.009625668449197846	0.0	-0.010695187165775364	-0.005347593582887587	34140269
2021-12-13	-0.013978494623655998	0.001075268817204278	0.010752688172042972	-0.015053763440860275	-0.013978494623655998	35557832
2021-12-14	-0.006543075245365376	-0.0021810250817883943	0.006543075245365376	-0.009814612868047967	-0.006543075245365376	39252017
2021-12-15	-0.005488474204171124	0.0021953896816686446	0.003293084522502869	-0.009879253567508219	-0.005488474204171124	38049962
2021-12-16	0.006622516556291249	0.0022075055187637496	0.00993377483443707	-0.0022075055187639457	0.006622516556291249	26774866
2021-12-17	-0.010964912280701716	0.0	0.004385964912280803	-0.010964912280701716	-0.010964912280701716	34614414
2021-12-20	-0.006651884700665047	0.0	0.004434589800443561	-0.006651884700665047	-0.006651884700665047	29714397
2021-12-21	0.008928571428571237	0.0	0.013392857142857054	0.0	0.008928571428571237	21472782
2021-12-22	0.0	0.002212389380531123	0.004424778761062049	-0.0022123893805309266	0.0	16609481
2021-12-23	-0.00331858407079639	0.0011061946902656597	0.0033185840707965863	-0.007743362831858243	-0.00331858407079639	22035250
2021-12-24	-0.00998890122086569	0.0022197558268589983	0.0022197558268589983	-0.012208657047724688	-0.00998890122086569	22312252
2021-12-27	-0.010089686098654693	0.0033632286995514977	0.006726457399103195	-0.014573991031390222	-0.010089686098654693	40116328
2021-12-28	0.010192525481313688	0.0	0.012457531143827794	0.0	0.010192525481313688	34747954
2021-12-29	-0.0033632286995514977	-0.0022421524663676653	0.006726457399103195	-0.0044843049327353305	-0.0033632286995514977	20385560
2021-12-30	0.004499437570303616	-0.003374578177727912	0.007874015748031527	-0.003374578177727912	0.004499437570303616	16358388
2021-12-31	0.003359462486002367	0.0	0.005599104143337146	-0.0022396416573347787	0.003359462486002367	20405775
2022-01-04	0.008928571428571237	-0.0011160714285716028	0.01227678571428565	-0.006696428571428627	0.008928571428571237	35230877
2022-01-05	0.012168141592920489	0.0011061946902656597	0.02101769911504439	-0.0011061946902654633	0.012168141592920489	49888712
2022-01-06	0.00874316939890711	0.0	0.01639344262295086	-0.003278688524590288	0.00874316939890711	51452313
2022-01-07	0.004333694474539453	0.0	0.00975081256771396	-0.003250270855904782	0.004333694474539453	29656928
2022-01-10	0.008629989212513492	0.0	0.016181229773462823	-0.004314994606256651	0.008629989212513492	38837443
2022-01-11	0.02780748663101602	0.003208556149732742	0.037433155080213866	0.0010695187165775174	0.02780748663101602	72204955
2022-01-12	0.01352757544224774	0.0	0.02081165452653497	-0.006243496357960325	0.01352757544224774	60121817
2022-01-13	0.0061601642710472785	-0.003080082135523548	0.015400410677618106	-0.0051334702258727626	0.0061601642710472785	45420684
2022-01-14	-0.03265306122448982	-0.0010204081632654656	-0.0010204081632654656	-0.037755102040816425	-0.03265306122448982	50477779
2022-01-17	0.004219409282700331	0.0010548523206750828	0.010548523206751016	-0.007383966244725768	0.004219409282700331	22390699
2022-01-18	0.033613445378151294	0.0010504201680672045	0.034663865546218496	0.0010504201680672045	0.033613445378151294	41270783
2022-01-19	0.005081300813008202	-0.005081300813008202	0.014227642276422823	-0.011178861788617829	0.005081300813008202	37475360
2022-01-20	0.019211324570272952	-0.002022244691607821	0.026289180990899875	-0.006066734074823103	0.019211324570272952	54617426
2022-01-21	-0.0059523809523810015	-0.001984126984126942	0.0059523809523810015	-0.02083333333333342	-0.0059523809523810015	42782152
2022-01-24	-0.0019960079840318935	0.0	0.01696606786427145	-0.013972055888223433	-0.0019960079840318935	39500695
2022-01-25	-0.005000000000000071	-0.002999999999999936	0.0009999999999999788	-0.01799999999999997	-0.005000000000000071	37574469
2022-01-26	-0.01306532663316573	-0.007035175879396835	0.0020100502512564174	-0.018090452261306504	-0.01306532663316573	37727281
2022-01-27	0.017311608961303456	0.0	0.02851323828920564	-0.0050916496945010905	0.017311608961303456	42109616
2022-01-28	-0.017017017017017008	-0.007007007007007036	-0.0020020020020019595	-0.01801801801801799	-0.017017017017017008	35028530
2022-02-07	0.01934826883910382	0.011201629327902182	0.031568228105906364	0.007128309572301455	0.01934826883910382	37337741
2022-02-08	0.010989010989010933	0.0019980019980019555	0.01898101898101893	-0.0019980019980019555	0.010989010989010933	38233608
2022-02-09	-0.019762845849802303	0.0029644268774704683	0.01284584980237162	-0.02371541501976269	-0.019762845849802303	53853121
2022-02-10	0.01713709677419354	-0.0010080645161290108	0.01814516129032255	-0.008064516129032265	0.01713709677419354	45293198
2022-02-11	0.024777006937561942	-0.0009910802775024566	0.044598612487611426	-0.0019821605550049133	0.024777006937561942	69065074
2022-02-14	-0.021276595744680913	-0.00773694390715668	0.00483558994197299	-0.02611218568665373	-0.021276595744680913	47425186
2022-02-15	-0.018774703557312204	0.0	0.01284584980237162	-0.024703557312252968	-0.018774703557312204	42948869
2022-02-16	0.007049345417925507	0.005035246727089699	0.019133937562940535	0.002014098690835808	0.007049345417925507	24523157
2022-02-17	0.016000000000000014	-0.0009999999999999788	0.021000000000000085	-0.005000000000000071	0.016000000000000014	28178484
2022-02-18	0.013779527559055173	-0.001968503937007832	0.01968503937007867	-0.006889763779527587	0.013779527559055173	32598487
2022-02-21	-0.0019417475728156649	-0.004854368932038904	-0.0009708737864079187	-0.018446601941747697	-0.0019417475728156649	26017426
2022-02-22	-0.0068093385214006335	-0.007782101167315182	0.0	-0.015564202334630364	-0.0068093385214006335	21302405
2022-02-23	-0.016650342801175486	0.00391772771792352	0.004897159647404401	-0.019588638589618124	-0.016650342801175486	25453292
2022-02-24	-0.008964143426294808	-0.002988047808764877	0.001992031872510095	-0.013944223107569601	-0.008964143426294808	28058805
2022-02-25	-0.01306532663316573	0.004020100502512656	0.005025125628140776	-0.020100502512562745	-0.01306532663316573	34993966
2022-02-28	-0.006109979633401272	-0.0020366598778003638	0.00509164969450091	-0.015274949083503091	-0.006109979633401272	34953800
2022-03-01	0.018442622950819644	0.0040983606557378	0.02868852459016387	-0.005122950819672022	0.018442622950819644	48673922
2022-03-02	0.009054325955734393	-0.010060362173038195	0.014084507042253579	-0.012072434607645796	0.009054325955734393	32696169
2022-03-03	0.022931206380857473	0.005982053838484596	0.023928215353938208	0.00199401794616165	0.022931206380857473	46876755
2022-03-04	0.00877192982456139	0.003898635477582936	0.015594541910331399	-0.012670565302144153	0.00877192982456139	40495330
2022-03-07	0.0	-0.0028985507246376196	0.019323671497584644	-0.006763285024154617	0.0	50354055
2022-03-08	-0.02318840579710147	0.004830917874396204	0.011594202898550822	-0.029951690821256087	-0.02318840579710147	45809023
2022-03-09	-0.009891196834816979	0.003956478733926897	0.010880316518298834	-0.04352126607319481	-0.009891196834816979	58539588
2022-03-10	0.0009990009990009777	0.013986013986014043	0.019980019980020088	-0.0029970029970029332	0.0009990009990009777	36859333
2022-03-11	0.01097804391217577	-0.005988023952095681	0.017964071856287397	-0.021956087824351184	0.01097804391217577	33704932
2022-03-14	-0.022704837117472895	-0.009871668311944859	0.015794669299111386	-0.023692003948667342	-0.022704837117472895	47124690
2022-03-15	-0.03434343434343433	-0.006060606060606111	0.0010101010101009886	-0.04444444444444439	-0.03434343434343433	81273249
2022-03-16	0.0240585774058576	0.002092050209204976	0.03556485355648534	-0.0376569037656905	0.0240585774058576	74003570
2022-03-17	0.003064351378958237	0.00919305413687453	0.02655771195097054	-0.0020429009193053704	0.003064351378958237	36899632
2022-03-18	0.02953156822810582	0.003054989816700546	0.03869653767820764	-0.0020366598778003638	0.02953156822810582	43613865
2022-03-21	0.0009891196834816802	0.005934718100890257	0.03066271018793279	-0.012858555885262019	0.0009891196834816802	45113055
2022-03-22	0.04446640316205545	-0.0029644268774702926	0.055335968379446696	-0.005928853754940585	0.04446640316205545	70395090
2022-03-23	-0.019867549668874253	-0.003784295175023739	0.003784295175023571	-0.023651844843897825	-0.019867549668874253	42186560
2022-03-24	0.0019305019305020609	-0.0009652509652509448	0.01351351351351357	-0.005791505791505668	0.0019305019305020609	20631293
2022-03-25	0.0	0.0009633911368015208	0.013487475915221463	-0.00963391136801555	0.0	22577603
2022-03-28	-0.007707129094412337	-0.0038535645472062546	0.0038535645472060833	-0.02215799614643549	-0.007707129094412337	25947183
2022-03-29	0.015533980582524285	0.0009708737864077462	0.021359223300970762	-0.00582524271844665	0.015533980582524285	31367365
2022-03-30	0.00764818355640519	-0.0038240917782027648	0.009560229445506658	-0.02294455066921608	0.00764818355640519	47505114
2022-03-31	0.012333965844402352	-0.011385199240986644	0.03225806451612919	-0.013282732447817724	0.012333965844402352	47914258
2022-04-01	0.02905342080599817	-0.0028116213683223395	0.0309278350515464	-0.007497656982193072	0.02905342080599817	61159162
2022-04-06	0.0364298724954463	-0.004553734061930848	0.05464480874316936	-0.009107468123861534	0.0364298724954463	84990987
2022-04-07	0.006151142355008656	0.0035149384885763747	0.027240773286467374	-0.008787346221441249	0.006151142355008656	57040567
2022-04-08	0.010480349344978254	-0.007860262008733613	0.013973799126637567	-0.014847161572052396	0.010480349344978254	43394586
2022-04-11	-0.027657735522904087	-0.005185825410544555	-0.005185825410544555	-0.031979256698357904	-0.027657735522904087	40354636
2022-04-12	0.0026666666666666098	0.0	0.01866666666666674	-0.011555555555555624	0.0026666666666666098	37795809
2022-04-13	0.012411347517730547	-0.0070921985815602905	0.03102836879432637	-0.010638297872340358	0.012411347517730547	39538387
2022-04-14	-0.010507880910682945	0.007005253940455348	0.013134851138353797	-0.02364273204903674	-0.010507880910682945	54727501
2022-04-15	0.05309734513274333	-0.009734513274336389	0.06194690265486719	-0.009734513274336389	0.05309734513274333	70066283
2022-04-18	-0.010924369747899225	-0.025210084033613505	0.002521008403361291	-0.03109243697479	-0.010924369747899225	60435456
2022-04-19	0.0	-0.003398470688190242	0.0059473237043330745	-0.017841971112999074	0.0	60594447
2022-04-20	-0.005097706032285363	0.005097706032285514	0.01444350042480883	-0.010195412064570877	-0.005097706032285363	50475761
2022-04-21	0.007685738684884701	-0.007685738684884853	0.02134927412467976	-0.011955593509820714	0.007685738684884701	60369359
2022-04-22	0.03389830508474564	-0.0033898305084746542	0.054237288135593115	-0.005932203389830532	0.03389830508474564	69545569
2022-04-25	-0.025409836065573666	-0.0008196721311475235	0.008196721311475526	-0.027868852459016383	-0.025409836065573666	66063196
2022-04-26	-0.011774600504625784	-0.0008410428931875346	0.00925147182506303	-0.017661900756938676	-0.011774600504625784	46461835
2022-04-27	-0.02297872340425528	-0.011914893617021326	0.007659574468085095	-0.03914893617021284	-0.02297872340425528	96194059
2022-04-28	0.02700348432055738	-0.0069686411149825845	0.03048780487804875	-0.0069686411149825845	0.02700348432055738	54994846
2022-04-29	-0.01611535199321455	-0.0033927056827819466	-0.0033927056827819466	-0.03392705682782007	-0.01611535199321455	64748964
2022-05-05	0.000862068965517223	0.002586206896551822	0.016379310344827543	-0.00775862068965516	0.000862068965517223	41038607
2022-05-06	-0.025839793281653655	-0.005167958656330639	-0.0008613264427217732	-0.025839793281653655	-0.025839793281653655	24712832
2022-05-09	-0.0424403183023873	-0.0008841732979663825	0.0	-0.055702917771883353	-0.0424403183023873	53778763
2022-05-10	0.014773776546629746	0.002770083102493016	0.02031394275161594	-0.0046168051708218565	0.014773776546629746	68560727
2022-05-11	0.0009099181073703173	-0.0027297543221109517	0.013648771610555083	-0.016378525932666033	0.0009099181073703173	57449941
2022-05-12	0.01818181818181812	0.0	0.029090909090909115	-0.011818181818181889	0.01818181818181812	41091338
2022-05-13	0.03214285714285725	0.003571428571428654	0.047321428571428674	0.0008928571428572825	0.03214285714285725	52559113
2022-05-16	-0.041522491349481	-0.006920415224913501	-0.005190311418685164	-0.04498269896193783	-0.041522491349481	59351031
2022-05-17	0.05415162454873643	0.006317689530685946	0.06498194945848382	0.006317689530685946	0.05415162454873643	71747975
2022-05-18	-0.03082191780821913	-0.0034246575342465023	0.0	-0.040239726027397164	-0.03082191780821913	74584024
2022-05-19	0.005300353356890503	0.005300353356890503	0.017667844522968136	-0.003533568904593721	0.005300353356890503	43622686
2022-05-20	-0.0008787346221442498	-0.0008787346221442498	0.006151142355008656	-0.012302284710017623	-0.0008787346221442498	48429890
2022-05-23	-0.02462620932277919	-0.005277044854881154	-0.004397537379067629	-0.032541776605101075	-0.02462620932277919	50811620
2022-05-24	-0.02254283137962128	0.002705139765554496	0.0036068530207394884	-0.027051397655545602	-0.02254283137962128	52823785
2022-05-25	0.019372693726937347	-0.003690036900368925	0.023062730627306273	-0.005535055350553551	0.019372693726937347	42947838
2022-05-26	0.010859728506787259	-0.004524886877828118	0.019004524886877743	-0.006334841628959301	0.010859728506787259	39967652
2022-05-27	-0.003581020590868321	-0.0017905102954341606	0.011638316920322363	-0.008057296329453881	-0.003581020590868321	25316670
2022-05-30	-0.021563342318059318	0.0	0.008086253369272224	-0.02785265049415997	-0.021563342318059318	53350348
2022-05-31	-0.008264462809917342	-0.0027548209366392226	0.012855831037649108	-0.01285583103764927	-0.008264462809917342	51464119
2022-06-01	0.012037037037036943	0.0046296296296295305	0.01296296296296285	-0.0009259259259260706	0.012037037037036943	28354339
2022-06-02	-0.014638609332113462	-0.00640439158279966	0.004574565416285518	-0.019213174748398818	-0.014638609332113462	30308513
2022-06-06	-0.001857010213556135	-0.005571030640668405	0.004642525533890503	-0.03342618384401109	-0.001857010213556135	57668510
2022-06-07	0.029767441860465142	-0.0018604651162790302	0.03441860465116272	-0.009302325581395316	0.029767441860465142	47494464
2022-06-08	0.015356820234869008	0.0009033423667569817	0.03432700993676594	0.0	0.015356820234869008	44398232
2022-06-09	0.01957295373665486	-0.0026690391459074166	0.026690391459074637	-0.0026690391459074166	0.01957295373665486	51985765
2022-06-10	0.002617801047120363	0.001745200698080242	0.006980802792320968	-0.010471204188481761	0.002617801047120363	35552648
2022-06-13	-0.01653611836379456	0.0	0.007832898172323747	-0.02872062663185379	-0.01653611836379456	39756689
2022-06-14	0.020353982300884834	-0.004424778761062009	0.022123893805309734	-0.007079646017699121	0.020353982300884834	38951356
2022-06-15	0.007805724197745001	-0.0034692107545532653	0.04423243712055506	-0.01040763226365995	0.007805724197745001	66221386
2022-06-16	-0.03098106712564539	-0.005163511187607463	0.003442340791738462	-0.0344234079173837	-0.03098106712564539	56342407
2022-06-17	-0.04529307282415629	-0.03641207815275312	-0.027531083481349954	-0.058614564831261116	-0.04529307282415629	46111489
2022-06-20	-0.020465116279069828	-0.00465116279069774	0.0037209302325580604	-0.02604651162790692	-0.020465116279069828	58395929
2022-06-21	0.013295346628680017	0.00379867046533722	0.022792022792022814	-0.0018993352326685255	0.013295346628680017	39924030
2022-06-22	-0.008434864104967185	-0.0028116213683223395	0.011246485473289524	-0.012183692596063804	-0.008434864104967185	27614371
2022-06-23	0.0009451795841209628	0.0037807183364838514	0.018903591682419594	-0.00756143667296787	0.0009451795841209628	38143463
2022-06-24	0.0	0.0	0.0037771482530690203	-0.013220018885741319	0.0	45656652
2022-06-27	0.018885741265344598	0.0009442870632672131	0.02266288951841362	-0.008498583569405086	0.018885741265344598	39575823
2022-06-28	0.01297497683039857	-0.004633920296570801	0.016682113067655376	-0.011121408711770087	0.01297497683039857	39071901
2022-06-29	0.01921317474839898	-0.0054894784995425895	0.029277218664226924	-0.007319304666056731	0.01921317474839898	44270599
2022-06-30	-0.06463195691202878	-0.030520646319569106	-0.030520646319569106	-0.09964093357271106	-0.06463195691202878	365787600
2022-07-01	-0.012476007677543262	-0.017274472168905923	0.002879078694817597	-0.02303262955854129	-0.012476007677543262	110948924
2022-07-04	-0.010689990281826963	0.0009718172983480625	0.016520894071914646	-0.04178814382896013	-0.010689990281826963	216223666
2022-07-05	0.001964636542239644	-0.001964636542239644	0.008840864440078571	-0.006876227897838928	0.001964636542239644	84995832
2022-07-06	-0.018627450980392108	-0.004901960784313621	-0.0019607843137254485	-0.029411764705882252	-0.018627450980392108	80830409
2022-07-07	-0.0029970029970029332	-0.0009990009990009777	0.0019980019980019555	-0.01198801198801191	-0.0029970029970029332	44745288
2022-07-08	0.008016032064128263	0.004008016032064043	0.011022044088176296	0.0010020040080160107	0.008016032064128263	40525564
2022-07-11	0.0	0.006958250497017921	0.012922465208747416	-0.003976143141153173	0.0	50920676
2022-07-12	0.02385685884691851	0.0019880715705764985	0.03379721669980118	0.0009940357852882492	0.02385685884691851	91017981
2022-07-13	-0.025242718446602093	-0.004854368932038904	-0.0019417475728156649	-0.027184466019417583	-0.025242718446602093	55165101
2022-07-14	-0.009960159362549766	-0.018924302788844573	-0.0049800796812747945	-0.05079681274900397	-0.009960159362549766	91215666
2022-07-15	0.010060362173038195	-0.002012072434607603	0.024144869215291773	-0.0030181086519114044	0.010060362173038195	59061271
2022-07-18	0.013944223107569778	-0.003984063745019836	0.016932270916334834	-0.003984063745019836	0.013944223107569778	45075804
2022-07-19	0.006876227897838928	0.000982318271119822	0.008840864440078571	-0.00491159135559911	0.006876227897838928	30415084
2022-07-20	-0.0019512195121950803	-0.0019512195121950803	0.004878048780487874	-0.010731707317073116	-0.0019512195121950803	32999006
2022-07-21	-0.01661779081133919	-0.0009775171065493438	0.003910068426197375	-0.01661779081133919	-0.01661779081133919	28907045
2022-07-22	0.00795228628230617	-0.0009940357852882492	0.009940357852882668	-0.001988071570576675	0.00795228628230617	24728070
2022-07-25	0.005917159763313483	-0.0069033530571992385	0.00986193293885598	-0.00788954635108482	0.005917159763313483	18640984
2022-07-26	0.008823529411764692	0.001960784313725623	0.014705882352941213	-0.002941176470588173	0.008823529411764692	26130905
2022-07-27	0.004859086491739622	-0.0019436345966957799	0.005830903790087512	-0.005830903790087339	0.004859086491739622	20606846
2022-07-28	-0.0029013539651836905	-0.001934235976789127	0.006769825918762117	-0.003868471953578254	-0.0029013539651836905	20872773
2022-07-29	0.0029097963142579396	0.0	0.006789524733268698	-0.0029097963142581122	0.0029097963142579396	27079750
2022-08-01	0.003868471953578426	-0.0029013539651836905	0.00773694390715668	-0.008704061895551243	0.003868471953578426	44503723
2022-08-02	-0.005780346820809296	-0.007707129094412337	0.0009633911368015208	-0.010597302504817071	-0.005780346820809296	43481816
2022-08-03	-0.018410852713178247	0.0019379844961239896	0.008720930232558126	-0.019379844961240414	-0.018410852713178247	39237795
2022-08-04	0.024679170779861793	0.005923000987166705	0.024679170779861793	0.004935834155972253	0.024679170779861793	29033308
2022-08-05	-0.0019267822736032127	0.0038535645472060833	0.0038535645472060833	-0.00867052023121403	-0.0019267822736032127	22049303
2022-08-08	0.021235521235521297	0.0038610038610039504	0.03185328185328186	0.0009652509652509448	0.021235521235521297	30426527
2022-08-09	-0.011342155009451722	-0.0018903591682419257	0.006616257088846908	-0.013232514177693815	-0.011342155009451722	19035773
2022-08-10	0.0	0.005736137667303892	0.010516252390057306	-0.006692160611854711	0.0	16039290
2022-08-11	0.004780114722753244	0.0019120458891012976	0.005736137667303892	-0.0076481835564053595	0.004780114722753244	26764273
2022-08-12	0.002854424357754459	0.0	0.006660323501427239	-0.009514747859181698	0.002854424357754459	23948174
2022-08-15	-0.007590132827324317	-0.002846299810246619	0.0009487666034157081	-0.013282732447817724	-0.007590132827324317	24220042
2022-08-16	-0.009560229445506828	-0.0019120458891014674	0.003824091778202595	-0.012428298279158773	-0.009560229445506828	26215202
2022-08-17	0.018339768339768463	0.00579150579150584	0.025096525096525078	0.0028957528957530058	0.018339768339768463	29460935
2022-08-18	-0.022748815165876797	-0.004739336492891062	-0.0028436018957347046	-0.022748815165876797	-0.022748815165876797	33171496
2022-08-19	0.004849660523763233	0.0009699321047526466	0.013579049466537225	0.0	0.004849660523763233	28821719
2022-08-22	0.01351351351351357	-0.002895752895752834	0.018339768339768463	-0.003861003861003779	0.01351351351351357	27529629
2022-08-23	-0.011428571428571354	-0.0019047619047618642	-0.0009523809523809321	-0.01428571428571432	-0.011428571428571354	21341218
2022-08-24	-0.0028901734104047334	0.0	0.006743737957610646	-0.0028901734104047334	-0.0028901734104047334	20915379
2022-08-25	0.015458937198067646	0.001932367149758413	0.019323671497584644	0.001932367149758413	0.015458937198067646	23897653
2022-08-26	0.002854424357754459	0.0	0.009514747859181698	-0.005708848715509087	0.002854424357754459	19075488
2022-08-29	0.007590132827324485	-0.005692599620493238	0.010436432637571273	-0.006641366223908777	0.007590132827324485	27189142
2022-08-30	-0.0018832391713747246	-0.002824858757062087	0.01035781544256132	-0.005649717514124174	-0.0018832391713747246	18925209
2022-08-31	0.0018867924528301486	0.0009433962264150743	0.00943396226415091	-0.002830188679245223	0.0018867924528301486	23985008
2022-09-01	-0.005649717514124174	0.0009416195856875296	0.0037664783427496166	-0.005649717514124174	-0.005649717514124174	15280661
2022-09-02	0.0018939393939393534	-0.0009469696969696767	0.008522727272727258	-0.005681818181818229	0.0018939393939393534	25875184
2022-09-05	0.005671077504725945	-0.0009451795841209628	0.01039697542533076	-0.01039697542533076	0.005671077504725945	28130323
2022-09-06	-0.004699248120300818	0.003759398496240521	0.013157894736841992	-0.006578947368421079	-0.004699248120300818	17434007
2022-09-07	-0.0009442870632672131	-0.0018885741265344262	0.0037771482530690203	-0.011331444759206725	-0.0009442870632672131	20584289
2022-09-08	0.008506616257088833	0.0018903591682419257	0.01512287334593574	-0.0009451795841209628	0.008506616257088833	22119650
2022-09-09	0.020618556701030986	0.0	0.02905342080599817	-0.0028116213683223395	0.020618556701030986	41661303
2022-09-13	-0.006427915518824635	0.0018365472910927064	0.011019283746556401	-0.013774104683195624	-0.006427915518824635	30860143
2022-09-14	-0.006469500924214444	-0.006469500924214444	0.0027726432532346914	-0.012939001848428888	-0.006469500924214444	18032453
2022-09-15	0.0083720930232558	0.00465116279069774	0.0167441860465116	0.0009302325581395151	0.0083720930232558	21180592
2022-09-16	-0.027675276752767593	-0.0027675276752766936	0.005535055350553551	-0.028597785977859825	-0.027675276752767593	27573461
2022-09-19	0.01423149905123343	0.0	0.01518026565464897	0.0	0.01423149905123343	25765078
2022-09-20	-0.013096351730589224	0.0	0.0037418147801684684	-0.01496725912067354	-0.013096351730589224	23205738
2022-09-21	0.0028436018957345363	0.0	0.010426540284360134	-0.00663507109004742	0.0028436018957345363	16680167
2022-09-22	-0.0018903591682419257	0.0	0.00756143667296787	-0.008506616257088833	-0.0018903591682419257	14109250
2022-09-23	0.0	-0.0028409090909091985	0.008522727272727258	-0.004734848484848552	0.0	15608944
2022-09-26	-0.01893939393939404	-0.0028409090909091985	0.0028409090909090303	-0.019886363636363716	-0.01893939393939404	39314895
2022-09-27	0.01930501930501941	0.007722007722007729	0.02413127413127413	-0.008687258687258673	0.01930501930501941	26361520
2022-09-28	-0.0018939393939395217	0.0	0.006628787878787905	-0.009469696969696935	-0.0018939393939395217	16668931
2022-09-29	-0.005692599620493238	0.006641366223908946	0.012333965844402352	-0.013282732447817724	-0.005692599620493238	21011332
2022-09-30	0.0038167938931296893	-0.0019083969465648447	0.009541984732824393	-0.0019083969465648447	0.0038167938931296893	11135188
2022-10-10	0.003802281368821381	-0.00665399239543729	0.02091254752851717	-0.010456273764258502	0.003802281368821381	23966695
2022-10-11	-0.006628787878787905	0.0	0.014204545454545487	-0.008522727272727258	-0.006628787878787905	18619845
2022-10-12	0.0038131553860819016	0.0028598665395614263	0.011439466158245874	-0.0038131553860820708	0.0038131553860819016	21187101
2022-10-13	-0.009496676163342797	0.0009496676163342628	0.0047483380816714825	-0.012345679012345585	-0.009496676163342797	29610517
2022-10-14	-0.0076701821668264695	-0.026845637583892558	0.012464046021093076	-0.026845637583892558	-0.0076701821668264695	28524226
2022-10-17	0.007729468599033823	-0.004830917874396033	0.012560386473430028	-0.01449275362318844	0.007729468599033823	22647275
2022-10-18	0.004793863854266607	0.0019175455417065747	0.02205177372962612	0.0019175455417065747	0.004793863854266607	21015357
2022-10-19	-0.0047709923664122815	0.0	0.013358778625954082	-0.006679389312977126	-0.0047709923664122815	22923229
2022-10-20	-0.002876318312559862	0.0	0.009587727708533044	-0.006711409395973182	-0.002876318312559862	17419927
2022-10-21	0.003846153846153764	0.004807692307692205	0.01730769230769228	0.000961538461538441	0.003846153846153764	16592946
2022-10-24	-0.023946360153256706	0.0038314176245211615	0.004789272030651409	-0.025862068965517203	-0.023946360153256706	29656203
2022-10-25	0.0009813542688910488	-0.0009813542688910488	0.009813542688910663	-0.0019627085377820976	0.0009813542688910488	21108837
2022-10-26	-0.008823529411764692	0.003921568627451071	0.01176470588235304	-0.015686274509803935	-0.008823529411764692	24119634
2022-10-27	0.001978239366963536	0.001978239366963536	0.010880316518298834	-0.0009891196834816802	0.001978239366963536	17856732
2022-10-28	0.014807502467916936	0.0009871668311944508	0.020730503455083815	-0.0049358341559724295	0.014807502467916936	27342669
2022-10-31	0.003891050583657678	-0.0068093385214006335	0.008754863813229558	-0.009727626459143934	0.003891050583657678	25030015
2022-11-01	0.0019379844961239896	-0.004844961240310146	0.003875968992247979	-0.008720930232558126	0.0019379844961239896	23482926
2022-11-02	-0.03771760154738884	-0.0029013539651836905	-0.001934235976789127	-0.051257253384912896	-0.03771760154738884	52150588
2022-11-03	-0.03216080402010035	-0.008040201005025133	-0.008040201005025133	-0.03517587939698489	-0.03216080402010035	39590528
2022-11-04	0.01246105919003107	-0.005192107995846387	0.017653167185877457	-0.005192107995846387	0.01246105919003107	34162253
2022-11-07	-0.009230769230769216	-0.005128205128205201	-0.004102564102564015	-0.02256410256410263	-0.009230769230769216	45259413
2022-11-08	-0.005175983436853076	-0.0020703933747411567	0.0041407867494823135	-0.012422360248447308	-0.005175983436853076	28062630
2022-11-09	-0.001040582726326721	-0.001040582726326721	0.004162330905307069	-0.0031217481789801624	-0.001040582726326721	26588424
2022-11-10	0.0	0.0010416666666666445	0.002083333333333289	-0.016666666666666684	0.0	26491349
2022-11-11	0.022916666666666734	0.007291666666666696	0.03333333333333337	0.004166666666666763	0.022916666666666734	56753672
2022-11-14	0.012219959266802364	0.007128309572301455	0.030549898167006	0.0040733197556007275	0.012219959266802364	44719503
2022-11-15	0.009054325955734393	-0.0010060362173038016	0.017102615694164984	-0.008048289738430591	0.009054325955734393	27248669
2022-11-16	-0.004985044865403683	-0.0009970089730807366	0.0029910269192423866	-0.00797607178464607	-0.004985044865403683	22116934
2022-11-17	0.0010020040080160107	0.0	0.004008016032064043	-0.004008016032064221	0.0010020040080160107	17030107
2022-11-18	-0.01901901901901897	0.0	0.003003003003002939	-0.021021021021021106	-0.01901901901901897	37122691
2022-11-21	-0.003061224489796034	-0.0040816326530613185	0.0	-0.012244897959183773	-0.003061224489796034	13595854
2022-11-22	0.01740020470829068	0.001023541453428842	0.02149437052200623	0.0	0.01740020470829068	21457637
2022-11-23	0.002012072434607782	0.0	0.011066398390342175	-0.0010060362173038016	0.002012072434607782	17145872
2022-11-24	-0.009036144578313416	-0.001004016064257185	0.008032128514056052	-0.010040160642570423	-0.009036144578313416	16416191
2022-11-25	0.03140830800405274	-0.0020263424518743235	0.03343465045592706	-0.004052684903748647	0.03140830800405274	35736615
2022-11-28	-0.013752455795677855	-0.011787819253438038	-0.005893909626719106	-0.031434184675834996	-0.013752455795677855	30034928
2022-11-29	0.030876494023904435	0.0	0.044820717131474216	-0.001992031872509918	0.030876494023904435	39827712
2022-11-30	0.001932367149758413	0.0	0.007729468599033823	-0.01159420289855065	0.001932367149758413	24663561
2022-12-01	-0.018322082931533222	0.002892960462873784	0.007714561234329805	-0.021215043394406836	-0.018322082931533222	34276617
2022-12-02	-0.0029469548133594656	0.000982318271119822	0.006876227897838928	-0.01277013752455786	-0.0029469548133594656	21460484
2022-12-05	0.019704433497536877	0.0019704433497536524	0.02463054187192118	0.0019704433497536524	0.019704433497536877	22228992
2022-12-06	0.004830917874396204	0.0009661835748792065	0.004830917874396204	-0.01159420289855065	0.004830917874396204	17301634
2022-12-07	-0.01634615384615384	-0.004807692307692376	-0.000961538461538441	-0.01826923076923072	-0.01634615384615384	20440875
2022-12-08	0.010752688172042954	0.0	0.017595307917888534	0.0	0.010752688172042954	15073703
2022-12-09	0.001934235976789127	-0.0029013539651836905	0.0029013539651836905	-0.008704061895551243	0.001934235976789127	25899627
2022-12-12	-0.022200772200772073	-0.005791505791505668	-0.005791505791505668	-0.02316602316602319	-0.022200772200772073	20754144
2022-12-13	0.011846001974333584	-0.0009871668311946262	0.015794669299111386	-0.0009871668311946262	0.011846001974333584	18137118
2022-12-14	-0.0019512195121950803	0.0	0.0029268292682926205	-0.008780487804878036	-0.0019512195121950803	10701621
2022-12-15	-0.010752688172043128	-0.0048875855327468925	-0.0009775171065493438	-0.01368523949169116	-0.010752688172043128	12335591
2022-12-16	0.011857707509881523	-0.0009881422924900977	0.01778656126482228	-0.0019762845849801954	0.011857707509881523	17363272
2022-12-19	-0.010742187499999944	-0.00390625000000009	0.0029296874999999375	-0.015625000000000014	-0.010742187499999944	17718145
2022-12-20	-0.010858835143139308	-0.0029615004935835275	0.006910167818361155	-0.014807502467917111	-0.010858835143139308	18024745
2022-12-21	0.012974051896207664	0.0	0.020958083832335415	0.0	0.012974051896207664	12939339
2022-12-22	-0.00394088669950748	0.0019704433497536524	0.01182266009852209	-0.00886699507389161	-0.00394088669950748	11260178
2022-12-23	-0.006923837784371938	-0.0029673590504450406	0.003956478733926897	-0.008902077151335298	-0.006923837784371938	9848351
2022-12-26	0.0049800796812749714	-0.002988047808764877	0.011952191235059861	-0.0049800796812747945	0.0049800796812749714	23973284
2022-12-27	0.016848364717542114	0.007928642220019828	0.024777006937561942	0.003964321110010003	0.016848364717542114	24684368
2022-12-28	0.013645224171540018	0.003898635477582936	0.01754385964912278	-0.0019493177387913815	0.013645224171540018	24396069
2022-12-29	-0.003846153846153935	-0.003846153846153935	0.001923076923076882	-0.010576923076923192	-0.003846153846153935	15457627
2022-12-30	0.00579150579150584	0.0009652509652509448	0.017374517374517347	-0.0019305019305018896	0.00579150579150584	17976943
2023-01-03	0.005758157389635365	0.002879078694817597	0.009596928982725494	-0.006717850287907897	0.005758157389635365	26721862
2023-01-04	0.025763358778625914	-0.0009541984732824223	0.030534351145038195	-0.0028625954198474367	0.025763358778625914	35793982
2023-01-05	0.0	0.00465116279069774	0.011162790697674346	-0.0083720930232558	0.0	21859455
2023-01-06	0.0009302325581395151	0.0009302325581395151	0.009302325581395316	-0.0074418604651162856	0.0009302325581395151	24473293
2023-01-09	0.0018587360594795144	0.00836431226765798	0.01672862453531596	-0.0027881040892192713	0.0018587360594795144	31249522
2023-01-10	-0.019480519480519397	-0.004638218923933111	0.0018552875695734092	-0.025974025974025917	-0.019480519480519397	22901734
2023-01-11	0.003784295175023571	0.0009460737937558928	0.008514664143803204	-0.006622516556291418	0.003784295175023571	13983491
2023-01-12	0.012252591894439283	-0.0009425070688029959	0.016022620169651267	-0.009425070688030127	0.012252591894439283	18556166
2023-01-13	0.004655493482309025	-0.0018621973929236102	0.00837988826815641	-0.0074487895716946065	0.004655493482309025	15713703
2023-01-16	-0.01760889712696937	0.0	0.004633920296570965	-0.019462465245597693	-0.01760889712696937	30075786
2023-01-17	0.013207547169811375	0.0028301886792453904	0.017924528301886747	0.0018867924528301486	0.013207547169811375	19508502
2023-01-18	-0.005586592178770996	0.0009310986964618051	0.0037243947858472204	-0.00837988826815641	-0.005586592178770996	12876698
2023-01-19	-0.0037453183520598453	-0.0037453183520598453	0.003745318352060012	-0.007490636704119857	-0.0037453183520598453	13718862
2023-01-20	0.0018796992481202605	0.0009398496240601303	0.003759398496240521	-0.003759398496240688	0.0018796992481202605	11468953
2023-01-30	-0.01407129455909947	0.007504690431519707	0.008442776735459649	-0.01782363977485924	-0.01407129455909947	21477412
2023-01-31	-0.011417697431018003	0.0	0.006660323501427239	-0.011417697431018003	-0.011417697431018003	19049117
2023-02-01	0.0009624639076034443	0.002887391722810333	0.011549566891241503	-0.0076997112608277254	0.0009624639076034443	24190505
2023-02-02	-0.011538461538461635	0.001923076923076882	0.003846153846153764	-0.015384615384615398	-0.011538461538461635	24588325
2023-02-03	-0.012645914396887064	-0.0019455252918287524	-0.0019455252918287524	-0.015564202334630364	-0.012645914396887064	18781895
2023-02-06	0.0009852216748768262	-0.004926108374384306	0.0049261083743841316	-0.012807881773399091	0.0009852216748768262	23314884
2023-02-07	0.003937007874015664	0.000984251968503916	0.006889763779527587	-0.003937007874015839	0.003937007874015664	16000961
2023-02-08	-0.003921568627450897	-0.002941176470588173	0.001960784313725623	-0.009803921568627416	-0.003921568627450897	10534429
2023-02-09	0.002952755905511748	-0.002952755905511748	0.007874015748031503	-0.002952755905511748	0.002952755905511748	16555585
2023-02-10	-0.0019627085377820976	0.0	0.0009813542688910488	-0.005888125613346293	-0.0019627085377820976	15220876
2023-02-13	-0.0019665683382497122	0.0	0.0009832841691248561	-0.006882989183874168	-0.0019665683382497122	27056385
2023-02-14	-0.006896551724137959	-0.002955665024630654	0.0019704433497536524	-0.011822660098522265	-0.006896551724137959	32423035
2023-02-15	-0.0059523809523810015	-0.0029761904761904127	0.0	-0.006944444444444473	-0.0059523809523810015	20370786
2023-02-16	-0.007984031936127753	-0.0019960079840318935	0.0019960079840318935	-0.013972055888223433	-0.007984031936127753	38424404
2023-02-17	-0.018108651911468786	-0.002012072434607603	-0.0010060362173038016	-0.018108651911468786	-0.018108651911468786	33753382
2023-02-20	0.023565573770491847	0.0010245901639344044	0.023565573770491847	0.0	0.023565573770491847	34252568
2023-02-21	-0.003003003003002939	-0.0010010010010009797	0.003003003003002939	-0.007007007007007036	-0.003003003003002939	23876151
2023-02-22	-0.001004016064257185	-0.001004016064257185	0.004016064257028026	-0.003012048192771198	-0.001004016064257185	10220099
2023-02-23	0.0010050251256282978	0.0	0.007035175879397014	0.0	0.0010050251256282978	10364706
2023-02-24	-0.003012048192771198	0.00301204819277102	0.00301204819277102	-0.006024096385542218	-0.003012048192771198	11740506
2023-02-27	-0.001007049345417904	-0.001007049345417904	0.004028197381671795	-0.004028197381671616	-0.001007049345417904	10187585
2023-02-28	-0.0010080645161290108	-0.0020161290322580215	0.005040322580645233	-0.006048387096774244	-0.0010080645161290108	16853653
2023-03-01	0.0030272452068616914	0.0030272452068616914	0.00807265388496469	-0.0020181634712411276	0.0030272452068616914	26525865
2023-03-02	-0.002012072434607603	-0.0010060362173038016	0.002012072434607782	-0.005030181086519008	-0.002012072434607603	18547878
2023-03-03	0.007056451612903254	0.0010080645161290108	0.008064516129032265	-0.0020161290322580215	0.007056451612903254	19962378
2023-03-06	-0.025025025025025023	0.0010010010010009797	0.0020020020020019595	-0.026026026026026005	-0.025025025025025023	55282150
2023-03-07	0.00513347022587258	0.0010266940451745161	0.01437371663244359	-0.0010266940451745161	0.00513347022587258	35174498
2023-03-08	-0.011235955056179718	-0.0020429009193053704	-0.0020429009193053704	-0.01736465781409601	-0.011235955056179718	21489775
2023-03-09	-0.0030991735537189424	0.003099173553719126	0.005165289256198421	-0.004132231404958589	-0.0030991735537189424	14732078
2023-03-10	-0.013471502590673656	-0.0031088082901555582	-0.0031088082901555582	-0.014507772020725448	-0.013471502590673656	18837017
2023-03-13	0.010504201680672232	-0.002100840336134409	0.014705882352941237	-0.006302521008403227	0.010504201680672232	20067918
2023-03-14	-0.013513513513513412	-0.009355509355509342	0.0	-0.017671517671517666	-0.013513513513513412	25693223
2023-03-15	-0.008429926238145424	0.005268703898840773	0.008429926238145424	-0.009483667017913578	-0.008429926238145424	25831248
2023-03-16	-0.008501594048884174	-0.005313496280552679	0.0031880977683314943	-0.009564293304994672	-0.008501594048884174	20165968
2023-03-17	-0.009646302250803844	0.002143622722400812	0.006430868167202625	-0.011789924973204654	-0.009646302250803844	23858897
2023-03-20	-0.01623376623376627	0.001082251082251059	0.005411255411255296	-0.01731601731601733	-0.01623376623376627	30691709
2023-03-21	0.0011001100110010766	0.00330033003300323	0.008800880088008809	-0.005500550055005579	0.0011001100110010766	17927872
2023-03-22	0.009890109890109874	0.0010989010989010755	0.012087912087912222	0.0010989010989010755	0.009890109890109874	15428257
2023-03-23	-0.0010881392818280508	-0.0010881392818280508	0.0010881392818280508	-0.007616974972796549	-0.0010881392818280508	14140545
2023-03-24	-0.006535947712418355	0.0	0.0010893246187363603	-0.007625272331154715	-0.006535947712418355	14130599
2023-03-27	-0.005482456140350761	0.0	0.001096491228070347	-0.008771929824561412	-0.005482456140350761	13265702
2023-03-28	0.0022050716648290597	0.00330760749724359	0.006615214994487376	-0.003307607497243786	0.0022050716648290597	12376623
2023-03-29	-0.007700770077007732	0.0022002200220021533	0.00330033003300323	-0.008800880088008809	-0.007700770077007732	18001192
2023-03-30	-0.0011086474501108411	0.0	0.004434589800443561	-0.007760532150776085	-0.0011086474501108411	18875013
2023-03-31	-0.005549389567147496	0.0	0.00887902330743619	-0.005549389567147496	-0.005549389567147496	18122281
2023-04-03	0.01004464285714284	0.003348214285714214	0.01227678571428565	0.0	0.01004464285714284	22597311
2023-04-04	0.0011049723756905842	0.0	0.004419889502762337	-0.0022099447513813644	0.0011049723756905842	13498270
2023-04-06	0.0011037527593818748	-0.0022075055187639457	0.0033112582781456247	-0.004415011037527695	0.0011037527593818748	10038653
2023-04-07	-0.0011025358324145299	0.0	0.0022050716648290597	-0.0044101433296583155	-0.0011025358324145299	11163598
2023-04-10	0.004415011037527499	0.0	0.006622516556291249	-0.0011037527593818748	0.004415011037527499	13456924
2023-04-11	-0.007692307692307724	0.0	0.002197802197802151	-0.0087912087912088	-0.007692307692307724	21265601
2023-04-12	-0.006644518272425108	0.0011074197120708514	0.0011074197120708514	-0.008859357696567007	-0.006644518272425108	26772139
2023-04-13	0.012263099219620894	-0.0022296544035675975	0.014492753623188293	-0.0066889632107023965	0.012263099219620894	20124637
2023-04-14	0.0033039647577091805	0.0011013215859030602	0.006607929515418557	-0.0033039647577091805	0.0033039647577091805	18436431
2023-04-17	0.008781558726673994	-0.0010976948408342247	0.008781558726673994	-0.0021953896816684494	0.008781558726673994	28424020
2023-04-18	0.004352557127312397	0.0	0.013057671381936998	-0.0021762785636561016	0.004352557127312397	26948749
2023-04-19	-0.0021668472372697264	0.0032502708559045894	0.004333694474539453	-0.008667388949079096	-0.0021668472372697264	15488897
2023-04-20	0.005428881650379905	0.0010857763300759812	0.006514657980455887	-0.008686210640608042	0.005428881650379905	27390676
2023-04-21	-0.0021598272138228483	0.0021598272138228483	0.008639308855291584	-0.005399568034557121	-0.0021598272138228483	25237882
2023-04-24	-0.006493506493506547	0.0	0.005411255411255296	-0.009740259740259724	-0.006493506493506547	19941463
2023-04-25	0.01633986928104579	0.005446623093681995	0.01633986928104579	-0.0010893246187363603	0.01633986928104579	30760385
2023-04-26	-0.017148981779206873	0.0	0.0	-0.021436227224008498	-0.017148981779206873	27472257
2023-04-27	0.019629225736095934	0.003271537622682591	0.023991275899672915	-0.0021810250817883943	0.019629225736095934	32337122
2023-04-28	0.007486631016042812	-0.0042780748663100695	0.010695187165775364	-0.0042780748663100695	0.007486631016042812	29452061
2023-05-04	0.0021231422505307404	-0.01273885350318463	0.004246284501061669	-0.02972399150743093	0.0021231422505307404	46395900
2023-05-05	-0.005296610169491412	-0.003177966101694848	0.015889830508474614	-0.007415254237288166	-0.005296610169491412	39055783
2023-05-08	0.022364217252396068	0.0021299254526091133	0.035143769968051124	-0.007454739084132085	0.022364217252396068	58366061
2023-05-09	-0.014583333333333209	0.01041666666666663	0.014583333333333393	-0.015625000000000038	-0.014583333333333209	53996010
2023-05-10	-0.021141649048625904	-0.0021141649048627216	-0.0021141649048627216	-0.02219873150105717	-0.021141649048625904	31208960
2023-05-11	-0.0032397408207342723	0.0010799136069114242	0.00755939524838016	-0.006479481641468736	-0.0032397408207342723	22974146
2023-05-12	-0.008667388949079096	0.0	0.0021668472372697264	-0.00975081256771396	-0.008667388949079096	18004775
2023-05-15	0.009836065573770475	0.0	0.012021857923497204	-0.013114754098360763	0.009836065573770475	23273318
2023-05-16	-0.008658008658008665	0.0	0.005411255411255296	-0.010822510822510784	-0.008658008658008665	20496443
2023-05-17	-0.009825327510917015	-0.0021834061135370714	0.0	-0.012008733624454086	-0.009825327510917015	17129299
2023-05-18	0.0022050716648290597	0.00330760749724359	0.011025358324145496	-0.0011025358324145299	0.0022050716648290597	20968370
2023-05-19	-0.005500550055005579	0.0	0.0011001100110010766	-0.007700770077007732	-0.005500550055005579	16398095
2023-05-22	0.0	-0.0022123893805309266	0.004424778761062049	-0.00331858407079639	0.0	11708048
2023-05-23	-0.00663716814159278	0.0	0.002212389380531123	-0.00663716814159278	-0.00663716814159278	15863752
2023-05-24	-0.010022271714922032	-0.0022271714922048524	0.0	-0.011135857461024459	-0.010022271714922032	19126994
2023-05-25	-0.026996625421822296	-0.001124859392575904	-0.001124859392575904	-0.03262092238470202	-0.026996625421822296	36910364
2023-05-26	-0.00809248554913298	0.001156069364161825	0.00231213872832365	-0.01040462427745663	-0.00809248554913298	20598707
2023-05-29	-0.013986013986013894	0.0011655011655011406	0.003496503496503422	-0.017482517482517525	-0.013986013986013894	26880605
2023-05-30	0.011820330969267096	-0.0011820330969268987	0.011820330969267096	-0.007092198581560342	0.011820330969267096	15536707
2023-05-31	-0.014018691588785163	-0.002336448598130999	-0.0011682242990653955	-0.016355140186915952	-0.014018691588785163	20626881
2023-06-01	0.002369668246445658	0.0	0.004739336492891105	-0.003554502369668171	0.002369668246445658	17963118
2023-06-02	0.01773049645390054	0.0	0.020094562647754128	-0.0011820330969268987	0.01773049645390054	17797152
2023-06-05	-0.008130081300813042	0.0	0.0046457607433218265	-0.012775842044134662	-0.008130081300813042	15614997
2023-06-06	-0.005854800936768025	-0.001170960187353605	0.009367681498829048	-0.008196721311475237	-0.005854800936768025	17470943
2023-06-07	0.007067137809187337	0.003533568904593564	0.012956419316843278	0.002355712603062376	0.007067137809187337	10191888
2023-06-08	0.01754385964912264	0.0023391812865496573	0.01754385964912264	-0.0023391812865498655	0.01754385964912264	18019066
2023-06-09	0.002298850574712799	-0.002298850574712595	0.004597701149425394	-0.003448275862068892	0.002298850574712799	15701072
2023-06-12	-0.009174311926605512	-0.0011467889908256636	-0.0011467889908256636	-0.010321100917431176	-0.009174311926605512	10788471
2023-06-13	0.0	-0.0011574074074073826	0.003472222222222148	-0.004629629629629736	0.0	11622206
2023-06-14	-0.0034722222222223534	0.0	0.010416666666666649	-0.0034722222222223534	-0.0034722222222223534	12395832
2023-06-15	0.0034843205574914215	0.0069686411149826365	0.0069686411149826365	-0.00232288037166081	0.0034843205574914215	13041212
2023-06-16	0.0023148148148147652	-0.0011574074074073826	0.0023148148148147652	-0.004629629629629736	0.0023148148148147652	12439607
2023-06-19	-0.0011547344110854256	0.0011547344110854256	0.009237875288683611	-0.004618937644341908	-0.0011547344110854256	24421063
2023-06-20	-0.00809248554913298	0.0	0.001156069364161825	-0.017341040462427786	-0.00809248554913298	21433001
2023-06-21	-0.0699300699300699	-0.06410256410256418	-0.051282051282051225	-0.07109557109557113	-0.0699300699300699	23955017
2023-06-26	-0.015037593984962419	-0.0025062656641604585	-0.0025062656641604585	-0.016290726817042703	-0.015037593984962419	17955243
2023-06-27	0.008905852417302722	0.0	0.011450381679389294	-0.0012722646310433427	0.008905852417302722	11242048
2023-06-28	0.007566204287515826	0.002522068095838646	0.007566204287515826	-0.003783102143757801	0.007566204287515826	11090688
2023-06-29	-0.0012515644555694352	0.0012515644555694352	0.003754693366708305	-0.007509386733416833	-0.0012515644555694352	10120238
2023-06-30	0.0025062656641603475	0.0012531328320801738	0.00877192982456144	0.0	0.0025062656641603475	10470516
2023-07-03	0.011249999999999982	0.0012499999999999734	0.013749999999999929	-0.0012499999999999734	0.011249999999999982	16969867
2023-07-04	-0.0074165636588381335	-0.0012360939431396523	0.0	-0.009888751545117438	-0.0074165636588381335	11908321
2023-07-05	0.0024906600249067685	0.0012453300124532737	0.004981320049813316	-0.0024906600249065473	0.0024906600249067685	7316600
2023-07-06	-0.009937888198757882	0.0	0.0	-0.01242236024844727	-0.009937888198757882	9769000
2023-07-07	0.0012547051442911763	-0.0012547051442910648	0.006273525721455436	-0.0025094102885821297	0.0012547051442911763	6259567
2023-07-10	0.005012531328320695	0.0012531328320801738	0.006265664160400869	-0.001253132832080285	0.005012531328320695	7334454
2023-07-11	-0.0012468827930174299	0.0012468827930174299	0.0037406483790525112	-0.0049875311720697195	-0.0012468827930174299	11087421
2023-07-12	-0.001248439450686615	0.001248439450686615	0.004993757802746682	-0.00249687890137323	-0.001248439450686615	9636446
2023-07-13	0.011249999999999982	0.00374999999999992	0.012499999999999956	0.0024999999999999467	0.011249999999999982	12743843
2023-07-14	0.0024721878862793045	0.0012360939431396523	0.003708281829418957	-0.0024721878862793045	0.0024721878862793045	9046480
2023-07-17	-0.0012330456226880132	0.0	0.0012330456226880132	-0.006165228113440066	-0.0012330456226880132	6826781
2023-07-18	-0.003703703703703625	0.0024691358024690833	0.0024691358024690833	-0.0049382716049381666	-0.003703703703703625	6091604
2023-07-19	0.006195786864931714	0.0	0.006195786864931714	0.0	0.006195786864931714	6818908
2023-07-20	0.0012315270935962517	0.0012315270935962517	0.00862068965517245	-0.0024630541871920658	0.0012315270935962517	9292072
2023-07-21	0.0024600246002459496	-0.002460024600246168	0.006150061500614874	-0.0036900369003691432	0.0024600246002459496	8470056
2023-07-24	0.0	-0.0024539877300612974	0.004907975460122595	-0.0036809815950921638	0.0	9287861
2023-07-25	0.0171779141104293	0.004907975460122595	0.019631901840490813	0.003680981595091946	0.0171779141104293	19453057
2023-07-26	0.0024125452352233233	0.001206272617611769	0.003618817852834878	-0.002412545235223109	0.0024125452352233233	9610212
2023-07-27	0.00120336943441634	0.0	0.009626955475330934	-0.003610108303249234	0.00120336943441634	12972339
2023-07-28	0.026442307692307553	-0.0012019230769230512	0.02764423076923082	-0.0024038461538461024	0.026442307692307553	33760243
2023-07-31	0.0035128805620610235	0.0011709601873538132	0.012880562060890072	0.0	0.0035128805620610235	29358433
2023-08-01	0.0	0.0011668611435238958	0.005834305717619478	-0.004667444574095791	0.0	18936594
2023-08-02	-0.007001166861143581	-0.007001166861143581	0.0	-0.01283547257876306	-0.007001166861143581	16859367
2023-08-03	0.008225616921269129	0.0	0.008225616921269129	-0.005875440658049229	0.008225616921269129	17139947
2023-08-04	0.0	0.006993006993007051	0.013986013986013894	-0.003496503496503422	0.0	29903013
2023-08-07	-0.010489510489510473	-0.002331002331002281	-0.0011655011655011406	-0.012820512820512754	-0.010489510489510473	13192463
2023-08-08	0.001177856301531188	0.001177856301531188	0.003533568904593564	-0.004711425206124962	0.001177856301531188	10290764
2023-08-09	0.002352941176470538	-0.001176470588235269	0.004705882352941076	-0.003529411764705807	0.002352941176470538	8392312
2023-08-10	0.002347417840375537	-0.002347417840375537	0.004694835680751282	-0.0035211267605633053	0.002347417840375537	7506165
2023-08-11	-0.017564402810304285	-0.00234192037470721	0.0	-0.017564402810304285	-0.017564402810304285	12695175
2023-08-14	-0.014302741358760546	-0.0011918951132300103	-0.0011918951132300103	-0.0202622169249106	-0.014302741358760546	18584336
2023-08-15	0.009673518742442573	0.0012091898428052948	0.014510278113663967	-0.0024183796856105896	0.009673518742442573	17032041
2023-08-16	0.005988023952095894	-0.0011976047904191363	0.008383233532934166	-0.008383233532934166	0.005988023952095894	12035515
2023-08-17	-0.008333333333333366	-0.00238095238095233	0.00238095238095233	-0.014285714285714403	-0.008333333333333366	13613355
2023-08-18	0.015606242496998893	0.00240096038415361	0.02160864345738292	0.00240096038415361	0.015606242496998893	20722930
2023-08-21	-0.01773049645390075	0.0011820330969266885	0.002364066193853377	-0.01773049645390075	-0.01773049645390075	13552559
2023-08-22	0.0036101083032490204	0.0036101083032490204	0.013237063778579954	-0.002406738868832894	0.0036101083032490204	11635111
2023-08-23	0.0	0.0011990407673860657	0.009592326139088737	-0.003597122302158197	0.0	12664432
2023-08-24	-0.004796163069544263	0.0011990407673860657	0.008393285371702672	-0.008393285371702672	-0.004796163069544263	10476104
2023-08-25	0.004819277108433632	0.0	0.009638554216867478	-0.00240963855421703	0.004819277108433632	9776446
2023-08-28	0.009592326139088737	0.037170263788968885	0.03956834532374102	0.004796163069544475	0.009592326139088737	23415342
2023-08-29	-0.014251781472683992	-0.0011876484560569818	0.0	-0.020190023752969112	-0.014251781472683992	25312439
2023-08-30	-0.006024096385542254	0.0	0.001204819277108408	-0.007228915662650662	-0.006024096385542254	12460077
2023-08-31	-0.04000000000000001	-0.01454545454545445	-0.010909090909090893	-0.04121212121212119	-0.04000000000000001	63542237
2023-09-01	0.003787878787878819	0.0025252525252525836	0.012626262626262581	-0.0012626262626262356	0.003787878787878819	28361458
2023-09-04	0.006289308176100607	0.001257861635220099	0.013836477987421424	0.001257861635220099	0.006289308176100607	44079313
2023-09-05	-0.01375000000000004	-0.0024999999999999467	-0.0024999999999999467	-0.016249999999999987	-0.01375000000000004	28801517
2023-09-06	0.005069708491761729	0.0	0.007604562737642649	-0.002534854245880808	0.005069708491761729	13466891
2023-09-07	-0.002522068095838534	-0.001261034047919267	0.007566204287515826	-0.002522068095838534	-0.002522068095838534	16006753
2023-09-08	0.0	0.0012642225031605293	0.0025284450063210585	-0.0037926675094817003	0.0	9559252
2023-09-11	0.0012642225031605293	0.0	0.007585335018963288	-0.002528445006321171	0.0012642225031605293	20412967
2023-09-12	-0.0063131313131312905	-0.0012626262626262356	0.0012626262626262356	-0.008838383838383874	-0.0063131313131312905	33644059
2023-09-13	0.0	0.0	0.0025412960609910514	-0.0038119440914866896	0.0	16281930
2023-09-14	0.006353240152477741	0.0	0.007623888182973266	0.0	0.006353240152477741	24918377
2023-09-15	-0.003787878787878819	0.0025252525252525836	0.0063131313131312905	-0.003787878787878819	-0.003787878787878819	24816584
2023-09-18	0.0012674271229405165	0.0012674271229405165	0.0025348542458809207	-0.003802281368821212	0.0012674271229405165	14308375
2023-09-19	0.00632911392405061	0.0	0.00759493670886071	-0.0025316455696203113	0.00632911392405061	25040315
2023-09-20	0.008805031446540804	-0.001257861635220099	0.010062893081760903	-0.0037735849056604086	0.008805031446540804	26022039
2023-09-21	0.0	0.0	0.0037406483790525112	-0.00623441396508726	0.0	18182169
2023-09-22	0.0024937655860348597	0.0	0.0037406483790525112	-0.007481296758104689	0.0024937655860348597	23896543
2023-09-25	0.009950248756218916	-0.0012437810945273367	0.01243781094527381	-0.0037313432835820106	0.009950248756218916	30263909
2023-09-26	-0.0024630541871920658	0.0	0.004926108374384351	-0.003694581280788099	-0.0024630541871920658	15217007
2023-09-27	-0.0049382716049381666	0.0024691358024690833	0.0037037037037038444	-0.006172839506172708	-0.0049382716049381666	18200636
2023-09-28	-0.0012406947890818594	0.0	0.003722084367245578	-0.002481389578163939	-0.0012406947890818594	13963461
2023-10-09	-0.008695652173913078	-0.0012422360248449146	-0.0012422360248449146	-0.01242236024844727	-0.008695652173913078	13393750
2023-10-10	-0.005012531328320806	0.0025062656641603475	0.006265664160400869	-0.005012531328320806	-0.005012531328320806	12392242
2023-10-11	-0.0037783375314861772	0.0037783375314860653	0.0062972292191435545	-0.005037783375314866	-0.0037783375314861772	13032686
2023-10-12	0.011378002528444987	0.012642225031605517	0.015170670037926576	0.00505689001264223	0.011378002528444987	15778078
2023-10-13	-0.0012499999999999734	-0.003750000000000031	0.00374999999999992	-0.0050000000000000044	-0.0012499999999999734	10569356
2023-10-16	-0.0025031289111389814	0.0	0.0012515644555694352	-0.005006257822277852	-0.0025031289111389814	12684351
2023-10-17	0.0	-0.0012547051442910648	0.003764115432873306	-0.0037641154328731945	0.0	10868276
2023-10-18	-0.0012547051442910648	0.0012547051442911763	0.003764115432873306	-0.005018820577164371	-0.0012547051442910648	16667999
2023-10-19	-0.028894472361808986	-0.001256281407035149	-0.001256281407035149	-0.028894472361808986	-0.028894472361808986	35346343
2023-10-20	0.006468305304010326	-0.0012936610608021571	0.01164294954721861	-0.010349288486416567	0.006468305304010326	20794374
2023-10-23	-0.002570694087403658	-0.0038560411311054305	0.006426735218508974	-0.007712082262210861	-0.002570694087403658	13905914
2023-10-24	-0.0038659793814432167	0.0012886597938144056	0.007731958762886662	-0.011597938144329878	-0.0038659793814432167	18190601
2023-10-25	0.007761966364812368	0.0025873221216040844	0.010349288486416452	-0.0038809831824062413	0.007761966364812368	16117407
2023-10-26	0.005134788189987168	-0.005134788189987168	0.008985879332477572	-0.005134788189987168	0.005134788189987168	13077785
2023-10-27	0.0038314176245211047	-0.0012771392081736637	0.006385696040868432	-0.005108556832694768	0.0038314176245211047	14229256
2023-10-30	-0.005089058524173033	0.0	0.0025445292620864595	-0.007633587786259605	-0.005089058524173033	14892359
2023-10-31	0.0025575447570331936	-0.006393861892583211	0.0038363171355497903	-0.008951406649616404	0.0025575447570331936	18869940
2023-11-01	-0.007653061224489746	0.0	0.0012755102040816054	-0.011479591836734675	-0.007653061224489746	15713024
2023-11-02	-0.002570694087403658	0.0	0.003856041131105316	-0.002570694087403658	-0.002570694087403658	11614997
2023-11-03	0.0012886597938144056	0.0025773195876289258	0.0025773195876289258	-0.0038659793814432167	0.0012886597938144056	11409126
2023-11-06	0.005148005148005153	0.0	0.005148005148005153	-0.0025740025740025193	0.005148005148005153	16416698
2023-11-07	0.0025608194622279722	-0.0025608194622278586	0.005121638924455831	-0.0038412291933417877	0.0025608194622279722	17380621
2023-11-08	-0.01404853128991064	-0.002554278416347441	-0.0012771392081736637	-0.019157088122605408	-0.01404853128991064	30127800
2023-11-09	0.0012953367875648543	-0.0012953367875647393	0.003886010362694333	-0.0038860103626942176	0.0012953367875648543	9657141
2023-11-10	-0.005174644243208283	0.0	0.0	-0.007761966364812483	-0.005174644243208283	11420272
2023-11-13	-0.0013003901170351982	-0.0013003901170351982	0.0039011703511052484	-0.005201560468140447	-0.0013003901170351982	9872666
2023-11-14	-0.0013020833333333057	-0.0013020833333333057	0.005208333333333338	-0.0026041666666666114	-0.0013020833333333057	14453309
2023-11-15	0.003911342894393774	0.003911342894393774	0.006518904823989547	-0.0013037809647978862	0.003911342894393774	11590765
2023-11-16	-0.0025974025974026572	-0.001298701298701271	0.001298701298701271	-0.003896103896103928	-0.0025974025974026572	10593191
2023-11-17	-0.0039062499999999167	0.0	0.0013020833333334213	-0.00781249999999995	-0.0039062499999999167	15954723
2023-11-20	-0.0013071895424837483	-0.0013071895424837483	0.0013071895424836323	-0.0052287581699346445	-0.0013071895424837483	11706084
2023-11-21	0.0026178010471204793	0.0013089005235602978	0.006544502617801141	0.0	0.0026178010471204793	14167609
2023-11-22	-0.0013054830287205987	-0.0013054830287205987	0.0026109660574411974	-0.0013054830287205987	-0.0013054830287205987	7032550
2023-11-23	-0.003921568627451012	0.0	0.0013071895424836323	-0.007843137254902025	-0.003921568627451012	17790894
2023-11-24	0.0013123359580052214	-0.0013123359580052214	0.005249343832021002	-0.0026246719160105594	0.0013123359580052214	13099602
2023-11-27	-0.013106159895150675	0.0	0.0	-0.01834862385321097	-0.013106159895150675	26391014
2023-11-28	-0.0239043824701196	0.0	0.0013280212483399452	-0.0292164674634795	-0.0239043824701196	38270643
2023-11-29	-0.02040816326530605	0.0	0.0	-0.02448979591836731	-0.02040816326530605	33566797
2023-11-30	0.0027777777777777185	0.0	0.009722222222222137	-0.0013888888888888592	0.0027777777777777185	21273556
2023-12-01	0.008310249307479294	0.0	0.01108033240997231	0.0	0.008310249307479294	19233647
2023-12-04	-0.005494505494505499	-0.002747252747252811	0.0041208791208790325	-0.005494505494505499	-0.005494505494505499	11649331
2023-12-05	-0.008287292817679627	0.0	0.0013812154696132301	-0.008287292817679627	-0.008287292817679627	14330254
2023-12-06	-0.0027855153203342024	0.0	0.0027855153203343265	-0.011142061281337058	-0.0027855153203342024	15692163
2023-12-07	-0.005586592178770954	-0.0013966480446927076	0.002793296089385415	-0.008379888268156494	-0.005586592178770954	18525572
2023-12-08	0.008426966292134776	0.002808988764044884	0.011235955056179785	-0.001404494382022442	0.008426966292134776	24766397
2023-12-11	0.008356545961002855	-0.004178272980501304	0.009749303621169957	-0.02089136490250689	0.008356545961002855	24149754
2023-12-12	0.005524861878453044	-0.0041436464088398135	0.006906077348066274	-0.005524861878453044	0.005524861878453044	14737123
2023-12-13	-0.009615384615384654	-0.0013736263736264663	0.0	-0.009615384615384654	-0.009615384615384654	13229356
2023-12-14	-0.0027739251040221325	0.0013869625520110662	0.005547850208044388	-0.0027739251040221325	-0.0027739251040221325	7179205
2023-12-15	-0.004172461752433971	0.002781641168289231	0.006954102920723202	-0.006954102920723325	-0.004172461752433971	12663180
2023-12-18	-0.004189944134078247	0.0013966480446927076	0.005586592178770954	-0.0069832402234636624	-0.004189944134078247	10001353
2023-12-19	-0.0028050490883589864	0.0	0.0014025245441794932	-0.007012622720897591	-0.0028050490883589864	11809308
2023-12-20	0.0	0.0014064697609001105	0.007032348804500678	0.0	0.0	11891154
2023-12-21	0.007032348804500678	-0.0014064697609002354	0.007032348804500678	-0.007032348804500803	0.007032348804500678	13344754
2023-12-22	0.00837988826815637	0.0013966480446927076	0.011173184357541908	-0.002793296089385539	0.00837988826815637	16793752
2023-12-25	-0.004155124653739524	0.0013850415512466309	0.004155124653739647	-0.008310249307479171	-0.004155124653739524	10829574
2023-12-26	0.006954102920723202	0.0	0.008344923504867817	-0.004172461752433971	0.006954102920723202	12083291
2023-12-27	0.011049723756906087	-0.0013812154696132301	0.013812154696132548	-0.002762430939226583	0.011049723756906087	16441005
2023-12-28	0.015027322404371506	0.0	0.016393442622950834	-0.0013661202185793271	0.015027322404371506	22267667
2023-12-29	-0.006729475100942103	0.0	0.002691790040376913	-0.0080753701211305	-0.006729475100942103	21536072
2024-01-02	0.008130081300813075	0.002710027100271065	0.013550135501355086	-0.0040650406504065375	0.008130081300813075	20770162
2024-01-03	0.0026881720430106952	0.0	0.00537634408602151	-0.0026881720430108145	0.0026881720430106952	15873281
2024-01-04	0.0	0.0	0.004021447721179658	-0.008042895442359197	0.0	13944384
2024-01-05	0.009383378016085828	-0.001340482573726513	0.021447721179624683	-0.004021447721179658	0.009383378016085828	24966960
2024-01-08	-0.009296148738379851	0.0	0.003984063745019835	-0.013280212483399804	-0.009296148738379851	19624522
2024-01-09	0.009383378016085828	0.001340482573726513	0.013404825737265367	-0.009383378016085828	0.009383378016085828	21582379
2024-01-10	0.0	0.0	0.005312084993359899	-0.005312084993359899	0.0	17244815
2024-01-11	-0.003984063745019953	0.0	0.003984063745019835	-0.006640106241699843	-0.003984063745019953	20898497
2024-01-12	0.011999999999999981	0.0	0.01466666666666671	-0.0026666666666666098	0.011999999999999981	21953333
2024-01-15	0.013175230566534985	-0.0026350461133069266	0.01581027667984191	-0.003952569169960507	0.013175230566534985	22514692
2024-01-16	0.013003901170351058	-0.0013003901170351982	0.015604681404421224	-0.002600780234070281	0.013003901170351058	28758216
2024-01-17	0.0025673940949935267	-0.0012836970474967633	0.01797175866495503	-0.0025673940949936407	0.0025673940949935267	42613444
2024-01-18	0.0025608194622279722	-0.0038412291933417877	0.005121638924455831	-0.024327784891165112	0.0025608194622279722	40168697
2024-01-19	0.006385696040868432	-0.0038314176245211047	0.011494252873563201	-0.007662835249042209	0.006385696040868432	31177302
2024-01-22	-0.0012690355329948969	0.0	0.0152284263959391	-0.007614213197969494	-0.0012690355329948969	49199939
2024-01-23	0.0012706480304955257	-0.0050825921219822155	0.011435832274459956	-0.015247776365946646	0.0012706480304955257	26646258
2024-01-24	0.011421319796954297	0.0025380710659899065	0.016497461928933997	-0.0025380710659897937	0.011421319796954297	24497987
2024-01-25	0.002509410288582241	0.0012547051442911763	0.006273525721455436	-0.005018820577164371	0.002509410288582241	37982358
2024-01-26	0.02753441802252824	0.0012515644555694352	0.028785982478097674	0.0	0.02753441802252824	49598844
2024-01-29	0.014616321559074203	0.0048721071863579955	0.02436053593179041	-0.0048721071863582115	0.014616321559074203	55457588
2024-01-30	-0.00840336134453785	-0.00840336134453785	0.007202881152461044	-0.014405762304921875	-0.00840336134453785	34061515
2024-01-31	0.00484261501210665	0.0	0.013317191283292909	-0.0036319612590798257	0.00484261501210665	33116977
2024-02-01	-0.0048192771084338455	-0.00240963855421703	0.002409638554216816	-0.013253012048192915	-0.0048192771084338455	26676262
2024-02-02	0.01694915254237295	0.0	0.01937046004842617	-0.0024213075060532173	0.01694915254237295	48890919
2024-02-05	0.003571428571428495	0.00238095238095233	0.008333333333333366	-0.010714285714285697	0.003571428571428495	46344330
2024-02-06	-0.005931198102016481	0.0	0.008303677342823284	-0.01304863582443647	-0.005931198102016481	51375323
2024-02-07	-0.01551312649164687	0.003579952267303026	0.004773269689737368	-0.03341288782816242	-0.01551312649164687	67102042
2024-02-08	-0.009696969696969706	-0.0072727272727273334	-0.0036363636363635587	-0.021818181818181785	-0.009696969696969706	57519061
2024-02-19	0.028151774785801765	0.0024479804161566185	0.028151774785801765	-0.0024479804161566185	0.028151774785801765	38595589
2024-02-20	0.010714285714285697	0.0	0.011904761904761862	-0.009523809523809532	0.010714285714285697	27518756
2024-02-21	0.027090694935217954	0.001177856301531188	0.03651354534746767	-0.004711425206124962	0.027090694935217954	48274653
2024-02-22	0.0011467889908256636	-0.0034403669724771945	0.008027522935779645	-0.008027522935779848	0.0011467889908256636	23554929
2024-02-23	-0.0011454753722794715	0.0011454753722794715	0.013745704467353861	-0.0011454753722794715	-0.0011454753722794715	22336968
2024-02-26	-0.018348623853211024	0.0	0.0011467889908256636	-0.020642201834862556	-0.018348623853211024	25233008
2024-02-27	0.007009345794392373	-0.0035046728971963943	0.01752336448598135	-0.00467289719626179	0.007009345794392373	30648687
2024-02-28	0.005800464037123053	-0.003480278422273708	0.011600928074246106	-0.0116009280742459	0.005800464037123053	31353135
2024-02-29	0.009227220299884669	0.0	0.009227220299884669	-0.004613610149942231	0.009227220299884669	20456114
2024-03-01	-0.004571428571428474	0.0	0.002285714285714237	-0.011428571428571389	-0.004571428571428474	26791939
2024-03-04	-0.006888633754305452	-0.00459242250287037	0.0	-0.01033295063145828	-0.006888633754305452	22899710
2024-03-05	0.02080924855491326	0.0	0.024277456647398735	-0.001156069364161825	0.02080924855491326	43403201
2024-03-06	0.004530011325028216	0.002265005662514108	0.023782559456398535	0.001132502831257054	0.004530011325028216	34452071
2024-03-07	0.0067643742953777345	-0.0022547914317925114	0.014656144306651724	-0.004509582863585023	0.0067643742953777345	22165610
2024-03-08	0.006718924972004535	0.0	0.007838745800671924	-0.0033594624860021683	0.006718924972004535	19118417
2024-03-11	-0.003337041156840863	0.0011123470522802878	0.003337041156840863	-0.013348164627363848	-0.003337041156840863	20824062
2024-03-12	-0.027901785714285712	-0.0022321428571430075	0.0	-0.029017857142857314	-0.027901785714285712	29764957
2024-03-13	0.014925373134328242	-0.0011481056257177454	0.020665901262916155	-0.002296211251435287	0.014925373134328242	20379537
2024-03-14	-0.0011312217194569894	-0.0033936651583709684	0.005656108597285148	-0.005656108597285148	-0.0011312217194569894	13469040
2024-03-15	0.018120045300113265	0.014722536806342104	0.02491506228765579	0.00792751981879958	0.018120045300113265	43273224
2024-03-18	-0.0011123470522802878	-0.0011123470522802878	0.0011123470522802878	-0.012235817575083362	-0.0011123470522802878	18484452
2024-03-19	-0.014476614699331935	-0.005567928730512328	0.0	-0.015590200445434362	-0.014476614699331935	17299560
2024-03-20	0.005649717514124374	0.0	0.013559322033898417	-0.005649717514124173	0.005649717514124374	16838287
2024-03-21	0.005617977528089768	-0.002247191011235907	0.006741573033707921	-0.00337078651685406	0.005617977528089768	14486813
2024-03-22	-0.004469273743016665	0.0	0.0033519553072626973	-0.01117318435754186	-0.004469273743016665	12842333
2024-03-25	0.010101010101010085	-0.001122334455667765	0.01346801346801338	-0.00224466891133553	0.010101010101010085	20208901
2024-03-26	0.0011111111111110875	-0.00444444444444435	0.0033333333333332624	-0.008888888888888898	0.0011111111111110875	21475400
2024-03-27	0.0044395116537181934	-0.0011098779134294991	0.00887902330743619	-0.0044395116537179966	0.0044395116537181934	22036847
2024-03-28	-0.0022099447513813644	-0.0011049723756907804	0.0022099447513811684	-0.016574585635359153	-0.0022099447513813644	20202756
2024-03-29	-0.007751937984495959	-0.003322259136212554	0.0022148394241418993	-0.00996677740863786	-0.007751937984495959	14035644
2024-04-01	0.01450892857142846	0.003348214285714214	0.015624999999999863	0.0	0.01450892857142846	19622032
2024-04-02	-0.0011001100110010766	0.0011001100110010766	0.0044004400440045026	-0.006600660066006655	-0.0011001100110010766	13894565
2024-04-03	0.0022026431718061203	0.0022026431718061203	0.005506607929515497	-0.009911894273127738	0.0022026431718061203	16873217
2024-04-08	0.015384615384615448	0.002197802197802151	0.019780219780219748	-0.0032967032967032264	0.015384615384615448	27576003
2024-04-09	-0.004329004329004429	0.0	0.01406926406926396	-0.006493506493506547	-0.004329004329004429	18463904
2024-04-10	-0.005434782608695537	-0.0010869565217391072	0.01086956521739146	-0.016304347826086803	-0.005434782608695537	19694237
2024-04-11	0.0010928961748633646	0.0	0.006557377049180382	-0.01092896174863384	0.0010928961748633646	16844188
2024-04-12	-0.0076419213973799435	-0.0021834061135370714	0.006550218340611408	-0.009825327510917015	-0.0076419213973799435	15505240
2024-04-15	0.015401540154015464	0.0011001100110010766	0.02860286028602858	0.0	0.015401540154015464	26305837
2024-04-16	0.0010834236186348632	0.0	0.007583965330444234	-0.010834236186348824	0.0010834236186348632	31731455
2024-04-17	0.008658008658008665	0.0	0.009740259740259724	-0.009740259740259724	0.008658008658008665	20042269
2024-04-18	0.00214592274678107	0.0	0.013948497854077146	-0.005364806866952866	0.00214592274678107	26913982
2024-04-19	-0.0010706638115631465	0.0	0.006423982869379069	-0.004282655246252586	-0.0010706638115631465	16913933
2024-04-22	-0.001071811361200406	0.001071811361200406	0.010718113612004249	-0.008574490889603437	-0.001071811361200406	24192054
2024-04-23	0.00214592274678107	0.001072961373390535	0.00858369098712447	-0.00214592274678107	0.00214592274678107	27516114
2024-04-24	0.0	0.0	0.005353319057815922	-0.006423982869379069	0.0	16316307
2024-04-25	0.0117773019271948	-0.002141327623126293	0.0117773019271948	-0.004282655246252586	0.0117773019271948	18147960
2024-04-26	-0.04444444444444444	-0.005291005291005179	-0.0031746031746031074	-0.04761904761904755	-0.04444444444444444	55757366
2024-04-29	0.02325581395348847	-0.0011074197120708514	0.02657807308970102	-0.005537098560354257	0.02325581395348847	42402500
2024-04-30	0.008658008658008665	-0.005411255411255488	0.01623376623376627	-0.005411255411255488	0.008658008658008665	23283355
2024-05-06	0.0032188841201716053	0.007510729613733936	0.00858369098712447	-0.010729613733905541	0.0032188841201716053	39589614
2024-05-07	-0.02459893048128347	0.0010695187165775174	0.0021390374331550347	-0.0331550802139038	-0.02459893048128347	36079216
2024-05-08	0.006578947368421108	0.0	0.01535087719298252	-0.004385964912280609	0.006578947368421108	25254025
2024-05-09	0.006535947712418355	0.0021786492374727207	0.011982570806100157	-0.0010893246187363603	0.006535947712418355	17577211
2024-05-10	0.011904761904761843	0.0	0.015151515151515213	-0.014069264069264153	0.011904761904761843	30575182
2024-05-13	0.022459893048128433	-0.0010695187165775174	0.025668449197860987	-0.0042780748663100695	0.022459893048128433	37686812
2024-05-14	0.001046025104602488	0.001046025104602488	0.006276150627614929	-0.006276150627615115	0.001046025104602488	24739133
2024-05-15	0.0010449320794148158	-0.003134796238244633	0.008359456635318712	-0.004179728317659449	0.0010449320794148158	17416026
2024-05-16	0.014613778705636802	0.0	0.02400835073068898	-0.002087682672233776	0.014613778705636802	28195732
2024-05-17	0.008230452674897125	0.0030864197530863537	0.008230452674897125	-0.007201646090535008	0.008230452674897125	19408003
2024-05-20	-0.00204081632653075	0.0	0.01122448979591831	-0.007142857142857171	-0.00204081632653075	27529398
2024-05-21	0.019427402862985818	0.002044989775051263	0.019427402862985818	-0.006134969325153244	0.019427402862985818	23612201
2024-05-22	0.008024072216649957	-0.0010030090270812223	0.017051153460381135	-0.004012036108325068	0.008024072216649957	25575615
2024-05-23	-0.000995024875622046	-0.003980099502487654	0.008955223880597	-0.005970149253731393	-0.000995024875622046	18719774
2024-05-24	0.005976095617529931	-0.002988047808764877	0.013944223107569778	-0.0049800796812747945	0.005976095617529931	23084035
2024-05-27	0.022772277227722817	0.0	0.024752475247524754	-0.003960396039603876	0.022772277227722817	37201989
2024-05-28	0.009680542110358145	0.0019361084220715947	0.014520813165537305	-0.004840271055179159	0.009680542110358145	30136172
2024-05-29	-0.011505273250239619	-0.002876318312559862	0.009587727708533044	-0.015340364333652939	-0.011505273250239619	33864552
2024-05-30	-0.005819592628516052	-0.0019398642095054654	0.011639185257031932	-0.012609117361784751	-0.005819592628516052	25409523
2024-05-31	0.011707317073170655	-0.0029268292682926205	0.012682926829268368	-0.0039024390243901606	0.011707317073170655	23430985
2024-06-03	-0.027000964320154232	-0.004821600771456021	-0.0028929604628736127	-0.045323047251687454	-0.027000964320154232	66280646
2024-06-04	0.006937561942517372	0.004955401387512459	0.011892963330029831	-0.0019821605550049133	0.006937561942517372	27911769
2024-06-05	-0.006889763779527587	0.0	0.007874015748031503	-0.008858267716535419	-0.006889763779527587	24874504
2024-06-06	0.0059464816650149155	0.0	0.009910802775024742	-0.003964321110009827	0.0059464816650149155	18483463
2024-06-07	-0.002955665024630654	0.0	0.0019704433497536524	-0.013793103448275917	-0.002955665024630654	20905672
2024-06-11	-0.019762845849802303	0.003952569169960566	0.005928853754940761	-0.019762845849802303	-0.019762845849802303	25402392
2024-06-12	0.01814516129032255	0.0030241935483870325	0.023185483870967784	-0.012096774193548309	0.01814516129032255	40572242
2024-06-13	-0.011881188118811805	0.001980198019801938	0.015841584158415856	-0.015841584158415856	-0.011881188118811805	32238625
2024-06-14	-0.04408817635270554	-0.04909819639278559	-0.037074148296593286	-0.062124248496994085	-0.04408817635270554	31131381
2024-06-17	0.004192872117400517	0.005241090146750599	0.011530398322851281	-0.006289308176100496	0.004192872117400517	27258148
2024-06-18	0.017745302713987467	-0.001043841336116888	0.025052192066805867	-0.007306889352818401	0.017745302713987467	21052083
2024-06-19	0.013333333333333414	0.0	0.021538461538461624	0.0	0.013333333333333414	32602050
2024-06-20	-0.005060728744939342	-0.0030364372469636777	0.005060728744939163	-0.020242914979757193	-0.005060728744939342	23250090
2024-06-21	0.004069175991861561	0.0	0.009155645981688694	-0.004069175991861742	0.004069175991861561	23160802
2024-06-24	-0.0030395136778114855	0.0	0.007092198581560313	-0.008105369807497475	-0.0030395136778114855	21424220
2024-06-25	0.002032520325203209	0.0010162601626016044	0.008130081300813016	-0.004065040650406418	0.002032520325203209	19789986
2024-06-26	0.0030425963488844967	0.0030425963488844967	0.01014198782961475	-0.001014198782961439	0.0030425963488844967	21292810
2024-06-27	0.029322548028311336	0.0020222446916076412	0.0333670374115268	-0.002022244691607821	0.029322548028311336	46405618
2024-06-28	0.020628683693516784	-0.000982318271119822	0.026522593320235717	-0.001964636542239644	0.020628683693516784	45445834
2024-07-01	-0.011549566891241673	0.0	0.0009624639076034443	-0.018286814244465956	-0.011549566891241673	29025933
2024-07-02	0.0	-0.0009737098344693075	0.00876338851022394	-0.00389483933787723	0.0	27063542
2024-07-03	-0.00876338851022394	-0.001947419668938615	0.001947419668938615	-0.013631937682570476	-0.00876338851022394	28010870
2024-07-04	-0.01277013752455786	0.0	0.005893909626719106	-0.015717092337917498	-0.01277013752455786	23032715
2024-07-05	-0.009950248756219046	0.002985074626865608	0.00796019900497513	-0.013930348258706524	-0.009950248756219046	26079945
2024-07-08	0.013065326633165909	0.0	0.018090452261306685	-0.014070351758793849	0.013065326633165909	31312392
2024-07-09	0.0059523809523810015	-0.000992063492063471	0.008928571428571414	-0.007936507936507943	0.0059523809523810015	18911035
2024-07-10	-0.010848126232741735	-0.0009861932938855806	0.003944773175542322	-0.01676528599605522	-0.010848126232741735	22155380
2024-07-11	-0.0039880358923229465	0.006979062811565333	0.010967098703888456	-0.011964107676969015	-0.0039880358923229465	23492506
2024-07-12	0.007007007007007036	-0.003003003003002939	0.012012012012011934	-0.004004004004004097	0.007007007007007036	18172357
2024-07-15	0.009940357852882668	0.0019880715705764985	0.012922465208747416	-0.0009940357852882492	0.009940357852882668	21713915
2024-07-16	-0.007874015748031503	0.001968503937007832	0.010826771653543251	-0.01476377952755909	-0.007874015748031503	24782758
2024-07-17	0.003968253968253884	-0.00396825396825406	0.008928571428571414	-0.009920634920634885	0.003968253968253884	21905290
2024-07-18	0.0029644268774704683	0.0009881422924902731	0.004940711462450663	-0.011857707509881346	0.0029644268774704683	21194564
2024-07-19	0.0	-0.0019704433497536524	0.0019704433497536524	-0.013793103448275917	0.0	22683917
2024-07-22	-0.012807881773399091	-0.002955665024630654	-0.0019704433497536524	-0.021674876847290702	-0.012807881773399091	22775611
2024-07-23	0.007984031936127753	-0.0029940119760478406	0.01696606786427145	-0.006986027944111805	0.007984031936127753	23156769
2024-07-24	-0.003960396039603876	0.0	0.007920792079207928	-0.006930693069306959	-0.003960396039603876	19187338
2024-07-25	-0.0059642147117296715	0.0009940357852882492	0.004970178926441245	-0.01789264413518884	-0.0059642147117296715	28776556
2024-07-26	-0.016000000000000014	-0.0019999999999999575	0.0019999999999999575	-0.028999999999999915	-0.016000000000000014	26027944
2024-07-29	0.020325203252032447	0.004065040650406598	0.024390243902439046	-0.0010162601626016044	0.020325203252032447	28260499
2024-07-30	0.0049800796812749714	0.0	0.006972111553784889	-0.007968127490039672	0.0049800796812749714	19890475
2024-07-31	0.0	0.0	0.003964321110010003	-0.010901883052527199	0.0	20266029
2024-08-01	0.004955401387512459	0.008919722497522285	0.02180376610505457	-0.0029732408325073697	0.004955401387512459	43820816
2024-08-02	0.013806706114398302	0.001972386587771161	0.0177514792899408	-0.0029585798816569166	0.013806706114398302	31060705
2024-08-05	-0.030155642023346182	0.0019455252918289252	0.006809338521400806	-0.03210116731517511	-0.030155642023346182	40846691
2024-08-06	-0.008024072216649957	0.0	0.009027081243731179	-0.018054162487462534	-0.008024072216649957	29782549
2024-08-07	0.0050556117290191036	0.0	0.014155712841253668	-0.0010111223458038206	0.0050556117290191036	22470121
2024-08-08	-0.019114688128772588	-0.004024144869215206	-0.0010060362173038016	-0.02012072434607639	-0.019114688128772588	32375372
2024-08-09	0.016410256410256424	0.0	0.02256410256410263	-0.005128205128205201	0.016410256410256424	23611160
2024-08-12	-0.0060544904137235615	0.0	0.009081735620585252	-0.009081735620585252	-0.0060544904137235615	15466346
2024-08-13	0.0	0.0	0.01725888324873096	-0.0030456852791877526	0.0	24107894
2024-08-14	0.007106598984771602	0.002030456852791835	0.009137055837563437	-0.0010152284263959175	0.007106598984771602	17323540
2024-08-15	0.005040322580645233	0.0010080645161290108	0.011088709677419298	-0.0020161290322580215	0.005040322580645233	24926197
2024-08-16	0.017051153460381135	-0.0010030090270812223	0.018054162487462357	-0.004012036108325068	0.017051153460381135	30291301
2024-08-19	0.013806706114398302	0.0	0.014792899408283882	-0.0029585798816569166	0.013806706114398302	24430633
2024-08-20	0.0	0.0019455252918289252	0.00583657587548643	-0.007782101167315182	0.0	19929447
2024-08-21	-0.015564202334630364	-0.0019455252918287524	-0.0009727626459143762	-0.018482490272373493	-0.015564202334630364	20499737
2024-08-22	0.004940711462450663	0.0009881422924902731	0.009881422924901326	-0.0009881422924900977	0.004940711462450663	14656528
2024-08-23	0.0019665683382497122	0.0	0.004916420845624455	-0.010816125860373593	0.0019665683382497122	14937211
2024-08-26	0.009813542688910663	0.0009813542688910488	0.009813542688910663	-0.007850834151128566	0.009813542688910663	19059383
2024-08-27	-0.00485908649173945	-0.0009718172983478899	0.005830903790087512	-0.010689990281826963	-0.00485908649173945	19135100
2024-08-28	-0.005859375000000049	0.0009765624999999792	0.0019531249999999584	-0.012695312500000076	-0.005859375000000049	17160021
2024-08-29	-0.02357563850687625	0.0	0.0029469548133596404	-0.026522593320235717	-0.02357563850687625	27085244
2024-08-30	-0.002012072434607603	0.0	0.01509054325955738	-0.006036217303822809	-0.002012072434607603	32232058
2024-09-02	0.022177419354838773	0.0	0.02620967741935482	-0.0020161290322580215	0.022177419354838773	31955092
2024-09-03	-0.0088757396449704	0.004930966469427902	0.01084812623274156	-0.012820512820512896	-0.0088757396449704	34919449
2024-09-04	0.009950248756218869	-0.0029850746268657844	0.013930348258706347	-0.0029850746268657844	0.009950248756218869	24064836
2024-09-05	0.003940886699507305	0.0029556650246304788	0.006896551724137959	-0.006896551724137959	0.003940886699507305	29882160
2024-09-06	-0.003925417075564195	0.0	0.01472031403336608	-0.008832188420019614	-0.003925417075564195	28412060
2024-09-09	-0.006896551724137959	0.0	0.003940886699507305	-0.012807881773399091	-0.006896551724137959	25757681
2024-09-10	0.009920634920634885	-0.000992063492063471	0.012896825396825474	-0.004960317460317531	0.009920634920634885	29123921
2024-09-11	-0.05009823182711196	-0.007858546168958749	-0.006876227897838928	-0.05500982318271125	-0.05009823182711196	46575182
2024-09-12	0.016546018614270956	-0.004136504653567647	0.019648397104446692	-0.014477766287487133	0.016546018614270956	32288194
2024-09-13	0.008138351983723303	0.0010172939979653903	0.015259409969481216	-0.003051881993896171	0.008138351983723303	28174858
2024-09-18	0.01109989909182638	-0.0010090817356205638	0.012108980827446944	-0.004036326942482434	0.01109989909182638	25823850
2024-09-19	0.009980039920159646	-0.0019960079840318935	0.011976047904191716	-0.003992015968063787	0.009980039920159646	35934957
2024-09-20	0.015810276679841914	0.0	0.01778656126482228	-0.0019762845849801954	0.015810276679841914	36612325
2024-09-23	-0.005836575875486257	-0.0068093385214006335	-0.0009727626459143762	-0.014591439688715816	-0.005836575875486257	24312995
2024-09-24	0.002935420743639859	0.002935420743639859	0.005870841487279718	-0.011741682974559783	0.002935420743639859	55081344
2024-09-25	0.030243902439024438	0.004878048780487874	0.03804878048780493	0.0029268292682926205	0.030243902439024438	74309595
2024-09-26	0.015151515151515164	-0.004734848484848552	0.015151515151515164	-0.017992424242424362	0.015151515151515164	54933824
2024-09-27	-0.018656716417910547	0.002798507462686507	0.01492537313432837	-0.027052238805970234	-0.018656716417910547	30348265
2024-09-30	0.04087452471482887	0.0076045627376425924	0.05038022813688224	-0.014258555133079883	0.04087452471482887	119810616
2024-10-08	0.041095890410959006	0.08949771689497721	0.08949771689497721	0.008219178082191768	0.041095890410959006	151935680
2024-10-09	-0.09912280701754393	-0.03947368421052641	-0.03947368421052641	-0.10000000000000005	-0.09912280701754393	142937575
2024-10-10	0.011684518013632034	0.0029211295034080953	0.03310613437195714	-0.00389483933787723	0.011684518013632034	93074964
2024-10-11	0.002887391722810333	0.005774783445620666	0.027911453320500396	-0.011549566891241673	0.002887391722810333	73489774
2024-10-14	0.012476007677543262	0.009596928982725494	0.04414587332053751	0.006717850287907897	0.012476007677543262	117437393
2024-10-15	-0.009478672985782125	-0.010426540284360304	0.023696682464454975	-0.01990521327014226	-0.009478672985782125	87170353
2024-10-16	0.02105263157894743	-0.004784688995215209	0.032535885167464106	-0.008612440191387547	0.02105263157894743	78490521
2024-10-17	-0.0056232427366448455	-0.0037488284910964526	0.012183692596063804	-0.008434864104967185	-0.0056232427366448455	56045393
2024-10-18	0.0028275212064091553	0.0	0.011310084825636287	-0.01790763430725726	0.0028275212064091553	59330422
2024-10-21	-0.0216165413533835	-0.0009398496240601303	0.0	-0.030075187969924838	-0.0216165413533835	67271080
2024-10-22	-0.008645533141210361	-0.0009606147934677989	0.013448607108549527	-0.015369836695485124	-0.008645533141210361	60572636
2024-10-23	-0.0019379844961239896	0.0	0.0029069767441859845	-0.005813953488372141	-0.0019379844961239896	43614742
2024-10-24	0.0	0.003883495145630985	0.00873786407766989	-0.004854368932038904	0.0	40297914
2024-10-25	0.0009708737864077462	-0.0009708737864079187	0.003883495145630985	-0.006796116504854396	0.0009708737864077462	39683524
2024-10-28	-0.0038797284190107586	-0.0019398642095054654	-0.0009699321047526466	-0.010669253152279456	-0.0038797284190107586	34095842
2024-10-29	-0.0009737098344693075	0.0	0.00876338851022394	-0.001947419668938615	-0.0009737098344693075	40254235
2024-10-30	-0.007797270955165699	0.0	0.006822612085770009	-0.015594541910331399	-0.007797270955165699	53043194
2024-10-31	0.006876227897838928	0.001964636542239644	0.014734774066797678	-0.003929273084479288	0.006876227897838928	48444411
2024-11-01	-0.027317073170731645	-0.027317073170731645	-0.009756097560975575	-0.030243902439024438	-0.027317073170731645	64194929
2024-11-04	0.01404212637913729	0.008024072216649957	0.015045135406218513	-0.009027081243731179	0.01404212637913729	50905430
2024-11-05	0.007912957467853617	-0.0029673590504450406	0.008902077151335298	-0.005934718100890081	0.007912957467853617	42099245
2024-11-06	-0.006869479882237516	-0.003925417075564195	0.004906771344455418	-0.009813542688910663	-0.006869479882237516	44934707
2024-11-07	0.01976284584980248	0.0019762845849803706	0.01976284584980248	-0.0029644268774702926	0.01976284584980248	56827179
2024-11-08	-0.012596899224806278	0.0029069767441859845	0.005813953488372141	-0.014534883720930267	-0.012596899224806278	45158532
2024-11-11	0.007850834151128566	0.002944062806673321	0.012757605495583984	-0.005888125613346293	0.007850834151128566	45500112
2024-11-12	-0.0009737098344693075	-0.0009737098344693075	0.0233690360272639	-0.005842259006815845	-0.0009737098344693075	49913992
2024-11-13	0.011695906432748635	-0.003898635477582763	0.022417153996101405	-0.005847953216374317	0.011695906432748635	57011442
2024-11-14	0.0	-0.0028901734104047334	0.014450867052022984	-0.0028901734104047334	0.0	63077145
2024-11-15	-0.00963391136801555	-0.0028901734104047334	0.006743737957610646	-0.011560693641618592	-0.00963391136801555	36381289
2024-11-18	0.0029182879377433013	0.006809338521400806	0.021400778210116794	0.0009727626459143762	0.0029182879377433013	63213662
2024-11-19	0.0029097963142579396	-0.0029097963142581122	0.006789524733268698	-0.013579049466537397	0.0029097963142579396	44765590
2024-11-20	0.0	-0.00483558994197299	0.0029013539651836905	-0.005802707930367553	0.0	31109993
2024-11-21	0.0009671179883945635	-0.0029013539651836905	0.0029013539651836905	-0.005802707930367553	0.0009671179883945635	23066716
2024-11-22	-0.010628019323671443	0.0	0.005797101449275411	-0.01159420289855065	-0.010628019323671443	37736999
2024-11-25	0.016601562499999993	0.0019531249999999584	0.03125000000000003	-0.00390625000000009	0.016601562499999993	83746412
2024-11-26	0.01921229586935632	-0.0038424591738713664	0.020172910662824117	-0.0038424591738713664	0.01921229586935632	78381378
2024-11-27	0.011310084825636287	-0.006597549481621139	0.012252591894439283	-0.01131008482563612	0.011310084825636287	97726534
2024-11-28	-0.011183597390494035	-0.006523765144454826	0.0018639328984156173	-0.013047530288909651	-0.011183597390494035	69387459
2024-11-29	-0.0037700282752119838	-0.0018850141376059919	0.006597549481621139	-0.008482563619227132	-0.0037700282752119838	56320097
2024-12-02	-0.01135288552507105	0.003784295175023571	0.003784295175023571	-0.016083254493850514	-0.01135288552507105	62001020
2024-12-03	0.017224880382775264	-0.0009569377990430418	0.017224880382775264	-0.0009569377990430418	0.017224880382775264	56198373
2024-12-04	-0.001881467544684981	-0.001881467544684981	0.003762935089369628	-0.008466603951081998	-0.001881467544684981	37907886
2024-12-05	-0.0037700282752119838	0.0	0.0028275212064091553	-0.005655042412817976	-0.0037700282752119838	30127493
2024-12-06	0.0009460737937558928	0.002838221381267678	0.008514664143803204	-0.0028382213812678464	0.0009460737937558928	41393627
2024-12-09	-0.0009451795841209628	-0.0009451795841209628	0.004725897920604982	-0.00756143667296787	-0.0009451795841209628	33044036
2024-12-10	0.0	0.006622516556291418	0.010406811731314988	-0.007568590350047311	0.0	47984710
2024-12-11	-0.004730368968779632	-0.0009460737937558928	0.002838221381267678	-0.01135288552507105	-0.004730368968779632	52527207
2024-12-12	0.009505703422053199	-0.000950570342205303	0.01330798479087458	-0.001901140684410606	0.009505703422053199	42526943
2024-12-13	-0.011299435028248515	-0.0009416195856873623	0.0009416195856875296	-0.012241054613935877	-0.011299435028248515	44434786
2024-12-16	0.0009523809523809321	0.0019047619047618642	0.00952380952380949	-0.0009523809523809321	0.0009523809523809321	36997755
2024-12-17	-0.0009514747859181529	0.0	0.0038058991436727804	-0.005708848715509087	-0.0009514747859181529	32466844
2024-12-18	0.0028571428571427964	0.0019047619047618642	0.015238095238095252	0.0	0.0028571428571427964	49714745
2024-12-19	-0.0018993352326685255	0.0	0.006647673314340009	-0.003798670465337051	-0.0018993352326685255	32187413
2024-12-20	-0.0038058991436726117	-0.0009514747859181529	0.0038058991436727804	-0.004757373929590764	-0.0038058991436726117	24216735
2024-12-23	0.010506208213944549	0.0	0.016236867239732562	-0.0009551098376313072	0.010506208213944549	45369972
2024-12-24	0.01039697542533076	0.0	0.011342155009451722	-0.0018903591682419257	0.01039697542533076	43647228
2024-12-25	0.011225444340505238	-0.001870907390084151	0.014031805425631465	-0.0028063610851262267	0.011225444340505238	72394286
2024-12-26	-0.01202590194264577	-0.0009250693802034955	-0.0009250693802034955	-0.017576318223866908	-0.01202590194264577	34746333
2024-12-27	-0.005617977528089934	0.0	0.004681647940074973	-0.015917602996254675	-0.005617977528089934	44768371
2024-12-30	0.016007532956685493	0.0	0.016949152542373024	-0.0009416195856873623	0.016007532956685493	67134949
2024-12-31	-0.012974976830398405	-0.0027803521779424805	0.006487488415199285	-0.014828544949026726	-0.012974976830398405	55675061
