2021-01-06	0.009530791788856232	-0.0007331378299120078	0.009530791788856232	-0.01759530791788858	0.009530791788856232	31472333.0
2021-01-07	-0.0007262164124909068	-0.005083514887436477	0.0058097312999273835	-0.023238925199709534	-0.0007262164124909068	27477793.0
2021-01-08	0.005087209302325602	-0.005813953488372098	0.007994186046511587	-0.018168604651162792	0.005087209302325602	28145099.0
2021-01-11	-0.03109182935647142	-0.001446131597975385	0.008676789587852438	-0.031814895155459114	-0.03109182935647142	27605587.0
2021-01-12	0.03507462686567155	-0.0037313432835821424	0.044776119402985044	-0.012686567164179098	0.03507462686567155	50506515.0
2021-01-13	-0.0410958904109588	-0.004325883201153477	0.0	-0.0410958904109588	-0.0410958904109588	34323978.0
2021-01-14	-0.012030075187969934	-0.005263157894736863	0.005263157894736729	-0.017293233082706798	-0.012030075187969934	24282168.0
2021-01-15	0.009893455098934474	0.003044140030441335	0.01902587519025875	-0.0030441400304414704	0.009893455098934474	21644377.0
2021-01-18	0.0022607385079126707	-0.007535795026375256	0.012057272042200463	-0.010550113036925305	0.0022607385079126707	19227457.0
2021-01-19	0.0030075187969924168	-0.0030075187969925503	0.009774436090225488	-0.009022556390977519	0.0030075187969924168	18344788.0
2021-01-20	-0.007496251874062942	-0.0029985007496251236	0.004497751124437818	-0.012743628185907041	-0.007496251874062942	12578749.0
2021-01-21	-0.002265861027190284	-0.001510574018126856	0.015861027190332257	-0.008308157099697842	-0.002265861027190284	24232957.0
2021-01-22	-0.02346707040121124	-0.002271006813020525	0.003785011355033984	-0.02346707040121124	-0.02346707040121124	21935744.0
2021-01-25	0.0007751937984495958	0.005426356589147308	0.012403100775193809	-0.005426356589147308	0.0007751937984495958	16014528.0
2021-01-26	-0.02865995352439977	-0.005422153369481045	0.0030983733539890895	-0.0333075135553834	-0.02865995352439977	22525881.0
2021-01-27	0.0039872408293461494	-0.0023923444976076047	0.013556618819776852	-0.0031897926634768064	0.0039872408293461494	11844391.0
2021-01-28	0.0	-0.007148530579825247	0.006354249404289124	-0.010325655281969739	0.0	13941111.0
2021-01-29	0.013502779984114371	-0.0007942811755361228	0.019062748212867374	-0.0031771247021444913	0.013502779984114371	20074464.0
2021-02-01	-0.06583072100313479	-0.005485893416927922	0.0047021943573668104	-0.06739811912225702	-0.06583072100313479	33720326.0
2021-02-02	0.03439597315436243	0.020134228187919483	0.03775167785234893	-0.010067114093959667	0.03439597315436243	21807260.0
2021-02-03	0.0	-0.013787510137875096	0.009732360097323537	-0.013787510137875096	0.0	16185785.0
2021-02-04	-0.010543390105433965	-0.011354420113544247	0.008921330089213255	-0.016220600162205945	-0.010543390105433965	15535572.0
2021-02-05	-0.013114754098360668	0.004098360655737763	0.007377049180327858	-0.01639344262295076	-0.013114754098360668	11257492.0
2021-02-08	-0.00581395348837197	0.0	0.01744186046511635	-0.009966777408637809	-0.00581395348837197	11440985.0
2021-02-09	0.005012531328320695	-0.0008354218880534492	0.005847953216374144	-0.02923976608187146	0.005012531328320695	18436974.0
2021-02-10	-0.004156275976724766	-0.00831255195344968	0.0033250207813799604	-0.012468827930174446	-0.004156275976724766	14646893.0
2021-02-18	0.0016694490818029693	0.013355592654424051	0.020033388981636077	-0.0016694490818029693	0.0016694490818029693	22713171.0
2021-02-19	0.020833333333333332	-0.0033333333333332624	0.02500000000000006	-0.010833333333333398	0.020833333333333332	35759712.0
2021-02-22	-0.007346938775510192	0.00326530612244891	0.02530612244897963	-0.00816326530612242	-0.007346938775510192	29264655.0
2021-02-23	0.022203947368421018	0.00493421052631583	0.05345394736842108	0.00493421052631583	0.022203947368421018	30864243.0
2021-02-24	-0.016894609814963723	-0.021721641190667707	-0.004022526146419866	-0.04102976669348349	-0.016894609814963723	27431229.0
2021-02-25	-0.0016366612111294067	0.004091653027823153	0.009819967266775713	-0.007364975450081821	-0.0016366612111294067	18571378.0
2021-02-26	-0.0008196721311475235	-0.01557377049180324	0.013114754098360668	-0.01803278688524581	-0.0008196721311475235	21850446.0
2021-03-01	-0.0016406890894175206	0.0008203445447087603	0.011484823625922935	-0.0057424118129614675	-0.0016406890894175206	19691222.0
2021-03-02	-0.022185702547247294	0.0	0.003286770747740421	-0.023007395234182364	-0.022185702547247294	20426520.0
2021-03-03	0.010084033613445313	0.0	0.013445378151260515	-0.00252100840336144	0.010084033613445313	18476974.0
2021-03-04	-0.009983361064891783	-0.003327787021630545	0.0	-0.013311148086522475	-0.009983361064891783	13075505.0
2021-03-05	0.015126050420168043	-0.0008403361344537636	0.022689075630252065	-0.004201680672268967	0.015126050420168043	17918773.0
2021-03-08	-0.013245033112582794	0.00579470198675499	0.007450331125827803	-0.014072847682119199	-0.013245033112582794	17213270.0
2021-03-09	-0.018456375838926228	0.0	0.00922818791946304	-0.02265100671140936	-0.018456375838926228	18451125.0
2021-03-10	-0.006837606837606844	0.005128205128205171	0.01111111111111118	-0.017094017094017033	-0.006837606837606844	13906844.0
2021-03-11	0.009466437177280655	-0.003442340791738309	0.015490533562822848	-0.003442340791738309	0.009466437177280655	14674599.0
2021-03-12	0.0	0.0	0.009377664109121862	-0.011082693947144142	0.0	14546193.0
2021-03-15	0.007672634271099731	-0.002557544757033345	0.017050298380221592	-0.007672634271099731	0.007672634271099731	16195104.0
2021-03-16	0.008460236886632796	-0.007614213197969531	0.00930626057529606	-0.013536379018612533	0.008460236886632796	13728964.0
2021-03-17	-0.011744966442953067	-0.005872483221476534	-0.0008389261744966264	-0.018456375838926228	-0.011744966442953067	14844739.0
2021-03-18	-0.006791171477079802	0.0042444821731749335	0.0042444821731749335	-0.007640067911714759	-0.006791171477079802	12757121.0
2021-03-19	-0.008547008547008517	-0.005982905982905856	0.003418803418803498	-0.01025641025641019	-0.008547008547008517	11904537.0
2021-03-22	0.013793103448275874	0.0034482758620690453	0.01551724137931032	-0.002586206896551669	0.013793103448275874	12674868.0
2021-03-23	0.007653061224489784	0.002551020408163211	0.01360544217687076	-0.0017006802721088073	0.007653061224489784	15173883.0
2021-03-24	0.016877637130801777	-0.0033755274261602656	0.021940928270042178	-0.005063291139240548	0.016877637130801777	23447410.0
2021-03-25	-0.00912863070539429	-0.004979253112033236	0.001659751037344363	-0.012448132780083016	-0.00912863070539429	10612202.0
2021-03-26	0.005862646566164178	-0.0025125628140702985	0.010887772194304923	-0.0033500837520937313	0.005862646566164178	13796126.0
2021-03-29	-0.009159034138218104	0.0016652789342214466	0.0024979184013321698	-0.012489592006661146	-0.009159034138218104	11474053.0
2021-03-30	0.0016806722689075271	-0.00252100840336144	0.0075630252100840215	-0.00252100840336144	0.0016806722689075271	8563250.0
2021-03-31	0.0033557046979866547	-0.0016778523489932528	0.014261744966442946	-0.0025167785234898794	0.0033557046979866547	11867971.0
2021-04-01	0.01254180602006677	0.003344481605351099	0.01588628762541802	0.0008361204013377747	0.01254180602006677	12340211.0
2021-04-02	-0.01816680429397183	0.0	0.002477291494632629	-0.025598678777869425	-0.01816680429397183	20167531.0
2021-04-06	-0.01682085786375114	0.0	0.0016820857863750693	-0.02186711522287635	-0.01682085786375114	17269859.0
2021-04-07	-0.005132591958939155	0.0	0.0025662959794697294	-0.010265183917878461	-0.005132591958939155	17170080.0
2021-04-08	0.000859845227858967	-0.002579535683577054	0.007738607050730856	-0.0034393809114360205	0.000859845227858967	22862882.0
2021-04-09	-0.02835051546391753	-0.0025773195876289635	-0.0025773195876289635	-0.03436426116838491	-0.02835051546391753	28654622.0
2021-04-12	-0.0017683465959329222	-0.00442086648983207	0.0053050397877982955	-0.007073386383731217	-0.0017683465959329222	13158236.0
2021-04-13	-0.010628875110717381	-0.0035429583702390743	-0.0008857395925597686	-0.017714791851195687	-0.010628875110717381	13580084.0
2021-04-14	0.0	-0.006266786034019721	0.0035810205908684803	-0.006266786034019721	0.0	13012349.0
2021-04-15	-0.009847806624888043	-0.006266786034019721	-0.002685765443151241	-0.014324082363473602	-0.009847806624888043	13796938.0
2021-04-16	0.0027124773960216417	0.0018083182640144279	0.004520795660036069	-0.0036166365280290162	0.0027124773960216417	12009174.0
2021-04-19	0.013525698827772801	0.0	0.017132551848512128	-0.005410279531109152	0.013525698827772801	20067525.0
2021-04-20	-0.010676156583629982	-0.0026690391459074166	0.0008896797153024721	-0.011565836298932453	-0.010676156583629982	13646257.0
2021-04-21	-0.005395683453237296	-0.003597122302158197	-0.0017985611510790984	-0.008093525179856103	-0.005395683453237296	7476132.0
2021-04-22	0.0	0.0027124773960216417	0.007233273056057872	-0.0018083182640145886	0.0	9875175.0
2021-04-23	-0.022603978300180832	-0.0027124773960218026	-0.0009041591320072139	-0.028028933092224276	-0.022603978300180832	16656956.0
2021-04-26	-0.013876040703052761	0.0	0.0064754856614246325	-0.015726179463459753	-0.013876040703052761	15428175.0
2021-04-27	-0.011257035647279643	0.0	0.0028142589118198276	-0.01407129455909947	-0.011257035647279643	14409750.0
2021-04-28	-0.007590132827324317	-0.0009487666034155396	0.003795066413662327	-0.011385199240986644	-0.007590132827324317	12623374.0
2021-04-29	0.024856596558317377	-0.0009560229445508186	0.02868068833651997	-0.002868068833652116	0.024856596558317377	19809740.0
2021-04-30	-0.020522388059701552	0.0	0.0018656716417910048	-0.020522388059701552	-0.020522388059701552	13918184.0
2021-05-06	-0.0019047619047618642	0.00476190476190483	0.015238095238095252	-0.00476190476190483	-0.0019047619047618642	13325839.0
2021-05-07	0.0	-0.0028625954198474367	0.006679389312977126	-0.003816793893129859	0.0	11880076.0
2021-05-10	0.023854961832061067	0.0009541984732824223	0.02862595419847318	0.0	0.023854961832061067	20860863.0
2021-05-11	0.002795899347623426	-0.007455731593662635	0.009319664492078251	-0.01491146318732527	0.002795899347623426	17662041.0
2021-05-12	-0.0027881040892192713	-0.006505576208178465	0.0009293680297397572	-0.010223048327137494	-0.0027881040892192713	10312508.0
2021-05-13	-0.01584342963653308	-0.005591798695247017	0.0	-0.01770736253494886	-0.01584342963653308	13173766.0
2021-05-14	0.055871212121212106	0.003787878787878707	0.06060606060606049	0.0009469696969696767	0.055871212121212106	48534725.0
2021-05-17	-0.02242152466367713	-0.01345291479820631	-0.001793721973094132	-0.029596412556053817	-0.02242152466367713	27675369.0
2021-05-18	0.0027522935779815925	0.0009174311926605309	0.012844036697247594	-0.0018348623853210618	0.0027522935779815925	13506417.0
2021-05-19	-0.008234217749313802	-0.004574565416285355	0.0009149130832570711	-0.010978956999085016	-0.008234217749313802	11203275.0
2021-05-20	0.009225092250922476	-0.003690036900368925	0.018450184501844952	-0.003690036900368925	0.009225092250922476	15691140.0
2021-05-21	-0.010054844606946932	0.0	0.007312614259597813	-0.01279707495429605	-0.010054844606946932	13873961.0
2021-05-24	0.014773776546629746	-0.0009233610341643386	0.02031394275161594	-0.0018467220683286772	0.014773776546629746	17892864.0
2021-05-25	0.026387625113739686	0.0	0.030937215650591432	-0.0027297543221109517	0.026387625113739686	39963645.0
2021-05-26	-0.007978723404255306	0.0	0.015070921985815597	-0.011524822695035374	-0.007978723404255306	30391949.0
2021-05-27	0.012511170688114439	0.0026809651474531846	0.013404825737265447	-0.005361930294906052	0.012511170688114439	27420236.0
2021-05-28	0.005295675198587864	-0.004413062665489913	0.017652250661959336	-0.011473962930273678	0.005295675198587864	31245482.0
2021-05-31	-0.016681299385425924	-0.013169446883230934	-0.013169446883230934	-0.027216856892010578	-0.016681299385425924	22577735.0
2021-06-01	-0.013392857142857017	-0.005357142857142744	0.0	-0.020535714285714168	-0.013392857142857017	20528235.0
2021-06-02	-0.009954751131221828	0.0	0.003619909502262366	-0.013574660633484194	-0.009954751131221828	15290412.0
2021-06-03	-0.007312614259597813	-0.0018281535648994127	0.009140767824497225	-0.007312614259597813	-0.007312614259597813	16327297.0
2021-06-04	0.01657458563535909	-0.0009208103130754869	0.02854511970534075	-0.004604051565377435	0.01657458563535909	21603800.0
2021-06-07	-0.0027173913043477683	-0.0027173913043477683	0.008152173913043627	-0.010869565217391235	-0.0027173913043477683	13585305.0
2021-06-08	0.0009082652134423058	-0.0009082652134423058	0.00908265213442322	-0.007266121707538608	0.0009082652134423058	15320605.0
2021-06-09	-0.007259528130671513	0.001814882032667838	0.006352087114337594	-0.00998185117967327	-0.007259528130671513	11596219.0
2021-06-10	0.0036563071297989877	0.0009140767824497064	0.011882998171846506	-0.0009140767824497064	0.0036563071297989877	14064394.0
2021-06-11	-0.012750455373406244	-0.004553734061930848	0.0018214936247722745	-0.015482695810564657	-0.012750455373406244	15601052.0
2021-06-15	-0.02029520295202958	0.0	0.0	-0.02121771217712181	-0.02029520295202958	13633432.0
2021-06-16	0.0018832391713748918	0.0	0.008474576271186595	-0.0009416195856873623	0.0018832391713748918	10732908.0
2021-06-17	-0.01597744360902255	-0.016917293233082678	-0.011278195488721898	-0.0216165413533835	-0.01597744360902255	9572507.0
2021-06-18	0.00668576886341915	-0.001910219675262784	0.009551098376313242	-0.00668576886341932	0.00668576886341915	11819122.0
2021-06-21	0.004743833017077866	0.003795066413662327	0.007590132827324485	-0.0009487666034155396	0.004743833017077866	9104210.0
2021-06-22	-0.0018885741265344262	0.0037771482530690203	0.008498583569405086	-0.0037771482530688525	-0.0018885741265344262	9642931.0
2021-06-23	0.0	0.0	0.007568590350047311	-0.004730368968779632	0.0	11308700.0
2021-06-24	0.0018921475875117856	0.0018921475875117856	0.012298959318826774	0.0	0.0018921475875117856	10746762.0
2021-06-25	0.016997167138810172	0.0028328611898016396	0.023607176581680833	-0.0018885741265344262	0.016997167138810172	22603578.0
2021-06-28	-0.010213556174558908	0.0027855153203343677	0.0027855153203343677	-0.013927576601671343	-0.010213556174558908	12452073.0
2021-06-29	0.0	0.0018761726078798848	0.010318949343339533	-0.0018761726078798848	0.0	11415988.0
2021-06-30	0.008442776735459649	-0.0009380863039399424	0.008442776735459649	-0.0037523452157599366	0.008442776735459649	11244468.0
2021-07-01	0.04465116279069772	0.09488372093023252	0.10046511627906977	0.03627906976744191	0.04465116279069772	101239648.0
2021-07-02	-0.04986642920748001	-0.03205699020480866	-0.02226179875333927	-0.05075690115761356	-0.04986642920748001	61189954.0
2021-07-05	-0.008434864104967185	-0.0037488284910964526	0.0056232427366448455	-0.018744142455482594	-0.008434864104967185	26733907.0
2021-07-06	0.006616257088846908	-0.0018903591682419257	0.00756143667296787	-0.008506616257088833	0.006616257088846908	19859949.0
2021-07-07	-0.00657276995305167	-0.007511737089201885	-0.0009389671361502147	-0.009389671361502313	-0.00657276995305167	14624287.0
2021-07-08	-0.008506616257088833	0.009451795841209797	0.01039697542533076	-0.01039697542533076	-0.008506616257088833	18156859.0
2021-07-09	0.0047664442326023765	-0.0047664442326025465	0.011439466158245874	-0.007626310772163972	0.0047664442326023765	15746949.0
2021-07-12	0.013282732447817892	0.01423149905123343	0.026565464895635785	0.006641366223908946	0.013282732447817892	25237316.0
2021-07-13	0.02247191011235957	-0.0018726591760299227	0.024344569288389493	-0.005617977528089934	0.02247191011235957	30093973.0
2021-07-14	-0.003663003663003585	-0.003663003663003585	0.0036630036630037476	-0.017399267399267355	-0.003663003663003585	22418565.0
2021-07-15	0.005514705882352824	-0.002757352941176575	0.007352941176470594	-0.014705882352941188	0.005514705882352824	22733479.0
2021-07-16	0.0009140767824497064	0.004570383912248694	0.013711151736745919	-0.007312614259597813	0.0009140767824497064	20167807.0
2021-07-19	0.0054794520547945666	-0.005479452054794404	0.00913242009132433	-0.017351598173515937	0.0054794520547945666	21264893.0
2021-07-20	0.006357856494096302	-0.005449591280653996	0.007266121707538608	-0.011807447774750138	0.006357856494096302	19125110.0
2021-07-21	0.0018050541516245102	0.0009025270758122551	0.013537906137184148	-0.009025270758122712	0.0018050541516245102	21428339.0
2021-07-22	0.0009009009009008817	-0.002702702702702645	0.012612612612612664	-0.009009009009008978	0.0009009009009008817	27456544.0
2021-07-23	0.0036003600360036835	-0.000900090009000881	0.02070207020702074	-0.017101710171017057	0.0036003600360036835	37037039.0
2021-07-26	-0.02242152466367713	-0.001793721973094132	0.011659192825112017	-0.02421524663677126	-0.02242152466367713	31451048.0
2021-07-27	-0.0211009174311927	0.0018348623853210618	0.00733944954128441	-0.028440366972477107	-0.0211009174311927	22708810.0
2021-07-28	-0.01030927835051541	-0.0018744142455482263	0.007497656982193072	-0.019681349578256707	-0.01030927835051541	19766216.0
2021-07-29	0.012310606060605966	0.009469696969696935	0.0246212121212121	0.0047348484848483835	0.012310606060605966	21118830.0
2021-07-30	-0.010289990645462996	-0.003741814780168302	0.0009354536950420755	-0.012160898035547148	-0.010289990645462996	14581606.0
2021-08-02	0.02457466918714554	-0.0037807183364840192	0.04347826086956513	-0.02457466918714554	0.02457466918714554	28683932.0
2021-08-03	0.008302583025830245	-0.01107011070110694	0.023985239852398504	-0.012915129151291565	0.008302583025830245	26327995.0
2021-08-04	-0.0054894784995425895	-0.0009149130832570711	0.0009149130832570711	-0.018298261665141747	-0.0054894784995425895	20168456.0
2021-08-05	-0.014719411223550909	-0.004599816007359608	0.007359705611775536	-0.016559337626494915	-0.014719411223550909	15946067.0
2021-08-06	0.0009337068160597372	-0.0009337068160599031	0.004668534080298686	-0.007469654528478064	0.0009337068160597372	13349345.0
2021-08-09	0.04011194029850743	-0.0018656716417911705	0.04944029850746262	-0.007462686567164185	0.04011194029850743	43355284.0
2021-08-10	0.006278026905829621	-0.001793721973094132	0.007174887892376688	-0.009865470852018046	0.006278026905829621	27742739.0
2021-08-11	-0.010695187165775489	0.0	0.010695187165775331	-0.01158645276292342	-0.010695187165775489	20066292.0
2021-08-12	0.0	-0.002702702702702645	0.005405405405405451	-0.006306306306306332	0.0	16339952.0
2021-08-13	-0.004504504504504409	-0.0009009009009008817	0.006306306306306332	-0.013513513513513545	-0.004504504504504409	19542796.0
2021-08-16	0.012669683257918441	0.0009049773755655915	0.02262443438914027	0.0	0.012669683257918441	28994563.0
2021-08-17	0.0062555853440572195	-0.0008936550491510087	0.04110813226094735	-0.005361930294906052	0.0062555853440572195	58353467.0
2021-08-18	0.05150976909413855	-0.0017761989342806016	0.061278863232682015	-0.004440497335701504	0.05150976909413855	76398473.0
2021-08-19	-0.023648648648648594	-0.008445945945945915	0.005912162162162186	-0.028716216216216204	-0.023648648648648594	52001140.0
2021-08-20	0.018166089965397845	-0.0008650519031141683	0.018166089965397845	-0.006055363321799332	0.018166089965397845	37514206.0
2021-08-23	-0.008496176720475757	0.0025488530161428325	0.010195412064571028	-0.016992353440951513	-0.008496176720475757	35395872.0
2021-08-24	0.01199657240788351	0.0	0.023993144815766868	-0.01885175664095978	0.01199657240788351	74295044.0
2021-08-25	0.02201524132091446	0.0	0.056731583403894996	-0.00508044030482646	0.02201524132091446	95507131.0
2021-08-26	-0.028997514498757218	-0.004971002485501284	-0.0016570008285003788	-0.028997514498757218	-0.028997514498757218	49897816.0
2021-08-27	-0.009385665529010342	0.005119453924914566	0.01109215017064838	-0.013651877133105813	-0.009385665529010342	29454688.0
2021-08-30	0.026701119724375583	0.007751937984496112	0.0473729543496986	0.0	0.026701119724375583	56911952.0
2021-08-31	0.023489932885905986	-0.008389261744966413	0.03439597315436243	-0.016778523489932827	0.023489932885905986	55793853.0
2021-09-01	0.036885245901639434	-0.00819672131147538	0.0729508196721312	-0.01639344262295076	0.036885245901639434	80666930.0
2021-09-02	0.011067193675889233	-0.00395256916996053	0.016600790513833917	-0.017391304347826136	0.011067193675889233	56058532.0
2021-09-03	-0.03205629397967149	0.032056293979671635	0.03909304143862393	-0.036747458952306404	-0.03205629397967149	64041732.0
2021-09-06	0.0193861066235863	0.002423263327948252	0.02827140549273018	-0.001615508885298978	0.0193861066235863	46012423.0
2021-09-07	-0.018225039619651242	-0.0467511885895404	-0.007131537242472255	-0.05309033280507131	-0.018225039619651242	74449977.0
2021-09-08	-0.008878127522195417	-0.008878127522195417	0.01372074253430185	-0.01372074253430185	-0.008878127522195417	42364208.0
2021-09-09	-0.002442996742670958	-0.007328990228013018	0.0032573289902280886	-0.013029315960912065	-0.002442996742670958	26915547.0
2021-09-10	0.009795918367346876	0.0	0.03918367346938779	0.0	0.009795918367346876	46869211.0
2021-09-13	-0.0016168148746968129	0.00080840743734855	0.015359741309620152	-0.00970088924818102	-0.0016168148746968129	30952523.0
2021-09-14	-0.027530364372469626	-0.0016194331983805323	0.0	-0.03076923076923069	-0.027530364372469626	33578807.0
2021-09-15	0.0008326394671107233	0.0008326394671107233	0.01582014987510404	-0.00832639467110738	0.0008326394671107233	21852780.0
2021-09-16	-0.018302828618968293	0.0024958402662230562	0.011647254575707202	-0.021630615640598986	-0.018302828618968293	24694013.0
2021-09-17	0.011016949152542288	0.0	0.015254237288135568	-0.0016949152542374024	0.011016949152542288	16296470.0
2021-09-22	0.007544006705783726	-0.010058675607711585	0.0092204526404023	-0.01341156747694888	0.007544006705783726	15454689.0
2021-09-23	0.00998336106489193	0.0	0.01996672212978371	-0.0016638935108152725	0.00998336106489193	22090173.0
2021-09-24	0.0008237232289950401	0.0024711696869851203	0.004942339373970241	-0.008237232289950693	0.0008237232289950401	20327900.0
2021-09-27	-0.01893004115226341	-0.004938271604938312	0.012345679012345708	-0.019753086419753103	-0.01893004115226341	25693513.0
2021-09-28	0.010067114093959667	0.005033557046979908	0.018456375838926228	-0.0008389261744966264	0.010067114093959667	16974169.0
2021-09-29	-0.018272425249169343	-0.009136212624584672	-0.004983388704318831	-0.03488372093023256	-0.018272425249169343	21984939.0
2021-09-30	0.0	0.0008460236886632645	0.014382402707275798	0.0	0.0	15602891.0
2021-10-08	0.021996615905245327	0.0025380710659897937	0.025380710659898387	0.0025380710659897937	0.021996615905245327	17613601.0
2021-10-11	0.012417218543046386	0.0024834437086092187	0.018211920529801376	-0.004139072847682178	0.012417218543046386	24512958.0
2021-10-12	-0.04088307440719542	-0.00899427636958309	-0.0032706459525757093	-0.05151267375306629	-0.04088307440719542	31069948.0
2021-10-13	-0.005967604433077603	-0.002557544757033345	0.004262574595055323	-0.01790281329923281	-0.005967604433077603	15328268.0
2021-10-14	0.0025728987993138388	0.0017152658662092258	0.0060034305317324425	-0.00514579759862783	0.0025728987993138388	8990563.0
2021-10-15	-0.017964071856287348	-0.006843455945252359	-0.0008554319931565259	-0.02395209580838318	-0.017964071856287348	15436611.0
2021-10-18	0.008710801393728191	-0.0008710801393728037	0.009581881533100996	-0.005226480836236977	0.008710801393728191	11835161.0
2021-10-19	0.007772020725388589	0.0	0.013816925734024191	-0.0069084628670120956	0.007772020725388589	12709297.0
2021-10-20	-0.007712082262210785	-0.0008568980291345147	0.004284490145672726	-0.01028277634961433	-0.007712082262210785	9359452.0
2021-10-21	-0.0025906735751294783	0.0008635578583764929	0.007772020725388589	-0.009499136442141575	-0.0025906735751294783	12013966.0
2021-10-22	-0.0008658008658010011	0.003463203463203389	0.007792207792207779	-0.0069264069264069325	-0.0008658008658010011	9454958.0
2021-10-25	0.009532062391681214	-0.0008665511265164461	0.010398613518197661	-0.007798960138648168	0.009532062391681214	12693000.0
2021-10-26	-0.0034334763948498646	-0.0034334763948498646	0.006008583690987149	-0.0068669527896995765	-0.0034334763948498646	11220127.0
2021-10-27	-0.0292850990525409	-0.0025839793281653197	-0.0025839793281653197	-0.030146425495262676	-0.0292850990525409	15762078.0
2021-10-28	0.0017746228926352773	-0.002661934338952916	0.006211180124223628	-0.005323868677905832	0.0017746228926352773	10251562.0
2021-10-29	0.00974313551815777	0.0	0.015943312666076306	-0.008857395925597844	0.00974313551815777	18398177.0
2021-11-01	0.007894736842105251	0.005263157894736885	0.015789473684210503	-0.0017543859649122432	0.007894736842105251	22187158.0
2021-11-02	-0.01653611836379456	-0.0017406440382941317	0.006092254134029616	-0.02175805047867711	-0.01653611836379456	19328205.0
2021-11-03	-0.009734513274336389	-0.003539823008849639	0.004424778761061852	-0.01681415929203551	-0.009734513274336389	14284946.0
2021-11-04	-0.010723860589812263	0.0008936550491510087	0.008042895442359237	-0.015192135835567465	-0.010723860589812263	17627841.0
2021-11-05	-0.007226738934056014	-0.0054200542005420505	0.0036133694670279267	-0.007226738934056014	-0.007226738934056014	10768919.0
2021-11-08	0.0054595086442220655	0.0	0.010919017288443968	-0.0036396724294814305	0.0054595086442220655	10842806.0
2021-11-09	0.003619909502262366	0.001809954751131183	0.006334841628959141	-0.006334841628959301	0.003619909502262366	10424244.0
2021-11-10	0.0	-0.001803426510369664	0.002705139765554496	-0.010820559062218144	0.0	12214635.0
2021-11-11	0.01803426510369696	0.011722272317403136	0.021641118124436448	0.001803426510369664	0.01803426510369696	23194632.0
2021-11-12	-0.0008857395925597686	-0.0008857395925597686	0.0017714791851196946	-0.009743135518157612	-0.0008857395925597686	13202527.0
2021-11-15	-0.0008865248226950166	-0.0017730496453900331	0.005319148936170257	-0.004432624113475083	-0.0008865248226950166	10767324.0
2021-11-16	-0.002661934338952916	0.0	0.007985803016858905	-0.006211180124223628	-0.002661934338952916	11010668.0
2021-11-17	0.0	-0.0017793594306049442	0.0044483985765123605	-0.004448398576512518	0.0	8092758.0
2021-11-18	-0.012455516014234926	-0.0008896797153024721	0.0035587188612098883	-0.01423487544483987	-0.012455516014234926	10216633.0
2021-11-19	0.01531531531531531	-0.004504504504504409	0.016216216216216193	-0.007207207207207214	0.01531531531531531	16424170.0
2021-11-22	-0.002661934338952916	-0.005323868677905832	0.004436557231588351	-0.008873114463176544	-0.002661934338952916	15316433.0
2021-11-23	0.0035587188612098883	0.0	0.013345195729537398	-0.004448398576512518	0.0035587188612098883	19350838.0
2021-11-24	-0.0053191489361701	0.0	0.0008865248226950166	-0.00975177304964534	-0.0053191489361701	10150209.0
2021-11-25	-0.0017825311942960204	0.0	0.006238859180035517	-0.004456327985739814	-0.0017825311942960204	7966867.0
2021-11-26	-0.006249999999999867	0.003571428571428654	0.003571428571428654	-0.006249999999999867	-0.006249999999999867	8313625.0
2021-11-29	-0.014375561545372877	-0.009883198562443954	0.0	-0.017070979335130392	-0.014375561545372877	13415286.0
2021-11-30	0.0054694621695532105	0.004557885141294342	0.01276207839562432	0.0	0.0054694621695532105	9821502.0
2021-12-01	0.013599274705349081	-0.003626473254759669	0.014505893019038998	-0.005439709882139504	0.013599274705349081	12621737.0
2021-12-02	0.004472271914132443	-0.0008944543828264568	0.008944543828264727	-0.003577817531305827	0.004472271914132443	13166538.0
2021-12-03	0.00534283170080131	-0.0008904719501335518	0.009795191451469228	-0.0035618878005343655	0.00534283170080131	15507638.0
2021-12-06	-0.0026572187776793058	0.004428697962799001	0.021257750221434918	-0.0035429583702390743	-0.0026572187776793058	42385218.0
2021-12-07	-0.007104795737122564	0.007104795737122564	0.008880994671403165	-0.010657193605683768	-0.007104795737122564	23279308.0
2021-12-08	0.012522361359570713	0.0053667262969589	0.016994633273702996	-0.0026833631484793705	0.012522361359570713	20038762.0
2021-12-09	0.009717314487632458	-0.001766784452296782	0.02385159010600703	-0.004416961130742112	0.009717314487632458	54880563.0
2021-12-10	-0.013123359580052524	-0.006124234470691188	-0.0017497812773402952	-0.017497812773403263	-0.013123359580052524	30211073.0
2021-12-13	0.0008865248226950166	0.012411347517730547	0.01950354609929084	-0.00265957446808505	0.0008865248226950166	42459466.0
2021-12-14	-0.009743135518157612	-0.00620017714791838	-0.0017714791851195372	-0.014171833480956455	-0.009743135518157612	25314660.0
2021-12-15	0.0017889087656529135	0.0008944543828264568	0.0107334525939178	0.0	0.0017889087656529135	14806162.0
2021-12-16	0.008928571428571556	0.0017857142857144064	0.010714285714285805	-0.002678571428571372	0.008928571428571556	16180320.0
2021-12-17	-0.00530973451327438	0.0	0.007079646017699121	-0.006194690265486751	-0.00530973451327438	22876750.0
2021-12-20	-0.011565836298932453	-0.0026690391459074166	0.0026690391459074166	-0.015124555160142342	-0.011565836298932453	19377027.0
2021-12-21	0.0180018001800181	0.0	0.01890189018901898	-0.002700270027002643	0.0180018001800181	29910468.0
2021-12-22	-0.010610079575596905	0.001768346595932765	0.001768346595932765	-0.01237842617152967	-0.010610079575596905	15314167.0
2021-12-23	0.0026809651474531846	0.0	0.0044682752457552025	-0.0062555853440572195	0.0026809651474531846	15711029.0
2021-12-24	0.004456327985739655	-0.0008912655971479311	0.0098039215686274	-0.0017825311942960204	0.004456327985739655	22416802.0
2021-12-27	0.004436557231588351	0.0	0.010647737355811978	-0.0017746228926352773	0.004436557231588351	14423522.0
2021-12-28	0.004416961130741955	-0.001766784452296782	0.006183745583038894	-0.005300353356890503	0.004416961130741955	16525614.0
2021-12-29	-0.00615655233069468	-0.0008795074758135257	0.0052770448548813105	-0.007915567282321888	-0.00615655233069468	15209067.0
2021-12-30	0.012389380530973344	0.0	0.014159292035398242	-0.0008849557522125277	0.012389380530973344	22432537.0
2021-12-31	0.0034965034965035776	0.0034965034965035776	0.009615384615384722	-0.001748251748251711	0.0034965034965035776	21900568.0
2022-01-04	-0.0034843205574913694	0.0008710801393728037	0.0017421602787456073	-0.013066202090592364	-0.0034843205574913694	20839799.0
2022-01-05	-0.005244755244755133	0.0	0.0043706293706294325	-0.006993006993007	-0.005244755244755133	16786100.0
2022-01-06	-0.009666080843585343	-0.003514938488576531	0.002636203866432281	-0.013181019332161717	-0.009666080843585343	19941579.0
2022-01-07	0.011535048802129617	0.0017746228926352773	0.016858917480035606	0.0017746228926352773	0.011535048802129617	19276959.0
2022-01-10	0.004385964912280608	0.0	0.010526315789473615	-0.0017543859649122432	0.004385964912280608	15610596.0
2022-01-11	0.0008733624454149838	0.0026200873362446407	0.011353711790393082	-0.002620087336244486	0.0008733624454149838	17282726.0
2022-01-12	-0.0008726003490402759	0.0	0.004363001745200604	-0.006980802792321122	-0.0008726003490402759	13487465.0
2022-01-13	0.01659388646288221	0.0017467248908298123	0.04366812227074236	-0.0008733624454148286	0.01659388646288221	40963020.0
2022-01-14	-0.031786941580756095	-0.007731958762886585	-0.006013745704467378	-0.031786941580756095	-0.031786941580756095	36751755.0
2022-01-17	-0.0008873114463176387	-0.0035492457852705547	0.006211180124223628	-0.005323868677905832	-0.0008873114463176387	15520047.0
2022-01-18	0.003552397868561361	0.0	0.010657193605683925	-0.004440497335701504	0.003552397868561361	18774981.0
2022-01-19	0.005309734513274223	-0.0017699115044248982	0.012389380530973344	-0.0026548672566372687	0.005309734513274223	17450800.0
2022-01-20	0.02992957746478872	0.0	0.04401408450704226	-0.0017605633802816527	0.02992957746478872	52907499.0
2022-01-21	-0.011965811965811863	-0.006837606837606844	0.0	-0.017094017094017033	-0.011965811965811863	21870352.0
2022-01-24	-0.006055363321799332	0.0	0.005190311418685011	-0.008650519031141838	-0.006055363321799332	17220328.0
2022-01-25	-0.027850304612706725	-0.0043516100957354835	0.0	-0.03307223672758928	-0.027850304612706725	23306664.0
2022-01-26	0.012533572068039442	0.006266786034019721	0.015219337511190683	-0.005371530886302641	0.012533572068039442	20740102.0
2022-01-27	-0.019451812555260888	-0.00442086648983207	0.0	-0.02564102564102572	-0.019451812555260888	21504947.0
2022-01-28	-0.011722272317402976	0.005410279531109152	0.015329125338142464	-0.012623985572587969	-0.011722272317402976	22909152.0
2022-02-07	0.006386861313868476	0.013686131386861183	0.01642335766423355	0.001824817518248136	0.006386861313868476	19096649.0
2022-02-08	0.019038984587488747	0.0	0.019945602901178663	-0.0018132366273798345	0.019038984587488747	18045447.0
2022-02-09	0.0026690391459074166	-0.0008896797153024721	0.0044483985765123605	-0.005338078291814991	0.0026690391459074166	14878385.0
2022-02-10	0.004436557231588351	0.0008873114463176387	0.004436557231588351	-0.006211180124223628	0.004436557231588351	14473325.0
2022-02-11	-0.000883392226148391	-0.005300353356890503	0.01148409893992924	-0.006183745583038894	-0.000883392226148391	21160439.0
2022-02-14	-0.030061892130857634	-0.009725906277630522	-0.006189213085764835	-0.035366931918656086	-0.030061892130857634	29648368.0
2022-02-15	0.0009115770282588683	0.0	0.004557885141294342	-0.004557885141294504	0.0009115770282588683	12951758.0
2022-02-16	0.004553734061930686	0.006375227686703122	0.010928961748633809	0.0009107468123861372	0.004553734061930686	10157800.0
2022-02-17	-0.009972801450589252	-0.005439709882139504	0.0009066183136899172	-0.012692656391659002	-0.009972801450589252	12428225.0
2022-02-18	0.0009157509157508962	-0.002747252747252689	0.0018315018315017925	-0.009157509157509125	0.0009157509157508962	11957333.0
2022-02-21	-0.0018298261665141422	-0.0018298261665141422	0.0	-0.007319304666056731	-0.0018298261665141422	12992028.0
2022-02-22	-0.022914757103574702	-0.00824931255728688	-0.005499541704857974	-0.029330889092575644	-0.022914757103574702	21077693.0
2022-02-23	0.0037523452157597697	0.0	0.008442776735459649	-0.0028142589118198276	0.0037523452157597697	13356430.0
2022-02-24	-0.028971962616822312	-0.004672897196261583	-0.001869158878504633	-0.03738317757009333	-0.028971962616822312	23199464.0
2022-02-25	0.005774783445620666	0.005774783445620666	0.014436958614051835	0.0	0.005774783445620666	9917086.0
2022-02-28	-0.009569377990430589	-0.0019138755980860837	0.0028708133971292954	-0.01531100478468901	-0.009569377990430589	14267952.0
2022-03-01	0.007729468599033823	0.0	0.009661835748792237	-0.0009661835748792065	0.007729468599033823	10281586.0
2022-03-02	0.002876318312560032	-0.002876318312559862	0.002876318312560032	-0.004793863854266437	0.002876318312560032	9016207.0
2022-03-03	0.002868068833651946	0.003824091778202595	0.00764818355640519	-0.0009560229445508186	0.002868068833651946	8418519.0
2022-03-04	-0.006673021925643497	-0.008579599618684448	-0.0028598665395614263	-0.013346043851286994	-0.006673021925643497	9289225.0
2022-03-07	-0.017274472168905923	-0.0038387715930901295	0.0	-0.018234165067178454	-0.017274472168905923	11015771.0
2022-03-08	-0.02246093750000004	-0.0009765624999999792	0.007812500000000007	-0.02246093750000004	-0.02246093750000004	14126460.0
2022-03-09	-0.02697302697302693	0.003996003996004088	0.008991008991008976	-0.05494505494505484	-0.02697302697302693	21064840.0
2022-03-10	-0.003080082135523548	0.017453798767967137	0.02361396303901442	-0.007186858316221795	-0.003080082135523548	14899628.0
2022-03-11	0.024716786817713533	-0.009268795056642803	0.028836251287332578	-0.030895983522142192	0.024716786817713533	19686628.0
2022-03-14	-0.014070351758793849	-0.014070351758793849	0.010050251256281551	-0.016080402010050267	-0.014070351758793849	14217072.0
2022-03-15	-0.023445463812436333	-0.0020387359836902498	0.005096839959225171	-0.024464831804281367	-0.023445463812436333	22537162.0
2022-03-16	0.040709812108559555	0.005219206680584626	0.05114822546972862	-0.006263048016701514	0.040709812108559555	22604008.0
2022-03-17	-0.00501504513540629	0.01404212637913729	0.018054162487462357	-0.007021063189568734	-0.00501504513540629	20660360.0
2022-03-18	0.0030241935483870325	-0.005040322580645233	0.007056451612903254	-0.010080645161290288	0.0030241935483870325	15313119.0
2022-03-21	-0.0010050251256281193	-0.0020100502512562387	0.0020100502512564174	-0.008040201005025133	-0.0010050251256281193	11636412.0
2022-03-22	-0.002012072434607603	-0.006036217303822809	0.007042253521126789	-0.008048289738430591	-0.002012072434607603	9527652.0
2022-03-23	0.0	0.0010080645161290108	0.008064516129032265	-0.005040322580645233	0.0	7246816.0
2022-03-24	-0.011088709677419298	-0.004032258064516043	-0.004032258064516043	-0.01915322580645156	-0.011088709677419298	6875401.0
2022-03-25	-0.003058103975535284	-0.003058103975535284	0.011213047910295558	-0.007135575942915421	-0.003058103975535284	9112246.0
2022-03-28	0.0	-0.009202453987730048	0.008179959100204507	-0.016359918200409013	0.0	8792110.0
2022-03-29	0.0	-0.005112474437627703	0.0061349693251534256	-0.005112474437627703	0.0	8861617.0
2022-03-30	0.0265848670756646	0.005112474437627885	0.029652351738241406	0.0030674846625768034	0.0265848670756646	17762450.0
2022-03-31	-0.009960159362549766	-0.006972111553784712	0.001992031872510095	-0.010956175298804726	-0.009960159362549766	16737858.0
2022-04-01	0.012072434607645975	-0.002012072434607603	0.012072434607645975	-0.004024144869215206	0.012072434607645975	14148072.0
2022-04-06	0.0029821073558647473	-0.00894632206759442	0.0029821073558647473	-0.00894632206759442	0.0029821073558647473	12284318.0
2022-04-07	-0.019821605550049484	-0.006937561942517372	0.0	-0.02081268582755194	-0.019821605550049484	11502301.0
2022-04-08	0.008088978766430745	0.008088978766430745	0.010111223458038386	-0.011122345803842387	0.008088978766430745	10722537.0
2022-04-11	-0.02006018054162498	-0.0010030090270812223	-0.0010030090270812223	-0.02507522567703109	-0.02006018054162498	12494421.0
2022-04-12	0.024564994882292756	0.0	0.03070624360286599	-0.006141248720573053	0.024564994882292756	13927424.0
2022-04-13	-0.0019980019980019555	-0.003996003996003911	0.009990009990009955	-0.008991008991008976	-0.0019980019980019555	13056697.0
2022-04-14	0.009009009009008995	0.009009009009008995	0.01601601601601603	0.0010010010010009797	0.009009009009008995	14562220.0
2022-04-15	-0.007936507936507943	-0.001984126984126942	0.004960317460317531	-0.010912698412698357	-0.007936507936507943	11271837.0
2022-04-18	-0.011999999999999922	-0.0060000000000000496	-0.0060000000000000496	-0.021000000000000085	-0.011999999999999922	10298467.0
2022-04-19	0.014170040485829836	0.011133603238866339	0.03036437246963552	0.010121457489878506	0.014170040485829836	23840272.0
2022-04-20	-0.008982035928143698	-0.0029940119760478406	0.0	-0.014970059880239557	-0.008982035928143698	18550467.0
2022-04-21	0.017119838872104727	-0.006042296072507603	0.04330312185297077	-0.00805639476334341	0.017119838872104727	38639160.0
2022-04-22	0.004950495049505021	0.000990099009900969	0.022772277227722817	-0.001980198019801938	0.004950495049505021	27226086.0
2022-04-25	-0.022660098522167528	-0.022660098522167528	0.009852216748768438	-0.0384236453201971	-0.022660098522167528	32797703.0
2022-04-26	-0.07560483870967742	-0.0020161290322580215	0.0020161290322580215	-0.07963709677419346	-0.07560483870967742	38742571.0
2022-04-27	0.042529989094874654	-0.01199563794983636	0.04798255179934564	-0.01853871319520174	0.042529989094874654	26270227.0
2022-04-28	-0.010460251046025068	-0.01673640167364018	-0.006276150627615115	-0.0303347280334729	-0.010460251046025068	14690208.0
2022-04-29	0.025369978858350784	0.024312896405919517	0.03382663847780111	0.001057082452431267	0.025369978858350784	22360574.0
2022-05-05	-0.04639175257731952	-0.03402061855670104	-0.030927835051546285	-0.053608247422680375	-0.04639175257731952	28845255.0
2022-05-06	-0.007567567567567599	-0.019459459459459427	0.003243243243243174	-0.021621621621621546	-0.007567567567567599	14127912.0
2022-05-09	0.0	-0.007625272331154715	0.007625272331154715	-0.009803921568627435	0.0	6983551.0
2022-05-10	0.0032679738562092745	-0.010893246187363797	0.009803921568627435	-0.010893246187363797	0.0032679738562092745	10648538.0
2022-05-11	-0.001085776330076174	0.0010857763300759812	0.014115092290987947	-0.004343105320304117	-0.001085776330076174	16469297.0
2022-05-12	-0.004347826086956429	-0.004347826086956429	0.00543478260869573	-0.009782608695652159	-0.004347826086956429	10315563.0
2022-05-13	0.0	0.0021834061135370714	0.00873362445414848	-0.004366812227074336	0.0	12775622.0
2022-05-16	-0.0054585152838428725	0.003275109170305607	0.006550218340611408	-0.01091703056768555	-0.0054585152838428725	12428200.0
2022-05-17	-0.0010976948408342247	-0.0021953896816684494	0.005488474204171319	-0.008781558726673994	-0.0010976948408342247	9971724.0
2022-05-18	-0.002197802197802151	0.0032967032967034216	0.0032967032967034216	-0.004395604395604302	-0.002197802197802151	10157446.0
2022-05-19	-0.008810572687224677	-0.007709251101321617	-0.006607929515418557	-0.017621145374449355	-0.008810572687224677	11163055.0
2022-05-20	0.01555555555555562	0.0011111111111110875	0.016666666666666705	0.0011111111111110875	0.01555555555555562	14398034.0
2022-05-23	0.004376367614879556	0.0	0.005470459518599445	-0.00437636761487975	0.004376367614879556	12967428.0
2022-05-24	-0.01851851851851851	0.0010893246187363603	0.005446623093681995	-0.01960784313725487	-0.01851851851851851	13873190.0
2022-05-25	0.00887902330743619	-0.0033296337402884974	0.00887902330743619	-0.0044395116537179966	0.00887902330743619	6980967.0
2022-05-26	0.009900990099009885	0.0	0.020902090209020847	-0.008800880088008809	0.009900990099009885	12767060.0
2022-05-27	-0.0021786492374727207	0.0021786492374727207	0.006535947712418355	-0.007625272331154715	-0.0021786492374727207	10186571.0
2022-05-30	-0.0054585152838428725	-0.0021834061135370714	0.0021834061135370714	-0.006550218340611408	-0.0054585152838428725	8525600.0
2022-05-31	0.0021953896816686446	0.0021953896816686446	0.006586169045005544	-0.0021953896816684494	0.0021953896816686446	12131345.0
2022-06-01	0.0032858707557502035	0.0010952902519167345	0.0076670317634171415	-0.001095290251916929	0.0032858707557502035	8391593.0
2022-06-02	0.0054585152838428725	0.0	0.009825327510917015	-0.0076419213973799435	0.0054585152838428725	10598774.0
2022-06-06	0.010857763300760003	-0.009771986970684215	0.013029315960911966	-0.009771986970684215	0.010857763300760003	22785739.0
2022-06-07	-0.003222341568206352	-0.0010741138560687203	0.012889366272824835	-0.005370569280343793	-0.003222341568206352	19901261.0
2022-06-08	0.0118534482758622	0.0	0.012931034482758728	-0.0053879310344826445	0.0118534482758622	20692042.0
2022-06-09	-0.0010649627263045567	0.00638977635782734	0.014909478168263981	-0.006389776357827529	-0.0010649627263045567	28319583.0
2022-06-10	0.022388059701492435	-0.005330490405117346	0.028784648187633214	-0.00852878464818764	0.022388059701492435	28806994.0
2022-06-13	-0.008342022940563094	-0.011470281543274185	-0.0031282586027110908	-0.01981230448383728	-0.008342022940563094	19491546.0
2022-06-14	0.03575184016824394	-0.009463722397476325	0.0431125131440589	-0.014721345951629923	0.03575184016824394	30719641.0
2022-06-15	0.035532994923857836	0.013197969543147288	0.07106598984771585	0.013197969543147288	0.035532994923857836	66354877.0
2022-06-16	0.003921568627451071	0.008823529411764692	0.027450980392156977	-0.019607843137254832	0.003921568627451071	47881119.0
2022-06-17	-0.014648437500000035	-0.012695312500000076	0.0019531249999999584	-0.03027343750000005	-0.014648437500000035	33370925.0
2022-06-20	-0.0029732408325073697	-0.003964321110009827	0.003964321110010003	-0.014866204162537202	-0.0029732408325073697	22808994.0
2022-06-21	0.003976143141152997	-0.0009940357852882492	0.00894632206759442	-0.00795228628230617	0.003976143141152997	21786829.0
2022-06-22	-0.06930693069306924	-0.04653465346534642	-0.04653465346534642	-0.06930693069306924	-0.06930693069306924	25488136.0
2022-06-23	0.020212765957446754	0.0	0.026595744680851064	-0.0021276595744680396	0.020212765957446754	23061361.0
2022-06-24	-0.0031282586027110908	0.0	0.00417101147028164	-0.008342022940563094	-0.0031282586027110908	15086398.0
2022-06-27	-0.006276150627615115	0.0031380753138074645	0.00836820083682009	-0.007322175732217603	-0.006276150627615115	15183432.0
2022-06-28	0.02947368421052625	0.001052631578947346	0.06947368421052633	-0.007368421052631609	0.02947368421052625	33815119.0
2022-06-29	-0.019427402862985634	-0.010224948875255588	0.019427402862985818	-0.02556237218813906	-0.019427402862985634	34814169.0
2022-06-30	-0.002085505735140727	0.0	0.010427528675703821	-0.007299270072992731	-0.002085505735140727	16419434.0
2022-07-01	-0.010449320794148342	-0.0020898641588296316	0.008359456635318712	-0.01253918495297816	-0.010449320794148342	11344758.0
2022-07-04	0.0021119324181625735	-0.0021119324181627613	0.004223864836325147	-0.008447729672650481	0.0021119324181625735	12596140.0
2022-07-05	-0.008429926238145424	-0.0031612223393044634	0.0031612223393044634	-0.022128556375131808	-0.008429926238145424	15774317.0
2022-07-06	-0.008501594048884174	-0.0031880977683314943	-0.0010626992561104981	-0.013815090329436851	-0.008501594048884174	8835102.0
2022-07-07	-0.012861736334405061	-0.001071811361200406	0.002143622722400812	-0.013933547695605657	-0.012861736334405061	14210175.0
2022-07-08	0.005428881650379905	0.004343105320303925	0.00868621064060785	-0.001085776330076174	0.005428881650379905	8488529.0
2022-07-11	-0.0021598272138228483	-0.0021598272138228483	0.006479481641468736	-0.00755939524838016	-0.0021598272138228483	8091212.0
2022-07-12	-0.002164502164502118	0.0	0.011904761904761843	-0.005411255411255488	-0.002164502164502118	10453715.0
2022-07-13	-0.0010845986984815387	-0.0010845986984815387	0.005422993492407693	-0.0032537960954448085	-0.0010845986984815387	7653224.0
2022-07-14	-0.004343105320304117	-0.001085776330076174	0.0021715526601519624	-0.006514657980456079	-0.004343105320304117	8123906.0
2022-07-15	-0.009814612868047967	0.0021810250817883943	0.006543075245365376	-0.010905125408942165	-0.009814612868047967	9827019.0
2022-07-18	0.013215859030836918	0.0033039647577091805	0.017621145374449355	0.0011013215859030602	0.013215859030836918	7993648.0
2022-07-19	0.007608695652173945	-0.0010869565217391072	0.009782608695652159	-0.003260869565217322	0.007608695652173945	7121739.0
2022-07-20	-0.004314994606256651	0.0021574973031283254	0.004314994606256842	-0.005393743257820813	-0.004314994606256651	7310200.0
2022-07-21	-0.006500541711809371	-0.0010834236186348632	0.0	-0.006500541711809371	-0.006500541711809371	5830646.0
2022-07-22	0.0021810250817883943	0.004362050163576982	0.009814612868047967	-0.005452562704471179	0.0021810250817883943	6198900.0
2022-07-25	-0.004352557127312203	0.002176278563656295	0.0032644178454843457	-0.006528835690968305	-0.004352557127312203	4406333.0
2022-07-26	0.003278688524590094	0.0	0.007650273224043746	-0.002185792349726729	0.003278688524590094	4356903.0
2022-07-27	0.0	0.0	0.004357298474945635	-0.0032679738562090806	0.0	3351504.0
2022-07-28	0.007625272331154715	0.0032679738562092745	0.011982570806100157	0.0021786492374727207	0.007625272331154715	8382288.0
2022-07-29	-0.005405405405405482	-0.0010810810810810581	0.003243243243243174	-0.007567567567567599	-0.005405405405405482	7211064.0
2022-08-01	-0.006521739130434644	-0.003260869565217322	-0.0010869565217391072	-0.008695652173913052	-0.006521739130434644	6543888.0
2022-08-02	-0.02407002188183814	-0.005470459518599639	-0.00437636761487975	-0.03391684901531734	-0.02407002188183814	13099751.0
2022-08-03	-0.0044843049327353305	-0.0033632286995514977	0.012331838565022358	-0.0044843049327353305	-0.0044843049327353305	6501528.0
2022-08-04	0.004504504504504408	0.007882882882882714	0.010135135135135118	-0.001126126126126302	0.004504504504504408	4954755.0
2022-08-05	0.014573991031390222	0.0033632286995514977	0.01681614349775789	-0.0033632286995514977	0.014573991031390222	9979962.0
2022-08-08	-0.0022099447513813644	0.0011049723756905842	0.003314917127071752	-0.0055248618784531165	-0.0022099447513813644	4451114.0
2022-08-09	-0.005537098560354257	-0.003322259136212554	0.0022148394241418993	-0.007751937984495959	-0.005537098560354257	4584725.0
2022-08-10	0.0	0.0011135857461024262	0.005567928730512131	-0.003340757238307476	0.0	4436583.0
2022-08-11	0.03674832962138085	0.004454342984409705	0.038975501113585706	0.003340757238307278	0.03674832962138085	21812758.0
2022-08-12	-0.0010741138560687203	-0.006444683136412513	0.004296455424274881	-0.011815252416756305	-0.0010741138560687203	11212469.0
2022-08-15	-0.009677419354838694	-0.003225806451613025	0.0	-0.013978494623655998	-0.009677419354838694	9955600.0
2022-08-16	-0.0032573289902281363	0.0032573289902279434	0.005428881650379905	-0.004343105320304117	-0.0032573289902281363	6268917.0
2022-08-17	0.011982570806100157	0.0010893246187363603	0.01742919389978215	-0.0032679738562090806	0.011982570806100157	12438903.0
2022-08-18	-0.005382131324004192	-0.0010764262648008383	0.0	-0.010764262648008574	-0.005382131324004192	6561152.0
2022-08-19	-0.004329004329004429	-0.001082251082251059	0.005411255411255296	-0.005411255411255488	-0.004329004329004429	7453943.0
2022-08-22	-0.0010869565217391072	-0.0010869565217391072	0.003260869565217515	-0.005434782608695537	-0.0010869565217391072	7163659.0
2022-08-23	0.002176278563656295	-0.0032644178454841527	0.014145810663765048	-0.006528835690968305	0.002176278563656295	9673190.0
2022-08-24	-0.008686210640608042	-0.0032573289902281363	0.015200868621063929	-0.009771986970684215	-0.008686210640608042	19483784.0
2022-08-25	0.013143483023001008	0.009857612267250805	0.016429353778751214	-0.001095290251916929	0.013143483023001008	14088838.0
2022-08-26	-0.0010810810810810581	0.003243243243243174	0.005405405405405482	-0.008648648648648656	-0.0010810810810810581	9326428.0
2022-08-29	-0.008658008658008665	-0.011904761904761843	-0.002164502164502118	-0.015151515151515213	-0.008658008658008665	9917516.0
2022-08-30	0.003275109170305607	-0.0010917030567685357	0.009825327510917015	-0.003275109170305607	0.003275109170305607	9022672.0
2022-08-31	0.006528835690968499	-0.0032644178454841527	0.011969532100108945	-0.009793253536452651	0.006528835690968499	14690666.0
2022-09-01	-0.003243243243243174	-0.003243243243243174	0.00648648648648654	-0.00648648648648654	-0.003243243243243174	11671608.0
2022-09-02	-0.0032537960954448085	0.004338394793926155	0.005422993492407693	-0.007592190889370963	-0.0032537960954448085	8649781.0
2022-09-05	0.0087051142546246	-0.0010881392818280508	0.0087051142546246	-0.004352557127312203	0.0087051142546246	8496276.0
2022-09-06	0.004314994606256842	0.0010787486515641627	0.004314994606256842	-0.004314994606256651	0.004314994606256842	11212034.0
2022-09-07	-0.0021482277121376314	-0.004296455424275072	0.0010741138560687203	-0.009667024704618674	-0.0021482277121376314	7369242.0
2022-09-08	0.0010764262648010295	0.002152852529601868	0.006458557588805221	-0.0021528525296016766	0.0010764262648010295	8977728.0
2022-09-09	0.01182795698924725	0.002150537634408556	0.012903225806451528	-0.003225806451613025	0.01182795698924725	16679867.0
2022-09-13	-0.005313496280552679	0.0	0.0042507970244419924	-0.008501594048884174	-0.005313496280552679	10082340.0
2022-09-14	-0.012820512820512739	-0.011752136752136691	-0.004273504273504183	-0.016025641025640875	-0.012820512820512739	8983405.0
2022-09-15	0.002164502164502118	0.004329004329004236	0.015151515151515213	-0.002164502164502118	0.002164502164502118	11006115.0
2022-09-16	-0.04427645788336935	0.0	0.0	-0.04643628509719219	-0.04427645788336935	21410592.0
2022-09-19	0.0011299435028248347	0.0	0.009039548022598879	-0.005649717514124173	0.0011299435028248347	8115047.0
2022-09-20	-0.003386004514672614	0.003386004514672815	0.010158013544018043	-0.0045146726862301525	-0.003386004514672614	5673909.0
2022-09-21	-0.002265005662514108	-0.002265005662514108	0.003397508493771162	-0.01359003397508485	-0.002265005662514108	6475462.0
2022-09-22	0.002270147559591325	-0.005675368898978514	0.006810442678773974	-0.007945516458569838	0.002270147559591325	5253812.0
2022-09-23	0.010192525481313688	0.0	0.02151755379388443	-0.002265005662514108	0.010192525481313688	9956228.0
2022-09-26	-0.02690582959641258	-0.005605381165919362	0.0033632286995514977	-0.02690582959641258	-0.02690582959641258	9765738.0
2022-09-27	0.01036866359447003	0.0011520737327188695	0.012672811059907769	-0.004608294930875478	0.01036866359447003	5480110.0
2022-09-28	-0.0034207525655643514	0.003420752565564554	0.012542759407069694	-0.006841505131128703	-0.0034207525655643514	6709904.0
2022-09-29	-0.0194508009153318	0.004576659038901504	0.010297482837528588	-0.026315789473684258	-0.0194508009153318	8363092.0
2022-09-30	0.003500583430571687	0.0011668611435238958	0.011668611435239165	-0.0023337222870477917	0.003500583430571687	5087399.0
2022-10-10	-0.018604651162790715	-0.009302325581395357	0.003488372093023388	-0.01976744186046511	-0.018604651162790715	6127074.0
2022-10-11	0.008293838862559275	0.005924170616113829	0.018957345971564	0.0	0.008293838862559275	5200367.0
2022-10-12	0.01880141010575795	0.0011750881316098458	0.019976498237367794	-0.004700352526439383	0.01880141010575795	5869460.0
2022-10-13	0.004613610149942437	-0.004613610149942231	0.00807381776239911	-0.005767012687427994	0.004613610149942437	5630823.0
2022-10-14	0.006888633754305248	0.004592422502870165	0.017221584385763326	0.0011481056257175413	0.006888633754305248	6485716.0
2022-10-17	0.006841505131128906	-0.0022805017103762343	0.013683010262257812	-0.0022805017103762343	0.006841505131128906	6249055.0
2022-10-18	-0.005662514156285471	0.004530011325028216	0.006795016987542525	-0.006795016987542525	-0.005662514156285471	6359072.0
2022-10-19	-0.005694760820045437	0.0	0.004555808656036552	-0.006833712984054525	-0.005694760820045437	4387039.0
2022-10-20	0.006872852233676829	-0.0011454753722794715	0.01718213058419248	-0.003436426116838618	0.006872852233676829	6730481.0
2022-10-21	0.00341296928327658	0.018202502844141086	0.026166097838452838	0.0022753128555177875	0.00341296928327658	8659872.0
2022-10-24	-0.017006802721088475	0.004535147392290152	0.018140589569161012	-0.017006802721088475	-0.017006802721088475	9500992.0
2022-10-25	-0.003460207612456674	0.0	0.017301038062283777	-0.012687427912341342	-0.003460207612456674	8105641.0
2022-10-26	0.003472222222222148	-0.0011574074074073826	0.015046296296296181	-0.002314814814814971	0.003472222222222148	5757499.0
2022-10-27	0.010380622837370226	0.0	0.014994232987312662	0.0	0.010380622837370226	10014164.0
2022-10-28	-0.017123287671232917	-0.0011415525114155008	0.004566210045662206	-0.01940639269406392	-0.017123287671232917	9368357.0
2022-10-31	0.001161440185830405	-0.012775842044134662	0.018583042973286893	-0.012775842044134662	0.001161440185830405	10148766.0
2022-11-01	0.024361948955916573	0.005800464037123053	0.026682134570765712	0.003480278422273914	0.024361948955916573	12827181.0
2022-11-02	0.002265005662514108	-0.001132502831257054	0.00792751981879958	-0.003397508493771162	0.002265005662514108	7071994.0
2022-11-03	-0.006779661016949209	-0.0022598870056496695	0.003389830508474705	-0.010169491525423712	-0.006779661016949209	4689312.0
2022-11-04	0.0159271899886235	0.0	0.021615472127417667	-0.0022753128555175854	0.0159271899886235	10646941.0
2022-11-07	-0.0022396416573347787	-0.006718924972004535	0.0022396416573347787	-0.007838745800671924	-0.0022396416573347787	7037742.0
2022-11-08	-0.0033670033670032953	-0.001122334455667765	0.00224466891133553	-0.00673400673400679	-0.0033670033670032953	4515759.0
2022-11-09	-0.007882882882882913	-0.001126126126126302	0.002252252252252204	-0.010135135135135318	-0.007882882882882913	5178305.0
2022-11-10	0.003405221339386987	-0.005675368898978514	0.007945516458569838	-0.007945516458569838	0.003405221339386987	6663089.0
2022-11-11	0.015837104072398255	0.020361990950226214	0.02375565610859738	0.006787330316742138	0.015837104072398255	15644810.0
2022-11-14	0.003340757238307278	0.003340757238307278	0.02115812917594649	0.0022271714922048524	0.003340757238307278	15461201.0
2022-11-15	0.023307436182020073	-0.0011098779134294991	0.03329633740288576	-0.0033296337402884974	0.023307436182020073	24818439.0
2022-11-16	-0.013015184381778849	-0.0032537960954448085	0.0	-0.013015184381778849	-0.013015184381778849	12576158.0
2022-11-17	0.004395604395604497	0.0	0.005494505494505573	-0.0032967032967032264	0.004395604395604497	8110254.0
2022-11-18	-0.013129102844639058	-0.001094091903719889	0.001094091903719889	-0.013129102844639058	-0.013129102844639058	9231625.0
2022-11-21	-0.011086474501108608	-0.0011086474501108411	0.0	-0.01219512195121945	-0.011086474501108608	7382797.0
2022-11-22	0.007847533632287027	-0.0022421524663676653	0.014573991031390222	-0.0033632286995514977	0.007847533632287027	8763600.0
2022-11-23	0.003337041156840863	-0.0011123470522802878	0.006674082313681924	-0.005561735261401636	0.003337041156840863	6249271.0
2022-11-24	-0.011086474501108608	0.004434589800443561	0.006651884700665244	-0.01219512195121945	-0.011086474501108608	7505901.0
2022-11-25	0.010089686098654693	-0.0022421524663676653	0.014573991031390222	-0.0022421524663676653	0.010089686098654693	7957621.0
2022-11-28	-0.012208657047724688	-0.00998890122086569	-0.00887902330743619	-0.021087680355160877	-0.012208657047724688	9030571.0
2022-11-29	0.030337078651685345	0.0	0.03595505617977531	-0.002247191011235907	0.030337078651685345	19360616.0
2022-11-30	-0.0043620501635767885	0.0	0.005452562704471179	-0.007633587786259573	-0.0043620501635767885	11867553.0
2022-12-01	-0.001095290251916929	0.012048192771084274	0.024096385542168548	-0.0021905805038336637	-0.001095290251916929	18576211.0
2022-12-02	0.0	0.001096491228070347	0.012061403508772063	-0.0010964912280701522	0.0	10154944.0
2022-12-05	0.02192982456140363	0.006578947368421108	0.025219298245614086	0.0032894736842106515	0.02192982456140363	22751182.0
2022-12-06	0.001072961373390535	-0.007510729613733936	0.0064377682403434005	-0.007510729613733936	0.001072961373390535	14797597.0
2022-12-07	-0.008574490889603437	-0.0032154340836012176	0.006430868167202625	-0.009646302250803844	-0.008574490889603437	13943009.0
2022-12-08	-0.0021621621621621162	0.0	0.0021621621621621162	-0.007567567567567599	-0.0021621621621621162	11222163.0
2022-12-09	0.004333694474539453	0.004333694474539453	0.005417118093174316	-0.008667388949079096	0.004333694474539453	13569939.0
2022-12-12	-0.01941747572815531	-0.004314994606256651	-0.0021574973031283254	-0.022653721682847797	-0.01941747572815531	12186513.0
2022-12-13	0.0011001100110010766	0.0022002200220021533	0.005500550055005579	-0.00330033003300323	0.0011001100110010766	5382080.0
2022-12-14	0.005494505494505573	-0.002197802197802151	0.009890109890109874	-0.004395604395604302	0.005494505494505573	6481814.0
2022-12-15	-0.00874316939890711	0.0	0.002185792349726729	-0.01092896174863384	-0.00874316939890711	6420721.0
2022-12-16	0.004410143329658119	-0.0044101433296583155	0.00551267916207265	-0.006615214994487376	0.004410143329658119	7004357.0
2022-12-19	-0.025246981339187558	-0.0021953896816684494	0.005488474204171319	-0.030735455543358877	-0.025246981339187558	10098561.0
2022-12-20	-0.006756756756756812	-0.002252252252252404	0.002252252252252204	-0.009009009009009016	-0.006756756756756812	6253025.0
2022-12-21	-0.007936507936507969	0.004535147392290152	0.005668934240362691	-0.007936507936507969	-0.007936507936507969	4334100.0
2022-12-22	0.004571428571428474	0.012571428571428506	0.016000000000000066	-0.0011428571428571184	0.004571428571428474	5803616.0
2022-12-23	-0.0022753128555175854	-0.006825938566552756	0.00796359499431175	-0.009101251422070342	-0.0022753128555175854	4909800.0
2022-12-26	-0.0011402508551881171	0.003420752565564554	0.007981755986317023	-0.006841505131128703	-0.0011402508551881171	6431700.0
2022-12-27	0.009132420091324209	0.005707762557077707	0.012557077625570711	0.0022831050228310015	0.009132420091324209	4762163.0
2022-12-28	0.004524886877828159	-0.0011312217194569894	0.004524886877828159	-0.0045248868778279576	0.004524886877828159	5200637.0
2022-12-29	-0.0045045045045046085	-0.002252252252252404	0.0	-0.01126126126126142	-0.0045045045045046085	5153930.0
2022-12-30	0.004524886877828159	0.004524886877828159	0.007918552036199128	0.0	0.004524886877828159	4842978.0
2023-01-03	-0.003378378378378506	-0.01126126126126142	0.001126126126126102	-0.018018018018018032	-0.003378378378378506	9419644.0
2023-01-04	0.004519774011299539	0.003389830508474705	0.007909604519774044	0.0	0.004519774011299539	6873261.0
2023-01-05	0.008998875140607432	0.002249718785151808	0.01124859392575924	0.001124859392575904	0.008998875140607432	8065269.0
2023-01-06	-0.0011148272017836997	0.0	0.008918617614269795	-0.0066889632107023965	-0.0011148272017836997	7281267.0
2023-01-09	0.01227678571428565	0.005580357142857023	0.017857142857142672	-0.0011160714285716028	0.01227678571428565	9634189.0
2023-01-10	-0.0044101433296583155	-0.0011025358324145299	0.00551267916207265	-0.011025358324145496	-0.0044101433296583155	9466670.0
2023-01-11	-0.0011074197120708514	0.0011074197120708514	0.008859357696567007	-0.003322259136212554	-0.0011074197120708514	8310000.0
2023-01-12	0.009977827050997767	0.0022172949002216822	0.011086474501108608	-0.0033259423503325235	0.009977827050997767	8162092.0
2023-01-13	0.007683863885839768	0.0021953896816686446	0.007683863885839768	-0.005488474204171124	0.007683863885839768	10826602.0
2023-01-16	0.023965141612200504	0.0010893246187363603	0.0403050108932463	-0.0032679738562090806	0.023965141612200504	37764034.0
2023-01-17	0.0031914893617020594	-0.007446808510638328	0.005319148936170099	-0.008510638297872348	0.0031914893617020594	14523083.0
2023-01-18	0.0	-0.007423117709437994	0.005302226935312907	-0.008483563096500538	0.0	9210434.0
2023-01-19	0.013785790031813445	-0.006362672322375451	0.013785790031813445	-0.007423117709437994	0.013785790031813445	14559378.0
2023-01-20	-0.007322175732217603	-0.00313807531380765	0.0	-0.014644351464435205	-0.007322175732217603	12695351.0
2023-01-30	0.0	0.007376185458377269	0.011591148577449887	-0.004214963119072805	0.0	15499648.0
2023-01-31	-0.011591148577449887	-0.00526870389884096	0.005268703898840773	-0.012644889357218228	-0.011591148577449887	12826516.0
2023-02-01	0.03198294243070351	0.006396588486140588	0.03304904051172694	0.006396588486140588	0.03198294243070351	26527949.0
2023-02-02	-0.009297520661157011	0.010330578512396658	0.0206611570247935	-0.012396694214875952	-0.009297520661157011	24536278.0
2023-02-03	-0.0010427528675703635	-0.007299270072992731	0.006256517205422367	-0.010427528675703821	-0.0010427528675703635	17342734.0
2023-02-06	-0.004175365344467738	-0.005219206680584626	0.002087682672233776	-0.009394572025052178	-0.004175365344467738	11040753.0
2023-02-07	-0.007337526205450578	0.014675052410901529	0.014675052410901529	-0.011530398322851094	-0.007337526205450578	11507397.0
2023-02-08	-0.010559662090813243	0.0	0.006335797254487721	-0.01161562829989453	-0.010559662090813243	7760952.0
2023-02-09	0.016008537886873037	0.003201707577374721	0.01707577374599788	0.0	0.016008537886873037	9689492.0
2023-02-10	-0.004201680672268818	-0.004201680672268818	0.0	-0.009453781512605028	-0.004201680672268818	5085980.0
2023-02-13	0.0021097046413501657	0.0	0.0031645569620252488	-0.007383966244725768	0.0021097046413501657	7720280.0
2023-02-14	-0.003157894736842038	0.002105263157894692	0.004210526315789384	-0.006315789473684263	-0.003157894736842038	6002046.0
2023-02-15	-0.008447729672650481	0.0010559662090812868	0.0031678986272438603	-0.010559662090813243	-0.008447729672650481	7463075.0
2023-02-16	-0.006389776357827529	0.0010649627263045567	0.01810436634717784	-0.0117145899893505	-0.006389776357827529	15561846.0
2023-02-17	-0.010718113612004249	-0.0032154340836012176	0.006430868167202625	-0.010718113612004249	-0.010718113612004249	8754714.0
2023-02-20	0.03250270855904647	0.00975081256771396	0.03250270855904647	0.008667388949079096	0.03250270855904647	13550497.0
2023-02-21	0.010493179433368461	-0.004197271773347235	0.013641133263378886	-0.007345225603357661	0.010493179433368461	15033800.0
2023-02-22	0.0	-0.0010384215991694249	0.008307372793354108	-0.005192107995846387	0.0	11387037.0
2023-02-23	0.007268951194184683	0.002076843198338481	0.01142263759086183	-0.003115264797507906	0.007268951194184683	13622347.0
2023-02-24	-0.009278350515463904	0.00618556701030933	0.009278350515463904	-0.012371134020618476	-0.009278350515463904	7899704.0
2023-02-27	-0.007284079084287231	-0.001040582726326721	0.004162330905307069	-0.011446409989594114	-0.007284079084287231	7207102.0
2023-02-28	0.012578616352201363	0.0	0.014675052410901529	-0.0010482180293500825	0.012578616352201363	11706614.0
2023-03-01	0.022774327122153274	-0.003105590062111735	0.023809523809523853	-0.005175983436853076	0.022774327122153274	25458682.0
2023-03-02	-0.0030364372469636777	-0.0010121457489880123	0.002024291497975665	-0.007085020242915008	-0.0030364372469636777	9282732.0
2023-03-03	-0.0010152284263959175	0.0	0.002030456852791835	-0.013197969543147108	-0.0010152284263959175	15482006.0
2023-03-06	-0.016260162601626032	-0.0010162601626016044	-0.0010162601626016044	-0.01829268292682924	-0.016260162601626032	12600480.0
2023-03-07	-0.011363636363636305	0.0	0.007231404958677716	-0.014462809917355431	-0.011363636363636305	12300699.0
2023-03-08	-0.00626959247648908	-0.004179728317659449	-0.0010449320794148158	-0.01149425287356316	-0.00626959247648908	8873576.0
2023-03-09	-0.0021030494216613643	0.0021030494216613643	0.004206098843322915	-0.005257623554153411	-0.0021030494216613643	7010108.0
2023-03-10	-0.01685985247629085	-0.0031612223393044634	-0.0010537407797681546	-0.01685985247629085	-0.01685985247629085	9296545.0
2023-03-13	0.0032154340836012176	-0.001071811361200406	0.007502679528403031	-0.00535905680600222	0.0032154340836012176	10030430.0
2023-03-14	-0.008547008547008555	-0.0010683760683760457	-0.0010683760683760457	-0.01709401709401711	-0.008547008547008555	9822260.0
2023-03-15	0.003232758620689778	0.01077586206896567	0.01077586206896567	0.002155172413793249	0.003232758620689778	5769561.0
2023-03-16	-0.003222341568206352	-0.0021482277121376314	0.004296455424274881	-0.006444683136412513	-0.003222341568206352	6352930.0
2023-03-17	0.008620689655172422	0.008620689655172422	0.02047413793103462	0.006465517241379364	0.008620689655172422	10553074.0
2023-03-20	0.0010683760683760457	0.002136752136752281	0.011752136752136882	-0.0021367521367520914	0.0010683760683760457	9142800.0
2023-03-21	0.006403415154749253	0.0042689434364995655	0.014941302027748194	0.0010672358591250334	0.006403415154749253	9681075.0
2023-03-22	0.0010604453870625436	0.0	0.005302226935312907	-0.0021208907741250872	0.0010604453870625436	7841412.0
2023-03-23	0.011652542372881484	-0.003177966101694848	0.014830508474576332	-0.00423728813559313	0.011652542372881484	10774891.0
2023-03-24	-0.0031413612565446216	0.00209424083769629	0.006282722513088871	-0.006282722513089057	-0.0031413612565446216	7467100.0
2023-03-27	0.0	0.0	0.0031512605042018004	-0.010504201680672232	0.0	8949802.0
2023-03-28	-0.0010504201680672045	0.0031512605042018004	0.0031512605042018004	-0.0073529411764706185	-0.0010504201680672045	5993202.0
2023-03-29	-0.01156677181913769	0.0021030494216613643	0.0021030494216613643	-0.014721345951629923	-0.01156677181913769	8314900.0
2023-03-30	0.0	0.0031914893617020594	0.0031914893617020594	-0.012765957446808616	0.0	9696793.0
2023-03-31	-0.0031914893617022485	0.0	0.004255319148936079	-0.006382978723404308	-0.0031914893617022485	7932301.0
2023-04-03	0.02241195304162229	0.0021344717182498773	0.023479188900747135	-0.002134471718249688	0.02241195304162229	20843523.0
2023-04-04	0.004175365344467552	-0.003131524008350664	0.007306889352818401	-0.007306889352818401	0.004175365344467552	13474932.0
2023-04-06	-0.008316008316008323	-0.0010395010395010174	-0.0010395010395010174	-0.011434511434511376	-0.008316008316008323	9469713.0
2023-04-07	0.005241090146750599	0.0010482180293502688	0.010482180293501198	-0.002096436058700165	0.005241090146750599	8416100.0
2023-04-10	-0.005213764337852003	0.006256517205422367	0.009384775808133457	-0.007299270072992731	-0.005213764337852003	9775757.0
2023-04-11	0.006289308176100681	0.008385744234800846	0.018867924528302046	0.003144654088050434	0.006289308176100681	15479893.0
2023-04-12	0.0	-0.0010416666666666445	0.004166666666666763	-0.005208333333333223	0.0	12203042.0
2023-04-13	0.0	0.0	0.007291666666666696	-0.004166666666666578	0.0	14012928.0
2023-04-14	0.004166666666666763	0.0010416666666666445	0.006250000000000052	-0.004166666666666578	0.004166666666666763	8522400.0
2023-04-17	0.02178423236514513	0.006224066390041361	0.02178423236514513	-0.0010373443983402268	0.02178423236514513	21167365.0
2023-04-18	-0.007106598984771602	0.003045685279187933	0.00406091370558385	-0.00812182741116752	-0.007106598984771602	14071982.0
2023-04-19	-0.010224948875255588	0.002044989775051263	0.002044989775051263	-0.01124744376278113	-0.010224948875255588	10911200.0
2023-04-20	0.0	-0.006198347107438068	0.0010330578512396473	-0.011363636363636305	0.0	11017739.0
2023-04-21	-0.03615702479338839	0.0020661157024792947	0.0020661157024792947	-0.03822314049586769	-0.03615702479338839	14393000.0
2023-04-24	-0.008574490889603437	0.0	0.010718113612004249	-0.011789924973204654	-0.008574490889603437	12444217.0
2023-04-25	0.003243243243243174	-0.0021621621621621162	0.014054054054054138	-0.0043243243243242325	0.003243243243243174	13096288.0
2023-04-26	-0.015086206896551595	0.007543103448275894	0.007543103448275894	-0.016163793103448124	-0.015086206896551595	19415645.0
2023-04-27	0.004376367614879556	0.001094091903719889	0.005470459518599445	-0.0032822757111598618	0.004376367614879556	16119485.0
2023-04-28	0.025054466230936868	0.0021786492374727207	0.03159041394335522	-0.0021786492374727207	0.025054466230936868	23588273.0
2023-05-04	0.018065887353878846	0.0031880977683314943	0.02550478214665252	-0.0021253985122209962	0.018065887353878846	36746478.0
2023-05-05	0.025052192066805867	0.002087682672233776	0.03966597077244267	0.0	0.025052192066805867	46346325.0
2023-05-08	0.01629327902240327	0.003054989816700546	0.023421588594704727	-0.006109979633401272	0.01629327902240327	42510724.0
2023-05-09	0.0	0.0050100200400800534	0.031062124248496865	-0.004008016032064221	0.0	68695878.0
2023-05-10	-0.023046092184368778	-0.011022044088176473	0.007014028056112252	-0.02805611222444901	-0.023046092184368778	33371349.0
2023-05-11	-0.0010256410256410037	0.008205128205128212	0.013333333333333414	-0.004102564102564015	-0.0010256410256410037	17611900.0
2023-05-12	-0.01437371663244359	0.0	0.0041067761806980645	-0.016427104722792622	-0.01437371663244359	22781572.0
2023-05-15	-0.0010416666666666445	0.0	0.006250000000000052	-0.026041666666666668	-0.0010416666666666445	30152612.0
2023-05-16	0.0	0.0	0.011470281543274185	-0.0031282586027110908	0.0	20543700.0
2023-05-17	-0.006256517205422367	-0.0031282586027110908	0.008342022940563094	-0.009384775808133457	-0.006256517205422367	14037996.0
2023-05-18	-0.004197271773347235	0.0031479538300106125	0.010493179433368461	-0.008394543546694656	-0.004197271773347235	14731233.0
2023-05-19	-0.012644889357218228	-0.0031612223393044634	-0.0021074815595363092	-0.014752370916754538	-0.012644889357218228	14889764.0
2023-05-22	-0.001067235859124844	-0.001067235859124844	0.005336179295624409	-0.0053361792956242195	-0.001067235859124844	10929866.0
2023-05-23	-0.010683760683760646	0.003205128205128327	0.004273504273504373	-0.010683760683760646	-0.010683760683760646	12444231.0
2023-05-24	-0.008639308855291584	-0.0010799136069114242	0.0032397408207342723	-0.008639308855291584	-0.008639308855291584	15236023.0
2023-05-25	0.0	-0.0032679738562090806	0.004357298474945635	-0.011982570806100157	0.0	15005024.0
2023-05-26	0.006535947712418355	0.0	0.011982570806100157	-0.004357298474945441	0.006535947712418355	8746316.0
2023-05-29	-0.008658008658008665	0.0	0.004329004329004236	-0.010822510822510784	-0.008658008658008665	9518050.0
2023-05-30	0.003275109170305607	-0.0010917030567685357	0.004366812227074143	-0.006550218340611408	0.003275109170305607	9392670.0
2023-05-31	0.002176278563656295	-0.004352557127312203	0.0032644178454843457	-0.004352557127312203	0.002176278563656295	13135800.0
2023-06-01	-0.0032573289902281363	-0.004343105320304117	0.004343105320303925	-0.006514657980456079	-0.0032573289902281363	15058641.0
2023-06-02	0.01307189542483671	0.0	0.01307189542483671	0.0	0.01307189542483671	13896996.0
2023-06-05	-0.0075268817204301374	0.0	0.0032258064516128343	-0.010752688172043163	-0.0075268817204301374	9736259.0
2023-06-06	-0.015167930660888469	-0.003250270855904782	0.008667388949079096	-0.01625135427952333	-0.015167930660888469	17514868.0
2023-06-07	0.0022002200220021533	0.0011001100110010766	0.007700770077007732	-0.0022002200220021533	0.0022002200220021533	8042565.0
2023-06-08	0.006586169045005544	-0.0032930845225026743	0.008781558726673994	-0.009879253567508219	0.006586169045005544	15333771.0
2023-06-09	-0.003271537622682591	0.0	0.003271537622682591	-0.005452562704471179	-0.003271537622682591	10519353.0
2023-06-12	-0.0032822757111598618	-0.0032822757111598618	0.001094091903719889	-0.007658643326039418	-0.0032822757111598618	8816602.0
2023-06-13	0.0010976948408342247	-0.0021953896816684494	0.003293084522502869	-0.0032930845225026743	0.0010976948408342247	7126300.0
2023-06-14	0.0	0.0032894736842106515	0.009868421052631759	0.0	0.0	9358270.0
2023-06-15	0.010964912280701912	0.001096491228070347	0.012061403508772063	-0.0021929824561403044	0.010964912280701912	12730806.0
2023-06-16	0.006507592190889232	0.0	0.00759219088937077	-0.00216919739696327	0.006507592190889232	13075752.0
2023-06-19	-0.008620689655172422	-0.0032327586206895866	0.0	-0.01185344827586201	-0.008620689655172422	10444436.0
2023-06-20	-0.009782608695652159	-0.0010869565217391072	0.004347826086956622	-0.010869565217391266	-0.009782608695652159	11911024.0
2023-06-21	-0.04390779363336977	-0.02305159165751911	-0.02305159165751911	-0.04500548847420419	-0.04390779363336977	13551643.0
2023-06-26	-0.01722158438576353	-0.006888633754305452	-0.0011481056257177454	-0.01722158438576353	-0.01722158438576353	12595742.0
2023-06-27	0.005841121495326978	0.0035046728971961866	0.009345794392523372	0.0	0.005841121495326978	8500599.0
2023-06-28	0.001161440185830405	0.0023228803716610165	0.0034843205574914215	-0.0058072009291520255	0.001161440185830405	6236100.0
2023-06-29	-0.003480278422273708	-0.0011600928074245694	0.003480278422273914	-0.004640371229698278	-0.003480278422273708	8280435.0
2023-06-30	0.01629802095459844	0.0	0.02095459837019787	0.0	0.01629802095459844	9087967.0
2023-07-03	0.01718213058419248	0.0011454753722794715	0.01832760595647195	0.0	0.01718213058419248	13741109.0
2023-07-04	0.0	-0.002252252252252404	0.001126126126126102	-0.00563063063063071	0.0	7216103.0
2023-07-05	0.001126126126126102	-0.002252252252252404	0.007882882882882714	-0.002252252252252404	0.001126126126126102	9600360.0
2023-07-06	-0.003374578177727912	-0.0022497187851520076	0.003374578177727712	-0.010123734533183335	-0.003374578177727912	6739201.0
2023-07-07	0.007900677200902968	-0.0011286681715575381	0.011286681715575782	-0.0045146726862301525	0.007900677200902968	7058979.0
2023-07-10	-0.0022396416573347787	0.0022396416573347787	0.005599104143337146	-0.0044792833146695575	-0.0022396416573347787	5913649.0
2023-07-11	0.00448933782267106	0.0033670033670032953	0.007856341189674555	0.0	0.00448933782267106	6980298.0
2023-07-12	-0.006703910614524997	0.0	0.0044692737430168635	-0.007821229050279163	-0.006703910614524997	6221576.0
2023-07-13	0.016872890888638758	0.007874015748031527	0.016872890888638758	0.006749156355455424	0.016872890888638758	12011134.0
2023-07-14	0.0	0.0	0.0011061946902656597	-0.004424778761061853	0.0	6180863.0
2023-07-17	0.0	-0.0011061946902654633	0.0011061946902656597	-0.008849557522123706	0.0	8108046.0
2023-07-18	0.0	0.0	0.0033185840707965863	-0.0055309734513273165	0.0	7812296.0
2023-07-19	0.004424778761062049	-0.0022123893805309266	0.004424778761062049	-0.00331858407079639	0.004424778761062049	7340576.0
2023-07-20	-0.005506607929515497	0.0022026431718061203	0.004405286343612241	-0.007709251101321617	-0.005506607929515497	7514600.0
2023-07-21	0.0044296788482836025	-0.002214839424141703	0.006644518272425305	-0.003322259136212554	0.0044296788482836025	7606991.0
2023-07-24	-0.003307607497243786	-0.003307607497243786	0.004410143329658119	-0.006615214994487376	-0.003307607497243786	5490006.0
2023-07-25	0.030973451327433756	0.019911504424778927	0.0387168141592922	0.015486725663716878	0.030973451327433756	35039040.0
2023-07-26	-0.00214592274678107	-0.001072961373390535	0.0	-0.011802575107296076	-0.00214592274678107	17117800.0
2023-07-27	-0.005376344086021581	-0.002150537634408747	0.0064516129032256685	-0.008602150537634416	-0.005376344086021581	11651851.0
2023-07-28	0.052972972972972994	-0.0021621621621621162	0.05837837837837829	-0.0021621621621621162	0.052972972972972994	80002947.0
2023-07-31	-0.0051334702258727626	0.0061601642710472785	0.018480492813141656	-0.008213552361396311	-0.0051334702258727626	88419395.0
2023-08-01	-0.0030959752321980767	-0.009287925696594413	0.011351909184726647	-0.014447884416924541	-0.0030959752321980767	52033028.0
2023-08-02	0.0010351966873705784	-0.006211180124223654	0.015527950310559042	-0.006211180124223654	0.0010351966873705784	33480353.0
2023-08-03	0.025853154084798345	0.0	0.02792140641158217	-0.007238883143743566	0.025853154084798345	54457658.0
2023-08-04	0.05947580645161289	0.01814516129032255	0.0987903225806452	0.01814516129032255	0.05947580645161289	149413771.0
2023-08-07	-0.020932445290199872	-0.022835394862036177	-0.015223596574690785	-0.029495718363463416	-0.020932445290199872	81757191.0
2023-08-08	-0.011661807580174852	-0.012633624878522742	0.008746355685131355	-0.03692905733722051	-0.011661807580174852	76356906.0
2023-08-09	0.0	-0.00884955752212388	0.00884955752212388	-0.00884955752212388	0.0	42655012.0
2023-08-10	0.006882989183874168	-0.004916420845624455	0.007866273352999024	-0.009832841691248735	0.006882989183874168	59445779.0
2023-08-11	-0.04101562499999999	-0.008789062499999986	-0.008789062499999986	-0.043945312500000104	-0.04101562499999999	77238090.0
2023-08-14	-0.011201629327902182	-0.018329938900203638	0.0	-0.023421588594704727	-0.011201629327902182	45094827.0
2023-08-15	0.016477857878475628	-0.0010298661174048982	0.020597322348094672	-0.0010298661174048982	0.016477857878475628	40213720.0
2023-08-16	0.013171225937183464	-0.0070921985815601335	0.03343465045592706	-0.0202634245187436	0.013171225937183464	60976734.0
2023-08-17	0.0019999999999999575	-0.005000000000000071	0.014000000000000058	-0.016000000000000014	0.0019999999999999575	47468294.0
2023-08-18	-0.009980039920159646	-0.0019960079840318935	0.006986027944111805	-0.01696606786427145	-0.009980039920159646	33768000.0
2023-08-21	-0.0362903225806451	-0.01612903225806453	-0.007056451612903254	-0.03931451612903231	-0.0362903225806451	35651242.0
2023-08-22	0.004184100418409952	0.007322175732217603	0.012552301255230044	-0.007322175732217603	0.004184100418409952	29578878.0
2023-08-23	-0.016666666666666684	-0.004166666666666578	0.0	-0.01874999999999997	-0.016666666666666684	22472553.0
2023-08-24	0.006355932203389884	0.00847457627118645	0.02330508474576278	0.0	0.006355932203389884	24696357.0
2023-08-25	0.006315789473684263	0.0	0.01999999999999995	-0.003157894736842038	0.006315789473684263	24282753.0
2023-08-28	0.020920502092050135	0.1004184100418409	0.1004184100418409	0.01464435146443502	0.020920502092050135	89736774.0
2023-08-29	-0.009221311475409822	-0.0040983606557376175	0.009221311475409822	-0.03073770491803268	-0.009221311475409822	54309704.0
2023-08-30	-0.024819027921406434	-0.0020682523267838235	-0.0020682523267838235	-0.025853154084798345	-0.024819027921406434	31425747.0
2023-08-31	-0.01590668080593853	0.006362672322375451	0.007423117709437994	-0.01590668080593853	-0.01590668080593853	22659524.0
2023-09-01	-0.006465517241379173	0.005387931034482835	0.00969827586206895	-0.008620689655172422	-0.006465517241379173	20859657.0
2023-09-04	0.013015184381778656	0.0021691973969630773	0.016268980477223274	-0.00216919739696327	0.013015184381778656	21817679.0
2023-09-05	-0.004282655246252586	-0.003211991434689439	-0.0010706638115631465	-0.009635974304068507	-0.004282655246252586	14593921.0
2023-09-06	-0.0075268817204301374	-0.003225806451613025	-0.002150537634408747	-0.009677419354838694	-0.0075268817204301374	14833000.0
2023-09-07	-0.0010834236186348632	0.0010834236186348632	0.005417118093174316	-0.0043336944745396445	-0.0010834236186348632	16344613.0
2023-09-08	0.011930585683297117	-0.0032537960954448085	0.017353579175705004	-0.004338394793926347	0.011930585683297117	14180891.0
2023-09-11	0.008574490889603437	0.0	0.013933547695605657	-0.007502679528403031	0.008574490889603437	22240431.0
2023-09-12	-0.007438894792773675	0.0010626992561104981	0.0010626992561104981	-0.01062699256110517	-0.007438894792773675	10858733.0
2023-09-13	-0.00856531049250536	-0.0010706638115631465	0.003211991434689439	-0.012847965738757947	-0.00856531049250536	10966483.0
2023-09-14	0.004319654427645888	0.004319654427645888	0.006479481641468736	-0.0021598272138228483	0.004319654427645888	12901600.0
2023-09-15	-0.0075268817204301374	0.001075268817204278	0.0053763440860213904	-0.0075268817204301374	-0.0075268817204301374	13785623.0
2023-09-18	0.005417118093174316	-0.007583965330444234	0.008667388949079096	-0.013001083423618743	0.005417118093174316	20297770.0
2023-09-19	0.003232758620689778	0.0010775862068965287	0.007543103448275894	-0.006465517241379173	0.003232758620689778	13869765.0
2023-09-20	-0.003222341568206352	0.0	0.0021482277121374405	-0.007518796992481233	-0.003222341568206352	9059204.0
2023-09-21	-0.0053879310344826445	0.0010775862068965287	0.005387931034482835	-0.006465517241379173	-0.0053879310344826445	11076000.0
2023-09-22	0.021668472372697648	0.0010834236186348632	0.02275189599133251	-0.0010834236186348632	0.021668472372697648	16699563.0
2023-09-25	-0.01590668080593853	-0.0042417815482501744	-0.0042417815482501744	-0.016967126193001076	-0.01590668080593853	13567033.0
2023-09-26	0.0010775862068965287	0.003232758620689778	0.007543103448275894	-0.0010775862068965287	0.0010775862068965287	8550378.0
2023-09-27	0.0032292787944027063	-0.0010764262648008383	0.009687836383207927	-0.0010764262648008383	0.0032292787944027063	11540167.0
2023-09-28	-0.011802575107296076	0.0	0.00214592274678107	-0.016094420600858406	-0.011802575107296076	17595844.0
2023-10-09	0.007600434310531868	-0.006514657980456079	0.013029315960911966	-0.017372421281216084	0.007600434310531868	22817172.0
2023-10-10	-0.0053879310344826445	0.002155172413793249	0.01077586206896567	-0.007543103448275702	-0.0053879310344826445	14751717.0
2023-10-11	-0.0021668472372697264	0.0032502708559045894	0.01300108342361855	-0.0021668472372697264	-0.0021668472372697264	11404131.0
2023-10-12	0.013029315960911966	0.00868621064060785	0.01737242128121589	0.006514657980455887	0.013029315960911966	10875706.0
2023-10-13	-0.002143622722400812	-0.006430868167202625	0.002143622722400812	-0.009646302250803844	-0.002143622722400812	9410901.0
2023-10-16	0.007518796992481233	-0.0010741138560687203	0.015037593984962275	-0.009667024704618674	0.007518796992481233	20521631.0
2023-10-17	0.011727078891257934	0.0	0.01599147121535166	-0.0042643923240939146	0.011727078891257934	22305222.0
2023-10-18	0.0	-0.00526870389884096	0.005268703898840773	-0.007376185458377269	0.0	16919439.0
2023-10-19	-0.004214963119072805	-0.006322444678609114	0.010537407797681732	-0.008429926238145424	-0.004214963119072805	31036515.0
2023-10-20	0.0	-0.0031746031746031074	0.010582010582010732	-0.004232804232804143	0.0	17960601.0
2023-10-23	-0.014814814814814689	-0.0031746031746031074	0.0	-0.02116402116402109	-0.014814814814814689	17950400.0
2023-10-24	0.038668098818474696	0.0	0.04081632653061214	-0.008592910848549953	0.038668098818474696	35529693.0
2023-10-25	0.0031023784901757353	0.0031023784901757353	0.007238883143743566	-0.007238883143743566	0.0031023784901757353	23802376.0
2023-10-26	0.0010309278350517075	-0.006185567010309147	0.0030927835051547566	-0.012371134020618476	0.0010309278350517075	17239200.0
2023-10-27	0.003089598352214146	-0.004119464469619044	0.006179196704428292	-0.01029866117404752	0.003089598352214146	17480100.0
2023-10-30	-0.007186858316221795	-0.004106776180698247	-0.0010266940451745161	-0.016427104722792622	-0.007186858316221795	19193170.0
2023-10-31	-0.0062047569803516545	-0.0010341261633919118	0.004136504653567831	-0.012409513960703125	-0.0062047569803516545	14804951.0
2023-11-01	-0.005202913631633604	0.007284079084287231	0.008324661810613952	-0.005202913631633604	-0.005202913631633604	12758300.0
2023-11-02	-0.00313807531380765	0.002092050209204976	0.00836820083682009	-0.004184100418410139	-0.00313807531380765	14347500.0
2023-11-03	0.002098635886673804	0.0010493179433368088	0.009443861490031465	-0.0020986358866736175	0.002098635886673804	12271261.0
2023-11-06	0.028272251308900476	0.02198952879581142	0.033507853403141205	0.009424083769633492	0.028272251308900476	36791186.0
2023-11-07	0.0010183299389001819	-0.0050916496945010905	0.006109979633401272	-0.009164969450101819	0.0010183299389001819	23222256.0
2023-11-08	-0.0010172939979653903	0.0010172939979653903	0.008138351983723303	-0.009155645981688694	-0.0010172939979653903	29571440.0
2023-11-09	0.0010183299389001819	-0.0010183299389001819	0.003054989816700546	-0.007128309572301455	0.0010183299389001819	15510997.0
2023-11-10	-0.0020345879959307806	-0.0010172939979653903	0.003051881993896171	-0.006103763987792522	-0.0020345879959307806	17136186.0
2023-11-13	-0.0050968399592253525	0.0	0.0030581039755351027	-0.00917431192660549	-0.0050968399592253525	17334301.0
2023-11-14	0.012295081967213217	0.0	0.023565573770491847	-0.0020491803278688088	0.012295081967213217	25417694.0
2023-11-15	0.0010121457489878326	0.009109311740890674	0.015182186234817669	-0.002024291497975845	0.0010121457489878326	19460590.0
2023-11-16	-0.007077856420626924	-0.002022244691607821	0.006066734074822924	-0.007077856420626924	-0.007077856420626924	14293905.0
2023-11-17	0.0020366598778003638	-0.0020366598778003638	0.008146639511201636	-0.006109979633401272	0.0020366598778003638	15062104.0
2023-11-20	-0.016260162601626032	0.003048780487804813	0.003048780487804813	-0.020325203252032447	-0.016260162601626032	21729893.0
2023-11-21	0.006198347107438068	0.0020661157024792947	0.018595041322314022	0.0010330578512396473	0.006198347107438068	18945338.0
2023-11-22	-0.0051334702258727626	-0.003080082135523548	0.00513347022587258	-0.0061601642710472785	-0.0051334702258727626	10830038.0
2023-11-23	0.016511867905056776	0.019607843137255034	0.036119711042311625	0.006191950464396336	0.016511867905056776	32100400.0
2023-11-24	-0.018274111675126874	-0.010152284263959355	-0.0060913705583756856	-0.019289340101522792	-0.018274111675126874	21320900.0
2023-11-27	-0.014477766287487133	-0.0062047569803516545	-0.004136504653567647	-0.020682523267838603	-0.014477766287487133	20395689.0
2023-11-28	-0.0010493179433368088	0.0010493179433368088	0.0052465897166842305	-0.005246589716684044	-0.0010493179433368088	11013269.0
2023-11-29	-0.004201680672268818	0.0031512605042018004	0.0052521008403362095	-0.005252100840336023	-0.004201680672268818	9868084.0
2023-11-30	0.0021097046413501657	-0.0021097046413501657	0.0052742616033754144	-0.003164556962025436	0.0021097046413501657	14439409.0
2023-12-01	-0.001052631578947346	-0.001052631578947346	0.002105263157894692	-0.0094736842105263	-0.001052631578947346	12201040.0
2023-12-04	-0.004214963119072805	0.0010537407797681546	0.0042149631190726185	-0.007376185458377269	-0.004214963119072805	14309051.0
2023-12-05	-0.015873015873015723	-0.0010582010582010357	-0.0010582010582010357	-0.015873015873015723	-0.015873015873015723	16973940.0
2023-12-06	-0.015053763440860275	0.0	0.0032258064516128343	-0.01720430107526883	-0.015053763440860275	23958016.0
2023-12-07	-0.024017467248908367	0.0010917030567685357	0.006550218340611408	-0.029475982532751046	-0.024017467248908367	59414824.0
2023-12-08	0.0	0.0011185682326621685	0.006711409395973211	-0.025727069351230276	0.0	120996382.0
2023-12-11	0.011185682326621885	-0.011185682326621885	0.015659955257270756	-0.03467561521252782	0.011185682326621885	55247978.0
2023-12-12	-0.011061946902654829	-0.0055309734513273165	-0.004424778761061853	-0.01880530973451327	-0.011061946902654829	24435856.0
2023-12-13	-0.010067114093959717	-0.003355704697986506	-0.002237136465324337	-0.010067114093959717	-0.010067114093959717	17631522.0
2023-12-14	-0.0011299435028248347	0.005649717514124374	0.011299435028248548	-0.0011299435028248347	-0.0011299435028248347	14634000.0
2023-12-15	0.0022624434389139788	0.010180995475113107	0.012443438914027086	0.0011312217194569894	0.0022624434389139788	16179701.0
2023-12-18	-0.005643340857787691	0.0011286681715575381	0.007900677200902968	-0.009029345372460505	-0.005643340857787691	15255740.0
2023-12-19	-0.0022701475595915265	0.0	0.0011350737797956624	-0.010215664018161165	-0.0022701475595915265	13551300.0
2023-12-20	-0.02047781569965867	0.0022753128555177875	0.004550625711035373	-0.02047781569965867	-0.02047781569965867	15736319.0
2023-12-21	-0.00696864111498243	0.001161440185830405	0.001161440185830405	-0.013937282229965067	-0.00696864111498243	19756815.0
2023-12-22	-0.003508771929824694	0.0	0.0035087719298244864	-0.010526315789473667	-0.003508771929824694	15810468.0
2023-12-25	-0.011737089201877894	-0.0035211267605633053	0.002347417840375537	-0.015258215962441198	-0.011737089201877894	16685200.0
2023-12-26	-0.009501187648456066	0.0	0.0035629453681709456	-0.01187648456057003	-0.009501187648456066	12227456.0
2023-12-27	0.010791366906474803	0.0023980815347721313	0.016786570743405345	-0.004796163069544263	0.010791366906474803	17591434.0
2023-12-28	0.014234875444839977	-0.0023724792408065924	0.020166073546856456	-0.004744958481613185	0.014234875444839977	28056512.0
2023-12-29	-0.0011695906432750366	-0.0023391812865498655	0.0023391812865496573	-0.004678362573099523	-0.0011695906432750366	17802556.0
2024-01-02	-0.011709601873536259	0.0011709601873538132	0.0023419203747074182	-0.012880562060889864	-0.011709601873536259	17834950.0
2024-01-03	0.007109004739336552	-0.0011848341232227235	0.008293838862559275	-0.003554502369668171	0.007109004739336552	15152362.0
2024-01-04	-0.015294117647058916	-0.001176470588235269	-0.001176470588235269	-0.02235294117647053	-0.015294117647058916	20993250.0
2024-01-05	-0.004778972520907903	0.0	0.007168458781362067	-0.011947431302269971	-0.004778972520907903	24887423.0
2024-01-08	-0.02160864345738292	-0.004801920768307434	0.0	-0.02160864345738292	-0.02160864345738292	20679557.0
2024-01-09	0.0024539877300612974	0.003680981595091946	0.009815950920245406	-0.0024539877300612974	0.0024539877300612974	19794969.0
2024-01-10	-0.0012239902080783092	0.0012239902080783092	0.009791921664626693	-0.0036719706242349277	-0.0012239902080783092	15419518.0
2024-01-11	0.01225490196078427	0.0012254901960784053	0.01225490196078427	-0.004901960784313838	0.01225490196078427	18534867.0
2024-01-12	-0.0036319612590798257	-0.0048426150121064345	0.0036319612590798257	-0.0072639225181598665	-0.0036319612590798257	13561200.0
2024-01-15	-0.0024301336573511025	-0.004860267314702421	0.0036452004860266537	-0.010935601458080176	-0.0024301336573511025	12397053.0
2024-01-16	0.006090133982947494	-0.003654080389768713	0.009744214372715991	-0.009744214372716208	0.006090133982947494	17925360.0
2024-01-17	-0.023002421307505995	-0.0024213075060532173	-0.0012106537530266086	-0.023002421307505995	-0.023002421307505995	17695501.0
2024-01-18	-0.009913258983890963	-0.0012391573729863428	-0.0012391573729863428	-0.04089219330855019	-0.009913258983890963	38338425.0
2024-01-19	-0.007509386733416833	-0.0012515644555694352	0.0	-0.01627033792240299	-0.007509386733416833	26978803.0
2024-01-22	-0.0290037831021437	-0.003783102143757801	0.003783102143757913	-0.041614123581336704	-0.0290037831021437	27840082.0
2024-01-23	0.01818181818181814	0.001298701298701271	0.025974025974025997	-0.009090909090909127	0.01818181818181814	24203885.0
2024-01-24	0.03826530612244907	0.0012755102040816054	0.044642857142857095	-0.006377551020408141	0.03826530612244907	32134750.0
2024-01-25	0.031941031941031914	-0.0049140049140050275	0.03562653562653552	-0.007371007371007432	0.031941031941031914	38124956.0
2024-01-26	0.00238095238095233	-0.010714285714285697	0.013095238095238026	-0.013095238095238238	0.00238095238095233	28235384.0
2024-01-29	-0.01187648456057003	0.0023752969121139636	0.009501187648456066	-0.014251781472683992	-0.01187648456057003	21961197.0
2024-01-30	-0.020432692307692298	-0.008413461538461573	0.0036057692307691538	-0.020432692307692298	-0.020432692307692298	16694375.0
2024-01-31	-0.01472392638036822	-0.0024539877300612974	0.004907975460122595	-0.020858895705521463	-0.01472392638036822	18898025.0
2024-02-01	-0.003735990037359821	-0.004981320049813095	0.014943960149439727	-0.01618929016189278	-0.003735990037359821	20947991.0
2024-02-02	-0.020000000000000018	0.0	0.004999999999999893	-0.04874999999999996	-0.020000000000000018	26183694.0
2024-02-05	-0.03698979591836735	-0.008928571428571465	-0.00382653061224493	-0.05357142857142856	-0.03698979591836735	41374350.0
2024-02-06	0.07019867549668878	-0.003973509933774867	0.07284768211920528	-0.007947019867549617	0.07019867549668878	37552017.0
2024-02-07	0.007425742574257487	0.0	0.014851485148514755	-0.013613861386138654	0.007425742574257487	45365087.0
2024-02-08	0.007371007371007213	0.006142506142506011	0.011056511056511039	-0.008599508599508634	0.007371007371007213	44100266.0
2024-02-19	0.0024390243902440672	-0.0012195121951219254	0.004878048780487918	-0.018292682926829097	0.0024390243902440672	31096162.0
2024-02-20	0.010948905109489033	-0.0048661800486619125	0.014598540145985306	-0.010948905109489033	0.010948905109489033	29387123.0
2024-02-21	0.008423586040914595	-0.007220216606498254	0.02767749699157625	-0.015643802647412847	0.008423586040914595	36306650.0
2024-02-22	0.011933174224343632	-0.003579952267303238	0.02028639618138424	-0.008353221957040606	0.011933174224343632	22618009.0
2024-02-23	0.004716981132075371	0.0	0.008254716981132108	-0.003537735849056738	0.004716981132075371	21948488.0
2024-02-26	-0.009389671361502356	-0.0011737089201877685	0.004694835680751282	-0.009389671361502356	-0.009389671361502356	20521390.0
2024-02-27	0.011848341232227447	-0.0011848341232227235	0.011848341232227447	-0.003554502369668171	0.011848341232227447	19914717.0
2024-02-28	-0.00468384074941442	0.0023419203747074182	0.022248243559719123	-0.005854800936768025	-0.00468384074941442	36998513.0
2024-02-29	0.014117647058823438	-0.005882352941176554	0.014117647058823438	-0.010588235294117631	0.014117647058823438	26362891.0
2024-03-01	0.004640371229698483	0.0	0.011600928074246106	-0.003480278422273708	0.004640371229698483	27705948.0
2024-03-04	-0.00692840646651276	0.0	0.002309468822170851	-0.011547344110854462	-0.00692840646651276	17508494.0
2024-03-05	-0.0011627906976743939	-0.0034883720930231816	0.00697674418604657	-0.00697674418604657	-0.0011627906976743939	18325201.0
2024-03-06	-0.005820721769499501	-0.0023282887077997177	0.0034924330616995765	-0.012805587892898653	-0.005820721769499501	19209020.0
2024-03-07	-0.010538641686182654	-0.00234192037470721	0.007025761124121839	-0.011709601873536259	-0.010538641686182654	16590358.0
2024-03-08	0.002366863905325604	0.002366863905325604	0.005917159763313694	-0.004733727810650787	0.002366863905325604	13591960.0
2024-03-11	0.009445100354191271	-0.002361275088547975	0.010625737898465154	-0.002361275088547975	0.009445100354191271	16046712.0
2024-03-12	0.004678362573099315	0.0023391812865496573	0.009356725146198838	-0.0023391812865498655	0.004678362573099315	16439159.0
2024-03-13	-0.004656577415599435	0.0011641443538998588	0.0023282887077997177	-0.011641443538998795	-0.004656577415599435	13203807.0
2024-03-14	-0.00701754385964918	-0.0011695906432750366	0.0035087719298244864	-0.011695906432748704	-0.00701754385964918	13470188.0
2024-03-15	0.007067137809187337	-0.001177856301531188	0.008244994110718525	-0.008244994110718525	0.007067137809187337	12577333.0
2024-03-18	0.02339181286549699	0.008187134502923802	0.026900584795321477	0.004678362573099315	0.02339181286549699	26850204.0
2024-03-19	-0.011428571428571389	-0.0034285714285713555	-0.0011428571428571184	-0.012571428571428506	-0.011428571428571389	15602580.0
2024-03-20	-0.00231213872832365	-0.00231213872832365	0.00231213872832365	-0.00809248554913298	-0.00231213872832365	13615577.0
2024-03-21	0.0	0.0011587485515642858	0.009269988412514491	-0.003476245654693063	0.0	14416119.0
2024-03-22	-0.012746234067207554	0.0011587485515642858	0.0011587485515642858	-0.017381228273464697	-0.012746234067207554	15732310.0
2024-03-25	-0.02582159624413132	-0.010563380281690125	-0.009389671361502356	-0.026995305164319302	-0.02582159624413132	18420424.0
2024-03-26	0.013253012048192701	-0.001204819277108622	0.01566265060240952	-0.001204819277108622	0.013253012048192701	11480621.0
2024-03-27	-0.0154577883472058	-0.002378121284185443	0.002378121284185443	-0.01664684898929852	-0.0154577883472058	11396035.0
2024-03-28	0.0012077294685990082	-0.0024154589371980163	0.010869565217391288	-0.004830917874396033	0.0012077294685990082	12698320.0
2024-03-29	0.01085645355850442	-0.0012062726176115546	0.012062726176115975	-0.003618817852834664	0.01085645355850442	11205920.0
2024-04-01	0.026252983293555947	0.007159904534606052	0.02744630071599029	0.007159904534606052	0.026252983293555947	17602659.0
2024-04-02	0.003488372093023388	0.0	0.01395348837209314	-0.0034883720930231816	0.003488372093023388	18102097.0
2024-04-03	0.004634994206257143	0.0	0.006952491309385715	-0.005793742757821635	0.004634994206257143	14155327.0
2024-04-08	-0.0023068050749711156	-0.009227220299884669	0.0138408304498269	-0.019607843137254895	-0.0023068050749711156	27026893.0
2024-04-09	-0.00809248554913298	0.00231213872832365	0.0046242774566473	-0.01040462427745663	-0.00809248554913298	13355086.0
2024-04-10	-0.008158508158508191	0.0	0.013986013986013894	-0.013986013986013894	-0.008158508158508191	19709304.0
2024-04-11	0.007050528789659283	-0.009400705052878974	0.017626321974148103	-0.011750881316098666	0.007050528789659283	17125400.0
2024-04-12	-0.019836639439906642	-0.0035005834305718944	-0.0011668611435238958	-0.022170361726954434	-0.019836639439906642	18148611.0
2024-04-15	0.02976190476190476	0.00238095238095233	0.04166666666666662	0.001190476190476165	0.02976190476190476	27407784.0
2024-04-16	-0.024277456647398943	-0.009248554913294805	0.003468208092485475	-0.026589595375722593	-0.024277456647398943	23848522.0
2024-04-17	0.028436018957345998	0.007109004739336552	0.028436018957345998	0.002369668246445658	0.028436018957345998	25863530.0
2024-04-18	0.03801843317972351	-0.0011520737327188695	0.07373271889400929	-0.006912442396313422	0.03801843317972351	92823683.0
2024-04-19	-0.006659267480577192	-0.01109877913429519	0.014428412874583883	-0.012208657047724688	-0.006659267480577192	58114626.0
2024-04-22	-0.020111731843575387	-0.016759776536312693	-0.0022346368715083324	-0.02569832402234622	-0.020111731843575387	39519752.0
2024-04-23	-0.010262257696693257	0.0022805017103762343	0.0045610034207526715	-0.012542759407069492	-0.010262257696693257	22444400.0
2024-04-24	0.012672811059907769	0.002304147465437739	0.012672811059907769	-0.00921658986175116	0.012672811059907769	23792100.0
2024-04-25	-0.012514220705346921	-0.007963594994311549	-0.003412969283276378	-0.017064846416382094	-0.012514220705346921	20417700.0
2024-04-26	0.05069124423963128	0.023041474654378002	0.054147465437788096	0.003456221198156813	0.05069124423963128	65140550.0
2024-04-29	0.005482456140350956	-0.0076754385964910654	0.013157894736842216	-0.013157894736842021	0.005482456140350956	59132686.0
2024-04-30	-0.019629225736095934	-0.003271537622682591	-0.003271537622682591	-0.023991275899672915	-0.019629225736095934	36175450.0
2024-05-06	0.005561735261401439	0.015572858731924424	0.018909899888765288	-0.0011123470522802878	0.005561735261401439	35522086.0
2024-05-07	-0.012168141592920293	-0.00663716814159278	-0.0055309734513273165	-0.01880530973451327	-0.012168141592920293	26357633.0
2024-05-08	-0.008958566629339314	0.0	0.0011198208286673894	-0.013437849944008871	-0.008958566629339314	17857666.0
2024-05-09	0.005649717514124374	0.0	0.007909604519774044	-0.0011299435028248347	0.005649717514124374	24624600.0
2024-05-10	0.005617977528089768	-0.0011235955056179536	0.008988764044943828	-0.007865168539325874	0.005617977528089768	21483663.0
2024-05-13	0.0033519553072626973	-0.007821229050279163	0.007821229050279361	-0.018994413407821223	0.0033519553072626973	22713103.0
2024-05-14	0.004454342984409705	-0.003340757238307476	0.006681514476614556	-0.010022271714922032	0.004454342984409705	21873844.0
2024-05-15	-0.02771618625277162	0.0033259423503327204	0.006651884700665244	-0.02882483370288246	-0.02771618625277162	27083675.0
2024-05-16	0.0	0.0	0.010262257696693257	-0.0034207525655643514	0.0	17056362.0
2024-05-17	0.021664766248574833	-0.0034207525655643514	0.02280501710376295	-0.0034207525655643514	0.021664766248574833	17164963.0
2024-05-20	-0.005580357142857222	0.0	0.007812499999999833	-0.007812500000000031	-0.005580357142857222	20760900.0
2024-05-21	-0.005611672278339024	-0.001122334455667765	-0.001122334455667765	-0.012345679012345616	-0.005611672278339024	12325700.0
2024-05-22	0.0022573363431152766	-0.0022573363431150763	0.009029345372460505	-0.006772009029345228	0.0022573363431152766	13457375.0
2024-05-23	-0.013513513513513624	-0.002252252252252404	0.0	-0.018018018018018032	-0.013513513513513624	15302400.0
2024-05-24	-0.013698630136986212	-0.0034246575342465023	0.0022831050228310015	-0.014840182648401713	-0.013698630136986212	13135500.0
2024-05-27	0.017361111111110945	0.0057870370370369136	0.017361111111110945	-0.0011574074074073826	0.017361111111110945	14547500.0
2024-05-28	-0.0022753128555175854	-0.003412969283276378	0.006825938566552958	-0.007963594994311549	-0.0022753128555175854	11033592.0
2024-05-29	0.0022805017103762343	-0.0011402508551881171	0.007981755986317023	-0.0034207525655643514	0.0022805017103762343	9500300.0
2024-05-30	0.006825938566552958	-0.003412969283276378	0.009101251422070543	-0.0056882821387939635	0.006825938566552958	14630979.0
2024-05-31	0.010169491525423712	-0.003389830508474504	0.010169491525423712	-0.003389830508474504	0.010169491525423712	19510070.0
2024-06-03	0.025727069351230474	0.007829977628635378	0.03691275167785236	-0.010067114093959717	0.025727069351230474	76134162.0
2024-06-04	-0.005452562704471179	0.0	0.013086150490730558	-0.014176663031624948	-0.005452562704471179	41820888.0
2024-06-05	0.008771929824561412	0.0	0.017543859649122823	-0.005482456140350761	0.008771929824561412	32684724.0
2024-06-06	0.003260869565217515	-0.004347826086956429	0.02391304347826094	-0.004347826086956429	0.003260869565217515	40100919.0
2024-06-07	0.005417118093174316	0.0021668472372697264	0.008667388949079096	-0.01625135427952333	0.005417118093174316	40324758.0
2024-06-11	-0.004310344827586115	-0.0010775862068965287	0.012931034482758728	-0.00969827586206895	-0.004310344827586115	30535581.0
2024-06-12	0.01839826839826839	-0.0032467532467531776	0.021645021645021568	-0.01731601731601733	0.01839826839826839	41292816.0
2024-06-13	0.022316684378320836	-0.005313496280552679	0.03613177470775769	-0.005313496280552679	0.022316684378320836	61685796.0
2024-06-14	-0.024948024948024786	-0.002079002079002035	0.019750519750519883	-0.024948024948024786	-0.024948024948024786	165814005.0
2024-06-17	-0.0074626865671642085	-0.00852878464818764	0.0021321961620468627	-0.028784648187633405	-0.0074626865671642085	56605774.0
2024-06-18	-0.007518796992481233	0.003222341568206161	0.005370569280343602	-0.015037593984962466	-0.007518796992481233	29283285.0
2024-06-19	-0.04545454545454545	-0.025974025974025997	-0.02056277056277051	-0.04761904761904756	-0.04545454545454545	23595000.0
2024-06-20	0.009070294784580506	-0.001133786848072538	0.014739229024943198	-0.002267573696145076	0.009070294784580506	23327305.0
2024-06-21	0.004494382022471814	-0.004494382022472014	0.011235955056179735	-0.004494382022472014	0.004494382022471814	20226150.0
2024-06-24	-0.006711409395973012	0.0	0.007829977628635378	-0.007829977628635378	-0.006711409395973012	19209800.0
2024-06-25	-0.010135135135135318	-0.003378378378378506	0.004504504504504408	-0.01689189189189193	-0.010135135135135318	18435578.0
2024-06-26	0.00796359499431175	-0.003412969283276378	0.010238907849829539	-0.0056882821387939635	0.00796359499431175	11044457.0
2024-06-27	-0.0011286681715575381	-0.003386004514672614	0.01241534988713332	-0.006772009029345228	-0.0011286681715575381	13475800.0
2024-06-28	-0.018079096045197758	-0.0022598870056496695	0.009039548022598879	-0.022598870056497095	-0.018079096045197758	21456600.0
2024-07-01	-0.0023014959723819993	-0.009205983889528202	0.0034522439585732037	-0.0161104718066742	-0.0023014959723819993	13538909.0
2024-07-02	-0.018454440599769337	-0.0011534025374855578	0.006920415224913552	-0.020761245674740452	-0.018454440599769337	15263500.0
2024-07-03	0.0023501762632196915	0.0	0.008225616921269129	-0.0035252643948295373	0.0023501762632196915	11566644.0
2024-07-04	-0.01758499413833512	0.001172332942555661	0.00234466588511153	-0.018757327080890993	-0.01758499413833512	12559453.0
2024-07-05	-0.005966587112171922	0.002386634844868684	0.00596658711217171	-0.010739856801909501	-0.005966587112171922	12193300.0
2024-07-08	-0.02761104441776716	-0.00840336134453785	-0.0036014405762304154	-0.031212484993997574	-0.02761104441776716	11616844.0
2024-07-09	0.011111111111111094	0.0012345679012345416	0.013580246913580396	-0.014814814814814718	0.011111111111111094	13521545.0
2024-07-10	-0.006105006105005975	-0.00488400488400478	0.006105006105006192	-0.010989010989010973	-0.006105006105005975	10420700.0
2024-07-11	0.0	0.007371007371007213	0.011056511056511039	-0.003685503685503825	0.0	21767264.0
2024-07-12	-0.01719901719901727	-0.00614250614250623	-0.00614250614250623	-0.02334152334152339	-0.01719901719901727	19505678.0
2024-07-15	0.0012499999999999734	-0.006249999999999978	0.007500000000000062	-0.006249999999999978	0.0012499999999999734	12095824.0
2024-07-16	0.009987515605493142	0.00249687890137323	0.01622971285892644	-0.001248439450686615	0.009987515605493142	14024305.0
2024-07-17	0.013597033374536395	0.0024721878862793045	0.017305315203955573	0.0012360939431396523	0.013597033374536395	16055989.0
2024-07-18	0.0036585365853659927	-0.004878048780487702	0.0036585365853659927	-0.015853658536585245	0.0036585365853659927	12746862.0
2024-07-19	0.004860267314702205	-0.0024301336573511025	0.0072904009720533075	-0.010935601458080176	0.004860267314702205	15083611.0
2024-07-22	-0.0024183796856105896	0.007255139056831983	0.010882708585247867	-0.008464328899637278	-0.0024183796856105896	16584556.0
2024-07-23	-0.015757575757575852	-0.0024242424242423726	0.0060606060606061465	-0.018181818181818226	-0.015757575757575852	12878300.0
2024-07-24	0.0	-0.0024630541871920658	0.014778325123152834	-0.0049261083743841316	0.0	14281012.0
2024-07-25	0.030788177339901482	0.0	0.0344827586206898	-0.0024630541871920658	0.030788177339901482	27190539.0
2024-07-26	0.00955794504181602	0.0	0.01553166069295111	-0.00597371565113488	0.00955794504181602	19354000.0
2024-07-29	-0.0035502958579880905	-0.007100591715976181	0.007100591715976391	-0.010650887573964481	-0.0035502958579880905	11288820.0
2024-07-30	0.008313539192399085	0.0	0.01187648456057003	-0.004750593824227927	0.008313539192399085	12788815.0
2024-07-31	0.04122497055359242	0.0	0.04829210836277976	0.0	0.04122497055359242	30417158.0
2024-08-01	0.009049773755656116	-0.0022624434389139788	0.015837104072398255	-0.007918552036199128	0.009049773755656116	25485656.0
2024-08-02	-0.00896860986547086	-0.0033632286995514977	0.006726457399103195	-0.012331838565022358	-0.00896860986547086	18337220.0
2024-08-05	-0.006787330316742138	-0.0045248868778279576	0.013574660633484276	-0.006787330316742138	-0.006787330316742138	18351296.0
2024-08-06	-0.002277904328018175	0.005694760820045639	0.01594533029612763	-0.007972665148063612	-0.002277904328018175	11987510.0
2024-08-07	0.012557077625570711	0.0022831050228310015	0.022831050228310626	-0.0022831050228310015	0.012557077625570711	13737655.0
2024-08-08	-0.0022547914317925114	-0.006764374295377534	0.010146561443066702	-0.00789177001127379	-0.0022547914317925114	11433954.0
2024-08-09	-0.0011299435028248347	0.005649717514124374	0.007909604519774044	-0.0011299435028248347	-0.0011299435028248347	9100798.0
2024-08-12	0.0011312217194569894	-0.0022624434389139788	0.004524886877828159	-0.0045248868778279576	0.0011312217194569894	7652821.0
2024-08-13	0.010169491525423712	0.0011299435028248347	0.013559322033898417	-0.0011299435028248347	0.010169491525423712	12076753.0
2024-08-14	0.0	-0.0011185682326621685	0.0044742729306488736	-0.004474272930648674	0.0	12425160.0
2024-08-15	0.011185682326621885	-0.004474272930648674	0.016778523489932928	-0.004474272930648674	0.011185682326621885	15005860.0
2024-08-16	0.006637168141592976	-0.0022123893805309266	0.014380530973451416	-0.00331858407079639	0.006637168141592976	17971050.0
2024-08-19	0.009890109890109874	-0.002197802197802151	0.012087912087912222	-0.005494505494505378	0.009890109890109874	13483360.0
2024-08-20	-0.01632208922742115	-0.0032644178454841527	0.0010881392818280508	-0.0174102285092492	-0.01632208922742115	14535855.0
2024-08-21	0.0	0.007743362831858439	0.008849557522123902	-0.0055309734513273165	0.0	13950800.0
2024-08-22	0.0	0.0	0.0	0.0	0.0	
2024-08-23	0.0	0.0	0.0	0.0	0.0	
2024-08-26	0.0	0.0	0.0	0.0	0.0	
2024-08-27	0.0	0.0	0.0	0.0	0.0	
2024-08-28	0.0	0.0	0.0	0.0	0.0	
2024-08-29	0.0	0.0	0.0	0.0	0.0	
2024-08-30	0.0	0.0	0.0	0.0	0.0	
2024-09-02	0.0	0.0	0.0	0.0	0.0	
2024-09-03	0.0	0.0	0.0	0.0	0.0	
2024-09-04	0.0	0.0	0.0	0.0	0.0	
2024-09-05	-0.04977876106194683	0.0	0.002212389380531123	-0.06969026548672556	-0.04977876106194683	66196597.0
2024-09-06	-0.011641443538998795	0.024447031431897654	0.02793946449359723	-0.013969732246798513	-0.011641443538998795	49991872.0
2024-09-09	-0.0058892815076561494	-0.01766784452296824	0.014134275618374466	-0.021201413427561804	-0.0058892815076561494	33407286.0
2024-09-10	0.0011848341232227235	-0.0011848341232227235	0.008293838862559275	-0.009478672985782	0.0011848341232227235	20197100.0
2024-09-11	-0.0023668639053253935	-0.0023668639053253935	0.010650887573964481	-0.007100591715976181	-0.0023668639053253935	16741000.0
2024-09-12	0.01304863582443647	0.0011862396204032962	0.017793594306049865	-0.0035587188612098888	0.01304863582443647	18362940.0
2024-09-13	0.012880562060890072	0.005854800936768234	0.025761124121779937	0.0011709601873538132	0.012880562060890072	23268535.0
2024-09-18	0.0046242774566473	-0.013872832369942311	0.00809248554913298	-0.013872832369942311	0.0046242774566473	14969460.0
2024-09-19	0.03107019562715781	0.010356731875719201	0.03567318757192181	0.0	0.03107019562715781	24616540.0
2024-09-20	-0.0022321428571430075	-0.006696428571428627	0.004464285714285619	-0.012276785714285848	-0.0022321428571430075	19645810.0
2024-09-23	0.014541387024608589	0.0011185682326621685	0.023489932885906138	-0.004474272930648674	0.014541387024608589	19134450.0
2024-09-24	0.03969128996692386	0.00330760749724359	0.04189636163175292	0.0011025358324145299	0.03969128996692386	47549823.0
2024-09-25	0.016967126193001076	0.007423117709437994	0.03393425238600215	0.0042417815482503635	0.016967126193001076	50768278.0
2024-09-26	0.036496350364963466	-0.009384775808133457	0.036496350364963466	-0.01772679874869655	0.036496350364963466	53113837.0
2024-09-27	0.0814889336016097	0.016096579476861182	0.08551307847082491	0.006036217303822988	0.0814889336016097	87476420.0
2024-09-30	0.10046511627906977	0.09488372093023252	0.10046511627906977	0.053023255813953514	0.10046511627906977	115720945.0
2024-10-08	0.0997464074387151	0.0997464074387151	0.0997464074387151	0.047337278106508916	0.0997464074387151	89318005.0
2024-10-09	-0.019984627209838568	0.0	0.07455803228285938	-0.03458877786318211	-0.019984627209838568	215099822.0
2024-10-10	-0.050196078431372596	0.011764705882352969	0.029019607843137195	-0.08156862745098033	-0.050196078431372596	118163847.0
2024-10-11	-0.032204789430222855	-0.010734929810074238	0.007431874483897594	-0.04211395540875308	-0.032204789430222855	69042228.0
2024-10-14	0.002559726962457283	0.0	0.010238907849829284	-0.03156996587030725	0.002559726962457283	68408391.0
2024-10-15	-0.027234042553191513	-0.0008510638297872159	0.0034042553191488637	-0.028936170212765944	-0.027234042553191513	44045862.0
2024-10-16	-0.00962379702537178	-0.010498687664041927	0.01487314085739282	-0.021872265966754158	-0.00962379702537178	43797011.0
2024-10-17	-0.017667844522968292	0.0	0.015017667844522962	-0.021201413427561856	-0.017667844522968292	34667515.0
2024-10-18	0.04586330935251813	-0.0008992805755395492	0.08453237410071955	-0.0098920863309352	0.04586330935251813	84158164.0
2024-10-21	-0.002579535683577054	-0.011177987962166876	0.006018916595012769	-0.021496130696474634	-0.002579535683577054	51170030.0
2024-10-22	0.004310344827586268	0.0	0.00775862068965516	-0.006896551724137937	0.004310344827586268	29351471.0
2024-10-23	-0.0025751072961374367	0.00429184549356214	0.017167381974248865	-0.005150214592274721	-0.0025751072961374367	36016980.0
2024-10-24	-0.008605851979345925	-0.0025817555938037317	-0.0008605851979345772	-0.01721170395869185	-0.008605851979345925	28639019.0
2024-10-25	0.01822916666666674	0.029513888888888878	0.03819444444444456	0.01128472222222229	0.01822916666666674	50440882.0
2024-10-28	-0.010230179028133076	-0.011082693947144142	-0.0042625745950554735	-0.01619778346121068	-0.010230179028133076	32879414.0
2024-10-29	-0.008613264427217885	0.0017226528854436996	0.01636520241171415	-0.009474590869939658	-0.008613264427217885	35055455.0
2024-10-30	-0.000868809730668965	0.002606429192006895	0.012163336229365818	-0.008688097306689804	-0.000868809730668965	30441099.0
2024-10-31	0.005217391304347869	0.0	0.029565217391304334	-0.0060869565217391555	0.005217391304347869	55132286.0
2024-11-01	-0.0017301038062284904	0.0017301038062283367	0.018166089965397845	-0.007785467128027669	-0.0017301038062284904	40423420.0
2024-11-04	0.03119584055459283	0.019064124783362276	0.0372616984402081	0.0034662045060659384	0.03119584055459283	51883110.0
2024-11-05	0.03865546218487387	0.0	0.04117647058823531	-0.01428571428571428	0.03865546218487387	82783464.0
2024-11-06	-0.00404530744336561	0.0016181229773463877	0.029126213592233108	-0.01051779935275073	-0.00404530744336561	72259945.0
2024-11-07	0.06336311941510961	-0.012185215272136504	0.06498781478472777	-0.017059301380991133	0.06336311941510961	92611031.0
2024-11-08	-0.012223071046600469	0.019862490450725728	0.023682200152788425	-0.014514896867838006	-0.012223071046600469	81561134.0
2024-11-11	-0.00618716163959784	-0.00928074245939669	0.0015467904098994257	-0.02088167053364266	-0.00618716163959784	51936154.0
2024-11-12	-0.027237354085603085	-0.001556420233463002	0.01167315175097279	-0.037354085603112874	-0.027237354085603085	47041030.0
2024-11-13	-0.0040000000000000565	-0.009599999999999937	0.0064000000000000055	-0.018400000000000034	-0.0040000000000000565	33357964.0
2024-11-14	-0.013654618473895578	-0.004819277108433632	0.008032128514056339	-0.01847389558232921	-0.013654618473895578	28676508.0
2024-11-15	-0.03990228013029318	-0.00407166123778493	0.005700325732899046	-0.04071661237785017	-0.03990228013029318	33960881.0
2024-11-18	0.0	0.0008481764206956374	0.02290076335877874	-0.01017811704834599	0.0	32879546.0
2024-11-19	0.008481764206955168	-0.0008481764206954867	0.009329940627650654	-0.011026293469041477	0.008481764206955168	22493924.0
2024-11-20	-0.005046257359125357	-0.007569386038687961	0.0033641715727501386	-0.01850294365012621	-0.005046257359125357	25154374.0
2024-11-21	0.0008453085376162119	-0.00422654268808121	0.005917159763313634	-0.01352493660185969	0.0008453085376162119	28108120.0
2024-11-22	-0.04476351351351346	0.0	0.0	-0.04729729729729734	-0.04476351351351346	28299221.0
2024-11-25	-0.00442086648983207	0.0	0.0053050397877982955	-0.01679929266136174	-0.00442086648983207	26350576.0
2024-11-26	-0.0026642984014209024	0.0017761989342806016	0.011545293072824226	-0.005328596802841963	-0.0026642984014209024	15759986.0
2024-11-27	0.012466607301869883	-0.0008904719501335518	0.012466607301869883	-0.007123775601068572	0.012466607301869883	18059713.0
2024-11-28	-0.0008795074758135257	0.011433597185576147	0.014072119613016723	-0.003518029903254103	-0.0008795074758135257	21808393.0
2024-11-29	0.011443661971831056	-0.0008802816901408263	0.0387323943661973	-0.004401408450704132	0.011443661971831056	38570922.0
2024-12-02	0.004351610095735329	-0.019147084421235912	0.007832898172323747	-0.020887728459530044	0.004351610095735329	29972768.0
2024-12-03	0.006932409012131722	0.0	0.013864818024263445	-0.005199306759098676	0.006932409012131722	26152748.0
2024-12-04	-0.011187607573149657	-0.0017211703958691545	0.0008605851979347301	-0.019793459552495583	-0.011187607573149657	20698000.0
2024-12-05	0.0034812880765882634	-0.006962576153176681	0.006962576153176681	-0.009573542210617878	0.0034812880765882634	21767503.0
2024-12-06	0.007805724197745001	-0.007805724197745001	0.018213356461405105	-0.011274934952298267	0.007805724197745001	42089925.0
2024-12-09	-0.012048192771084234	0.01118760757314981	0.027538726333907082	-0.02065404475043016	-0.012048192771084234	72319508.0
2024-12-10	0.008710801393728191	0.03658536585365853	0.058362369337979086	0.0069686411149825845	0.008710801393728191	69151794.0
2024-12-11	-0.0069084628670120956	-0.004317789291882618	0.006044905008635603	-0.010362694300518067	-0.0069084628670120956	33137401.0
2024-12-12	0.011304347826087024	0.0017391304347825717	0.020869565217391323	-0.0060869565217391555	0.011304347826087024	37594435.0
2024-12-13	-0.016337059329320832	-0.006018916595012922	-0.006018916595012922	-0.0197764402407567	-0.016337059329320832	45903311.0
2024-12-16	-0.020104895104894986	-0.003496503496503422	-0.0008741258741258555	-0.025349650349650275	-0.020104895104894986	33123801.0
2024-12-17	-0.0026761819803747667	-0.003568242640499636	0.008028545941123982	-0.004460303300624506	-0.0026761819803747667	20884430.0
2024-12-18	0.007155635062611813	0.0053667262969589	0.01878354203935607	0.004472271914132443	0.007155635062611813	19406927.0
2024-12-19	-0.003552397868561203	-0.005328596802841963	-0.0017761989342806016	-0.011545293072824068	-0.003552397868561203	15534814.0
2024-12-20	0.0026737967914437933	-0.0008912655971479311	0.008021390374331538	-0.0035650623885918825	0.0026737967914437933	16952486.0
2024-12-23	0.00088888888888887	0.009777777777777727	0.03644444444444446	-0.00177777777777774	0.00088888888888887	48585382.0
2024-12-24	0.01865008880994679	-0.007104795737122564	0.01953818827708709	-0.007992895204262865	0.01865008880994679	32790483.0
2024-12-25	-0.009590235396687114	-0.0017436791630341193	0.0026155187445509468	-0.01743679163034011	-0.009590235396687114	18353400.0
2024-12-26	0.0008802816901408263	-0.0026408450704224792	0.0052816901408451146	-0.007042253521126767	0.0008802816901408263	14349961.0
2024-12-27	0.007915567282322044	-0.0008795074758135257	0.022867194371152293	-0.002638522427440577	0.007915567282322044	28454217.0
2024-12-30	0.02966841186736473	0.012216404886561848	0.02966841186736473	0.006108202443280847	0.02966841186736473	63171474.0
2024-12-31	-0.05084745762711876	-0.0025423728813560283	-0.0008474576271187765	-0.05084745762711876	-0.05084745762711876	50850518.0
