2021-01-06	0.020238095238095322	-0.010544217687074788	0.03537414965986404	-0.01870748299319718	0.020238095238095322	11163728
2021-01-07	-0.0048341390231705144	-0.013668944824137361	0.008501416902817104	-0.0665110851808635	-0.0048341390231705144	14352949
2021-01-08	-0.008040201005025192	0.006365159128978148	0.01976549413735343	-0.04505862646566172	-0.008040201005025192	10638594
2021-01-11	-0.018574805808848387	0.03005741303613646	0.03005741303613646	-0.038500506585612985	-0.018574805808848387	11250632
2021-01-12	0.023743977976600182	-0.010667584308327555	0.04507914659325541	-0.01927047487955949	0.023743977976600182	10058156
2021-01-13	-0.059327731092437	-0.0036974789915966196	-0.0028571428571428858	-0.10000000000000005	-0.059327731092437	20131601
2021-01-14	-0.028229408611756268	-0.005002680007146706	0.009469358584956247	-0.03537609433625151	-0.028229408611756268	11808895
2021-01-15	-0.012686155543298359	-0.00018385732671443299	0.0007354293068578626	-0.05276705276705272	-0.012686155543298359	10797662
2021-01-18	0.09999999999999995	0.008752327746741133	0.09999999999999995	-0.010800744878957269	0.09999999999999995	15746457
2021-01-19	-0.028271542238022713	0.003555104113763346	0.03995259861181648	-0.03402742508887757	-0.028271542238022713	16244834
2021-01-20	0.06045296167247385	-0.005052264808362354	0.06672473867595816	-0.019163763066202117	0.06045296167247385	10839223
2021-01-21	0.002628552653195395	0.002135699030721251	0.020042713980614524	-0.017907014949893156	0.002628552653195395	9797382
2021-01-22	-0.00802883827625761	0.00114697689660823	0.007701130591512353	-0.04522366049483857	-0.00802883827625761	10164590
2021-01-25	0.029897588371324783	-0.008919722497522285	0.0515361744301288	-0.02543772712256358	0.029897588371324783	13220160
2021-01-26	-0.08420208500400962	-0.006094627105052166	0.003688853247794657	-0.09542902967121095	-0.08420208500400962	13060155
2021-01-27	0.04728546409807348	0.0	0.059544658493870375	-0.0035026269702277207	0.04728546409807348	12057435
2021-01-28	0.10000000000000007	0.10000000000000007	0.10000000000000007	0.10000000000000007	0.10000000000000007	7738205
2021-01-29	-0.04834296138643964	0.03374885983581634	0.0440863484341746	-0.06369717239282453	-0.04834296138643964	32974871
2021-02-01	-0.017731629392971238	0.0038338658146965174	0.03035143769968049	-0.0555910543130991	-0.017731629392971238	17532749
2021-02-02	0.043746950723694986	-0.007968775410635908	0.05691982436168471	-0.019677996422182483	0.043746950723694986	12456867
2021-02-03	-0.06715487690869444	-0.0043627298223747	0.020567154876908585	-0.06715487690869444	-0.06715487690869444	11173870
2021-02-04	0.0038416569233339568	0.0021713713044931113	0.02705862702522139	-0.031234341072323327	0.0038416569233339568	10562190
2021-02-05	-0.06356073211314477	0.0023294509151414403	0.014642262895174632	-0.06672212978369381	-0.06356073211314477	9486884
2021-02-08	0.015991471215351785	-0.004442075337597725	0.0364250177683013	-0.012082444918265808	0.015991471215351785	7227827
2021-02-09	0.10003497726477788	0.00017488632388943705	0.10003497726477788	-0.020461699895068235	0.10003497726477788	11433996
2021-02-10	0.0049284578696343765	0.017488076311605746	0.023688394276629603	-0.00524642289348169	0.0049284578696343765	12858470
2021-02-18	-0.029425723777883238	0.026736275905711197	0.026736275905711197	-0.03021673785793393	-0.029425723777883238	8565806
2021-02-19	0.0	0.005541972290138489	0.007171964140179262	-0.03178484107579466	0.0	8545223
2021-02-22	-0.04971475142624294	-0.0008149959250204444	-0.0003259983700082009	-0.05085574572127147	-0.04971475142624294	10594338
2021-02-23	0.021097770154373998	-0.010291595197255478	0.038421955403087515	-0.01749571183533441	0.021097770154373998	7883884
2021-02-24	-0.03578027885099954	0.0058793885435914905	0.04787502099781625	-0.042499580043675475	-0.03578027885099954	9690745
2021-02-25	0.0534843205574913	0.0031358885017421555	0.0792682926829269	-0.005226480836236885	0.0534843205574913	12446730
2021-02-26	-0.06978667107656687	-0.025963287580618492	-0.025963287580618492	-0.0739209525384488	-0.06978667107656687	10393379
2021-03-01	0.03128888888888885	0.009422222222222243	0.03360000000000001	-0.000711111111111096	0.03128888888888885	6427334
2021-03-02	-0.009136355800724033	-0.00017238407171173956	0.025512842613342596	-0.029477676262713342	-0.009136355800724033	7119183
2021-03-03	0.00034794711203902447	-0.01704940848990948	0.006437021572721026	-0.028183716075156535	0.00034794711203902447	6836504
2021-03-04	-0.024347826086956497	-0.01391304347826082	-0.0060869565217391555	-0.050434782608695626	-0.024347826086956497	6870073
2021-03-05	-0.031194295900178252	-0.019073083778966136	-0.007130124777183575	-0.05151515151515152	-0.031194295900178252	7791651
2021-03-08	-0.07525298988040484	0.006807727690892317	0.03790248390064389	-0.07893284268629253	-0.07525298988040484	11671543
2021-03-09	-0.0296458416235574	0.014723438121766852	0.02009550338241156	-0.06008754476721043	-0.0296458416235574	10021719
2021-03-10	-0.021939717039163423	0.011277424646298896	0.02522042239081396	-0.024400246052901472	-0.021939717039163423	7945495
2021-03-11	0.023480083857442293	0.0	0.036897274633123645	-0.007337526205450763	0.023480083857442293	7113664
2021-03-12	0.018025399426464615	0.006759524784924176	0.021917247029905784	-0.0040966816878329135	0.018025399426464615	5233511
2021-03-15	-0.030583501006036278	-0.011066398390342137	-0.0070422535211267885	-0.03621730382293771	-0.030583501006036278	4709391
2021-03-16	-0.010792860107928666	-0.00415110004151106	0.007679535076795298	-0.03694479036944793	-0.010792860107928666	4701678
2021-03-17	0.02811582039446084	0.003986571548468419	0.0415442719261436	-0.0060847671002937295	0.02811582039446084	5739662
2021-03-18	0.004081632653061282	0.003061224489795889	0.027142857142857107	-0.00836734693877544	0.004081632653061282	4139448
2021-03-19	0.0010162601626015682	-0.022154471544715514	0.01626016260162596	-0.03272357723577234	0.0010162601626015682	7271036
2021-03-22	0.028426395939086267	-0.009949238578680243	0.03248730964467008	-0.01015228426395939	0.028426395939086267	6072850
2021-03-23	0.03257650542941754	0.01105626850937813	0.05212240868706813	0.010858835143139275	0.03257650542941754	9545812
2021-03-24	-0.009560229445506692	-0.021032504780114616	0.00535372848948377	-0.024856596558317345	-0.009560229445506692	6107723
2021-03-25	0.0055984555984557195	-0.0028957528957528683	0.007915057915057987	-0.008687258687258606	0.0055984555984557195	3456452
2021-03-26	0.027068535227490816	-0.0003839508542907108	0.027068535227490816	-0.011134574774428975	0.027068535227490816	6299540
2021-03-29	0.03551401869158876	0.011962616822429916	0.04130841121495329	0.0022429906542055598	0.03551401869158876	10361211
2021-03-30	0.017148014440433266	-0.0036101083032490204	0.01895306859205784	-0.017870036101083068	0.017148014440433266	6933883
2021-03-31	-0.031055900621118012	-0.0044365572315882874	-0.0028393966282165696	-0.03886424134871348	-0.031055900621118012	4620196
2021-04-01	-0.005311355311355296	0.0009157509157508637	0.025274725274725192	-0.0073260073260073	-0.005311355311355296	3190816
2021-04-02	0.014730252255569823	-0.00018412815319471764	0.028908120051555887	-0.005523844595838782	0.014730252255569823	4278719
2021-04-06	-0.0012701868989294192	0.011250226819089049	0.019960079840319386	-0.011976047904191555	-0.0012701868989294192	4522269
2021-04-07	-0.017441860465116296	-0.004178779069767385	0.0	-0.03651889534883718	-0.017441860465116296	3443845
2021-04-08	0.004068047337278086	-0.010539940828402372	0.010724852071005885	-0.014423076923076945	0.004068047337278086	3505368
2021-04-09	0.03904235727440156	0.033149171270718314	0.0821362799263352	0.029465930018416235	0.03904235727440156	15122011
2021-04-12	-0.0999645515774548	-0.017724211272598368	-0.01222970577809296	-0.0999645515774548	-0.0999645515774548	14060847
2021-04-13	0.00452934226073251	-0.015163450177235194	0.026585269791256427	-0.03741630563213861	0.00452934226073251	9517655
2021-04-14	0.05567535777298576	-0.0027445598902176155	0.0658694373652225	-0.004508919819643146	0.05567535777298576	6965067
2021-04-15	-0.027483751160631457	-0.000742804085422454	-0.000742804085422454	-0.04196843082636951	-0.027483751160631457	4619052
2021-04-16	-0.0194767996944815	-0.0034370822990261547	0.000572847049837715	-0.035707466106549506	-0.0194767996944815	5262094
2021-04-19	0.015774099318403022	-0.008179162609542389	0.02999026290165529	-0.012658227848101238	0.015774099318403022	5252189
2021-04-20	0.0028757668711657533	-0.010161042944785162	0.020897239263803748	-0.012461656441717765	0.0028757668711657533	3617847
2021-04-21	-0.01548461097304535	-0.0015293442936342076	0.009367233798508791	-0.019307971707130663	-0.01548461097304535	3974467
2021-04-22	-0.02912621359223301	0.008543689320388305	0.008543689320388305	-0.03378640776699033	-0.02912621359223301	10704334
2021-04-23	-0.007600000000000051	0.007800000000000012	0.014599999999999938	-0.01760000000000005	-0.007600000000000051	6924085
2021-04-26	-0.006449012494961715	0.0016122531237405362	0.03184199919387355	-0.008665860540104792	-0.006449012494961715	5811142
2021-04-27	0.0016227180527384464	0.0	0.023326572008113708	-0.005070993914807302	0.0016227180527384464	4200295
2021-04-28	0.004657756176589649	-0.0036452004860267257	0.017820980153908372	-0.0076954232482787065	0.004657756176589649	6312271
2021-04-29	0.0042330175367869555	0.0004031445273131048	0.01914936504736954	0.0	0.0042330175367869555	5452545
2021-04-30	-0.029104777197912542	0.0016057808109192753	0.007025291047772007	-0.05258932155760734	-0.029104777197912542	13231378
2021-05-06	0.0006202191440976047	-0.0031010957204878767	0.01922679346702501	-0.010543725449658838	0.0006202191440976047	7815859
2021-05-07	-0.020454545454545496	0.004545454545454522	0.019214876033057847	-0.025826446280991736	-0.020454545454545496	5474117
2021-05-10	-0.020037966673697442	0.009491668424383102	0.009491668424383102	-0.03332630246783376	-0.020037966673697442	5869642
2021-05-11	0.026043908738699974	-0.006026689625484312	0.03293155402496774	-0.020447696943607464	0.026043908738699974	6880347
2021-05-12	-0.011118103629116869	-0.00020977554017212325	0.0025173064820641377	-0.027480595762534137	-0.011118103629116869	3375312
2021-05-13	-0.013576580398812061	-0.004879083580823165	0.0046669495120916175	-0.021849809079338166	-0.013576580398812061	4001343
2021-05-14	0.05956989247311835	-0.0015053763440860276	0.06301075268817204	-0.004086021505376295	0.05956989247311835	8726204
2021-05-17	0.008727420336919011	0.006900750964075427	0.04038968946620651	0.003856302009336264	0.008727420336919011	9529714
2021-05-18	0.013279678068410393	-0.0040241448692153485	0.03219315895372222	-0.02213279678068413	0.013279678068410393	5308022
2021-05-19	-0.007148530579825247	0.0009928514694201183	0.01171564733915813	-0.011715647339157989	-0.007148530579825247	3292674
2021-05-20	0.01819999999999993	-0.002600000000000051	0.025999999999999943	-0.01	0.01819999999999993	5343110
2021-05-21	0.0023571007660578383	0.0033392260852485116	0.011589078766450666	-0.025142408171282542	0.0023571007660578383	5146259
2021-05-24	0.023711542230060764	0.006270821085635906	0.026063100137174177	-0.015481089555163613	0.023711542230060764	7113793
2021-05-25	0.03330781010719745	0.0011485451761101678	0.04479326186830008	-0.0034456355283307752	0.03330781010719745	9887387
2021-05-26	-0.020007410151908083	0.0025935531678399513	0.018895887365691057	-0.025194516487587987	-0.020007410151908083	7486246
2021-05-27	-0.004158790170132304	-0.0007561436672967703	0.005293005671077526	-0.014744801512287357	-0.004158790170132304	5825753
2021-05-28	0.010630220197418418	-0.0001898253606681475	0.019741837509491253	-0.008921791951404686	0.010630220197418418	6185169
2021-05-31	0.07024793388429743	0.0009391435011269187	0.07024793388429743	-0.006386175807663475	0.07024793388429743	11217982
2021-06-01	-0.009301509301509197	-0.0008775008775008277	0.0075465075465075415	-0.019656019656019614	-0.009301509301509197	9667613
2021-06-02	-0.013640389725420782	0.0	0.00938883968113364	-0.023914968999114286	-0.013640389725420782	4633665
2021-06-03	-0.0272988505747127	0.0	0.0	-0.02783764367816087	-0.0272988505747127	4306215
2021-06-04	0.031757754800590954	-0.0036927621861151355	0.03692762186115214	-0.011816838995568565	0.031757754800590954	6328003
2021-06-07	0.008947745168217608	0.024516821760916203	0.06263421617752327	-0.0003579098067287603	0.008947745168217608	11629332
2021-06-08	-0.020397304008513757	0.0010642071656614964	0.0010642071656614964	-0.03777935438098621	-0.020397304008513757	7369752
2021-06-09	0.03512583740720632	0.01412275936990768	0.045989498460981465	0.01412275936990768	0.03512583740720632	8421947
2021-06-10	-0.003848172118243814	-0.00297358754591572	0.0073465104075564405	-0.013468602413853474	-0.003848172118243814	6580118
2021-06-11	-0.06057945566286221	0.00017559262510971044	0.004214223002633799	-0.07462686567164178	-0.06057945566286221	17059844
2021-06-15	-0.006915887850467242	-0.009345794392523364	0.01252336448598134	-0.013457943925233624	-0.006915887850467242	7393572
2021-06-16	-0.011481272350837558	0.0013175230566534967	0.015433841520798047	-0.017316017316017347	-0.011481272350837558	5590194
2021-06-17	0.03293983244478288	0.0007616146230007454	0.033891850723533776	0.0007616146230007454	0.03293983244478288	6549813
2021-06-18	0.04737327188940093	-0.004792626728110563	0.06230414746543784	-0.006820276497695806	0.04737327188940093	11376721
2021-06-21	0.07356564589933122	-0.007391763463569196	0.07990144315381906	-0.010911650827173486	0.07356564589933122	15990573
2021-06-22	-0.00573770491803281	0.01147540983606562	0.037049180327868816	-0.014426229508196763	-0.00573770491803281	15259304
2021-06-23	-0.005111294311623993	-0.00016488046166525987	0.018961253091508635	-0.01599340478153337	-0.005111294311623993	10240610
2021-06-24	-0.026184951939012352	-0.0006629101756713002	0.003977461054027094	-0.033808418959231125	-0.026184951939012352	7855978
2021-06-25	0.010721579305650146	0.007488087134104916	0.01514635806671206	-0.01701837985023826	0.010721579305650146	7083486
2021-06-28	0.0065667620811584535	-0.0028624347533255045	0.015322444856036312	-0.01666947297524839	0.0065667620811584535	8531396
2021-06-29	-0.0197390431582469	0.0036801605888256753	0.0070257611241218085	-0.04934760789561731	-0.0197390431582469	10012124
2021-06-30	0.042150170648464144	-0.0011945392491467626	0.046245733788395915	-0.0025597269624573135	0.042150170648464144	9433079
2021-07-01	-0.0307843458326511	-0.00032749304077293477	0.0013099721630915064	-0.03373178319960705	-0.0307843458326511	6181767
2021-07-02	-0.018246325392802812	-0.0037168440614968553	0.004054738976178442	-0.0329447541814495	-0.018246325392802812	7131973
2021-07-05	-0.003613835828600944	0.0	0.016176217518499358	-0.013939081053175052	-0.003613835828600944	6833449
2021-07-06	-0.01295336787564767	0.0003454231433506585	0.01692573402417969	-0.034887737478410986	-0.01295336787564767	10948767
2021-07-07	0.09168853893263346	-0.009448818897637781	0.100087489063867	-0.011198600174978137	0.09168853893263346	17933201
2021-07-08	0.051290270876743115	0.0001602820964897902	0.06587594165731687	-0.011700593043757077	0.051290270876743115	20210112
2021-07-09	-0.04467144381765523	-0.0013721603903034518	-0.0012196981247141073	-0.05198963256593998	-0.04467144381765523	13095132
2021-07-12	0.04213214171720397	0.003511011809767092	0.049313756782636504	-0.012607724225981474	0.04213214171720397	12776514
2021-07-13	-0.05252679938744257	-0.01010719754977024	-0.006125574272587924	-0.0626339969372128	-0.05252679938744257	13586956
2021-07-14	0.09730079198319061	-0.008243090350735382	0.09730079198319061	-0.0423468563116211	0.09730079198319061	28284978
2021-07-15	-0.015171601119457962	0.01163647076152609	0.02047429665635588	-0.061275592870820496	-0.015171601119457962	24812004
2021-07-16	0.09183368232126833	0.002243493867783513	0.10005982650314085	0.002243493867783513	0.09183368232126833	24632656
2021-07-19	0.02054794520547945	0.013835616438356235	0.08904109589041095	0.010273972602739725	0.02054794520547945	23583959
2021-07-20	0.05060402684563753	0.0	0.08187919463087241	-0.013422818791946308	0.05060402684563753	16368330
2021-07-21	0.004343937651718454	0.0011498658489843287	0.028491120480388453	-0.015203781781014409	0.004343937651718454	12538812
2021-07-22	0.013865920366365646	0.012593817580460437	0.015138023152270674	-0.020099224017300577	0.013865920366365646	10077981
2021-07-23	-0.008782936010037677	-0.004767879548306269	0.0012547051442910202	-0.03387703889585951	-0.008782936010037677	12172650
2021-07-26	0.057594936708860726	0.012658227848101266	0.10000000000000007	0.012658227848101266	0.057594936708860726	22984597
2021-07-27	-0.05326152004787556	-0.010532615200478702	0.03255535607420705	-0.06391382405745068	-0.05326152004787556	18362103
2021-07-28	0.01137800252844508	0.00012642225031612032	0.045385587863464014	-0.04930467762326159	0.01137800252844508	14280903
2021-07-29	0.046250000000000034	0.03725000000000005	0.06512499999999992	0.008249999999999957	0.046250000000000034	14310647
2021-07-30	-0.019952210274790938	0.0	0.0007168458781362278	-0.053046594982078824	-0.019952210274790938	11454148
2021-08-02	0.04803120809459951	0.002194319151529838	0.04803120809459951	-0.011337315616238046	0.04803120809459951	12140109
2021-08-03	-0.017447946958241246	-0.007211818076073102	0.03384901709898798	-0.028498313365127405	-0.017447946958241246	10374066
2021-08-04	0.049721794720018975	-0.015390079318101067	0.05315496626021066	-0.018823250858292926	0.049721794720018975	8434462
2021-08-05	0.05458441411976997	0.0	0.06687718506823043	-0.023570542460809783	0.05458441411976997	11917776
2021-08-06	0.0007485830392470664	-0.0006416426050690009	0.042562292802908665	-0.03753609239653518	0.0007485830392470664	10059555
2021-08-09	-0.045843128873690873	0.01517418251763199	0.023723017738833074	-0.06101731139132287	-0.045843128873690873	13530850
2021-08-10	0.030350543173927578	-0.002239892485160744	0.048157688430955276	-0.0073916452010304706	0.030350543173927578	11507653
2021-08-11	0.02673913043478254	-0.010869565217391304	0.03891304347826085	-0.021195652173913074	0.02673913043478254	8402121
2021-08-12	-0.02710141858987919	-0.018738090196908704	0.018208765615075305	-0.03789964005928434	-0.02710141858987919	9286232
2021-08-13	0.016648531011969545	-0.009793253536452728	0.0391730141458106	-0.03035908596300333	0.016648531011969545	7864966
2021-08-16	-0.04420421706090131	-0.016268864390452855	0.004816440115594441	-0.053944129294659166	-0.04420421706090131	9601812
2021-08-17	-0.008958566629339275	-0.011198208286674132	0.03393057110862263	-0.02004479283314661	-0.008958566629339275	8550746
2021-08-18	0.005875706214689221	-0.006892655367231632	0.048587570621468894	-0.013559322033898338	0.005875706214689221	8403044
2021-08-19	0.05481914176589542	-0.006852392720736907	0.07706133453156594	-0.012019770838013854	0.05481914176589542	11659913
2021-08-20	0.04536741214057498	-0.00436634717784889	0.08359957401490942	-0.010223642172524045	0.04536741214057498	12783915
2021-08-23	0.04217603911980441	0.006112469437652899	0.07467400162999184	-0.016911165444172746	0.04217603911980441	13706971
2021-08-24	-0.015347018572824958	-0.061583577712609944	0.012316715542522045	-0.09970674486803523	-0.015347018572824958	21475478
2021-08-25	-0.014295641814752284	-0.0024818822595056088	0.027201429564181423	-0.027399980144941972	-0.014295641814752284	8335067
2021-08-26	-0.021150166179877212	-0.01299224493906744	0.0021150166179876497	-0.04038674589586066	-0.021150166179877212	8608099
2021-08-27	0.009363103199917653	0.0	0.01810885893610459	-0.031381829406317494	0.009363103199917653	6528536
2021-08-30	0.10000000000000003	0.03292558613659535	0.10000000000000003	0.014271151885830844	0.10000000000000003	12095304
2021-08-31	0.06412751366879808	0.019460661662496603	0.08108609026040219	0.011769066814938469	0.06412751366879808	15668421
2021-09-01	-0.09997387442306022	-0.007315161543150774	-0.007315161543150774	-0.09997387442306022	-0.09997387442306022	12614841
2021-09-02	0.010256410256410279	-0.021286889211417404	0.032220609579100265	-0.022738268021286836	0.010256410256410279	8590712
2021-09-03	-0.06177569198352651	-0.009290297864189244	-0.0010535389330523842	-0.09999042237333587	-0.06177569198352651	15256405
2021-09-06	0.0356267864434464	-0.013883217639852997	0.048387096774193644	-0.025112290730910515	0.0356267864434464	8651350
2021-09-07	0.009857072449482503	0.004337111877772279	0.03489403647116798	0.00344997535731882	0.009857072449482503	5931506
2021-09-08	-0.042459736456808284	-0.004392386530014669	-9.760858955593085e-05	-0.04734016593460233	-0.042459736456808284	9670150
2021-09-09	-0.023649337410805233	0.009072375127421005	0.011111111111111146	-0.06207951070336381	-0.023649337410805233	14103682
2021-09-10	0.00647316767592404	0.000104405930256892	0.029233660471914776	-0.022760492795990885	0.00647316767592404	7375920
2021-09-13	-0.03288381742738591	-0.00829875518672211	0.0	-0.060580912863070574	-0.03288381742738591	8441327
2021-09-14	-0.030462297543709143	0.011798777217633748	0.018770781937144695	-0.051485573313311134	-0.030462297543709143	11292601
2021-09-15	0.010952538997676677	-0.0009956853634251954	0.023232658479920284	-0.03075561455913266	0.010952538997676677	7900501
2021-09-16	-0.032611074633398886	0.0021886627270737893	0.0021886627270737893	-0.06927117531188443	-0.032611074633398886	12946507
2021-09-17	-0.000791855203619993	-0.013574660633484194	0.010067873303167427	-0.04400452488687783	-0.000791855203619993	7960017
2021-09-22	0.028642590286425917	-0.0229819993207291	0.05728518057285183	-0.028642590286425917	0.028642590286425917	8034873
2021-09-23	0.0011005943209332414	-0.00935505172793302	0.01001540832049303	-0.033678186220559125	0.0011005943209332414	7450751
2021-09-24	0.035949868073878746	-0.005057167985927812	0.06156552330694821	-0.015391380826736934	0.035949868073878746	9640884
2021-09-27	-0.038522763451130315	-0.004987795818741365	0.013477661042130913	-0.05720046694258729	-0.038522763451130315	10480798
2021-09-28	0.10000000000000003	0.008719646799117067	0.10000000000000003	0.0037527593818984925	0.10000000000000003	12350727
2021-09-29	-0.0278948424643789	0.00471603451735901	0.0282962071041542	-0.04946819185229774	-0.0278948424643789	12004042
2021-09-30	0.034475639966969486	0.0012386457473163145	0.059042113955408745	-0.013728323699421948	0.034475639966969486	8706189
2021-10-08	-0.0424067052484534	0.01776092596288167	0.01776092596288167	-0.08012372779884255	-0.0424067052484534	8918764
2021-10-11	0.017505470459518672	0.010732520579347725	0.040429300823173864	-0.0245910180264666	0.017505470459518672	6211849
2021-10-12	0.01300563236047103	-0.0005120327700974027	0.03533026113671263	-0.017204301075268887	0.01300563236047103	7281497
2021-10-13	0.03113627173473512	0.0	0.042054185200161714	-0.02941771128184388	0.03113627173473512	4919540
2021-10-14	0.019509803921568578	0.03431372549019608	0.06372549019607843	0.001274509803921524	0.019509803921568578	10104798
2021-10-15	0.021348206558322907	-0.0076930474084046276	0.030772189633618646	-0.021925185113953277	0.021348206558322907	8221002
2021-10-18	-0.017700781470671268	0.0	0.025327181997928747	-0.04387534130496184	-0.017700781470671268	6971756
2021-10-19	-0.0010543467842423027	-9.584970765844067e-05	0.00929742164286398	-0.02712546726732482	-0.0010543467842423027	5739658
2021-10-20	0.01228171176357706	-0.004989445403953138	0.03617347917866049	-0.011993859144118211	0.01228171176357706	6042237
2021-10-21	-0.029383886255924117	-0.0007582938388625431	0.003601895734597113	-0.036303317535545006	-0.029383886255924117	4525544
2021-10-22	0.025195312499999983	0.0095703124999999	0.030078124999999983	0.002050781249999939	0.025195312499999983	4784275
2021-10-25	0.011335492474757075	0.009716136406934616	0.026671746999428435	-0.020384835206706045	0.011335492474757075	5146188
2021-10-26	-0.020062164453235335	-0.0002825656965244526	0.013468964867664995	-0.020062164453235335	-0.020062164453235335	4853009
2021-10-27	0.031334102268358234	0.01739715494040742	0.06564782775855438	0.014033064206074525	0.031334102268358234	7480653
2021-10-28	-0.04082013047530285	-0.011276794035414667	0.02348555452003724	-0.04305684995340159	-0.04082013047530285	5224454
2021-10-29	0.006607073455110694	-0.00048581422464046985	0.014963078118927244	-0.02837155071900507	0.006607073455110694	6386314
2021-11-01	0.06003861003861003	-0.00019305019305015464	0.07886100386100388	-0.022586872586872486	0.06003861003861003	7178735
2021-11-02	0.007102531415042808	0.017027863777089827	0.04261518849025685	-0.012019668548533903	0.007102531415042808	7497344
2021-11-03	-0.010307414104882465	-0.007956600361663612	0.0035262206148282153	-0.042947558770343584	-0.010307414104882465	5166016
2021-11-04	0.04010597478530971	-0.004111090809427998	0.04165905353553812	-0.009683902795541642	0.04010597478530971	5920192
2021-11-05	-0.024505928853754872	-0.007465963987703069	0.010891523935002277	-0.041194554238032484	-0.024505928853754872	5070635
2021-11-08	0.007383396362326608	-0.0005402485143166061	0.01854853232486946	-0.027462632811093075	0.007383396362326608	4761580
2021-11-09	0.018770110833035474	0.005541651769753348	0.04272434751519486	-0.014837325706113662	0.018770110833035474	5664744
2021-11-10	0.010966836287067907	-0.000701877522372331	0.0307948762940866	-0.007194244604316611	0.010966836287067907	4687877
2021-11-11	0.007810466024472719	-0.00807081489195528	0.025600971969105293	-0.02568775492493281	0.007810466024472719	4230756
2021-11-12	0.0555412038233015	0.0003444415740980475	0.06664944458796185	-0.007663825023680363	0.0555412038233015	6390513
2021-11-15	-0.012563224016968445	0.00970794583129383	0.021373796704193218	-0.03010279001468427	-0.012563224016968445	5040343
2021-11-16	-0.07642101784534037	0.0	0.02437210839391927	-0.08303040317250504	-0.07642101784534037	10234162
2021-11-17	0.027014938724393915	-0.0059933804454781435	0.03515520171750597	-0.02674657840593979	0.027014938724393915	6517332
2021-11-18	0.018900792613883822	-0.004703423046772984	0.03214005748628166	-0.019162093894260105	0.018900792613883822	5063130
2021-11-19	-0.03812617541460085	-0.00812104633270647	0.004274234911950761	-0.059668319370832654	-0.03812617541460085	8822136
2021-11-22	0.01315321720583011	-0.0056878777106292265	0.021596160682545388	-0.009065055101315287	0.01315321720583011	5879667
2021-11-23	-0.012192982456140356	0.001929824561403499	0.03508771929824561	-0.015964912280701696	-0.012192982456140356	5200241
2021-11-24	-0.03481040760145637	0.0016872391439481194	0.00586093597371456	-0.03738566734748241	-0.03481040760145637	5901326
2021-11-25	-0.008280430582390206	-0.0008280430582390598	0.022081148219707476	-0.015548808538043957	-0.008280430582390206	6401852
2021-11-26	0.013080990815474501	0.0019482326746450853	0.024028202987289998	-0.008256795621115136	0.013080990815474501	3662090
2021-11-29	0.0445054945054945	-0.006410256410256436	0.05906593406593409	-0.012271062271062302	0.0445054945054945	6405291
2021-11-30	0.06110818867262843	0.00824127652112921	0.06110818867262843	0.00043836577240046604	0.06110818867262843	9800235
2021-12-01	-0.05973725522597706	-0.016690076840452747	-0.015863835412707607	-0.06882591093117407	-0.05973725522597706	7575872
2021-12-02	-0.007029876977152875	-0.015817223198594	0.005711775043936781	-0.0193321616871705	-0.007029876977152875	4090820
2021-12-03	0.024867256637168163	0.0	0.025840707964601785	-0.013716814159292011	0.024867256637168163	4727942
2021-12-06	0.004317416457991538	-0.0018996632415162668	0.017183317502806276	-0.017960452465244782	0.004317416457991538	3745814
2021-12-07	-0.040409251139196994	0.001633565471584539	0.00851173587825634	-0.05081248387928808	-0.040409251139196994	4362662
2021-12-08	0.0348535077502016	0.007974195860585974	0.039333393065137535	0.0014335633007794696	0.0348535077502016	3969389
2021-12-09	0.02051948051948056	0.0002597402597402696	0.023809523809523808	-0.016623376623376637	0.02051948051948056	5297904
2021-12-10	-0.020785611266649722	-0.009077797573598095	0.0011029099855772923	-0.03639602952405197	-0.020785611266649722	8331478
2021-12-13	-0.024605787558482094	-8.6640097036953e-05	0.004938485531103736	-0.046265811817709265	-0.024605787558482094	8644543
2021-12-14	0.0209628708473974	-0.0006217800675074896	0.03410907798898564	-0.005151891987919687	0.0209628708473974	5633486
2021-12-15	-0.012528275622063666	-0.0003480076561683665	0.006612145467200323	-0.02122846702627456	-0.012528275622063666	3720363
2021-12-16	0.013215859030837005	0.004317180616740043	0.03524229074889868	0.004317180616740043	0.013215859030837005	3855061
2021-12-17	-0.02608695652173913	0.0007826086956522036	0.005217391304347777	-0.030260869565217424	-0.02608695652173913	3225961
2021-12-20	-0.020714285714285654	-0.012946428571428597	0.0043749999999999544	-0.024285714285714275	-0.020714285714285654	3713566
2021-12-21	-0.010758570386579201	-0.006108679795769526	0.019146608315098415	-0.02169948942377835	-0.010758570386579201	2730596
2021-12-22	0.005529953917050639	-0.007465437788018454	0.02304147465437788	-0.041474654377880185	0.005529953917050639	5623940
2021-12-23	0.06801099908340974	-0.005499541704857877	0.07516040329972505	-0.009990834097158471	0.06801099908340974	8710456
2021-12-24	0.01407483693786475	0.0	0.020254033642293164	-0.007723995880535457	0.01407483693786475	5298733
2021-12-27	0.04350033852403521	0.007109004739336522	0.07481381178063645	0.003639133378469929	0.04350033852403521	8272691
2021-12-28	0.012165450121654502	0.0	0.013300892133008927	-0.01865369018653688	0.012165450121654502	4156524
2021-12-29	-0.004807692307692262	-0.010016025641025642	0.016666666666666653	-0.01626602564102565	-0.004807692307692262	5054858
2021-12-30	0.012479871175523327	0.00016103059581317248	0.021578099838969345	-0.007326892109500777	0.012479871175523327	4267591
2021-12-31	-0.011689860834990051	0.0	0.008906560636182939	-0.017017892644135193	-0.011689860834990051	3194381
2022-01-04	-0.053347280334728	-0.002413904087544232	0.0027357579658835165	-0.06662375281622145	-0.053347280334728	5817268
2022-01-05	-0.026434339141521455	-0.0006799830004250956	0.014109647258818499	-0.04224394390140245	-0.026434339141521455	6674866
2022-01-06	-0.01606425702811248	-0.006373319364414213	0.001134974681333992	-0.03090623363017292	-0.01606425702811248	5364585
2022-01-07	0.03788819875776394	0.009316770186335378	0.07187222715173021	0.002573203194321136	0.03788819875776394	6264967
2022-01-10	-0.01923570146191331	-0.01128494485765575	-0.002479268188424314	-0.050867743865948556	-0.01923570146191331	4829957
2022-01-11	-0.023099721059972156	0.0040097629009763595	0.01708507670850774	-0.038354253835425435	-0.023099721059972156	5475724
2022-01-12	0.006959935754439201	-0.008566074774694333	0.012670652270902132	-0.011332203087356081	0.006959935754439201	3490124
2022-01-13	-0.00487372618520157	-0.0024811696942844586	0.014621178555604837	-0.03704031900753206	-0.00487372618520157	3974624
2022-01-14	0.027693677649154046	8.904719501340263e-05	0.04701691896705255	-0.004452359750667854	0.027693677649154046	5191353
2022-01-17	0.019235768131011168	0.0032059613551685693	0.029373537821679237	-0.011957369378736638	0.019235768131011168	4309750
2022-01-18	0.03655530051857529	-0.0002550369803621622	0.04191107710618046	-0.017852588625350628	0.03655530051857529	8371026
2022-01-19	0.010661855162798302	-0.018043139506274113	0.06995817272205364	-0.018043139506274113	0.010661855162798302	9297228
2022-01-20	0.014363385539235543	0.010955124563823698	0.05234115069382458	0.0029213665503529935	0.014363385539235543	9094681
2022-01-21	-0.038399999999999976	-0.016	-0.016	-0.05848000000000002	-0.038399999999999976	6750789
2022-01-24	-0.008985024958402648	0.014975041597337747	0.040515806988352665	-0.04351081530782033	-0.008985024958402648	7347759
2022-01-25	-0.005036937541974551	0.0060443250503693655	0.04936198791134986	-0.010577568838146449	-0.005036937541974551	6721813
2022-01-26	-0.027759028012149783	-0.006159298008774804	0.00801552480593995	-0.035858926763415455	-0.027759028012149783	5986938
2022-01-27	-0.006855853510370618	0.001475310249067098	0.0379241516966067	-0.008244380803610195	-0.006855853510370618	4375886
2022-01-28	-0.020796924152394227	0.01380636141209366	0.01380636141209366	-0.04299196085284867	-0.020796924152394227	5039130
2022-02-07	-0.021327860074959848	0.021774049616276974	0.043905050865607725	-0.03176869534178121	-0.021327860074959848	5623703
2022-02-08	-0.028631348591228234	0.0006382784717789111	0.0006382784717789111	-0.054709583295340564	-0.028631348591228234	6444801
2022-02-09	0.028724303013235728	-0.0002816108138552627	0.03689101661503795	-0.03125880033793296	0.028724303013235728	6281546
2022-02-10	-0.01615110867779916	0.004836207683182782	0.016151108677799033	-0.021808559175107222	-0.01615110867779916	3734730
2022-02-11	-0.0016694490818029365	-0.007512520868113413	0.011778890743832409	-0.022073826748284137	-0.0016694490818029365	3575113
2022-02-14	0.0039947974730582736	-0.014492753623188427	0.02935711631363802	-0.014492753623188427	0.0039947974730582736	4183042
2022-02-15	0.02563153511612853	9.253261774780343e-05	0.027112057000092598	-0.012676968631442494	0.02563153511612853	3899112
2022-02-16	-0.0058643089137496	-0.0075784915193071395	0.013893901118729629	-0.010645976181883858	-0.0058643089137496	2560076
2022-02-17	-0.009710500045376106	0.005535892549233138	0.008258462655413346	-0.030129775841727862	-0.009710500045376106	4958253
2022-02-18	0.007148093841642239	0.0009164222873899772	0.012646627565982362	-0.00998900293255135	0.007148093841642239	2255017
2022-02-21	-0.019381255686988258	9.09918107369509e-05	0.014558689717925333	-0.02575068243858064	-0.019381255686988258	2826451
2022-02-22	-0.005567412081284164	0.0005567412081284428	0.008443908323281162	-0.029878444836225284	-0.005567412081284164	3677027
2022-02-23	0.07492768498647011	0.00027992908463190386	0.08565829989735926	-0.0023327423719324437	0.07492768498647011	8690603
2022-02-24	-0.005902777777777837	8.68055555554766e-05	0.013020833333333332	-0.01631944444444453	-0.005902777777777837	5896932
2022-02-25	0.003230876702759383	0.004191407614390534	0.017551519385260263	-0.007509605309116307	0.003230876702759383	3945935
2022-02-28	0.019845069196622867	0.009487335712420606	0.03046392201235965	-0.0023500739838105667	0.019845069196622867	6452140
2022-03-01	0.009388068618246943	0.0	0.01476487155415212	-0.015447640180933706	0.009388068618246943	4298674
2022-03-02	-0.0005918660691637201	0.0061723175784222884	0.0061723175784222884	-0.01741777289253405	-0.0005918660691637201	2711045
2022-03-03	-0.02834179357022004	0.0	0.005076142131979647	-0.037394247038917104	-0.02834179357022004	4359717
2022-03-04	-0.0030474531998258103	-0.006443186765346059	0.028820200261210297	-0.01175446234218541	-0.0030474531998258103	3984804
2022-03-07	-0.014410480349345028	-0.003493449781659438	0.005327510917030562	-0.024454148471615696	-0.014410480349345028	3761128
2022-03-08	-0.05307930881701369	-0.000886132033672967	0.013380593708462608	-0.06016836508639781	-0.05307930881701369	5136323
2022-03-09	-0.017312371326969812	0.001310125397716644	0.012165450121654474	-0.0685008422234699	-0.017312371326969812	7709360
2022-03-10	0.04304351966479379	0.024664317684029987	0.06656508903913907	0.00799923816779344	0.04304351966479379	6198303
2022-03-11	-0.022003104172372834	-0.0150643659271433	-0.008947320368848754	-0.05587510271158591	-0.022003104172372834	4758476
2022-03-14	-0.0011202389843166967	-0.015870052277819294	0.016150112023898336	-0.024458551157580326	-0.0011202389843166967	4836060
2022-03-15	-0.04168224299065415	-0.01224299065420563	0.00841121495327108	-0.04672897196261682	-0.04168224299065415	5088707
2022-03-16	0.02340550029256867	0.01960210649502624	0.02613614199336837	-0.035498342110395945	0.02340550029256867	7188934
2022-03-17	0.03249475890985322	0.0015246807699637564	0.05660377358490564	0.0015246807699637564	0.03249475890985322	5401953
2022-03-18	0.007844946931241426	-0.005999077065066834	0.007844946931241426	-0.09995385325334563	0.007844946931241426	13717132
2022-03-21	-0.0006410256410257087	-0.019963369963370024	0.008333333333333302	-0.04871794871794879	-0.0006410256410257087	6638838
2022-03-22	0.017135526436360345	0.008613580133785373	0.017135526436360345	-0.009346650783469222	0.017135526436360345	4279246
2022-03-23	0.036036036036036036	-0.00045045045045042487	0.03783783783783786	-0.016126126126126183	0.036036036036036036	4728150
2022-03-24	-0.0042608695652173465	-0.003913043478260894	0.004347826086956522	-0.014956521739130426	-0.0042608695652173465	2780471
2022-03-25	-0.01842633831106453	0.0	0.016068465636188883	-0.019386953104532343	-0.01842633831106453	3373785
2022-03-28	-0.02366548042704636	-0.00453736654804275	0.003113879003558668	-0.03309608540925266	-0.02366548042704636	3242061
2022-03-29	0.04793147439402228	0.002733734281027988	0.07371970111171865	0.002733734281027988	0.04793147439402228	4865446
2022-03-30	0.001565217391304407	0.008695652173913044	0.01913043478260872	-0.0053043478260869515	0.001565217391304407	3754914
2022-03-31	-0.015454071887480474	-8.682062858139533e-05	0.007119291543670717	-0.041587081090467146	-0.015454071887480474	3380072
2022-04-01	0.0007054673721340238	-0.004673721340388017	0.02451499118165786	-0.010582010582010606	0.0007054673721340238	3216575
2022-04-06	-0.031283045470567476	-0.007754670426506958	-0.004317941487486862	-0.05313711667254142	-0.031283045470567476	4369940
2022-04-07	0.0006367688529063329	0.0006367688529063329	0.023378513599563295	-0.022014008914763954	0.0006367688529063329	3219889
2022-04-08	0.022454545454545446	-0.011818181818181792	0.02727272727272727	-0.011818181818181792	0.022454545454545446	3365250
2022-04-11	-0.05299190895349865	0.0032897661598648934	0.011825375655730401	-0.05601493731661774	-0.05299190895349865	4341988
2022-04-12	0.05248333489813153	0.02027978593559287	0.07248145714017462	0.009388789784996713	0.05248333489813153	7805048
2022-04-13	-0.05084745762711854	-0.018733273862622607	-0.011418376449598583	-0.05441570026761815	-0.05084745762711854	4381621
2022-04-14	-0.02810150375939858	0.006578947368420946	0.0103383458646616	-0.05451127819548882	-0.02810150375939858	4470665
2022-04-15	-0.008703220191470762	-0.0039648003094477965	0.004254907649163502	-0.06121264868001159	-0.008703220191470762	6415818
2022-04-18	0.029753194810262385	-0.018534777094917625	0.03863037752414392	-0.024387864598575747	0.029753194810262385	4696538
2022-04-19	-0.013641530882910171	0.004736642667677151	0.021220159151193584	-0.01648351648351657	-0.013641530882910171	2719204
2022-04-20	-0.03592009220130627	0.009508259700345705	0.013157894736842013	-0.03716865155589708	-0.03592009220130627	3221930
2022-04-21	-0.041641761307033204	-0.006774257820282852	0.007870093644152283	-0.04363419007770468	-0.041641761307033204	3253098
2022-04-22	-0.013513513513513483	-0.001039501039501128	0.00821205821205813	-0.030041580041580047	-0.013513513513513483	3461024
2022-04-25	-0.04952581664910435	-0.010221285563751304	-0.0053740779768177566	-0.05005268703898841	-0.04952581664910435	4046127
2022-04-26	-0.018847006651884733	-0.001219512195121945	0.03104212860310418	-0.03536585365853656	-0.018847006651884733	5724781
2022-04-27	0.07807909604519771	-0.022598870056497175	0.08451977401129948	-0.03389830508474576	0.07807909604519771	6264364
2022-04-28	0.007231946336861941	-0.014778325123152674	0.01876113614925067	-0.03228173147468817	0.007231946336861941	3903965
2022-04-29	0.1	0.022372528616025036	0.1	0.021852237252861693	0.1	10063966
2022-05-05	0.05297512061299791	0.015135748746570888	0.09374704379907305	0.012203197426922772	0.05297512061299791	10123808
2022-05-06	0.006198903961908164	-0.01087054173030283	0.043931362860479745	-0.020213817267091906	0.006198903961908164	6917570
2022-05-09	0.024553571428571428	0.0	0.03330357142857147	-0.03035714285714291	0.024553571428571428	6815168
2022-05-10	-0.008191721132897584	-0.02361655773420474	0.025272331154684146	-0.02387799564270148	-0.008191721132897584	7709564
2022-05-11	0.013179861172128987	0.009401634302785284	0.03505843071786306	0.001669449081802985	0.013179861172128987	5432718
2022-05-12	0.0032087416529356042	-0.00017344549475323926	0.014656144306651615	-0.012401352874859134	0.0032087416529356042	4096489
2022-05-13	-0.015127939142461962	0.01080567081604426	0.01080567081604426	-0.02005532503457821	-0.015127939142461962	3497773
2022-05-16	0.010445010093917297	0.0015799174931975125	0.03554814359694546	-0.002633195821996062	0.010445010093917297	4403336
2022-05-17	0.031097984711605266	0.0033009034051424205	0.04499652536483663	-0.014072272411396842	0.031097984711605266	5179065
2022-05-18	0.017523167649536632	-0.0034540859309182526	0.028138163437236758	-0.011541701769166003	0.017523167649536632	6549886
2022-05-19	0.011756913396257673	-0.012584865043881404	0.013909587680079423	-0.018794502401059746	0.011756913396257673	4608742
2022-05-20	-0.01857610474631748	0.005073649754500739	0.022913256955810122	-0.035597381342062265	-0.01857610474631748	5178792
2022-05-23	-0.006837321771033164	0.00041690986408736056	0.0005836738097222811	-0.024430918035520777	-0.006837321771033164	4447228
2022-05-24	-0.025270758122743726	8.395600705234755e-05	0.01175384098732269	-0.025270758122743726	-0.025270758122743726	4092202
2022-05-25	-0.004306632213608958	8.613264427222323e-05	0.009646856158484105	-0.022136089577949984	-0.004306632213608958	4157599
2022-05-26	0.015743944636678265	-0.0038927335640137426	0.03624567474048453	-0.01730103806228374	0.015743944636678265	5465427
2022-05-27	0.0036620677908362513	0.0032362459546925178	0.02052461250212908	-0.004343382728666369	0.0036620677908362513	3652416
2022-05-30	0.008909630886720504	-0.002036487059821764	0.011794654221467972	-0.020110309715740265	0.008909630886720504	3351025
2022-05-31	0.0033641715727501386	-0.0011774600504625783	0.007485281749369222	-0.022708158116063942	0.0033641715727501386	3633689
2022-06-01	0.013327745180217968	0.0	0.02632020117351216	-0.002514668901927889	0.013327745180217968	4551013
2022-06-02	0.022665232856315616	-0.01149805608404335	0.033832409628588	-0.01149805608404335	0.022665232856315616	4064508
2022-06-06	-0.007522446008250365	0.0023457089703146994	0.005338510070371357	-0.025317479576154617	-0.007522446008250365	6995933
2022-06-07	0.008964955175224077	0.001303993480032572	0.0190709046454768	-0.033577832110839485	0.008964955175224077	6142729
2022-06-08	0.022374798061389305	0.0008077544426495035	0.05557350565428118	-0.004361873990306882	0.022374798061389305	7577260
2022-06-09	-0.029864896894998712	0.003476337204708951	0.003476337204708951	-0.04558742197993203	-0.029864896894998712	5108506
2022-06-10	0.03428617965632375	-0.0023617558433097667	0.05423894453945746	-0.008062545809919448	0.03428617965632375	9699871
2022-06-13	-0.023622047244094488	-7.874015748035525e-05	0.001102362204724414	-0.06433070866141734	-0.023622047244094488	10534524
2022-06-14	-0.00629032258064517	-0.02024193548387101	0.0008870967741935438	-0.026774193548387042	-0.00629032258064517	5705207
2022-06-15	0.0030839149488718996	0.0075474760590813735	0.038630092517448505	-0.008196721311475452	0.0030839149488718996	8091887
2022-06-16	0.02750809061488678	0.00987055016181229	0.034385113268608415	-0.004692556634304194	0.02750809061488678	5383438
2022-06-17	0.05188976377952759	-0.00015748031496059858	0.05370078740157475	-0.013464566929133809	0.05188976377952759	8153482
2022-06-20	-0.04940489557601623	0.010554682236694337	0.02006138183995813	-0.05681562991241862	-0.04940489557601623	15558708
2022-06-21	-0.020946531222930914	-0.011733207339160523	0.0	-0.036853295535081446	-0.020946531222930914	8175293
2022-06-22	0.0006434488860291023	-0.00265422665487009	0.027668302099251973	-0.006675782192552065	0.0006434488860291023	5459866
2022-06-23	0.09999196206092756	0.00016075878144851887	0.09999196206092756	8.037939072425944e-05	0.09999196206092756	11263587
2022-06-24	0.0137376689806357	0.015272195834855708	0.043697478991596775	-0.0005115089514065998	0.0137376689806357	9286541
2022-06-27	-0.0070640813090174425	0.011389029049232413	0.015353564477762734	-0.02414762488286596	-0.0070640813090174425	6810179
2022-06-28	0.006969147005444704	-0.0010889292196007672	0.013793103448275904	-0.010961887477313909	0.006969147005444704	5295785
2022-06-29	-0.02782784226083205	-0.005118592747458784	0.008579049816163201	-0.03265806358589864	-0.02782784226083205	4803313
2022-06-30	0.00830552465702636	7.41564701521641e-05	0.026325546903967458	-0.003781979977752992	0.00830552465702636	4407939
2022-07-01	-0.006398470250790649	0.00022063690519968476	0.03919982349047593	-0.015297492093844322	-0.006398470250790649	5261306
2022-07-04	0.03478904515173958	0.0014803849000741456	0.04189489267209472	-0.018504811250925242	0.03478904515173958	7332561
2022-07-05	-0.006080114449213324	-0.006366237482117416	-0.0025035765379114645	-0.02575107296137355	-0.006080114449213324	3714870
2022-07-06	-0.019215545160129455	-0.006836991723641516	0.006693055055775508	-0.03317740194314491	-0.019215545160129455	4447829
2022-07-07	0.0264162019371881	0.008952157323158195	0.03294687408277083	0.0007337833871440733	0.0264162019371881	5546929
2022-07-08	-0.04060623391478415	0.0007863883328568319	0.002287675150128633	-0.053974835573348465	-0.04060623391478415	6365723
2022-07-11	-0.023845007451564745	0.005961251862891292	0.005961251862891292	-0.03807749627421748	-0.023845007451564745	5490337
2022-07-12	-0.011450381679389313	0.0	0.022748091603053355	-0.012977099236641134	-0.011450381679389313	5190379
2022-07-13	-0.02965250965250968	0.0037065637065636274	0.008185328185328203	-0.039150579150579096	-0.02965250965250968	6860497
2022-07-14	0.01862167754257523	-0.002387394556740388	0.03851663218207865	-0.002387394556740388	0.01862167754257523	6090090
2022-07-15	-0.017578125	-0.009921874999999969	0.015390624999999991	-0.018281250000000027	-0.017578125	5532601
2022-07-18	-0.028230616302186855	0.0024652087475149284	0.007554671968190877	-0.05296222664015902	-0.028230616302186855	9983956
2022-07-19	0.0025368248772504277	0.0	0.022831423895253618	-0.018985270049099896	0.0025368248772504277	8295641
2022-07-20	0.031670884009468575	0.003918047506325931	0.04473104236388858	-0.008162598971512528	0.031670884009468575	8007466
2022-07-21	-0.024289896352559598	0.0	0.0	-0.03687000553841282	-0.024289896352559598	6599263
2022-07-22	0.008676613687966328	0.0014596172559196144	0.013704184236133734	-0.005838469023678227	0.008676613687966328	4201079
2022-07-25	-0.016560816785915283	0.004903931184178788	0.025002009807862362	-0.02202749417155716	-0.016560816785915283	7133865
2022-07-26	-0.011199215237472448	-0.002697621188588231	0.007847625275893142	-0.019210332706613212	-0.011199215237472448	5241214
2022-07-27	-0.0033895502645502366	-0.001984126984126942	0.019345238095238124	-0.012070105820105769	-0.0033895502645502366	5061837
2022-07-28	0.014267938614682694	0.012028204064703467	0.01990875155537126	-0.007880547490667796	0.014267938614682694	5407978
2022-07-29	-0.03263269812709573	-0.005725034759139633	-0.0037621656988631206	-0.03827594667539047	-0.03263269812709573	7910039
2022-08-01	0.01623266824484276	-0.002367264119039577	0.03322624281366243	-0.007017247210010131	0.01623266824484276	6783270
2022-08-02	-0.021630615640599073	8.319467554068973e-05	0.008735440931780343	-0.022628951747088177	-0.021630615640599073	6768144
2022-08-03	0.028061224489796015	0.0008503401360544943	0.06113945578231303	-0.0051020408163264825	0.028061224489796015	10334220
2022-08-04	0.030603804797353088	0.005789909015715373	0.03391232423490483	-0.004962779156327614	0.030603804797353088	11045262
2022-08-05	0.031701444622793076	-0.010754414125200555	0.035313001605136486	-0.01765650080256813	0.031701444622793076	9406675
2022-08-08	0.006534422403733761	0.003500583430571673	0.023415013613379936	-0.011979774406845632	0.006534422403733761	7684292
2022-08-09	0.012829430404204539	-0.008424144060591816	0.015998145142592332	-0.026199860885694308	0.012829430404204539	7976191
2022-08-10	-0.008775276611980203	-0.00801220908050371	0.0072491415490270016	-0.018161007249141728	-0.008775276611980203	5938402
2022-08-11	-0.02132409545804473	-0.003079291762894578	0.00415704387990756	-0.026943802925327172	-0.02132409545804473	5644025
2022-08-12	-0.0173837803822858	-7.865963973877845e-05	0.009045858569967794	-0.024620467238260012	-0.0173837803822858	5935663
2022-08-15	0.006964457252641727	-0.007284662183797603	0.010086455331412145	-0.015369836695485124	0.006964457252641727	4430357
2022-08-16	0.001112966054535341	-0.0023849272597186687	0.018602432625804827	-0.010255187216789937	0.001112966054535341	3627483
2022-08-17	-0.015484793139045524	0.00015881839116966586	0.002938140236639326	-0.044310331136345686	-0.015484793139045524	5878940
2022-08-18	0.002823035973544074	-0.005484755605742917	0.009195031456686566	-0.011453460235521871	0.002823035973544074	3490758
2022-08-19	-0.023968471004584605	-0.00265422665487009	0.021233813238960834	-0.02622054210568652	-0.023968471004584605	4298322
2022-08-22	0.007828594973217988	-0.011124845488257061	0.024309847548413702	-0.012772970745776656	0.007828594973217988	5080360
2022-08-23	-0.017497955846279646	-0.00163532297628784	0.0006541291905151128	-0.026982829108748954	-0.017497955846279646	4706718
2022-08-24	-0.008322237017310254	0.0028295605858855146	0.008322237017310254	-0.014480692410119797	-0.008322237017310254	6167827
2022-08-25	0.0054548506210138105	0.0020140986908359273	0.03566633098355153	-0.0058744545149379225	0.0054548506210138105	4308201
2022-08-26	-0.02153409565144811	0.0022535681495701194	0.010683582338702955	-0.027960938152074188	-0.02153409565144811	6467532
2022-08-29	-0.014757314680542557	-0.010492194830674775	-0.0029855838949075196	-0.022775739998293965	-0.014757314680542557	5529885
2022-08-30	0.006406926406926363	0.006753246753246763	0.04571428571428572	-0.0008658008658008166	0.006406926406926363	6437064
2022-08-31	-0.03484170681348931	-0.008602890571231933	0.014969029593943644	-0.04507914659325529	-0.03484170681348931	5701283
2022-09-01	0.022551029503520822	-0.004278456190391336	0.03538639807469471	-0.004724128710223738	0.022551029503520822	5625653
2022-09-02	-0.006276150627615053	0.0	0.011854951185495113	-0.01865411436541144	-0.006276150627615053	3689970
2022-09-05	-0.003859649122806998	0.008333333333333358	0.009649122807017494	-0.015526315789473649	-0.003859649122806998	2550570
2022-09-06	0.03848185980979222	-0.0001761183515321946	0.04385346953152522	-0.004226840436773547	0.03848185980979222	6146993
2022-09-07	0.034851182905113194	-0.00025438819638769726	0.04197405240396836	-0.007038073433392796	0.034851182905113194	5580030
2022-09-08	0.01327433628318576	-0.004424778761061998	0.020648967551622384	-0.00811209439528031	0.01327433628318576	4726405
2022-09-09	-0.011159631246967455	0.005984150088953656	0.015122109008571928	-0.02110625909752547	-0.011159631246967455	4360943
2022-09-13	0.00760549558390573	0.0	0.015129211645403944	-0.005152109911678079	0.00760549558390573	3192348
2022-09-14	0.041960879798717654	-0.012417823228633934	0.05575846116386672	-0.015258501744988195	0.041960879798717654	7524508
2022-09-15	-0.00817884405670663	-7.789375292094489e-05	0.017759775665991597	-0.025003894687646	-0.00817884405670663	5840641
2022-09-16	0.014686248331108069	7.85360873321693e-05	0.03596952799811512	-0.010209691353176762	0.014686248331108069	6905134
2022-09-19	-0.0051857585139317925	-0.0006965944272443886	0.025696594427244753	-0.012848297213622156	-0.0051857585139317925	5282749
2022-09-20	-0.015560569516844317	0.008013693301174832	0.009725355948027698	-0.018050260639539465	-0.015560569516844317	3918351
2022-09-21	-0.00893068837429855	0.002370979214415531	0.007666166126610281	-0.019283964277246483	-0.00893068837429855	3593485
2022-09-22	0.03740031897926633	-0.005980861244019139	0.055422647527910596	-0.005980861244019139	0.03740031897926633	6700404
2022-09-23	-0.009916211853332246	-0.006764547620877819	0.02682758090552701	-0.016834499192866458	-0.009916211853332246	3537664
2022-09-26	-0.03959627329192553	-0.012267080745341712	-0.01009316770186344	-0.046739130434782686	-0.03959627329192553	8322294
2022-09-27	-0.0028294260307195514	-8.084074373488372e-05	0.006305578011317713	-0.013823767178658108	-0.0028294260307195514	4254834
2022-09-28	-0.03210376976084308	-0.0001621402513173573	0.009971625456019489	-0.0368869071747061	-0.03210376976084308	4464993
2022-09-29	-0.003769159896138729	0.01348521651729625	0.015997989781388697	-0.010051093056369904	-0.003769159896138729	2619131
2022-09-30	-0.024886497393643802	-0.005380864301328406	0.0028585841600807416	-0.025979485454851216	-0.024886497393643802	3904086
2022-10-10	-0.0339713743748922	-0.005000862217623713	0.0010346611484737915	-0.03621314019658564	-0.0339713743748922	4427766
2022-10-11	-0.016244198500535587	-0.015351660121385335	-0.0002677615137451012	-0.04498393430917535	-0.016244198500535587	7392860
2022-10-12	0.04264198874977321	0.006986027944111741	0.04454726909816727	-0.014697876973326116	0.04264198874977321	6383960
2022-10-13	0.03741733379742427	-0.00887573964497038	0.04751131221719451	-0.012356421858684317	0.03741733379742427	4876240
2022-10-14	-0.01593692333501095	-0.0010065425264217795	0.006039255158530438	-0.033299781915785934	-0.01593692333501095	4935291
2022-10-17	0.027957722468462336	-0.008012274122059305	0.03136720081827486	-0.014831230821684239	0.027957722468462336	4660818
2022-10-18	0.0008291873963516462	-0.0010779436152570105	0.008291873963515755	-0.01658374792703151	0.0008291873963516462	2444110
2022-10-19	0.0014913007456503116	-0.00016570008285000845	0.023198011599005777	-0.010521955260977597	0.0014913007456503116	3666558
2022-10-20	0.022749834546657844	-0.004963600264725301	0.027465254798146984	-0.01489080079417602	0.022749834546657844	4663927
2022-10-21	-0.01156677181913769	-0.009140176332605318	0.0020221629054436624	-0.019170104343605842	-0.01156677181913769	2632793
2022-10-24	0.07332242225859242	0.010638297872340403	0.09590834697217664	0.010638297872340403	0.07332242225859242	10237684
2022-10-25	0.0030497102775236787	-0.014638609332113355	0.021652942970417838	-0.014638609332113355	0.0030497102775236787	7552885
2022-10-26	0.03086044390392218	0.009425357251444277	0.055031924597142054	-0.014670112496199504	0.03086044390392218	8092343
2022-10-27	-0.01725409231676746	0.0028019466155433967	0.017549034065771976	-0.030379000147470907	-0.01725409231676746	4760499
2022-10-28	0.012905162064825922	0.005327130852340996	0.039165666266506596	-0.0019507803121247816	0.012905162064825922	5661309
2022-10-31	-0.0011111111111111532	-0.006666666666666709	0.018518518518518517	-0.03333333333333333	-0.0011111111111111532	5761559
2022-11-01	-0.026473859844271364	0.0	0.011049314052651162	-0.03826473859844269	-0.026473859844271364	6366305
2022-11-02	-0.02879341864716637	-0.009826325411334491	0.008607556368068217	-0.03694393662400971	-0.02879341864716637	6689070
2022-11-03	0.018509803921568733	-0.0038431372549019207	0.043137254901960784	-0.008392156862745045	0.018509803921568733	5980452
2022-11-04	0.004158324349299184	0.0	0.005698444478669187	-0.01155090097027568	0.004158324349299184	5129583
2022-11-07	-0.041411042944785315	-0.0011503067484663011	0.012116564417177792	-0.059739263803681025	-0.041411042944785315	12082854
2022-11-08	-0.00432000000000005	-0.0028799999999999954	0.019039999999999963	-0.008960000000000036	-0.00432000000000005	5685210
2022-11-09	-0.007713321549092028	0.004097702072955208	0.020086774867427288	-0.011087899726819827	-0.007713321549092028	4241132
2022-11-10	-0.029473684210526322	-0.01101214574898785	-0.00979757085020238	-0.03740890688259113	-0.029473684210526322	5047498
2022-11-11	0.006841314867345297	0.01785416319038879	0.022275988653429016	-0.015518104455197726	0.006841314867345297	5466041
2022-11-14	-0.011932383162081636	-0.011186609214451512	-0.0031488233344382634	-0.031736824660258636	-0.011932383162081636	7233906
2022-11-15	0.027759141227775935	-0.0062059711506205545	0.035306943978530764	-0.013669909426366953	0.027759141227775935	6098757
2022-11-16	-0.01909424724602206	0.0	0.0	-0.025050999592003208	-0.01909424724602206	3895721
2022-11-17	0.008235587721487473	-0.0017469428500124261	0.01156309791198736	-0.028367024374012118	0.008235587721487473	3913144
2022-11-18	-0.01996699669966998	-0.004455445544554507	-0.002640264026402701	-0.02070957095709575	-0.01996699669966998	3129765
2022-11-21	0.022899478026603796	-0.014985687826233381	0.039737329516753656	-0.018353258124263402	0.022899478026603796	4377518
2022-11-22	-0.008148148148148106	0.001316872427983511	0.00954732510288063	-0.01646090534979424	-0.008148148148148106	2747234
2022-11-23	0.003236245954692561	-0.004232013940751847	0.00580864658534552	-0.025226122313501007	0.003236245954692561	3595470
2022-11-24	-0.010339123242349047	-0.0065343258891646504	0.010256410256410213	-0.02233250620347397	-0.010339123242349047	1942149
2022-11-25	-0.030338487254492348	-0.009444212285833762	-8.357709987467711e-05	-0.030505641454241585	-0.030338487254492348	2914689
2022-11-28	0.0011204964661266133	-0.009653508015859251	0.01508360627478021	-0.018445095673159804	0.0011204964661266133	2299006
2022-11-29	-0.014205768402927298	0.0072320275505810515	0.007318123116659443	-0.03228583727938011	-0.014205768402927298	6583418
2022-11-30	-0.00296943231441051	-0.006375545851528419	-0.00296943231441051	-0.019563318777292532	-0.00296943231441051	4620753
2022-12-01	0.011212333566923626	0.0003503854239664178	0.01778206026629293	-0.015416958654519893	0.011212333566923626	7290051
2022-12-02	-0.011694386694386645	-0.004677754677754609	-0.003811503811503792	-0.014119889119889081	-0.011694386694386645	3201302
2022-12-05	-0.024892628626522948	0.0	0.0024542028223332557	-0.03146638618634414	-0.024892628626522948	7688698
2022-12-06	0.0017078651685393054	-0.0040449438202247445	0.009977528089887635	-0.014112359550561736	0.0017078651685393054	5235178
2022-12-07	0.004845656855707163	0.005563531945441534	0.009422110552763794	-0.006999282124910276	0.004845656855707163	2736074
2022-12-08	-0.021253795320593048	0.00026790498303269454	0.0040185747454902915	-0.026076085015181296	-0.021253795320593048	5195048
2022-12-09	0.0036496350364964023	0.0009124087591241654	0.0075729927007300414	-0.01870437956204377	0.0036496350364964023	9606730
2022-12-12	0.039545454545454495	-0.004909090909090966	0.04318181818181818	-0.020000000000000025	0.039545454545454495	8893238
2022-12-13	-0.0038478355924792106	-0.00017490161783993024	0.013379973764757335	-0.010056843025797915	-0.0038478355924792106	4193432
2022-12-14	-0.011939250285312961	0.0	0.009217803529101898	-0.030023702923360564	-0.011939250285312961	4166903
2022-12-15	0.007374500222123485	-0.0047978676143935325	0.018214127054642357	-0.014127054642381195	0.007374500222123485	2418228
2022-12-16	-0.021432351384723873	-0.010407479273240365	-0.003351561121890946	-0.034221203034044766	-0.021432351384723873	2831882
2022-12-19	0.01216764308246953	-0.00045065344749884773	0.022983325822442516	-0.00982424515547547	0.01216764308246953	3000326
2022-12-20	0.0024933214603740086	0.0	0.023330365093499596	-0.012911843276936803	0.0024933214603740086	3878764
2022-12-21	-0.024782376976372287	-0.003464203233256356	0.009060223840824267	-0.0286018831053473	-0.024782376976372287	2484108
2022-12-22	-0.004463065852992158	-0.0009108297659168277	0.017852263411968244	-0.018307678294926723	-0.004463065852992158	3754003
2022-12-23	-0.012991765782250702	-0.009240622140896533	0.0029277218664227576	-0.0209515096065873	-0.012991765782250702	2596451
2022-12-26	0.06229143492769743	0.00027808676307008843	0.06507230255839831	-0.0007415647015201919	0.06229143492769743	4381522
2022-12-27	-0.001570680628272187	0.009511343804537551	0.009511343804537551	-0.014834205933682275	-0.001570680628272187	2839955
2022-12-28	-0.007603565810173086	-8.739730816295329e-05	0.006642195420381097	-0.018528229330536657	-0.007603565810173086	2207476
2022-12-29	0.017173051519154582	-0.004843681197710235	0.029238221047996543	-0.009070893879348315	0.017173051519154582	3481246
2022-12-30	-0.010995670995670961	-0.001731601731601756	0.0032900432900432506	-0.017316017316017316	-0.010995670995670961	2684840
2023-01-03	0.04666024687034928	0.0	0.05628994134640631	-0.0055151886544691385	0.04666024687034928	5164092
2023-01-04	-0.02141184342589497	-0.005520240883238513	0.012044161927065889	-0.03153228504516557	-0.02141184342589497	4061038
2023-01-05	-0.002905982905982935	0.0	0.014017094017094021	-0.007521367521367482	-0.002905982905982935	3482713
2023-01-06	-0.014657980456026006	0.002057260414880928	0.002914452254414567	-0.016800960054860224	-0.014657980456026006	4461387
2023-01-09	-0.016093953892997028	0.0007829491083079897	0.0047846889952152865	-0.02122662026968245	-0.016093953892997028	6161892
2023-01-10	0.0011494252873564073	-0.0007957559681696658	0.0011494252873564073	-0.025994694960212183	0.0011494252873564073	5576113
2023-01-11	-0.008919897553651903	-0.009538108275192072	0.00856663428420029	-0.01836969001148104	-0.008919897553651903	4864997
2023-01-12	-0.021743004811976455	0.006950632685795768	0.018891463197291077	-0.033862056674389567	-0.021743004811976455	8047013
2023-01-13	-0.01257059573692836	-0.00318819457096005	-9.109127345604951e-05	-0.01603206412825656	-0.01257059573692836	4529728
2023-01-16	0.017896678966789648	-0.006457564575645783	0.019372693726937215	-0.006457564575645783	0.017896678966789648	4997694
2023-01-17	0.0021750951604132215	-0.0003625158600689347	0.029998187420699676	-0.023926046764545954	0.0021750951604132215	7234674
2023-01-18	0.018267317778983504	0.0018990775908844996	0.024778440947730105	-0.004612045577862227	0.018267317778983504	4446264
2023-01-19	0.019271758436944952	-0.003197158081705146	0.02451154529307287	-0.004706927175843705	0.019271758436944952	3926189
2023-01-20	-0.01245970201272103	8.71307833057865e-05	0.011239871046440763	-0.016119194911562208	-0.01245970201272103	3789103
2023-01-30	0.014646197282512763	0.01085230280571722	0.02761602258690661	-0.013940356449620595	0.014646197282512763	7380941
2023-01-31	-0.013652173913043419	-0.00695652173913041	-0.0017391304347826335	-0.015391304347826052	-0.013652173913043419	3896898
2023-02-01	0.00678832760292688	-0.0037027241470510594	0.009256810367627585	-0.005730406418055238	0.00678832760292688	3482954
2023-02-02	-0.02977232924693525	0.0017513134851138603	0.0043782837127845885	-0.03064798598949212	-0.02977232924693525	7134791
2023-02-03	0.02518050541516251	-0.003880866425992713	0.026714801444043392	-0.009296028880866437	0.02518050541516251	5563254
2023-02-06	-0.01655075270710458	-0.00607447838718195	0.006250550224491537	-0.02764327845761071	-0.01655075270710458	4299184
2023-02-07	-0.008504162563781118	8.951750067142705e-05	0.003938770029540882	-0.009936442574523315	-0.008504162563781118	3180289
2023-02-08	-0.009570241964608182	-0.000722282412423242	0.0	-0.012459371614301279	-0.009570241964608182	2196483
2023-02-09	0.01257976298997261	-0.00537830446672747	0.019051959890610787	-0.008021877848678301	0.01257976298997261	4259818
2023-02-10	-0.010262873604609295	-0.002520705797623345	0.007562117392870034	-0.014043932301044313	-0.010262873604609295	2959250
2023-02-13	-0.01746407131162454	-0.0038202655994178797	0.0030925959614335405	-0.018919410587593218	-0.01746407131162454	5660358
2023-02-14	-0.003610442510646182	-0.00018515089798181838	0.0033327161636733885	-0.011479355674874975	-0.003610442510646182	6624740
2023-02-15	-0.009755644337080713	-0.0029731487503483526	-0.0002787326953451746	-0.023320635510545303	-0.009755644337080713	5986415
2023-02-16	-0.024019515856633537	-0.005441921561268515	-0.000844436104334804	-0.030962657158941614	-0.024019515856633537	6534195
2023-02-17	-0.007210151893866565	-0.005864256873678133	0.0	-0.018457988848298423	-0.007210151893866565	5778749
2023-02-20	-0.003679674639295008	-0.0010651689745327726	-0.0010651689745327726	-0.018785707369032612	-0.003679674639295008	5916468
2023-02-21	0.020701720283798186	-0.0006803382252892155	0.03236466128875497	-0.005831470502478319	0.020701720283798186	5469500
2023-02-22	-0.006189297276709117	-0.003237478575509324	0.013616454008760302	-0.012664254427728037	-0.006189297276709117	3452009
2023-02-23	-0.005461339465363681	-0.0035450800038325622	0.005844591357669823	-0.01197662163456932	-0.005461339465363681	2252500
2023-02-24	0.016955684007707177	0.008477842003853658	0.046242774566473965	0.008381502890173455	0.016955684007707177	7846888
2023-02-27	-0.009473285335354301	0.0007578628268283279	0.016104585070102338	-0.014778325123152731	-0.009473285335354301	4294672
2023-02-28	-0.0053557765876052245	-0.00038255547054328855	-0.00038255547054328855	-0.021614384085692474	-0.0053557765876052245	3714107
2023-03-01	-0.007211538461538462	-0.005769230769230715	0.007403846153846116	-0.012499999999999973	-0.007211538461538462	4360917
2023-03-02	-0.013656174334140403	0.0	0.002905569007263895	-0.013656174334140403	-0.013656174334140403	3031505
2023-03-03	0.014238020424194843	0.0036331500392772025	0.01954045561665352	-0.0018656716417910224	0.014238020424194843	3474341
2023-03-06	0.027979475263820316	0.0005808887598023823	0.04985961854971431	0.0005808887598023823	0.027979475263820316	7705822
2023-03-07	-0.026181955170465256	-0.00169523450744026	-0.00169523450744026	-0.028724806931625647	-0.026181955170465256	3596027
2023-03-08	0.033849129593810444	-0.008704061895551311	0.03481624758220497	-0.013539651837524232	0.033849129593810444	7253275
2023-03-09	-0.013376987839102027	-0.008419083255378912	0.009354536950420954	-0.016838166510757823	-0.013376987839102027	3553080
2023-03-10	-0.020574570968047802	-0.010145064947378336	-0.007300654214468532	-0.02597895136057642	-0.020574570968047802	3480113
2023-03-13	0.0023233301064860515	-0.005808325266214854	0.007357212003872266	-0.006582768635043491	0.0023233301064860515	2376573
2023-03-14	-0.0028974309445625977	0.0	0.004249565385358293	-0.03351361792543957	-0.0028974309445625977	4152224
2023-03-15	-0.05269275474622238	-0.0032932971716387953	0.001743510267338307	-0.0603448275862068	-0.05269275474622238	8114052
2023-03-16	-0.01216768916155417	-0.00817995910020447	0.006134969325153462	-0.018404907975460093	-0.01216768916155417	4103561
2023-03-17	-0.018942138494979797	0.00051754476762237	0.008073698374909441	-0.018942138494979797	-0.018942138494979797	4122165
2023-03-20	-0.011394809031441215	-0.0008440599282548881	0.013926988816205878	-0.02817050010550751	-0.011394809031441215	6744235
2023-03-21	0.008964781216648916	0.022198505869797207	0.054215581643543204	0.0021344717182497632	0.008964781216648916	6608780
2023-03-22	-0.015020097313306554	0.00031732599957676037	0.003702136661730424	-0.019145335307806242	-0.015020097313306554	5231371
2023-03-23	0.015356529209621913	-0.0057989690721650155	0.015678694158075532	-0.010953608247422789	0.015356529209621913	4451495
2023-03-24	-0.01618191433104179	-0.003490216816499189	-0.002855631940772036	-0.018402961396086673	-0.01618191433104179	4168713
2023-03-27	0.00279509782842405	0.0	0.00774027090948182	-0.008922812298430427	0.00279509782842405	3001738
2023-03-28	-0.03248284734133792	0.0021440823327616085	0.004824185248713581	-0.034090909090909165	-0.03248284734133792	5014792
2023-03-29	-0.0037673130193906193	-0.002770083102493075	0.002548476454293673	-0.010747922437673118	-0.0037673130193906193	3257075
2023-03-30	0.006562117673228823	0.007118229340451569	0.008786564342119968	-0.007785563341118929	0.006562117673228823	3608172
2023-03-31	-0.004861878453038649	-0.00044198895027631216	0.006408839779005506	-0.011381215469613272	-0.004861878453038649	3106373
2023-04-03	0.02442815900510774	0.0026648900732844203	0.03320008882966905	-0.0018876304685765235	0.02442815900510774	5523205
2023-04-04	-0.03620203771948844	0.000325168003468471	0.001951008020810672	-0.039562107088662535	-0.03620203771948844	7057149
2023-04-06	0.03250112460638777	-0.00461088618983352	0.03688708951866848	-0.005735492577597898	0.03250112460638777	6657114
2023-04-07	0.04661801546672477	0.0002178411937696985	0.06273826380568555	0.0002178411937696985	0.04661801546672477	8968039
2023-04-10	-0.014673743365594719	0.014673743365594719	0.01842023103340614	-0.01758767821833695	-0.014673743365594719	4304603
2023-04-11	-0.007287705956907604	0.0	0.0	-0.02376425855513308	-0.007287705956907604	3928552
2023-04-12	-0.011916161293754553	-0.0010639429726566052	0.004894137674220747	-0.014682413022661938	-0.011916161293754553	2508077
2023-04-13	-0.007429740497469557	-0.0036610315494778013	-0.00021535479702821397	-0.017228383762248396	-0.007429740497469557	2869684
2023-04-14	-0.006834454328487846	0.0013018008244737506	0.006183553916250739	-0.01648947711000228	-0.006834454328487846	3420287
2023-04-17	-0.0018569087930093032	-0.007099945385035407	0.006772255598033911	-0.010922992900054615	-0.0018569087930093032	2288739
2023-04-18	0.0030641278179032736	-0.004596191726854911	0.012803676953381504	-0.006894287590282288	0.0030641278179032736	2461871
2023-04-19	-0.023565350207287766	-0.0017455814968360963	0.0007636919048658891	-0.028038402792930323	-0.023565350207287766	4043572
2023-04-20	-0.02469273743016753	0.00011173184357547616	0.0032402234636872205	-0.041117318435754266	-0.02469273743016753	6670052
2023-04-21	0.009050292129682575	-0.0063008362928171765	0.02864016496735021	-0.009050292129682738	0.009050292129682575	5562394
2023-04-24	-0.028496821071753012	-0.0009082652134423058	-0.0009082652134423058	-0.039623069936421375	-0.028496821071753012	5072458
2023-04-25	-0.030267617155545042	0.00011686338670100639	0.007479256748860589	-0.0495500759612013	-0.030267617155545042	4646219
2023-04-26	0.04326343697276439	0.006146059291395407	0.05651964328753913	-0.0015666425644734834	0.04326343697276439	6363558
2023-04-27	0.0049670786646645124	0.006584267067113405	0.01882869354279785	-0.024604366408686563	0.0049670786646645124	4283617
2023-04-28	0.03298850574712649	0.05172413793103448	0.05402298850574716	0.014137931034482805	0.03298850574712649	7610756
2023-05-04	0.0020028930677644663	-0.004895960832313316	0.008456659619450215	-0.01624568821631254	0.0020028930677644663	4551236
2023-05-05	-0.015435868961687959	-0.0061077179344808125	-0.0061077179344808125	-0.03176013325930038	-0.015435868961687959	4035385
2023-05-08	0.02718249492443037	0.0038348748026167767	0.03428829235280855	-0.009023234829686411	0.02718249492443037	5201055
2023-05-09	-0.0070275612166463865	0.0013176677281212755	0.04293400680795005	-0.01240803777314149	-0.0070275612166463865	7072561
2023-05-10	-0.007519628441888829	-0.010505363264403437	0.009510118323565181	-0.024881123520955433	-0.007519628441888829	3150980
2023-05-11	0.0007799442896935173	0.00011142061281342747	0.0044568245125348824	-0.019498607242339833	0.0007799442896935173	3096663
2023-05-12	-0.017702070808283114	-0.00022266755733685173	-0.00022266755733685173	-0.025829436651079864	-0.017702070808283114	4006473
2023-05-15	0.016207639125014082	-0.0026068230760512745	0.018701122067323942	-0.011334013374135782	0.016207639125014082	3430817
2023-05-16	-0.01383002453714025	-0.001449921927280788	0.004572830693731838	-0.015949141200089143	-0.01383002453714025	3341419
2023-05-17	-0.004410766794842802	-0.00011309658448320647	0.01221443112418003	-0.016059714996607122	-0.004410766794842802	4255811
2023-05-18	0.013518118823128453	-0.0019311598318755164	0.025900261274565503	-0.01522208338066572	0.013518118823128453	5533744
2023-05-19	0.06601658820892177	0.0008966599417170847	0.07262945527908546	-0.0038108047522977294	0.06601658820892177	8412060
2023-05-22	-0.011039848596362077	-0.0072547576490379325	0.0007359899064242182	-0.0219745557775208	-0.011039848596362077	3802871
2023-05-23	-0.01020625132893906	-0.005209440782479365	0.01903040612375071	-0.010950457155007453	-0.01020625132893906	4374689
2023-05-24	-0.0021482277121373647	-0.002040816326530588	0.008807733619763775	-0.01933404940923735	-0.0021482277121373647	3513893
2023-05-25	-0.009580193756727669	0.0010764262648008	0.007104413347685646	-0.01840688912809481	-0.009580193756727669	3227836
2023-05-26	0.0031518313226822307	0.0001086838387130845	0.003803934354961355	-0.018258884903814877	0.0031518313226822307	2364918
2023-05-29	0.019609967497291467	0.0003250270855904782	0.024918743228602352	-0.009425785482123406	0.019609967497291467	5160787
2023-05-30	-0.027946020614174852	-0.005206673042184623	0.007969397513547976	-0.04771012644777383	-0.027946020614174852	6314029
2023-05-31	0.007870572802798414	0.00021862702229991278	0.02208132925229554	-0.003279405334499313	0.007870572802798414	2940534
2023-06-01	-0.0223427331887202	-0.004229934924078097	0.006507592190889309	-0.028308026030368756	-0.0223427331887202	4641930
2023-06-02	-0.005435988462391778	0.0015531395606833878	0.009096960284002586	-0.008320390503660971	-0.005435988462391778	3051541
2023-06-05	-0.03625209146681539	-0.0017847183491356475	-0.0017847183491356475	-0.04350250976017853	-0.03625209146681539	5216272
2023-06-06	-0.020833333333333464	-0.0034722222222223534	0.0	-0.027777777777777842	-0.020833333333333464	4077131
2023-06-07	-0.01595744680851057	-0.0014184397163119426	0.0	-0.02624113475177304	-0.01595744680851057	3876318
2023-06-08	-0.005645645645645632	-0.003003003003003003	0.008768768768768817	-0.014774774774774823	-0.005645645645645632	4546312
2023-06-09	0.008335346702101929	-0.009422565837158748	0.008697753080454201	-0.014737859386325186	0.008335346702101929	4099599
2023-06-12	-0.021924044566910248	0.0035941056667065673	0.005031747933389262	-0.023481490355816387	-0.021924044566910248	4119865
2023-06-13	0.004532092111710002	-0.0004899559039687194	0.009064184223419829	-0.010289073983341541	0.004532092111710002	2442056
2023-06-14	-0.003170345079868371	-0.0008535544445800194	0.0039019631752224503	-0.011705889525667697	-0.003170345079868371	2766659
2023-06-15	0.03119266055045868	0.002935779816513699	0.04293577981651382	0.002568807339449465	0.03119266055045868	5201262
2023-06-16	0.032384341637010726	-0.002491103202846901	0.04009489916963238	-0.002609727164887294	0.032384341637010726	5616387
2023-06-19	-0.017580144777662888	-0.0024129610479146036	0.008847523842353166	-0.025623348270711294	-0.017580144777662888	4626905
2023-06-20	0.08362573099415212	-0.0009356725146198631	0.0957894736842105	-0.007251461988304147	0.08362573099415212	12296349
2023-06-21	-0.020615218564490133	-0.0029141932002159764	0.009174311926605443	-0.021910415542363747	-0.020615218564490133	4486220
2023-06-26	-0.005730659025787922	-0.00815516861362128	0.006171478950848604	-0.022592021159356372	-0.005730659025787922	4091079
2023-06-27	0.007537131456439889	-0.0019951230325869276	0.018177787630237204	-0.005763688760806873	0.007537131456439889	5455737
2023-06-28	0.010121012101209984	-0.0015401540154015463	0.01760176017601754	-0.005280528052805324	0.010121012101209984	5435442
2023-06-29	-0.0071879764757133155	0.00010890873448056106	0.014267044216946224	-0.010128512306686916	-0.0071879764757133155	3543509
2023-06-30	0.051448003510311514	-0.010969723562966214	0.07832382623957877	-0.010969723562966214	0.051448003510311514	11734679
2023-07-03	0.017005738132498796	0.0016692749087116412	0.02973395931142419	0.0016692749087116412	0.017005738132498796	5801193
2023-07-04	0.0007180960196962779	-0.0042059909725072914	0.008411981945014291	-0.016721378744357914	0.0007180960196962779	4695721
2023-07-05	-0.00717580727831884	-0.008713480266529926	0.0020502306509482607	-0.019374679651460797	-0.00717580727831884	2970077
2023-07-06	-0.026948890036138352	0.0	0.0015487867836861714	-0.03252452245740828	-0.026948890036138352	4652888
2023-07-07	-0.017614601018675687	0.000636672325976255	0.0027589134125637215	-0.01984295415959243	-0.017614601018675687	3148200
2023-07-10	-0.006588896089868216	0.004536616979909286	0.007777057679844447	-0.011017498379779608	-0.006588896089868216	2378484
2023-07-11	0.01293900184842881	0.0014135044036098234	0.024464499293247798	0.0	0.01293900184842881	2770769
2023-07-12	-0.00848003434950614	0.00010734220695582993	0.003542292829540557	-0.013954486904250721	-0.00848003434950614	1782993
2023-07-13	0.004871711594673472	0.0007578218036158187	0.016455559164230766	0.000324780772978252	0.004871711594673472	2135001
2023-07-14	-0.001292824822236483	0.000969618616677477	0.008726567550096986	-0.004417151475974969	-0.001292824822236483	1684670
2023-07-17	0.0016181229773461862	0.00010787486515632044	0.010787486515641855	-0.006580366774541525	0.0016181229773461862	1734729
2023-07-18	0.008077544426494346	-0.0017232094776520905	0.022078621432418	-0.01561658589122228	0.008077544426494346	2947588
2023-07-19	-0.005876068376068346	-0.0037393162393161788	-0.0010683760683760078	-0.018482905982905876	-0.005876068376068346	2454700
2023-07-20	-0.0003224073078989913	0.00021493820526594326	0.007415368081676494	-0.004513702310585725	-0.0003224073078989913	1686844
2023-07-21	-0.0029026015910556444	-0.00021500752526334144	0.013975489142119945	-0.012040421414749413	-0.0029026015910556444	2129522
2023-07-24	0.005714285714285726	-0.0056064690026953745	0.014555256064689966	-0.0076549865229109835	0.005714285714285726	1659300
2023-07-25	-0.0028945111492280876	0.0024656946826758573	0.009326758147512913	-0.007289879931389439	-0.0028945111492280876	2920808
2023-07-26	-0.006450919255994071	0.0	0.0026878830233308245	-0.007311041823459916	-0.006450919255994071	1579371
2023-07-27	-0.016340222919597348	0.0	0.0	-0.06893193377340104	-0.016340222919597348	10234423
2023-07-28	-0.0365236523652366	-0.011001100110011	-0.011001100110011	-0.041804180418041924	-0.0365236523652366	6259539
2023-07-31	0.020210093628682303	-0.00376798355788991	0.021694450787851174	-0.004224708837634215	0.020210093628682303	4623229
2023-08-01	0.01667599328483502	-0.003917179630665857	0.03167319529938459	-0.008282036933407889	0.01667599328483502	3788834
2023-08-02	-0.007705856450902717	-0.0037428445618670563	0.004953764861294615	-0.012439453985028728	-0.007705856450902717	1955374
2023-08-03	-0.0024406478810738725	-0.0015531395606833878	0.0039937874417572605	-0.011426669625027747	-0.0024406478810738725	1599259
2023-08-04	-0.00989768683274022	0.0005560498220640253	0.008451957295373722	-0.018016014234875494	-0.00989768683274022	3033505
2023-08-07	-0.0011232168931820095	-0.0037066157475008233	0.003931259126137193	-0.007300909805683541	-0.0011232168931820095	1819604
2023-08-08	-0.007084223546609801	-0.004722815697739814	0.0031485437984930496	-0.011582143258742843	-0.007084223546609801	2371251
2023-08-09	-0.011325028312570783	-0.00022650056625137058	0.0043035107587770065	-0.013929784824462107	-0.011325028312570783	2130433
2023-08-10	-0.0035509736540664636	-0.001603665521191301	0.010882016036655244	-0.004238258877434025	-0.0035509736540664636	1637365
2023-08-11	0.01161052994597086	0.004828141165651244	0.023336015633980932	-0.0056328313599263696	0.01161052994597086	3720097
2023-08-14	-0.0054545454545455	-0.006931818181818175	-0.0038636363636364024	-0.02556818181818182	-0.0054545454545455	2299395
2023-08-15	-0.012454296160877391	0.0	0.0017138939670933008	-0.02159506398537478	-0.012454296160877391	1780077
2023-08-16	-0.03054494967025339	0.002198310771722755	0.0024297119055882647	-0.03054494967025339	-0.03054494967025339	3824800
2023-08-17	0.050960735171261436	-0.0028643036161834236	0.06874328678839946	-0.0034610335362215807	0.050960735171261436	7713954
2023-08-18	0.01589825119236874	0.004428798546445611	0.032023620258914295	0.0	0.01589825119236874	4686890
2023-08-21	-0.01408450704225342	0.0004471272076906579	0.004583053878828648	-0.01408450704225342	-0.01408450704225342	1975564
2023-08-22	0.01950113378684806	0.0	0.030498866213151902	-0.00011337868480731423	0.01950113378684806	3109980
2023-08-23	-0.015791814946619236	0.00022241992882557853	0.00022241992882557853	-0.027135231316725954	-0.015791814946619236	3191637
2023-08-24	-0.005762711864406837	0.0	0.007683615819209117	-0.016271186440677942	-0.005762711864406837	3415397
2023-08-25	-0.007500852369587415	0.012728719172633306	0.026934878963518635	-0.018183884532333158	-0.007500852369587415	4262996
2023-08-28	0.00606893392877592	0.04179548837741905	0.0532463071109585	-0.00034352456200619646	0.00606893392877592	4097110
2023-08-29	0.02822672433416804	0.0004552697473253614	0.048258593216480704	-0.009788299567493733	0.02822672433416804	5136205
2023-08-30	0.019481957051140034	0.002878016382554692	0.032654416648217874	-0.006973655080805951	0.019481957051140034	3741740
2023-08-31	-0.004560260586319083	-0.0023887079261671975	0.01140065146579817	-0.009663409337676445	-0.004560260586319083	2529364
2023-09-01	-0.008180628272251309	-0.00010907504363007325	0.0074171029668411055	-0.013961605584642245	-0.008180628272251309	1999322
2023-09-04	-0.010557571758495633	-0.0005498735290884347	0.004069064115253385	-0.016716155284284724	-0.010557571758495633	2760678
2023-09-05	-0.02134044681560522	-0.00011114816049800062	0.003001000333444437	-0.02634211403801272	-0.02134044681560522	3838613
2023-09-06	0.0003407155025553792	-0.003975014196479209	0.0073821692220330005	-0.015786484951731978	0.0003407155025553792	3988711
2023-09-07	0.0044277929155313415	-0.00261126248864673	0.014418710263396866	-0.010558583106266946	0.0044277929155313415	3584740
2023-09-08	0.04984740590030515	-0.0029388493274556927	0.05459477789081042	-0.00531253532270825	0.04984740590030515	7621010
2023-09-11	-0.006244616709732971	-0.0003229974160206841	0.01205857019810513	-0.03294573643410855	-0.006244616709732971	6161368
2023-09-12	-0.018851570964246965	-0.003250270855904628	-0.0013001083423617589	-0.022101841820151593	-0.018851570964246965	3287435
2023-09-13	-0.015459363957597236	-0.00011042402826860772	-0.00011042402826860772	-0.02716431095406369	-0.015459363957597236	2697480
2023-09-14	0.004710632570659508	0.00022431583669818564	0.011327949753252638	-0.0029161058770748195	0.004710632570659508	2340742
2023-09-15	-0.0025675373967403883	-0.00011163206072789815	0.00580486715784769	-0.008372404554588079	-0.0025675373967403883	1882700
2023-09-18	-0.04163402350307777	-0.002797985450475658	-0.0007834359261331078	-0.04734191382204801	-0.04163402350307777	7790506
2023-09-19	-0.036552610066565405	-0.005371949083265138	-0.004904823076024778	-0.036552610066565405	-0.036552610066565405	7344081
2023-09-20	0.016606060606060662	0.0	0.024484848484848436	-0.0008484848484847658	0.016606060606060662	7183665
2023-09-21	-0.016334803863121552	0.004530821509478901	0.007392392989149759	-0.018600214617861002	-0.016334803863121552	3726294
2023-09-22	-0.0047272727272727345	-0.0014545454545455098	0.003636363636363602	-0.009575757575757652	-0.0047272727272727345	5356966
2023-09-25	-0.029350870783095805	0.0	0.0004871513822921234	-0.03190841554012915	-0.029350870783095805	6628652
2023-09-26	-0.01079046424090338	-0.0006273525721455101	0.0033877038895858973	-0.02760351317440405	-0.01079046424090338	4703230
2023-09-27	0.012810755961440778	-0.006088280060882851	0.018264840182648373	-0.006088280060882851	0.012810755961440778	3425512
2023-09-28	0.014026299311208574	0.002504696305572985	0.02592360676268012	0.0008766437069506249	0.014026299311208574	4246279
2023-10-09	-0.023588983574163228	0.0	0.002840558231443794	-0.036433246881561104	-0.023588983574163228	4268296
2023-10-10	-0.03996964330887929	0.019478876802428435	0.022008601062484125	-0.04945610928408799	-0.03996964330887929	10905438
2023-10-11	-0.044664031620553366	-0.0052700922266140406	0.002898550724637666	-0.04940711462450593	-0.044664031620553366	15850277
2023-10-12	-0.030064818645704133	0.003999448351951345	0.004826920424768919	-0.03944283547096951	-0.030064818645704133	11011132
2023-10-13	-0.023460827527370845	0.0	0.002274989335987439	-0.03156547703682638	-0.023460827527370845	8607291
2023-10-16	-0.024461269656377498	-0.00990099009901	0.00728013977868375	-0.028974956319161457	-0.024461269656377498	8957534
2023-10-17	-0.002985074626865714	0.0	0.0025373134328358464	-0.0279104477611941	-0.002985074626865714	7195861
2023-10-18	-0.030239520958083774	-0.003143712574850206	-0.00029940119760473084	-0.03413173652694613	-0.030239520958083774	6889176
2023-10-19	-0.007564062982401897	-0.004322321704229718	0.006483482556344577	-0.011268910157456066	-0.007564062982401897	5902854
2023-10-20	-0.009954891896095934	-0.004666355576294979	0.005599626691553887	-0.012288069684243369	-0.009954891896095934	5206418
2023-10-23	0.001413982717989056	0.0018853102906520745	0.012882953652788694	-0.005498821681068365	0.001413982717989056	5374731
2023-10-24	0.00031377470975833105	-0.0003137747097584425	0.020709130844053972	-0.014747411358644569	0.00031377470975833105	7259569
2023-10-25	0.007841907151819434	0.004234629861982483	0.016311166875784176	-0.001725219573400242	0.007841907151819434	7106483
2023-10-26	-0.0017117958294428793	-0.004668534080298852	-0.0015561780267663947	-0.028633675692499274	-0.0017117958294428793	4797862
2023-10-27	0.021044427123928202	-0.004208885424785707	0.02572096648480111	-0.019173811379579173	0.021044427123928202	6762944
2023-10-30	0.019389312977099175	-0.0015267175572518216	0.02748091603053431	-0.006870229007633631	0.019389312977099175	8016211
2023-10-31	0.0020967500374419737	-0.00029953571963450685	0.013928410963007442	-0.005840946532874054	0.0020967500374419737	6289625
2023-11-01	-0.009415632939769773	-0.00014945449110732187	0.013002540726348896	-0.01285308623524136	-0.009415632939769773	4431187
2023-11-02	-0.03077851538925779	-0.001207000603500276	0.0	-0.0325890162945081	-0.03077851538925779	7076695
2023-11-03	0.02817559153175595	-0.0006226650062265262	0.03284557907845578	-0.0018679950186798	0.02817559153175595	5615913
2023-11-06	0.016199848599545912	0.0068130204390613605	0.022407267221801728	0.0009084027252082101	0.016199848599545912	6422593
2023-11-07	-0.0022348033373064016	-0.0016388557806912905	-0.00029797377830766136	-0.013259833134684155	-0.0022348033373064016	4115960
2023-11-08	-0.004927579513214847	0.0002986411826190238	0.004479617739286205	-0.020008959235478622	-0.004927579513214847	6259671
2023-11-09	0.006302521008403387	0.0	0.009303721488595507	-0.010204081632653163	0.006302521008403387	6414839
2023-11-10	-0.005666567253206016	-0.005219206680584678	-0.0004473605726215499	-0.009692812406799966	-0.005666567253206016	2811842
2023-11-13	0.01904619076184757	0.00029994001199754077	0.02399520095980795	-0.008248350329934182	0.01904619076184757	7740214
2023-11-14	0.0369389256806474	-0.0026490066225166565	0.037233259749816054	-0.005150846210448984	0.0369389256806474	11948814
2023-11-15	0.006102753335225758	-0.00014192449616790953	0.007663922793074174	-0.013624751632131619	0.006102753335225758	7854751
2023-11-16	-0.02087741571448729	-0.005501481168006779	-0.004090844971082046	-0.023557624488644402	-0.02087741571448729	5523474
2023-11-17	0.00605100129664316	-0.000288142918887711	0.00605100129664316	-0.008788359026076926	0.00605100129664316	3736924
2023-11-20	0.008449090648718365	0.0	0.015322927108692645	-0.013174853214950618	0.008449090648718365	5762155
2023-11-21	-0.012496449872195335	-0.000852030673104264	0.0011360408974722847	-0.012638454984379445	-0.012496449872195335	4218282
2023-11-22	-0.013085993672706511	-0.004745470232959627	0.0007190106413574512	-0.015674431981593375	-0.013085993672706511	4060101
2023-11-23	-0.008451114672883554	-0.00262275972606721	0.0061197726941571	-0.015445140609063126	-0.008451114672883554	3961171
2023-11-24	-0.029977957384276152	-0.002498163115356381	-0.002498163115356381	-0.029977957384276152	-0.029977957384276152	5646408
2023-11-27	-0.013482805635509779	-0.004090289350098625	0.00469625814270547	-0.019693985759733544	-0.013482805635509779	3850183
2023-11-28	0.00890663390663388	-0.0018427518427519124	0.011824324324324263	-0.005835380835380983	0.00890663390663388	3120431
2023-11-29	0.0056316590563164435	-0.0030441400304414435	0.026331811263318173	-0.012024353120243626	0.0056316590563164435	5007144
2023-11-30	-0.02194642046314498	0.0001513546238838371	0.0001513546238838371	-0.026941123051309024	-0.02194642046314498	3673957
2023-12-01	-0.0029402661714639077	0.0	0.0024760136180748465	-0.016867842773135303	-0.0029402661714639077	4049068
2023-12-04	0.0035697656371254036	0.008536396088778474	0.026540431476020386	0.00341455843551139	0.0035697656371254036	4128400
2023-12-05	-0.02953912774512831	-0.005722239406124194	-0.0043303433343643855	-0.030003093102381657	-0.02953912774512831	4519214
2023-12-06	-0.01003984063745024	-0.002868525896414338	0.01083665338645418	-0.01003984063745024	-0.01003984063745024	4231542
2023-12-07	-0.02881519639407597	-0.00611719253058589	-0.003863490019317368	-0.040566645202833165	-0.02881519639407597	7877318
2023-12-08	-0.018730316592076836	-0.005304160450853643	0.0019890601690701897	-0.029007127465605836	-0.018730316592076836	8420161
2023-12-11	0.011824324324324252	-0.007263513513513509	0.011824324324324252	-0.02736486486486494	0.011824324324324252	12263249
2023-12-12	0.022537562604340592	-0.0048414023372287006	0.041569282136894856	-0.008180300500834759	0.022537562604340592	9698556
2023-12-13	-0.01616326530612248	-0.0024489795918367116	0.011591836734693892	-0.0163265306122449	-0.01616326530612248	4609194
2023-12-14	-0.008131430467972036	0.003816793893129837	0.008463325589113925	-0.010786591437105851	-0.008131430467972036	3330385
2023-12-15	-0.007026936590262702	-0.0028442362389158723	0.011376944955663371	-0.012715409068094447	-0.007026936590262702	3148296
2023-12-18	-0.02898062342038751	-0.010109519797809628	-0.007076663858466751	-0.033866891322662136	-0.02898062342038751	7729445
2023-12-19	0.0039909769217420935	0.006246746486205091	0.023251778587541145	-0.0048585806003817655	0.0039909769217420935	4416697
2023-12-20	-0.03992395437262362	-0.0003456619426200488	-0.0003456619426200488	-0.04147943311441408	-0.03992395437262362	6826230
2023-12-21	0.01746174617461757	-0.004500450045004501	0.027722772277227838	-0.009360936093609289	0.01746174617461757	6210792
2023-12-22	0.012031139419674446	0.0033616418966737035	0.027600849256900126	-0.005307855626327039	0.012031139419674446	6611257
2023-12-25	0.031468531468531416	0.0071678321678321074	0.036713286713286615	0.0071678321678321074	0.031468531468531416	8657622
2023-12-26	-0.035084745762711866	-0.0033898305084746243	-0.0008474576271185959	-0.038135593220338986	-0.035084745762711866	5476356
2023-12-27	0.0014052344985069085	0.0021078517477603627	0.006499209555594545	-0.009309678552608487	0.0014052344985069085	3520484
2023-12-28	0.04262410103490615	-0.0036835642869672137	0.05876162076828629	-0.004736011226100615	0.04262410103490615	9155510
2023-12-29	-0.010094212651413095	0.004205921938088829	0.006897711978465742	-0.01581426648721396	-0.010094212651413095	6499697
2024-01-02	-0.017675050985724104	0.005438477226376498	0.01546566961250844	-0.0193745751189667	-0.017675050985724104	7310987
2024-01-03	-0.025951557093425608	-0.005190311418685072	-0.003460207612456674	-0.030968858131487875	-0.025951557093425608	6777108
2024-01-04	-0.038721136767317935	-0.0008880994671402692	0.0	-0.04387211367673178	-0.038721136767317935	11071955
2024-01-05	-0.02605321507760526	-0.0031411677753140172	0.004065040650406615	-0.03344419807834433	-0.02605321507760526	9569672
2024-01-08	-0.03206222728135075	-0.005881236956934211	0.003984063745019937	-0.032251944602542264	-0.03206222728135075	6525579
2024-01-09	0.004508036064288453	-0.00039200313602514946	0.02097216777734222	-0.007056056448451716	0.004508036064288453	6746371
2024-01-10	-0.01365853658536591	-0.009365853658536524	0.004878048780487805	-0.024390243902439025	-0.01365853658536591	5489088
2024-01-11	0.01899109792284868	0.0	0.02571711177052432	-0.0061325420375864526	0.01899109792284868	6262545
2024-01-12	-0.01397786837507278	-0.003882741215297918	-0.0017472335468840285	-0.026985051446321115	-0.01397786837507278	8309788
2024-01-15	-0.019295136837960167	-0.011616459933057616	-0.004725339633786217	-0.022051584957668784	-0.019295136837960167	5832048
2024-01-16	-0.007628990162617999	-0.003212206384260263	-0.0012045773940976164	-0.021080104396707572	-0.007628990162617999	7461853
2024-01-17	-0.025895205340886126	-0.0016184503338053469	0.0024276755007080204	-0.026502124216063166	-0.025895205340886126	6721390
2024-01-18	0.03302180685358263	-0.005607476635513936	0.03489096573208722	-0.009138110072689465	0.03302180685358263	9388896
2024-01-19	-0.025130679533574587	-0.00723763570566947	0.0	-0.029352633695215135	-0.025130679533574587	7084314
2024-01-22	-0.02680965147453092	-0.0010311404413281967	0.01010517632501536	-0.03835842441740564	-0.02680965147453092	7788663
2024-01-23	-0.002119093028183817	-0.009324009324009275	0.015257469802924325	-0.014409832591650767	-0.002119093028183817	8497769
2024-01-24	0.013803355277128872	0.011255043533658823	0.016988744956466278	-0.027394351242302106	0.013803355277128872	7992380
2024-01-25	0.04105571847507333	0.0	0.04189359028068705	-0.0077503142019272	0.04105571847507333	11242654
2024-01-26	-0.012877263581488944	-0.002213279678068399	0.0036217303822937566	-0.016700201207243567	-0.012877263581488944	7030741
2024-01-29	-0.01406441092539757	0.0008153281695882418	0.03607827150428039	-0.015287403179779861	-0.01406441092539757	7293002
2024-01-30	-0.03845358693405002	-0.007649369443870115	0.009096547446764624	-0.03845358693405002	-0.03845358693405002	7153720
2024-01-31	-0.041066437325306314	-0.00494517308105777	0.004085142980004404	-0.04429155020425705	-0.041066437325306314	8790587
2024-02-01	0.024663677130044873	-0.0022421524663677446	0.06210762331838556	-0.017937219730941797	0.024663677130044873	10385797
2024-02-02	-0.05382932166301971	-0.0010940919037200057	0.008971553610503207	-0.07855579868708978	-0.05382932166301971	9092327
2024-02-05	-0.03630897317298798	-0.010175763182238779	0.005087881591119308	-0.06660499537465316	-0.03630897317298798	10457846
2024-02-06	0.06023518118550511	-0.015598752099831978	0.06575473962083021	-0.015598752099831978	0.06023518118550511	10819589
2024-02-07	0.022861023087369807	-0.00022634676324124063	0.05409687641466728	-0.005885015844273382	0.022861023087369807	13620323
2024-02-08	0.04226598805045372	0.019473334808586026	0.04558530648373539	-0.006417348971011267	0.04226598805045372	15658530
2024-02-19	0.0014861995753715559	0.018895966029724005	0.019108280254777038	-0.021019108280254818	0.0014861995753715559	12483467
2024-02-20	-0.009963960144159399	-0.01038795844816625	-0.00805596777612895	-0.024167903328386697	-0.009963960144159399	7491142
2024-02-21	0.019486081370449604	-0.002141327623126369	0.044111349036402465	-0.015417558886509763	0.019486081370449604	12006877
2024-02-22	0.01407267380802356	-0.00021003990758239888	0.022684310018903555	-0.0010501995379121436	0.01407267380802356	9842938
2024-02-23	0.013048881524440668	0.0014498757249378684	0.01843413421706712	-0.00787075393537702	0.013048881524440668	10533697
2024-02-26	0.004293600490697217	-0.004293600490697071	0.025966060110406936	-0.01124514414230213	0.004293600490697217	10531116
2024-02-27	0.09995928338762224	-0.005700325732898901	0.09995928338762224	-0.010586319218240962	0.09995928338762224	27990889
2024-02-28	-0.018508236165093468	0.009994447529150456	0.040162872478252856	-0.02646677771608365	-0.018508236165093468	34130221
2024-02-29	0.08165189515368655	-0.002451442579671932	0.09994342824816137	-0.006977182726758524	0.08165189515368655	36958023
2024-03-01	0.023535564853556512	0.007670850767085037	0.031380753138075264	-0.009762900976290137	0.023535564853556512	28702750
2024-03-04	-0.02520865269971051	-0.001873616079032523	-0.001532958610117585	-0.045818429569068266	-0.02520865269971051	23753937
2024-03-05	-0.03704350864930976	-0.012755547789620774	-0.0005242005940939024	-0.03966451161977977	-0.03704350864930976	18921529
2024-03-06	0.01397205588822361	-0.0030847396116857506	0.03193612774451094	-0.010161495191435353	0.01397205588822361	16451377
2024-03-07	-0.040085898353614924	-0.0014316392269149141	0.004115962777380044	-0.04080171796707232	-0.040085898353614924	15227153
2024-03-08	0.08128262490678596	0.0065249813571961485	0.0967561521252796	-0.0057792692020880365	0.08128262490678596	24506652
2024-03-11	-0.006551724137931079	-0.017241379310344827	-0.004310344827586207	-0.028275862068965527	-0.006551724137931079	18735397
2024-03-12	0.02898299201666091	-0.0020826102047899592	0.056404026379729265	-0.004338771259979174	0.02898299201666091	27710261
2024-03-13	0.0005059875189745511	0.009613762860516113	0.036937088885140794	-0.006746500252993735	0.0005059875189745511	23686209
2024-03-14	-0.0072488199595414655	-0.007417397167902861	0.011463250168577204	-0.032198246797033106	-0.0072488199595414655	18368977
2024-03-15	0.014094073696722675	-0.003056546102903714	0.018339276617422285	-0.012226184411614856	0.014094073696722675	14029160
2024-03-18	0.013563295378432724	0.004688546550569343	0.01557267247153382	-0.008707300736771534	0.013563295378432724	15740796
2024-03-19	-0.029406905666611617	-0.00346935403931936	-0.00346935403931936	-0.029737320337023032	-0.029406905666611617	13114858
2024-03-20	-0.00017021276595741294	0.0	0.011234042553191432	-0.013106382978723458	-0.00017021276595741294	10693657
2024-03-21	-0.018556350017024232	0.0011916922029281628	0.0057882192713652756	-0.026387470207695	-0.018556350017024232	12096469
2024-03-22	-0.033304423243712085	-0.004509973980919306	-0.0026019080659149796	-0.03590633130962707	-0.033304423243712085	14996434
2024-03-25	-0.021711824869908376	-0.002691548537591936	0.013816615826305457	-0.0245828099766732	-0.021711824869908376	11508977
2024-03-26	-0.012289068231841557	0.0	0.0069699192956712295	-0.02476155539251653	-0.012289068231841557	10193303
2024-03-27	-0.049210770659238595	-0.0009285051067781664	0.004642525533890436	-0.04995357474466119	-0.049210770659238595	12474890
2024-03-28	0.06621093750000001	0.0	0.0988281249999999	-0.002929687500000111	0.06621093750000001	19844328
2024-03-29	-0.0038468583989741865	-0.005678695731819056	0.0007327349331379217	-0.022714782927276092	-0.0038468583989741865	10100940
2024-04-01	0.010665685913938917	0.004229496138286077	0.01507907318867231	0.0003677822728943733	0.010665685913938917	10450052
2024-04-02	-0.01764919941775835	-0.004548762736535662	-0.003093158660844281	-0.024381368267831213	-0.01764919941775835	9662305
2024-04-03	-0.034080385256529046	-0.0072235599185034366	-0.0016669753658085462	-0.03871087238377483	-0.034080385256529046	14345706
2024-04-08	-0.05560882070949182	-0.002876318312559896	-0.002492809204218513	-0.0582933844678811	-0.05560882070949182	20086470
2024-04-09	-0.004467005076142109	-0.004873096446700548	0.014010152284263912	-0.01807106598984773	-0.004467005076142109	12485207
2024-04-10	-0.041811136039159785	-0.003263308178666198	-0.003263308178666198	-0.05404854170915763	-0.041811136039159785	16617547
2024-04-11	-0.006385696040868394	-0.011919965942954346	0.011068539804172056	-0.014899957428692972	-0.006385696040868394	12367645
2024-04-12	0.004498714652956317	0.00021422450728359062	0.027849185946872263	0.00021422450728359062	0.004498714652956317	12776521
2024-04-15	0.09426316911921521	0.002345915973555117	0.10002132650885046	0.0017061207080400573	0.09426316911921521	35230288
2024-04-16	-0.035080880919898735	-0.008965114012863006	0.010329370493081292	-0.035275774702787026	-0.035080880919898735	23998841
2024-04-17	0.03676025045445365	0.007877196525954365	0.04403150878610381	0.0010098969905070543	0.03676025045445365	19821054
2024-04-18	-0.012468342100136384	-0.006234171050068192	0.009935710111046272	-0.017533606078316746	-0.012468342100136384	17337945
2024-04-19	0.0021700532649437648	-0.012823042020122284	0.013809429867824085	-0.020714144801735987	0.0021700532649437648	16248269
2024-04-22	0.0688976377952756	0.021259842519685147	0.07834645669291347	0.005905511811023706	0.0688976377952756	28188170
2024-04-23	-0.01952117863720065	-0.014732965009208052	-0.00018416206261506467	-0.02928176795580104	-0.01952117863720065	20168335
2024-04-24	0.004695717505634861	-0.001878287002253971	0.005447032306536422	-0.025544703230653634	0.004695717505634861	18844049
2024-04-25	-0.03645541222658446	-0.00916059076462894	-0.00916059076462894	-0.03701626472237809	-0.03645541222658446	17548136
2024-04-26	-0.012999611951882067	-0.017074117190531677	-0.011253395421032176	-0.049282110981761724	-0.012999611951882067	22659480
2024-04-29	-0.05956359347355994	-0.07332415962256728	-0.04442697070965202	-0.08570866915667387	-0.05956359347355994	38924740
2024-04-30	-0.02424749163879606	0.0	0.008361204013377897	-0.02487458193979943	-0.02424749163879606	20513270
2024-05-06	0.01692373607540701	0.005784061696658164	0.034704370179948534	0.005784061696658164	0.01692373607540701	15857703
2024-05-07	0.017063408468506472	-0.003581209184748298	0.02043395828944594	-0.010954286918053424	0.017063408468506472	18138300
2024-05-08	-0.032725766362883144	0.00041425020712502114	0.0012427506213753578	-0.032725766362883144	-0.032725766362883144	14104121
2024-05-09	0.04539614561027831	-0.006209850107066515	0.04946466809421831	-0.006209850107066515	0.04539614561027831	27997264
2024-05-10	-0.01843506759524782	-0.003482179434657962	0.005325686194182671	-0.021917247029905784	-0.01843506759524782	13727594
2024-05-13	-0.0068864774624373595	-0.012938230383973383	-0.0004173622704508165	-0.03318030050083479	-0.0068864774624373595	12247592
2024-05-14	-0.020592561462492203	-0.0002101281781888026	0.004412691741962465	-0.025005253204454816	-0.020592561462492203	14508704
2024-05-15	-0.04355288564685692	-0.0049345633984122905	-0.0012872774082815334	-0.043981978116284	-0.04355288564685692	17951482
2024-05-16	0.0033647375504710316	0.002916105877074979	0.013458950201884286	-0.004486316733961322	0.0033647375504710316	12283478
2024-05-17	0.02548625083836353	-0.005812653699977599	0.026604068857590094	-0.012072434607645857	0.02548625083836353	11770421
2024-05-20	0.026814911706998127	-0.0015260518857641223	0.03684325267059091	-0.00828428166557653	0.026814911706998127	15282448
2024-05-21	-0.014437367303609335	-0.002335456475583852	-0.002335456475583852	-0.01719745222929941	-0.014437367303609335	6495136
2024-05-22	0.016587677725118398	-0.003662214562688533	0.02132701421800937	-0.00883239982766057	0.016587677725118398	8394750
2024-05-23	-0.01589319771137953	0.00021190930281850216	0.006145369781733401	-0.019707565162110613	-0.01589319771137953	7066000
2024-05-24	-0.03208440999138663	-0.007105943152454744	0.0021533161068045094	-0.03251507321274759	-0.03208440999138663	7730645
2024-05-27	-0.005339265850945539	0.0008898776418242301	0.0024471635150166726	-0.03804226918798667	-0.005339265850945539	10553776
2024-05-28	0.00022366360993061977	-0.004920599418474589	0.024379333482442325	-0.015432789085215785	0.00022366360993061977	8901438
2024-05-29	-0.003577817531305827	-0.002459749552772796	0.012745974955277288	-0.00805008944543827	-0.003577817531305827	4256600
2024-05-30	0.003141831238779187	-0.005161579892280161	0.01413824057450618	-0.011669658886894144	0.003141831238779187	5880300
2024-05-31	0.010067114093959635	0.0	0.016554809843400332	-0.003355704697986704	0.010067114093959635	7096400
2024-06-03	-0.018604651162790618	-0.0022148394241417813	0.004872646733111824	-0.02369878183831673	-0.018604651162790618	6759212
2024-06-04	0.0388174227036786	-0.004739336492891014	0.04491085533739551	-0.014895057549086068	0.0388174227036786	12141911
2024-06-05	-0.003258744297197449	-0.006082989354768653	0.029763197914403593	-0.007603736693460817	-0.003258744297197449	13038762
2024-06-06	-0.029860505666957377	0.001307759372275396	0.0069747166521360125	-0.031168265039232774	-0.029860505666957377	8936416
2024-06-07	0.009660750393170069	0.0033700292069197614	0.024713547517411852	-0.0033700292069197614	0.009660750393170069	8360617
2024-06-11	0.030485091232754887	-0.009790832220738713	0.0309301290609702	-0.025144637294169905	0.030485091232754887	10677620
2024-06-12	0.0010796804145972178	-0.0023752969121140018	0.018354567048153622	-0.007341826819261572	0.0010796804145972178	8655789
2024-06-13	0.018766177739430488	-0.002157031924072507	0.020276100086281227	-0.005608283002588395	0.018766177739430488	10392990
2024-06-14	-0.007410544145670005	0.0	0.004658056320135634	-0.011856870633072098	-0.007410544145670005	8880494
2024-06-17	0.004479522184300359	-0.006399317406143436	0.02538395904436855	-0.009598976109215077	0.004479522184300359	9562559
2024-06-18	0.0012741558717348728	-0.0016988744956467486	0.005521342110851518	-0.008069653854321566	0.0012741558717348728	7572928
2024-06-19	-0.021208907741251327	-0.000848356309650035	-0.00021208907741247107	-0.021420996818663798	-0.021208907741251327	6396499
2024-06-20	-0.026218851570964267	-0.007583965330444234	0.0026002166847238256	-0.02730227518959909	-0.026218851570964267	5570485
2024-06-21	0.004005340453938579	-0.009790832220738713	0.010013351134846527	-0.009790832220738713	0.004005340453938579	4189402
2024-06-24	-0.02659574468085097	-0.011524822695035374	-0.0053191489361701	-0.03169326241134751	-0.02659574468085097	6046587
2024-06-25	-0.04553734061930783	-0.0013661202185792868	0.004781420765027342	-0.04826958105646641	-0.04553734061930783	8791267
2024-06-26	0.020276717557251942	0.0	0.022423664122137348	-0.012166030534351266	0.020276717557251942	5154044
2024-06-27	-0.021510404489127933	-0.006079027355623219	-0.004208557400046755	-0.022211830722469086	-0.021510404489127933	4048330
2024-06-28	-0.007646356033452814	-0.026045400238948708	0.019115890083631952	-0.032258064516129066	-0.007646356033452814	8482192
2024-07-01	-0.02576450758487841	-0.006260534553334891	0.007705273296412239	-0.03876715627257403	-0.02576450758487841	8797546
2024-07-02	-0.057587740978744396	-0.007661888284725711	-0.003954522985664946	-0.06277805239742953	-0.057587740978744396	13262033
2024-07-03	-0.03881458169420414	-0.005769735116706162	-0.00524521374246008	-0.05035405192761609	-0.03881458169420414	13708003
2024-07-04	-0.023192360163710818	-0.0005457025920872038	0.006275579809004201	-0.02455661664392902	-0.023192360163710818	8203209
2024-07-05	0.003631284916201189	-0.006424581005586506	0.018156424581005748	-0.017318435754189874	0.003631284916201189	7745075
2024-07-08	-0.04397439465627605	-0.005009741163373218	0.0016699137211244719	-0.04787086000556635	-0.04397439465627605	8750441
2024-07-09	0.07772925764192144	0.018631732168850088	0.08791848617176116	0.017467248908296984	0.07772925764192144	18036222
2024-07-10	-0.0021609940572664883	-0.00054024851431667	0.016477579686655846	-0.0072933549432739895	-0.0021609940572664883	8444500
2024-07-11	0.03519220357336233	0.01353546291283162	0.04872766648619395	0.01353546291283162	0.03519220357336233	9772670
2024-07-12	-0.001046025104602488	-0.007322175732217603	0.006276150627614929	-0.007583682008368178	-0.001046025104602488	4859383
2024-07-15	-0.010732984293193814	-0.006544502617801046	0.007853403141361182	-0.01780104712041884	-0.010732984293193814	4632238
2024-07-16	0.015612595924847934	-0.0037046837787774694	0.018523418893887346	-0.008203228367292995	0.015612595924847934	5015958
2024-07-17	0.020844189682126032	-0.0010422094841062832	0.042209484106305296	-0.003908285565398793	0.020844189682126032	9817938
2024-07-18	0.013016845329249566	-0.009443593670239853	0.018121490556406352	-0.02194997447677385	0.013016845329249566	7266774
2024-07-19	0.016628873771731008	-0.0017636684303351043	0.023431594860166282	-0.009070294784580485	0.016628873771731008	7535800
2024-07-22	0.003469640644361848	0.0012391573729862988	0.018091697645600913	-0.0012391573729864749	0.003469640644361848	7533558
2024-07-23	-0.038281057051123835	0.0027167201778216703	0.005680414917263444	-0.038281057051123835	-0.038281057051123835	6259236
2024-07-24	0.004879301489471105	0.005649717514124265	0.02696456086286606	-0.012069851052901872	0.004879301489471105	8386901
2024-07-25	-0.006133401482238742	-0.00638895987733197	0.004855609506772239	-0.012011244569384256	-0.006133401482238742	4512701
2024-07-26	0.015685266135253263	0.0	0.01851375674980712	-0.004885574697865717	0.015685266135253263	8287875
2024-07-29	-0.005569620253164528	-0.0020253164556961593	0.011645569620253185	-0.01645569620253161	-0.005569620253164528	5365314
2024-07-30	0.01476578411405291	0.0007637474541751817	0.025967413441955092	-0.01603869653767827	0.01476578411405291	7058700
2024-07-31	0.018063221274460584	-0.0015052684395384414	0.018564977420973457	-0.006522829904666282	0.018063221274460584	9337419
2024-08-01	-0.00887136520453424	0.0	0.01675702316412025	-0.010349926071956672	-0.00887136520453424	8517379
2024-08-02	-0.01839880656389861	-0.010193933366484251	0.010939830929885572	-0.02038786673296868	-0.01839880656389861	5743300
2024-08-05	-0.027102330293819664	-0.005319148936170055	0.014944275582573543	-0.027102330293819664	-0.027102330293819664	6199181
2024-08-06	0.030200468627961566	0.010413954699297207	0.04530070294194226	0.010153605831814648	0.030200468627961566	7214400
2024-08-07	0.040687389436441734	0.0010108668182966679	0.05003790750568605	-0.0017690169320192135	0.040687389436441734	11570827
2024-08-08	-0.03691112190383689	-0.0050995628946090546	-0.0007285089849441753	-0.03958232151529875	-0.03691112190383689	8115500
2024-08-09	-0.02622289460413513	0.004034291477559347	0.00932929904185589	-0.027483610690872323	-0.02622289460413513	6335616
2024-08-12	-0.01061626100466071	-0.004401864319005557	-0.0015535991714136503	-0.017348524080787017	-0.01061626100466071	3448557
2024-08-13	0.020675215912064882	-0.005234231876472202	0.03768646951059926	-0.005234231876472202	0.020675215912064882	6212016
2024-08-14	-0.028461538461538448	0.0015384615384615968	0.0025641025641026005	-0.028461538461538448	-0.028461538461538448	3802980
2024-08-15	0.007389812615465852	-0.004222750065980567	0.022433359725521282	-0.014515703351807789	0.007389812615465852	4499800
2024-08-16	-0.012313335079905655	0.000785957558291882	0.0057636887608068866	-0.015457165313073182	-0.012313335079905655	4079109
2024-08-19	-0.0002652519893900561	-0.002652519893899242	0.007161803713527745	-0.011936339522546493	-0.0002652519893900561	3935391
2024-08-20	-0.02732820376757764	-0.002653223666754957	0.0	-0.032104006367736825	-0.02732820376757764	5024773
2024-08-21	-0.0005455537370429903	-0.003000545553737028	0.018276050190943856	-0.005455537370430872	-0.0005455537370429903	4034734
2024-08-22	-0.00791484716157203	-0.0019104803493449859	0.006277292576419129	-0.013373362445414901	-0.00791484716157203	3896279
2024-08-23	0.0016506189821181613	-0.004676753782668548	0.007702888583218738	-0.009628610729023422	0.0016506189821181613	2915300
2024-08-26	0.03927492447129929	0.010711343037627042	0.05081021697335901	0.0038450975006866406	0.03927492447129929	6183375
2024-08-27	-0.01268498942917558	-0.0015856236786469945	-0.00026427061310795757	-0.0251057082452432	-0.01268498942917558	4749484
2024-08-28	0.010171306209850175	-0.002141327623126293	0.012847965738758137	-0.0117773019271948	0.010171306209850175	4841953
2024-08-29	0.006094329623741305	-0.006359300476947588	0.008744038155802816	-0.012718600953895176	0.006094329623741305	5970559
2024-08-30	-0.006584145377929945	-0.015011851461680282	0.015801948907031904	-0.015011851461680282	-0.006584145377929945	11350630
2024-09-02	-0.03923647932131487	0.0	0.0007953340402969549	-0.03923647932131487	-0.03923647932131487	7355740
2024-09-03	0.007174392935982285	0.0016556291390727143	0.020971302428256015	0.0	0.007174392935982285	3575606
2024-09-04	-0.010958904109589003	-0.007397260273972688	0.006027397260273942	-0.011780821917808212	-0.010958904109589003	3445689
2024-09-05	0.006648199445983435	0.0	0.014404432132963878	-0.0011080332409972062	0.006648199445983435	3596526
2024-09-06	-0.036873968079251605	0.0	0.0013758943313152765	-0.03824986241056688	-0.036873968079251605	5657024
2024-09-09	-0.015428571428571404	-0.002857142857142898	0.0065714285714284825	-0.03057142857142858	-0.015428571428571404	5480995
2024-09-10	0.0	0.0	0.007254788160185722	-0.022344747533372115	0.0	5187324
2024-09-11	0.001450957632037062	-0.004643064422518969	0.014509576320371444	-0.007254788160185722	0.001450957632037062	4091698
2024-09-12	-0.019124891335844586	0.004346566212691932	0.013039698638076002	-0.023471457548536516	-0.019124891335844586	4759751
2024-09-13	-0.02451994091580497	0.007680945347119586	0.008567208271787271	-0.02481536189069434	-0.02451994091580497	5108272
2024-09-18	-0.008479709267110875	-0.0006056935190794405	0.0048455481526346635	-0.01968503937007891	-0.008479709267110875	3862359
2024-09-19	0.011301160659743355	0.008552229688454524	0.02260232131948671	-0.00702504581551631	0.011301160659743355	4499143
2024-09-20	-0.01449713077620045	0.0	0.0030202355783751564	-0.028088190878888544	-0.01449713077620045	5581343
2024-09-23	-0.0012258657676984107	0.00643579528041682	0.020533251608948654	-0.003064664419246136	-0.0012258657676984107	4331100
2024-09-24	0.04970849953973603	0.009205277692543637	0.050015342129487425	-0.0006136851795030109	0.04970849953973603	10157309
2024-09-25	0.021338789827535717	0.007015492546039228	0.04150833089739847	0.007015492546039228	0.021338789827535717	11193400
2024-09-26	0.05552375500858629	-0.001144819690898659	0.05552375500858629	-0.006010303377218113	0.05552375500858629	12193504
2024-09-27	0.07646420824295011	0.015455531453362262	0.09219088937093271	0.015455531453362262	0.07646420824295011	17279330
2024-09-30	0.09999999999999996	0.04534005037783368	0.09999999999999996	0.027959697732997463	0.09999999999999996	26049077
2024-10-08	0.10006869704602696	0.10006869704602696	0.10006869704602696	0.048087932218914616	0.10006869704602696	31313598
2024-10-09	-0.04059117402164854	-0.0008326394671107233	0.039342214820982525	-0.043505412156536145	-0.04059117402164854	34200634
2024-10-10	-0.027988717726188026	0.0	0.01844217834671283	-0.04100672597092646	-0.027988717726188026	20878994
2024-10-11	-0.06049107142857129	-0.0044642857142856195	-0.0044642857142856195	-0.07589285714285711	-0.06049107142857129	17717989
2024-10-14	0.05321929199334746	0.0076027559990494925	0.06866239011641705	0.0016631028747919499	0.05321929199334746	23721902
2024-10-15	-0.021655763591247483	-0.0020302278366793663	0.010602300924881545	-0.022558087074216106	-0.021655763591247483	13682234
2024-10-16	-0.006686649757897145	-0.021673968180770067	0.012451002997463666	-0.0232879870878487	-0.006686649757897145	11708542
2024-10-17	0.03992571959145773	0.009749303621169957	0.06662024141132787	0.00557103064066857	0.03992571959145773	21658555
2024-10-18	0.04665178571428579	0.00022321428571439993	0.0714285714285715	-0.013169642857142776	0.04665178571428579	23289070
2024-10-21	0.0929835785881851	0.019407123053955994	0.10002132650885046	0.002345915973555117	0.0929835785881851	39761516
2024-10-22	-0.03414634146341464	-0.00975609756097561	-0.00975609756097561	-0.04390243902439024	-0.03414634146341464	23878227
2024-10-23	0.014545454545454523	0.0072727272727272614	0.04989898989898987	0.006060606060606003	0.014545454545454523	25767997
2024-10-24	-0.027279968140183145	0.0	0.0	-0.02847471127041019	-0.027279968140183145	14584303
2024-10-25	0.014943705220061347	0.013306038894575201	0.033776867963152477	0.008188331627430882	0.014943705220061347	14713151
2024-10-28	-0.014118596208148362	-0.03005244050020159	-0.0056474384832594015	-0.04033884630899556	-0.014118596208148362	16911002
2024-10-29	-0.01493453355155491	0.0	0.021072013093289564	-0.01800327332242231	-0.01493453355155491	14415684
2024-10-30	-0.009138110072689465	-0.0031152647975077586	0.024299065420560782	-0.01557632398753894	-0.009138110072689465	11681192
2024-10-31	-0.005868790609935048	-0.00020959966464049486	0.009851184238105194	-0.01697757283588351	-0.005868790609935048	14968680
2024-11-01	-0.034998945814885024	0.010963525195024313	0.019607843137254895	-0.034998945814885024	-0.034998945814885024	14890370
2024-11-04	0.016167795499235194	-0.004151190736290252	0.027965916539217695	-0.005243609351103386	0.016167795499235194	9233834
2024-11-05	0.04085142980004297	0.0	0.053536873790582716	-0.010965383788432552	0.04085142980004297	17748300
2024-11-06	0.00826275562900239	0.009295600082627616	0.0320181780623839	-0.010328444536252842	0.00826275562900239	17783098
2024-11-07	0.01208768694939554	-0.011268182749436677	0.01413644744929313	-0.022741241548862926	0.01208768694939554	14977081
2024-11-08	0.018016194331983818	0.010323886639676073	0.04311740890688264	0.005263157894736802	0.018016194331983818	20448621
2024-11-11	0.05448399284151923	0.0021873135812288612	0.06661364088287933	0.0021873135812288612	0.05448399284151923	24046147
2024-11-12	-0.03469734112766365	0.00490288515934373	0.012068640392230823	-0.04488025645860838	-0.03469734112766365	22751656
2024-11-13	-0.013088493846454281	-0.005665168978316061	-0.00019535065442465347	-0.030084000781402602	-0.013088493846454281	13658127
2024-11-14	-0.0328582739509106	0.0	0.0	-0.03325415676959619	-0.0328582739509106	10752692
2024-11-15	-0.028243962341383596	-0.008391322144903736	0.005525992632009888	-0.0284486287351617	-0.028243962341383596	10726006
2024-11-18	-0.02000842459983142	-0.005897219882055477	0.010741364785172812	-0.030539174389216425	-0.02000842459983142	9776840
2024-11-19	0.019127444659359564	0.006662368364496073	0.025574897915323396	-0.01461422738018482	0.019127444659359564	10429282
2024-11-20	-0.0025305778152679152	0.00021088148460560966	0.0014761703922395674	-0.015183466891606892	-0.0025305778152679152	8827939
2024-11-21	0.0025369978858351913	0.0	0.011416490486258061	-0.009725158562367733	0.0025369978858351913	7144832
2024-11-22	-0.05609447490510341	0.0	0.002741459299873375	-0.05609447490510341	-0.05609447490510341	13907821
2024-11-25	-0.027479892761394033	0.0008936550491510087	0.008936550491510245	-0.04602323503127782	-0.027479892761394033	13556975
2024-11-26	-0.0032161727544222506	-0.0002297266253158284	0.014013324144268308	-0.004594532506317547	-0.0032161727544222506	6660007
2024-11-27	0.045171698548052565	-0.0018437427978796564	0.045171698548052565	-0.02051163862641163	0.045171698548052565	12541599
2024-11-28	0.00022050716648286682	0.0	0.032855567805953736	-0.00485115766262401	0.00022050716648286682	10698390
2024-11-29	0.01984126984126981	-0.0035273368606701188	0.026234567901234518	-0.011022927689594356	0.01984126984126981	9813704
2024-12-02	-0.0028102031993081597	-0.003458711629917782	0.00259403372243849	-0.009727626459143877	-0.0028102031993081597	8727085
2024-12-03	-0.01365705614567532	0.0	0.0015174506828528134	-0.021677866897897247	-0.01365705614567532	7369674
2024-12-04	-0.012967032967033042	0.006813186813186863	0.018461538461538536	-0.015384615384615448	-0.012967032967033042	7603037
2024-12-05	-0.0013360053440212686	-0.004230683589400974	0.0048986862614118455	-0.011801380538855356	-0.0013360053440212686	6582014
2024-12-06	0.008918617614269757	0.005574136008918617	0.013823857302118114	-0.004905239687848358	0.008918617614269757	6767701
2024-12-09	-0.017237569060773505	-0.006187845303867429	-0.0015469613259668571	-0.02497237569060779	-0.017237569060773505	7391948
2024-12-10	0.0042725432876095735	0.03350573420283342	0.03687879469305151	0.0020238362941309516	0.0042725432876095735	9995926
2024-12-11	0.006493506493506634	-0.003358710255261948	0.0067174205105240544	-0.006717420510523896	0.006493506493506634	6290258
2024-12-12	0.02758620689655161	-0.004004449388209114	0.04048943270300334	-0.004004449388209114	0.02758620689655161	15293174
2024-12-13	-0.01515479541026187	0.0004329941545789809	0.009092877246157214	-0.018185754492314275	-0.01515479541026187	22987157
2024-12-16	-0.04264673554627401	-0.004616399208617297	-0.0006594856012310647	-0.04924159155858435	-0.04264673554627401	15502605
2024-12-17	-0.002066590126291534	-0.0022962112514350016	0.009644087256027594	-0.009644087256027431	-0.002066590126291534	7565714
2024-12-18	0.002991256327657675	-0.0013805798435343366	0.010814542107685201	-0.0048320294523700145	0.002991256327657675	6776017
2024-12-19	0.00894700619408106	-0.01055287910071119	0.012158752007340996	-0.018123422803395416	0.00894700619408106	6508758
2024-12-20	-0.007730786721236843	-0.005229649840836673	0.004547521600727669	-0.010914051841746177	-0.007730786721236843	9615076
2024-12-23	-0.027497708524289708	-0.00824931255728688	0.000687442713107267	-0.030476626947754316	-0.027497708524289708	9868947
2024-12-24	0.009896324222431708	0.00023562676720087456	0.01036757775683329	-0.002827521206408988	0.009896324222431708	5627836
2024-12-25	-0.012599160055996247	-0.0013999066728885273	0.0	-0.017498833411105925	-0.012599160055996247	4886679
2024-12-26	0.021030245746691885	0.004253308128544416	0.02670132325141783	0.0021266540642721245	0.021030245746691885	6647410
2024-12-27	0.010645683869474678	0.013885674612358283	0.024531358481832962	0.0037028465632954546	0.010645683869474678	10069406
2024-12-30	0.00022899015342335723	0.007556675062972253	0.015571330432791382	-0.010762537210899904	0.00022899015342335723	7293703
2024-12-31	-0.03456959706959702	0.0	0.0034340659340659015	-0.03823260073260077	-0.03456959706959702	8922500
