2021-01-06	-0.016686531585220567	0.008144616607071843	0.021503774334525147	-0.02224870878029409	-0.016686531585220567	2174450
2021-01-07	0.07762626262626265	-0.005707070707070684	0.08080808080808081	-0.010050505050505096	0.07762626262626265	2374595
2021-01-08	-0.03664995078970799	0.002952617518863924	0.024792613769508327	-0.0482260861414444	-0.03664995078970799	2878111
2021-01-11	0.006956944782291308	-0.007492094380929314	0.030795426903429745	-0.01785453660909762	0.006956944782291308	2348240
2021-01-12	-0.015943569426997695	-0.005507778529326439	0.0025123200309209114	-0.0471543144265146	-0.015943569426997695	2128328
2021-01-13	-0.07776904948939514	0.016005498821681022	0.01811665357423408	-0.08272780832678708	-0.07776904948939514	4111115
2021-01-14	0.015598381601362898	-0.0018100511073254014	0.04163117546848378	-0.0044718909710392005	0.015598381601362898	2759471
2021-01-15	-0.031556324369659855	0.002568538030088487	0.002568538030088487	-0.05378204120144687	-0.031556324369659855	2848457
2021-01-18	0.03274695534506095	0.0025439783491204267	0.05006765899864682	-0.045737483085250275	0.03274695534506095	2647496
2021-01-19	-0.002515723270440347	-0.0066561844863732185	0.014622641509433919	-0.024004192872117466	-0.002515723270440347	1944347
2021-01-20	0.060582177385456085	0.002837326607818519	0.060582177385456085	-0.022435897435897342	0.060582177385456085	2317662
2021-01-21	0.03685905375278671	-0.00619271736437949	0.04874907109239536	-0.026455288580629198	0.03685905375278671	2336080
2021-01-22	0.02728271776004591	-0.00028668354914234925	0.03057957857518279	-0.009508337713220797	0.02728271776004591	1992599
2021-01-25	0.011627906976744186	0.0	0.027441860465116305	-0.01139534883720925	0.011627906976744186	1950336
2021-01-26	0.00032183908045973873	0.0	0.011494252873563218	-0.01839080459770115	0.00032183908045973873	1319401
2021-01-27	-0.011260743668704273	0.001424828790734027	0.01070919704003315	-0.013650779059612993	-0.011260743668704273	1453386
2021-01-28	-0.007577166232800276	-0.005020453700260378	0.008692822610635946	-0.013666790628486416	-0.007577166232800276	1391200
2021-01-29	0.0030914796945992625	4.68406014332798e-05	0.022436648086561393	-0.009227598482364508	0.0030914796945992625	1242461
2021-02-01	-0.011533971515293014	0.011160401587672128	0.019285547513425146	-0.017931356525799688	-0.011533971515293014	1836720
2021-02-02	0.0034958427815569757	-0.017384731670445987	0.01880196523053661	-0.017384731670445987	0.0034958427815569757	1561245
2021-02-03	0.011957442801996142	-0.004283965728274158	0.028528387157518136	-0.005507955936352451	0.011957442801996142	1411746
2021-02-04	-0.015305173055452271	-0.007954968366207703	-0.00037216226274661563	-0.02260885746185343	-0.015305173055452271	1290756
2021-02-05	-0.01998393726083049	0.004062928142863956	0.013842301696036317	-0.031511314782444316	-0.01998393726083049	1267903
2021-02-08	0.046037408407250346	0.0033744697261858304	0.060065561126108793	-0.006893559583494056	0.046037408407250346	2154523
2021-02-09	-0.010507396654223702	-0.0023042536522420386	0.011521268261210194	-0.016314115857873727	-0.010507396654223702	1460981
2021-02-10	-0.012621675748684308	-0.004424572679428145	0.005868380606399287	-0.0393554096222813	-0.012621675748684308	2355601
2021-02-18	-0.022122641509433952	0.014150943396226415	0.018867924528301886	-0.05655660377358495	-0.022122641509433952	2257450
2021-02-19	-0.01968067145820275	-0.006319039120158228	0.006560223819400825	-0.055761902464907635	-0.01968067145820275	2096915
2021-02-22	-0.053141760566845365	-0.006052256064557348	-0.0007872853417310269	-0.07208581410224857	-0.053141760566845365	2678558
2021-02-23	0.03674063295743903	-0.02042301096502628	0.04458764225952286	-0.02042301096502628	0.03674063295743903	2397078
2021-02-24	-0.022506265664160446	0.007518796992481203	0.015037593984962405	-0.036390977443608974	-0.022506265664160446	1942831
2021-02-25	-0.004974103892108091	0.0062048100097431315	0.017024767960617516	-0.012871134813599257	-0.004974103892108091	1448306
2021-02-26	-0.01535765821480102	-0.01659451659451659	-0.0028344671201813183	-0.0409193980622552	-0.01535765821480102	1903916
2021-03-01	-0.007118182769810602	0.0	0.01721972155343867	-0.018057154820475183	-0.007118182769810602	1431262
2021-03-02	0.010437532946758135	0.012071692145492993	0.03848181338956253	0.0007907221929362451	0.010437532946758135	1422821
2021-03-03	-0.015546744574290578	-0.004121452420701275	0.00114774624373956	-0.030519616026711154	-0.015546744574290578	2941002
2021-03-04	-0.0313195548489666	0.0015898251192369443	0.006624271330153683	-0.04080551139374663	-0.0313195548489666	1382688
2021-03-05	0.029815635428634045	-0.015263417035942842	0.03938946331856238	-0.02615022703648997	0.029815635428634045	1760120
2021-03-08	-0.08372290692732691	0.0003187420314492258	0.00855291117722049	-0.08680407989800257	-0.08372290692732691	1944986
2021-03-09	-0.043947124304267074	-0.009276437847866387	-0.008754638218923881	-0.05316558441558435	-0.043947124304267074	2457911
2021-03-10	0.09999999999999988	0.09757428744693755	0.09999999999999988	0.0817465130382049	0.09999999999999988	2723460
2021-03-11	0.10000551298307524	-0.002150063399305289	0.10000551298307524	-0.002150063399305289	0.10000551298307524	5246430
2021-03-12	-0.01037437979251237	0.00010023555355089576	0.015336039693279218	-0.02270335287926628	-0.01037437979251237	2957661
2021-03-15	-0.07712954522434932	-0.009368986123771874	0.0017218677200445832	-0.08447280461865697	-0.07712954522434932	3674129
2021-03-16	0.02370630521867981	0.020688141359820066	0.04642484771991444	0.002963288152335074	0.02370630521867981	2272502
2021-03-17	0.015009380863039308	0.007772715089788199	0.029214687751273054	-0.018600911283838107	0.015009380863039308	1377458
2021-03-18	0.024663321890678724	-0.0029046738843410773	0.039345128069712264	-0.010456825983628149	0.024663321890678724	1470217
2021-03-19	-0.012988351716317957	0.0	0.00917431192660551	-0.02329656736418931	-0.012988351716317957	1468233
2021-03-22	0.0021932114882505876	0.004543080939947804	0.04187989556135776	-0.01211488250652738	0.0021932114882505876	1494593
2021-03-23	-0.015787828261775747	-0.010421008753647354	0.008649437265527435	-0.02495831596498537	-0.015787828261775747	1244664
2021-03-24	-0.029593943565037722	-0.00910582878924241	0.021705754672031462	-0.037482132458044284	-0.029593943565037722	1178506
2021-03-25	-0.027714129841789482	0.0	0.005782869612656859	-0.03158756137479553	-0.027714129841789482	1534276
2021-03-26	0.06256312422848169	0.004376613174727871	0.07097968802603527	5.6110425316972874e-05	0.06256312422848169	1690832
2021-03-29	0.01214553519564864	0.015736389079579603	0.03458837197021694	0.0	0.01214553519564864	1270699
2021-03-30	0.027808212031095177	0.008712891949705306	0.047425262169353596	-0.0003130380341210093	0.027808212031095177	1068583
2021-03-31	-0.04060913705583756	0.0	0.0	-0.04796954314720806	-0.04060913705583756	1578674
2021-04-01	0.00582010582010579	0.0020105820105819866	0.034021164021164056	-0.005291005291005291	0.00582010582010579	1001074
2021-04-02	-0.01493950552340875	-0.0005260389268805593	0.0091530773277223	-0.03045765386638607	-0.01493950552340875	1394699
2021-04-06	0.03065256862116848	-0.0007476236249064742	0.036847164370394134	-0.0007476236249064742	0.03065256862116848	1165581
2021-04-07	0.0025906735751295338	0.0025906735751295338	0.010310880829015592	-0.038860103626943004	0.0025906735751295338	1354507
2021-04-08	-0.04702842377260979	-0.009509043927648597	-0.009509043927648597	-0.06589147286821706	-0.04702842377260979	2719929
2021-04-09	-0.03470715835141001	0.0075921908893709636	0.017353579175704927	-0.03920824295010856	-0.03470715835141001	2122733
2021-04-12	-0.019438202247191057	-0.0006741573033708121	0.003820224719101162	-0.03398876404494389	-0.019438202247191057	1685551
2021-04-13	0.04022000687521491	-0.0013750429700927047	0.052996447805660596	-0.0142087773576257	0.04022000687521491	1851533
2021-04-14	0.014375413086582866	-0.008316809870015372	0.01894690460453843	-0.01046486010134394	0.014375413086582866	1030124
2021-04-15	-0.007655970027691789	-0.0056469566161698	-0.0009230602161046181	-0.032307107563663943	-0.007655970027691789	1288345
2021-04-16	0.025388487634055674	0.012256511271613094	0.027577150361129465	-0.017947034362004823	0.025388487634055674	1377825
2021-04-19	0.03415154749199576	0.005336179295624333	0.04082177161152618	-0.02636072572038419	0.03415154749199576	2035528
2021-04-20	0.029824561403508774	0.004850361197110411	0.04169246646026823	-0.004334365325077417	0.029824561403508774	1594550
2021-04-21	0.01873935264054505	-0.01593346026655981	0.02390019039983957	-0.020292614490429958	0.01873935264054505	1021526
2021-04-22	0.026755852842809354	0.0	0.028182175880385688	-0.021247294904583873	0.026755852842809354	1571298
2021-04-23	-0.0004311170722360769	-0.0013891550105383792	0.009532477486108495	-0.014993293734431862	-0.0004311170722360769	864094
2021-04-26	-0.0012459864858388409	-0.0002875353428857711	0.0073321512435903635	-0.014712225044328333	-0.0012459864858388409	1652959
2021-04-27	0.0017753466724245697	-0.011515762199510608	0.014010844009404616	-0.011515762199510608	0.0017753466724245697	1230986
2021-04-28	-0.03007950953156433	0.011495353961107412	0.020212664048280482	-0.05637513171759752	-0.03007950953156433	2694872
2021-04-29	-0.05318518518518524	0.016296296296296354	0.016296296296296354	-0.07407407407407407	-0.05318518518518524	2888772
2021-04-30	0.013821519845616262	0.011474469305794696	0.017003077244041202	-0.040056329212955606	0.013821519845616262	2506170
2021-05-06	-0.04311143121720339	-0.019960901327297022	-0.01260417738450452	-0.055252598003909914	-0.04311143121720339	2388959
2021-05-07	-0.03064516129032252	0.014838709677419307	0.015483870967741911	-0.031075268817204307	-0.03064516129032252	1820950
2021-05-10	-0.01957848031059346	0.003438713255684837	0.008430393788130791	-0.026344980587909038	-0.01957848031059346	1354422
2021-05-11	-0.016575210725801925	-0.00016971205521299504	0.0068450528935904255	-0.02981275103241506	-0.016575210725801925	1935205
2021-05-12	0.025253106304647874	0.006615278416935146	0.033306488725264566	-0.028992176714219928	0.025253106304647874	2613980
2021-05-13	-0.012511922796386635	-0.006115693205408761	0.009818773494922292	-0.03209336250911743	-0.012511922796386635	1174767
2021-05-14	-0.01670454545454544	-0.000795454545454468	0.006193181818181837	-0.019034090909090876	-0.01670454545454544	1178628
2021-05-17	0.08800416040679528	-0.0003467005662776047	0.09788512654570668	-0.006125043337570798	0.08800416040679528	2441657
2021-05-18	0.006320038238886811	-0.010250146051303725	0.03149397206436883	-0.011896542567316272	0.006320038238886811	1344535
2021-05-19	0.00485539370909867	0.004327633523327114	0.009499683343888598	-0.031507283090563644	0.00485539370909867	1028867
2021-05-20	0.019695378151260504	-0.010504201680672268	0.02405462184873941	-0.01365546218487392	0.019695378151260504	1400608
2021-05-21	-0.01766675251094518	-0.010919392222508394	0.001751223280968341	-0.03940252382178731	-0.01766675251094518	1326667
2021-05-24	-0.020606124161073863	0.008494127516778548	0.016044463087248335	-0.026688338926174515	-0.020606124161073863	1353550
2021-05-25	0.057283580491461095	0.011831468494030772	0.0600139193746989	0.00979709834573592	0.057283580491461095	1576494
2021-05-26	-0.03873613853866021	-0.0005569902273533528	-0.0005569902273533528	-0.05271152969770619	-0.03873613853866021	1709987
2021-05-27	-0.0047935103244837575	-0.002370417193426133	0.015539401601348445	-0.017541087231352784	-0.0047935103244837575	1322733
2021-05-28	0.005981051182977798	-0.0049224580532472705	0.03519822156354208	-0.008998041602710088	0.005981051182977798	1639821
2021-05-31	0.012732821214353296	0.004787961696306411	0.027570240976533773	-0.009155003683047506	0.012732821214353296	1921261
2021-06-01	0.007896924355777277	0.005455112219451431	0.029197838736492128	-0.0048316708229425315	0.007896924355777277	2135917
2021-06-02	-0.014845360824742245	0.0	0.01798969072164953	-0.023195876288659795	-0.014845360824742245	1083040
2021-06-03	-0.007900795311845912	0.006383424026789445	0.009889074926747522	-0.013656341565508653	-0.007900795311845912	1300038
2021-06-04	0.05105215969621844	0.005221243605294977	0.0521596962185538	-0.02093771425557738	0.05105215969621844	1653427
2021-06-07	0.03908876511616248	0.0	0.053640423503437194	-0.0070249385317878756	0.03908876511616248	1802454
2021-06-08	0.015308093490438417	0.0017384585667374213	0.023710643229669676	-0.009947846242997885	0.015308093490438417	1648106
2021-06-09	-0.020214030915576695	-0.0028537455410225653	0.0012366230677764132	-0.028775267538644525	-0.020214030915576695	1747885
2021-06-10	0.013446601941747623	0.004417475728155323	0.04990291262135923	-0.0032038834951456144	0.013446601941747623	2022289
2021-06-11	0.0047899602433299805	0.001389088470565656	0.023039708770417215	-0.018058150117354073	0.0047899602433299805	2594885
2021-06-15	0.014206035181389092	-0.009391238022596171	0.03418029270153019	-0.010773704533536823	0.014206035181389092	1630131
2021-06-16	-0.03262044653349	-0.005875440658049354	-0.005875440658049354	-0.058895417156286725	-0.03262044653349	1667459
2021-06-17	-0.01773480394538655	0.006996744570234671	0.006996744570234671	-0.025557553082940533	-0.01773480394538655	801946
2021-06-18	0.06138702018203401	-9.893153937480329e-05	0.06846062524732886	-0.006826276216857912	0.06138702018203401	1863763
2021-06-21	0.0804865545043576	-0.010579298131145928	0.092836836463625	-0.010579298131145928	0.0804865545043576	2282338
2021-06-22	-0.029503105590062126	0.0031487232574188653	0.00862663906142167	-0.04416839199447899	-0.029503105590062126	2204527
2021-06-23	-0.0055111111111111515	-0.010133333333333338	0.011111111111111112	-0.010133333333333338	-0.0055111111111111515	1339335
2021-06-24	0.00339649624597792	0.007776188773686133	0.010010725777618919	-0.023149803360743557	0.00339649624597792	1151699
2021-06-25	-0.014074469980402621	-0.006769998218421567	0.0047211829681097555	-0.029039729200071307	-0.014074469980402621	1282481
2021-06-28	0.02891217925551128	0.0019877123238163973	0.06396819660281892	0.0019877123238163973	0.02891217925551128	1852803
2021-06-29	0.00869336143308754	0.006454162276080079	0.03266596417281348	-0.005576044959606524	0.00869336143308754	1862706
2021-06-30	-0.017498041264037652	-0.0013928789065901523	-0.0013928789065901523	-0.04383215809175599	-0.017498041264037652	1328862
2021-07-01	-0.0009746588693957065	0.010101010101010105	0.018961545277334756	-0.020910863016126168	-0.0009746588693957065	870805
2021-07-02	-0.054057649667405755	-0.012372505543237215	-0.012372505543237215	-0.05543237250554324	-0.054057649667405755	1218143
2021-07-05	-0.014064038254184051	4.68801275139042e-05	0.01781444845529985	-0.02489334770990578	-0.014064038254184051	1714199
2021-07-06	0.005658313917550272	0.014977889781750776	0.0298606818506015	-0.0086538918739004	0.005658313917550272	1443864
2021-07-07	0.02732860520094563	-0.0002836879432624221	0.04236406619385347	-0.02127659574468085	0.02732860520094563	1916460
2021-07-08	-0.010493372606774673	-0.0012886597938144382	0.02526693667157589	-0.015095729013254792	-0.010493372606774673	1242890
2021-07-09	0.011627906976744186	-0.0071162790697674476	0.02558139534883721	-0.028372093023255787	0.011627906976744186	1947566
2021-07-12	0.052873563218390804	0.019034482758620627	0.06206896551724138	0.0022988505747126436	0.052873563218390804	2580374
2021-07-13	-0.004366812227074236	-0.003056768558951915	0.013100436681222707	-0.013100436681222707	-0.004366812227074236	1678151
2021-07-14	-0.0196491228070175	0.001929824561403499	0.008157894736842164	-0.028201754385964943	-0.0196491228070175	1625023
2021-07-15	-0.015748031496063037	0.0003131710808875858	0.0060844667143879075	-0.024964209019327183	-0.015748031496063037	1467944
2021-07-16	-0.02181818181818187	-0.0031818181818181303	0.0012727272727272778	-0.031772727272727314	-0.02181818181818187	889193
2021-07-19	-0.005576208178438609	-0.01449814126394041	0.007713754646840265	-0.028810408921933033	-0.005576208178438609	1410235
2021-07-20	0.004252336448598115	-0.0018691588785046994	0.010514018691588784	-0.026635514018691537	0.004252336448598115	1501265
2021-07-21	0.03303708529151735	-0.0013028709692429442	0.04229677539435114	-0.008654785724256597	0.03303708529151735	1179336
2021-07-22	0.013467861808026707	-0.0008107742894463241	0.017972163416062382	-0.009053646232151664	0.013467861808026707	1206861
2021-07-23	-0.026311111111111056	-0.002488888888888899	0.019777777777777727	-0.035555555555555556	-0.026311111111111056	2019699
2021-07-26	-0.024785466496257104	0.0020083987584443934	0.012415555961292672	-0.06426876027022098	-0.024785466496257104	1675551
2021-07-27	-0.025321787970980558	-0.004399719166861679	0.018020126374912213	-0.031125672829393894	-0.025321787970980558	1837352
2021-07-28	-0.008115635804840557	-0.009988474836726914	0.008451786400307294	-0.03476757587399159	-0.008115635804840557	1724728
2021-07-29	0.013023480997337194	0.0027112079399661208	0.021496005809731288	-0.03171145001210366	0.013023480997337194	2652784
2021-07-30	-0.01505448289046074	-0.012139170330720801	-0.005926209137832198	-0.047553049130185515	-0.01505448289046074	2061025
2021-08-02	0.08205153088456497	-0.00160124217574852	0.08627298752972003	-0.003251006841671192	0.08205153088456497	3175314
2021-08-03	-0.019103139013452872	0.00116591928251117	0.008206278026905886	-0.034529147982062726	-0.019103139013452872	1815910
2021-08-04	0.03442443083112371	0.007131754594495759	0.048322209015269235	0.0006857456340860256	0.03442443083112371	1686199
2021-08-05	-0.01803155522163792	-0.0005303398594599573	0.0	-0.03425111592345428	-0.01803155522163792	1582233
2021-08-06	-0.018992753949322646	0.010171474863855218	0.013907016517395038	-0.04550159773167103	-0.018992753949322646	1680181
2021-08-09	0.0009175574620360078	-0.0009634353351378995	0.013900995549846314	-0.021379088865440182	0.0009175574620360078	1567482
2021-08-10	0.003804372736856637	0.008387954347527215	0.008387954347527215	-0.02782234037677038	0.003804372736856637	1213757
2021-08-11	-0.026621004566210103	-0.00045662100456618406	0.00228310502283105	-0.0399086757990868	-0.026621004566210103	1571932
2021-08-12	-0.013932542102547258	-0.004315804287657679	0.002017169395318323	-0.0406717643195571	-0.013932542102547258	1975401
2021-08-13	-0.05247383444338726	0.009514747859181731	0.009514747859181731	-0.060418648905803944	-0.05247383444338726	2602484
2021-08-16	-0.0313802279459758	-0.000853542200130479	0.008183963448310608	-0.04353065220665757	-0.0313802279459758	2176172
2021-08-17	-0.040172092058884515	-0.00165871863985068	0.005598175409496229	-0.05048724860045605	-0.040172092058884515	2610874
2021-08-18	-0.023005886482691532	-0.0010260841388993775	-0.0010260841388993775	-0.05281633093913702	-0.023005886482691532	4171453
2021-08-19	0.037477198607042184	0.007517550163064583	0.06848709302968335	0.0035929467691117444	0.037477198607042184	2556070
2021-08-20	-0.004475464862272915	0.010762427406894402	0.010762427406894402	-0.024135542650114555	-0.004475464862272915	1901518
2021-08-23	-0.004335028097404347	-0.005672999732405685	0.013433235215413538	-0.028364998662028275	-0.004335028097404347	1531218
2021-08-24	0.004783917437110379	0.005160180606321264	0.022199526983444396	-0.004837669318426175	0.004783917437110379	1807543
2021-08-25	-0.029048306852832648	-0.0015513828705933795	0.004600652650724791	-0.040817418284919464	-0.029048306852832648	3279353
2021-08-26	0.022534435261708008	0.0016528925619835337	0.046336088154269955	0.0016528925619835337	0.022534435261708008	2416885
2021-08-27	0.006088690123390244	-0.003179050595398477	0.024193113853117135	-0.01934371463979742	0.006088690123390244	1755339
2021-08-30	0.028277634961439594	0.05344901456726644	0.07380034275921166	0.007819194515852656	0.028277634961439594	3747916
2021-08-31	0.00791666666666672	0.018697916666666686	0.03328124999999993	-0.025520833333333364	0.00791666666666672	2542599
2021-09-01	-0.004237288135593331	0.004443985117817203	0.02185820587019424	-0.015088879702356428	-0.004237288135593331	1587707
2021-09-02	-0.02075765438505449	-0.009859885832900765	0.01193565127140639	-0.03357550596782563	-0.02075765438505449	886049
2021-09-03	-0.017753047164811842	-0.007313195548489642	0.012082670906200325	-0.0264440911499734	-0.017753047164811842	970122
2021-09-06	0.0494200161855948	-0.012678715942810868	0.06997572160776908	-0.012678715942810868	0.0494200161855948	1780490
2021-09-07	-0.0011824584854248613	-0.006272171096601712	0.0179425222353607	-0.030486864428563975	-0.0011824584854248613	1707578
2021-09-08	-0.0014412188593782229	0.0019044677784640959	0.0019044677784640959	-0.04776611076796377	-0.0014412188593782229	1939802
2021-09-09	-0.022164948453608307	-0.0038144329896907686	0.0092268041237113	-0.029226804123711276	-0.022164948453608307	809919
2021-09-10	0.012124406958355358	-0.011333684765418964	0.017395888244596792	-0.014232999472851813	0.012124406958355358	1161273
2021-09-13	-0.029635416666666654	-0.004114583333333292	0.006666666666666672	-0.031822916666666735	-0.029635416666666654	1470240
2021-09-14	-0.00493800654822616	5.367398421979982e-05	0.035102785679780965	-0.00917825130159416	-0.00493800654822616	1612064
2021-09-15	0.019472463455418382	-0.005771616592049157	0.028534440908355472	-0.02853444090835532	0.019472463455418382	1740838
2021-09-16	-0.01539682539682538	-0.004232804232804293	0.0026455026455026454	-0.025026455026454973	-0.01539682539682538	840588
2021-09-17	0.003922833037777364	-0.0066634424203342955	0.009726476436133067	-0.01606749422322537	0.003922833037777364	827871
2021-09-22	-0.008029118938015202	-0.014131249330906683	-0.002836955358098711	-0.04084145166470397	-0.008029118938015202	1138153
2021-09-23	-0.016296136412691464	0.006367364558601376	0.010792143319663286	-0.017914957910641016	-0.016296136412691464	965805
2021-09-24	0.006692265496434442	-0.006527701590784409	0.02523313219967084	-0.027975863960504787	0.006692265496434442	1458710
2021-09-27	-0.008936355710549338	-0.019180470793374073	0.018417611159546616	-0.022885789014821363	-0.008936355710549338	1099349
2021-09-28	0.01836375632285025	-0.0070925885199031894	0.022377391686826443	-0.024081812183857465	0.01836375632285025	1172708
2021-09-29	-0.024997300507504566	-0.01090594968145994	-0.01090594968145994	-0.03898067163373285	-0.024997300507504566	1211433
2021-09-30	0.0022703361204939178	-0.005925023533971943	0.007752367240711034	-0.01572623068829948	0.0022703361204939178	815650
2021-10-08	0.0162983425414364	0.008287292817679558	0.024861878453038673	-0.0067403314917127005	0.0162983425414364	800849
2021-10-11	0.06577874422397403	0.0013047023647730857	0.0738787714052732	-0.009567817341668883	0.06577874422397403	1701158
2021-10-12	-0.007447079826574893	0.00994644223412389	0.03937770976791634	-0.0212700841622036	-0.007447079826574893	1940718
2021-10-13	0.02677424328074417	0.009712729328331293	0.03987871935865148	-0.005652911249293357	0.02677424328074417	1648023
2021-10-14	0.08108108108108102	-0.00400400400400406	0.08473473473473463	-0.00400400400400406	0.08108108108108102	2545792
2021-10-15	0.03430555555555554	-0.009259259259259259	0.03717592592592593	-0.019444444444444393	0.03430555555555554	2416986
2021-10-18	-0.024215567790161572	-0.011682556734255339	0.01597958909628035	-0.034062933619802095	-0.024215567790161572	2482632
2021-10-19	0.016376146788990794	0.00036697247706427754	0.02522935779816514	-0.01371559633027527	0.016376146788990794	1765366
2021-10-20	-0.011644175655548965	-0.0016699011599043397	0.015480435076950882	-0.024236133050503247	-0.011644175655548965	1087779
2021-10-21	-0.029088086213982393	-0.005434038083930762	-0.0008676195260057432	-0.04000182656742326	-0.029088086213982393	2219713
2021-10-22	0.005126516790518312	0.0020694196218605855	0.011193678863700478	-0.008324710751575629	0.005126516790518312	1157732
2021-10-25	0.020307893874877185	-0.008796967853633406	0.04814936128398293	-0.016143371859061423	0.020307893874877185	2793721
2021-10-26	0.03490025223572568	0.005916074294886457	0.06929603301994948	-0.001696858518688395	0.03490025223572568	2546639
2021-10-27	0.0019498360365151012	-0.01178764512984134	0.008419746521315278	-0.019852876008153816	0.0019498360365151012	1055115
2021-10-28	0.008093763821318056	-0.009199469261388695	0.021494913754975736	-0.009287925696594403	0.008093763821318056	919019
2021-10-29	0.0032027376826218126	-0.009652086166805672	0.011889615232746805	-0.02601675953143512	0.0032027376826218126	1070825
2021-11-01	-0.036604565730779345	-0.04224612962477039	0.00021866526720900625	-0.09909909909909909	-0.036604565730779345	4833890
2021-11-02	0.025920377683962086	0.005084207181442665	0.03717826501429932	-0.014617095646647597	0.025920377683962086	2424282
2021-11-03	-0.022566371681415905	-0.015265486725663666	0.02446902654867257	-0.030530973451327457	-0.022566371681415905	2219218
2021-11-04	0.03236758714350387	0.016070620190131203	0.038252602987777225	-0.017655047532820305	0.03236758714350387	1577015
2021-11-05	-0.0059197544398159295	-0.01302345976759482	0.00017540013155006376	-0.021705766279324783	-0.0059197544398159295	1488482
2021-11-08	-0.02774591971768854	-0.01182179091310092	0.018879576532862822	-0.036127040141155704	-0.02774591971768854	1684882
2021-11-09	-0.002812939521800302	0.0037657093598294656	0.016287827231069387	-0.0267682954493898	-0.002812939521800302	1535220
2021-11-10	-0.02042859092770363	0.008235133536557634	0.009099595068019474	-0.03830929523636192	-0.02042859092770363	1382253
2021-11-11	0.0009289363678587488	0.005294937296795106	0.01467719461216905	-0.011797491871806875	0.0009289363678587488	998734
2021-11-12	0.0069605568445475635	0.0013921113689095656	0.01568445475638049	-0.004037122969837608	0.0069605568445475635	835733
2021-11-15	-0.012580645161290276	0.008479262672811076	0.02027649769585256	-0.03216589861751147	-0.012580645161290276	964900
2021-11-16	-0.007933915153778023	-0.00970737854109307	0.007980585242917717	-0.019368086993046183	-0.007933915153778023	573488
2021-11-17	0.002493296325916174	0.009502752034623937	0.010819965187938145	-0.027614432892694194	0.002493296325916174	984891
2021-11-18	-0.01923979352416703	0.00483341154387612	0.00483341154387612	-0.02801501642421398	-0.01923979352416703	887941
2021-11-19	0.01014354066985648	-0.0009569377990430078	0.01674641148325359	-0.006411483253588533	0.01014354066985648	890349
2021-11-22	0.02406214475179985	-0.0013262599469496075	0.042014020462296346	-0.008999621068586613	0.02406214475179985	1947229
2021-11-23	0.008926919518963954	-0.0019426456984273242	0.01665124884366338	-0.01896392229417204	0.008926919518963954	1369720
2021-11-24	0.003988447256223374	-0.017374959886306295	0.015128593040847254	-0.017374959886306295	0.003988447256223374	926095
2021-11-25	0.02054794520547945	0.005844748858447494	0.045114155251141534	0.002694063926940655	0.02054794520547945	1080241
2021-11-26	-0.013422818791946308	0.0	0.0016554809843400652	-0.021968680089485444	-0.013422818791946308	611206
2021-11-29	-0.004263038548752824	-0.011337868480725623	0.009070294784580499	-0.018140589569160998	-0.004263038548752824	983156
2021-11-30	-0.011659683002368384	0.0018673711058480441	0.004144652942248117	-0.023957004918928725	-0.011659683002368384	1443161
2021-12-01	0.0002304147465438312	-0.0003686635944701037	0.01152073732718894	-0.01792626728110593	0.0002304147465438312	1123710
2021-12-02	0.005252246026261167	0.00866159870997464	0.01032020271826759	-0.017184980419258318	0.005252246026261167	846262
2021-12-03	0.004537329850130662	-0.010724597827581481	0.013703652779687471	-0.010724597827581481	0.004537329850130662	591278
2021-12-06	-0.010356784378136738	-0.009991787571858736	0.015147367460534689	-0.01907108312802266	-0.010356784378136738	964136
2021-12-07	-0.024941219860771732	0.0034576552487206678	0.0034576552487206678	-0.030657876538656613	-0.024941219860771732	777652
2021-12-08	0.023735224586288465	-0.0035933806146571674	0.02453900709219857	-0.0035933806146571674	0.023735224586288465	659580
2021-12-09	0.029881766118603357	0.00073896175872897	0.05186587844079064	-0.008498060225383353	0.029881766118603357	1611062
2021-12-10	-0.01704112292031038	-0.004305125790394224	0.008969012063321225	-0.022332840037669933	-0.01704112292031038	906845
2021-12-13	0.0036954240613166762	-0.008622656143072158	0.02317623979196137	-0.008622656143072158	0.0036954240613166762	1042470
2021-12-14	-0.022727272727272728	-0.004681818181818187	0.009045454545454587	-0.03636363636363636	-0.022727272727272728	1018149
2021-12-15	-0.02251162790697676	-0.006744186046511575	0.003581395348837257	-0.025627906976744143	-0.02251162790697676	995058
2021-12-16	0.0002379139703083906	0.000475827940616646	0.01351351351351353	-0.029311001141987043	0.0002379139703083906	1106697
2021-12-17	-0.025593454164882713	-0.008325008325008324	-0.008325008325008324	-0.03639217924932213	-0.025593454164882713	1076406
2021-12-20	0.006688473368158844	-0.009471268857101138	0.012937557974905908	-0.018698432846751024	0.006688473368158844	1373491
2021-12-21	-0.016488845780795236	-0.0013094083414160128	0.008729388942774061	-0.025169738118331706	-0.016488845780795236	1086098
2021-12-22	0.029684418145956515	0.0028106508875739306	0.03925049309664684	0.0028106508875739306	0.029684418145956515	940821
2021-12-23	0.04961210612010351	0.0019155253328225538	0.05018676371995028	-0.0072311081314049945	0.04961210612010351	1608884
2021-12-24	-0.015421115065243157	0.024591659822976487	0.024591659822976487	-0.01907108312802266	-0.015421115065243157	746887
2021-12-27	-0.01422613531047276	0.009128822984244665	0.014828544949026823	-0.015245597775718352	-0.01422613531047276	1273506
2021-12-28	0.008649461759037294	0.010012692144972614	0.026465472664880477	-0.006675128096648275	0.008649461759037294	1433080
2021-12-29	-0.026471547746656134	-0.004008016032064059	-0.004008016032064059	-0.049261313324323035	-0.026471547746656134	2080438
2021-12-30	-0.0138350327923787	-0.013452056106084418	0.002680836804059564	-0.02216477571927807	-0.0138350327923787	1233597
2021-12-31	-0.00849514563106796	-4.85436893203442e-05	0.014029126213592166	-0.014563106796116505	-0.00849514563106796	755792
2022-01-04	-0.012974296205630382	0.0036230110159119174	0.011162790697674424	-0.0208078335373317	-0.012974296205630382	886064
2022-01-05	-0.03288690476190474	-0.001339285714285624	0.0037698412698413657	-0.042609126984127	-0.03288690476190474	1760729
2022-01-06	-0.014617633482074135	-0.010001538698261214	0.009898958814176574	-0.01779760988870082	-0.014617633482074135	1324758
2022-01-07	0.014418072038309295	-0.006194045388298968	0.025088486362689948	-0.008380179054757514	0.014418072038309295	1025029
2022-01-10	0.021088819333983343	0.0005644209554108145	0.021088819333983343	-0.013494791933911414	0.021088819333983343	1642244
2022-01-11	-0.008040201005025097	-0.0021105527638190327	0.04276381909547734	-0.020100502512562814	-0.008040201005025097	1320800
2022-01-12	-0.010638297872340396	0.0004559270516717498	0.015298885511651376	-0.013171225937183355	-0.010638297872340396	958533
2022-01-13	-0.025294418842805925	0.0019969278033793465	0.023963133640552883	-0.027035330261136716	-0.025294418842805925	2161463
2022-01-14	-0.009770960285774394	-5.25320445472753e-05	0.013238075225887696	-0.015129228829586172	-0.009770960285774394	1672402
2022-01-17	-0.002758620689655227	-0.0010610079575596213	0.023766578249336815	-0.019204244031830263	-0.002758620689655227	2554407
2022-01-18	0.016544313224811223	0.005053729120119253	0.017927439089264842	-0.010586232577933721	0.016544313224811223	1228052
2022-01-19	-0.03600397718352606	-0.00832068658747189	-0.000470982259668237	-0.04652258098278306	-0.03600397718352606	1531529
2022-01-20	-0.010911459747027953	0.001954291297975057	0.006351446718419127	-0.01525432929808372	-0.010911459747027953	903157
2022-01-21	-0.009330406147091047	-0.006586169045005427	0.0007135016465423923	-0.02030735455543353	-0.009330406147091047	1107893
2022-01-24	0.0007756232686979853	0.0052631578947367795	0.00936288088642658	-0.015623268698060903	0.0007756232686979853	1053919
2022-01-25	-0.028122232063773164	-0.0035429583702390743	0.0017714791851196946	-0.030170504871567697	-0.028122232063773164	1131184
2022-01-26	0.0017088174982912473	0.0	0.008145363408521343	-0.013841421736158616	0.0017088174982912473	851710
2022-01-27	-0.0279767997270557	0.006482429205049393	0.016035482770385495	-0.03332196065051753	-0.0279767997270557	782602
2022-01-28	-0.00842400842400841	5.8500058500005295e-05	0.0015210015210014678	-0.0222885222885223	-0.00842400842400841	1031130
2022-02-07	0.019469026548672632	0.011799410029498525	0.04778761061946899	0.0	0.019469026548672632	1119785
2022-02-08	-0.04843750000000002	0.0022569444444443653	0.006655092592592461	-0.05381944444444451	-0.04843750000000002	934838
2022-02-09	-0.019947698108617656	-0.004378762999452648	-0.0005473453749316026	-0.05734963206227578	-0.019947698108617656	3240781
2022-02-10	-0.0016754576481539574	0.019609059882097404	0.02655910642258766	-0.019547005895128797	-0.0016754576481539574	1936522
2022-02-11	-0.030271009448035832	-0.0056563898557931164	-0.004848334162108411	-0.03630034808552961	-0.030271009448035832	2016393
2022-02-14	0.013396577142490889	0.0	0.025575283635664442	-0.015960515351579906	0.013396577142490889	1649276
2022-02-15	0.030993042378241655	0.007590132827324587	0.03668564199873505	-0.005945604048070827	0.030993042378241655	1210543
2022-02-16	-0.012760736196319095	0.006134969325153374	0.00748466257668711	-0.028343558282208615	-0.012760736196319095	901681
2022-02-17	0.011061396967437244	0.0016157096694010649	0.015349241859308967	-0.013982102908277406	0.011061396967437244	1035734
2022-02-18	-0.012907191149354607	0.007375537799631329	0.0411800860479411	-0.01843884449907806	-0.012907191149354607	1438611
2022-02-21	-0.013075965130759617	-0.003735990037359865	0.002366127023661242	-0.02889165628891648	-0.013075965130759617	1811028
2022-02-22	-0.031545741324921134	-0.006309148264984227	-0.006309148264984227	-0.0473186119873817	-0.031545741324921134	2127266
2022-02-23	-0.010423452768729604	-0.003192182410423512	0.009706840390879538	-0.02280130293159609	-0.010423452768729604	2902524
2022-02-24	0.01909150757077028	-0.010730743910467383	0.05582620144832119	-0.010730743910467383	0.01909150757077028	3874048
2022-02-25	-0.0038113695090439496	0.007105943152454743	0.01408268733850115	-0.02500000000000003	-0.0038113695090439496	2977227
2022-02-28	0.00045392646391280184	-0.009143375915958735	0.03326632514104141	-0.015563193048440475	0.00045392646391280184	2081380
2022-03-01	0.006222452683432771	0.008037334716100655	0.016722841586725514	-0.009657765102411259	0.006222452683432771	1579876
2022-03-02	-0.007472300953362513	-0.0032208193764493684	0.010048956454522045	-0.032916774027312634	-0.007472300953362513	2066020
2022-03-03	-0.049000519210799655	-0.0007139148494289566	-0.0005841121495327324	-0.05244029075804785	-0.049000519210799655	2267639
2022-03-04	-0.014809254077663191	-0.03064218931276878	0.0008871903364498428	-0.038695147751313635	-0.014809254077663191	2511927
2022-03-07	-0.04641174840676099	-0.017802715433638275	-0.011014131338320887	-0.05375450263230825	-0.04641174840676099	2516236
2022-03-08	-0.04467528693883485	-0.01685311637367422	0.024262676158651776	-0.05084992009298271	-0.04467528693883485	2069197
2022-03-09	-0.011558056421564763	-0.007071705573720466	0.01574024788989447	-0.04798114211846999	-0.011558056421564763	2354180
2022-03-10	0.1000076928994538	0.030848526809754525	0.1000076928994538	0.030848526809754525	0.1000076928994538	3487492
2022-03-11	0.029792293167354295	-0.015105951465137397	0.03433806559899291	-0.03489754528288698	0.029792293167354295	5952388
2022-03-14	-0.016842105263157825	-0.017181663837011894	0.004278438030560241	-0.028115449915110263	-0.016842105263157825	2593087
2022-03-15	-0.05021758651654355	-0.0053187815155074265	-0.0009670511846378032	-0.05180631346273399	-0.05021758651654355	1827805
2022-03-16	0.1	0.029963636363636397	0.1	0.014545454545454545	0.1	3031448
2022-03-17	0.05038016528925623	0.06446280991735537	0.08528925619834714	0.01818181818181818	0.05038016528925623	3473499
2022-03-18	-0.03568955749984274	0.0008182790961162929	0.0008182790961162929	-0.04645307484106499	-0.03568955749984274	1717585
2022-03-21	0.03563968668407316	0.011749347258485714	0.04765013054830295	-0.0012402088772845805	0.03563968668407316	1662596
2022-03-22	-0.016765410311357597	-0.03586285138031008	-0.0020168914660279413	-0.04701878230177744	-0.016765410311357597	1591061
2022-03-23	-0.02698717948717954	-0.019230769230769232	0.0	-0.044743589743589676	-0.02698717948717954	1980607
2022-03-24	-0.0012517293629356197	-0.015416035311944156	0.004611634495026135	-0.04295408129652798	-0.0012517293629356197	1141294
2022-03-25	-0.04023746701846962	-0.003957783641160913	0.003034300791556781	-0.046306068601583	-0.04023746701846962	1060172
2022-03-28	-0.10000000000000007	-0.044673539518900345	-0.044673539518900345	-0.10000000000000007	-0.10000000000000007	2333285
2022-03-29	-0.007636502481863307	-0.03864070255822824	0.002290950744559079	-0.052997327224131224	-0.007636502481863307	2631293
2022-03-30	0.03678337822239324	0.00038476337052721334	0.049326664101577725	-0.02016160061562132	0.03678337822239324	2177906
2022-03-31	-0.03547836413567878	-0.005418243895197727	-0.005418243895197727	-0.03881837749573213	-0.03547836413567878	1751144
2022-04-01	-0.00854174682570208	0.0	0.008003078106964375	-0.016467872258560882	-0.00854174682570208	1082588
2022-04-06	-0.04920832039739214	0.0011642347097175231	0.0012418503570319512	-0.05557280347718097	-0.04920832039739214	1418043
2022-04-07	0.003591836734693859	-0.0001632653061224165	0.026040816326530592	-0.016897959183673414	0.003591836734693859	1550627
2022-04-08	-0.040182202700504294	0.003009598177973032	0.005043110460387218	-0.048316251830161035	-0.040182202700504294	3109813
2022-04-11	-0.04313559322033901	-0.01025423728813554	-0.00042372881355929795	-0.06610169491525421	-0.04313559322033901	3270697
2022-04-12	0.009565140377291633	-0.011690727127800843	0.014082012222123847	-0.024887078203879216	0.009565140377291633	2118785
2022-04-13	0.0009649969295552192	0.0006140889551715711	0.016580401789630675	-0.020440389507851552	0.0009649969295552192	2138864
2022-04-14	0.035319894829097295	-0.0008764241893075751	0.04881682734443477	-0.0008764241893075751	0.035319894829097295	1789376
2022-04-15	0.07559468382290703	-0.009565732667400283	0.09988995174807426	-0.03487683061034445	0.07559468382290703	2937964
2022-04-18	0.03352746733826532	-0.0004722178498347416	0.04344404218479467	-0.08326774752085628	0.03352746733826532	2083645
2022-04-19	-0.06274748705452327	-0.007767286018885028	0.020408163265306176	-0.06891562595187327	-0.06274748705452327	1728070
2022-04-20	-0.014949626259343544	-0.00324991875203113	0.0112122196945076	-0.020149496262593467	-0.014949626259343544	946738
2022-04-21	-0.02688881557241827	-0.004041570438799034	0.012867040580666466	-0.0362091718904652	-0.02688881557241827	1285386
2022-04-22	-0.014578742159688072	-0.014917782675029708	0.04627903034412607	-0.019494829632141015	-0.014578742159688072	1575467
2022-04-25	-0.07302597626010673	-0.00989162222604512	-0.00868742473765702	-0.07517632891794261	-0.07302597626010673	2263488
2022-04-26	-0.0661594135659274	0.004175559060963189	0.00668089449754105	-0.07209798645263057	-0.0661594135659274	3218232
2022-04-27	0.0999602543720191	-0.004272655007949194	0.0999602543720191	-0.02285373608903018	0.0999602543720191	2942109
2022-04-28	0.09999999999999994	0.056910569105691027	0.09999999999999994	0.056910569105691027	0.09999999999999994	2752844
2022-04-29	0.05017656237168432	0.005009444033834273	0.06339820973967326	-0.018559579535189216	0.05017656237168432	2990316
2022-05-05	0.016578041914294687	-0.006881451360650575	0.04989052236471689	-0.02173913043478262	0.016578041914294687	2874186
2022-05-06	0.013461538461538462	-0.019769230769230716	0.046153846153846156	-0.025615384615384602	0.013461538461538462	1196560
2022-05-09	-0.014800759013282646	0.0007590132827324047	0.0007590132827324047	-0.03931688804554085	-0.014800759013282646	1185090
2022-05-10	-0.015408320493066363	-0.012634822804314442	0.0005392912172572663	-0.04298921417565495	-0.015408320493066363	1780131
2022-05-11	0.01721439749608766	-0.006181533646322316	0.04303599374021921	-0.006651017214397452	0.01721439749608766	1602601
2022-05-12	0.00330769230769236	-0.011692307692307771	0.012307692307692264	-0.023076923076923078	0.00330769230769236	1440639
2022-05-13	0.018247335735643605	0.011270413248485768	0.02729433412558462	-0.018554013647167186	0.018247335735643605	1684696
2022-05-16	-0.02733227919584365	-0.00022588660492433655	0.015059106994955199	-0.03290414878397714	-0.02733227919584365	1406636
2022-05-17	0.04505341384115183	-0.0157145068896114	0.052794550239975174	-0.0157145068896114	0.04505341384115183	1834752
2022-05-18	0.001851851851851852	0.0020740740740740823	0.021333333333333298	-0.017185185185185133	0.001851851851851852	2228200
2022-05-19	-0.007319778188539809	-0.017966728280961235	0.0018484288354898336	-0.024029574861367836	-0.007319778188539809	1219308
2022-05-20	-0.0005958587814686734	-0.0051392819901683135	0.009235811112766343	-0.05183971398778485	-0.0005958587814686734	2044197
2022-05-23	0.013563869429125004	-0.0051423461022506904	0.0159487255924876	-0.033611566552392454	0.013563869429125004	1496008
2022-05-24	0.0661764705882353	0.04044117647058824	0.09999999999999996	0.04044117647058824	0.0661764705882353	3221027
2022-05-25	-0.0034482758620689655	0.0	0.027586206896551724	-0.03586206896551716	-0.0034482758620689655	2492886
2022-05-26	0.04152249134948097	0.0008304498269896508	0.05190311418685121	-0.017231833910034664	0.04152249134948097	1908076
2022-05-27	-0.006046511627906954	-0.0025249169435215646	0.035215946843853894	-0.013953488372092985	-0.006046511627906954	1618699
2022-05-30	0.04091182565679527	0.008757269870980695	0.04285045791831003	-0.007286583327762573	0.04091182565679527	1474240
2022-05-31	-0.031468756020807946	-0.004559758525464055	0.032110975531436645	-0.031468756020807946	-0.031468756020807946	1735102
2022-06-01	-0.017306544658842342	0.035010940919037205	0.08772627809826927	-0.021616603673496392	-0.017306544658842342	2717305
2022-06-02	0.06943319838056694	-0.003238866396761065	0.07280701754385979	-0.021457489878542367	0.06943319838056694	2665095
2022-06-06	0.021894125812354084	-0.016341725029970364	0.053694239384188214	-0.018739352640545135	0.021894125812354084	2541302
2022-06-07	-0.038775006174364045	-0.0022227710545814623	-0.0022227710545814623	-0.057112867374660405	-0.038775006174364045	1760198
2022-06-08	-0.020426515930113097	-0.007386947584789348	-0.0025693730729702316	-0.03391572456320659	-0.020426515930113097	2387081
2022-06-09	-0.03678688524590173	-0.013114754098360656	0.003278688524590164	-0.04196721311475413	-0.03678688524590173	1445713
2022-06-10	0.06065763496493993	-0.0006127033834840697	0.0814214718496835	-0.012866771053168946	0.06065763496493993	1780954
2022-06-13	0.004492939666238694	0.0012836970474967176	0.01925545571245186	-0.02008985879332493	0.004492939666238694	1468370
2022-06-14	0.050798722044728364	-0.01035143769968054	0.054313099041533544	-0.039169329073482397	0.050798722044728364	2004939
2022-06-15	-0.021526299787169304	-0.009425357251444106	0.023715415019762882	-0.02645180906050468	-0.021526299787169304	1669045
2022-06-16	-0.01808464358958422	-0.0034802063265179433	0.012988627182897294	-0.03666645951152822	-0.01808464358958422	1415498
2022-06-17	-0.010696202531645556	-0.0064556962025317105	0.016835443037974664	-0.02386075949367095	-0.010696202531645556	2086659
2022-06-20	-0.00998016761563561	0.0012155332352376542	0.017209391593628033	-0.021175868466508874	-0.00998016761563561	1847112
2022-06-21	-0.0067205169628432445	-0.0039418416801293285	0.004006462035541225	-0.02571890145395793	-0.0067205169628432445	1418230
2022-06-22	0.008457484874113479	0.0018216121267321654	0.04658122438357944	0.0011059787912301574	0.008457484874113479	1697465
2022-06-23	0.07864008773627507	0.0012257273724275708	0.08296238952325666	0.0012257273724275708	0.07864008773627507	2292611
2022-06-24	0.02924641148325368	-0.0013755980861243407	0.03486842105263165	-0.025059808612440178	0.02924641148325368	1872762
2022-06-27	-0.010110988436283393	5.810912894410428e-05	0.009065024115288525	-0.03155325701667736	-0.010110988436283393	1556337
2022-06-28	-0.01855004402700321	5.870267097164266e-05	0.003756970942177956	-0.037217493395949534	-0.01855004402700321	1262990
2022-06-29	-0.02763323165261083	-0.01531192056941206	0.0048447873676655435	-0.03403313595310723	-0.02763323165261083	1628587
2022-06-30	0.05185458571692199	-0.009288306575628904	0.05308482499846218	-0.027557359906501752	0.05185458571692199	2145711
2022-07-01	-0.03508771929824561	-0.028070175438596558	0.0029239766081871343	-0.04514619883040935	-0.03508771929824561	2231498
2022-07-04	0.0055757575757575	-0.004787878787878739	0.012121212121212121	-0.03624242424242418	0.0055757575757575	1805742
2022-07-05	-0.04496142719382823	-0.017598842815814777	-6.027000964314673e-05	-0.07563886210221783	-0.04496142719382823	2442214
2022-07-06	0.020636122680802612	0.00908746686861036	0.031743026631326526	-0.018301148554840375	0.020636122680802612	1092870
2022-07-07	0.09998145056575784	-0.001051134607061074	0.09998145056575784	-0.010696840413034007	0.09998145056575784	2564970
2022-07-08	-0.044406970207982045	-0.0023046655424395534	0.00044969083754909544	-0.06531759415401914	-0.044406970207982045	2557312
2022-07-11	-0.006705882352941096	-0.005294117647058857	0.012235294117647132	-0.033764705882352995	-0.006705882352941096	2120956
2022-07-12	-0.017825417505626075	-0.015042046665877178	0.012673220419282163	-0.01995736112756132	-0.017825417505626075	1763424
2022-07-13	-0.0007838408200180612	-0.0008441362677117056	0.009707567078685642	-0.02080192945432613	-0.0007838408200180612	616747
2022-07-14	0.04996379435191891	-0.012309920347574173	0.07271300989621055	-0.012370263094376124	0.04996379435191891	1115634
2022-07-15	0.044252873563218324	-0.005000000000000026	0.07241379310344824	-0.016724137931034465	0.044252873563218324	1638166
2022-07-18	0.001375894331315355	0.0	0.038304898183819526	-0.03687396807925145	0.001375894331315355	1893338
2022-07-19	-0.041659796647430525	0.004726573234405132	0.016213245397087208	-0.05023358065402576	-0.041659796647430525	1575090
2022-07-20	0.009347938292137382	-0.007856856110569504	0.015082869759706345	-0.024488157366519527	0.009347938292137382	1409102
2022-07-21	-0.009318181818181741	-5.681818181813014e-05	0.011363636363636364	-0.022613636363636305	-0.009318181818181741	834494
2022-07-22	-0.019729295710025383	0.0022367515485202244	0.0036705666437255465	-0.03458362009635238	-0.019729295710025383	902038
2022-07-25	-0.028024806927217368	0.002808331383103313	0.00462204540135748	-0.03639129417271238	-0.028024806927217368	973116
2022-07-26	-0.003792210919159667	0.008908685968819708	0.016613495455366226	-0.02967555528802749	-0.003792210919159667	1984804
2022-07-27	0.018247734138972873	0.009305135951661584	0.026827794561933523	-0.01879154078549857	0.018247734138972873	1696781
2022-07-28	-0.022074531212912404	0.0008901020650366559	0.0067647756942795295	-0.032103014478993566	-0.022074531212912404	1321615
2022-07-29	0.06553398058252416	0.005461165048543551	0.0800970873786407	-0.01638349514563117	0.06553398058252416	3380224
2022-08-01	0.054669703872437324	-0.003986332574031826	0.05899772209567206	-0.014806378132118419	0.054669703872437324	4678836
2022-08-02	0.005939524838013082	0.006263498920086529	0.02624190064794824	-0.0021598272138227716	0.005939524838013082	2343854
2022-08-03	-0.03982823403113266	0.0	0.02297369833601718	-0.042565754159957093	-0.03982823403113266	2739679
2022-08-04	-0.050872093023255786	-0.0005590339892665156	0.01168381037567086	-0.06082289803220033	-0.050872093023255786	2161282
2022-08-05	-0.008422664624808616	-0.005889975262103899	0.03051007185769824	-0.020320414654258386	-0.008422664624808616	1465492
2022-08-08	-0.005524205524205565	-0.00855360855360854	0.021681021681021716	-0.02518562518562507	-0.005524205524205565	1465067
2022-08-09	-0.030402580336877167	0.0016127105483216477	0.0016127105483216477	-0.03715207263170469	-0.030402580336877167	2014846
2022-08-10	-0.03973387543892082	-0.0037577773670918104	-0.0032649541058338023	-0.04817347378796292	-0.03973387543892082	3586951
2022-08-11	-0.004298178085706874	0.0	0.0	-0.040287400564536835	-0.004298178085706874	3508821
2022-08-12	-0.014303202113265889	-0.008440177823593855	-0.005927453128020204	-0.03350299594098329	-0.014303202113265889	1753352
2022-08-15	-0.008431923655140993	-0.007320739917641705	0.013138113602196163	-0.015621936074253315	-0.008431923655140993	1610735
2022-08-16	0.033091628213579506	0.000527356624917683	0.04614370468029005	-0.00725115359261697	0.033091628213579506	2367062
2022-08-17	0.028011740684022554	-0.004657988769780435	0.031329760081674304	-0.02341755997958134	0.028011740684022554	1694506
2022-08-18	-0.006269008751784614	-0.0073241884426789566	0.01545527900192403	-0.01613804233132656	-0.006269008751784614	1253877
2022-08-19	-0.0329793878825734	-0.003997501561523962	-0.0018738288569642909	-0.03810118675827604	-0.0329793878825734	2408215
2022-08-22	-0.015889419971579766	-0.022865262885932	0.009559488438186398	-0.030099470352667593	-0.015889419971579766	1644780
2022-08-23	-0.008072985035442492	-0.005644526122341911	0.01273300078760828	-0.01417694933053311	-0.008072985035442492	1539277
2022-08-24	-0.03453980017203731	-0.0035069145768543714	-0.0021835505855884608	-0.04717792628862566	-0.03453980017203731	2106396
2022-08-25	0.003084092934000528	-0.00013707079706675506	0.010897128366801477	-0.012473442533068283	0.003084092934000528	1240567
2022-08-26	0.03375239136376057	0.00027329871549598277	0.07269745832194578	-0.009223831647991409	0.03375239136376057	2232943
2022-08-29	-0.030799735624587075	-0.021810971579643165	-0.0019828155981494473	-0.0575016523463319	-0.030799735624587075	3025227
2022-08-30	-0.013229678123295131	0.002318603382433193	0.009069830878341604	-0.021412984178941535	-0.013229678123295131	1031435
2022-08-31	-0.030545957152729702	-6.910850034547965e-05	0.008984105044920605	-0.03939184519695915	-0.030545957152729702	1584217
2022-09-01	0.010835471913316297	0.001568291987453656	0.012617621899059097	-0.021956087824351385	0.010835471913316297	1313431
2022-09-02	-0.0007052186177716695	0.00028208744710854754	0.02256699576868821	-0.012623413258110158	-0.0007052186177716695	1047788
2022-09-05	-0.02611150317572328	-0.0022582921665489993	0.0	-0.032604093154551705	-0.02611150317572328	1312334
2022-09-06	0.027536231884058054	0.005797101449275445	0.031159420289855154	-0.024347826086956622	0.027536231884058054	1658838
2022-09-07	0.0883638928067701	0.001410437235542938	0.0969675599435825	-0.00846262341325823	0.0883638928067701	2090341
2022-09-08	0.007321972396811996	0.00045357351130689545	0.027020022030713322	-0.01146893021447554	0.007321972396811996	1504293
2022-09-09	-0.015824006175221974	-0.006175221922037874	0.00990608516660229	-0.02000514601826845	-0.015824006175221974	1648974
2022-09-13	0.03594771241830065	0.020000000000000014	0.05006535947712416	0.01366013071895427	0.03594771241830065	1716727
2022-09-14	-0.016971608832807558	-0.011987381703470067	0.0033438485804416474	-0.02946372239747626	-0.016971608832807558	1302216
2022-09-15	-0.05140876708812009	-0.004300109107246107	-0.002053783454207003	-0.05846864771195696	-0.05140876708812009	1490861
2022-09-16	0.03660351826792961	0.0	0.062246278755074345	-0.011502029769959518	0.03660351826792961	1349939
2022-09-19	0.022257032830755148	0.001762287056980496	0.034527772338620144	-0.011161151360877279	0.022257032830755148	1252836
2022-09-20	0.02656110330736813	0.009002681649853126	0.06308262035499933	0.007278763887115224	0.02656110330736813	1938672
2022-09-21	-0.03259111829829586	0.0	0.001492722975494521	-0.03439482522701829	-0.03259111829829586	801338
2022-09-22	-0.019930564485019894	-0.008615147229008637	0.002957438601003009	-0.02545968882602533	-0.019930564485019894	664955
2022-09-23	-0.020729467331409058	0.0011151928627657827	0.009643138283914976	-0.03791655733403307	-0.020729467331409058	770407
2022-09-26	0.03496784565916398	0.0022775991425509337	0.06377277599142557	-0.008440514469453314	0.03496784565916398	1384840
2022-09-27	0.028478964401294535	0.0037540453074434467	0.03275080906148869	0.0031067961165047882	0.028478964401294535	871027
2022-09-28	-0.030522341095028282	-0.01516677155443673	-0.005663939584644466	-0.040465701699181914	-0.030522341095028282	735932
2022-09-29	0.024991885751379384	0.0009737098344691805	0.05063291139240495	0.0009737098344691805	0.024991885751379384	1104240
2022-09-30	-0.03489550348321735	-0.006333122229259024	-0.0010132995566814224	-0.04211526282457255	-0.03489550348321735	981030
2022-10-10	-0.03523853271212007	0.0026248441498786385	0.010499376599514554	-0.055712317081173184	-0.03523853271212007	1511745
2022-10-11	0.009386478030199942	-0.003536933750510204	0.020269351108692622	-0.010270711467827638	0.009386478030199942	805286
2022-10-12	0.0512129380053908	0.018126684636118582	0.05458221024258756	-0.012803234501347746	0.0512129380053908	865241
2022-10-13	0.041346153846153776	-0.008846153846153818	0.05512820512820509	-0.008846153846153818	0.041346153846153776	1207421
2022-10-14	0.008925823330255569	0.009541397353031772	0.019205909510618683	-0.013542628501077186	0.008925823330255569	1268982
2022-10-17	-0.009517998779743759	-0.005491153142159888	0.0009762050030506198	-0.03697376449054303	-0.009517998779743759	1189009
2022-10-18	-0.03603548108907228	-0.006159911297277319	0.0038191450043119656	-0.048293704570654204	-0.03603548108907228	1449818
2022-10-19	-0.022237842673653384	-0.0002556073870536166	0.005176049587833103	-0.024602211003898155	-0.022237842673653384	715284
2022-10-20	-0.07672701130645043	-0.002026011371805779	-0.002026011371805779	-0.08489641199921562	-0.07672701130645043	3066552
2022-10-21	0.0018404473702837891	0.008352799603595798	0.009910101224605204	-0.028031429178169517	0.0018404473702837891	1188080
2022-10-24	-0.05179113968769881	0.0	0.0033208507030311513	-0.06168303539885529	-0.05179113968769881	1524662
2022-10-25	-0.012667660208643731	-0.006706408345752439	0.004843517138599149	-0.038524590163934336	-0.012667660208643731	2169374
2022-10-26	-0.031698113207547084	0.0007547169811320326	0.0110943396226415	-0.03698113207547174	-0.031698113207547084	2557755
2022-10-27	0.024395946999220538	-0.002494154325798966	0.046297739672642224	-0.008417770849571415	0.024395946999220538	1792239
2022-10-28	-0.04877120900859781	-0.009206421669329742	0.004336909381419715	-0.055771132922468325	-0.04877120900859781	1426721
2022-10-31	-0.02063669812829946	-0.008878579427291628	0.010158374660054474	-0.025275955847064442	-0.02063669812829946	2250824
2022-11-01	0.05766089513230972	0.0004900359359686563	0.06051943809212673	-0.007595557007513824	0.05766089513230972	2350992
2022-11-02	0.0818532818532818	-0.009343629343629405	0.09498069498069507	-0.010347490347490374	0.0818532818532818	3037475
2022-11-03	0.03397573162027137	-0.0019985724482512574	0.04568165596002859	-0.012847965738757908	0.03397573162027137	1510528
2022-11-04	0.001656772055777859	0.0010354825348610883	0.04238575176032021	-0.009940632334668135	0.001656772055777859	2558876
2022-11-07	-0.024810475534114366	0.015024121295658215	0.019848380427291493	-0.032391454169538175	-0.024810475534114366	1422622
2022-11-08	-0.018445229681978894	0.007137809187279087	0.01060070671378092	-0.029540636042402875	-0.018445229681978894	1179054
2022-11-09	-0.008279933760529753	0.0009359925120600755	0.005039959680322681	-0.019943840449276277	-0.008279933760529753	830350
2022-11-10	-0.03441266153622774	-0.004719035864672612	-0.004719035864672612	-0.037244083055031185	-0.03441266153622774	1344484
2022-11-11	0.0007518796992480775	0.022556390977443608	0.03330827067669178	-0.01744360902255634	0.0007518796992480775	2789663
2022-11-14	-0.007062359128474814	0.0026296018031554797	0.03283245679939898	-0.015477084898572519	-0.007062359128474814	1547918
2022-11-15	0.006809927360774862	-0.0005296610169491009	0.010139225181598089	-0.0231537530266344	0.006809927360774862	1574730
2022-11-16	-0.019164286787915312	0.00030061626333978685	0.012400420862768718	-0.026754847437246373	-0.019164286787915312	1320909
2022-11-17	-0.024059459045283782	-0.011569994636426259	-0.001609072101754498	-0.04221898705080064	-0.024059459045283782	1620366
2022-11-18	-0.004318128287665944	-0.0030619455130721563	0.004946219674962671	-0.012247782052288625	-0.004318128287665944	1325958
2022-11-21	0.008752562687273409	-0.024286390159280857	0.013247121905062347	-0.024286390159280857	0.008752562687273409	1451491
2022-11-22	-0.005002735871179556	-0.007347768310795059	0.00836394903462826	-0.01758774329711561	-0.005002735871179556	977203
2022-11-23	0.004635085238431842	-0.006127739806740523	0.011469871945950142	-0.025296566894492993	0.004635085238431842	1278562
2022-11-24	0.0034407256803252874	-0.006881451360650575	0.019784172661870512	-0.006881451360650575	0.0034407256803252874	833771
2022-11-25	-0.019560473815461277	0.006857855361595975	0.006857855361595975	-0.025716957605985018	-0.019560473815461277	1043911
2022-11-28	0.0008743343136475593	-0.01041252682616646	0.01883793021222482	-0.01597647245846916	0.0008743343136475593	936477
2022-11-29	0.002064803049555314	0.0015088945362134508	0.023506988564167674	-0.004685514612452378	0.002064803049555314	969543
2022-11-30	0.04604533206530355	-0.004517356157869769	0.04612458392772224	-0.02092249167855445	0.04604533206530355	3124139
2022-12-01	0.008788544586711088	0.0003788165770132809	0.030381089476475418	0.0003788165770132809	0.008788544586711088	1627824
2022-12-02	-0.027562898986106015	-0.004280886218550456	-0.004280886218550456	-0.03627487795719123	-0.027562898986106015	1000720
2022-12-05	-0.009885696632684593	0.00818659252394194	0.009962928637627592	-0.012202656780969911	-0.009885696632684593	1009429
2022-12-06	0.030811232449298107	-0.0032761310452417126	0.036505460218408795	-0.010764430577223054	0.030811232449298107	2102529
2022-12-07	-0.0074158153613319575	0.0	0.01763147937949288	-0.011653424139235657	-0.0074158153613319575	1204210
2022-12-08	-0.016924601661965383	0.0	0.007852405275596563	-0.0260730349927574	-0.016924601661965383	1354196
2022-12-09	0.018224117875145582	-0.00147343931756493	0.022101589763474393	-0.013803799922450462	0.018224117875145582	2538205
2022-12-12	-0.010053313023610217	-0.002056359482102134	-0.002056359482102134	-0.028179741051028308	-0.010053313023610217	937462
2022-12-13	-0.015079242960455298	-0.0006154793045082635	0.004769964609940026	-0.015156177873518995	-0.015079242960455298	647725
2022-12-14	0.009217309795344308	-0.008592407436338137	0.013904077487892524	-0.008592407436338137	0.009217309795344308	617254
2022-12-15	0.048761609907120834	-0.0033281733746128362	0.06037151702786387	-0.0038699690402476785	0.048761609907120834	1760880
2022-12-16	-0.029077490774907733	-0.0004428044280442972	-0.0004428044280442972	-0.03616236162361628	-0.029077490774907733	936298
2022-12-19	-0.012009729401033844	-0.004332623897841237	0.032228640924293166	-0.01900273639404074	-0.012009729401033844	1026406
2022-12-20	-0.013694414525311597	-0.0038467456531774123	-0.0026157870441606665	-0.019079858439759886	-0.013694414525311597	988778
2022-12-21	0.01965678627145094	-0.0010920436817471635	0.031825273010920536	-0.004056162246489718	0.01965678627145094	1254003
2022-12-22	0.021266829865361086	0.002753977968176359	0.031211750305997647	-0.0027539779681761416	0.021266829865361086	1052569
2022-12-23	-0.029588014981273322	0.0	0.0026966292134832483	-0.03595505617977537	-0.029588014981273322	922586
2022-12-26	0.03566190659976824	0.004245465071400872	0.040447703589347586	0.0	0.03566190659976824	866412
2022-12-27	-0.006633375568308761	0.003204889319520063	0.003204889319520063	-0.01587538197808747	-0.006633375568308761	555878
2022-12-28	-0.020933373349339677	-0.008028211284513755	-0.006902761104441683	-0.03361344537815118	-0.020933373349339677	1344012
2022-12-29	0.0059774695378956326	0.006284006437274834	0.029504176565253996	-0.008812935857153847	0.0059774695378956326	1127977
2022-12-30	-0.029709758512988536	0.005713415098651633	0.014702521520530039	-0.03092862040070097	-0.029709758512988536	2033265
2023-01-03	0.009028813692392288	-0.010284996466985963	0.011070110701106984	-0.027871555311297883	0.009028813692392288	1662265
2023-01-04	0.008636788048552639	0.0	0.018051665110488585	-0.001867413632119585	0.008636788048552639	802383
2023-01-05	0.0013114248245006243	0.004011417110236907	0.04289130602483995	-0.0047828434775901	0.0013114248245006243	1954357
2023-01-06	0.0315100154083203	0.0013097072419105352	0.03613251155624035	-0.011171032357473167	0.0315100154083203	1645451
2023-01-09	0.021734259466726608	-0.0009709462992008027	0.03069684069011886	-0.0066472477406825485	0.021734259466726608	1613528
2023-01-10	-0.00701754385964918	0.0	0.007309941520467836	-0.033991228070175475	-0.00701754385964918	1454464
2023-01-11	-0.008392226148410002	-0.006183745583038894	0.0009570082449940772	-0.01361896348645461	-0.008392226148410002	1014082
2023-01-12	0.0022271714922049842	0.0007423904974018021	0.018930957683741735	-0.009651076466221107	0.0022271714922049842	1187200
2023-01-13	-0.003703703703703704	-7.40740740740067e-05	0.005111111111111094	-0.022888888888888913	-0.003703703703703704	1614012
2023-01-16	-0.014349442379182207	-0.00022304832713755492	0.007360594795539101	-0.01858736059479554	-0.014349442379182207	1739687
2023-01-17	-0.012823414045409888	0.003092705740363556	0.0138040280606473	-0.017877347816248054	-0.012823414045409888	2322534
2023-01-18	-0.006800641858332809	7.641170627333159e-05	0.0071062886834263525	-0.01123252082218995	-0.006800641858332809	1516221
2023-01-19	-0.00607785813202025	-0.007539621480227649	0.0	-0.011155562394214408	-0.00607785813202025	1260856
2023-01-20	-0.0007740537193280774	0.000309621487731187	0.010140103723198408	-0.004644322315968685	-0.0007740537193280774	1260907
2023-01-30	0.07452165156092652	0.0070493454179254515	0.0961344798202804	0.0070493454179254515	0.07452165156092652	2979224
2023-01-31	-0.02451157090332352	0.0	0.013048806863239868	-0.026746449426861853	-0.02451157090332352	1490939
2023-02-01	0.03909541053876278	0.003843027122903039	0.04419481191338401	0.0003695218387407536	0.03909541053876278	1785054
2023-02-02	0.02275960170697025	0.005903271692745466	0.02844950213371266	-0.0017069701280226222	0.02275960170697025	1716397
2023-02-03	-0.012517385257301885	-0.00556328233657866	-0.00278164116828933	-0.031432545201669056	-0.012517385257301885	1172124
2023-02-06	-0.005985915492957706	-0.011971830985915413	0.01267605633802825	-0.02112676056338028	-0.005985915492957706	939262
2023-02-07	-0.02019128586609985	0.006872121856181359	0.00793482111229192	-0.0268508678710591	-0.02019128586609985	1064652
2023-02-08	-0.0036876355748374496	0.0015184381778740384	0.005061460592913873	-0.012653651482284888	-0.0036876355748374496	856297
2023-02-09	-0.0018143551781696786	-0.0056607881558894055	0.01241018941868066	-0.010813556861891144	-0.0018143551781696786	1004007
2023-02-10	-0.02246619165333724	-0.004798604042460351	-7.270612185539411e-05	-0.035916824196597336	-0.02246619165333724	1291703
2023-02-13	0.00773521755299383	0.000297508367422986	0.024841948679806648	-0.012867236891037486	0.00773521755299383	1629317
2023-02-14	0.0028046350284153475	0.0006642556646247207	0.014835043176618132	-0.008709129825079391	0.0028046350284153475	854796
2023-02-15	-0.008169573857363756	0.0009567969382497641	0.0034591889305954134	-0.016707146537131155	-0.008169573857363756	928969
2023-02-16	0.05001484119916896	0.001038883941822609	0.07969723953695466	0.001038883941822609	0.05001484119916896	3614732
2023-02-17	-0.03802120141342753	0.0	0.010459363957597102	-0.03985865724381616	-0.03802120141342753	1653066
2023-02-20	0.018733470467234666	0.0002938583602702912	0.026741110784601722	-0.02292095210108731	0.018733470467234666	2049436
2023-02-21	0.010889161318237682	-0.002956659695680368	0.01665825340737003	-0.012042979736063948	0.010889161318237682	1297993
2023-02-22	0.020116992438293572	-0.00035668426309039356	0.027250677700099823	-0.011984591239834547	0.020116992438293572	1402559
2023-02-23	0.024965034965034917	-0.0007692307692308646	0.038461538461538464	-0.0012587412587413064	0.024965034965034917	1888020
2023-02-24	-0.03274885720133713	-6.822678583605722e-05	0.0	-0.040731391144163194	-0.03274885720133713	1103895
2023-02-27	0.029837060026803905	0.0016223460534668106	0.03209423714467082	-0.01114481201946824	0.029837060026803905	1971690
2023-02-28	0.03424657534246575	0.003219178082191773	0.03424657534246575	-0.013561643835616368	0.03424657534246575	2756179
2023-03-01	-0.006622516556291391	0.010132450331125835	0.05827814569536431	-0.026953642384105914	-0.006622516556291391	3438168
2023-03-02	-0.029066666666666758	-0.013333333333333334	-0.013266666666666727	-0.05	-0.029066666666666758	2566518
2023-03-03	-0.022109310628948085	-0.004394397143641763	0.0024718483932986385	-0.02499313375446297	-0.022109310628948085	1389001
2023-03-06	-0.0042831063052940965	0.0	0.0010532228619576302	-0.02401348125263297	-0.0042831063052940965	1514187
2023-03-07	-0.026584867075664695	-0.012410972427896417	0.00416049643889714	-0.03391862351033074	-0.026584867075664695	1304317
2023-03-08	-0.020139090118806154	-0.008186033033903185	-0.0002897710808460739	-0.027745580991016983	-0.020139090118806154	1456975
2023-03-09	-0.007467100399231044	-0.0019222238651485355	0.014934200798462298	-0.011903001626497009	-0.007467100399231044	1361669
2023-03-10	-0.006703910614525182	0.0	0.009981378026070789	-0.03158286778398517	-0.006703910614525182	2124331
2023-03-13	-0.016347956505436873	-0.00277465316835399	0.009973753280839989	-0.02857142857142859	-0.016347956505436873	1584939
2023-03-14	0.0008386063886560468	-0.005717770831745064	0.008004879164443177	-0.029884882213920775	0.0008386063886560468	1439111
2023-03-15	-0.018890920170627587	0.006093845216331592	0.028412553321145565	-0.023080438756855583	-0.018890920170627587	1259626
2023-03-16	-0.017857142857142943	-0.005434782608695784	0.0054347826086955636	-0.02220496894409948	-0.017857142857142943	1015721
2023-03-17	-0.02086956521739131	0.004110671936758862	0.01027667984189721	-0.02766798418972332	-0.02086956521739131	1160262
2023-03-20	0.009446148877765233	0.00024220894558373273	0.04432423704182137	-0.02648151138382045	0.009446148877765233	2337553
2023-03-21	0.04438934655682645	0.008957850115972202	0.05174758058066063	-0.006718387586979152	0.04438934655682645	2929198
2023-03-22	-0.007887884821565333	0.0056670240465613465	0.027799050390565135	-0.016694746515546074	-0.007887884821565333	1456360
2023-03-23	-0.016750289463527718	-0.005789270551910459	0.007333076032419826	-0.035121574681590204	-0.016750289463527718	2466123
2023-03-24	-0.005338357669963829	0.0008635578583765067	0.009577641701994025	-0.013110378395352503	-0.005338357669963829	686300
2023-03-27	-0.01973164956590371	0.0007103393843725604	0.0007103393843725604	-0.023362273086030054	-0.01973164956590371	1588696
2023-03-28	0.014492753623188383	-0.0032206119162641357	0.03462157809983894	-0.008051529790660225	0.014492753623188383	1757428
2023-03-29	0.006269841269841319	0.0014285714285714828	0.029920634920635	0.0014285714285714828	0.006269841269841319	1446351
2023-03-30	-0.06719772852748647	-0.0660935405000395	-0.006230775297736464	-0.08273523148513297	-0.06719772852748647	5380683
2023-03-31	0.013782024181956622	0.01209097827006009	0.035004650376257725	-0.013190158112792782	0.013782024181956622	2386884
2023-04-03	-0.02427022518765647	-0.008590492076730618	-0.0019182652210175477	-0.026021684737281104	-0.02427022518765647	1968127
2023-04-04	-0.030857338234037093	-0.0047012565176510574	0.0	-0.03538763996922815	-0.030857338234037093	2090509
2023-04-06	0.03607338154877406	-0.0044099488445934025	0.036867172340800905	-0.007585112012700648	0.03607338154877406	1460712
2023-04-07	0.017451264152549564	-0.005788712011577361	0.03277432535966625	-0.009534349195539325	0.017451264152549564	1000865
2023-04-10	-0.023259705488621163	-0.0001673360107094714	0.0030957161981258747	-0.0379852744310575	-0.023259705488621163	1879262
2023-04-11	-0.010193592598937791	-0.000256981326023652	0.0012849066301182602	-0.01918793900976525	-0.010193592598937791	1140544
2023-04-12	0.003028991778450961	-0.003548247511899581	0.010644742535698866	-0.008221549112938147	0.003028991778450961	902994
2023-04-13	0.012942191544434857	-0.003192407247627304	0.02234685073339076	-0.0075927523727352	0.012942191544434857	994015
2023-04-14	0.015502555366269107	-0.0032367972742760615	0.044974446337308356	-0.0076660988074957895	0.015502555366269107	1602772
2023-04-17	-0.005200469719845701	-0.0007549068948163346	0.01685958731756421	-0.011659117597718508	-0.005200469719845701	991000
2023-04-18	0.028161888701517736	-0.004047217537942578	0.028161888701517736	-0.00674536256323775	0.028161888701517736	1286899
2023-04-19	-0.0060685583073642356	-0.0003280301787763822	0.0001640150893881911	-0.03887157618500898	-0.0060685583073642356	1532706
2023-04-20	-0.03754125412541252	-0.002640264026402701	-0.0016501650165016736	-0.057343234323432364	-0.03754125412541252	1491243
2023-04-21	-0.021260180025717994	-0.0004286326618089273	0.009001285897985403	-0.02271753107586803	-0.021260180025717994	1081482
2023-04-24	0.005518087063151401	0.0	0.017254970657791004	-0.018831566961548616	0.005518087063151401	799737
2023-04-25	-0.032491289198606305	-0.015679442508710777	-0.0018292682926828725	-0.04355400696864112	-0.032491289198606305	1217364
2023-04-26	0.0018006662465112348	0.012964796974880814	0.026379760511389277	-0.0014405329972089367	0.0018006662465112348	1075418
2023-04-27	-0.002786015997124133	0.0041340882537971415	0.00925676282915432	-0.020400826817650725	-0.002786015997124133	1236890
2023-04-28	-0.013608507570295521	-0.021719538572458515	0.009282624369142045	-0.03046142754145634	-0.013608507570295521	1619439
2023-05-04	-0.010141617176793051	-0.004111466423024237	0.030607583371402413	-0.01982640475102788	-0.010141617176793051	1259966
2023-05-05	-0.019752630607347246	0.001569134207125731	0.001569134207125731	-0.030828872069411144	-0.019752630607347246	819483
2023-05-08	0.03681732580037662	0.02212806026365343	0.04331450094161953	0.012241054613935943	0.03681732580037662	1514062
2023-05-09	-0.04631731904459172	-0.0028153664517301088	0.004995004995004969	-0.048224502769957336	-0.04631731904459172	1375330
2023-05-10	0.07408818207789734	0.00561851252261679	0.07875440434244353	-0.0044757642129320905	0.07408818207789734	2297834
2023-05-11	-0.015870201258976913	0.009841297987410225	0.019593935632591486	-0.03927653160741206	-0.015870201258976913	1465669
2023-05-12	9.009009009013618e-05	-0.009009009009009009	0.011531531531531542	-0.01477477477477478	9.009009009013618e-05	1142258
2023-05-15	0.004414016755247229	0.0020718854157282204	0.013242050265741814	-0.010899918926222933	0.004414016755247229	765847
2023-05-16	-0.013452914798206279	0.003677130044843019	0.004484304932735426	-0.017937219730941704	-0.013452914798206279	631624
2023-05-17	-0.008181818181818233	-9.090909090913742e-05	0.004545454545454545	-0.015818181818181773	-0.008181818181818233	1235209
2023-05-18	-0.019248395967002698	9.16590284143457e-05	0.006416131989000943	-0.02969752520623277	-0.019248395967002698	1358526
2023-05-19	0.0032710280373831244	0.0028037383177569827	0.011775700934579487	-0.012616822429906489	0.0032710280373831244	601864
2023-05-22	0.011178388448998629	0.0	0.0133209129017234	-0.014345598509548134	0.011178388448998629	824350
2023-05-23	0.020912022109626865	-0.00018424689083368053	0.03620451404882549	-0.00939659143251954	0.020912022109626865	1331728
2023-05-24	-0.017325392528424362	-0.001353546291283085	0.006045840101064805	-0.019310593755639656	-0.017325392528424362	881744
2023-05-25	-0.005693296602387553	0.0	0.0054178145087235	-0.013865932047750275	-0.005693296602387553	346828
2023-05-26	0.0003694126339120063	0.0006464721093460766	0.0029553010712965754	-0.02105652013298856	0.0003694126339120063	480328
2023-05-29	-9.23190546527964e-05	-0.010339734121122511	0.005262186115214249	-0.010339734121122511	-9.23190546527964e-05	703126
2023-05-30	-0.014033791893638592	0.0025851721909334424	0.03850060012925863	-0.025113101283353326	-0.014033791893638592	1270117
2023-05-31	-0.007678621593782258	-9.364172675348924e-05	0.00187283453506872	-0.013016200018728349	-0.007678621593782258	570604
2023-06-01	-0.0015098612814947304	0.0035859205435500186	0.01406058318391993	-0.01047466264036991	-0.0015098612814947304	531300
2023-06-02	0.05084585577922687	-0.0034968339476420425	0.05623287023910786	-0.0034968339476420425	0.05084585577922687	1409280
2023-06-05	-0.004766615702850986	8.993614533685688e-05	0.0072848277722817	-0.05567047396348591	-0.004766615702850986	1791890
2023-06-06	-0.005783480932586306	0.007771552503162836	0.009036688957166094	-0.021236219049340272	-0.005783480932586306	613722
2023-06-07	-0.011906926013452121	-0.002181421559716369	0.003817487729503742	-0.025449918196691484	-0.011906926013452121	562090
2023-06-08	-0.010210652193910399	-0.004967344310550934	0.004599392880139822	-0.014902032931652934	-0.010210652193910399	626433
2023-06-09	-0.009479553903345688	0.008364312267658046	0.02044609665427512	-0.0130111524163568	-0.009479553903345688	793495
2023-06-12	0.06361418652655283	-9.382623381502267e-05	0.06821167198348654	-0.00516044285982358	0.06361418652655283	1845320
2023-06-13	0.025317572335921	-0.01199717713479181	0.03158080451658432	-0.01631968948482705	0.025317572335921	1434082
2023-06-14	0.015228426395939052	0.004990105824657991	0.01574464423986921	-0.008861739654134055	0.015228426395939052	1205742
2023-06-15	-0.006610169491525433	0.0001694915254236951	0.025423728813559324	-0.009322033898305037	-0.006610169491525433	1146849
2023-06-16	-0.01467326394813171	-0.001962122504692066	-0.001962122504692066	-0.02601945060569866	-0.01467326394813171	1159657
2023-06-19	0.017316017316017316	-0.001212121212121217	0.0322077922077922	-0.001212121212121217	0.017316017316017316	1940537
2023-06-20	0.0034042553191489847	-0.00425531914893617	0.014212765957446824	-0.012680851063829744	0.0034042553191489847	1508911
2023-06-21	-0.013486005089058553	0.0	0.008312128922815859	-0.015097540288379991	-0.013486005089058553	1192718
2023-06-26	0.016335654715845513	-0.006620239016421598	0.03860373140744557	-0.011263004040925133	0.016335654715845513	1860827
2023-06-27	0.009220878098299665	-0.002199475509686075	0.015311733355892077	-0.01319685305811681	0.009220878098299665	1055159
2023-06-28	-0.00645431684828161	-0.004191114836546521	0.0001676445934618275	-0.013746856663872596	-0.00645431684828161	445707
2023-06-29	0.012148823082763839	0.0	0.033324896650636995	-0.007846114907618383	0.012148823082763839	776895
2023-06-30	0.030257564391097738	-0.00416770859381512	0.03150787696924232	-0.008252063015753895	0.030257564391097738	1104183
2023-07-03	0.03624595469255679	-0.00016181229773459563	0.055825242718446653	-0.004611650485436838	0.03624595469255679	1728195
2023-07-04	-0.001093066833229347	7.807620237344553e-05	0.0465334166146157	-0.011711430356027593	-0.001093066833229347	1968841
2023-07-05	0.03134281694544311	0.012193215569798362	0.0386118493043614	-0.013443801782085344	0.03134281694544311	2002158
2023-07-06	0.01614247821144391	-0.004395604395604275	0.019325502084122863	-0.014778325123152624	0.01614247821144391	1514013
2023-07-07	0.0038782816229115586	-0.004400357995226756	0.006115751789976082	-0.010292362768496597	0.0038782816229115586	850866
2023-07-10	-0.035661218424962726	0.0	0.0	-0.04234769687964331	-0.035661218424962726	1322916
2023-07-11	0.03143297380585504	0.006856702619414378	0.038906009244992164	-0.004006163328197305	0.03143297380585504	1201357
2023-07-12	-0.010307738273080336	0.0	0.0057514191813565155	-0.015461607409620505	-0.010307738273080336	748941
2023-07-13	-0.011320754716981131	0.0036981132075472383	0.00422641509433964	-0.01984905660377355	-0.011320754716981131	827832
2023-07-14	-0.008778625954198517	-0.020305343511450354	0.017786259541984827	-0.020305343511450354	-0.008778625954198517	777770
2023-07-17	0.008702348864073896	-0.0026954177897573687	0.012552945706584486	-0.0026954177897573687	0.008702348864073896	740656
2023-07-18	0.0013742556115437993	0.008932661475034478	0.017483585280195606	-0.0013742556115435823	0.0013742556115437993	888981
2023-07-19	0.0034309240622142196	-0.002592253735895116	0.009987801158889923	-0.008386703263189953	0.0034309240622142196	440898
2023-07-20	-0.004634906162145837	0.0	0.0269736342223234	-0.004634906162145837	-0.004634906162145837	849617
2023-07-21	0.0158015267175572	0.011755725190839634	0.0228244274809161	-0.010839694656488454	0.0158015267175572	655625
2023-07-24	-0.017058690914556113	0.0	0.003907717742541597	-0.026076501089652055	-0.017058690914556113	1170850
2023-07-25	0.05351681957186544	-0.004587155963302926	0.05626911314984698	-0.004587155963302926	0.05351681957186544	1455400
2023-07-26	0.0014513788098692933	-0.014296081277213343	0.015239477503628404	-0.014296081277213343	0.0014513788098692933	1080536
2023-07-27	0.01724637681159417	0.07246376811594203	0.09782608695652174	0.013115942028985524	0.01724637681159417	4584523
2023-07-28	0.018663627297335835	0.008619461461746745	0.03355178800398923	-0.024077503917936997	0.018663627297335835	1641267
2023-07-31	0.0013286713286713128	-0.001118881118881095	0.012237762237762238	-0.01013986013986006	0.0013286713286713128	1219429
2023-08-01	0.033591731266149887	6.983727913954121e-05	0.05000349186395696	-0.008240798938473405	0.033591731266149887	1694413
2023-08-02	0.013513513513513514	-6.756756756750612e-05	0.02702702702702703	-0.005675675675675698	0.013513513513513514	1041921
2023-08-03	-0.056000000000000036	0.009933333333333395	0.009933333333333395	-0.06666666666666667	-0.056000000000000036	2818995
2023-08-04	-0.005296610169491526	0.009463276836158217	0.022951977401129944	-0.029802259887005644	-0.005296610169491526	1560090
2023-08-07	0.028753993610223724	0.00205892793752213	0.030741924032658945	-0.008235711750088723	0.028753993610223724	1409909
2023-08-08	0.003933747412008234	-0.014492753623188366	0.025810904071773503	-0.014492753623188366	0.003933747412008234	760240
2023-08-09	-0.011480030246786193	-0.007355468481473796	-0.0032996494122498783	-0.02722210765106213	-0.011480030246786193	770018
2023-08-10	-0.016968011126564656	-0.004242002781641263	-0.001529902642559102	-0.025730180806676054	-0.016968011126564656	924306
2023-08-11	-0.008771929824561467	0.0011318619128466085	0.015987549518958623	-0.008771929824561467	-0.008771929824561467	677307
2023-08-14	-0.007993148729660324	-0.007993148729660324	-0.002711961176134709	-0.03297173850984873	-0.007993148729660324	875206
2023-08-15	-0.01669064748201434	0.008129496402877665	0.008201438848920765	-0.02877697841726619	-0.01669064748201434	2100296
2023-08-16	-0.01960784313725495	-0.0029265437518291313	0.009584430787240285	-0.024509803921568585	-0.01960784313725495	1183532
2023-08-17	0.02679104477611943	0.0	0.04440298507462678	-0.008880597014925357	0.02679104477611943	1393116
2023-08-18	-0.00784940766044053	0.0033432662257432077	0.008794243767715735	-0.013009666400174372	-0.00784940766044053	1100496
2023-08-21	-0.015236978975899085	-0.001318584719068042	0.0035162259175153337	-0.02182990257124013	-0.015236978975899085	912700
2023-08-22	0.00424012497210439	0.010191177564531759	0.01309231570333996	-0.01770438146247114	0.00424012497210439	1197251
2023-08-23	-0.00851851851851856	-0.00237037037037032	0.00237037037037032	-0.012592592592592508	-0.00851851851851856	1100658
2023-08-24	0.009712364587224591	-0.006499813223757972	0.01778109824430329	-0.01285020545386626	0.009712364587224591	1015267
2023-08-25	0.001405845357010712	-0.0011098779134295648	0.006511283758786499	-0.01923788383277835	0.001405845357010712	853940
2023-08-28	0.06132702822521045	0.04920939855179545	0.07137579429584746	-0.009088222255061252	0.06132702822521045	3463700
2023-08-29	0.026803118908382228	-0.004107490949596039	0.04413812308549153	-0.008563074352547967	0.026803118908382228	1774852
2023-08-30	0.006847921893009633	0.005288494135195614	0.021764187402535624	-0.008814156891992754	0.006847921893009633	1361822
2023-08-31	-0.004377104377104415	0.009898989898989892	0.014141414141414102	-0.006734006734006734	-0.004377104377104415	652885
2023-09-01	6.76361176869755e-05	0.007778153533987188	0.007778153533987188	-0.02401082177882978	6.76361176869755e-05	682259
2023-09-04	-0.012308940890031256	-0.012579467063438479	-0.00027052617340741553	-0.024956039496821493	-0.012308940890031256	1447009
2023-09-05	0.020336894001643378	-0.003697617091207834	0.032730758696247614	-0.003697617091207834	0.020336894001643378	2253301
2023-09-06	0.009261123414535907	0.00825447956512998	0.009932219314140114	-0.003892356217703403	0.009261123414535907	1106600
2023-09-07	0.0017953321364453105	-0.0031917015759025855	0.013697719263248902	-0.01662344570782632	0.0017953321364453105	1450500
2023-09-08	0.007566706491437773	0.01466879065445379	0.03677153856365321	-0.01035444046196736	0.007566706491437773	1553570
2023-09-11	0.01449275362318833	-0.0003952569169960624	0.03293807641633728	-0.0003952569169960624	0.01449275362318833	1617357
2023-09-12	-0.00038961038961040436	0.008506493506493521	0.008506493506493521	-0.0207142857142857	-0.00038961038961040436	1106003
2023-09-13	-0.0192282707548396	-0.0030531375860724883	-0.0029881772119007923	-0.024749902559438756	-0.0192282707548396	898190
2023-09-14	-0.027685786196847122	-0.006225990197377121	0.003444164790038484	-0.03563385878924358	-0.027685786196847122	2033865
2023-09-15	0.009877384196185208	-0.005449591280654028	0.014918256130790173	-0.008514986376021797	0.009877384196185208	1052728
2023-09-18	0.01564924114671159	0.019966273187183865	0.045531197301854974	0.0016188870151771272	0.01564924114671159	1608066
2023-09-19	0.027894002789400393	0.002656571694228636	0.04137610413761054	-0.007106329282061455	0.027894002789400393	1968369
2023-09-20	-0.03405052658784009	0.011436324869160571	0.011436324869160571	-0.04044711507398087	-0.03405052658784009	1527270
2023-09-21	-0.012775919732441448	0.0019397993311036257	0.0019397993311036257	-0.024749163879598586	-0.012775919732441448	990900
2023-09-22	-0.016057998509384136	0.006165729385459696	0.006165729385459696	-0.017548614404769992	-0.016057998509384136	946661
2023-09-25	0.028577330946150708	0.0	0.04000826332461095	0.0	0.028577330946150708	2357313
2023-09-26	-0.0009372698667738822	-0.00100421771440052	0.020954676307156694	-0.013925152306353434	-0.0009372698667738822	1324200
2023-09-27	-0.001541245057964148	-0.0005360852375526642	0.015144407960865908	-0.008041278563291487	-0.001541245057964148	897762
2023-09-28	0.020134228187919462	0.001275167785234884	0.030134228187919523	-0.006644295302013484	0.020134228187919462	1374561
2023-10-09	0.026842105263157976	0.010921052631578925	0.05592105263157895	0.00690789473684218	0.026842105263157976	3030460
2023-10-10	-0.014543823680164082	-0.00550999487442346	0.004613018964633514	-0.019797539723218884	-0.014543823680164082	904261
2023-10-11	-0.002080488914894956	0.05961901046745977	0.05974904102464078	-0.015018529354398298	-0.002080488914894956	3067870
2023-10-12	-0.007948400547266915	0.0020848263730535747	0.014398332138901423	-0.016222555215323533	-0.007948400547266915	1971860
2023-10-13	-0.01162408878965003	-0.003612004991134244	0.014973402508701656	-0.017665988047547106	-0.01162408878965003	1138505
2023-10-16	0.017940199335548097	0.0006644518272424871	0.01933554817275745	-0.009966777408637873	0.017940199335548097	1404688
2023-10-17	0.012075718015665945	-0.007832898172323686	0.022519582245430922	-0.014360313315926819	0.012075718015665945	1607314
2023-10-18	0.009996775233795439	0.0011609158336019245	0.014511447920025797	-0.009996775233795623	0.009996775233795439	1374625
2023-10-19	-0.03237547892720302	-0.008812260536398438	0.006130268199233768	-0.03256704980842908	-0.03237547892720302	896486
2023-10-20	-0.014122615983633702	-0.0021117930442816155	0.004421566686464644	-0.02553949712928136	-0.014122615983633702	1011776
2023-10-23	-0.009237566102148709	0.0020081665439454542	0.010241649374121435	-0.028984537117611515	-0.009237566102148709	1505357
2023-10-24	-0.008175123302479425	-6.756300249976965e-05	0.023917302884940348	-0.012701844469968216	-0.008175123302479425	2462721
2023-10-25	-0.031607629427793014	0.0005449591280652866	0.006607629427792907	-0.060558583106267126	-0.031607629427793014	4154321
2023-10-26	-0.00851153629713005	-0.01519414743950476	0.004361283061339368	-0.04973269555430496	-0.00851153629713005	3488298
2023-10-27	0.013763746009223114	-0.010003547357218848	0.037956722241929926	-0.010003547357218848	0.013763746009223114	2120804
2023-10-30	0.01966547694030375	-0.009727762614598548	0.04311008468052366	-0.019175589614388557	0.01966547694030375	2271520
2023-10-31	0.0034317089910775567	0.0025394646533974234	0.012354152367879283	-0.010706932052161992	0.0034317089910775567	955396
2023-11-01	-0.004377564979480071	-0.000410396716826281	0.03823529411764708	-0.0073871409028726685	-0.004377564979480071	1419810
2023-11-02	-0.01786205001374	0.0012366034624897418	0.006320417697169466	-0.01985435559219576	-0.01786205001374	802166
2023-11-03	0.01888640179071061	0.004966424174594149	0.019026301063234462	-0.008114157806379382	0.01888640179071061	1212004
2023-11-06	0.014829053961279669	0.005217630097487237	0.021213785527941807	-0.002471508993546514	0.014829053961279669	1155653
2023-11-07	-0.03253957515897715	0.0	0.0	-0.03801921255581115	-0.03253957515897715	1613559
2023-11-08	-0.004125585623383004	0.0006293266205160717	0.013915110831410456	-0.01293615831060761	-0.004125585623383004	1412969
2023-11-09	0.006600196601601083	-7.02148574637755e-05	0.009338576042690722	-0.0196601600898749	0.006600196601601083	1129068
2023-11-10	0.0009765624999999047	-0.009486607142857238	0.015485491071428562	-0.009486607142857238	0.0009765624999999047	1228236
2023-11-13	-0.02536585365853649	-0.0005574912891986934	0.002299651567944338	-0.029337979094076712	-0.02536585365853649	1476661
2023-11-14	0.00393250393250381	-0.0012155012155013291	0.022451022451022352	-0.0025740025740026715	0.00393250393250381	1307712
2023-11-15	0.010255679794886388	0.006338579873228508	0.01972793960544128	-0.005768819884623619	0.010255679794886388	832377
2023-11-16	-0.0038773352132533165	-0.007190694395488063	0.002608389143461435	-0.007190694395488063	-0.0038773352132533165	360227
2023-11-17	0.01882519462137294	-0.003609341825902472	0.01910828025477699	-0.005661712668082175	0.01882519462137294	908617
2023-11-20	-0.0011114198388440996	0.00020839121978328103	0.0032647957766046044	-0.015837732703528767	-0.0011114198388440996	888600
2023-11-21	-0.010848400556328248	-0.00834492350486799	0.004520166898469939	-0.01947148817802511	-0.010848400556328248	755107
2023-11-22	-0.022286276715410683	-0.0027418447694039284	0.0016169853768278244	-0.025520247469066334	-0.022286276715410683	713139
2023-11-23	0.03652836700941981	-0.0005752498741639756	0.039045085208887664	-0.0073344358955920175	0.03652836700941981	1074684
2023-11-24	-0.011446409989594212	-0.0010405827263267823	-0.0010405827263267823	-0.019701699618453025	-0.011446409989594212	723303
2023-11-27	0.004140350877193007	-0.00126315789473689	0.01999999999999996	-0.009824561403508812	0.004140350877193007	840737
2023-11-28	-0.010203368509329848	0.0	0.0027954434272136814	-0.022363547417709254	-0.010203368509329848	1199128
2023-11-29	0.026830473769681645	0.0007766716091224574	0.03036079926569238	-0.009390665819388435	0.026830473769681645	1916870
2023-11-30	-0.008595200440074263	-0.0013752320704119993	0.010795571752733227	-0.012514611840748079	-0.008595200440074263	1060349
2023-12-01	0.0015258704397281097	0.0001387154945206118	0.005201831044527674	-0.023442918574004684	0.0015258704397281097	1056190
2023-12-04	-0.007548476454293652	-0.0027700831024931143	0.0021468144044321487	-0.01869806094182837	-0.007548476454293652	673739
2023-12-05	-0.027143953666876105	-0.004954294885213927	-0.0016049124276044224	-0.027981299281278283	-0.027143953666876105	803611
2023-12-06	-0.02381293932004012	0.00028690288337412473	0.008965715105436811	-0.024530196528475025	-0.02381293932004012	883354
2023-12-07	0.0036737692872887582	-0.0004408523144746677	0.01013960323291694	-0.01344599559147674	0.0036737692872887582	1173228
2023-12-08	-0.027013177159590028	-0.0029282576866764692	0.0	-0.03294289897510981	-0.027013177159590028	1589438
2023-12-11	0.03731848619366495	-0.005041005191482865	0.03776991949439478	-0.020314498532841688	0.03731848619366495	1493490
2023-12-12	0.01748023500398924	-0.010009429172408758	0.02125190396750567	-0.013563501849568466	0.01748023500398924	973900
2023-12-13	-0.010122611919019016	-0.009124607927003144	0.001354433989164512	-0.01789278585685765	-0.010122611919019016	963639
2023-12-14	0.011810456574967494	0.0	0.0190119544865331	-0.002592539248163716	0.011810456574967494	615033
2023-12-15	-0.01765124555160135	-0.0035587188612099642	0.003202846975088887	-0.018505338078291775	-0.01765124555160135	554877
2023-12-18	-0.0037675699174033487	0.003477756846833718	0.008549485581799581	-0.009781191131720204	-0.0037675699174033487	574240
2023-12-19	-0.008727272727272644	0.0017454545454546116	0.0017454545454546116	-0.018036363636363562	-0.008727272727272644	704821
2023-12-20	-0.029640498899486573	0.0	0.006603081438004235	-0.03895818048422599	-0.029640498899486573	1131078
2023-12-21	-0.0003024345985180103	-0.0003024345985180103	0.013004687736277023	-0.015499773174050983	-0.0003024345985180103	1198550
2023-12-22	-0.012781727423990303	0.00521857510210254	0.007260626229012313	-0.018983512327938216	-0.012781727423990303	803242
2023-12-25	-0.012027886309660563	0.0036007048188155893	0.013560101126177969	-0.023213054470236735	-0.012027886309660563	1468700
2023-12-26	-0.01132133995037227	-0.002171215880893309	0.002558933002481266	-0.019075682382134057	-0.01132133995037227	858900
2023-12-27	0.04062745098039221	0.014980392156862718	0.058823529411764705	0.011764705882352941	0.04062745098039221	1983343
2023-12-28	-0.020575821525474963	7.536930961705536e-05	0.001281278263491012	-0.03768465480856195	-0.020575821525474963	2396300
2023-12-29	0.008926510196229512	-0.0022316275490572688	0.013697575990765688	-0.02293189688341662	0.008926510196229512	2757764
2024-01-02	-0.01990694836396929	-0.007093280451529301	-0.0009152619937457443	-0.02585615132331641	-0.01990694836396929	1438796
2024-01-03	-0.027237354085603113	-0.0038132295719845066	-0.0005447470817120092	-0.03455252918287936	-0.027237354085603113	1297402
2024-01-04	-0.008879999999999996	-0.0005599999999999454	0.0069600000000000365	-0.009519999999999982	-0.008879999999999996	1226296
2024-01-05	-0.009282427960287398	0.0008878844135926986	0.012914682379530182	-0.013641133263378786	-0.009282427960287398	772725
2024-01-08	-0.019227635652598985	0.00048883819455762	0.0006517842594101214	-0.020368258106566728	-0.019227635652598985	777200
2024-01-09	0.01511879049676032	0.0033228110981891154	0.020518358531317487	-0.019770726034224917	0.01511879049676032	2065072
2024-01-10	-0.01481178396072015	-0.0031914893617021323	0.007610474631751167	-0.019967266775777395	-0.01481178396072015	885468
2024-01-11	0.033557604452197076	0.0033225350942769805	0.03413904809369549	-0.011545809452612348	0.033557604452197076	1309603
2024-01-12	0.05280077151812258	-0.003777224142088026	0.06083741862894795	-0.013099734790645419	0.05280077151812258	2438446
2024-01-15	-0.019847328244274764	0.015267175572519083	0.015267175572519083	-0.023282442748091582	-0.019847328244274764	1340799
2024-01-16	0.028037383177570048	-0.0024922118380061773	0.03676012461059189	-0.013084112149532763	0.028037383177570048	1719419
2024-01-17	-0.014393939393939436	-0.001515151515151429	0.013636363636363722	-0.014393939393939436	-0.014393939393939436	1179279
2024-01-18	0.010222905457340604	-0.0026133743274404566	0.0184473481936972	-0.023059185242121447	0.010222905457340604	1267960
2024-01-19	0.04002130411625954	-0.0019782393669635495	0.04466255801567377	-0.006999923913870622	0.04002130411625954	1742063
2024-01-22	-0.005047918648035684	0.0022679054795522883	0.01967956690321163	-0.029848562440558814	-0.005047918648035684	1930644
2024-01-23	-0.033235294117647134	-0.008014705882352965	0.003676470588235294	-0.042647058823529496	-0.033235294117647134	1612911
2024-01-24	0.006997261940979738	0.003574688165500448	0.013766352296927308	-0.007986005476117912	0.006997261940979738	1146355
2024-01-25	-0.01374622356495463	-0.0030211480362538194	0.0006797583081571254	-0.021903323262839922	-0.01374622356495463	1708837
2024-01-26	0.006739163731046067	-0.004365140143973208	0.009649257160361394	-0.013018839025884644	0.006739163731046067	1045399
2024-01-29	-0.020158223033622438	-0.001217100258633779	0.01384451544195948	-0.021755667123079366	-0.020158223033622438	1181067
2024-01-30	0.009238413166679588	-0.004968558341743768	0.027482338327769522	-0.011722692337551473	0.009238413166679588	1292215
2024-01-31	-0.025384615384615363	-0.0050000000000000435	0.018230769230769266	-0.026923076923076925	-0.025384615384615363	1390210
2024-02-01	0.0	-0.00015785319652719828	0.03741120757695339	-0.004972375690607811	0.0	1978928
2024-02-02	-0.02754538279400165	0.002446724546172078	0.010260457774269906	-0.05011838989739549	-0.02754538279400165	1424278
2024-02-05	0.038714390065741504	0.006411817222628085	0.040499959418878295	-0.01615128642155665	0.038714390065741504	1910543
2024-02-06	-0.008985779027973165	0.0	0.011876855758712267	-0.019378027816846412	-0.008985779027973165	1402539
2024-02-07	0.07127651186627774	0.0029961365607505753	0.07127651186627774	-0.0065441930142710585	0.07127651186627774	1479076
2024-02-08	0.015235151247515958	0.0039007875174799523	0.02156473099286087	-0.025539118274821512	0.015235151247515958	1367496
2024-02-19	-0.026315789473684178	0.0026098303610266322	0.011309264897781661	-0.03871248368856027	-0.026315789473684178	1720470
2024-02-20	-0.024644479189933753	-0.0027548209366391524	-0.0027548209366391524	-0.04124785942967755	-0.024644479189933753	1324907
2024-02-21	0.012977099236641134	-0.015190839694656557	0.029618320610686987	-0.02267175572519083	0.012977099236641134	1263083
2024-02-22	0.02471740768651094	-0.0045968349660888115	0.029389600602863646	-0.012810851544837895	0.02471740768651094	1152652
2024-02-23	-0.007206942197381893	-0.0012501838505661678	0.009707309898514647	-0.010516252390057204	-0.007206942197381893	1026037
2024-02-26	0.02466666666666676	0.019999999999999917	0.044444444444444446	-0.003703703703703704	0.02466666666666676	1678215
2024-02-27	0.012072580062170081	-0.002096436058700357	0.020386033398395093	-0.012072580062170287	0.012072580062170081	1475472
2024-02-28	-0.031999999999999924	-0.007142857142857143	0.00692857142857142	-0.03500000000000004	-0.031999999999999924	856298
2024-02-29	0.03637839433293963	-0.007821723730814656	0.03637839433293963	-0.014241440377804063	0.03637839433293963	1030040
2024-03-01	0.0056959772160912175	-0.01231755072979701	0.014595941616233617	-0.02342470630117474	0.0056959772160912175	1080471
2024-03-04	0.04424778761061947	-0.0014159292035397426	0.04446017699115045	-0.006300884955752116	0.04424778761061947	1591723
2024-03-05	-0.0006101694915254469	-0.008677966101694924	0.005762711864406741	-0.029355932203389914	-0.0006101694915254469	1188025
2024-03-06	0.011125432467268263	-0.0035954141510074022	0.02001221084051297	-0.014110304592632685	0.011125432467268263	1091920
2024-03-07	-0.006709158000670915	-0.0006038242200604052	0.01388795706138875	-0.013753773901375452	-0.006709158000670915	792149
2024-03-08	0.0095238095238095	0.0025667004390408335	0.014522120905099474	-0.013576494427558386	0.0095238095238095	1293716
2024-03-11	-0.02669610598153358	-6.690753378843387e-05	0.005218787635487763	-0.038538739462063556	-0.02669610598153358	1190592
2024-03-12	-0.0108613459819895	0.0	0.0023372516670104038	-0.025915996425379874	-0.0108613459819895	1280615
2024-03-13	0.01862533880047263	-0.00034748766418780285	0.024810619223017735	-0.0006254777955380847	0.01862533880047263	844620
2024-03-14	0.0016374428600669244	-0.00013645357167211443	0.0062086375110868295	-0.02251483932591924	0.0016374428600669244	584200
2024-03-15	0.03535181527143926	-0.0034057625502349974	0.03535181527143926	-0.005994142088413565	0.03535181527143926	887706
2024-03-18	-0.005921052631578985	0.0	0.0055921052631578575	-0.013157894736842105	-0.005921052631578985	682079
2024-03-19	-0.028193249503639915	-0.002514890800794146	-0.002051621442753159	-0.03507610853739234	-0.028193249503639915	865421
2024-03-20	-0.02710433124489233	-0.005652410787251515	0.00755924816126386	-0.03296104603650234	-0.02710433124489233	1166687
2024-03-21	-0.010289794204116107	0.0006299874002518198	0.00657986840263193	-0.016449671006580027	-0.010289794204116107	739392
2024-03-22	0.018459579885423395	-0.0027583280288562585	0.024612773180564526	-0.004172855223141488	0.018459579885423395	912846
2024-03-25	-0.009722222222222262	-0.001875000000000071	0.010347222222222285	-0.010069444444444365	-0.009722222222222262	765567
2024-03-26	-0.007713884992987338	0.0	0.009817671809256702	-0.012482468443197765	-0.007713884992987338	782207
2024-03-27	-0.011943462897526486	0.0011307420494699406	0.01752650176678438	-0.013215547703180244	-0.011943462897526486	783720
2024-03-28	0.011229525784993871	0.014019025820756799	0.029611615764251385	-7.152564194257138e-05	0.011229525784993871	1033922
2024-03-29	-0.009336539821756919	7.07313622859733e-05	0.0046682699108784595	-0.03444617343330036	-0.009336539821756919	1158900
2024-04-01	0.013851206625731813	0.00028559188919029016	0.03369984292446094	-0.0004283878337855367	0.013851206625731813	1083563
2024-04-02	-0.007183098591549368	0.0073239436619717746	0.0073239436619717746	-0.011971830985915413	-0.007183098591549368	968725
2024-04-03	-0.013760817137182564	-0.004184990778833901	0.006525748333097006	-0.02255639097744346	-0.013760817137182564	1432307
2024-04-08	0.015535097813578803	-0.0001438434982737472	0.026826812428078384	-0.006904487917145998	0.015535097813578803	1020763
2024-04-09	-0.014872521246458884	-0.005099150141643052	0.0017705382436260626	-0.01558073654390927	-0.014872521246458884	550022
2024-04-10	0.0017972681524083393	0.0016534867002158031	0.025593098490294768	-0.004888569374550732	0.0017972681524083393	747522
2024-04-11	-0.01040545389307491	-0.003946896304269702	0.00796555435952647	-0.01865805525654822	-0.01040545389307491	775600
2024-04-12	-0.0044960116026106205	-0.0021754894851342375	0.006889050036258075	-0.013052936910805012	-0.0044960116026106205	1271000
2024-04-15	0.009615384615384566	-0.0006555944055944304	0.015807109557109466	-0.009324009324009333	0.009615384615384566	1019125
2024-04-16	-0.037518037518037436	-0.009235209235209244	0.00858585858585857	-0.04365079365079353	-0.037518037518037436	1458285
2024-04-17	0.027886056971514233	0.008245877061469222	0.03373313343328336	0.00547226386806589	0.027886056971514233	1271413
2024-04-18	-0.030046674445740988	0.00838681446907822	0.00838681446907822	-0.030848891481913783	-0.030046674445740988	1753649
2024-04-19	-0.0037593984962406013	0.0037593984962406013	0.012631578947368473	-0.014511278195488773	-0.0037593984962406013	1233905
2024-04-22	0.008075471698113157	0.007547169811320755	0.01773584905660373	-0.007547169811320755	0.008075471698113157	1096092
2024-04-23	-0.006213970202889752	-0.0002994684435127053	0.009208654638017656	-0.018492176386913223	-0.006213970202889752	733390
2024-04-24	0.012957661594093707	0.00534880216965481	0.012957661594093707	-0.009341569986439724	0.012957661594093707	605900
2024-04-25	-0.020303435966086702	-0.012345679012345652	-0.003495463334820756	-0.022013981853339342	-0.020303435966086702	681856
2024-04-26	-0.02444393835876413	-0.01328474910802399	-0.011386927806877705	-0.04934335382980328	-0.02444393835876413	2722300
2024-04-29	0.03952999766555142	0.0001556299120691793	0.048945607345732015	-0.0035794879775891335	0.03952999766555142	1865520
2024-04-30	-0.0017965416573097468	0.0020959652668613004	0.008683284676996755	-0.008084437457893648	-0.0017965416573097468	822049
2024-05-06	0.0634420697412824	0.016122984626921678	0.06981627296587929	0.010873640794900765	0.0634420697412824	2450292
2024-05-07	0.008250475988999277	0.004372047105281747	0.015443198646075719	-0.014949580424511702	0.008250475988999277	1307853
2024-05-08	-0.013008812421317564	-0.00615470695202123	-0.0027276542173729637	-0.041264512519233305	-0.013008812421317564	1248610
2024-05-09	-0.025581065759637284	-0.008574263038548809	-0.0043934240362812115	-0.03500566893424035	-0.025581065759637284	2035380
2024-05-10	-0.0062540906115917776	-0.0035633772089301192	0.0036360991927859793	-0.016798778270671243	-0.0062540906115917776	1028830
2024-05-13	-0.006220270764727364	-0.004683497987559566	0.00995243322356374	-0.019465788510793974	-0.006220270764727364	1445703
2024-05-14	-0.014653902798232761	0.0014727540500735538	0.010972017673048458	-0.016936671575846916	-0.014653902798232761	1318080
2024-05-15	-0.020327329795979364	0.0	0.0	-0.020925192437037676	-0.020327329795979364	614638
2024-05-16	0.0023647875505378156	0.0	0.004500724692959062	-0.036234647951788844	0.0023647875505378156	2149620
2024-05-17	0.02861491628614909	-0.006849315068493194	0.03105022831050216	-0.01073059360730591	0.02861491628614909	1530800
2024-05-20	-0.02892867712340927	-0.002219591595146367	-0.0014057413435927622	-0.030778336786031344	-0.02892867712340927	1163283
2024-05-21	-0.014095238095238051	0.0	0.0003809523809524676	-0.03542857142857147	-0.014095238095238051	1772803
2024-05-22	-0.007341576506955309	-0.0031684698608964185	0.006259659969088116	-0.013601236476043315	-0.007341576506955309	752392
2024-05-23	-0.02639159205916689	-0.0033476060724015448	0.0009342156481121414	-0.038302841572596245	-0.02639159205916689	1746834
2024-05-24	-0.026067487605949183	-0.0005597313289621573	0.0027986566448104455	-0.028226451303374388	-0.026067487605949183	1478000
2024-05-27	0.03579638752052545	0.0019704433497537695	0.03834154351395732	-0.02044334975369454	0.03579638752052545	2487100
2024-05-28	-0.0381261889663919	-0.0028535193405199704	0.0007133798351300207	-0.040266328471781854	-0.0381261889663919	1465538
2024-05-29	0.00032962505150396586	0.0020601565718994645	0.009147095179233617	-0.015409971157807914	0.00032962505150396586	1138600
2024-05-30	0.009391218387017057	-0.004118955432902216	0.023148529532910474	-0.004201334541560303	0.009391218387017057	731400
2024-05-31	0.002856443320003218	0.0013874153268587425	0.022198645229739647	-0.002856443320003218	0.002856443320003218	1045335
2024-06-03	-0.015706380208333273	-0.002197265624999968	0.013997395833333325	-0.023437499999999965	-0.015706380208333273	903100
2024-06-04	0.0062009094667217855	-0.001405539479123619	0.007027697395617977	-0.010417527904092642	0.0062009094667217855	655450
2024-06-05	0.04190632703368935	0.0008216926869350395	0.05168447000821686	-0.003615447822514361	0.04190632703368935	2350982
2024-06-06	-0.017981072555205056	-0.01735015772870665	-0.0002365930599369175	-0.025394321766561506	-0.017981072555205056	1388635
2024-06-07	0.01590106007067141	0.002248634757468689	0.01983617089624156	-0.0037744940571795603	0.01590106007067141	1177304
2024-06-11	-0.030830039525691744	-0.0010276679841896873	-0.00079051383399205	-0.03517786561264825	-0.030830039525691744	1025288
2024-06-12	-0.01851549755301791	-0.004078303425774878	0.003915171288743915	-0.024959216965742156	-0.01851549755301791	1226911
2024-06-13	0.00972326103216157	-0.002659353444693702	0.020194465220643287	-0.002659353444693702	0.00972326103216157	872876
2024-06-14	0.019012345679012364	-0.0023045267489712026	0.02395061728395059	-0.021975308641975323	0.019012345679012364	1462400
2024-06-17	0.0020999919231079146	-0.00266537436394474	0.005573055488248104	-0.019142234068330544	0.0020999919231079146	1323900
2024-06-18	0.01676472958813583	-0.0005641976303698975	0.03562505037478855	-0.004594180704440986	0.01676472958813583	2012176
2024-06-19	-0.05255648038049948	0.005945303210463733	0.005945303210463733	-0.05271502179944515	-0.05255648038049948	2727400
2024-06-20	0.0006693440428380045	-0.002677376171352018	0.008283132530120559	-0.01614792503346714	0.0006693440428380045	1176164
2024-06-21	0.005267558528428175	-0.001421404682274143	0.009949832775919832	-0.012959866220735763	0.005267558528428175	874084
2024-06-24	-0.036929218996922544	-0.009731348249189068	-0.000249521749979216	-0.03850952341345762	-0.036929218996922544	1466253
2024-06-25	-0.0022454443388894127	0.0016409016322652883	0.025908973141031175	-0.006822696260471597	-0.0022454443388894127	1264023
2024-06-26	0.0010386912490262664	-0.004587553016532512	0.0057993594737297816	-0.01878300008655762	0.0010386912490262664	898610
2024-06-27	-0.046952010376134945	-0.005533938607868574	0.0004323389537397074	-0.04790315607436235	-0.046952010376134945	1993631
2024-06-28	0.016512429686082446	0.0011794592632915573	0.028942115768463055	0.0	0.016512429686082446	1435121
2024-07-01	0.028204212781149558	0.004551945733666466	0.03400571224562645	-0.003034630489111062	0.028204212781149558	966240
2024-07-02	0.015451388888888898	0.0008680555555555062	0.01987847222222215	-0.017534722222222188	0.015451388888888898	1299427
2024-07-03	-0.035305180372713366	-0.0029919644383656053	0.005471020687296979	-0.03650196614805958	-0.035305180372713366	905380
2024-07-04	0.029862649534780725	0.0	0.043863535666814384	0.0	0.029862649534780725	1235220
2024-07-05	0.013594906212355862	-0.0018069179143004109	0.018413353983823787	-0.03536396489416623	0.013594906212355862	1315649
2024-07-08	-0.019949066213921854	-0.015789473684210523	-0.0025466893039048995	-0.029032258064516144	-0.019949066213921854	651455
2024-07-09	0.04763967085318319	-0.00251190991771335	0.05682113469034216	-0.00900822867042015	0.04763967085318319	1515641
2024-07-10	0.02331541959487386	0.00041339396444809557	0.03265812319140143	-0.005043406366267047	0.02331541959487386	1619390
2024-07-11	-0.0013735153914519005	-8.079502302650808e-05	0.009937787832269564	-0.01389674396057202	-0.0013735153914519005	995942
2024-07-12	-0.0033980582524270834	0.002265372168284799	0.008171521035598747	-0.020873786407766978	-0.0033980582524270834	875388
2024-07-15	0.03425880824809221	0.0008930021107322571	0.03831790875142067	-0.001380094171131691	0.03425880824809221	1500228
2024-07-16	0.003532182103610586	-0.0031397174254317556	0.010047095761381485	-0.020643642072213576	0.003532182103610586	1319397
2024-07-17	-0.0027375831052013637	-0.013922565506452884	0.015252248728979406	-0.013922565506452884	-0.0027375831052013637	1004676
2024-07-18	-0.0015686274509804144	-0.011372549019607865	0.013333333333333244	-0.012235294117647077	-0.0015686274509804144	1055781
2024-07-19	0.005498821681068365	-0.004477611940298454	0.014925373134328292	-0.008562450903377875	0.005498821681068365	991777
2024-07-22	-0.016484374999999996	-0.0009375000000000355	0.006953124999999893	-0.02328125000000003	-0.016484374999999996	1208840
2024-07-23	-0.028516959250139036	-0.003097942648343797	-0.0003177377075224899	-0.029470172372706282	-0.028516959250139036	768391
2024-07-24	-0.003270645952575564	-0.004006541291905109	0.005723630417007382	-0.017988552739166008	-0.003270645952575564	965750
2024-07-25	-0.007465135356849965	-0.007383100902379046	-0.0007383100902379279	-0.023297785069729314	-0.007465135356849965	755498
2024-07-26	0.005124390445491401	0.005950905033473832	0.04413587899826435	-0.0040499214811141	0.005124390445491401	1425130
2024-07-29	-0.010772140448976255	0.003206973110763922	0.008140777896554518	-0.011758901406134304	-0.010772140448976255	765522
2024-07-30	-0.0009975062344138848	-0.0024106400665003494	0.013881961762261029	-0.00839567747298413	-0.0009975062344138848	603986
2024-07-31	0.03777666833083701	0.0	0.04301880512564476	-0.004742885671492822	0.03777666833083701	898129
2024-08-01	-0.024935856318152656	0.0	0.005211674150096261	-0.02886465683130207	-0.024935856318152656	690002
2024-08-02	-0.013239042841871553	-0.005016034865553815	0.003206973110763922	-0.013239042841871553	-0.013239042841871553	566538
2024-08-05	-0.012416666666666624	-0.00408333333333329	0.01416666666666669	-0.015750000000000004	-0.012416666666666624	538763
2024-08-06	0.02101088515737064	0.006581723061345044	0.021939076871150064	-0.007594295840013548	0.02101088515737064	605933
2024-08-07	0.028925619834710745	-0.004545454545454522	0.04537190082644624	-0.01099173553719007	0.028925619834710745	1572501
2024-08-08	0.0008032128514055769	-0.002811244979919633	0.01036144578313258	-0.01076305220883537	0.0008032128514055769	769945
2024-08-09	-0.029052969502407627	0.0032102728731942675	0.013643659711075465	-0.031139646869983915	-0.029052969502407627	993000
2024-08-12	-0.019424698297239282	-0.004794180856339877	0.0015705075219044282	-0.019837989750372008	-0.019424698297239282	1040587
2024-08-13	0.006827952457219947	0.0029503498271938678	0.009694006575065377	-0.013655904914439774	0.006827952457219947	879200
2024-08-14	-0.01959142665773613	-0.0022605492297387477	-0.001758204956463444	-0.020093770931011317	-0.01959142665773613	448900
2024-08-15	-0.006319385140905165	-0.0020495303159692134	0.0017079419299744051	-0.020495303159692498	-0.006319385140905165	1530986
2024-08-16	0.04331385355792374	0.020539704365761434	0.08284633894809214	0.020539704365761434	0.04331385355792374	4423393
2024-08-19	-0.022405271828665557	0.0	0.015568369028006594	-0.022405271828665557	-0.022405271828665557	1462821
2024-08-20	-0.0014324233232221241	-0.0027805864509606714	0.010279743849005719	-0.013144590495449969	-0.0014324233232221241	1475718
2024-08-21	-0.02328917390937478	-0.005991055607121829	0.015019829550248933	-0.02371107923381995	-0.02328917390937478	1280164
2024-08-22	0.004406047516198748	0.0025917926565874484	0.01840172786177102	0.0008639308855291085	0.004406047516198748	1054000
2024-08-23	-0.01230001720282132	-0.006193015654567339	0.012386031309134678	-0.01290211594701531	-0.01230001720282132	706114
2024-08-26	0.00017417051293212594	0.002786728206914634	0.013149873726378169	-0.012191935905251167	0.00017417051293212594	1017189
2024-08-27	-0.0108837614279495	-0.004440574662603317	-0.001741401828471821	-0.018981279930343865	-0.0108837614279495	693500
2024-08-28	-0.012059859154929494	-0.0026408450704225104	0.02077464788732394	-0.018133802816901304	-0.012059859154929494	844000
2024-08-29	0.022542992069856552	-0.004900650449968788	0.035195580504321505	-0.014434643143544547	0.022542992069856552	1069628
2024-08-30	0.01690484489369116	-0.005751132798884723	0.02980132450331127	-0.009236667828511696	0.01690484489369116	1860551
2024-09-02	-0.011225364181662402	0.0025706940874035745	0.006255355612682124	-0.020908311910882584	-0.011225364181662402	1111140
2024-09-03	0.023052257561313776	0.0014732645809862354	0.024178871652656263	-0.010572839934136397	0.023052257561313776	2088123
2024-09-04	0.04252435408725113	-0.008216857263871231	0.055400254129606155	-0.009656925031766206	0.04252435408725113	1879821
2024-09-05	0.010238075891768955	0.0039002193873405706	0.027870317705370982	-0.00040627285284794965	0.010238075891768955	1610169
2024-09-06	0.015844928818466972	0.000563017775275536	0.033539773184267686	-0.0009651733290437107	0.015844928818466972	2179400
2024-09-09	-0.03642121931908151	-0.0014251781472683501	0.01179730799683301	-0.04291369754552654	-0.03642121931908151	2468695
2024-09-10	-0.018652423993426426	0.008709942481511933	0.008709942481511933	-0.03574363188167632	-0.018652423993426426	2316359
2024-09-11	0.04437745959976553	-0.0035167043456418128	0.049987440341622696	-0.012810851544837989	0.04437745959976553	2272669
2024-09-12	-0.026537320612523067	0.006012988054197066	0.014270824981961045	-0.027499398701194635	-0.026537320612523067	1242722
2024-09-13	-0.028166694119584924	0.0011530225662988022	0.0011530225662988022	-0.03640256959314776	-0.028166694119584924	1955425
2024-09-18	0.06762711864406783	0.012881355932203357	0.07093220338983054	0.0018644067796610073	0.06762711864406783	2255900
2024-09-19	0.0485791395459596	0.000952532147959917	0.051833624384822884	-0.003810128591840006	0.0485791395459596	3845272
2024-09-20	-0.012641937925813683	-0.011733535200605473	0.007191521574564853	-0.021347464042392076	-0.012641937925813683	1627506
2024-09-23	0.00690025300927705	-0.0020700759027831805	0.023537529709422626	-0.0055968718853026	0.00690025300927705	1449500
2024-09-24	0.020939617756795856	0.003959491357648532	0.026421990405847855	-0.023223939693900946	0.020939617756795856	2387733
2024-09-25	-0.01842183770883054	0.0008949880668255976	0.005369928400954645	-0.022523866348448763	-0.01842183770883054	1725185
2024-09-26	0.004482942025681749	0.0006078565458550572	0.010561507484233616	-0.01983131980852529	0.004482942025681749	2219773
2024-09-27	0.02881996974281394	0.006051437216338967	0.03252647503782157	-0.0015128593040846343	0.02881996974281394	1330205
2024-09-30	0.08572899051540327	0.019998529519888238	0.08668480258804516	0.007058304536431204	0.08572899051540327	2701548
2024-10-08	0.06331685514999677	0.09988487844518183	0.09988487844518183	-0.010970406988555403	0.06331685514999677	3793809
2024-10-09	-0.06667940389759265	-0.019233218698255065	-0.005413323143548737	-0.06929053623742214	-0.06667940389759265	2447914
2024-10-10	0.050835892186966825	-0.005117707267144319	0.06960081883316266	-0.007096554077106928	0.050835892186966825	3292535
2024-10-11	-0.027857142857142806	-0.006493506493506494	-0.004090909090909062	-0.04759740259740268	-0.027857142857142806	1059690
2024-10-14	0.014828668759601888	-6.679580522356106e-05	0.02110747445060448	-0.025649589205797897	0.014828668759601888	1569300
2024-10-15	-0.08313038899493184	-0.0020404133482524994	-0.0020404133482524994	-0.0851049825577569	-0.08313038899493184	3260623
2024-10-16	0.0141421392677674	0.0005025125628140214	0.03201722900215347	-0.009332376166547102	0.0141421392677674	1734117
2024-10-17	-0.006087633609400535	0.009768528349968114	0.019041551638706005	-0.008919091102144965	-0.006087633609400535	1000030
2024-10-18	0.05775941884481172	0.0	0.0767039384659213	-0.007193219856135538	0.05775941884481172	2354183
2024-10-21	0.003231887961217275	6.733099919196676e-05	0.018718017775383792	-0.016563425801238943	0.003231887961217275	1548306
2024-10-22	0.006778523489932825	-0.0037583892617449816	0.016711409395973216	-0.007114093959731559	0.006778523489932825	712830
2024-10-23	0.0005999600026665116	0.00013332444503706575	0.006466235584294373	-0.014732351176588093	0.0005999600026665116	1052200
2024-10-24	-0.005729513657561527	0.001065956029313768	0.014856762158561082	-0.011725516322451638	-0.005729513657561527	844631
2024-10-25	-0.0066336102921469384	0.0003350308228355866	0.0053604931653711	-0.01500938086303946	-0.0066336102921469384	1497564
2024-10-28	-0.043507588532883563	-0.01517706576728499	-6.745362563231639e-05	-0.06509274873524455	-0.043507588532883563	4716461
2024-10-29	-0.03152327221438645	-0.005782792665726527	-0.0035260930888575456	-0.04090267983074761	-0.03152327221438645	2888055
2024-10-30	-0.022718998033932892	-0.004004951576494657	-0.00029126920556339083	-0.040049515764945746	-0.022718998033932892	2905345
2024-10-31	0.023023619700469438	-0.0058117874972058794	0.03107071008121591	-0.016764771626555396	0.023023619700469438	2757296
2024-11-01	-0.0006554989075018456	0.0	0.013838310269482717	-0.014348142753095402	-0.0006554989075018456	1580714
2024-11-04	0.014503316084833325	-7.28809853510628e-05	0.02929815611107049	-0.0013847387216675002	0.014503316084833325	1705907
2024-11-05	-0.019540229885057464	-0.004022988505747143	-0.004022988505747143	-0.044540229885057396	-0.019540229885057464	3025253
2024-11-06	0.00417643610785479	-0.0005128956623680626	0.01480070339976561	-0.013481828839390413	0.00417643610785479	1939066
2024-11-07	-0.006858810653046317	-0.0076614374315943905	-0.0003648303538855262	-0.025173294418095706	-0.006858810653046317	1597700
2024-11-08	0.00955109837631315	0.008008228638600947	0.04312688266842977	0.004040849313055491	0.00955109837631315	2119137
2024-11-11	0.044829342842587855	-0.0029837711956917008	0.047958663852703615	-0.012590058947674768	0.044829342842587855	2428013
2024-11-12	0.0011840913839939815	-0.00048756704046801685	0.034895869610643025	-0.010029950546771594	0.0011840913839939815	1546276
2024-11-13	0.0068178655906497125	-0.009670237929595205	0.009600667872547623	-0.015444552664533175	0.0068178655906497125	1081700
2024-11-14	-0.025428413488115028	-0.008637368711995578	0.005251520176893248	-0.02909065782200116	-0.025428413488115028	1109321
2024-11-15	-0.023681225184344894	-0.007373794668179184	0.00680657969370397	-0.02439024390243901	-0.023681225184344894	990862
2024-11-18	0.013798111837327567	0.016557734204793038	0.04429920116194643	0.0023965141612201347	0.013798111837327567	1394951
2024-11-19	0.02657593123209175	0.0	0.029226361031518714	0.0	0.02657593123209175	1031205
2024-11-20	0.003977391668411089	-0.01472332705324132	0.015909566673644553	-0.01472332705324132	0.003977391668411089	948008
2024-11-21	0.005212677231025855	-0.0030581039755351526	0.027870447595218176	-0.0030581039755351526	0.005212677231025855	1454700
2024-11-22	-0.07059392933692878	-0.006084491460969339	0.002558252091543971	-0.07349789117057316	-0.07059392933692878	1975319
2024-11-25	0.022838863264395343	0.006174676387442439	0.04523136438030065	0.0	0.022838863264395343	1656791
2024-11-26	-0.007127791112081011	-0.006691395737871961	0.0028365699323586176	-0.011782675103643933	-0.007127791112081011	744390
2024-11-27	0.027324005567357836	0.0	0.02922862793934517	-0.003735990037359834	0.027324005567357836	899640
2024-11-28	-0.027666856816885306	0.005276668568168715	0.005276668568168715	-0.0316600114090131	-0.027666856816885306	945094
2024-11-29	-0.013347022587269152	-0.014227046054561645	0.006160164271047044	-0.017307128190085168	-0.013347022587269152	1298954
2024-12-02	-0.011446409989594114	-0.004831276943659921	0.010108517912888462	-0.01887914374907085	-0.011446409989594114	2224524
2024-12-03	0.006090225563909792	0.0	0.017368421052631595	-0.010075187969924838	0.006090225563909792	1095596
2024-12-04	-0.01741274942082066	-0.004409236977804375	0.003064046035423336	-0.0233913758314027	-0.01741274942082066	1929119
2024-12-05	-0.015287496197140182	-0.0033465165804684952	-0.002814116215393795	-0.022512929723151658	-0.015287496197140182	1392973
2024-12-06	0.0006179037614892446	0.0	0.013362168842202747	-0.007260369197497472	0.0006179037614892446	1516491
2024-12-09	0.016287147819374643	7.719027402540257e-05	0.031570822076418176	-0.009803164801235123	0.016287147819374643	1719921
2024-12-10	0.022330244569345268	0.032963694364271635	0.032963694364271635	0.003645754215403234	0.022330244569345268	2106482
2024-12-11	0.013447251114413094	0.0	0.01916790490341763	-0.009063893016344717	0.013447251114413094	1483113
2024-12-12	-0.0016860933949123214	-0.0013195513525401865	0.009676709918627617	-0.017080859174547203	-0.0016860933949123214	1006430
2024-12-13	-0.02555441327654588	-0.007783815538258204	0.004185636657365202	-0.02555441327654588	-0.02555441327654588	1085204
2024-12-16	-0.02411454408440082	0.004370761115297758	0.008816880180859202	-0.030143180105501134	-0.02411454408440082	1051577
2024-12-17	0.023938223938223896	0.018378378378378343	0.03644787644787644	-0.0019305019305019305	0.023938223938223896	1147023
2024-12-18	-0.0022624434389138985	-0.008672699849170481	0.006033182503770825	-0.017345399698340747	-0.0022624434389138985	875652
2024-12-19	0.0009070294784578693	-0.003854875283446858	0.004157218442932599	-0.016024187452758916	0.0009070294784578693	533985
2024-12-20	-7.55172934601337e-05	0.0046820721945325825	0.007325177465639624	-0.0031717263253284063	-7.55172934601337e-05	445428
2024-12-23	0.015633260327769755	-0.0035495808473680153	0.05203534476248029	-0.006268408730458305	0.015633260327769755	2295599
2024-12-24	0.004982153480071505	0.015095181439619285	0.016879833432480743	-0.008328375966686319	0.004982153480071505	819144
2024-12-25	0.021087680355160888	-0.009988901220865662	0.027746947835738067	-0.009988901220865662	0.021087680355160888	1025300
2024-12-26	0.00884057971014492	-0.006376811594202865	0.016884057971014582	-0.010869565217391304	0.00884057971014492	966072
2024-12-27	-0.028085045252118926	-0.00301680792989504	-0.00014365752047127016	-0.031963798304841175	-0.028085045252118926	1180878
2024-12-30	-0.005764540684354454	0.005025497006873157	0.014928682285123127	-0.007464341142561458	-0.005764540684354454	921141
2024-12-31	-0.007804950568646483	0.003419311677692767	0.007507619118412182	-0.013900245298446476	-0.007804950568646483	725800
