2021-01-06	0.003868471953578426	-0.001934235976789127	0.00773694390715668	-0.001934235976789127	0.003868471953578426	70155001
2021-01-07	0.0019267822736030416	0.0038535645472060833	0.005780346820809125	-0.007707129094412337	0.0019267822736030416	89178602
2021-01-08	0.001923076923076882	0.0	0.007692307692307699	-0.003846153846153935	0.001923076923076882	98886697
2021-01-11	-0.01151631477927056	0.0	0.0038387715930903	-0.01151631477927056	-0.01151631477927056	114780525
2021-01-12	0.0077669902912621425	0.0019417475728154925	0.0077669902912621425	-0.0038834951456311576	0.0077669902912621425	89283425
2021-01-13	0.0	0.0	0.0019267822736030416	-0.007707129094412337	0.0	95248233
2021-01-14	0.0	-0.0019267822736032127	0.007707129094412337	-0.005780346820809296	0.0	101894135
2021-01-15	0.009633911368015379	0.0038535645472060833	0.03082851637764918	0.0038535645472060833	0.009633911368015379	204543879
2021-01-18	-0.0019083969465648447	0.0	0.005725190839694534	-0.005725190839694703	-0.0019083969465648447	120276580
2021-01-19	0.00764818355640519	0.003824091778202595	0.011472275334607955	-0.0038240917782027648	0.00764818355640519	115638978
2021-01-20	-0.009487666034155564	-0.0018975332068310792	0.003795066413662327	-0.011385199240986644	-0.009487666034155564	101989224
2021-01-21	-0.0019157088122604958	0.0	0.005747126436781657	-0.0038314176245209915	-0.0019157088122604958	81555115
2021-01-22	-0.013435700575815794	0.0	0.0019193857965450647	-0.013435700575815794	-0.013435700575815794	112419196
2021-01-25	-0.0019455252918287524	0.0019455252918289252	0.0019455252918289252	-0.0038910505836575048	-0.0019455252918287524	84618992
2021-01-26	0.0	0.0	0.007797270955165699	-0.0019493177387913815	0.0	74459732
2021-01-27	0.0019493177387913815	0.003898635477582936	0.011695906432748635	0.0	0.0019493177387913815	78475112
2021-01-28	-0.0038910505836575048	-0.0019455252918287524	0.0	-0.011673151750972686	-0.0038910505836575048	116330319
2021-01-29	-0.0019531249999999584	0.0	0.0039062499999999167	-0.005859375000000049	-0.0019531249999999584	78503373
2021-02-01	0.005870841487279718	0.0	0.009784735812133037	-0.005870841487279892	0.005870841487279718	98819243
2021-02-02	-0.007782101167315182	0.0	0.003891050583657678	-0.009727626459143934	-0.007782101167315182	80789259
2021-02-03	-0.0019607843137254485	0.0	0.003921568627451071	-0.005882352941176346	-0.0019607843137254485	78683770
2021-02-04	-0.001964636542239644	-0.001964636542239644	0.005893909626719106	-0.005893909626719106	-0.001964636542239644	89266925
2021-02-05	0.017716535433070838	0.0	0.021653543307086676	-0.003937007874015839	0.017716535433070838	187058340
2021-02-08	-0.001934235976789127	0.001934235976789127	0.003868471953578426	-0.005802707930367553	-0.001934235976789127	109707723
2021-02-09	-0.0038759689922481513	0.0	0.0	-0.00968992248062012	-0.0038759689922481513	74950033
2021-02-10	0.003891050583657678	-0.0019455252918287524	0.01167315175097286	-0.0019455252918287524	0.003891050583657678	97211793
2021-02-18	0.013565891472868272	0.00968992248062012	0.023255813953488393	0.00968992248062012	0.013565891472868272	167824171
2021-02-19	0.003824091778202595	0.0	0.011472275334607955	-0.0038240917782027648	0.003824091778202595	137097905
2021-02-22	0.0	0.0	0.013333333333333388	-0.0038095238095237284	0.0	229892442
2021-02-23	-0.0038095238095237284	0.0	0.00952380952380949	-0.0038095238095237284	-0.0038095238095237284	121165342
2021-02-24	-0.0076481835564053595	0.003824091778202595	0.00764818355640519	-0.009560229445506828	-0.0076481835564053595	130973170
2021-02-25	0.01156069364161842	0.0038535645472060833	0.015414258188824505	0.0019267822736030416	0.01156069364161842	138226063
2021-02-26	-0.013333333333333388	-0.005714285714285762	0.0019047619047618642	-0.013333333333333388	-0.013333333333333388	139048978
2021-03-01	-0.0019305019305018896	0.0038610038610039504	0.00579150579150584	-0.0019305019305018896	-0.0019305019305018896	71244195
2021-03-02	-0.005802707930367553	0.001934235976789127	0.003868471953578426	-0.00773694390715668	-0.005802707930367553	83427355
2021-03-03	0.015564202334630364	0.0019455252918289252	0.019455252918288042	0.0	0.015564202334630364	116708190
2021-03-04	0.0	-0.0038314176245209915	0.005747126436781657	-0.0038314176245209915	0.0	117659012
2021-03-05	0.0019157088122606658	0.0	0.0038314176245211615	-0.007662835249042153	0.0019157088122606658	97416789
2021-03-08	-0.005736137667304062	0.0	0.00764818355640519	-0.0076481835564053595	-0.005736137667304062	131264704
2021-03-09	-0.003846153846153935	0.001923076923076882	0.007692307692307699	-0.007692307692307699	-0.003846153846153935	133899308
2021-03-10	0.0019305019305020609	0.0019305019305020609	0.007722007722007729	-0.0019305019305018896	0.0019305019305020609	92937498
2021-03-11	0.007707129094412337	0.0038535645472060833	0.013487475915221463	0.0019267822736030416	0.007707129094412337	135633436
2021-03-12	0.005736137667303892	0.0	0.00764818355640519	-0.0038240917782027648	0.005736137667303892	131255696
2021-03-15	0.003802281368821381	0.0	0.0076045627376425924	-0.003802281368821212	0.003802281368821381	156941719
2021-03-16	0.0018939393939393534	0.0018939393939393534	0.007575757575757582	-0.0018939393939395217	0.0018939393939393534	104019397
2021-03-17	-0.009451795841209797	-0.0018903591682419257	0.0	-0.009451795841209797	-0.009451795841209797	90504464
2021-03-18	0.0019083969465648447	0.0019083969465648447	0.007633587786259549	0.0	0.0019083969465648447	82361211
2021-03-19	-0.022857142857142878	0.0	0.0038095238095237284	-0.022857142857142878	-0.022857142857142878	231060560
2021-03-22	0.01754385964912278	0.003898635477582936	0.01754385964912278	0.003898635477582936	0.01754385964912278	101290216
2021-03-23	0.0019157088122606658	0.0	0.007662835249042153	-0.0019157088122604958	0.0019157088122606658	81513688
2021-03-24	-0.0038240917782027648	-0.0019120458891014674	0.0019120458891012976	-0.005736137667304062	-0.0038240917782027648	73554759
2021-03-25	-0.005758157389635365	0.0038387715930903	0.005758157389635365	-0.005758157389635365	-0.005758157389635365	64144307
2021-03-26	0.0	0.0019305019305020609	0.00579150579150584	-0.0019305019305018896	0.0	65014665
2021-03-29	0.01158301158301168	0.0019305019305020609	0.01158301158301168	-0.0019305019305018896	0.01158301158301168	123205113
2021-03-30	0.005725190839694534	0.0	0.005725190839694534	-0.003816793893129859	0.005725190839694534	100109142
2021-03-31	-0.041745730550284584	-0.04554079696394674	-0.03795066413662226	-0.056925996204933556	-0.041745730550284584	389552736
2021-04-01	-0.007920792079207928	-0.003960396039603876	-0.001980198019801938	-0.009900990099009866	-0.007920792079207928	125922470
2021-04-02	-0.003992015968063787	0.0	0.0019960079840318935	-0.005988023952095681	-0.003992015968063787	125131571
2021-04-06	-0.004008016032064221	0.0	0.0	-0.006012024048096242	-0.004008016032064221	101055994
2021-04-07	-0.008048289738430591	-0.002012072434607603	-0.002012072434607603	-0.010060362173038195	-0.008048289738430591	105822169
2021-04-08	0.002028397565923058	-0.002028397565922878	0.004056795131845935	-0.002028397565922878	0.002028397565923058	65772801
2021-04-09	0.0	-0.002024291497975845	0.002024291497975665	-0.00404858299595151	0.0	50259811
2021-04-12	0.002024291497975665	-0.00404858299595151	0.0060728744939269955	-0.00404858299595151	0.002024291497975665	98093477
2021-04-13	0.0020202020202019773	0.0	0.0040404040404039545	-0.0020202020202019773	0.0020202020202019773	56307729
2021-04-14	-0.004032258064516043	0.0	0.0020161290322580215	-0.004032258064516043	-0.004032258064516043	39331710
2021-04-15	-0.00404858299595151	0.0	0.00404858299595133	-0.006072874493927175	-0.00404858299595151	67695991
2021-04-16	0.004065040650406598	0.0	0.006097560975609807	0.0	0.004065040650406598	39102182
2021-04-19	0.002024291497975665	0.0	0.00404858299595133	-0.002024291497975845	0.002024291497975665	62176886
2021-04-20	-0.0020202020202019773	0.0	0.0020202020202019773	-0.004040404040404133	-0.0020202020202019773	53218575
2021-04-21	-0.002024291497975845	0.0	0.00404858299595133	-0.00404858299595151	-0.002024291497975845	68286386
2021-04-22	-0.012170385395537447	0.0	0.002028397565923058	-0.012170385395537447	-0.012170385395537447	131117374
2021-04-23	-0.0020533880903490323	0.0	0.0041067761806980645	-0.004106776180698247	-0.0020533880903490323	60252125
2021-04-26	-0.008230452674897125	0.0020576131687242358	0.0020576131687242358	-0.008230452674897125	-0.008230452674897125	58289723
2021-04-27	-0.016597510373443997	0.0	0.0	-0.016597510373443997	-0.016597510373443997	84237194
2021-04-28	-0.01265822784810137	0.0	0.0021097046413501657	-0.014767932489451536	-0.01265822784810137	89608509
2021-04-29	0.014957264957265019	0.0	0.01709401709401711	-0.006410256410256274	0.014957264957265019	71292038
2021-04-30	-0.010526315789473648	0.0	0.0	-0.014736842105263218	-0.010526315789473648	77300866
2021-05-06	0.0	0.0	0.012765957446808427	-0.0021276595744680396	0.0	87477670
2021-05-07	-0.004255319148936268	0.0	0.004255319148936079	-0.006382978723404308	-0.004255319148936268	89760852
2021-05-10	-0.01495726495726483	0.0	0.002136752136752281	-0.02136752136752129	-0.01495726495726483	126527353
2021-05-11	0.0021691973969630773	-0.00216919739696327	0.0021691973969630773	-0.0065075921908894245	0.0021691973969630773	72179681
2021-05-12	0.004329004329004236	-0.002164502164502118	0.006493506493506547	-0.006493506493506547	0.004329004329004236	76324369
2021-05-13	-0.0021551724137930574	-0.0021551724137930574	0.002155172413793249	-0.004310344827586115	-0.0021551724137930574	55370885
2021-05-14	0.010799136069114432	0.0021598272138228483	0.012958963282937472	-0.0021598272138228483	0.010799136069114432	87345963
2021-05-17	0.002136752136752281	-0.0021367521367520914	0.006410256410256464	-0.004273504273504183	0.002136752136752281	70272896
2021-05-18	-0.0021321961620470523	0.0	0.0021321961620468627	-0.006396588486140778	-0.0021321961620470523	35181953
2021-05-19	0.002136752136752281	0.004273504273504373	0.006410256410256464	-0.0021367521367520914	0.002136752136752281	60945555
2021-05-20	0.0	0.0	0.0	-0.006396588486140778	0.0	59004553
2021-05-21	-0.0021321961620470523	-0.0021321961620470523	0.0021321961620468627	-0.0042643923240939146	-0.0021321961620470523	54952790
2021-05-24	0.0	0.0	0.004273504273504373	-0.0021367521367520914	0.0	43213960
2021-05-25	0.012820512820512928	0.0	0.014957264957265019	-0.004273504273504183	0.012820512820512928	118878118
2021-05-26	-0.0021097046413501657	-0.00421940928270052	0.0021097046413501657	-0.006329113924050685	-0.0021097046413501657	96645560
2021-05-27	0.002114164904862534	0.002114164904862534	0.004228329809725068	-0.004228329809725256	0.002114164904862534	108655845
2021-05-28	-0.00421940928270052	-0.0021097046413501657	0.0	-0.006329113924050685	-0.00421940928270052	88517847
2021-05-31	0.0	0.0021186440677967533	0.0021186440677967533	-0.00423728813559313	0.0	59476776
2021-06-01	-0.006355932203389696	0.0	0.0	-0.00847457627118645	-0.006355932203389696	51843228
2021-06-02	0.0	0.0021321961620468627	0.0021321961620468627	-0.0042643923240939146	0.0	49584113
2021-06-03	-0.0021321961620470523	0.0	0.0042643923240937255	-0.0021321961620470523	-0.0021321961620470523	50150625
2021-06-04	0.002136752136752281	0.0	0.010683760683760837	-0.0021367521367520914	0.002136752136752281	70889620
2021-06-07	-0.0021321961620470523	0.0021321961620468627	0.0021321961620468627	-0.0042643923240939146	-0.0021321961620470523	49300049
2021-06-08	0.002136752136752281	0.0	0.002136752136752281	-0.004273504273504183	0.002136752136752281	51893758
2021-06-09	-0.0042643923240939146	-0.0021321961620470523	0.0021321961620468627	-0.0042643923240939146	-0.0042643923240939146	54893470
2021-06-10	0.0	0.002141327623126293	0.004282655246252776	-0.002141327623126293	0.0	66012970
2021-06-11	0.0	0.0	0.002141327623126293	-0.006423982869379069	0.0	86270934
2021-06-15	-0.012847965738757947	-0.002141327623126293	0.0	-0.012847965738757947	-0.012847965738757947	67981815
2021-06-16	0.006507592190889232	0.0	0.006507592190889232	-0.00216919739696327	0.006507592190889232	46441375
2021-06-17	-0.004310344827586115	0.0	0.0	-0.006465517241379173	-0.004310344827586115	37982730
2021-06-18	0.004329004329004236	0.002164502164502118	0.004329004329004236	0.0	0.004329004329004236	67052166
2021-06-21	0.0	0.0	0.0	-0.004310344827586115	0.0	46296661
2021-06-22	0.0	0.0	0.002155172413793249	-0.004310344827586115	0.0	72156670
2021-06-23	-0.0021551724137930574	0.0	0.002155172413793249	-0.0021551724137930574	-0.0021551724137930574	66318689
2021-06-24	-0.041036717062634884	-0.041036717062634884	-0.03887688984881203	-0.04751619870410362	-0.041036717062634884	72534074
2021-06-25	0.004504504504504408	0.0	0.006756756756756612	-0.002252252252252404	0.004504504504504408	68632317
2021-06-28	-0.0022421524663676653	-0.0022421524663676653	0.0	-0.006726457399103195	-0.0022421524663676653	45383926
2021-06-29	-0.008988764044943828	-0.002247191011235907	0.0	-0.008988764044943828	-0.008988764044943828	46902813
2021-06-30	0.0	0.002267573696145076	0.00680272108843543	0.0	0.0	32329060
2021-07-01	0.0	0.002267573696145076	0.004535147392290152	0.0	0.0	46536252
2021-07-02	-0.004535147392290354	0.0	0.002267573696145076	-0.00680272108843543	-0.004535147392290354	59320232
2021-07-05	-0.002277904328018175	0.002277904328018377	0.002277904328018377	-0.006833712984054525	-0.002277904328018175	60000009
2021-07-06	0.0	-0.0022831050228310015	0.0022831050228310015	-0.0068493150684932076	0.0	69927798
2021-07-07	-0.0022831050228310015	-0.0022831050228310015	0.0022831050228310015	-0.004566210045662003	-0.0022831050228310015	43254030
2021-07-08	-0.004576659038901708	0.002288329519450752	0.002288329519450752	-0.00686498855835246	-0.004576659038901708	55836635
2021-07-09	-0.002298850574712595	0.0	0.004597701149425394	-0.00459770114942519	-0.002298850574712595	63088961
2021-07-12	0.0	0.004608294930875683	0.006912442396313422	0.0	0.0	62425351
2021-07-13	0.0	0.002304147465437739	0.004608294930875683	-0.002304147465437739	0.0	55465380
2021-07-14	-0.02073732718894006	0.002304147465437739	0.002304147465437739	-0.023041474654377798	-0.02073732718894006	133865520
2021-07-15	0.004705882352941076	-0.002352941176470538	0.00941176470588236	-0.007058823529411823	0.004705882352941076	70743719
2021-07-16	-0.007025761124121631	-0.00234192037470721	0.0	-0.00936768149882884	-0.007025761124121631	62246204
2021-07-19	-0.007075471698113266	-0.004716981132075581	-0.0023584905660376855	-0.016509433962264217	-0.007075471698113266	94998836
2021-07-20	-0.009501187648456066	-0.004750593824227927	-0.0023752969121139636	-0.009501187648456066	-0.009501187648456066	48942418
2021-07-21	0.0023980815347721313	0.0023980815347721313	0.007194244604316606	0.0	0.0023980815347721313	51801814
2021-07-22	0.0071770334928230265	0.002392344497607817	0.011961722488038447	0.0	0.0071770334928230265	54094653
2021-07-23	-0.0023752969121139636	0.0	0.0023752969121139636	-0.004750593824227927	-0.0023752969121139636	39135384
2021-07-26	-0.019047619047619063	0.0	0.0	-0.021428571428571394	-0.019047619047619063	92020511
2021-07-27	-0.01699029126213599	0.0	0.004854368932038731	-0.01699029126213599	-0.01699029126213599	70758927
2021-07-28	0.0024691358024690833	0.0024691358024690833	0.014814814814814939	0.0	0.0024691358024690833	75284615
2021-07-29	-0.012315270935960548	0.004926108374384351	0.007389162561576417	-0.012315270935960548	-0.012315270935960548	78503570
2021-07-30	-0.007481296758104689	-0.0024937655860348597	0.0	-0.01246882793017452	-0.007481296758104689	66705092
2021-08-02	0.007537688442211006	0.0	0.01758793969849242	-0.007537688442211006	0.007537688442211006	80083494
2021-08-03	-0.0049875311720697195	-0.0024937655860348597	0.0	-0.00997506234413955	-0.0049875311720697195	56689953
2021-08-04	-0.0025062656641604585	0.0025062656641603475	0.0025062656641603475	-0.005012531328320806	-0.0025062656641604585	45808826
2021-08-05	0.0	0.0	0.007537688442211006	-0.002512562814070298	0.0	37788289
2021-08-06	0.0	0.0	0.00251256281407041	-0.005025125628140708	0.0	35091312
2021-08-09	0.012562814070351825	0.0	0.015075376884422124	-0.002512562814070298	0.012562814070351825	72644758
2021-08-10	0.002481389578163719	0.0	0.004962779156327438	-0.007444168734491377	0.002481389578163719	63100735
2021-08-11	0.0	-0.0024752475247524224	0.00990099009900991	-0.004950495049505065	0.0	67376475
2021-08-12	-0.004950495049505065	-0.0024752475247524224	0.0	-0.004950495049505065	-0.004950495049505065	37569626
2021-08-13	-0.0024875621890546734	0.0	0.0	-0.004975124378109347	-0.0024875621890546734	37793286
2021-08-16	0.004987531172069941	0.0	0.0074812967581048	0.0	0.004987531172069941	56546199
2021-08-17	-0.009925558312655096	-0.002481389578163939	0.002481389578163719	-0.009925558312655096	-0.009925558312655096	66833743
2021-08-18	0.01253132832080196	0.0	0.015037593984962308	-0.0025062656641604585	0.01253132832080196	87976690
2021-08-19	-0.007425742574257487	0.0	0.0	-0.00990099009900991	-0.007425742574257487	59157321
2021-08-20	0.0	0.0	0.004987531172069941	-0.0024937655860348597	0.0	69231767
2021-08-23	-0.0024937655860348597	0.0	0.0024937655860348597	-0.0024937655860348597	-0.0024937655860348597	51712085
2021-08-24	0.0	0.0	0.004999999999999893	-0.0050000000000000044	0.0	74109796
2021-08-25	-0.0024999999999999467	0.0024999999999999467	0.0024999999999999467	-0.0024999999999999467	-0.0024999999999999467	47071926
2021-08-26	-0.0025062656641604585	0.0	0.0025062656641603475	-0.0025062656641604585	-0.0025062656641604585	46489789
2021-08-27	0.00251256281407041	0.0	0.005025125628140708	0.0	0.00251256281407041	47670260
2021-08-30	-0.010025062656641612	-0.0025062656641604585	0.0	-0.012531328320802072	-0.010025062656641612	93439311
2021-08-31	0.005063291139240511	0.0	0.00759493670886071	-0.0025316455696203113	0.005063291139240511	77894545
2021-09-01	0.017632241813601974	0.0	0.02015113350125935	-0.005037783375314866	0.017632241813601974	148131420
2021-09-02	0.004950495049504845	-0.0024752475247524224	0.004950495049504845	-0.004950495049505065	0.004950495049504845	98260448
2021-09-03	0.0172413793103449	0.0	0.0344827586206898	-0.0049261083743841316	0.0172413793103449	194639730
2021-09-06	-0.0024213075060532173	-0.0024213075060532173	0.009685230024213084	-0.0048426150121064345	-0.0024213075060532173	99949923
2021-09-07	0.0024271844660193657	0.0	0.009708737864077678	-0.004854368932038947	0.0024271844660193657	114466059
2021-09-08	0.0024213075060532173	0.0	0.00484261501210665	-0.0024213075060532173	0.0024213075060532173	107193687
2021-09-09	0.002415458937198231	0.0	0.004830917874396247	-0.007246376811594049	0.002415458937198231	122988352
2021-09-10	0.002409638554216816	0.0	0.016867469879517927	-0.00240963855421703	0.002409638554216816	187033976
2021-09-13	-0.009615384615384623	-0.0024038461538461024	-0.0024038461538461024	-0.012019230769230727	-0.009615384615384623	142926721
2021-09-14	-0.021844660194174723	0.0024271844660193657	0.0024271844660193657	-0.024271844660194303	-0.021844660194174723	193391103
2021-09-15	-0.002481389578163939	0.0	0.002481389578163719	-0.004962779156327658	-0.002481389578163939	97422724
2021-09-16	-0.009950248756218805	0.0	0.0024875621890548946	-0.012437810945273478	-0.009950248756218805	143373377
2021-09-17	-0.002512562814070298	0.0	0.00251256281407041	-0.007537688442211006	-0.002512562814070298	118757637
2021-09-22	-0.017632241813602085	-0.017632241813602085	-0.015113350125944598	-0.027707808564231818	-0.017632241813602085	127734978
2021-09-23	0.010256410256410265	0.007692307692307756	0.02051282051282053	0.0051282051282051325	0.010256410256410265	99523941
2021-09-24	-0.007614213197969494	0.0	0.0025380710659899065	-0.0101522842639594	-0.007614213197969494	79494981
2021-09-27	-0.007672634271099808	0.0	0.0025575447570331936	-0.010230179028133002	-0.007672634271099808	85508582
2021-09-28	0.007731958762886662	0.0025773195876289258	0.012886597938144399	0.0	0.007731958762886662	69375875
2021-09-29	0.005115089514066501	-0.002557544757033307	0.005115089514066501	-0.007672634271099808	0.005115089514066501	85689196
2021-09-30	-0.005089058524173033	-0.0025445292620865727	0.0	-0.010178117048346065	-0.005089058524173033	57763623
2021-10-08	0.012787723785166195	0.005115089514066501	0.012787723785166195	0.0025575447570331936	0.012787723785166195	71337771
2021-10-11	0.005050505050505055	0.0	0.012626262626262581	-0.0025252525252524713	0.005050505050505055	79131695
2021-10-12	-0.005025125628140708	0.0	0.00251256281407041	-0.010050251256281416	-0.005025125628140708	66042131
2021-10-13	-0.005050505050505055	0.0	0.0025252525252525836	-0.0075757575757575265	-0.005050505050505055	51221041
2021-10-14	-0.0050761421319797	0.0	0.0025380710659899065	-0.007614213197969494	-0.0050761421319797	48266912
2021-10-15	0.0	0.002551020408163324	0.002551020408163324	-0.002551020408163211	0.0	68333072
2021-10-18	0.0	-0.002551020408163211	0.002551020408163324	-0.005102040816326535	0.0	53246563
2021-10-19	0.0	0.0	0.005102040816326535	-0.002551020408163211	0.0	61186409
2021-10-20	-0.002551020408163211	0.002551020408163324	0.005102040816326535	-0.005102040816326535	-0.002551020408163211	52611647
2021-10-21	0.010230179028133002	0.0	0.010230179028133002	0.0	0.010230179028133002	78170340
2021-10-22	-0.0025316455696203113	-0.0025316455696203113	0.002531645569620199	-0.005063291139240511	-0.0025316455696203113	84994605
2021-10-25	0.0025380710659899065	0.0	0.0025380710659899065	-0.0050761421319797	0.0025380710659899065	46051957
2021-10-26	-0.0075949367088608225	0.0	0.002531645569620199	-0.0075949367088608225	-0.0075949367088608225	57359126
2021-10-27	-0.005102040816326535	0.0	0.002551020408163324	-0.01020408163265307	-0.005102040816326535	60733895
2021-10-28	-0.0051282051282051325	-0.0025641025641025095	0.0	-0.010256410256410265	-0.0051282051282051325	74625377
2021-10-29	0.0025773195876289258	0.0	0.005154639175257737	-0.0025773195876288113	0.0025773195876289258	52376680
2021-11-01	0.0077120822622107465	0.0	0.0077120822622107465	-0.002570694087403658	0.0077120822622107465	60598683
2021-11-02	-0.01020408163265307	0.0	0.002551020408163324	-0.015306122448979605	-0.01020408163265307	84305391
2021-11-03	0.0	0.0	0.005154639175257737	-0.0025773195876288113	0.0	44735028
2021-11-04	-0.0025773195876288113	0.0025773195876289258	0.0025773195876289258	-0.0025773195876288113	-0.0025773195876288113	50394631
2021-11-05	0.0	0.0	0.0025839793281653197	-0.002583979328165434	0.0	40097758
2021-11-08	0.0	0.0025839793281653197	0.0025839793281653197	-0.002583979328165434	0.0	38627998
2021-11-09	0.0	0.0025839793281653197	0.005167958656330754	0.0	0.0	38271436
2021-11-10	0.0	0.0025839793281653197	0.0025839793281653197	-0.002583979328165434	0.0	48496813
2021-11-11	0.012919896640826828	0.0025839793281653197	0.012919896640826828	0.0	0.012919896640826828	73623519
2021-11-12	-0.002551020408163211	0.0	0.002551020408163324	-0.005102040816326535	-0.002551020408163211	56848555
2021-11-15	0.005115089514066501	0.0025575447570331936	0.007672634271099694	0.0	0.005115089514066501	43907846
2021-11-16	-0.0025445292620865727	0.0	0.0025445292620864595	-0.007633587786259605	-0.0025445292620865727	48945436
2021-11-17	-0.005102040816326535	0.0	0.0	-0.005102040816326535	-0.005102040816326535	39304140
2021-11-18	-0.0025641025641025095	0.0	0.0025641025641026235	-0.0025641025641025095	-0.0025641025641025095	37594590
2021-11-19	0.0077120822622107465	0.002570694087403544	0.010282776349614406	0.0	0.0077120822622107465	52538824
2021-11-22	-0.005102040816326535	0.0	0.0	-0.005102040816326535	-0.005102040816326535	41569893
2021-11-23	0.0	0.0025641025641026235	0.0051282051282051325	0.0	0.0	46227351
2021-11-24	0.0025641025641026235	0.0025641025641026235	0.0051282051282051325	0.0	0.0025641025641026235	36921954
2021-11-25	-0.002557544757033307	0.0	0.0	-0.005115089514066501	-0.002557544757033307	33940565
2021-11-26	-0.0025641025641025095	0.0	0.0025641025641026235	-0.0051282051282051325	-0.0025641025641025095	54858069
2021-11-29	0.0	-0.002570694087403658	0.002570694087403544	-0.005141388174807203	0.0	58853908
2021-11-30	0.0	0.0	0.002570694087403544	-0.002570694087403658	0.0	41549400
2021-12-01	0.005141388174807203	0.0	0.005141388174807203	-0.002570694087403658	0.005141388174807203	48537975
2021-12-02	0.0	0.0	0.0025575447570331936	-0.002557544757033307	0.0	56198231
2021-12-03	0.0025575447570331936	0.0025575447570331936	0.0025575447570331936	-0.002557544757033307	0.0025575447570331936	53767305
2021-12-06	-0.005102040816326535	0.0	0.005102040816326535	-0.005102040816326535	-0.005102040816326535	85210814
2021-12-07	0.0051282051282051325	0.0051282051282051325	0.007692307692307756	0.0	0.0051282051282051325	84248402
2021-12-08	-0.002551020408163211	0.002551020408163324	0.002551020408163324	-0.005102040816326535	-0.002551020408163211	73303470
2021-12-09	0.005115089514066501	0.0	0.010230179028133002	-0.002557544757033307	0.005115089514066501	165364970
2021-12-10	0.0025445292620864595	-0.0025445292620865727	0.0025445292620864595	-0.007633587786259605	0.0025445292620864595	223931498
2021-12-13	-0.007614213197969494	-0.0025380710659897937	0.0	-0.0101522842639594	-0.007614213197969494	176381759
2021-12-14	-0.005115089514066501	0.0	0.0	-0.010230179028133002	-0.005115089514066501	113687960
2021-12-15	0.0	0.0	0.002570694087403544	-0.002570694087403658	0.0	49470481
2021-12-16	0.0	-0.002570694087403658	0.002570694087403544	-0.002570694087403658	0.0	60221939
2021-12-17	0.0	0.0	0.002570694087403544	-0.002570694087403658	0.0	68244020
2021-12-20	0.0	0.0	0.0	-0.005141388174807203	0.0	62511271
2021-12-21	0.005141388174807203	-0.002570694087403658	0.0077120822622107465	-0.002570694087403658	0.005141388174807203	139960290
2021-12-22	-0.002557544757033307	0.0	0.0025575447570331936	-0.005115089514066501	-0.002557544757033307	58679846
2021-12-23	0.0025641025641026235	0.0	0.0025641025641026235	0.0	0.0025641025641026235	43777196
2021-12-24	-0.005115089514066501	0.0	0.0	-0.005115089514066501	-0.005115089514066501	58317417
2021-12-27	0.002570694087403544	0.002570694087403544	0.005141388174807203	0.0	0.002570694087403544	59546528
2021-12-28	0.0025641025641026235	0.0	0.0025641025641026235	-0.0025641025641025095	0.0025641025641026235	46116485
2021-12-29	-0.002557544757033307	0.0	0.0	-0.002557544757033307	-0.002557544757033307	45807069
2021-12-30	0.0	0.0	0.0025641025641026235	-0.0025641025641025095	0.0	58751700
2021-12-31	0.0	-0.0025641025641025095	0.0025641025641026235	-0.0025641025641025095	0.0	62798331
2022-01-04	0.0025641025641026235	0.0	0.0051282051282051325	-0.0025641025641025095	0.0025641025641026235	83885046
2022-01-05	0.005115089514066501	0.0	0.007672634271099694	0.0	0.005115089514066501	136384485
2022-01-06	-0.0025445292620865727	-0.0025445292620865727	0.0	-0.005089058524173033	-0.0025445292620865727	86306507
2022-01-07	0.00765306122448986	0.0	0.01020408163265307	-0.002551020408163211	0.00765306122448986	136537401
2022-01-10	0.005063291139240511	0.0	0.010126582278481022	0.0	0.005063291139240511	115922179
2022-01-11	0.005037783375314866	0.0	0.01007556675062962	-0.0025188916876574888	0.005037783375314866	129423568
2022-01-12	-0.005012531328320806	0.0	0.0	-0.010025062656641612	-0.005012531328320806	102237780
2022-01-13	0.0075566750629722425	-0.0025188916876574888	0.015113350125944598	-0.0025188916876574888	0.0075566750629722425	133974172
2022-01-14	-0.01749999999999996	-0.0024999999999999467	0.0	-0.01749999999999996	-0.01749999999999996	152527594
2022-01-17	0.0	0.0	0.005089058524173033	0.0	0.0	61272858
2022-01-18	0.007633587786259492	0.0025445292620864595	0.010178117048346065	0.0	0.007633587786259492	82673495
2022-01-19	0.0	-0.0025252525252524713	0.0025252525252525836	-0.0025252525252524713	0.0	59407456
2022-01-20	0.007575757575757638	0.0	0.012626262626262581	-0.0025252525252524713	0.007575757575757638	154313839
2022-01-21	-0.005012531328320806	-0.0025062656641604585	0.0	-0.007518796992481265	-0.005012531328320806	73251383
2022-01-24	-0.0025188916876574888	0.0	0.002518891687657377	-0.005037783375314866	-0.0025188916876574888	81100129
2022-01-25	-0.015151515151515166	-0.0025252525252524713	0.0	-0.015151515151515166	-0.015151515151515166	103061949
2022-01-26	0.0025641025641026235	0.0	0.0051282051282051325	-0.0025641025641025095	0.0025641025641026235	64695772
2022-01-27	-0.007672634271099808	0.0	0.0	-0.007672634271099808	-0.007672634271099808	68709536
2022-01-28	0.0	0.0025773195876289258	0.005154639175257737	-0.0025773195876288113	0.0	77552730
2022-02-07	0.010309278350515474	0.005154639175257737	0.012886597938144399	0.0025773195876289258	0.010309278350515474	78432526
2022-02-08	0.01785714285714293	0.0	0.02040816326530614	-0.002551020408163211	0.01785714285714293	145343048
2022-02-09	-0.0025062656641604585	-0.0025062656641604585	0.0025062656641603475	-0.005012531328320806	-0.0025062656641604585	102238377
2022-02-10	0.00251256281407041	0.0	0.005025125628140708	-0.002512562814070298	0.00251256281407041	82910261
2022-02-11	0.005012531328320695	0.0	0.007518796992481042	0.0	0.005012531328320695	102264863
2022-02-14	-0.01246882793017452	-0.0024937655860348597	0.0	-0.014962593516209379	-0.01246882793017452	80169578
2022-02-15	-0.005050505050505055	-0.0025252525252524713	0.0025252525252525836	-0.01010101010101011	-0.005050505050505055	78856675
2022-02-16	0.0025380710659899065	0.0025380710659899065	0.007614213197969607	0.0	0.0025380710659899065	52149828
2022-02-17	-0.0025316455696203113	0.0	0.002531645569620199	-0.0025316455696203113	-0.0025316455696203113	55252531
2022-02-18	0.007614213197969607	0.0	0.007614213197969607	-0.0025380710659897937	0.007614213197969607	57309950
2022-02-21	0.0	-0.0025188916876574888	0.002518891687657377	-0.0075566750629723544	0.0	62836107
2022-02-22	-0.0025188916876574888	0.0	0.0	-0.005037783375314866	-0.0025188916876574888	53292361
2022-02-23	0.0	0.0	0.0	-0.005050505050505055	0.0	52285168
2022-02-24	-0.012626262626262581	-0.0025252525252524713	0.0	-0.015151515151515166	-0.012626262626262581	91739425
2022-02-25	0.0	0.0	0.005115089514066501	-0.002557544757033307	0.0	60892544
2022-02-28	0.0	0.0	0.0025575447570331936	-0.005115089514066501	0.0	56039848
2022-03-01	0.0	0.0	0.0025575447570331936	-0.002557544757033307	0.0	41710009
2022-03-02	0.0	0.0	0.0025575447570331936	-0.002557544757033307	0.0	39287281
2022-03-03	0.0025575447570331936	0.0025575447570331936	0.005115089514066501	0.0	0.0025575447570331936	47410329
2022-03-04	-0.002551020408163211	0.0	0.0	-0.005102040816326535	-0.002551020408163211	62510425
2022-03-07	-0.005115089514066501	0.0	0.0	-0.007672634271099808	-0.005115089514066501	69880093
2022-03-08	-0.010282776349614406	-0.002570694087403658	0.0	-0.012853470437018063	-0.010282776349614406	108299222
2022-03-09	-0.020779220779220797	0.0	0.002597402597402542	-0.044155844155844136	-0.020779220779220797	148047331
2022-03-10	-0.0026525198938992657	0.005305039787798413	0.00795755968169756	-0.0026525198938992657	-0.0026525198938992657	78522239
2022-03-11	0.002659574468085168	-0.00265957446808505	0.005319148936170218	-0.018617021276595702	0.002659574468085168	84198130
2022-03-14	-0.00795755968169756	-0.005305039787798413	0.0026525198938991477	-0.00795755968169756	-0.00795755968169756	71857481
2022-03-15	-0.04545454545454555	-0.0026737967914439117	0.0	-0.04545454545454555	-0.04545454545454555	145706964
2022-03-16	0.01960784313725498	0.011204481792717097	0.025210084033613533	-0.014005602240896309	0.01960784313725498	110081992
2022-03-17	0.008241758241758188	0.0027472527472526885	0.013736263736263687	0.0	0.008241758241758188	85935260
2022-03-18	0.01634877384196187	-0.0027247956403269173	0.019073569482288905	-0.008174386920980874	0.01634877384196187	91199941
2022-03-21	-0.010723860589812341	-0.005361930294906171	-0.002680965147453026	-0.016085790884718513	-0.010723860589812341	55703190
2022-03-22	0.013550135501355086	-0.002710027100270945	0.016260162601626032	-0.002710027100270945	0.013550135501355086	66432147
2022-03-23	0.0026737967914437933	-0.0026737967914439117	0.008021390374331498	-0.0053475935828877046	0.0026737967914437933	65209609
2022-03-24	0.005333333333333338	-0.0026666666666666098	0.005333333333333338	-0.005333333333333338	0.005333333333333338	51297546
2022-03-25	0.010610079575596827	0.0	0.013262599469495973	-0.0026525198938992657	0.010610079575596827	73543019
2022-03-28	0.015748031496063006	0.0	0.01837270341207345	-0.007874015748031562	0.015748031496063006	77101311
2022-03-29	0.0025839793281653197	0.0	0.005167958656330754	-0.005167958656330754	0.0025839793281653197	67741236
2022-03-30	-0.01546391752577321	-0.018041237113402022	-0.01546391752577321	-0.03092783505154642	-0.01546391752577321	135310325
2022-03-31	0.0	-0.005235602094240842	0.007853403141361322	-0.007853403141361206	0.0	80161050
2022-04-01	0.010471204188481685	-0.002617801047120363	0.013089005235602165	-0.002617801047120363	0.010471204188481685	70608496
2022-04-06	0.012953367875647739	0.0	0.015544041450777216	-0.0025906735751294787	0.012953367875647739	99276775
2022-04-07	-0.012787723785166308	-0.002557544757033307	0.0	-0.015345268542199501	-0.012787723785166308	70884014
2022-04-08	0.0	0.0	0.0025906735751295936	-0.007772020725388551	0.0	62349976
2022-04-11	-0.018134715025906696	0.0	0.0025906735751295936	-0.020725388601036288	-0.018134715025906696	91593575
2022-04-12	0.0	0.0	0.007915567282321848	-0.010554089709762543	0.0	78575371
2022-04-13	0.007915567282321848	0.0	0.01319261213720312	-0.0026385224274406943	0.007915567282321848	66924875
2022-04-14	0.0	0.0	0.005235602094240842	-0.002617801047120363	0.0	41456574
2022-04-15	0.0026178010471204793	0.0	0.005235602094240842	-0.002617801047120363	0.0026178010471204793	49875960
2022-04-18	-0.015665796344647532	-0.0026109660574413136	0.0	-0.018276762402088847	-0.015665796344647532	56062994
2022-04-19	0.0026525198938991477	0.0026525198938991477	0.0026525198938991477	-0.005305039787798413	0.0026525198938991477	48081039
2022-04-20	-0.010582010582010474	-0.0026455026455025894	0.0	-0.013227513227513182	-0.010582010582010474	45940697
2022-04-21	-0.010695187165775409	0.0	0.005347593582887587	-0.016042780748663114	-0.010695187165775409	63569482
2022-04-22	0.01081081081081082	0.0	0.01081081081081082	-0.00540540540540541	0.01081081081081082	54876099
2022-04-25	-0.026737967914438526	-0.0026737967914439117	0.005347593582887587	-0.029411764705882436	-0.026737967914438526	106955446
2022-04-26	-0.002747252747252811	0.0027472527472526885	0.010989010989010999	-0.005494505494505499	-0.002747252747252811	73352185
2022-04-27	0.0027548209366391823	-0.00275482093663906	0.0027548209366391823	-0.011019283746556485	0.0027548209366391823	79065828
2022-04-28	0.0	0.0	0.008241758241758188	-0.00824175824175831	0.0	72980517
2022-04-29	0.016483516483516498	0.0027472527472526885	0.016483516483516498	-0.005494505494505499	0.016483516483516498	74580710
2022-05-05	-0.00540540540540541	-0.00540540540540541	-0.002702702702702765	-0.01081081081081082	-0.00540540540540541	89000475
2022-05-06	-0.01630434782608697	-0.008152173913043546	-0.005434782608695656	-0.01630434782608697	-0.01630434782608697	56263007
2022-05-09	0.005524861878453044	0.0	0.005524861878453044	-0.002762430939226583	0.005524861878453044	37473885
2022-05-10	0.005494505494505499	-0.00824175824175831	0.005494505494505499	-0.013736263736263809	0.005494505494505499	71454886
2022-05-11	0.0	-0.002732240437158533	0.0027322404371584114	-0.005464480874316944	0.0	58221585
2022-05-12	0.0027322404371584114	-0.002732240437158533	0.005464480874316944	-0.005464480874316944	0.0027322404371584114	60193308
2022-05-13	0.010899182561307912	0.0027247956403270383	0.010899182561307912	0.0	0.010899182561307912	56060448
2022-05-16	0.005390835579514829	0.0	0.008086253369272304	-0.002695417789757355	0.005390835579514829	60174571
2022-05-17	0.0	0.0	0.005361930294906171	-0.002680965147453026	0.0	38904422
2022-05-18	0.005361930294906171	0.0	0.008042895442359197	-0.002680965147453026	0.005361930294906171	50685538
2022-05-19	0.010666666666666677	-0.0026666666666666098	0.010666666666666677	-0.005333333333333338	0.010666666666666677	61886930
2022-05-20	-0.0026385224274406943	0.0	0.007915567282321848	-0.007915567282321965	-0.0026385224274406943	64164286
2022-05-23	0.002645502645502707	0.002645502645502707	0.002645502645502707	-0.0026455026455025894	0.002645502645502707	44116164
2022-05-24	-0.0052770448548812715	0.0026385224274405768	0.0026385224274405768	-0.007915567282321965	-0.0052770448548812715	55590989
2022-05-25	0.013262599469495973	0.0	0.013262599469495973	0.0	0.013262599469495973	54798883
2022-05-26	0.005235602094240842	0.0	0.005235602094240842	-0.002617801047120363	0.005235602094240842	51712924
2022-05-27	0.005208333333333338	0.0	0.007812500000000066	0.0	0.005208333333333338	58955253
2022-05-30	-0.018134715025906696	0.0	0.0025906735751295936	-0.018134715025906696	-0.018134715025906696	45956791
2022-05-31	0.0052770448548812715	0.0	0.0052770448548812715	-0.0026385224274406943	0.0052770448548812715	58248432
2022-06-01	-0.007874015748031562	-0.0026246719160105594	0.0	-0.007874015748031562	-0.007874015748031562	35583637
2022-06-02	0.0	0.0	0.002645502645502707	-0.018518518518518476	0.0	80105168
2022-06-06	0.005291005291005296	-0.005291005291005296	0.005291005291005296	-0.007936507936507886	0.005291005291005296	57135241
2022-06-07	0.002631578947368482	0.0	0.005263157894736847	-0.002631578947368365	0.002631578947368482	46405235
2022-06-08	0.0	0.0026246719160104427	0.005249343832021002	-0.0026246719160105594	0.0	41745790
2022-06-09	0.007874015748031444	0.0026246719160104427	0.007874015748031444	0.0	0.007874015748031444	69831575
2022-06-10	0.002604166666666727	-0.0026041666666666114	0.005208333333333338	-0.010416666666666676	0.002604166666666727	74418186
2022-06-13	-0.0025974025974026572	-0.005194805194805199	-0.0025974025974026572	-0.010389610389610398	-0.0025974025974026572	61874248
2022-06-14	0.013020833333333403	-0.0026041666666666114	0.015625000000000014	-0.005208333333333338	0.013020833333333403	79700372
2022-06-15	0.002570694087403544	0.002570694087403544	0.015424164524421607	0.0	0.002570694087403544	108761560
2022-06-16	-0.0025641025641025095	0.0	0.0025641025641026235	-0.007692307692307642	-0.0025641025641025095	73138872
2022-06-17	0.005141388174807203	-0.002570694087403658	0.005141388174807203	-0.002570694087403658	0.005141388174807203	69875651
2022-06-20	0.0	0.0	0.0025575447570331936	-0.005115089514066501	0.0	70056077
2022-06-21	0.0025575447570331936	0.0025575447570331936	0.005115089514066501	0.0	0.0025575447570331936	63493293
2022-06-22	-0.005102040816326535	0.002551020408163324	0.005102040816326535	-0.005102040816326535	-0.005102040816326535	77282849
2022-06-23	0.007692307692307756	0.0	0.010256410256410265	0.0	0.007692307692307756	98879867
2022-06-24	-0.05852417302798982	-0.053435114503816786	-0.04834605597964375	-0.06106870229007639	-0.05852417302798982	111377543
2022-06-27	-0.002702702702702765	0.0	0.002702702702702645	-0.00540540540540541	-0.002702702702702765	70856792
2022-06-28	0.002710027100271065	0.0	0.002710027100271065	-0.002710027100270945	0.002710027100271065	54051696
2022-06-29	0.00540540540540541	0.0	0.008108108108108055	-0.002702702702702765	0.00540540540540541	67511964
2022-06-30	0.0	0.0	0.00537634408602151	-0.0026881720430108145	0.0	52454009
2022-07-01	-0.0026881720430108145	0.0	0.00537634408602151	-0.0026881720430108145	-0.0026881720430108145	40590541
2022-07-04	-0.002695417789757355	0.0	0.0026954177897574746	-0.008086253369272184	-0.002695417789757355	46942823
2022-07-05	-0.00540540540540541	0.0	0.002702702702702645	-0.00540540540540541	-0.00540540540540541	45815846
2022-07-06	-0.002717391304347889	0.002717391304347768	0.002717391304347768	-0.008152173913043546	-0.002717391304347889	52451784
2022-07-07	-0.0027247956403269173	0.0	0.0	-0.005449591280653956	-0.0027247956403269173	36461465
2022-07-08	0.005464480874316944	0.0027322404371584114	0.005464480874316944	0.0	0.005464480874316944	33416393
2022-07-11	0.005434782608695656	-0.002717391304347889	0.008152173913043424	-0.002717391304347889	0.005434782608695656	55765095
2022-07-12	0.00540540540540541	-0.002702702702702765	0.008108108108108055	-0.002702702702702765	0.00540540540540541	77198631
2022-07-13	-0.0026881720430108145	0.0	0.0026881720430106952	-0.00537634408602151	-0.0026881720430108145	57724170
2022-07-14	-0.008086253369272184	-0.002695417789757355	0.0	-0.013477088948787014	-0.008086253369272184	68389549
2022-07-15	-0.01630434782608697	-0.002717391304347889	-0.002717391304347889	-0.01630434782608697	-0.01630434782608697	62275299
2022-07-18	0.013812154696132548	0.0	0.013812154696132548	0.0	0.013812154696132548	47498214
2022-07-19	-0.008174386920980874	-0.0027247956403269173	0.0	-0.008174386920980874	-0.008174386920980874	34390787
2022-07-20	0.0	0.0027472527472526885	0.005494505494505499	-0.002747252747252811	0.0	22523860
2022-07-21	-0.005494505494505499	0.0	0.0	-0.005494505494505499	-0.005494505494505499	35167882
2022-07-22	0.0027624309392264602	0.0027624309392264602	0.005524861878453044	-0.002762430939226583	0.0027624309392264602	28553887
2022-07-25	-0.005509641873278242	0.0	0.0	-0.005509641873278242	-0.005509641873278242	23612237
2022-07-26	0.005540166204986155	0.0	0.005540166204986155	0.0	0.005540166204986155	34844522
2022-07-27	0.005509641873278242	0.0	0.005509641873278242	-0.00275482093663906	0.005509641873278242	32510355
2022-07-28	0.0027397260273973236	0.0	0.0027397260273973236	-0.0027397260273972017	0.0027397260273973236	31787487
2022-07-29	-0.005464480874316944	0.0	0.0	-0.008196721311475478	-0.005464480874316944	35246827
2022-08-01	-0.00824175824175831	-0.002747252747252811	0.0	-0.00824175824175831	-0.00824175824175831	27160016
2022-08-02	-0.008310249307479171	-0.002770083102493016	0.0	-0.016620498614958464	-0.008310249307479171	58865215
2022-08-03	0.00837988826815637	0.0	0.016759776536312863	-0.002793296089385539	0.00837988826815637	52065152
2022-08-04	0.008310249307479294	0.0	0.01108033240997231	0.0	0.008310249307479294	30698126
2022-08-05	0.010989010989010999	0.0	0.010989010989010999	-0.002747252747252811	0.010989010989010999	42248592
2022-08-08	-0.013586956521739203	0.0	0.002717391304347768	-0.013586956521739203	-0.013586956521739203	30859676
2022-08-09	-0.005509641873278242	0.0027548209366391823	0.0027548209366391823	-0.005509641873278242	-0.005509641873278242	28066282
2022-08-10	-0.005540166204986155	0.0	0.005540166204986155	-0.005540166204986155	-0.005540166204986155	24403921
2022-08-11	0.016713091922005586	0.0027855153203343265	0.016713091922005586	0.0	0.016713091922005586	30045527
2022-08-12	-0.0027397260273972017	-0.0027397260273972017	0.0	-0.005479452054794526	-0.0027397260273972017	23218453
2022-08-15	-0.005494505494505499	0.0	0.005494505494505499	-0.005494505494505499	-0.005494505494505499	29238404
2022-08-16	0.0027624309392264602	0.0	0.005524861878453044	-0.002762430939226583	0.0027624309392264602	24715666
2022-08-17	0.008264462809917425	0.0027548209366391823	0.008264462809917425	0.0	0.008264462809917425	27929968
2022-08-18	-0.002732240437158533	-0.002732240437158533	0.0	-0.008196721311475478	-0.002732240437158533	23894204
2022-08-19	-0.005479452054794526	-0.0027397260273972017	0.0027397260273973236	-0.010958904109589052	-0.005479452054794526	46168567
2022-08-22	-0.00275482093663906	-0.005509641873278242	0.0	-0.005509641873278242	-0.00275482093663906	37117963
2022-08-23	-0.005524861878453044	0.0	0.0	-0.005524861878453044	-0.005524861878453044	32618472
2022-08-24	-0.002777777777777842	0.0	0.00555555555555556	-0.002777777777777842	-0.002777777777777842	32247103
2022-08-25	0.0027855153203343265	0.0	0.005571030640668529	0.0	0.0027855153203343265	37149077
2022-08-26	0.00555555555555556	0.0027777777777777185	0.00833333333333328	0.0	0.00555555555555556	48004850
2022-08-29	-0.011049723756906087	-0.005524861878453044	-0.002762430939226583	-0.01381215469613267	-0.011049723756906087	59228763
2022-08-30	0.002793296089385415	0.0	0.005586592178770954	-0.002793296089385539	0.002793296089385415	50319253
2022-08-31	0.0027855153203343265	0.0	0.008356545961002855	-0.0027855153203342024	0.0027855153203343265	53734414
2022-09-01	0.0027777777777777185	0.0027777777777777185	0.00833333333333328	0.0	0.0027777777777777185	41597995
2022-09-02	0.002770083102493139	0.002770083102493139	0.005540166204986155	0.0	0.002770083102493139	36056509
2022-09-05	0.0	0.0	0.0	-0.005524861878453044	0.0	27975808
2022-09-06	0.0027624309392264602	0.0	0.005524861878453044	-0.002762430939226583	0.0027624309392264602	62596977
2022-09-07	-0.008264462809917302	-0.00275482093663906	0.0	-0.011019283746556485	-0.008264462809917302	38440313
2022-09-08	-0.002777777777777842	0.0	0.0027777777777777185	-0.002777777777777842	-0.002777777777777842	41685624
2022-09-09	0.005571030640668529	0.0027855153203343265	0.008356545961002855	0.0	0.005571030640668529	47529262
2022-09-13	0.002770083102493139	0.002770083102493139	0.005540166204986155	0.0	0.002770083102493139	45021072
2022-09-14	-0.002762430939226583	-0.002762430939226583	0.0027624309392264602	-0.005524861878453044	-0.002762430939226583	43265584
2022-09-15	0.002770083102493139	0.0	0.005540166204986155	-0.002770083102493016	0.002770083102493139	61516477
2022-09-16	-0.01381215469613267	0.0	0.0	-0.019337016574585714	-0.01381215469613267	77275319
2022-09-19	-0.016806722689075647	0.0	0.0	-0.019607843137254857	-0.016806722689075647	61858582
2022-09-20	-0.0028490028490027884	0.002849002849002915	0.008547008547008619	-0.0028490028490027884	-0.0028490028490027884	38095075
2022-09-21	0.0028571428571427964	0.0	0.0057142857142857195	-0.008571428571428516	0.0028571428571427964	40133463
2022-09-22	-0.0028490028490027884	-0.0028490028490027884	0.0	-0.005698005698005577	-0.0028490028490027884	33920260
2022-09-23	0.0057142857142857195	0.0	0.0057142857142857195	-0.0028571428571427964	0.0057142857142857195	49471455
2022-09-26	-0.02272727272727275	-0.0028409090909091565	0.0	-0.025568181818181778	-0.02272727272727275	71849911
2022-09-27	0.0	0.0	0.0029069767441861137	-0.008720930232558082	0.0	50524963
2022-09-28	-0.005813953488372098	-0.0029069767441859845	0.0029069767441861137	-0.011627906976744196	-0.005813953488372098	66468732
2022-09-29	-0.01169590643274855	0.002923976608187202	0.005847953216374275	-0.014619883040935621	-0.01169590643274855	43225462
2022-09-30	0.002958579881656873	0.0	0.008875739644970487	0.0	0.002958579881656873	52252249
2022-10-10	0.0029498525073745683	0.0	0.014749262536873104	-0.0029498525073746993	0.0029498525073745683	53422440
2022-10-11	0.005882352941176476	0.0029411764705883033	0.005882352941176476	0.0	0.005882352941176476	39192846
2022-10-12	0.002923976608187202	-0.0029239766081870723	0.002923976608187202	-0.008771929824561346	0.002923976608187202	47325439
2022-10-13	-0.008746355685131267	-0.005830903790087469	-0.002915451895043799	-0.011661807580174937	-0.008746355685131267	34147568
2022-10-14	0.005882352941176476	0.0029411764705883033	0.011764705882352951	0.0	0.005882352941176476	41781258
2022-10-17	-0.0029239766081870723	-0.0029239766081870723	0.0	-0.008771929824561346	-0.0029239766081870723	45030902
2022-10-18	-0.0029325513196481615	0.0029325513196480314	0.0029325513196480314	-0.005865102639296193	-0.0029325513196481615	45622415
2022-10-19	0.0	0.0	0.0029411764705883033	-0.002941176470588173	0.0	30190409
2022-10-20	-0.005882352941176476	0.0	0.0029411764705883033	-0.005882352941176476	-0.005882352941176476	68663832
2022-10-21	-0.0059171597633136145	0.002958579881656873	0.0059171597633136145	-0.008875739644970357	-0.0059171597633136145	58489927
2022-10-24	-0.014880952380952328	0.0	0.002976190476190545	-0.014880952380952328	-0.014880952380952328	91488652
2022-10-25	0.003021148036253712	0.0	0.006042296072507558	-0.006042296072507558	0.003021148036253712	60468329
2022-10-26	-0.0030120481927710203	0.0	0.009036144578313329	-0.0030120481927710203	-0.0030120481927710203	46398162
2022-10-27	0.003021148036253712	0.0	0.006042296072507558	0.0	0.003021148036253712	31895058
2022-10-28	-0.009036144578313195	0.0	0.003012048192771154	-0.012048192771084348	-0.009036144578313195	44816163
2022-10-31	0.0030395136778114855	0.0	0.0060790273556231055	-0.0060790273556231055	0.0030395136778114855	49154243
2022-11-01	0.015151515151515233	0.0	0.015151515151515233	-0.0030303030303029657	0.015151515151515233	78943755
2022-11-02	0.0059701492537313485	-0.0029850746268657406	0.011940298507462697	-0.0059701492537313485	0.0059701492537313485	76651110
2022-11-03	0.0029673590504450406	0.0	0.0029673590504450406	-0.0029673590504451725	0.0029673590504450406	59771483
2022-11-04	0.014792899408284103	-0.0029585798816567418	0.014792899408284103	-0.0029585798816567418	0.014792899408284103	86060590
2022-11-07	-0.005830903790087469	-0.002915451895043799	0.0	-0.008746355685131267	-0.005830903790087469	57638795
2022-11-08	0.0	0.0	0.0029325513196480314	-0.005865102639296193	0.0	70815488
2022-11-09	-0.005865102639296193	0.0	0.0029325513196480314	-0.005865102639296193	-0.005865102639296193	23245220
2022-11-10	0.0	0.0	0.0029498525073745683	-0.0029498525073746993	0.0	23942831
2022-11-11	0.014749262536873104	0.005899705014749268	0.02064896755162237	0.005899705014749268	0.014749262536873104	61638496
2022-11-14	0.0029069767441861137	0.0029069767441861137	0.01453488372093031	0.0	0.0029069767441861137	66726670
2022-11-15	0.008695652173912986	0.0	0.011594202898550735	-0.002898550724637748	0.008695652173912986	55614899
2022-11-16	-0.008620689655172358	-0.0028735632183907434	0.0	-0.011494252873563229	-0.008620689655172358	31021281
2022-11-17	-0.005797101449275368	-0.002898550724637748	0.0	-0.011594202898550735	-0.005797101449275368	42431038
2022-11-18	-0.008746355685131267	0.0	0.0	-0.008746355685131267	-0.008746355685131267	71203698
2022-11-21	0.0029411764705883033	0.0	0.008823529411764779	-0.008823529411764649	0.0029411764705883033	74066525
2022-11-22	0.014662756598240416	-0.0029325513196481615	0.01759530791788858	-0.0029325513196481615	0.014662756598240416	89258777
2022-11-23	0.0	0.002890173410404691	0.01445086705202307	-0.0057803468208092535	0.0	102388765
2022-11-24	0.002890173410404691	0.002890173410404691	0.0057803468208092535	-0.0028901734104045626	0.002890173410404691	65528214
2022-11-25	0.014409221902017239	-0.002881844380403525	0.017291066282420636	-0.005763688760806921	0.014409221902017239	104380809
2022-11-28	-0.01988636363636359	-0.005681818181818187	-0.0028409090909091565	-0.02272727272727275	-0.01988636363636359	82844794
2022-11-29	0.02028985507246372	0.002898550724637619	0.028985507246376708	0.002898550724637619	0.02028985507246372	106445700
2022-11-30	0.0	0.0028409090909090303	0.011363636363636374	-0.0028409090909091565	0.0	80609069
2022-12-01	-0.0028409090909091565	0.005681818181818187	0.011363636363636374	-0.005681818181818187	-0.0028409090909091565	67187644
2022-12-02	-0.005698005698005577	0.0	0.002849002849002915	-0.005698005698005577	-0.005698005698005577	49974021
2022-12-05	0.017191977077363783	0.005730659025787843	0.020057306590257833	0.0028653295128939216	0.017191977077363783	82021630
2022-12-06	0.008450704225352183	-0.0028169014084506445	0.011267605633802828	-0.0028169014084506445	0.008450704225352183	69548317
2022-12-07	-0.005586592178770954	0.0	0.005586592178770954	-0.008379888268156494	-0.005586592178770954	66856522
2022-12-08	0.0	-0.002808988764045009	0.008426966292134776	-0.002808988764045009	0.0	45953517
2022-12-09	0.002808988764044884	0.002808988764044884	0.008426966292134776	0.0	0.002808988764044884	56518934
2022-12-12	-0.016806722689075647	0.0	0.0028011204481793364	-0.019607843137254857	-0.016806722689075647	59212344
2022-12-13	0.0	0.002849002849002915	0.0056980056980057035	-0.0028490028490027884	0.0	66017702
2022-12-14	0.0	0.002849002849002915	0.002849002849002915	-0.005698005698005577	0.0	65940523
2022-12-15	-0.01139601139601128	-0.0028490028490027884	0.0	-0.01139601139601128	-0.01139601139601128	52439092
2022-12-16	0.011527377521613714	-0.002881844380403525	0.011527377521613714	-0.002881844380403525	0.011527377521613714	62270403
2022-12-19	-0.017094017094016985	0.0	0.002849002849002915	-0.019943019943019898	-0.017094017094016985	59564038
2022-12-20	-0.008695652173913115	-0.002898550724637748	0.005797101449275368	-0.008695652173913115	-0.008695652173913115	52639820
2022-12-21	0.0	0.0	0.005847953216374275	-0.0029239766081870723	0.0	35354535
2022-12-22	0.002923976608187202	0.002923976608187202	0.008771929824561476	-0.0029239766081870723	0.002923976608187202	28636744
2022-12-23	-0.005830903790087469	-0.002915451895043799	0.0029154518950436693	-0.005830903790087469	-0.005830903790087469	31170986
2022-12-26	-0.0029325513196481615	0.0029325513196480314	0.005865102639296193	-0.005865102639296193	-0.0029325513196481615	35597524
2022-12-27	0.008823529411764779	0.0	0.011764705882352951	0.0	0.008823529411764779	34161622
2022-12-28	0.0	-0.002915451895043799	0.005830903790087469	-0.002915451895043799	0.0	36567971
2022-12-29	0.0	0.0	0.005830903790087469	-0.008746355685131267	0.0	50128698
2022-12-30	0.005830903790087469	0.0	0.011661807580174937	-0.002915451895043799	0.005830903790087469	45990318
2023-01-03	-0.002898550724637748	0.002898550724637619	0.002898550724637619	-0.008695652173913115	-0.002898550724637748	58477549
2023-01-04	0.008720930232558212	0.0029069767441861137	0.011627906976744196	0.0	0.008720930232558212	55369288
2023-01-05	0.0028818443804033964	0.0	0.005763688760806921	0.0	0.0028818443804033964	51002064
2023-01-06	-0.0028735632183907434	0.002873563218390871	0.002873563218390871	-0.008620689655172358	-0.0028735632183907434	50040998
2023-01-09	-0.002881844380403525	0.0	0.0028818443804033964	-0.005763688760806921	-0.002881844380403525	52517759
2023-01-10	-0.008670520231213816	0.002890173410404691	0.002890173410404691	-0.008670520231213816	-0.008670520231213816	47414081
2023-01-11	0.0029154518950436693	0.0029154518950436693	0.005830903790087469	0.0	0.0029154518950436693	49608421
2023-01-12	-0.008720930232558082	-0.0029069767441859845	0.0	-0.008720930232558082	-0.008720930232558082	42177786
2023-01-13	0.011730205278592386	0.0	0.011730205278592386	0.0	0.011730205278592386	41673564
2023-01-16	0.005797101449275368	0.0	0.011594202898550735	-0.002898550724637748	0.005797101449275368	66494082
2023-01-17	0.0	0.0028818443804033964	0.0028818443804033964	-0.005763688760806921	0.0	35575934
2023-01-18	0.0028818443804033964	0.0	0.0028818443804033964	-0.002881844380403525	0.0028818443804033964	34456114
2023-01-19	0.0	-0.0028735632183907434	0.002873563218390871	-0.008620689655172358	0.0	34139100
2023-01-20	0.005747126436781614	0.0	0.005747126436781614	-0.0028735632183907434	0.005747126436781614	45358218
2023-01-30	0.0	0.0057142857142857195	0.008571428571428516	-0.0028571428571427964	0.0	56405171
2023-01-31	-0.0028571428571427964	-0.0028571428571427964	0.0	-0.0057142857142857195	-0.0028571428571427964	49795720
2023-02-01	0.0028653295128939216	0.0	0.0028653295128939216	-0.005730659025787971	0.0028653295128939216	56174252
2023-02-02	-0.0057142857142857195	0.0	0.0	-0.008571428571428516	-0.0057142857142857195	50780520
2023-02-03	-0.008620689655172358	0.0	0.002873563218390871	-0.011494252873563229	-0.008620689655172358	64229392
2023-02-06	-0.005797101449275368	-0.002898550724637748	0.0	-0.005797101449275368	-0.005797101449275368	46346364
2023-02-07	0.0029154518950436693	0.0029154518950436693	0.005830903790087469	0.0	0.0029154518950436693	50144817
2023-02-08	0.0	0.0029069767441861137	0.0029069767441861137	-0.0029069767441859845	0.0	31407714
2023-02-09	0.0029069767441861137	-0.0029069767441859845	0.0029069767441861137	-0.0029069767441859845	0.0029069767441861137	37810864
2023-02-10	-0.002898550724637748	0.0	0.0	-0.002898550724637748	-0.002898550724637748	30264763
2023-02-13	0.0	0.0029069767441861137	0.0029069767441861137	-0.0029069767441859845	0.0	43453274
2023-02-14	0.0029069767441861137	0.0029069767441861137	0.005813953488372098	0.0	0.0029069767441861137	50172200
2023-02-15	-0.002898550724637748	0.002898550724637619	0.002898550724637619	-0.002898550724637748	-0.002898550724637748	27798247
2023-02-16	-0.0029069767441859845	0.0	0.005813953488372098	-0.0029069767441859845	-0.0029069767441859845	53640010
2023-02-17	-0.002915451895043799	0.0029154518950436693	0.005830903790087469	-0.002915451895043799	-0.002915451895043799	44356799
2023-02-20	0.008771929824561476	0.002923976608187202	0.008771929824561476	0.0	0.008771929824561476	55811905
2023-02-21	0.002898550724637619	0.0	0.002898550724637619	-0.002898550724637748	0.002898550724637619	81562600
2023-02-22	-0.008670520231213816	-0.0028901734104045626	-0.0028901734104045626	-0.008670520231213816	-0.008670520231213816	55686564
2023-02-23	0.0	0.0029154518950436693	0.0029154518950436693	0.0	0.0	34554724
2023-02-24	-0.005830903790087469	0.0	0.0029154518950436693	-0.005830903790087469	-0.005830903790087469	51203141
2023-02-27	-0.0029325513196481615	0.0	0.0029325513196480314	-0.0029325513196481615	-0.0029325513196481615	40370273
2023-02-28	0.0029411764705883033	0.0	0.005882352941176476	0.0	0.0029411764705883033	39666714
2023-03-01	0.005865102639296193	0.0	0.008797653958944223	-0.0029325513196481615	0.005865102639296193	54758255
2023-03-02	0.0	0.0	0.0029154518950436693	-0.002915451895043799	0.0	64751100
2023-03-03	0.008746355685131138	0.0	0.008746355685131138	0.0	0.008746355685131138	100327299
2023-03-06	-0.0057803468208092535	0.0	0.0	-0.008670520231213816	-0.0057803468208092535	80029881
2023-03-07	0.0029069767441861137	0.0	0.01453488372093031	-0.0029069767441859845	0.0029069767441861137	169121363
2023-03-08	-0.002898550724637748	-0.002898550724637748	0.0	-0.008695652173913115	-0.002898550724637748	70391870
2023-03-09	-0.0029069767441859845	0.0	0.005813953488372098	-0.0029069767441859845	-0.0029069767441859845	57078608
2023-03-10	-0.008746355685131267	0.0	0.0029154518950436693	-0.008746355685131267	-0.008746355685131267	61866946
2023-03-13	0.0	-0.002941176470588173	0.0029411764705883033	-0.005882352941176476	0.0	80342335
2023-03-14	-0.005882352941176476	-0.002941176470588173	0.0	-0.008823529411764649	-0.005882352941176476	60903895
2023-03-15	0.002958579881656873	0.002958579881656873	0.0059171597633136145	0.0	0.002958579881656873	46569294
2023-03-16	0.0029498525073745683	0.0	0.011799410029498535	-0.0029498525073746993	0.0029498525073745683	83394256
2023-03-17	-0.002941176470588173	0.0029411764705883033	0.008823529411764779	-0.002941176470588173	-0.002941176470588173	104504612
2023-03-20	0.0029498525073745683	0.0	0.011799410029498535	0.0	0.0029498525073745683	86472206
2023-03-21	0.0	0.0029411764705883033	0.008823529411764779	0.0	0.0	58867737
2023-03-22	0.005882352941176476	0.0029411764705883033	0.008823529411764779	0.0	0.005882352941176476	61039049
2023-03-23	0.01169590643274855	0.0	0.01169590643274855	0.0	0.01169590643274855	94762237
2023-03-24	-0.0057803468208092535	0.0	0.0	-0.0057803468208092535	-0.0057803468208092535	57992075
2023-03-27	-0.0029069767441859845	0.0029069767441861137	0.005813953488372098	-0.005813953488372098	-0.0029069767441859845	58594493
2023-03-28	0.0029154518950436693	0.0029154518950436693	0.005830903790087469	-0.002915451895043799	0.0029154518950436693	55746672
2023-03-29	-0.0029069767441859845	0.0	0.005813953488372098	-0.0029069767441859845	-0.0029069767441859845	51739343
2023-03-30	0.014577259475218606	0.0029154518950436693	0.014577259475218606	0.0	0.014577259475218606	91083138
2023-03-31	-0.008620689655172358	-0.0028735632183907434	0.0	-0.011494252873563229	-0.008620689655172358	61889629
2023-04-03	0.0	0.0	0.002898550724637619	-0.002898550724637748	0.0	59828226
2023-04-04	0.005797101449275368	0.002898550724637619	0.005797101449275368	0.0	0.005797101449275368	51214215
2023-04-06	-0.002881844380403525	0.0	0.0	-0.005763688760806921	-0.002881844380403525	32701967
2023-04-07	0.0	-0.0028901734104045626	0.0	-0.0028901734104045626	0.0	26289714
2023-04-10	0.0	0.0	0.0	-0.0028901734104045626	0.0	35630179
2023-04-11	-0.0028901734104045626	0.0	0.0	-0.0028901734104045626	-0.0028901734104045626	42740887
2023-04-12	0.005797101449275368	0.002898550724637619	0.005797101449275368	0.0	0.005797101449275368	42370929
2023-04-13	0.0028818443804033964	0.0	0.005763688760806921	-0.002881844380403525	0.0028818443804033964	60168129
2023-04-14	0.0	0.0	0.002873563218390871	-0.0028735632183907434	0.0	51218620
2023-04-17	0.011494252873563229	0.0	0.011494252873563229	-0.0028735632183907434	0.011494252873563229	74014278
2023-04-18	0.014204545454545404	-0.0028409090909091565	0.01704545454545456	-0.0028409090909091565	0.014204545454545404	107736732
2023-04-19	0.0	0.0	0.014005602240896434	-0.0028011204481792123	0.0	96787374
2023-04-20	0.011204481792717097	0.0028011204481793364	0.011204481792717097	-0.0028011204481792123	0.011204481792717097	85436556
2023-04-21	-0.013850415512465325	0.0	0.002770083102493139	-0.016620498614958464	-0.013850415512465325	101056907
2023-04-24	0.0	0.0	0.011235955056179785	0.0	0.0	70104795
2023-04-25	0.016853932584269676	0.002808988764044884	0.016853932584269676	0.0	0.016853932584269676	101930284
2023-04-26	-0.008287292817679627	0.0	0.0	-0.01657458563535913	-0.008287292817679627	75567901
2023-04-27	0.008356545961002855	0.0	0.008356545961002855	0.0	0.008356545961002855	73050430
2023-04-28	0.0027624309392264602	-0.002762430939226583	0.008287292817679504	-0.005524861878453044	0.0027624309392264602	82607712
2023-05-04	0.09917355371900835	0.008264462809917425	0.09917355371900835	0.005509641873278242	0.09917355371900835	535321365
2023-05-05	0.04010025062656645	0.02506265664160392	0.06265664160401002	0.015037593984962308	0.04010025062656645	842587792
2023-05-08	0.06987951807228916	-0.0048192771084338455	0.0891566265060239	-0.0048192771084338455	0.06987951807228916	912082306
2023-05-09	-0.031531531531531654	0.0	0.009009009009009016	-0.038288288288288466	-0.031531531531531654	680695941
2023-05-10	-0.027906976744186074	0.0	0.004651162790697782	-0.04186046511627901	-0.027906976744186074	442514136
2023-05-11	-0.007177033492822814	-0.007177033492822814	0.01674641148325366	-0.00956937799043063	-0.007177033492822814	241886937
2023-05-12	-0.014457831325301323	-0.0048192771084338455	0.007228915662650447	-0.01686746987951814	-0.014457831325301323	204890746
2023-05-15	0.0	0.0	0.004889975550122362	-0.029339853300733416	0.0	244456110
2023-05-16	-0.007334963325183435	0.0024449877750610726	0.012224938875305581	-0.012224938875305581	-0.007334963325183435	173968885
2023-05-17	-0.0049261083743841316	-0.0024630541871920658	0.004926108374384351	-0.014778325123152615	-0.0049261083743841316	111931843
2023-05-18	0.004950495049504845	0.004950495049504845	0.01980198019801982	0.0	0.004950495049504845	172311116
2023-05-19	-0.007389162561576198	0.0	0.0	-0.014778325123152615	-0.007389162561576198	140080025
2023-05-22	0.004962779156327438	-0.002481389578163939	0.009925558312655096	-0.002481389578163939	0.004962779156327438	132892918
2023-05-23	-0.01728395061728391	0.0	0.007407407407407469	-0.019753086419752996	-0.01728395061728391	134974894
2023-05-24	-0.01758793969849242	0.0	0.0	-0.02010050251256283	-0.01758793969849242	188118109
2023-05-25	0.0	-0.005115089514066501	0.0025575447570331936	-0.010230179028133002	0.0	113068922
2023-05-26	-0.002557544757033307	0.0025575447570331936	0.007672634271099694	-0.015345268542199501	-0.002557544757033307	97994487
2023-05-29	0.010256410256410265	0.0025641025641026235	0.017948717948718024	0.0	0.010256410256410265	100864900
2023-05-30	-0.0050761421319797	-0.0025380710659897937	0.0050761421319797	-0.0101522842639594	-0.0050761421319797	93157739
2023-05-31	0.01020408163265307	0.0	0.012755102040816394	-0.005102040816326535	0.01020408163265307	93995729
2023-06-01	-0.012626262626262581	-0.005050505050505055	-0.0025252525252524713	-0.017676767676767638	-0.012626262626262581	96304908
2023-06-02	0.005115089514066501	0.0025575447570331936	0.007672634271099694	-0.002557544757033307	0.005115089514066501	67288669
2023-06-05	0.017811704834605556	0.0	0.020356234096692016	-0.005089058524173033	0.017811704834605556	97775327
2023-06-06	-0.010000000000000009	-0.0024999999999999467	0.007500000000000062	-0.012499999999999956	-0.010000000000000009	80001777
2023-06-07	0.005050505050505055	0.0	0.012626262626262581	0.0	0.005050505050505055	57140655
2023-06-08	0.01758793969849242	0.00251256281407041	0.02010050251256272	-0.007537688442211006	0.01758793969849242	111527767
2023-06-09	-0.009876543209876552	-0.0024691358024690833	0.0024691358024690833	-0.012345679012345635	-0.009876543209876552	76548765
2023-06-12	-0.01246882793017452	0.0024937655860348597	0.0024937655860348597	-0.01246882793017452	-0.01246882793017452	87274401
2023-06-13	0.0	0.0	0.005050505050505055	-0.005050505050505055	0.0	61590485
2023-06-14	-0.0075757575757575265	0.0025252525252525836	0.005050505050505055	-0.01010101010101011	-0.0075757575757575265	82628612
2023-06-15	0.0025445292620864595	0.0	0.005089058524173033	-0.0025445292620865727	0.0025445292620864595	53827912
2023-06-16	0.0	0.0	0.007614213197969607	-0.0025380710659897937	0.0	84094426
2023-06-19	-0.0101522842639594	0.0	0.0025380710659899065	-0.0101522842639594	-0.0101522842639594	78857094
2023-06-20	0.0	0.0025641025641026235	0.0051282051282051325	-0.0025641025641025095	0.0	61434424
2023-06-21	0.0051282051282051325	0.0	0.02051282051282053	-0.0025641025641025095	0.0051282051282051325	111478047
2023-06-26	-0.06377551020408163	-0.05102040816326524	-0.05102040816326524	-0.07142857142857138	-0.06377551020408163	110643629
2023-06-27	0.019073569482288905	0.0	0.024523160762942742	-0.005449591280653956	0.019073569482288905	84297521
2023-06-28	-0.0053475935828877046	0.0	0.005347593582887587	-0.008021390374331618	-0.0053475935828877046	45061712
2023-06-29	0.00537634408602151	0.0	0.008064516129032206	-0.00537634408602151	0.00537634408602151	40568065
2023-06-30	0.0026737967914437933	0.0	0.008021390374331498	-0.0026737967914439117	0.0026737967914437933	44368834
2023-07-03	0.013333333333333286	0.0	0.016000000000000014	0.0	0.013333333333333286	58253649
2023-07-04	-0.007894736842105211	0.0	0.002631578947368482	-0.01315789473684206	-0.007894736842105211	42567558
2023-07-05	-0.005305039787798413	-0.0026525198938992657	0.0026525198938991477	-0.005305039787798413	-0.005305039787798413	33755861
2023-07-06	-0.0026666666666666098	0.0	0.005333333333333338	-0.005333333333333338	-0.0026666666666666098	41502295
2023-07-07	0.008021390374331498	0.0	0.010695187165775291	0.0	0.008021390374331498	46610878
2023-07-10	-0.010610079575596827	0.0	0.0026525198938991477	-0.013262599469495973	-0.010610079575596827	47042516
2023-07-11	0.013404825737265367	0.0	0.013404825737265367	-0.002680965147453026	0.013404825737265367	48024435
2023-07-12	-0.0026455026455025894	-0.0026455026455025894	0.005291005291005296	-0.005291005291005296	-0.0026455026455025894	40460351
2023-07-13	0.013262599469495973	0.0026525198938991477	0.013262599469495973	0.0	0.013262599469495973	43651119
2023-07-14	0.010471204188481685	-0.002617801047120363	0.013089005235602165	-0.002617801047120363	0.010471204188481685	66378201
2023-07-17	0.005181347150259072	-0.005181347150259072	0.005181347150259072	-0.010362694300518144	0.005181347150259072	47695308
2023-07-18	0.0025773195876289258	0.0	0.007731958762886662	-0.007731958762886548	0.0025773195876289258	59955074
2023-07-19	0.0077120822622107465	0.0	0.010282776349614406	-0.005141388174807203	0.0077120822622107465	49598440
2023-07-20	-0.002551020408163211	0.0	0.00765306122448986	-0.005102040816326535	-0.002551020408163211	57499917
2023-07-21	0.005115089514066501	0.0	0.005115089514066501	-0.002557544757033307	0.005115089514066501	45714141
2023-07-24	-0.005089058524173033	-0.0025445292620865727	0.0025445292620864595	-0.007633587786259605	-0.005089058524173033	44980191
2023-07-25	0.005115089514066501	0.0025575447570331936	0.012787723785166195	0.0025575447570331936	0.005115089514066501	66639889
2023-07-26	0.0	0.0	0.005089058524173033	-0.005089058524173033	0.0	49161679
2023-07-27	0.0025445292620864595	0.0	0.010178117048346065	0.0	0.0025445292620864595	52674042
2023-07-28	0.020304568527918686	0.0	0.022842639593908705	-0.0025380710659897937	0.020304568527918686	125362675
2023-07-31	0.0	0.0	0.009950248756218916	-0.007462686567164021	0.0	108676511
2023-08-01	-0.0024875621890546734	0.0	0.0024875621890548946	-0.007462686567164021	-0.0024875621890546734	71408926
2023-08-02	-0.01246882793017452	0.0	0.0	-0.01745635910224435	-0.01246882793017452	105506178
2023-08-03	0.01010101010101011	-0.0025252525252524713	0.01010101010101011	-0.0025252525252524713	0.01010101010101011	74067018
2023-08-04	-0.0024999999999999467	0.0	0.010000000000000009	-0.0050000000000000044	-0.0024999999999999467	109651264
2023-08-07	-0.005012531328320806	-0.0025062656641604585	0.0	-0.012531328320802072	-0.005012531328320806	77884504
2023-08-08	-0.0025188916876574888	-0.005037783375314866	0.005037783375314866	-0.0075566750629723544	-0.0025188916876574888	62237941
2023-08-09	0.01010101010101011	0.0	0.012626262626262581	-0.0025252525252524713	0.01010101010101011	85894036
2023-08-10	0.004999999999999893	0.0	0.004999999999999893	-0.007499999999999951	0.004999999999999893	64311635
2023-08-11	-0.014925373134328263	0.0024875621890548946	0.004975124378109568	-0.017412935323382936	-0.014925373134328263	81599513
2023-08-14	-0.02020202020202022	-0.0075757575757575265	-0.0075757575757575265	-0.022727272727272693	-0.02020202020202022	92523266
2023-08-15	0.02835051546391761	0.0025773195876289258	0.03350515463917523	0.0025773195876289258	0.02835051546391761	128578750
2023-08-16	-0.0025062656641604585	-0.0025062656641604585	0.007518796992481042	-0.012531328320802072	-0.0025062656641604585	69602459
2023-08-17	-0.010050251256281416	0.0	0.005025125628140708	-0.015075376884422124	-0.010050251256281416	94624912
2023-08-18	0.007614213197969607	0.0	0.020304568527918686	-0.0025380710659897937	0.007614213197969607	97339589
2023-08-21	-0.01259445843828722	0.0	0.0075566750629722425	-0.01259445843828722	-0.01259445843828722	79856394
2023-08-22	0.01785714285714293	0.002551020408163324	0.02040816326530614	0.0	0.01785714285714293	92892976
2023-08-23	0.0	0.0	0.007518796992481042	-0.005012531328320806	0.0	87503812
2023-08-24	-0.007518796992481265	-0.0025062656641604585	0.0025062656641603475	-0.012531328320802072	-0.007518796992481265	76584198
2023-08-25	0.01010101010101011	-0.0025252525252524713	0.015151515151515053	-0.0025252525252524713	0.01010101010101011	91175346
2023-08-28	0.0024999999999999467	0.030000000000000027	0.040000000000000036	0.0	0.0024999999999999467	162079730
2023-08-29	-0.00997506234413955	0.0	0.004987531172069941	-0.014962593516209379	-0.00997506234413955	114683165
2023-08-30	-0.010075566750629731	-0.0025188916876574888	0.002518891687657377	-0.01259445843828722	-0.010075566750629731	72603776
2023-08-31	-0.0381679389312978	-0.010178117048346065	-0.005089058524173033	-0.0381679389312978	-0.0381679389312978	177017798
2023-09-01	0.010582010582010592	0.002645502645502707	0.01587301587301589	0.0	0.010582010582010592	57906497
2023-09-04	0.015706806282722526	0.0026178010471204793	0.026178010471204213	0.0	0.015706806282722526	80354745
2023-09-05	-0.01546391752577321	0.0	0.0	-0.01546391752577321	-0.01546391752577321	58508007
2023-09-06	-0.005235602094240842	0.0	0.0026178010471204793	-0.007853403141361206	-0.005235602094240842	55419611
2023-09-07	-0.005263157894736847	0.0	0.0	-0.010526315789473694	-0.005263157894736847	65640468
2023-09-08	0.0	-0.0026455026455025894	0.002645502645502707	-0.005291005291005296	0.0	42584294
2023-09-11	0.005291005291005296	0.002645502645502707	0.007936507936508002	0.0	0.005291005291005296	71842784
2023-09-12	-0.002631578947368365	0.0	0.002631578947368482	-0.005263157894736847	-0.002631578947368365	38747707
2023-09-13	-0.0026385224274406943	0.0	0.0052770448548812715	-0.0026385224274406943	-0.0026385224274406943	44413098
2023-09-14	0.018518518518518594	0.002645502645502707	0.021164021164021184	0.0	0.018518518518518594	97446518
2023-09-15	-0.018181818181818254	-0.0025974025974026572	0.002597402597402542	-0.018181818181818254	-0.018181818181818254	81078815
2023-09-18	0.005291005291005296	0.002645502645502707	0.005291005291005296	-0.005291005291005296	0.005291005291005296	57120843
2023-09-19	0.00789473684210533	-0.002631578947368365	0.010526315789473694	-0.002631578947368365	0.00789473684210533	87458403
2023-09-20	0.005221932114882511	0.0	0.010443864229765022	-0.0026109660574413136	0.005221932114882511	59669593
2023-09-21	-0.007792207792207856	0.0	0.005194805194805199	-0.007792207792207856	-0.007792207792207856	59450092
2023-09-22	0.0026178010471204793	0.0026178010471204793	0.005235602094240842	-0.007853403141361206	0.0026178010471204793	65471910
2023-09-25	0.005221932114882511	0.0	0.010443864229765022	-0.0026109660574413136	0.005221932114882511	70978257
2023-09-26	-0.007792207792207856	0.002597402597402542	0.002597402597402542	-0.007792207792207856	-0.007792207792207856	36980529
2023-09-27	0.0	0.0026178010471204793	0.007853403141361322	-0.002617801047120363	0.0	41687314
2023-09-28	0.005235602094240842	0.0	0.007853403141361322	-0.002617801047120363	0.005235602094240842	44039083
2023-10-09	-0.04687499999999993	-0.010416666666666676	-0.00781249999999995	-0.04947916666666666	-0.04687499999999993	142669712
2023-10-10	-0.002732240437158533	0.0027322404371584114	0.008196721311475356	-0.008196721311475478	-0.002732240437158533	68536161
2023-10-11	0.016438356164383577	0.0	0.021917808219178103	0.0	0.016438356164383577	83380011
2023-10-12	0.008086253369272304	0.008086253369272304	0.018867924528301844	0.005390835579514829	0.008086253369272304	88519470
2023-10-13	0.0	0.0	0.008021390374331498	-0.0053475935828877046	0.0	60753645
2023-10-16	0.008021390374331498	0.0026737967914437933	0.010695187165775291	-0.0026737967914439117	0.008021390374331498	65990518
2023-10-17	0.0	0.0026525198938991477	0.005305039787798413	-0.0026525198938992657	0.0	48176788
2023-10-18	-0.005305039787798413	0.0	0.005305039787798413	-0.005305039787798413	-0.005305039787798413	42258450
2023-10-19	-0.02666666666666669	-0.0026666666666666098	0.0	-0.02666666666666669	-0.02666666666666669	79576379
2023-10-20	0.0	-0.0027397260273972017	0.00821917808219185	-0.005479452054794526	0.0	61953223
2023-10-23	-0.0027397260273972017	0.0	0.00821917808219185	-0.010958904109589052	-0.0027397260273972017	57901940
2023-10-24	-0.013736263736263809	0.0	0.005494505494505499	-0.016483516483516498	-0.013736263736263809	80547790
2023-10-25	0.019498607242339913	0.005571030640668529	0.019498607242339913	0.0	0.019498607242339913	64747201
2023-10-26	0.008196721311475356	-0.005464480874316944	0.010928961748633888	-0.008196721311475478	0.008196721311475356	58483570
2023-10-27	-0.008130081300812955	0.0	0.002710027100271065	-0.008130081300812955	-0.008130081300812955	42027107
2023-10-30	-0.013661202185792422	0.0	0.0	-0.016393442622950834	-0.013661202185792422	71323735
2023-10-31	0.030470914127423913	0.002770083102493139	0.03324099722991693	0.0	0.030470914127423913	116179129
2023-11-01	0.0026881720430106952	0.0026881720430106952	0.008064516129032206	-0.008064516129032324	0.0026881720430106952	64937323
2023-11-02	0.01876675603217154	0.0	0.021447721179624683	0.0	0.01876675603217154	98733809
2023-11-03	-0.002631578947368365	0.002631578947368482	0.00789473684210533	-0.005263157894736847	-0.002631578947368365	75700942
2023-11-06	0.0	0.0052770448548812715	0.007915567282321848	-0.007915567282321965	0.0	79992102
2023-11-07	0.010554089709762543	0.0026385224274405768	0.015831134564643815	0.0	0.010554089709762543	69831986
2023-11-08	-0.007832898172323825	0.0	0.005221932114882511	-0.010443864229765022	-0.007832898172323825	59451473
2023-11-09	0.010526315789473694	0.0	0.01578947368421054	-0.002631578947368365	0.010526315789473694	62492158
2023-11-10	-0.00781249999999995	-0.0026041666666666114	0.002604166666666727	-0.010416666666666676	-0.00781249999999995	60830775
2023-11-13	0.0026246719160104427	0.0026246719160104427	0.005249343832021002	-0.005249343832021002	0.0026246719160104427	53704611
2023-11-14	0.007853403141361322	0.0	0.015706806282722526	-0.002617801047120363	0.007853403141361322	61713425
2023-11-15	-0.005194805194805199	0.002597402597402542	0.005194805194805199	-0.007792207792207856	-0.005194805194805199	40074619
2023-11-16	0.005221932114882511	0.0026109660574411974	0.010443864229765022	0.0	0.005221932114882511	75295025
2023-11-17	-0.012987012987013056	-0.0025974025974026572	0.0	-0.012987012987013056	-0.012987012987013056	51850596
2023-11-20	0.00789473684210533	0.005263157894736847	0.010526315789473694	0.0	0.00789473684210533	45070521
2023-11-21	0.0026109660574411974	-0.0026109660574413136	0.007832898172323709	-0.0026109660574413136	0.0026109660574411974	55463134
2023-11-22	-0.0026041666666666114	0.002604166666666727	0.005208333333333338	-0.0026041666666666114	-0.0026041666666666114	40295102
2023-11-23	0.0	0.0026109660574411974	0.0026109660574411974	-0.005221932114882511	0.0	39411731
2023-11-24	0.0	0.0026109660574411974	0.007832898172323709	-0.0026109660574413136	0.0	49529386
2023-11-27	0.005221932114882511	0.0	0.007832898172323709	-0.010443864229765022	0.005221932114882511	68417709
2023-11-28	-0.0025974025974026572	0.0	0.002597402597402542	-0.005194805194805199	-0.0025974025974026572	36416504
2023-11-29	-0.013020833333333287	0.0	0.0	-0.013020833333333287	-0.013020833333333287	47265257
2023-11-30	0.015831134564643815	0.0	0.01846965699208439	-0.0026385224274406943	0.015831134564643815	80872987
2023-12-01	0.005194805194805199	0.0	0.005194805194805199	-0.005194805194805199	0.005194805194805199	64106644
2023-12-04	0.0	-0.002583979328165434	0.007751937984496074	-0.002583979328165434	0.0	58375784
2023-12-05	-0.010335917312661508	0.0	0.0025839793281653197	-0.015503875968992262	-0.010335917312661508	59774885
2023-12-06	-0.010443864229765022	-0.0026109660574413136	0.0	-0.02349869451697124	-0.010443864229765022	76552203
2023-12-07	0.0052770448548812715	0.0026385224274405768	0.010554089709762543	-0.007915567282321965	0.0052770448548812715	60181816
2023-12-08	0.0026246719160104427	-0.0026246719160105594	0.013123359580052446	-0.007874015748031562	0.0026246719160104427	80654557
2023-12-11	-0.002617801047120363	0.0	0.0026178010471204793	-0.020942408376963255	-0.002617801047120363	83012156
2023-12-12	0.010498687664042003	0.0	0.013123359580052446	-0.005249343832021002	0.010498687664042003	59775729
2023-12-13	-0.007792207792207856	0.002597402597402542	0.005194805194805199	-0.007792207792207856	-0.007792207792207856	41667590
2023-12-14	-0.007853403141361206	0.007853403141361322	0.007853403141361322	-0.007853403141361206	-0.007853403141361206	43902712
2023-12-15	-0.010554089709762543	0.0052770448548812715	0.007915567282321848	-0.010554089709762543	-0.010554089709762543	66585716
2023-12-18	0.013333333333333286	0.0	0.016000000000000014	-0.0026666666666666098	0.013333333333333286	68498345
2023-12-19	-0.002631578947368365	-0.002631578947368365	0.002631578947368482	-0.007894736842105211	-0.002631578947368365	52834937
2023-12-20	0.0026385224274405768	0.0026385224274405768	0.01319261213720312	0.0026385224274405768	0.0026385224274405768	62676494
2023-12-21	-0.005263157894736847	-0.002631578947368365	-0.002631578947368365	-0.015789473684210423	-0.005263157894736847	74081657
2023-12-22	-0.0026455026455025894	0.005291005291005296	0.010582010582010592	-0.0026455026455025894	-0.0026455026455025894	63443234
2023-12-25	0.00795755968169756	0.0	0.013262599469495973	0.0	0.00795755968169756	62043327
2023-12-26	-0.005263157894736847	0.002631578947368482	0.002631578947368482	-0.007894736842105211	-0.005263157894736847	41248508
2023-12-27	-0.010582010582010474	0.0	0.002645502645502707	-0.01587301587301577	-0.010582010582010474	67424809
2023-12-28	0.0	0.0	0.010695187165775291	-0.0026737967914439117	0.0	101861225
2023-12-29	0.0	0.0026737967914437933	0.005347593582887587	0.0	0.0	58755877
2024-01-02	0.005347593582887587	0.0	0.013368983957219202	-0.0026737967914439117	0.005347593582887587	79386373
2024-01-03	0.0	0.0	0.002659574468085168	-0.0053191489361701	0.0	68760441
2024-01-04	0.0	-0.00265957446808505	0.002659574468085168	-0.007978723404255268	0.0	77184846
2024-01-05	0.013297872340425603	0.0	0.02393617021276604	-0.00265957446808505	0.013297872340425603	151159354
2024-01-08	-0.013123359580052563	-0.005249343832021002	0.005249343832021002	-0.015748031496063006	-0.013123359580052563	103199502
2024-01-09	0.010638297872340436	0.0	0.010638297872340436	-0.007978723404255268	0.010638297872340436	93088031
2024-01-10	-0.010526315789473694	-0.002631578947368365	0.005263157894736847	-0.010526315789473694	-0.010526315789473694	59095670
2024-01-11	-0.010638297872340318	0.0	0.002659574468085168	-0.010638297872340318	-0.010638297872340318	89510431
2024-01-12	0.00537634408602151	0.0	0.0107526881720429	0.0	0.00537634408602151	55254505
2024-01-15	0.0	-0.0026737967914439117	0.005347593582887587	-0.008021390374331618	0.0	65205657
2024-01-16	0.024064171122994613	0.0	0.024064171122994613	-0.0026737967914439117	0.024064171122994613	133957052
2024-01-17	-0.005221932114882511	-0.0026109660574413136	0.007832898172323709	-0.007832898172323825	-0.005221932114882511	109138152
2024-01-18	-0.015748031496063006	0.0	0.0026246719160104427	-0.04199475065616801	-0.015748031496063006	205505408
2024-01-19	0.005333333333333338	-0.0026666666666666098	0.007999999999999948	-0.013333333333333286	0.005333333333333338	126006705
2024-01-22	-0.00795755968169756	-0.0026525198938992657	0.010610079575596827	-0.013262599469495973	-0.00795755968169756	166584597
2024-01-23	0.0	-0.0026737967914439117	0.005347593582887587	-0.013368983957219322	0.0	92180775
2024-01-24	0.024064171122994613	0.0026737967914437933	0.026737967914438405	0.0026737967914437933	0.024064171122994613	132248410
2024-01-25	0.01305483028720622	0.0026109660574411974	0.015665796344647532	0.0	0.01305483028720622	113692409
2024-01-26	0.03092783505154642	0.0025773195876289258	0.03092783505154642	0.0025773195876289258	0.03092783505154642	164314055
2024-01-29	-0.0050000000000000044	0.0	0.007500000000000062	-0.012499999999999956	-0.0050000000000000044	126829302
2024-01-30	-0.005025125628140708	-0.002512562814070298	0.007537688442211006	-0.012562814070351714	-0.005025125628140708	116638675
2024-01-31	-0.0025252525252524713	-0.0025252525252524713	0.005050505050505055	-0.012626262626262581	-0.0025252525252524713	102638166
2024-02-01	-0.0075949367088608225	-0.0025316455696203113	0.002531645569620199	-0.015189873417721532	-0.0075949367088608225	115168529
2024-02-02	0.00765306122448986	0.002551020408163324	0.01785714285714293	-0.007653061224489746	0.00765306122448986	152350448
2024-02-05	0.0	0.0	0.010126582278481022	-0.010126582278481022	0.0	189575224
2024-02-06	0.005063291139240511	0.0	0.00759493670886071	-0.010126582278481022	0.005063291139240511	167796110
2024-02-07	-0.0025188916876574888	0.0	0.002518891687657377	-0.017632241813602085	-0.0025188916876574888	195445858
2024-02-08	-0.0025252525252524713	-0.0025252525252524713	0.0	-0.027777777777777745	-0.0025252525252524713	180793845
2024-02-19	0.01518987341772142	0.0	0.01518987341772142	-0.0025316455696203113	0.01518987341772142	144369634
2024-02-20	0.01745635910224446	-0.0024937655860348597	0.019950124688279322	-0.0049875311720697195	0.01745635910224446	120231882
2024-02-21	0.007352941176470649	0.0	0.01960784313725492	-0.004901960784313838	0.007352941176470649	145359104
2024-02-22	0.0	0.0	0.009732360097323608	-0.00729927007299276	0.0	89158319
2024-02-23	0.0048661800486616965	0.0024330900243308483	0.017031630170316153	0.0	0.0048661800486616965	91285280
2024-02-26	-0.026634382566586033	-0.0024213075060532173	0.0024213075060532173	-0.02905569007263925	-0.026634382566586033	105913849
2024-02-27	0.004975124378109568	0.0	0.009950248756218916	-0.0024875621890546734	0.004975124378109568	61278900
2024-02-28	0.0024752475247524224	0.0	0.00990099009900991	-0.007425742574257487	0.0024752475247524224	96868917
2024-02-29	-0.0024691358024690833	-0.0024691358024690833	0.0024691358024690833	-0.007407407407407469	-0.0024691358024690833	103266960
2024-03-01	0.004950495049504845	0.0	0.007425742574257487	-0.0024752475247524224	0.004950495049504845	95758875
2024-03-04	-0.009852216748768483	-0.0024630541871920658	0.0	-0.012315270935960548	-0.009852216748768483	82979834
2024-03-05	0.01243781094527381	0.0	0.017412935323383158	-0.0024875621890546734	0.01243781094527381	123795377
2024-03-06	0.0	0.0024570024570024045	0.007371007371007213	-0.0024570024570026226	0.0	68752032
2024-03-07	0.0024570024570024045	-0.0024570024570026226	0.007371007371007213	-0.0049140049140050275	0.0024570024570024045	73468825
2024-03-08	-0.0024509803921568107	0.0	0.004901960784313621	-0.004901960784313838	-0.0024509803921568107	58081470
2024-03-11	-0.0049140049140050275	0.0	0.004914004914004809	-0.009828009828009836	-0.0049140049140050275	77653760
2024-03-12	-0.007407407407407469	-0.0024691358024690833	0.0	-0.009876543209876552	-0.007407407407407469	84311537
2024-03-13	-0.012437810945273478	-0.0024875621890546734	0.0	-0.012437810945273478	-0.012437810945273478	66093941
2024-03-14	-0.005037783375314866	0.0	0.005037783375314866	-0.005037783375314866	-0.005037783375314866	66142787
2024-03-15	0.010126582278481022	0.002531645569620199	0.010126582278481022	0.0	0.010126582278481022	76198265
2024-03-18	-0.0025062656641604585	-0.0025062656641604585	0.005012531328320695	-0.005012531328320806	-0.0025062656641604585	64196571
2024-03-19	-0.007537688442211006	0.0	0.00251256281407041	-0.007537688442211006	-0.007537688442211006	55090793
2024-03-20	0.002531645569620199	0.0	0.005063291139240511	-0.0075949367088608225	0.002531645569620199	62559299
2024-03-21	0.0	0.0	0.01010101010101011	-0.0025252525252524713	0.0	63432121
2024-03-22	0.0	0.0025252525252525836	0.0025252525252525836	-0.01010101010101011	0.0	79484704
2024-03-25	0.0025252525252525836	0.0	0.007575757575757638	-0.0075757575757575265	0.0025252525252525836	74668752
2024-03-26	0.01007556675062962	0.0	0.01007556675062962	-0.0025188916876574888	0.01007556675062962	92081098
2024-03-27	0.0149625935162096	0.0	0.02244389027431418	-0.0024937655860348597	0.0149625935162096	156157244
2024-03-28	-0.0024570024570026226	0.0	0.004914004914004809	-0.01228501228501246	-0.0024570024570026226	130247342
2024-03-29	-0.0024630541871920658	-0.0049261083743841316	0.014778325123152834	-0.007389162561576198	-0.0024630541871920658	114528761
2024-04-01	-0.007407407407407469	0.0	0.004938271604938386	-0.009876543209876552	-0.007407407407407469	99963729
2024-04-02	0.009950248756218916	0.0	0.014925373134328483	0.0	0.009950248756218916	109915841
2024-04-03	-0.007389162561576198	0.0	0.002463054187192285	-0.012315270935960548	-0.007389162561576198	69996239
2024-04-08	-0.004962779156327658	0.0	0.004962779156327438	-0.004962779156327658	-0.004962779156327658	93846171
2024-04-09	-0.007481296758104689	0.0024937655860348597	0.004987531172069941	-0.01246882793017452	-0.007481296758104689	107154348
2024-04-10	-0.002512562814070298	-0.002512562814070298	0.007537688442211006	-0.005025125628140708	-0.002512562814070298	75582172
2024-04-11	-0.0075566750629723544	-0.0025188916876574888	0.0	-0.01259445843828722	-0.0075566750629723544	81996128
2024-04-12	-0.007614213197969494	0.0025380710659899065	0.0101522842639594	-0.0101522842639594	-0.007614213197969494	85141728
2024-04-15	0.017902813299232694	0.0025575447570331936	0.017902813299232694	-0.007672634271099808	0.017902813299232694	116688872
2024-04-16	-0.007537688442211006	0.0	0.00251256281407041	-0.012562814070351714	-0.007537688442211006	132373163
2024-04-17	0.020253164556962043	0.0	0.020253164556962043	-0.0075949367088608225	0.020253164556962043	151588447
2024-04-18	0.007444168734491156	-0.002481389578163939	0.01736972704714625	-0.004962779156327658	0.007444168734491156	166480133
2024-04-19	-0.007389162561576198	-0.0024630541871920658	0.004926108374384351	-0.009852216748768483	-0.007389162561576198	92968539
2024-04-22	-0.009925558312655096	0.002481389578163719	0.009925558312655096	-0.014888337468982642	-0.009925558312655096	120620770
2024-04-23	-0.007518796992481265	0.0	0.007518796992481042	-0.007518796992481265	-0.007518796992481265	94136808
2024-04-24	0.0025252525252525836	0.0025252525252525836	0.005050505050505055	-0.005050505050505055	0.0025252525252525836	76797680
2024-04-25	0.002518891687657377	-0.0025188916876574888	0.005037783375314866	-0.0075566750629723544	0.002518891687657377	76603858
2024-04-26	-0.007537688442211006	0.0	0.005025125628140708	-0.015075376884422124	-0.007537688442211006	136293318
2024-04-29	0.00759493670886071	0.0	0.01265822784810122	-0.0075949367088608225	0.00759493670886071	141344966
2024-04-30	-0.007537688442211006	-0.005025125628140708	0.005025125628140708	-0.007537688442211006	-0.007537688442211006	125263938
2024-05-06	-0.0075949367088608225	0.005063291139240511	0.010126582278481022	-0.010126582278481022	-0.0075949367088608225	222835694
2024-05-07	-0.005102040816326535	0.0	0.002551020408163324	-0.01020408163265307	-0.005102040816326535	162746240
2024-05-08	-0.0051282051282051325	0.0	0.0051282051282051325	-0.0051282051282051325	-0.0051282051282051325	86251628
2024-05-09	0.0025773195876289258	0.0	0.005154639175257737	0.0	0.0025773195876289258	116815860
2024-05-10	0.005141388174807203	0.002570694087403544	0.0077120822622107465	0.0	0.005141388174807203	128736311
2024-05-13	-0.002557544757033307	-0.002557544757033307	0.0025575447570331936	-0.007672634271099808	-0.002557544757033307	115742389
2024-05-14	-0.0025641025641025095	0.0	0.0051282051282051325	-0.0051282051282051325	-0.0025641025641025095	109749904
2024-05-15	-0.002570694087403658	0.0	0.002570694087403544	-0.005141388174807203	-0.002570694087403658	88860263
2024-05-16	0.005154639175257737	0.0	0.010309278350515474	-0.0025773195876288113	0.005154639175257737	174788119
2024-05-17	0.0153846153846154	0.0025641025641026235	0.0153846153846154	0.0	0.0153846153846154	195119512
2024-05-20	0.0025252525252525836	0.0025252525252525836	0.012626262626262581	0.0	0.0025252525252525836	195906361
2024-05-21	0.005037783375314866	0.002518891687657377	0.0075566750629722425	-0.0025188916876574888	0.005037783375314866	148516035
2024-05-22	0.010025062656641612	0.0	0.01253132832080196	0.0	0.010025062656641612	202486212
2024-05-23	-0.009925558312655096	0.0	0.002481389578163719	-0.012406947890818924	-0.009925558312655096	145733346
2024-05-24	-0.0025062656641604585	0.0	0.007518796992481042	-0.005012531328320806	-0.0025062656641604585	110371154
2024-05-27	0.0	0.0	0.005025125628140708	-0.005025125628140708	0.0	133578410
2024-05-28	-0.010050251256281416	0.0	0.00251256281407041	-0.012562814070351714	-0.010050251256281416	129876621
2024-05-29	-0.007614213197969494	0.0	0.007614213197969607	-0.007614213197969494	-0.007614213197969494	128832519
2024-05-30	-0.005115089514066501	0.0	0.005115089514066501	-0.007672634271099808	-0.005115089514066501	128164791
2024-05-31	0.005141388174807203	0.002570694087403544	0.0077120822622107465	0.0	0.005141388174807203	128769924
2024-06-03	-0.012787723785166308	-0.002557544757033307	0.0025575447570331936	-0.01790281329923281	-0.012787723785166308	192802444
2024-06-04	0.0	-0.0025906735751294787	0.0025906735751295936	-0.005181347150259072	0.0	94813722
2024-06-05	-0.005181347150259072	0.0025906735751295936	0.0025906735751295936	-0.007772020725388551	-0.005181347150259072	86364015
2024-06-06	-0.00781249999999995	0.0	0.002604166666666727	-0.010416666666666676	-0.00781249999999995	110910390
2024-06-07	0.010498687664042003	0.0	0.010498687664042003	0.0	0.010498687664042003	100119184
2024-06-11	-0.015584415584415598	-0.0025974025974026572	0.002597402597402542	-0.018181818181818254	-0.015584415584415598	145614895
2024-06-12	0.0026385224274405768	0.0026385224274405768	0.0052770448548812715	-0.010554089709762543	0.0026385224274405768	124161685
2024-06-13	-0.007894736842105211	0.0	0.002631578947368482	-0.010526315789473694	-0.007894736842105211	140873460
2024-06-14	0.0	0.0	0.005305039787798413	-0.00795755968169756	0.0	218629840
2024-06-17	-0.010610079575596827	0.0	0.0	-0.01591511936339524	-0.010610079575596827	152956614
2024-06-18	0.005361930294906171	0.0	0.005361930294906171	-0.005361930294906171	0.005361930294906171	94219528
2024-06-19	0.005333333333333338	0.0	0.010666666666666677	-0.0026666666666666098	0.005333333333333338	110636470
2024-06-20	-0.010610079575596827	0.0	0.0026525198938991477	-0.013262599469495973	-0.010610079575596827	77538360
2024-06-21	0.0	0.0	0.002680965147453145	-0.005361930294906171	0.0	111063272
2024-06-24	-0.013404825737265367	-0.005361930294906171	-0.002680965147453026	-0.021447721179624683	-0.013404825737265367	133796622
2024-06-25	0.005434782608695656	0.002717391304347768	0.013586956521739081	0.0	0.005434782608695656	141296390
2024-06-26	0.01081081081081082	0.0	0.013513513513513466	0.0	0.01081081081081082	101012064
2024-06-27	0.005347593582887587	0.0026737967914437933	0.013368983957219202	-0.0026737967914439117	0.005347593582887587	148208273
2024-06-28	0.007978723404255386	0.002659574468085168	0.013297872340425603	-0.00265957446808505	0.007978723404255386	117625478
2024-07-01	0.0052770448548812715	-0.0026385224274406943	0.007915567282321848	-0.0052770448548812715	0.0052770448548812715	93502797
2024-07-02	0.015748031496063006	0.0	0.01837270341207345	-0.0026246719160105594	0.015748031496063006	152814097
2024-07-03	-0.002583979328165434	0.0	0.0025839793281653197	-0.007751937984496188	-0.002583979328165434	135478305
2024-07-04	-0.0025906735751294787	0.0	0.005181347150259072	-0.005181347150259072	-0.0025906735751294787	116748468
2024-07-05	-0.005194805194805199	0.002597402597402542	0.005194805194805199	-0.010389610389610398	-0.005194805194805199	133423181
2024-07-08	0.005221932114882511	0.0026109660574411974	0.01305483028720622	0.0	0.005221932114882511	115001042
2024-07-09	0.005194805194805199	0.002597402597402542	0.007792207792207741	-0.010389610389610398	0.005194805194805199	123926969
2024-07-10	0.005167958656330754	0.0	0.015503875968992262	0.0	0.005167958656330754	137709665
2024-07-11	0.0	0.005141388174807203	0.010282776349614406	-0.007712082262210861	0.0	135562350
2024-07-12	-0.04113110539845762	-0.05398457583547557	-0.03856041131105396	-0.05655526992287922	-0.04113110539845762	158753988
2024-07-15	0.008042895442359197	0.0	0.010723860589812341	-0.005361930294906171	0.008042895442359197	110540103
2024-07-16	0.002659574468085168	0.0	0.005319148936170218	-0.0053191489361701	0.002659574468085168	111693347
2024-07-17	0.00795755968169756	0.0	0.010610079575596827	-0.0026525198938992657	0.00795755968169756	130035456
2024-07-18	0.0	0.0	0.002631578947368482	-0.01315789473684206	0.0	104507467
2024-07-19	-0.002631578947368365	-0.002631578947368365	0.0	-0.015789473684210423	-0.002631578947368365	144911161
2024-07-22	-0.007915567282321965	0.0	0.0	-0.015831134564643815	-0.007915567282321965	124512921
2024-07-23	-0.0053191489361701	-0.00265957446808505	0.007978723404255386	-0.007978723404255268	-0.0053191489361701	120708113
2024-07-24	-0.021390374331550818	-0.0026737967914439117	0.0	-0.02406417112299473	-0.021390374331550818	238482294
2024-07-25	-0.027322404371584723	-0.002732240437158533	-0.002732240437158533	-0.05191256830601091	-0.027322404371584723	436394571
2024-07-26	-0.0084269662921349	-0.016853932584269676	0.0	-0.016853932584269676	-0.0084269662921349	238345891
2024-07-29	0.02266288951841362	0.0	0.02266288951841362	-0.005665722379603405	0.02266288951841362	197428722
2024-07-30	-0.01939058171745148	-0.002770083102493016	0.0	-0.02216066481994462	-0.01939058171745148	176628057
2024-07-31	0.0028248587570620866	0.0028248587570620866	0.011299435028248598	0.0	0.0028248587570620866	185778108
2024-08-01	-0.0028169014084506445	0.0	0.008450704225352183	-0.008450704225352058	-0.0028169014084506445	181242368
2024-08-02	-0.002824858757062212	-0.002824858757062212	0.0028248587570620866	-0.005649717514124299	-0.002824858757062212	140089868
2024-08-05	-0.011331444759206683	-0.0028328611898016396	0.0	-0.014164305949008449	-0.011331444759206683	174527861
2024-08-06	-0.0028653295128940486	0.0028653295128939216	0.008595988538681891	-0.011461318051575941	-0.0028653295128940486	148880660
2024-08-07	-0.005747126436781614	-0.0028735632183907434	0.002873563218390871	-0.008620689655172358	-0.005747126436781614	111039726
2024-08-08	-0.0057803468208092535	0.0	0.0	-0.008670520231213816	-0.0057803468208092535	132347104
2024-08-09	0.0	0.0	0.008720930232558212	0.0	0.0	107261032
2024-08-12	-0.011627906976744196	0.0	0.0029069767441861137	-0.01453488372093018	-0.011627906976744196	153922857
2024-08-13	0.008823529411764779	0.0	0.008823529411764779	0.0	0.008823529411764779	116907964
2024-08-14	-0.008746355685131267	-0.002915451895043799	0.0029154518950436693	-0.008746355685131267	-0.008746355685131267	120151462
2024-08-15	0.014705882352941256	0.0029411764705883033	0.01764705882352943	0.0	0.014705882352941256	146507182
2024-08-16	0.005797101449275368	0.0	0.011594202898550735	-0.002898550724637748	0.005797101449275368	156576129
2024-08-19	0.011527377521613714	0.0	0.014409221902017239	-0.002881844380403525	0.011527377521613714	168935642
2024-08-20	-0.008547008547008492	0.0	0.002849002849002915	-0.01139601139601128	-0.008547008547008492	174690316
2024-08-21	-0.0028735632183907434	-0.0028735632183907434	0.002873563218390871	-0.014367816091953972	-0.0028735632183907434	127522877
2024-08-22	0.005763688760806921	0.0	0.011527377521613714	-0.002881844380403525	0.005763688760806921	150333320
2024-08-23	-0.0028653295128940486	-0.0028653295128940486	0.0	-0.011461318051575941	-0.0028653295128940486	154878181
2024-08-26	0.005747126436781614	0.0	0.008620689655172358	-0.005747126436781614	0.005747126436781614	132439549
2024-08-27	-0.0028571428571427964	0.0	0.0057142857142857195	-0.008571428571428516	-0.0028571428571427964	130412230
2024-08-28	-0.0028653295128940486	0.0	0.0028653295128939216	-0.00859598853868202	-0.0028653295128940486	106096501
2024-08-29	-0.020114942528735587	0.0	0.0	-0.020114942528735587	-0.020114942528735587	172697649
2024-08-30	0.005865102639296193	0.0029325513196480314	0.01759530791788858	0.0	0.005865102639296193	199578777
2024-09-02	0.014577259475218606	0.0	0.023323615160349743	0.0	0.014577259475218606	219334428
2024-09-03	-0.014367816091953972	0.0	0.002873563218390871	-0.020114942528735587	-0.014367816091953972	154541434
2024-09-04	-0.005830903790087469	-0.002915451895043799	0.005830903790087469	-0.005830903790087469	-0.005830903790087469	109710395
2024-09-05	0.0	0.0	0.0029325513196480314	-0.0029325513196481615	0.0	83609642
2024-09-06	0.0	0.0029325513196480314	0.008797653958944223	-0.0029325513196481615	0.0	93824495
2024-09-09	-0.029325513196480964	0.0	0.0	-0.029325513196480964	-0.029325513196480964	225568821
2024-09-10	0.003021148036253712	0.003021148036253712	0.00906344410876127	-0.006042296072507558	0.003021148036253712	140498283
2024-09-11	-0.01506024096385537	-0.0030120481927710203	0.0	-0.021084337349397544	-0.01506024096385537	131131700
2024-09-12	0.021406727828746128	0.0	0.024464831804281367	-0.003058103975535239	0.021406727828746128	147253018
2024-09-13	-0.005988023952095814	0.0	0.011976047904191628	-0.005988023952095814	-0.005988023952095814	114085801
2024-09-18	0.018072289156626523	0.009036144578313329	0.018072289156626523	0.003012048192771154	0.018072289156626523	106372301
2024-09-19	0.008875739644970487	0.0	0.011834319526627229	-0.0029585798816567418	0.008875739644970487	115439316
2024-09-20	0.005865102639296193	0.0029325513196480314	0.011730205278592386	-0.0029325513196481615	0.005865102639296193	138474746
2024-09-23	0.020408163265306076	0.0029154518950436693	0.026239067055393542	0.0	0.020408163265306076	171931407
2024-09-24	0.019999999999999955	0.0028571428571427964	0.022857142857142878	0.0	0.019999999999999955	215278710
2024-09-25	0.022408963585434195	0.011204481792717097	0.03081232492997208	0.005602240896358549	0.022408963585434195	303427392
2024-09-26	0.03835616438356168	-0.0027397260273972017	0.03835616438356168	-0.005479452054794526	0.03835616438356168	318864495
2024-09-27	0.0026385224274405768	0.01319261213720312	0.03166226912928763	-0.015831134564643815	0.0026385224274405768	280585110
2024-09-30	0.0578947368421052	0.01578947368421054	0.06315789473684216	0.013157894736842176	0.0578947368421052	627788858
2024-10-08	0.027363184079602074	0.09701492537313448	0.09701492537313448	0.0	0.027363184079602074	716822589
2024-10-09	-0.0702179176755448	-0.012106537530266302	-0.012106537530266302	-0.07263922518159802	-0.0702179176755448	531911158
2024-10-10	0.033854166666666755	0.007812500000000066	0.05468749999999999	0.002604166666666727	0.033854166666666755	414293947
2024-10-11	-0.020151133501259463	0.005037783375314866	0.012594458438286996	-0.02518891687657433	-0.020151133501259463	257395265
2024-10-14	0.02056555269922881	0.015424164524421607	0.0308483290488431	0.010282776349614406	0.02056555269922881	334361437
2024-10-15	-0.017632241813602085	-0.0025188916876574888	0.0075566750629722425	-0.017632241813602085	-0.017632241813602085	263683139
2024-10-16	0.01282051282051289	-0.007692307692307642	0.02051282051282053	-0.010256410256410265	0.01282051282051289	279599750
2024-10-17	-0.015189873417721532	0.0	0.00759493670886071	-0.015189873417721532	-0.015189873417721532	232950783
2024-10-18	0.005141388174807203	0.0	0.015424164524421607	-0.017994858611825267	0.005141388174807203	314624429
2024-10-21	0.0	0.0	0.0025575447570331936	-0.010230179028133002	0.0	221077341
2024-10-22	-0.002557544757033307	-0.002557544757033307	0.007672634271099694	-0.007672634271099808	-0.002557544757033307	148078841
2024-10-23	0.0	0.0025641025641026235	0.0051282051282051325	-0.0025641025641025095	0.0	144308108
2024-10-24	0.0025641025641026235	0.0	0.010256410256410265	-0.0025641025641025095	0.0025641025641026235	141341873
2024-10-25	-0.005115089514066501	-0.002557544757033307	0.0	-0.007672634271099808	-0.005115089514066501	162216572
2024-10-28	-0.002570694087403658	0.0	0.0	-0.015424164524421607	-0.002570694087403658	161958837
2024-10-29	-0.007731958762886548	0.0025773195876289258	0.012886597938144399	-0.010309278350515474	-0.007731958762886548	220271392
2024-10-30	-0.007792207792207856	-0.0025974025974026572	0.005194805194805199	-0.015584415584415598	-0.007792207792207856	184528516
2024-10-31	-0.010471204188481685	-0.010471204188481685	-0.005235602094240842	-0.020942408376963255	-0.010471204188481685	250261795
2024-11-01	0.002645502645502707	0.0	0.007936507936508002	-0.0026455026455025894	0.002645502645502707	197954353
2024-11-04	0.007915567282321848	0.0	0.007915567282321848	-0.010554089709762543	0.007915567282321848	166376636
2024-11-05	0.013089005235602165	-0.002617801047120363	0.013089005235602165	-0.002617801047120363	0.013089005235602165	209439855
2024-11-06	0.0	0.0025839793281653197	0.005167958656330754	-0.005167958656330754	0.0	151924333
2024-11-07	0.023255813953488334	-0.002583979328165434	0.023255813953488334	-0.005167958656330754	0.023255813953488334	250055804
2024-11-08	-0.0075757575757575265	0.005050505050505055	0.01010101010101011	-0.012626262626262581	-0.0075757575757575265	208775252
2024-11-11	0.0	0.0	0.0025445292620864595	-0.010178117048346065	0.0	180437687
2024-11-12	-0.010178117048346065	-0.0025445292620865727	0.007633587786259492	-0.010178117048346065	-0.010178117048346065	199191345
2024-11-13	-0.023136246786632467	-0.02827763496143967	-0.017994858611825267	-0.030848329048843215	-0.023136246786632467	183564334
2024-11-14	-0.007894736842105211	0.0	0.005263157894736847	-0.007894736842105211	-0.007894736842105211	196945353
2024-11-15	0.0	0.0	0.013262599469495973	-0.005305039787798413	0.0	184890670
2024-11-18	0.07427055702917766	0.01591511936339524	0.10079575596816985	0.013262599469495973	0.07427055702917766	886912848
2024-11-19	0.027160493827160574	0.012345679012345635	0.07407407407407403	-0.0049382716049381666	0.027160493827160574	1018050886
2024-11-20	-0.024038461538461665	-0.014423076923077042	0.0024038461538461024	-0.03365384615384629	-0.024038461538461665	604723083
2024-11-21	-0.01724137931034468	-0.0049261083743841316	0.002463054187192285	-0.024630541871921097	-0.01724137931034468	379906738
2024-11-22	-0.030075187969924838	-0.0025062656641604585	0.0025062656641603475	-0.030075187969924838	-0.030075187969924838	327286376
2024-11-25	0.005167958656330754	0.0025839793281653197	0.012919896640826828	0.0	0.005167958656330754	280166620
2024-11-26	0.010282776349614406	0.0	0.015424164524421607	-0.007712082262210861	0.010282776349614406	237841704
2024-11-27	0.005089058524173033	-0.005089058524173033	0.005089058524173033	-0.015267175572519097	0.005089058524173033	203543563
2024-11-28	-0.0025316455696203113	-0.005063291139240511	0.005063291139240511	-0.0075949367088608225	-0.0025316455696203113	174508195
2024-11-29	0.0050761421319797	0.0	0.0253807106598985	0.0	0.0050761421319797	306264682
2024-12-02	0.005050505050505055	0.0	0.007575757575757638	-0.0075757575757575265	0.005050505050505055	219757722
2024-12-03	0.015075376884422124	-0.002512562814070298	0.015075376884422124	-0.002512562814070298	0.015075376884422124	254235731
2024-12-04	0.0024752475247524224	0.0	0.007425742574257487	-0.007425742574257487	0.0024752475247524224	246474075
2024-12-05	-0.007407407407407469	-0.0049382716049381666	0.0024691358024690833	-0.009876543209876552	-0.007407407407407469	181065475
2024-12-06	0.009950248756218916	0.0024875621890548946	0.017412935323383158	0.0	0.009950248756218916	224857520
2024-12-09	0.002463054187192285	0.002463054187192285	0.009852216748768483	-0.0049261083743841316	0.002463054187192285	200960112
2024-12-10	0.004914004914004809	0.014742014742014645	0.022113022113022077	0.0	0.004914004914004809	249657934
2024-12-11	-0.007334963325183435	-0.0024449877750610726	0.004889975550122362	-0.012224938875305581	-0.007334963325183435	209297075
2024-12-12	0.019704433497536967	0.002463054187192285	0.019704433497536967	-0.0024630541871920658	0.019704433497536967	317784607
2024-12-13	-0.01932367149758456	-0.0024154589371980163	0.002415458937198231	-0.021739130434782577	-0.01932367149758456	393691598
2024-12-16	0.002463054187192285	-0.0024630541871920658	0.012315270935960767	-0.0049261083743841316	0.002463054187192285	250093922
2024-12-17	-0.01228501228501246	0.0024570024570024045	0.007371007371007213	-0.014742014742014864	-0.01228501228501246	239869747
2024-12-18	0.01243781094527381	0.004975124378109568	0.022388059701492727	0.0024875621890548946	0.01243781094527381	220240854
2024-12-19	-0.009828009828009836	-0.0049140049140050275	0.0	-0.01719901719901727	-0.009828009828009836	206620442
2024-12-20	0.0	0.0	0.004962779156327438	-0.004962779156327658	0.0	158920003
2024-12-23	0.009925558312655096	0.002481389578163719	0.01736972704714625	0.0	0.009925558312655096	239065728
2024-12-24	0.007371007371007213	0.0	0.009828009828009836	-0.0024570024570026226	0.007371007371007213	188889621
2024-12-25	0.004878048780487918	0.0024390243902440672	0.014634146341463537	0.0	0.004878048780487918	216507595
2024-12-26	-0.009708737864077678	-0.0024271844660193657	0.0024271844660193657	-0.012135922330097044	-0.009708737864077678	146169631
2024-12-27	0.004901960784313621	0.0	0.007352941176470649	-0.007352941176470649	0.004901960784313621	183650174
2024-12-30	0.021951219512195305	0.0	0.024390243902439157	0.0	0.021951219512195305	309432518
2024-12-31	-0.014319809069212527	0.0	0.02147971360381858	-0.01670644391408121	-0.014319809069212527	308461404
