2021-01-06	0.0018484288354897942	-0.0018484288354897942	0.0036968576709795883	-0.0073937153419593405	0.0018484288354897942	55882476
2021-01-07	-0.005535055350553551	0.0	0.003690036900369089	-0.012915129151291565	-0.005535055350553551	58133194
2021-01-08	0.0	0.0018552875695734092	0.005565862708719898	-0.003710575139146489	0.0	51617607
2021-01-11	-0.0018552875695732444	0.0	0.01298701298701304	-0.0018552875695732444	-0.0018552875695732444	63561683
2021-01-12	-0.0018587360594795144	0.0	0.0018587360594795144	-0.014869888475836444	-0.0018587360594795144	64782442
2021-01-13	0.0018621973929236102	-0.0018621973929236102	0.0074487895716946065	-0.011173184357541992	0.0018621973929236102	51670889
2021-01-14	0.005576208178438708	-0.0037174721189590287	0.022304832713754667	-0.009293680297397737	0.005576208178438708	106080408
2021-01-15	0.018484288354898272	0.012939001848428888	0.0388170055452865	0.011090573012938929	0.018484288354898272	181594962
2021-01-18	0.001814882032667838	-0.001814882032667838	0.010889292196007351	-0.00907441016333935	0.001814882032667838	101144203
2021-01-19	0.012681159420289908	0.018115942028985605	0.027173913043478326	0.005434782608695698	0.012681159420289908	156372904
2021-01-20	-0.01073345259391764	-0.0017889087656529135	0.008944543828264727	-0.012522361359570713	-0.01073345259391764	82097286
2021-01-21	0.0	0.0036166365280288558	0.0090415913200723	-0.0036166365280290162	0.0	81787418
2021-01-22	-0.016274864376130172	-0.0018083182640145886	0.0	-0.021699819168173616	-0.016274864376130172	86798181
2021-01-25	0.0018382352941176078	-0.001838235294117771	0.0036764705882352156	-0.009191176470588366	0.0018382352941176078	73030996
2021-01-26	0.00733944954128441	-0.005504587155963348	0.018348623853210944	-0.005504587155963348	0.00733944954128441	89938763
2021-01-27	0.009107468123861534	-0.0036429872495447107	0.023679417122040053	-0.0036429872495447107	0.009107468123861534	92210352
2021-01-28	-0.016245487364620913	-0.007220216606498201	-0.003610108303249181	-0.021660649819494605	-0.016245487364620913	68539773
2021-01-29	0.012844036697247594	0.0018348623853210618	0.02201834862385323	-0.0036697247706422866	0.012844036697247594	103950896
2021-02-01	0.009057971014492882	-0.0036231884057970243	0.01449275362318842	-0.009057971014492723	0.009057971014492882	90662117
2021-02-02	-0.007181328545780976	0.0	0.007181328545780976	-0.016157989228007156	-0.007181328545780976	104966048
2021-02-03	0.0054249547920432835	-0.0036166365280290162	0.014466546112115744	-0.01084990958408689	0.0054249547920432835	101582996
2021-02-04	0.012589928057554009	-0.003597122302158197	0.017985611510791463	-0.005395683453237296	0.012589928057554009	140228802
2021-02-05	0.026642984014209656	-0.003552397868561203	0.03552397868561282	-0.003552397868561203	0.026642984014209656	200262532
2021-02-08	-0.006920415224913501	0.0017301038062283367	0.0017301038062283367	-0.019031141868512166	-0.006920415224913501	125566396
2021-02-09	-0.0017421602787456073	0.0	0.0034843205574912146	-0.013937282229965169	-0.0017421602787456073	98955656
2021-02-10	-0.00872600349040152	0.001745200698080242	0.015706806282722488	-0.010471204188481761	-0.00872600349040152	110476533
2021-02-18	0.014084507042253534	0.0052816901408451146	0.021126760563380302	-0.0017605633802816527	0.014084507042253534	144078958
2021-02-19	0.015624999999999976	-0.0017361111111110742	0.022569444444444427	-0.005208333333333223	0.015624999999999976	136707268
2021-02-22	-0.005128205128205019	-0.003418803418803346	0.00854700854700867	-0.01025641025641019	-0.005128205128205019	104270481
2021-02-23	0.012027491408934603	-0.0034364261168385673	0.024054982817869358	-0.005154639175257774	0.012027491408934603	131780929
2021-02-24	-0.003395585738539826	0.0	0.01018675721561978	-0.011884550084889542	-0.003395585738539826	96477444
2021-02-25	0.011925042589437867	0.005110732538330536	0.017035775127768254	-0.0034071550255537412	0.011925042589437867	120016228
2021-02-26	-0.03198653198653205	-0.010101010101010183	0.0	-0.0336700336700337	-0.03198653198653205	133666281
2021-03-01	0.0034782608695651434	0.0034782608695651434	0.012173913043478311	-0.0017391304347825717	0.0034782608695651434	70514667
2021-03-02	-0.012131715771230399	0.0017331022530330462	0.010398613518197661	-0.015597920277296336	-0.012131715771230399	82372752
2021-03-03	0.03508771929824565	0.0	0.03859649122807013	-0.003508771929824642	0.03508771929824565	153609212
2021-03-04	0.01694915254237282	-0.0033898305084746542	0.03728813559322029	-0.0050847457627119065	0.01694915254237282	229887092
2021-03-05	0.0016666666666666312	-0.005000000000000042	0.006666666666666672	-0.014999999999999977	0.0016666666666666312	114410093
2021-03-08	0.013311148086522475	0.00998336106489193	0.03993344425956742	0.0033277870216306925	0.013311148086522475	170447173
2021-03-09	-0.01806239737274211	0.0016420361247947105	0.013136288998357976	-0.021346469622331676	-0.01806239737274211	150303527
2021-03-10	-0.0033444816053512477	-0.001672240802675698	0.015050167224080242	-0.010033444816053593	-0.0033444816053512477	102897028
2021-03-11	0.057046979865771785	0.015100671140939574	0.09060402684563759	0.015100671140939574	0.057046979865771785	245787943
2021-03-12	0.01587301587301596	0.0015873015873015535	0.023809523809523867	-0.004761904761904801	0.01587301587301596	177188749
2021-03-15	0.03124999999999989	-0.0015625000000001055	0.04062499999999997	-0.004687500000000039	0.03124999999999989	232382868
2021-03-16	0.009090909090909167	-0.0015151515151514828	0.009090909090909167	-0.013636363636363615	0.009090909090909167	161955559
2021-03-17	-0.016516516516516564	-0.0030030030030030724	-0.0030030030030030724	-0.025525525525525516	-0.016516516516516564	153526492
2021-03-18	-0.0015267175572518759	0.0	0.007633587786259515	-0.01221374045801528	-0.0015267175572518759	93312361
2021-03-19	-0.02599388379204892	-0.0015290519877675516	0.004587155963302791	-0.044342507645259946	-0.02599388379204892	168504368
2021-03-22	0.009419152276295072	-0.004709576138147605	0.018838304552590283	-0.004709576138147605	0.009419152276295072	90142833
2021-03-23	-0.0031104199066873364	-0.004665629860031005	0.006220839813374812	-0.013996889580093291	-0.0031104199066873364	73899391
2021-03-24	-0.017160686427457147	-0.007800312012480472	-0.0015600624024960665	-0.021840873634945485	-0.017160686427457147	81474631
2021-03-25	-0.007936507936507908	0.003174603174603248	0.02539682539682542	-0.01269841269841271	-0.007936507936507908	78869579
2021-03-26	0.01760000000000005	0.0048000000000000395	0.04	0.0	0.01760000000000005	118634586
2021-03-29	0.011006289308176005	0.0015723270440251237	0.015723270440251517	-0.007861635220125897	0.011006289308176005	106762051
2021-03-30	-0.0031104199066873364	-0.0015552099533436682	0.0	-0.020217729393468102	-0.0031104199066873364	94719446
2021-03-31	0.009360374414976539	0.003120124804992133	0.034321372854914156	-0.0015600624024960665	0.009360374414976539	161986730
2021-04-01	-0.004636785162287382	0.0	0.010819165378670833	-0.01700154559505401	-0.004636785162287382	106727822
2021-04-02	0.0	-0.00465838509316774	0.004658385093167602	-0.010869565217391347	0.0	73825048
2021-04-06	-0.0031055900621118726	0.0015527950310558673	0.0031055900621117347	-0.006211180124223607	-0.0031055900621118726	58602290
2021-04-07	-0.007788161993769443	-0.0031152647975077217	0.0	-0.014018691588785024	-0.007788161993769443	55748622
2021-04-08	-0.006279434850863428	0.0	0.001569858712715822	-0.00941915227629521	-0.006279434850863428	76827105
2021-04-09	-0.017377567140600365	-0.0015797788309636315	0.003159557661927263	-0.018957345971563996	-0.017377567140600365	75299360
2021-04-12	-0.0016077170418006088	-0.0016077170418006088	0.006430868167202578	-0.009646302250803797	-0.0016077170418006088	51234238
2021-04-13	-0.016103059581320394	0.0032206119162641648	0.008051529790660197	-0.025764895330112746	-0.016103059581320394	72427824
2021-04-14	-0.003273322422258668	0.004909983633387784	0.013093289689034381	-0.0065466448445171905	-0.003273322422258668	53746323
2021-04-15	0.009852216748768555	0.0032840722495895668	0.014778325123152686	-0.004926108374384277	0.009852216748768555	64392703
2021-04-16	0.006504065040650412	0.001626016260162567	0.009756097560975546	-0.0032520325203252783	0.006504065040650412	44661107
2021-04-19	0.025848142164781783	0.0	0.029079159935379597	-0.0032310177705978126	0.025848142164781783	94691908
2021-04-20	-0.007874015748031468	-0.0015748031496062658	0.0015748031496064057	-0.011023622047244	-0.007874015748031468	52781790
2021-04-21	0.03174603174603177	0.007936507936507908	0.03650793650793658	0.0015873015873015535	0.03174603174603177	152985311
2021-04-22	-0.012307692307692318	0.007692307692307665	0.009230769230769171	-0.01538461538461533	-0.012307692307692318	60525279
2021-04-23	-0.004672897196261721	-0.004672897196261721	0.012461059190031164	-0.009345794392523303	-0.004672897196261721	53427163
2021-04-26	0.0015649452269171635	0.006259780907668238	0.015649452269170663	0.0	0.0015649452269171635	86752762
2021-04-27	0.009374999999999939	0.0	0.010937499999999906	-0.004687500000000039	0.009374999999999939	43007953
2021-04-28	-0.0046439628482972525	0.0	0.0030959752321982137	-0.015479876160990657	-0.0046439628482972525	46060228
2021-04-29	0.06842923794712293	0.026438569206842913	0.09953343701399699	0.026438569206842913	0.06842923794712293	377707248
2021-04-30	0.029112081513828263	0.0014556040756913808	0.04075691411935957	-0.0029112081513828912	0.029112081513828263	310951008
2021-05-06	0.0	0.011315417256011324	0.011315417256011324	-0.008486562942008556	0.0	154026667
2021-05-07	0.0014144271570013841	0.0028288543140027682	0.011315417256011324	-0.01272984441301271	0.0014144271570013841	128458767
2021-05-10	0.011299435028248598	-0.0014124293785310433	0.012711864406779641	-0.025423728813559282	0.011299435028248598	114054078
2021-05-11	0.01955307262569828	-0.004189944134078247	0.022346368715083817	-0.005586592178770954	0.01955307262569828	142198450
2021-05-12	0.006849315068493127	0.0	0.013698630136986375	-0.005479452054794526	0.006849315068493127	135195364
2021-05-13	-0.010884353741496608	-0.0068027210884353505	0.010884353741496608	-0.019047619047619004	-0.010884353741496608	88915194
2021-05-14	-0.0013755158184318827	0.0027510316368638877	0.011004126547455306	-0.006877579092159536	-0.0013755158184318827	74390785
2021-05-17	-0.00137741046831953	0.0	0.013774104683195666	-0.006887052341597772	-0.00137741046831953	74385945
2021-05-18	-0.019310344827586163	-0.0027586206896551137	0.0027586206896551137	-0.0220689655172414	-0.019310344827586163	86684806
2021-05-19	-0.005625879043600567	0.002812939521800221	0.009845288326300898	-0.015471167369901591	-0.005625879043600567	81582936
2021-05-20	0.05374823196605373	-0.008486562942008556	0.06223479490806216	-0.01272984441301271	0.05374823196605373	172086146
2021-05-21	-0.009395973154362454	0.0	0.03355704697986577	-0.012080536912751658	-0.009395973154362454	135710127
2021-05-24	0.0013550135501354725	0.008130081300813075	0.018970189701896976	-0.0040650406504065375	0.0013550135501354725	65731491
2021-05-25	0.013531799729364078	0.006765899864682099	0.020297699594046058	-0.004059539918809116	0.013531799729364078	116622843
2021-05-26	0.0360480640854472	0.0013351134846461665	0.05740987983978634	-0.004005340453938618	0.0360480640854472	169892113
2021-05-27	-0.011597938144329878	-0.006443298969072142	-0.0025773195876288113	-0.02706185567010309	-0.011597938144329878	124376334
2021-05-28	-0.0026075619295957723	0.0	0.007822685788787549	-0.011734028683181207	-0.0026075619295957723	59985557
2021-05-31	-0.0013071895424837483	0.0	0.0026143790849672646	-0.020915032679738578	-0.0013071895424837483	67960223
2021-06-01	0.015706806282722526	-0.010471204188481685	0.01701570680628271	-0.01439790575916223	0.015706806282722526	89175930
2021-06-02	0.0025773195876289258	0.0	0.020618556701030948	-0.0038659793814432167	0.0025773195876289258	86742786
2021-06-03	0.010282776349614406	-0.002570694087403658	0.02056555269922881	-0.005141388174807203	0.010282776349614406	66527326
2021-06-04	0.007633587786259492	0.005089058524173033	0.013994910941475754	-0.008905852417302835	0.007633587786259492	64260427
2021-06-07	-0.025252525252525276	0.0012626262626262356	0.0025252525252525836	-0.03661616161616162	-0.025252525252525276	96630023
2021-06-08	0.010362694300518144	0.0	0.014248704663212477	-0.009067357512953289	0.010362694300518144	62231684
2021-06-09	-0.0051282051282051325	-0.0025641025641025095	0.003846153846153878	-0.0064102564102563875	-0.0051282051282051325	43378795
2021-06-10	-0.009020618556700954	0.003865979381443331	0.020618556701030948	-0.011597938144329878	-0.009020618556700954	80215559
2021-06-11	-0.002600780234070281	-0.0013003901170351982	0.014304291287386141	-0.0078023407022107276	-0.002600780234070281	64602813
2021-06-15	-0.0260756192959583	0.0	0.0	-0.040417209908735284	-0.0260756192959583	92714196
2021-06-16	0.02008032128514061	-0.001338688085676009	0.03614457831325307	-0.004016064257028027	0.02008032128514061	96250324
2021-06-17	-0.003937007874015781	-0.0026246719160105594	0.005249343832021002	-0.011811023622047225	-0.003937007874015781	48216441
2021-06-18	-0.0487483530961792	-0.03293807641633729	-0.026350461133069852	-0.054018445322793165	-0.0487483530961792	62139810
2021-06-21	-0.03462603878116344	-0.001385041551246508	-0.001385041551246508	-0.04570637119113575	-0.03462603878116344	120155271
2021-06-22	0.030129124820659967	0.004304160688665746	0.034433285509325715	0.004304160688665746	0.030129124820659967	92131178
2021-06-23	-0.011142061281337058	0.001392757660167225	0.006963788300835754	-0.015320334261838361	-0.011142061281337058	50802986
2021-06-24	0.015492957746478919	0.0014084507042254472	0.021126760563380333	-0.0028169014084506445	0.015492957746478919	48048189
2021-06-25	0.004160887656033322	0.005547850208044388	0.012482662968099842	-0.012482662968099842	0.004160887656033322	72247394
2021-06-28	-0.024861878453038756	-0.002762430939226583	-0.0013812154696132301	-0.03176795580110503	-0.024861878453038756	71361717
2021-06-29	0.005665722379603405	0.0028328611898017653	0.012747875354107756	-0.0028328611898016396	0.005665722379603405	49870640
2021-06-30	0.0	0.005633802816901414	0.011267605633802828	-0.004225352112675967	0.0	44701316
2021-07-01	0.025352112676056426	0.005633802816901414	0.035211267605633804	0.0	0.025352112676056426	96149042
2021-07-02	-0.02335164835164834	-0.004120879120879155	-0.0013736263736264663	-0.03434065934065934	-0.02335164835164834	74215175
2021-07-05	-0.005625879043600567	-0.0014064697609002354	0.0	-0.01828410689170181	-0.005625879043600567	74167145
2021-07-06	0.005657708628005662	0.0	0.014144271570014093	-0.005657708628005662	0.005657708628005662	60927483
2021-07-07	0.004219409282700331	-0.002812939521800346	0.029535864978902947	-0.007032348804500803	0.004219409282700331	78340503
2021-07-08	-0.030812324929971956	0.007002801120448279	0.011204481792717097	-0.06302521008403351	-0.030812324929971956	246707300
2021-07-09	-0.011560693641618507	-0.007225433526011535	0.010115606936416227	-0.01878612716763004	-0.011560693641618507	90588641
2021-07-12	-0.02923976608187137	0.008771929824561476	0.013157894736842085	-0.04532163742690053	-0.02923976608187137	200643845
2021-07-13	0.05572289156626508	0.001506024096385644	0.06024096385542174	-0.012048192771084348	0.05572289156626508	175105487
2021-07-14	-0.0413694721825963	-0.005706134094151218	-0.0042796005706133185	-0.04564907275320962	-0.0413694721825963	113030282
2021-07-15	0.03571428571428575	0.007440476190476164	0.04315476190476191	-0.0014880952380952064	0.03571428571428575	109363441
2021-07-16	-0.018678160919540214	-0.004310344827586242	0.0	-0.020114942528735587	-0.018678160919540214	59019796
2021-07-19	0.019033674963396762	0.019033674963396762	0.0292825768667643	-0.00585651537335286	0.019033674963396762	116034851
2021-07-20	0.0	-0.0028735632183907434	0.010057471264367858	-0.0129310344827586	0.0	70677751
2021-07-21	-0.014367816091953972	0.0014367816091953717	0.010057471264367858	-0.021551724137931084	-0.014367816091953972	66341593
2021-07-22	0.029154518950437212	-0.0014577259475219643	0.04810495626822158	-0.004373177842565633	0.029154518950437212	114108474
2021-07-23	0.012747875354107756	0.0028328611898017653	0.026912181303116203	-0.018413597733711033	0.012747875354107756	114647818
2021-07-26	-0.04195804195804206	-0.008391608391608461	-0.006993006993007092	-0.04615384615384616	-0.04195804195804206	122593150
2021-07-27	-0.04379562043795618	-0.001459854014598509	0.0029197080291971478	-0.04379562043795618	-0.04379562043795618	132754993
2021-07-28	-0.01832061068702292	-0.0045801526717557635	0.00610687022900764	-0.02137404580152667	-0.01832061068702292	100538680
2021-07-29	-0.010886469673405817	0.015552099533437098	0.017107309486780766	-0.021772939346811772	-0.010886469673405817	83373791
2021-07-30	-0.015723270440251656	-0.003144654088050387	0.007861635220125758	-0.03144654088050317	-0.015723270440251656	67763615
2021-08-02	0.01118210862619813	-0.009584664536741151	0.02715654952076676	-0.02396166134185295	0.01118210862619813	111410802
2021-08-03	0.011058451816745701	-0.003159557661927403	0.020537124802527628	-0.014218009478672963	0.011058451816745701	77818764
2021-08-04	-0.009375000000000078	-0.0015625000000001055	0.007812499999999972	-0.014062500000000117	-0.009375000000000078	58148898
2021-08-05	-0.011041009463722443	-0.006309148264984233	0.011041009463722443	-0.0189274447949527	-0.011041009463722443	64326963
2021-08-06	-0.0015948963317384032	-0.006379585326953613	0.009569377990430701	-0.017543859649122716	-0.0015948963317384032	50820629
2021-08-09	0.03194888178913741	0.0015974440894568351	0.05750798722044734	-0.0015974440894568351	0.03194888178913741	116515342
2021-08-10	0.06965944272445823	0.00619195046439629	0.07430340557275548	-0.0030959752321980762	0.06965944272445823	152035903
2021-08-11	0.011577424023154858	-0.001447178002894325	0.015918958031837835	-0.0072358900144717546	0.011577424023154858	110573736
2021-08-12	-0.0028612303290415537	-0.0028612303290415537	0.0071530758226036936	-0.014306151645207515	-0.0028612303290415537	54994967
2021-08-13	-0.011477761836441905	0.0014347202295553337	0.004304160688665746	-0.015781922525107524	-0.011477761836441905	54148118
2021-08-16	-0.0014513788098693451	0.015965166908563182	0.027576197387518202	-0.007256894049346854	-0.0014513788098693451	73447445
2021-08-17	-0.01453488372093018	-0.00726744186046509	0.0159883720930233	-0.018895348837209287	-0.01453488372093018	58945538
2021-08-18	0.02654867256637164	-0.005899705014749268	0.03982300884955746	-0.005899705014749268	0.02654867256637164	97442632
2021-08-19	-0.03160919540229881	-0.005747126436781614	-0.004310344827586242	-0.04166666666666667	-0.03160919540229881	74637784
2021-08-20	0.0	-0.004451038575667692	0.008902077151335253	-0.023738872403560853	0.0	82381576
2021-08-23	-0.004451038575667692	-0.0014836795252225203	0.008902077151335253	-0.014836795252225598	-0.004451038575667692	66064977
2021-08-24	0.02235469448584208	0.004470938897168443	0.05067064083457524	0.0	0.02235469448584208	112581831
2021-08-25	-0.06413994169096215	-0.02186588921282804	-0.010204081632653102	-0.07142857142857145	-0.06413994169096215	308534656
2021-08-26	0.0	-0.0031152647975077217	0.020249221183800608	-0.006230529595015582	0.0	135590284
2021-08-27	0.012461059190031164	0.0015576323987538609	0.017133956386292885	-0.012461059190031164	0.012461059190031164	106858052
2021-08-30	-0.02307692307692313	0.0	0.007692307692307665	-0.039999999999999966	-0.02307692307692313	144112465
2021-08-31	0.012598425196850406	-0.004724409448818797	0.02204724409448828	-0.006299212598425203	0.012598425196850406	115854782
2021-09-01	0.013996889580093291	0.004665629860031143	0.026438569206842913	-0.0031104199066873364	0.013996889580093291	147337267
2021-09-02	0.0	0.0015337423312884472	0.010736196319018449	-0.006134969325153244	0.0	107163343
2021-09-03	-0.007668711656441691	0.0030674846625767583	0.0061349693251533804	-0.021472392638036762	-0.007668711656441691	112446759
2021-09-06	-0.009273570324574902	-0.004636785162287382	0.0030911901081917253	-0.013910355486862421	-0.009273570324574902	102387808
2021-09-07	0.004680187207488338	0.0	0.01248049921996881	-0.010920436817472743	0.004680187207488338	208414778
2021-09-08	0.013975155279503083	-0.0031055900621118726	0.029503105590062032	-0.006211180124223607	0.013975155279503083	156455820
2021-09-09	-0.01990811638591116	-0.0030627871362940984	0.0	-0.02297090352220526	-0.01990811638591116	163955264
2021-09-10	0.02187499999999995	0.0015624999999999667	0.03593749999999993	-0.0015625000000001055	0.02187499999999995	186573554
2021-09-13	0.004587155963302791	-0.0015290519877675516	0.019877675840978576	-0.004587155963302791	0.004587155963302791	137296841
2021-09-14	-0.031963470319634694	0.003044140030441335	0.012176560121765611	-0.036529680365296836	-0.031963470319634694	188525564
2021-09-15	-0.015723270440251656	-0.0062893081761006345	0.0	-0.018867924528301903	-0.015723270440251656	118015359
2021-09-16	-0.012779552715654964	0.0	0.006389776357827482	-0.0143769968051118	-0.012779552715654964	127204955
2021-09-17	-0.030744336569579207	-0.001618122977346244	0.0	-0.03398058252427184	-0.030744336569579207	170355918
2021-09-22	-0.038397328881469184	-0.03171953255425716	-0.03171953255425716	-0.06343906510851417	-0.038397328881469184	249214492
2021-09-23	0.006944444444444451	0.012152777777777828	0.01909722222222228	-0.0017361111111110742	0.006944444444444451	129646542
2021-09-24	-0.03103448275862064	0.001724137931034446	0.0034482758620690453	-0.03448275862068969	-0.03103448275862064	148839239
2021-09-27	0.005338078291814991	0.008896797153024879	0.01423487544483987	-0.0035587188612100466	0.005338078291814991	107948962
2021-09-28	0.033628318584070706	0.0	0.04424778761061947	-0.003539823008849639	0.033628318584070706	171138080
2021-09-29	-0.0034246575342465023	-0.008561643835616408	0.005136986301369906	-0.017123287671232817	-0.0034246575342465023	106321408
2021-09-30	0.0	0.0	0.006872852233676982	-0.012027491408934755	0.0	91366424
2021-10-08	0.00859106529209619	0.006872852233676982	0.01546391752577317	0.0	0.00859106529209619	91573246
2021-10-11	0.023850085178875585	0.005110732538330536	0.03236797274275971	0.005110732538330536	0.023850085178875585	124844973
2021-10-12	0.00998336106489193	-0.0049916805324458175	0.02828618968386022	-0.00831946755407651	0.00998336106489193	149367603
2021-10-13	0.008237232289950547	0.0	0.016474464579901094	-0.009884678747940773	0.008237232289950547	89146595
2021-10-14	-0.01960784313725492	-0.004901960784313766	0.008169934640522847	-0.02124183006535946	-0.01960784313725492	92396857
2021-10-15	0.013333333333333345	0.0033333333333332624	0.02166666666666665	0.0016666666666666312	0.013333333333333345	112613670
2021-10-18	0.0032894736842104563	0.0016447368421052282	0.008223684210526286	-0.006578947368421058	0.0032894736842104563	95282165
2021-10-19	0.00327868852459024	-0.001639344262295047	0.018032786885245955	-0.003278688524590094	0.00327868852459024	132646378
2021-10-20	-0.014705882352941154	0.0016339869281045403	0.004901960784313766	-0.017973856209150377	-0.014705882352941154	86769333
2021-10-21	0.024875621890547175	0.009950248756218841	0.03316749585406305	0.006633499170812609	0.024875621890547175	147296093
2021-10-22	0.008090614886731507	0.0032362459546926314	0.024271844660194233	-0.008090614886731363	0.008090614886731507	125765152
2021-10-25	0.006420545746388306	-0.004815409309791372	0.011235955056179678	-0.01123595505617982	0.006420545746388306	84182136
2021-10-26	0.01913875598086126	0.0	0.023923444976076614	-0.0015948963317384032	0.01913875598086126	112399259
2021-10-27	-0.007824726134585262	0.0031298904538341883	0.006259780907668238	-0.015649452269170524	-0.007824726134585262	70439709
2021-10-28	-0.007886435331230256	-0.006309148264984233	0.007886435331230256	-0.02050473186119872	-0.007886435331230256	72784230
2021-10-29	0.0	0.0031796502384737	0.007949125596184391	-0.011128775834658232	0.0	67256804
2021-11-01	0.04928457869634334	0.019077901430842623	0.05723370429252787	0.017488076311605774	0.04928457869634334	210373429
2021-11-02	-0.018181818181818063	0.009090909090909167	0.016666666666666715	-0.030303030303030196	-0.018181818181818063	180781279
2021-11-03	0.0015432098765431768	-0.0015432098765433139	0.012345679012345552	-0.0046296296296296675	0.0015432098765431768	90976002
2021-11-04	-0.02311248073959944	0.004622496147919778	0.006163328197226508	-0.026194144838212623	-0.02311248073959944	96213903
2021-11-05	-0.0031545741324920462	-0.0015772870662460231	0.007886435331230256	-0.011041009463722443	-0.0031545741324920462	79718961
2021-11-08	-0.023734177215189927	-0.0015822784810127649	0.0015822784810126244	-0.030063291139240566	-0.023734177215189927	99701162
2021-11-09	0.0016207455429497223	0.0032414910858995886	0.008103727714748757	-0.004862236628849311	0.0016207455429497223	47706688
2021-11-10	-0.004854368932038731	-0.003236245954692488	0.0016181229773463877	-0.014563106796116483	-0.004854368932038731	60438119
2021-11-11	0.029268292682926782	-0.0016260162601627113	0.03414634146341463	-0.004878048780487845	0.029268292682926782	93778171
2021-11-12	0.007898894154818297	0.003159557661927263	0.028436018957345925	0.0	0.007898894154818297	104264294
2021-11-15	0.0	-0.0015673981191222236	0.010971786833855844	-0.007836990595611257	0.0	64071994
2021-11-16	-0.014106583072100292	0.0	0.0047021943573668104	-0.018808777429467103	-0.014106583072100292	58000427
2021-11-17	-0.022257551669316325	-0.006359300476947541	-0.0031796502384738414	-0.025437201907790166	-0.022257551669316325	84173311
2021-11-18	-0.004878048780487845	-0.004878048780487845	0.00813008130081298	-0.006504065040650412	-0.004878048780487845	65249964
2021-11-19	0.009803921568627387	0.004901960784313766	0.013071895424836612	-0.003267973856209226	0.009803921568627387	63819639
2021-11-22	-0.01779935275080897	-0.001618122977346244	0.0016181229773463877	-0.01779935275080897	-0.01779935275080897	82378568
2021-11-23	-0.0032948929159803066	0.0	0.008237232289950547	-0.006589785831960467	-0.0032948929159803066	74839669
2021-11-24	-0.00661157024793389	0.0	0.0033057851239670184	-0.008264462809917326	-0.00661157024793389	82818807
2021-11-25	0.0	0.0016638935108152725	0.004991680532445965	-0.0049916805324458175	0.0	53769058
2021-11-26	-0.011647254575707054	-0.0016638935108152725	0.0	-0.011647254575707054	-0.011647254575707054	66092367
2021-11-29	-0.00673400673400674	-0.00673400673400674	-0.0033670033670034445	-0.015151515151515277	-0.00673400673400674	81073451
2021-11-30	-0.0016949152542374024	0.005084745762711756	0.011864406779660913	-0.006779661016949158	-0.0016949152542374024	68417518
2021-12-01	0.013582342954159604	0.0016977928692700638	0.018675721561969495	-0.001697792869269913	0.013582342954159604	70988838
2021-12-02	0.0	-0.0016750418760468656	0.005025125628140745	-0.008375209380234476	0.0	61276058
2021-12-03	0.0	0.00335008375209388	0.00335008375209388	-0.011725293132328207	0.0	76124208
2021-12-06	0.006700167504187611	0.00335008375209388	0.021775544388609697	0.0	0.006700167504187611	115738041
2021-12-07	0.011647254575707202	0.00831946755407651	0.016638935108153168	0.0	0.011647254575707202	108869371
2021-12-08	-0.008223684210526286	-0.0016447368421052282	0.0016447368421052282	-0.014802631578947345	-0.008223684210526286	108295309
2021-12-09	0.009950248756218841	-0.0016583747927032628	0.021558872305140944	-0.006633499170812609	0.009950248756218841	125834554
2021-12-10	-0.009852216748768409	-0.004926108374384277	0.0	-0.016420361247947397	-0.009852216748768409	121550910
2021-12-13	-0.004975124378109493	0.0016583747927031154	0.011608623548921955	-0.004975124378109493	-0.004975124378109493	91285347
2021-12-14	-0.014999999999999977	0.0	0.0016666666666666312	-0.018333333333333385	-0.014999999999999977	107337874
2021-12-15	0.0	-0.001692047377326529	0.003384094754653058	-0.0050761421319797375	0.0	56740364
2021-12-16	0.001692047377326529	0.0	0.0050761421319797375	-0.0033840947546532082	0.001692047377326529	61348765
2021-12-17	-0.01013513513513507	0.0016891891891891533	0.0050675675675676095	-0.011824324324324372	-0.01013513513513507	125403520
2021-12-20	-0.022184300341296908	-0.003412969283276529	-0.0017064846416383404	-0.029010238907849817	-0.022184300341296908	168996734
2021-12-21	0.024432809773123853	0.0	0.02966841186736473	-0.001745200698080397	0.024432809773123853	126466854
2021-12-22	-0.0068143100511073315	0.00340715502555359	0.00340715502555359	-0.0068143100511073315	-0.0068143100511073315	61337309
2021-12-23	-0.0017152658662092258	0.0034305317324184515	0.006861063464837056	-0.00514579759862783	-0.0017152658662092258	48734434
2021-12-24	-0.006872852233676982	0.0	0.0017182130584192073	-0.008591065292096342	-0.006872852233676982	49630035
2021-12-27	0.0017301038062283367	0.0034602076124566734	0.005190311418685011	-0.0034602076124568273	0.0017301038062283367	49781066
2021-12-28	0.0034542314335059715	0.0	0.008635578583765081	-0.0034542314335061245	0.0034542314335059715	54529381
2021-12-29	0.0	0.0	0.003442340791738462	-0.003442340791738309	0.0	43958534
2021-12-30	0.0	0.0	0.0068846815834767705	-0.0017211703958691545	0.0	51193275
2021-12-31	0.003442340791738462	0.0017211703958693073	0.005163511187607616	-0.0017211703958691545	0.003442340791738462	56845675
2022-01-04	0.024013722126929617	0.0017152658662092258	0.024013722126929617	-0.0017152658662092258	0.024013722126929617	135421060
2022-01-05	0.015075376884422087	0.0016750418760470144	0.021775544388609697	0.0	0.015075376884422087	163312396
2022-01-06	-0.00330033003300323	-0.001650165016501615	0.004950495049504992	-0.004950495049504846	-0.00330033003300323	99200248
2022-01-07	0.026490066225165587	-0.0016556291390728123	0.029801324503311213	-0.0016556291390728123	0.026490066225165587	170106237
2022-01-10	0.006451612903225812	0.004838709677419395	0.016129032258064457	-0.006451612903225812	0.006451612903225812	133540222
2022-01-11	0.032051282051282076	0.009615384615384552	0.04487179487179477	0.0032051282051281365	0.032051282051282076	211061937
2022-01-12	0.021739130434782556	0.024844720496894294	0.032608695652173905	0.006211180124223607	0.021739130434782556	268130757
2022-01-13	0.02279635258358668	-0.0060790273556231055	0.04255319148936174	-0.007598784194528849	0.02279635258358668	222675221
2022-01-14	-0.03863298662704319	0.0	0.0	-0.04606240713224376	-0.03863298662704319	204628516
2022-01-17	0.0061823802163833135	0.0030911901081917253	0.017001545595054145	-0.009273570324574902	0.0061823802163833135	107837086
2022-01-18	0.035330261136712816	0.004608294930875614	0.03840245775729647	-0.001536098310291826	0.035330261136712816	165241247
2022-01-19	-0.0029673590504451725	0.0	0.005934718100890213	-0.010385756676557905	-0.0029673590504451725	119031401
2022-01-20	0.01934523809523808	-0.0029761904761904127	0.029761904761904788	-0.005952380952380958	0.01934523809523808	180341953
2022-01-21	-0.005839416058394166	-0.007299270072992675	0.01459854014598548	-0.01313868613138684	-0.005839416058394166	145662344
2022-01-24	0.002936857562408291	-0.0044052863436122415	0.020558002936857646	-0.017621145374449226	0.002936857562408291	111218814
2022-01-25	-0.02196193265007326	-0.007320644216691043	-0.0014641288433381826	-0.024890190336749624	-0.02196193265007326	102796477
2022-01-26	0.005988023952095814	0.0029940119760479733	0.013473053892215548	-0.011976047904191628	0.005988023952095814	86849198
2022-01-27	-0.0014880952380952064	-0.0029761904761904127	0.01041666666666671	-0.00892857142857137	-0.0014880952380952064	100692838
2022-01-28	-0.01937406855439641	0.0014903129657227701	0.004470938897168443	-0.020864381520119178	-0.01937406855439641	114903542
2022-02-07	0.033434650455927015	0.013677811550151953	0.036474164133738635	0.010638297872340469	0.033434650455927015	148084324
2022-02-08	0.011764705882352951	-0.002941176470588173	0.01617647058823534	-0.004411764705882389	0.011764705882352951	125305579
2022-02-09	-0.010174418604651203	-0.0014534883720929922	0.008720930232558212	-0.0159883720930233	-0.010174418604651203	130149300
2022-02-10	0.014684287812041195	0.0	0.017621145374449355	-0.007342143906020533	0.014684287812041195	89894156
2022-02-11	0.02026049204052094	-0.0028943560057887786	0.03328509406657012	-0.0028943560057887786	0.02026049204052094	165682262
2022-02-14	-0.03829787234042547	0.0	0.0014184397163120265	-0.04255319148936168	-0.03829787234042547	175605704
2022-02-15	-0.014749262536873234	-0.004424778761061983	0.0176991150442478	-0.02359882005899707	-0.014749262536873234	154821969
2022-02-16	0.010479041916167707	0.0	0.01946107784431136	-0.0014970059880239203	0.010479041916167707	89953356
2022-02-17	0.00148148148148145	0.00148148148148145	0.013333333333333312	-0.008888888888888832	0.00148148148148145	97809897
2022-02-18	0.023668639053254458	-0.0029585798816567418	0.029585798816568074	-0.007396449704141985	0.023668639053254458	124476727
2022-02-21	-0.004335260115606972	-0.0014450867052022813	0.0014450867052022813	-0.01878612716763004	-0.004335260115606972	86636773
2022-02-22	-0.007256894049346854	-0.0087082728592162	0.002902757619738819	-0.014513788098693707	-0.007256894049346854	64028589
2022-02-23	-0.008771929824561346	0.0014619883040935362	0.005847953216374275	-0.014619883040935621	-0.008771929824561346	78224653
2022-02-24	-0.0176991150442478	-0.0014749262536874151	0.0029498525073745683	-0.020648967551622502	-0.0176991150442478	94685870
2022-02-25	-0.0015015015015014694	0.006006006006006011	0.00900900900900895	-0.015015015015015095	-0.0015015015015014694	87958278
2022-02-28	0.0	-0.006015037593984967	0.007518796992481176	-0.018045112781954902	0.0	66590964
2022-03-01	0.028571428571428494	0.0	0.03157894736842105	-0.001503759398496342	0.028571428571428494	105492404
2022-03-02	-0.0014619883040935362	-0.005847953216374275	0.010233918128655012	-0.008771929824561346	-0.0014619883040935362	80943392
2022-03-03	0.013177159590043903	0.002928257686676365	0.01756954612005858	0.0	0.013177159590043903	97894926
2022-03-04	0.002890173410404691	-0.004335260115606972	0.008670520231213945	-0.026011560693641578	0.002890173410404691	125084830
2022-03-07	-0.01873198847262259	-0.007204610951008748	0.005763688760806921	-0.024495677233429512	-0.01873198847262259	91031346
2022-03-08	-0.02936857562408213	-0.0014684287812040803	0.002936857562408291	-0.03230543318649042	-0.02936857562408213	92367384
2022-03-09	-0.013615733736762593	0.0030257186081693757	0.009077155824508262	-0.05143721633888059	-0.013615733736762593	121266746
2022-03-10	0.026073619631901968	0.015337423312883519	0.03220858895705535	0.004601226993865069	0.026073619631901968	105231831
2022-03-11	-0.007473841554559149	-0.004484304932735463	0.0	-0.03288490284005988	-0.007473841554559149	125787613
2022-03-14	-0.040662650602409575	-0.013554216867469859	-0.006024096385542174	-0.04216867469879509	-0.040662650602409575	112177265
2022-03-15	-0.05494505494505503	-0.00941915227629521	-0.0031397174254317838	-0.05651491365777085	-0.05494505494505503	190911575
2022-03-16	0.039867109634551534	0.014950166112956936	0.04983388704318949	-0.011627906976744087	0.039867109634551534	135911402
2022-03-17	0.0	0.015974440894568776	0.02236421725239626	-0.0015974440894568351	0.0	96559609
2022-03-18	0.036741214057508055	-0.007987220447284317	0.04313099041533554	-0.007987220447284317	0.036741214057508055	101406173
2022-03-21	-0.015408320493066337	-0.0030816640986133224	0.0030816640986131853	-0.026194144838212623	-0.015408320493066337	88632743
2022-03-22	0.034428794992175375	-0.003129890453834049	0.04851330203442888	-0.004694835680751074	0.034428794992175375	117531143
2022-03-23	0.006051437216338886	-0.004538577912254198	0.016641452344931834	-0.012102874432677772	0.006051437216338886	108825008
2022-03-24	0.02105263157894732	-0.006015037593984967	0.027067669172932286	-0.013533834586466276	0.02105263157894732	116997454
2022-03-25	-0.011782032400589112	0.0029455081001472125	0.005891016200294556	-0.01767304860088367	-0.011782032400589112	65644223
2022-03-28	0.0014903129657227701	-0.005961251862891212	0.010432190760059655	-0.028315946348733294	0.0014903129657227701	99266887
2022-03-29	0.004464285714285751	-0.0029761904761904127	0.011904761904761916	-0.011904761904761916	0.004464285714285751	82530105
2022-03-30	0.008888888888888832	0.0	0.013333333333333312	-0.007407407407407381	0.008888888888888832	61757616
2022-03-31	0.03524229074889871	-0.0044052863436122415	0.038179148311307004	-0.007342143906020533	0.03524229074889871	151619706
2022-04-01	0.0382978723404256	-0.004255319148936206	0.04113475177304965	-0.007092198581560258	0.0382978723404256	178218802
2022-04-06	0.016393442622950834	-0.004098360655737739	0.028688524590163928	-0.008196721311475478	0.016393442622950834	139660952
2022-04-07	-0.018817204301075346	-0.00537634408602151	0.014784946236559062	-0.026881720430107548	-0.018817204301075346	167290670
2022-04-08	0.00821917808219185	0.004109589041095925	0.016438356164383577	-0.013698630136986254	0.00821917808219185	112462130
2022-04-11	-0.01630434782608697	-0.004076086956521773	0.0	-0.0258152173913044	-0.01630434782608697	116158620
2022-04-12	0.011049723756906087	-0.0013812154696132301	0.026243093922651863	-0.0151933701657459	0.011049723756906087	126934917
2022-04-13	0.0	0.008196721311475356	0.0273224043715846	-0.0013661202185793271	0.0	125066966
2022-04-14	-0.005464480874316944	0.009562841530054562	0.0136612021857923	-0.010928961748633888	-0.005464480874316944	107537883
2022-04-15	0.037087912087912026	-0.002747252747252811	0.03983516483516484	-0.005494505494505499	0.037087912087912026	123059899
2022-04-18	-0.03841059602649007	-0.0172185430463576	-0.006622516556291367	-0.04105960264900657	-0.03841059602649007	132403451
2022-04-19	0.017906336088154257	0.0	0.02479338842975215	-0.009641873278236832	0.017906336088154257	114806188
2022-04-20	-0.012178619756427585	0.005412719891745607	0.017591339648173193	-0.016238159675236823	-0.012178619756427585	79336554
2022-04-21	-0.013698630136986254	-0.012328767123287652	0.00958904109589045	-0.019178082191780778	-0.013698630136986254	97231712
2022-04-22	0.04027777777777778	-0.00694444444444442	0.0430555555555555	-0.009722222222222262	0.04027777777777778	138474457
2022-04-25	-0.05073431241655539	-0.013351134846462021	-0.0026702269692924514	-0.05206942590120168	-0.05073431241655539	159932931
2022-04-26	-0.002812939521800346	0.007032348804500678	0.02531645569620249	-0.005625879043600567	-0.002812939521800346	116288922
2022-04-27	0.0028208744710861017	-0.0028208744710859768	0.018335684062059224	-0.015514809590973122	0.0028208744710861017	102898797
2022-04-28	0.03938115330520384	0.0	0.04500703234880441	0.0	0.03938115330520384	144221472
2022-04-29	-0.008119079837618351	0.016238159675236823	0.0230040595399188	-0.0230040595399188	-0.008119079837618351	177278992
2022-05-05	-0.0054570259208731285	-0.001364256480218252	0.010914051841746257	-0.013642564802182762	-0.0054570259208731285	98169849
2022-05-06	-0.054869684499314175	-0.013717421124828483	-0.01234567901234566	-0.054869684499314175	-0.054869684499314175	133851165
2022-05-09	-0.026124818577648725	-0.011611030478955018	-0.0029027576197386902	-0.03338171262699558	-0.026124818577648725	135114833
2022-05-10	0.040238450074515715	-0.007451564828613983	0.043219076005961254	-0.011922503725782425	0.040238450074515715	128687940
2022-05-11	-0.011461318051575941	-0.007163323782235058	0.007163323782234931	-0.011461318051575941	-0.011461318051575941	79711016
2022-05-12	0.008695652173912986	0.002898550724637619	0.017391304347825973	-0.005797101449275368	0.008695652173912986	56344389
2022-05-13	0.03160919540229881	0.005747126436781614	0.038793103448275926	0.005747126436781614	0.03160919540229881	92890073
2022-05-16	-0.012534818941504159	0.001392757660167225	0.001392757660167225	-0.026462395543175418	-0.012534818941504159	72458767
2022-05-17	0.00846262341325818	0.0014104372355429884	0.02961918194640338	-0.007052186177715067	0.00846262341325818	91218378
2022-05-18	-0.018181818181818292	0.0	0.0013986013986013687	-0.027972027972027996	-0.018181818181818292	81298491
2022-05-19	-0.004273504273504183	-0.012820512820512801	0.008547008547008619	-0.01566951566951559	-0.004273504273504183	66236743
2022-05-20	0.005722460658082981	-0.004291845493562267	0.011444921316165962	-0.005722460658082981	0.005722460658082981	69505385
2022-05-23	-0.015647226173542007	0.0	0.0	-0.02418207681365575	-0.015647226173542007	84785335
2022-05-24	-0.01734104046242776	0.002890173410404691	0.007225433526011535	-0.01878612716763004	-0.01734104046242776	75556584
2022-05-25	0.0	0.004411764705882389	0.007352941176470562	-0.004411764705882389	0.0	58326755
2022-05-26	-0.044117647058823505	-0.047058823529411674	-0.03823529411764703	-0.057352941176470544	-0.044117647058823505	91024876
2022-05-27	0.013846153846153824	0.0015384615384615057	0.027692307692307648	-0.0030769230769230114	0.013846153846153824	75574606
2022-05-30	-0.01517450682852802	0.001517450682852775	0.010622154779969695	-0.02276176024279203	-0.01517450682852802	61670724
2022-05-31	-0.010785824345146423	-0.0015408320493065927	0.004622496147919778	-0.012326656394453015	-0.010785824345146423	73681981
2022-06-01	-0.0031152647975077217	0.004672897196261721	0.004672897196261721	-0.012461059190031164	-0.0031152647975077217	71233732
2022-06-02	-0.003125000000000072	-0.003125000000000072	0.0062500000000000056	-0.0062500000000000056	-0.003125000000000072	58862930
2022-06-06	-0.007836990595611257	-0.003134796238244447	0.0031347962382445864	-0.020376175548589327	-0.007836990595611257	144740032
2022-06-07	0.03159557661927333	-0.003159557661927403	0.03791469194312799	-0.0063191153238546655	0.03159557661927333	138417600
2022-06-08	0.003062787136293962	-0.0030627871362940984	0.009188361408882023	-0.007656967840735041	0.003062787136293962	80629585
2022-06-09	0.015267175572519165	-0.0030534351145037517	0.02442748091603056	-0.0030534351145037517	0.015267175572519165	102145804
2022-06-10	0.004511278195488626	0.007518796992481176	0.010526315789473592	-0.009022556390977519	0.004511278195488626	94005005
2022-06-13	-0.014970059880239469	-0.004491017964071761	-0.004491017964071761	-0.028443113772455016	-0.014970059880239469	89320807
2022-06-14	0.030395136778115527	-0.0060790273556231055	0.033434650455927015	-0.009118541033434726	0.030395136778115527	133227881
2022-06-15	0.007374631268436552	0.004424778761061852	0.029498525073746337	0.0029498525073745683	0.007374631268436552	148446341
2022-06-16	-0.016105417276720397	0.0014641288433381826	0.00585651537335286	-0.020497803806734945	-0.016105417276720397	66797192
2022-06-17	-0.0029761904761904127	-0.0044642857142856195	0.004464285714285751	-0.013392857142857123	-0.0029761904761904127	80900682
2022-06-20	-0.013432835820895501	-0.0059701492537313485	0.001492537313432804	-0.020895522388059785	-0.013432835820895501	99031214
2022-06-21	0.01361573373676246	0.0015128593040846878	0.019667170953101346	-0.00302571860816951	0.01361573373676246	68662443
2022-06-22	-0.013432835820895501	0.001492537313432804	0.002985074626865608	-0.014925373134328438	-0.013432835820895501	58851347
2022-06-23	0.0030257186081693757	0.0030257186081693757	0.007564296520423573	-0.006051437216338886	0.0030257186081693757	53375174
2022-06-24	-0.015082956259426794	-0.0015082956259426527	0.0015082956259426527	-0.019607843137254888	-0.015082956259426794	81165651
2022-06-27	0.03981623277182232	0.001531393568146981	0.044410413476263406	0.0	0.03981623277182232	141783434
2022-06-28	0.03240058910161999	-0.0014727540500736062	0.0338733431516936	-0.005891016200294556	0.03240058910161999	143710780
2022-06-29	-0.0042796005706133185	0.0028530670470756723	0.014265335235378108	-0.007132667617688991	-0.0042796005706133185	125125198
2022-06-30	0.020057306590257833	0.004297994269340882	0.03008595988538681	-0.0028653295128940486	0.020057306590257833	100781299
2022-07-01	0.008426966292134776	-0.001404494382022442	0.016853932584269676	-0.005617977528089893	0.008426966292134776	86886011
2022-07-04	0.006963788300835754	-0.005571030640668529	0.013927576601671383	-0.009749303621169833	0.006963788300835754	122594523
2022-07-05	-0.005532503457814666	0.0027662517289072713	0.009681881051175572	-0.009681881051175695	-0.005532503457814666	71194376
2022-07-06	-0.0180806675938805	-0.0013908205841447392	0.0013908205841446156	-0.023643949930459082	-0.0180806675938805	68104597
2022-07-07	0.005665722379603405	0.004249291784702585	0.02266288951841362	-0.0028328611898016396	0.005665722379603405	61877685
2022-07-08	-0.00985915492957738	0.0028169014084507694	0.0042253521126760915	-0.014084507042253471	-0.00985915492957738	52202653
2022-07-11	0.015647226173541882	0.0042674253200568075	0.029871977240398286	0.0042674253200568075	0.015647226173541882	88726382
2022-07-12	0.01960784313725498	0.004201680672268943	0.028011204481792742	0.0	0.01960784313725498	86842824
2022-07-13	-0.043956043956043994	-0.004120879120879155	-0.004120879120879155	-0.04807692307692315	-0.043956043956043994	128793445
2022-07-14	-0.010057471264367858	-0.004310344827586242	-0.0014367816091953717	-0.03448275862068969	-0.010057471264367858	137784022
2022-07-15	-0.013062409288824363	0.002902757619738819	0.02467343976777938	-0.013062409288824363	-0.013062409288824363	96712729
2022-07-18	0.044117647058823505	0.03235294117647055	0.07058823529411772	0.03235294117647055	0.044117647058823505	200735171
2022-07-19	0.011267605633802828	0.0042253521126760915	0.02394366197183098	-0.005633802816901414	0.011267605633802828	87405783
2022-07-20	0.026462395543175542	0.006963788300835754	0.03342618384401117	0.0027855153203343265	0.026462395543175542	135005809
2022-07-21	-0.03799185888738131	-0.004070556309362313	-0.001356852103120731	-0.03799185888738131	-0.03799185888738131	98707423
2022-07-22	0.00846262341325818	0.00423131170662909	0.015514809590973247	-0.0028208744710859768	0.00846262341325818	57439109
2022-07-25	-0.001398601398601493	-0.0041958041958042305	0.0041958041958041065	-0.011188811188811197	-0.001398601398601493	57168292
2022-07-26	0.028011204481792742	0.0	0.02941176470588235	-0.0028011204481792123	0.028011204481792742	96294203
2022-07-27	-0.013623978201634829	0.0	0.0	-0.017711171662125328	-0.013623978201634829	59330844
2022-07-28	-0.006906077348066274	-0.0013812154696132301	0.008287292817679504	-0.009668508287292857	-0.006906077348066274	66204040
2022-07-29	0.0013908205841446156	-0.0027816411682893547	0.008344923504867817	-0.008344923504867941	0.0013908205841446156	72997801
2022-08-01	0.0	-0.004166666666666701	0.00694444444444442	-0.0236111111111111	0.0	82853808
2022-08-02	-0.02638888888888894	-0.01111111111111112	-0.00694444444444442	-0.03333333333333336	-0.02638888888888894	125708339
2022-08-03	-0.009985734664764536	0.004279600570613445	0.01569186875891588	-0.012838801711840209	-0.009985734664764536	67089446
2022-08-04	0.0	0.005763688760806921	0.010086455331412017	-0.010086455331412144	0.0	65354720
2022-08-05	0.010086455331412017	0.0	0.011527377521613714	-0.011527377521613843	0.010086455331412017	58871746
2022-08-08	-0.008559201141226764	-0.0042796005706133185	0.011412268188302436	-0.009985734664764536	-0.008559201141226764	49917591
2022-08-09	-0.007194244604316521	0.0043165467625899635	0.005755395683453243	-0.008633093525179927	-0.007194244604316521	42359153
2022-08-10	-0.011594202898550735	-0.002898550724637748	0.002898550724637619	-0.01594202898550729	-0.011594202898550735	53884048
2022-08-11	0.019061583577712593	0.004398826979472047	0.021994134897360625	-0.005865102639296193	0.019061583577712593	86044386
2022-08-12	0.002877697841726557	-0.005755395683453243	0.0086330935251798	-0.011510791366906485	0.002877697841726557	65034031
2022-08-15	-0.014347202295552317	-0.004304160688665619	0.0	-0.018651362984218062	-0.014347202295552317	66112635
2022-08-16	-0.005822416302765653	0.0	0.005822416302765653	-0.013100436681222686	-0.005822416302765653	71034801
2022-08-17	0.01171303074670572	0.0014641288433381826	0.014641288433382086	-0.00585651537335286	0.01171303074670572	63014596
2022-08-18	-0.01881331403762661	-0.0028943560057887786	0.0	-0.023154848046309715	-0.01881331403762661	72369839
2022-08-19	0.019174041297935086	-0.0029498525073746993	0.022123893805309654	-0.004424778761061983	0.019174041297935086	78051312
2022-08-22	-0.004341534008683104	-0.004341534008683104	0.010130246020260534	-0.0072358900144717546	-0.004341534008683104	54364293
2022-08-23	0.0029069767441861137	-0.0029069767441859845	0.00726744186046509	-0.01453488372093018	0.0029069767441861137	58935016
2022-08-24	-0.013043478260869672	0.0	0.010144927536231797	-0.014492753623188482	-0.013043478260869672	63641554
2022-08-25	0.022026431718061727	0.0014684287812042108	0.02496328928047002	0.0	0.022026431718061727	58687813
2022-08-26	0.017241379310344845	0.002873563218390871	0.022988505747126457	-0.0028735632183907434	0.017241379310344845	81460087
2022-08-29	-0.009887005649717555	-0.00847457627118651	-0.0014124293785310433	-0.025423728813559282	-0.009887005649717555	66909522
2022-08-30	0.018544935805991425	0.012838801711840209	0.027104136947218315	0.011412268188302436	0.018544935805991425	99014734
2022-08-31	0.01540616246498604	0.0028011204481793364	0.025210084033613533	-0.0014005602240896062	0.01540616246498604	134934888
2022-09-01	0.0	-0.0027586206896551137	0.006896551724137907	-0.0110344827586207	0.0	69995074
2022-09-02	0.012413793103448256	0.0041379310344827926	0.0220689655172414	0.0013793103448275568	0.012413793103448256	109589450
2022-09-05	0.005449591280653956	0.0040871934604904975	0.008174386920980995	-0.010899182561307912	0.005449591280653956	71925757
2022-09-06	0.008130081300813075	0.0040650406504065375	0.018970189701896976	0.0	0.008130081300813075	99185205
2022-09-07	-0.0026881720430108145	0.0	0.0067204301075268575	-0.008064516129032324	-0.0026881720430108145	63685925
2022-09-08	0.01617250673854449	0.008086253369272304	0.022911051212937995	0.0026954177897574746	0.01617250673854449	114528042
2022-09-09	0.010610079575596827	-0.0026525198938992657	0.017241379310344813	-0.003978779840848839	0.010610079575596827	103133040
2022-09-13	-0.005249343832021002	0.0026246719160104427	0.007874015748031444	-0.007874015748031562	-0.005249343832021002	103141571
2022-09-14	-0.007915567282321965	-0.010554089709762543	-0.0013192612137202884	-0.01319261213720312	-0.007915567282321965	71481813
2022-09-15	-0.003989361702127575	0.0	0.014627659574468129	-0.009308510638297792	-0.003989361702127575	93929327
2022-09-16	-0.021361815754339136	0.0	0.004005340453938499	-0.022696929238985305	-0.021361815754339136	89185001
2022-09-19	0.006821282401091381	0.009549795361528005	0.009549795361528005	-0.002728512960436625	0.006821282401091381	52287903
2022-09-20	-0.0013550135501354725	0.0040650406504065375	0.006775067750677483	-0.009485094850948549	-0.0013550135501354725	52234218
2022-09-21	0.008141112618724506	0.0	0.023066485753052906	-0.0027137042062415823	0.008141112618724506	67917926
2022-09-22	0.006729475100942222	-0.00403768506056519	0.00807537012113062	-0.0053835800807537065	0.006729475100942222	48845631
2022-09-23	-0.0053475935828877046	-0.0026737967914439117	0.010695187165775291	-0.009358288770053513	-0.0053475935828877046	52362340
2022-09-26	-0.01075268817204302	-0.004032258064516162	0.009408602150537553	-0.01075268817204302	-0.01075268817204302	71627343
2022-09-27	0.010869565217391313	0.005434782608695656	0.012228260869565197	-0.010869565217391313	0.010869565217391313	51967477
2022-09-28	0.008064516129032206	-0.004032258064516162	0.018817204301075224	-0.009408602150537673	0.008064516129032206	78971783
2022-09-29	-0.01733333333333332	0.005333333333333338	0.007999999999999948	-0.023999999999999962	-0.01733333333333332	84157386
2022-09-30	0.009497964721845357	0.0	0.017639077340569864	0.0	0.009497964721845357	51799315
2022-10-10	0.008064516129032206	-0.0026881720430108145	0.017473118279569877	-0.004032258064516162	0.008064516129032206	73661052
2022-10-11	-0.016000000000000014	-0.0026666666666666098	0.004000000000000033	-0.01733333333333332	-0.016000000000000014	63742787
2022-10-12	0.028455284552845524	0.005420054200542011	0.029810298102980998	-0.0013550135501354725	0.028455284552845524	83121954
2022-10-13	-0.035573122529644216	-0.003952569169960507	0.0026350461133070437	-0.036890645586297795	-0.035573122529644216	105877001
2022-10-14	0.012295081967213095	0.008196721311475356	0.03142076502732234	0.00683060109289615	0.012295081967213095	85498168
2022-10-17	-0.010796221322537122	-0.0026990553306343403	-0.00134952766531711	-0.014844804318488572	-0.010796221322537122	56063696
2022-10-18	0.004092769440654877	0.008185538881309632	0.021828103683492514	0.001364256480218252	0.004092769440654877	67420341
2022-10-19	-0.002717391304347889	-0.0013586956521740047	0.008152173913043424	-0.006793478260869661	-0.002717391304347889	51794113
2022-10-20	0.0013623978201634586	-0.0027247956403269173	0.010899182561307912	-0.008174386920980874	0.0013623978201634586	52713373
2022-10-21	0.002721088435374213	0.005442176870748304	0.012244897959183775	-0.001360544217687046	0.002721088435374213	49770621
2022-10-24	-0.03527815468113973	0.002713704206241462	0.002713704206241462	-0.04070556309362277	-0.03527815468113973	109493823
2022-10-25	0.022503516174402143	-0.004219409282700457	0.02531645569620249	-0.005625879043600567	0.022503516174402143	89255278
2022-10-26	-0.03026134800550203	0.0	0.005502063273727653	-0.03713892709766157	-0.03026134800550203	113065918
2022-10-27	0.0056737588652482325	0.002836879432624179	0.014184397163120643	0.0	0.0056737588652482325	60066539
2022-10-28	-0.0014104372355429884	0.0	0.011283497884344157	-0.009873060648801169	-0.0014104372355429884	46635296
2022-10-31	-0.022598870056497196	0.0	0.0014124293785310433	-0.03107344632768358	-0.022598870056497196	100189357
2022-11-01	0.0014450867052022813	0.0	0.004335260115606972	-0.013005780346820789	0.0014450867052022813	81696362
2022-11-02	-0.011544011544011554	-0.004329004329004237	-0.0014430014430014122	-0.018759018759018746	-0.011544011544011554	84211482
2022-11-03	-0.005839416058394166	-0.005839416058394166	-0.001459854014598509	-0.01459854014598535	-0.005839416058394166	70695683
2022-11-04	0.022026431718061727	-0.0014684287812040803	0.0264317180616741	-0.0014684287812040803	0.022026431718061727	77520718
2022-11-07	-0.0129310344827586	-0.007183908045976986	-0.004310344827586242	-0.021551724137931084	-0.0129310344827586	88172775
2022-11-08	-0.004366812227074272	0.0	0.004366812227074272	-0.008733624454148544	-0.004366812227074272	63472026
2022-11-09	-0.0014619883040935362	0.002923976608187202	0.010233918128655012	-0.0029239766081870723	-0.0014619883040935362	53944957
2022-11-10	0.002928257686676365	-0.0029282576866764953	0.00585651537335286	-0.01171303074670572	0.002928257686676365	57142219
2022-11-11	0.04233576642335767	0.011678832116788333	0.054014598540146	0.0029197080291971478	0.04233576642335767	145320023
2022-11-14	0.0	0.008403361344537886	0.021008403361344588	-0.0014005602240896062	0.0	110792529
2022-11-15	0.004201680672268943	0.0	0.01540616246498604	-0.007002801120448154	0.004201680672268943	77324409
2022-11-16	-0.00836820083682003	-0.0013947001394699842	0.004184100418410076	-0.009762900976290137	-0.00836820083682003	51140663
2022-11-17	-0.0014064697609002354	-0.007032348804500803	0.0014064697609001105	-0.01265822784810137	-0.0014064697609002354	57509827
2022-11-18	-0.008450704225352058	0.0	0.0042253521126760915	-0.00985915492957738	-0.008450704225352058	53119166
2022-11-21	-0.0028409090909091565	-0.0014204545454545151	0.0	-0.015625000000000045	-0.0028409090909091565	48603245
2022-11-22	0.02136752136752142	0.0	0.029914529914530037	-0.0028490028490027884	0.02136752136752142	74437354
2022-11-23	0.0027894002789400924	0.0013947001394699842	0.016736401673640183	0.0	0.0027894002789400924	78946098
2022-11-24	0.006954102920723202	0.002781641168289231	0.013908205841446404	0.0013908205841446156	0.006954102920723202	44867862
2022-11-25	0.02071823204419882	-0.002762430939226583	0.026243093922651863	-0.002762430939226583	0.02071823204419882	93615938
2022-11-28	-0.01488497970230033	-0.01488497970230033	-0.010825439783491214	-0.031123139377537152	-0.01488497970230033	64915346
2022-11-29	0.02884615384615384	0.0041208791208790325	0.04258241758241753	0.0027472527472526885	0.02884615384615384	131201738
2022-11-30	-0.010680907877169568	-0.004005340453938618	0.010680907877169568	-0.013351134846462021	-0.010680907877169568	101058436
2022-12-01	-0.006747638326585671	0.012145748987854232	0.014844804318488452	-0.009446693657220012	-0.006747638326585671	71851635
2022-12-02	-0.006793478260869661	-0.002717391304347889	0.001358695652173884	-0.01630434782608697	-0.006793478260869661	62372294
2022-12-05	0.02599179206566353	0.0041039671682626885	0.027359781121751053	0.0041039671682626885	0.02599179206566353	80348300
2022-12-06	0.004000000000000033	-0.004000000000000033	0.00933333333333337	-0.013333333333333286	0.004000000000000033	74928416
2022-12-07	-0.01460823373173975	-0.005312084993359899	0.0	-0.01992031872509965	-0.01460823373173975	100641256
2022-12-08	0.010781671159029659	-0.002695417789757355	0.01617250673854449	-0.002695417789757355	0.010781671159029659	66505553
2022-12-09	-0.004000000000000033	0.0	0.007999999999999948	-0.010666666666666677	-0.004000000000000033	93145120
2022-12-12	-0.017402945113788475	0.0013386880856761279	0.0013386880856761279	-0.020080321285140493	-0.017402945113788475	81174559
2022-12-13	0.008174386920980995	-0.0013623978201634586	0.012261580381471371	-0.0013623978201634586	0.008174386920980995	63191074
2022-12-14	0.0	0.0	0.006756756756756733	-0.009459459459459498	0.0	62275118
2022-12-15	-0.013513513513513585	0.0	0.0	-0.01621621621621623	-0.013513513513513585	59061660
2022-12-16	0.00821917808219185	-0.004109589041095925	0.012328767123287652	-0.005479452054794526	0.00821917808219185	62351760
2022-12-19	-0.020380434782608745	-0.0013586956521740047	0.005434782608695656	-0.0258152173913044	-0.020380434782608745	70378846
2022-12-20	-0.012482662968099842	0.0013869625520110662	0.004160887656033322	-0.016643550624133162	-0.012482662968099842	54314542
2022-12-21	0.005617977528089893	-0.001404494382022442	0.015449438202247236	-0.001404494382022442	0.005617977528089893	40060892
2022-12-22	0.0013966480446927076	0.005586592178770954	0.013966480446927325	-0.0069832402234636624	0.0013966480446927076	39513653
2022-12-23	-0.009762900976290137	-0.004184100418410076	-0.0013947001394699842	-0.01394700139470009	-0.009762900976290137	40135202
2022-12-26	0.0028169014084507694	-0.0028169014084506445	0.011267605633802828	-0.007042253521126736	0.0028169014084507694	51248832
2022-12-27	0.021067415730337005	0.00421348314606745	0.025280898876404456	0.00421348314606745	0.021067415730337005	66330382
2022-12-28	0.006877579092159658	-0.0013755158184318827	0.012379642365887311	-0.0027510316368637654	0.006877579092159658	50517755
2022-12-29	-0.004098360655737739	-0.002732240437158533	0.0	-0.015027322404371627	-0.004098360655737739	51440039
2022-12-30	0.0	0.001371742112482824	0.008230452674897066	-0.001371742112482824	0.0	66700039
2023-01-03	0.004115226337448594	0.0	0.008230452674897066	-0.010973936899862835	0.004115226337448594	97601079
2023-01-04	0.028688524590163928	0.0013661202185792057	0.030054644808743133	-0.002732240437158533	0.028688524590163928	139268051
2023-01-05	0.0026560424966798903	0.0026560424966798903	0.010624169986719797	-0.003984063745019953	0.0026560424966798903	83653467
2023-01-06	0.0026490066225166174	0.0	0.005298013245033118	-0.007947019867549617	0.0026490066225166174	66770392
2023-01-09	-0.0052840158520475605	-0.0013210039630119782	0.0026420079260237217	-0.00924702774108326	-0.0052840158520475605	67015085
2023-01-10	-0.01460823373173975	0.0	0.0026560424966798903	-0.015936254980079695	-0.01460823373173975	73420121
2023-01-11	0.010781671159029659	-0.002695417789757355	0.01617250673854449	-0.002695417789757355	0.010781671159029659	68711264
2023-01-12	0.007999999999999948	0.0026666666666666098	0.007999999999999948	-0.006666666666666643	0.007999999999999948	50845131
2023-01-13	0.003968253968254001	0.0	0.003968253968254001	-0.003968253968253884	0.003968253968254001	50877314
2023-01-16	-0.01054018445322794	0.0013175230566534633	0.003952569169960507	-0.011857707509881405	-0.01054018445322794	98279456
2023-01-17	0.0039946737683089545	0.0013315579227696122	0.006657789613848179	-0.0013315579227696122	0.0039946737683089545	60466131
2023-01-18	0.0013262599469495739	-0.0013262599469495739	0.005305039787798413	-0.005305039787798413	0.0013262599469495739	52360900
2023-01-19	-0.003973509933774867	0.0	0.009271523178807984	-0.007947019867549617	-0.003973509933774867	77429732
2023-01-20	0.0	0.001329787234042643	0.005319148936170218	-0.003989361702127575	0.0	59300479
2023-01-30	-0.0053191489361701	0.007978723404255386	0.00930851063829791	-0.01462765957446801	-0.0053191489361701	106782118
2023-01-31	-0.008021390374331618	0.0	0.008021390374331498	-0.008021390374331618	-0.008021390374331618	63776875
2023-02-01	-0.004043126684636152	0.0	0.004043126684636152	-0.009433962264150981	-0.004043126684636152	96598142
2023-02-02	0.0027063599458728637	0.004059539918809235	0.012178619756427707	-0.0027063599458727436	0.0027063599458728637	118067715
2023-02-03	-0.006747638326585671	-0.00134952766531711	-0.00134952766531711	-0.010796221322537122	-0.006747638326585671	59551379
2023-02-06	-0.006793478260869661	-0.002717391304347889	-0.0013586956521740047	-0.00951086956521743	-0.006793478260869661	58821414
2023-02-07	0.008207934336525377	0.002735978112175166	0.013679890560875587	-0.0013679890560875222	0.008207934336525377	67851588
2023-02-08	-0.004070556309362313	0.001356852103120731	0.004070556309362313	-0.005427408412483044	-0.004070556309362313	41587380
2023-02-09	0.006811989100817414	0.0013623978201634586	0.009536784741144453	0.0	0.006811989100817414	44937074
2023-02-10	-0.0013531799729363718	0.0	0.001353179972936492	-0.004059539918809116	-0.0013531799729363718	30689746
2023-02-13	-0.010840108401084021	0.002710027100271065	0.002710027100271065	-0.021680216802168042	-0.010840108401084021	156481068
2023-02-14	0.0013698630136986009	0.004109589041095925	0.00821917808219185	-0.004109589041095925	0.0013698630136986009	87995768
2023-02-15	-0.0109439124487003	0.002735978112175166	0.002735978112175166	-0.0109439124487003	-0.0109439124487003	57150037
2023-02-16	-0.006915629322268424	-0.0013831258644537586	0.006915629322268302	-0.009681881051175695	-0.006915629322268424	76809221
2023-02-17	-0.00696378830083563	0.0	0.004178272980501428	-0.008356545961002732	-0.00696378830083563	49524155
2023-02-20	0.025245441795231378	0.004207573632538604	0.026647966339410994	0.0028050490883591113	0.025245441795231378	91448159
2023-02-21	0.0	-0.0013679890560875222	0.0013679890560876437	-0.006839945280437733	0.0	63172097
2023-02-22	-0.006839945280437733	-0.0027359781121750444	-0.0013679890560875222	-0.008207934336525256	-0.006839945280437733	45475456
2023-02-23	0.00137741046831953	0.0	0.005509641873278242	-0.00137741046831953	0.00137741046831953	54819268
2023-02-24	-0.005502063273727531	0.0013755158184320048	0.0013755158184320048	-0.012379642365887188	-0.005502063273727531	46812376
2023-02-27	-0.0027662517289073945	-0.0013831258644537586	0.004149377593360907	-0.00414937759336103	-0.0027662517289073945	45833738
2023-02-28	-0.0027739251040221325	0.0013869625520110662	0.004160887656033322	-0.00832177531206652	-0.0027739251040221325	52380091
2023-03-01	0.004172461752433847	0.0	0.008344923504867817	-0.004172461752433971	0.004172461752433847	57226461
2023-03-02	0.002770083102493139	0.0	0.008310249307479294	-0.004155124653739524	0.002770083102493139	62755621
2023-03-03	0.008287292817679504	0.0013812154696132301	0.008287292817679504	-0.0041436464088398135	0.008287292817679504	64881648
2023-03-06	-0.009589041095890328	0.0027397260273973236	0.005479452054794526	-0.010958904109589052	-0.009589041095890328	70514778
2023-03-07	0.005532503457814543	0.0013831258644536356	0.0235131396957123	-0.0013831258644537586	0.005532503457814543	121453806
2023-03-08	-0.015130674002750954	-0.0027510316368637654	0.0	-0.01788170563961484	-0.015130674002750954	96146594
2023-03-09	-0.0013966480446927076	0.0013966480446927076	0.005586592178770954	-0.0013966480446927076	-0.0013966480446927076	48999462
2023-03-10	-0.015384615384615429	-0.005594405594405599	-0.0041958041958042305	-0.016783216783216797	-0.015384615384615429	76796058
2023-03-13	0.0	-0.007102272727272702	0.004261363636363672	-0.009943181818181858	0.0	53144839
2023-03-14	-0.004261363636363672	-0.005681818181818187	0.0014204545454545151	-0.011363636363636374	-0.004261363636363672	55163028
2023-03-15	0.00855920114122689	0.00855920114122689	0.012838801711840209	0.0014265335235377728	0.00855920114122689	52930924
2023-03-16	-0.005657708628005662	-0.004243281471004278	0.005657708628005662	-0.008486562942008556	-0.005657708628005662	68452740
2023-03-17	0.0014224751066856027	0.0042674253200568075	0.012802275960170676	-0.005689900426742537	0.0014224751066856027	84647901
2023-03-20	-0.007102272727272702	-0.0014204545454545151	0.008522727272727217	-0.008522727272727217	-0.007102272727272702	79876094
2023-03-21	-0.0028612303290415537	0.0028612303290414267	0.0071530758226036936	-0.005722460658082981	-0.0028612303290415537	43520900
2023-03-22	0.01291248206599711	0.004304160688665746	0.017216642754662857	0.0014347202295553337	0.01291248206599711	72379833
2023-03-23	0.012747875354107756	-0.0028328611898016396	0.012747875354107756	-0.004249291784702459	0.012747875354107756	54960354
2023-03-24	-0.01258741258741269	-0.001398601398601493	0.0	-0.01258741258741269	-0.01258741258741269	37801136
2023-03-27	-0.009915014164305864	-0.0014164305949008198	0.0028328611898017653	-0.01274787535410763	-0.009915014164305864	54044165
2023-03-28	-0.0028612303290415537	0.0028612303290414267	0.00429184549356214	-0.004291845493562267	-0.0028612303290415537	40302909
2023-03-29	-0.0028694404591104125	0.00286944045911054	0.004304160688665746	-0.004304160688665619	-0.0028694404591104125	32394667
2023-03-30	0.0086330935251798	0.0014388489208632786	0.010071942446043078	-0.002877697841726685	0.0086330935251798	40317781
2023-03-31	0.0014265335235377728	0.0	0.012838801711840209	-0.0028530670470755456	0.0014265335235377728	54705607
2023-04-03	0.0014245014245015208	-0.0014245014245013942	0.0042735042735043095	-0.004273504273504183	0.0014245014245015208	58750583
2023-04-04	0.008534850640113742	-0.001422475106685729	0.008534850640113742	-0.0028449502133713316	0.008534850640113742	57130868
2023-04-06	-0.007052186177715067	-0.0014104372355429884	-0.0014104372355429884	-0.012693935119887145	-0.007052186177715067	62135061
2023-04-07	0.0	0.0014204545454545151	0.004261363636363672	-0.004261363636363672	0.0	41923039
2023-04-10	0.0014204545454545151	0.0	0.004261363636363672	-0.0014204545454545151	0.0014204545454545151	35630388
2023-04-11	-0.002836879432624053	0.0014184397163120265	0.0014184397163120265	-0.0056737588652482325	-0.002836879432624053	50567635
2023-04-12	0.0014224751066856027	0.0014224751066856027	0.0028449502133712054	-0.004267425320056934	0.0014224751066856027	48734516
2023-04-13	0.0028409090909090303	-0.0028409090909091565	0.012784090909090889	-0.009943181818181858	0.0028409090909090303	66512960
2023-04-14	0.005665722379603405	0.0028328611898017653	0.00708215297450435	-0.0014164305949008198	0.005665722379603405	55364697
2023-04-17	0.028169014084507067	0.0	0.02957746478873239	-0.0014084507042253223	0.028169014084507067	123662700
2023-04-18	0.026027397260274025	0.0013698630136986009	0.032876712328767155	-0.0013698630136986009	0.026027397260274025	231906883
2023-04-19	-0.0013351134846461665	0.0	0.004005340453938499	-0.009345794392523402	-0.0013351134846461665	111083722
2023-04-20	-0.0013368983957220153	0.0013368983957218966	0.0026737967914437933	-0.01737967914438513	-0.0013368983957220153	113533983
2023-04-21	-0.01070950468540831	-0.001338688085676009	0.006693440428380164	-0.012048192771084319	-0.01070950468540831	74561653
2023-04-24	0.0	0.004059539918809235	0.010825439783491214	-0.0013531799729363718	0.0	84305553
2023-04-25	0.0230040595399188	-0.0013531799729363718	0.025710419485791666	-0.0013531799729363718	0.0230040595399188	163202788
2023-04-26	-0.007936507936507886	0.003968253968254001	0.005291005291005296	-0.023809523809523774	-0.007936507936507886	143525032
2023-04-27	0.010666666666666677	0.0	0.011999999999999981	-0.0026666666666666098	0.010666666666666677	109934628
2023-04-28	0.0171503957783641	0.022427440633245373	0.054089709762533	0.01319261213720312	0.0171503957783641	368577944
2023-05-04	0.005188067444876788	-0.0012970168612191683	0.011673151750972744	-0.0025940337224383365	0.005188067444876788	286459053
2023-05-05	-0.006451612903225784	0.003870967741935516	0.011612903225806433	-0.011612903225806433	-0.006451612903225784	215437578
2023-05-08	0.020779220779220797	0.0064935064935064705	0.031168831168831197	0.003896103896103928	0.020779220779220797	425108764
2023-05-09	-0.02035623409669213	0.006361323155216262	0.010178117048346065	-0.022900763358778702	-0.02035623409669213	348376773
2023-05-10	-0.01168831168831167	0.002597402597402542	0.005194805194805199	-0.016883116883116868	-0.01168831168831167	181266205
2023-05-11	0.006570302233902736	-0.0013140604467806406	0.015768725361366635	-0.003942181340341688	0.006570302233902736	127072488
2023-05-12	-0.007832898172323825	-0.0026109660574413136	0.00652741514360311	-0.010443864229765022	-0.007832898172323825	88783783
2023-05-15	0.005263157894736847	-0.0013157894736841825	0.00789473684210533	-0.01315789473684206	0.005263157894736847	117285958
2023-05-16	-0.002617801047120363	0.0013089005235602978	0.009162303664921503	-0.003926701570680545	-0.002617801047120363	100642701
2023-05-17	-0.003937007874015781	-0.0013123359580052214	0.0026246719160104427	-0.007874015748031562	-0.003937007874015781	87870947
2023-05-18	0.013175230566534985	0.003952569169960507	0.017127799736495374	0.0013175230566534633	0.013175230566534985	118928390
2023-05-19	-0.00910273081924581	-0.0039011703511053638	0.0	-0.010403120936280893	-0.00910273081924581	74568071
2023-05-22	0.005249343832021002	0.0	0.010498687664042003	-0.0013123359580052214	0.005249343832021002	68971565
2023-05-23	-0.013054830287206335	0.0	0.0026109660574411974	-0.013054830287206335	-0.013054830287206335	74738150
2023-05-24	-0.011904761904761887	0.0	0.0	-0.021164021164021066	-0.011904761904761887	142065445
2023-05-25	0.0013386880856761279	0.0	0.012048192771084319	-0.004016064257028027	0.0013386880856761279	91995046
2023-05-26	0.006684491978609601	0.0	0.008021390374331498	-0.0026737967914439117	0.006684491978609601	49561545
2023-05-29	-0.0013280212483400631	0.0013280212483399452	0.005312084993359899	-0.009296148738379851	-0.0013280212483400631	70586938
2023-05-30	-0.010638297872340318	-0.00265957446808505	-0.001329787234042525	-0.018617021276595702	-0.010638297872340318	93222246
2023-05-31	-0.0026881720430108145	-0.001344086021505467	0.0	-0.008064516129032324	-0.0026881720430108145	53512489
2023-06-01	-0.0013477088948786774	-0.0013477088948786774	0.008086253369272304	-0.005390835579514829	-0.0013477088948786774	61844577
2023-06-02	0.009446693657220012	0.00269905533063422	0.010796221322537122	0.00269905533063422	0.009446693657220012	48017425
2023-06-05	0.0	0.0013368983957218966	0.005347593582887587	-0.004010695187165809	0.0	45042654
2023-06-06	-0.004010695187165809	0.0	0.008021390374331498	-0.004010695187165809	-0.004010695187165809	54284814
2023-06-07	0.0026845637583892044	0.0026845637583892044	0.00671140939597313	-0.0026845637583893236	0.0026845637583892044	75877111
2023-06-08	0.0187416331994646	0.0013386880856761279	0.02008032128514061	-0.002677376171352018	0.0187416331994646	85276173
2023-06-09	-0.0013140604467806406	0.0026281208935610475	0.0026281208935610475	-0.006570302233902853	-0.0013140604467806406	61482338
2023-06-12	-0.010526315789473694	-0.0013157894736841825	-0.0013157894736841825	-0.011842105263157876	-0.010526315789473694	63485368
2023-06-13	0.003989361702127693	-0.001329787234042525	0.005319148936170218	-0.00265957446808505	0.003989361702127693	42727662
2023-06-14	-0.009271523178807868	-0.00132450331125825	0.005298013245033118	-0.009271523178807868	-0.009271523178807868	63585759
2023-06-15	-0.0013368983957220153	0.00401069518716569	0.005347593582887587	-0.008021390374331618	-0.0013368983957220153	72701079
2023-06-16	-0.008032128514056172	0.0013386880856761279	0.002677376171352137	-0.01070950468540831	-0.008032128514056172	76560917
2023-06-19	-0.009446693657220012	0.0	0.00134952766531711	-0.010796221322537122	-0.009446693657220012	64393060
2023-06-20	-0.0040871934604904975	0.0	0.0040871934604904975	-0.005449591280653956	-0.0040871934604904975	67154072
2023-06-21	-0.004103967168262566	0.0	0.00547195622435021	-0.004103967168262566	-0.004103967168262566	61625688
2023-06-26	-0.009615384615384654	-0.0013736263736264663	0.0	-0.010989010989010999	-0.009615384615384654	62740945
2023-06-27	0.009708737864077709	0.004160887656033322	0.013869625520110907	0.0	0.009708737864077709	67056746
2023-06-28	0.0041208791208790325	0.0013736263736263442	0.005494505494505499	-0.002747252747252811	0.0041208791208790325	37947298
2023-06-29	-0.0013679890560875222	-0.0013679890560875222	0.0013679890560876437	-0.00547195622435021	-0.0013679890560875222	37343780
2023-06-30	0.006849315068493127	0.0	0.00958904109589045	-0.0013698630136986009	0.006849315068493127	47456117
2023-07-03	0.009523809523809563	0.0013605442176871667	0.010884353741496608	0.0	0.009523809523809563	60202645
2023-07-04	-0.008086253369272184	-0.002695417789757355	0.0	-0.013477088948787014	-0.008086253369272184	51066521
2023-07-05	-0.002717391304347889	-0.0013586956521740047	0.001358695652173884	-0.004076086956521773	-0.002717391304347889	37191649
2023-07-06	-0.005449591280653956	0.0	0.0013623978201634586	-0.009536784741144453	-0.005449591280653956	40200613
2023-07-07	-0.0013698630136986009	-0.0013698630136986009	0.0027397260273973236	-0.006849315068493127	-0.0013698630136986009	36333710
2023-07-10	-0.005486968449931418	0.001371742112482824	0.002743484224965648	-0.0068587105624142415	-0.005486968449931418	41146943
2023-07-11	0.0110344827586207	0.0013793103448275568	0.012413793103448256	0.0	0.0110344827586207	40780952
2023-07-12	0.006821282401091381	0.002728512960436504	0.016371077762619386	0.0	0.006821282401091381	70701413
2023-07-13	0.005420054200542011	0.002710027100271065	0.009485094850948549	-0.0013550135501354725	0.005420054200542011	62886277
2023-07-14	0.0013477088948786774	0.0026954177897574746	0.008086253369272304	-0.0013477088948786774	0.0013477088948786774	74361372
2023-07-17	-0.05921938088829065	-0.05652759084791385	-0.05383580080753694	-0.06325706594885595	-0.05921938088829065	80439257
2023-07-18	-0.005722460658082981	0.0014306151645207133	0.00429184549356214	-0.0071530758226036936	-0.005722460658082981	46357335
2023-07-19	0.011510791366906485	0.002877697841726557	0.012949640287769763	0.0	0.011510791366906485	43941004
2023-07-20	-0.0028449502133713316	0.0014224751066856027	0.0042674253200568075	-0.005689900426742537	-0.0028449502133713316	44277635
2023-07-21	0.0014265335235377728	-0.0028530670470755456	0.0014265335235377728	-0.007132667617688991	0.0014265335235377728	30621794
2023-07-24	-0.0071225071225070975	-0.0028490028490027884	0.0	-0.0071225071225070975	-0.0071225071225070975	38788145
2023-07-25	0.018651362984218062	0.008608321377331493	0.020086083213773396	0.007173601147776158	0.018651362984218062	81091404
2023-07-26	-0.008450704225352058	-0.0014084507042253223	0.0	-0.011267605633802828	-0.008450704225352058	58362477
2023-07-27	0.004261363636363672	0.0014204545454545151	0.009943181818181858	0.0	0.004261363636363672	54083216
2023-07-28	0.01838755304101837	0.0	0.02121640735502114	-0.002828854314002894	0.01838755304101837	146345118
2023-07-31	0.0027777777777777185	0.0	0.01805555555555554	-0.0013888888888888592	0.0027777777777777185	220272296
2023-08-01	-0.005540166204986155	0.0013850415512466309	0.0013850415512466309	-0.008310249307479171	-0.005540166204986155	100693642
2023-08-02	-0.00696378830083563	-0.005571030640668529	-0.0013927576601671012	-0.012534818941504159	-0.00696378830083563	103388459
2023-08-03	0.016830294530154295	0.01963534361851328	0.023842917251051882	0.004207573632538604	0.016830294530154295	260500523
2023-08-04	0.00551724137931035	0.00551724137931035	0.009655172413793142	-0.0041379310344827926	0.00551724137931035	188079808
2023-08-07	-0.01234567901234566	-0.00274348422496577	-0.001371742112482824	-0.013717421124828483	-0.01234567901234566	109130783
2023-08-08	-0.00694444444444442	-0.0013888888888888592	0.0027777777777777185	-0.008333333333333403	-0.00694444444444442	103667937
2023-08-09	-0.002797202797202862	-0.002797202797202862	0.0027972027972027374	-0.0041958041958042305	-0.002797202797202862	67969299
2023-08-10	0.0	0.0	0.0014025245441794932	-0.007012622720897591	0.0	107628378
2023-08-11	-0.011220196353436195	-0.0014025245441794932	0.0	-0.012622720897615689	-0.011220196353436195	88959972
2023-08-14	0.0014184397163120265	-0.0056737588652482325	0.004255319148936206	-0.011347517730496465	0.0014184397163120265	100374152
2023-08-15	0.004249291784702585	0.0	0.00708215297450435	-0.005665722379603405	0.004249291784702585	86895054
2023-08-16	0.0028208744710861017	-0.0028208744710859768	0.00423131170662909	-0.0056417489421720785	0.0028208744710861017	76514859
2023-08-17	0.0014064697609001105	-0.004219409282700457	0.002812939521800221	-0.011251758087201134	0.0014064697609001105	115517429
2023-08-18	0.0	-0.002808988764045009	0.002808988764044884	-0.005617977528089893	0.0	142638553
2023-08-21	-0.011235955056179785	-0.001404494382022442	0.0	-0.011235955056179785	-0.011235955056179785	119702222
2023-08-22	0.0028409090909090303	0.0014204545454545151	0.005681818181818187	-0.0014204545454545151	0.0028409090909090303	70516555
2023-08-23	-0.0014164305949008198	0.0014164305949009456	0.005665722379603405	-0.0028328611898016396	-0.0014164305949008198	85412683
2023-08-24	-0.004255319148936206	0.0014184397163120265	0.0014184397163120265	-0.0056737588652482325	-0.004255319148936206	65739760
2023-08-25	0.0056980056980057035	-0.0014245014245013942	0.008547008547008619	-0.0014245014245013942	0.0056980056980057035	61444015
2023-08-28	0.004249291784702585	0.03116147308781879	0.03682719546742219	0.0014164305949009456	0.004249291784702585	211056216
2023-08-29	-0.0028208744710859768	-0.0014104372355429884	0.0014104372355429884	-0.008462623413258055	-0.0028208744710859768	115423667
2023-08-30	-0.002828854314002894	0.0	0.0	-0.005657708628005662	-0.002828854314002894	91713456
2023-08-31	0.011347517730496465	0.0	0.011347517730496465	-0.0014184397163120265	0.011347517730496465	184852366
2023-09-01	0.0	-0.0014025245441794932	0.0014025245441794932	-0.004207573632538604	0.0	197043684
2023-09-04	0.0	-0.0014025245441794932	0.0	-0.004207573632538604	0.0	310693206
2023-09-05	-0.03506311360448808	-0.004207573632538604	-0.004207573632538604	-0.03506311360448808	-0.03506311360448808	433761746
2023-09-06	0.004360465116279106	-0.0029069767441859845	0.004360465116279106	-0.008720930232558082	0.004360465116279106	226846420
2023-09-07	0.00289435600578865	-0.0028943560057887786	0.011577424023154858	-0.0028943560057887786	0.00289435600578865	239927845
2023-09-08	0.0	0.0	0.007215007215007318	-0.0014430014430014122	0.0	132589437
2023-09-11	0.012987012987012967	0.0014430014430015404	0.018759018759018746	0.0014430014430015404	0.012987012987012967	281951586
2023-09-12	0.007122507122507224	0.002849002849002915	0.007122507122507224	-0.0014245014245013942	0.007122507122507224	162493219
2023-09-13	-0.004243281471004278	0.0	0.0028288543140027682	-0.005657708628005662	-0.004243281471004278	108753670
2023-09-14	0.011363636363636374	0.0014204545454545151	0.011363636363636374	0.0	0.011363636363636374	184372410
2023-09-15	-0.007022471910112334	0.002808988764044884	0.005617977528089893	-0.007022471910112334	-0.007022471910112334	163595637
2023-09-18	-0.0014144271570015099	0.0	0.0028288543140027682	-0.008486562942008556	-0.0014144271570015099	132389723
2023-09-19	0.012747875354107756	0.0014164305949009456	0.012747875354107756	0.0	0.012747875354107756	222391314
2023-09-20	0.005594405594405599	0.0	0.011188811188811197	-0.002797202797202862	0.005594405594405599	211731288
2023-09-21	-0.004172461752433971	0.002781641168289231	0.005563282336578586	-0.004172461752433971	-0.004172461752433971	159177000
2023-09-22	0.0	0.0013966480446927076	0.004189944134078247	-0.005586592178770954	0.0	130409652
2023-09-25	0.012569832402234617	0.0013966480446927076	0.015363128491620031	-0.0013966480446927076	0.012569832402234617	173003759
2023-09-26	0.0	0.0013793103448275568	0.0041379310344827926	-0.0013793103448275568	0.0	111442496
2023-09-27	-0.0041379310344827926	0.0013793103448275568	0.0027586206896551137	-0.006896551724137907	-0.0041379310344827926	115658183
2023-09-28	-0.005540166204986155	0.0013850415512466309	0.0069252077562326625	-0.0069252077562326625	-0.005540166204986155	100517556
2023-10-09	0.001392757660167225	-0.0013927576601671012	0.0027855153203343265	-0.005571030640668529	0.001392757660167225	122512139
2023-10-10	-0.009735744089012557	0.0013908205841446156	0.004172461752433847	-0.011126564673157173	-0.009735744089012557	122898608
2023-10-11	-0.0084269662921349	0.002808988764044884	0.005617977528089893	-0.016853932584269676	-0.0084269662921349	194322266
2023-10-12	0.00991501416430599	0.00708215297450435	0.01133144475920681	0.0014164305949009456	0.00991501416430599	156133004
2023-10-13	0.0	-0.004207573632538604	0.005610098176718098	-0.009817671809256702	0.0	118137098
2023-10-16	0.0028050490883591113	0.0014025245441794932	0.009817671809256702	-0.0014025245441794932	0.0028050490883591113	116820850
2023-10-17	0.0041958041958041065	0.0027972027972027374	0.009790209790209706	-0.001398601398601493	0.0041958041958041065	116651547
2023-10-18	0.008356545961002855	0.0027855153203343265	0.011142061281337058	0.0	0.008356545961002855	144180395
2023-10-19	-0.022099447513812175	-0.0013812154696132301	0.0	-0.024861878453038756	-0.022099447513812175	183381992
2023-10-20	-0.005649717514124299	-0.005649717514124299	0.0028248587570620866	-0.011299435028248598	-0.005649717514124299	110138788
2023-10-23	-0.007102272727272702	-0.004261363636363672	0.004261363636363672	-0.012784090909090889	-0.007102272727272702	115360232
2023-10-24	-0.010014306151645247	0.00429184549356214	0.0071530758226036936	-0.014306151645207515	-0.010014306151645247	160628998
2023-10-25	0.004335260115606972	0.004335260115606972	0.008670520231213945	-0.004335260115606972	0.004335260115606972	101994639
2023-10-26	0.010071942446043078	-0.002877697841726685	0.011510791366906485	-0.0043165467625899635	0.010071942446043078	90598730
2023-10-27	-0.018518518518518504	-0.0014245014245013942	0.0056980056980057035	-0.027065527065526996	-0.018518518518518504	267909237
2023-10-30	0.004354136429608164	0.008708272859216328	0.026124818577648857	0.002902757619738819	0.004354136429608164	240148003
2023-10-31	-0.0028901734104045626	-0.0014450867052022813	0.0	-0.013005780346820789	-0.0028901734104045626	162191488
2023-11-01	-0.010144927536231925	0.0014492753623188096	0.0014492753623188096	-0.011594202898550735	-0.010144927536231925	166263549
2023-11-02	0.0014641288433381826	0.0	0.00585651537335286	-0.0014641288433381826	0.0014641288433381826	102424787
2023-11-03	0.002923976608187202	0.002923976608187202	0.005847953216374275	0.0	0.002923976608187202	86132228
2023-11-06	0.008746355685131138	0.0014577259475218346	0.008746355685131138	0.0	0.008746355685131138	124493923
2023-11-07	-0.007225433526011535	-0.0014450867052022813	-0.0014450867052022813	-0.008670520231213816	-0.007225433526011535	96006420
2023-11-08	-0.0029112081513828912	-0.0014556040756913808	0.0014556040756913808	-0.005822416302765653	-0.0029112081513828912	68033867
2023-11-09	-0.001459854014598509	-0.001459854014598509	0.004379562043795657	-0.002919708029197018	-0.001459854014598509	92528653
2023-11-10	-0.01169590643274855	-0.0014619883040935362	0.0014619883040935362	-0.016081871345029156	-0.01169590643274855	166785836
2023-11-13	-0.008875739644970357	0.0	0.0014792899408283709	-0.01479289940828397	-0.008875739644970357	111115957
2023-11-14	-0.001492537313432804	0.0	0.004477611940298544	-0.004477611940298544	-0.001492537313432804	108292306
2023-11-15	0.008968609865470793	0.0044843049327353305	0.013452914798206256	0.0014947683109117766	0.008968609865470793	101401203
2023-11-16	-0.00148148148148145	-0.00148148148148145	0.00148148148148145	-0.005925925925925931	-0.00148148148148145	53026161
2023-11-17	-0.008902077151335385	0.0	0.0014836795252225203	-0.010385756676557905	-0.008902077151335385	86809944
2023-11-20	0.010479041916167707	0.0014970059880240532	0.011976047904191628	-0.0014970059880239203	0.010479041916167707	80006899
2023-11-21	0.00148148148148145	0.00148148148148145	0.008888888888888832	0.0	0.00148148148148145	94407234
2023-11-22	0.0	-0.0014792899408283709	0.007396449704141985	-0.0014792899408283709	0.0	69095799
2023-11-23	0.0014792899408283709	0.0	0.002958579881656873	-0.004437869822485113	0.0014792899408283709	55131947
2023-11-24	0.004431314623338294	-0.0014771048744460543	0.010339734121122643	-0.0014771048744460543	0.004431314623338294	88541852
2023-11-27	-0.004411764705882389	0.0014705882352940864	0.0029411764705883033	-0.005882352941176476	-0.004411764705882389	81463699
2023-11-28	-0.007385524372230403	0.0	0.0014771048744461855	-0.01329394387001475	-0.007385524372230403	80783798
2023-11-29	-0.016369047619047537	0.0	0.0014880952380953386	-0.017857142857142873	-0.016369047619047537	131658743
2023-11-30	0.0015128593040846878	0.0	0.006051437216338886	-0.001512859304084822	0.0015128593040846878	95820963
2023-12-01	0.003021148036253712	0.001510574018126856	0.004531722054380702	-0.0030211480362538463	0.003021148036253712	88358571
2023-12-04	-0.012048192771084348	-0.0015060240963855102	0.001506024096385644	-0.012048192771084348	-0.012048192771084348	107887277
2023-12-05	-0.019817073170731694	0.0	0.001524390243902542	-0.0213414634146341	-0.019817073170731694	144128596
2023-12-06	0.010886469673405955	0.0	0.020217729393468102	-0.010886469673405817	0.010886469673405955	129341157
2023-12-07	0.004615384615384654	-0.0015384615384615057	0.009230769230769171	-0.004615384615384654	0.004615384615384654	107593130
2023-12-08	0.001531393568146981	-0.001531393568147117	0.009188361408882023	-0.009188361408882158	0.001531393568146981	157022002
2023-12-11	0.0076452599388378934	-0.003058103975535239	0.009174311926605444	-0.015290519877675787	0.0076452599388378934	111791530
2023-12-12	0.009104704097116919	-0.00303490136570555	0.012139605462822469	-0.004552352048558459	0.009104704097116919	93045431
2023-12-13	-0.010526315789473726	-0.001503759398496342	0.0030075187969924168	-0.012030075187969934	-0.010526315789473726	82987295
2023-12-14	-0.0060790273556231055	0.0030395136778114855	0.0030395136778114855	-0.0060790273556231055	-0.0060790273556231055	48792213
2023-12-15	0.0	0.0015290519877675516	0.0076452599388378934	-0.0076452599388378934	0.0	114076775
2023-12-18	-0.004587155963302791	-0.004587155963302791	0.004587155963302791	-0.009174311926605444	-0.004587155963302791	58626962
2023-12-19	0.0	0.0	0.0030721966205837885	-0.006144393241167441	0.0	54716086
2023-12-20	0.001536098310291826	0.0	0.012288786482334882	0.0	0.001536098310291826	72258961
2023-12-21	0.0030674846625767583	-0.001533742331288311	0.004601226993865069	-0.007668711656441691	0.0030674846625767583	69827716
2023-12-22	0.0015290519877675516	0.0015290519877675516	0.006116207951070342	-0.0015290519877675516	0.0015290519877675516	83364516
2023-12-25	0.0015267175572518759	0.0	0.0030534351145038875	-0.0030534351145037517	0.0015267175572518759	50256374
2023-12-26	-0.0015243902439024066	-0.0015243902439024066	0.001524390243902542	-0.00457317073170722	-0.0015243902439024066	51355610
2023-12-27	0.015267175572519165	-0.0015267175572518759	0.016793893129771042	-0.0030534351145037517	0.015267175572519165	99040658
2023-12-28	0.012030075187969934	0.0	0.013533834586466143	-0.001503759398496342	0.012030075187969934	117810309
2023-12-29	-0.00594353640416048	-0.001485884101040219	0.0014858841010400871	-0.010401188707280873	-0.00594353640416048	85293638
2024-01-02	0.0	0.0029895366218235533	0.01046337817638257	-0.0014947683109119096	0.0	81944153
2024-01-03	0.0029895366218235533	-0.0014947683109119096	0.0044843049327353305	-0.0014947683109119096	0.0029895366218235533	60062055
2024-01-04	0.0	0.0	0.004470938897168443	-0.007451564828613983	0.0	82064425
2024-01-05	0.014903129657227966	0.0014903129657227701	0.02682563338301039	-0.0029806259314455403	0.014903129657227966	180679352
2024-01-08	0.0	-0.0014684287812040803	0.005873715124816452	-0.0044052863436122415	0.0	112374076
2024-01-09	0.005873715124816452	-0.0014684287812040803	0.008810572687224743	-0.008810572687224613	0.005873715124816452	100574501
2024-01-10	-0.001459854014598509	-0.001459854014598509	0.004379562043795657	-0.002919708029197018	-0.001459854014598509	98080847
2024-01-11	0.004385964912280738	0.0014619883040935362	0.01169590643274855	-0.0029239766081870723	0.004385964912280738	117081047
2024-01-12	0.007278020378457034	-0.0014556040756913808	0.010189228529839925	-0.0014556040756913808	0.007278020378457034	85173023
2024-01-15	0.008670520231213945	0.0	0.010115606936416227	-0.0014450867052022813	0.008670520231213945	101710478
2024-01-16	0.014326647564469863	-0.001432664756447088	0.014326647564469863	-0.0028653295128940486	0.014326647564469863	156984053
2024-01-17	-0.00847457627118651	0.0	0.007062146892655342	-0.00847457627118651	-0.00847457627118651	186455665
2024-01-18	0.0056980056980057035	-0.004273504273504183	0.009971509971510013	-0.02136752136752129	0.0056980056980057035	218955625
2024-01-19	0.005665722379603405	-0.004249291784702459	0.00849858356940517	-0.008498583569405044	0.005665722379603405	146856596
2024-01-22	-0.008450704225352058	0.0	0.011267605633802828	-0.015492957746478794	-0.008450704225352058	212645066
2024-01-23	0.0014204545454545151	-0.005681818181818187	0.005681818181818187	-0.011363636363636374	0.0014204545454545151	148442519
2024-01-24	0.007092198581560258	0.002836879432624179	0.008510638297872412	-0.007092198581560258	0.007092198581560258	130835398
2024-01-25	0.0042253521126760915	0.0014084507042254472	0.005633802816901414	-0.0014084507042253223	0.0042253521126760915	143506946
2024-01-26	0.0154277699859748	0.0	0.016830294530154295	-0.0014025245441794932	0.0154277699859748	177225290
2024-01-29	0.009668508287292734	0.005524861878453044	0.02071823204419882	0.00414364640883969	0.009668508287292734	186902694
2024-01-30	-0.00547195622435021	-0.00547195622435021	0.009575923392612899	-0.012311901504787942	-0.00547195622435021	146955524
2024-01-31	0.006877579092159658	-0.0027510316368637654	0.011004126547455306	-0.004126547455295648	0.006877579092159658	148523110
2024-02-01	-0.004098360655737739	-0.002732240437158533	0.0027322404371584114	-0.010928961748633888	-0.004098360655737739	138062612
2024-02-02	0.001371742112482824	-0.001371742112482824	0.009602194787380012	-0.017832647462277078	0.001371742112482824	206710624
2024-02-05	0.00821917808219185	-0.0027397260273972017	0.00958904109589045	-0.004109589041095925	0.00821917808219185	259875827
2024-02-06	0.008152173913043424	0.0	0.012228260869565197	-0.005434782608695656	0.008152173913043424	228846662
2024-02-07	-0.010781671159029659	0.0	0.0026954177897574746	-0.028301886792452827	-0.010781671159029659	280194331
2024-02-08	-0.008174386920980874	-0.005449591280653956	-0.0013623978201634586	-0.019073569482288784	-0.008174386920980874	199760757
2024-02-19	0.02884615384615384	0.0027472527472526885	0.02884615384615384	-0.002747252747252811	0.02884615384615384	193363001
2024-02-20	0.016021361815754354	-0.0013351134846461665	0.01735647530040052	-0.005340453938584784	0.016021361815754354	164829788
2024-02-21	0.03153745072273315	-0.0013140604467806406	0.04073587385019706	-0.003942181340341688	0.03153745072273315	230787985
2024-02-22	0.011464968152866338	-0.0025477707006368883	0.014012738853503227	-0.0063694267515923345	0.011464968152866338	135000545
2024-02-23	-0.011335012594458531	-0.0012594458438288003	0.005037783375314866	-0.01259445843828722	-0.011335012594458531	179770179
2024-02-26	-0.021656050955414004	-0.0012738853503184442	0.0	-0.026751592356687896	-0.021656050955414004	154353466
2024-02-27	0.0	0.0	0.011718749999999983	-0.005208333333333338	0.0	126249222
2024-02-28	-0.0065104166666666435	-0.0039062499999999167	0.003906250000000033	-0.013020833333333287	-0.0065104166666666435	117533532
2024-02-29	0.005242463958060293	-0.0026212319790300882	0.005242463958060293	-0.003931847968545249	0.005242463958060293	106994833
2024-03-01	-0.007822685788787432	-0.0026075619295957723	-0.0013037809647978862	-0.009126466753585435	-0.007822685788787432	98522655
2024-03-04	-0.006570302233902853	-0.0026281208935611646	0.0	-0.0091984231274639	-0.006570302233902853	116126995
2024-03-05	0.025132275132275186	-0.0013227513227512947	0.02645502645502648	-0.0026455026455025894	0.025132275132275186	179891015
2024-03-06	-0.0025806451612902675	0.0012903225806451338	0.014193548387096815	-0.003870967741935516	-0.0025806451612902675	105413805
2024-03-07	0.005174644243208169	-0.0025873221216041993	0.012936610608020652	-0.0038809831824062413	0.005174644243208169	75638295
2024-03-08	-0.0025740025740025193	-0.0012870012870012596	0.005148005148005153	-0.009009009009008933	-0.0025740025740025193	65291067
2024-03-11	-0.003870967741935516	0.0	0.0051612903225806495	-0.010322580645161299	-0.003870967741935516	84941458
2024-03-12	-0.016839378238341956	-0.0025906735751294787	0.0	-0.019430051813471433	-0.016839378238341956	116407073
2024-03-13	-0.007905138339920898	-0.0026350461133069266	0.0	-0.013175230566534867	-0.007905138339920898	93997577
2024-03-14	0.007968127490039788	-0.0013280212483400631	0.018592297476759584	-0.0026560424966800083	0.007968127490039788	97205143
2024-03-15	0.013175230566534985	0.0026350461133070437	0.013175230566534985	0.0026350461133070437	0.013175230566534985	92881693
2024-03-18	-0.010403120936280893	-0.005201560468140447	-0.0013003901170351982	-0.014304291287386257	-0.010403120936280893	88220943
2024-03-19	0.0	-0.0013140604467806406	0.003942181340341571	-0.0026281208935611646	0.0	74463391
2024-03-20	0.0	-0.0013140604467806406	0.00788436268068326	-0.005256241787122212	0.0	73376666
2024-03-21	0.015768725361366635	-0.0013140604467806406	0.01971090670170821	-0.0026281208935611646	0.015768725361366635	117207729
2024-03-22	-0.005174644243208283	0.0	0.0025873221216040844	-0.012936610608020767	-0.005174644243208283	84745722
2024-03-25	0.0026007802340701656	-0.0013003901170351982	0.010403120936280777	-0.0013003901170351982	0.0026007802340701656	90586807
2024-03-26	0.010376134889753577	0.0012970168612191683	0.011673151750972744	-0.0025940337224383365	0.010376134889753577	115519018
2024-03-27	0.0077021822849806946	-0.0012836970474967633	0.016688061617458266	-0.0025673940949936407	0.0077021822849806946	128499360
2024-03-28	-0.0012738853503184442	-0.0012738853503184442	0.0	-0.012738853503184669	-0.0012738853503184442	125861444
2024-03-29	0.00765306122448986	-0.0012755102040816054	0.012755102040816394	-0.00382653061224493	0.00765306122448986	81726160
2024-04-01	0.00759493670886071	0.0012658227848100995	0.008860759493670808	0.0	0.00759493670886071	83488089
2024-04-02	0.005025125628140708	0.0	0.013819095477386975	-0.002512562814070298	0.005025125628140708	99956090
2024-04-03	-0.010000000000000009	0.0	0.0012499999999999734	-0.016249999999999987	-0.010000000000000009	88121995
2024-04-08	0.0063131313131312905	0.0	0.011363636363636347	-0.0012626262626262356	0.0063131313131312905	97888663
2024-04-09	-0.0037641154328731945	0.0	0.010037641154328853	-0.006273525721455436	-0.0037641154328731945	104401396
2024-04-10	-0.0037783375314861772	-0.0012594458438288003	0.0062972292191435545	-0.0075566750629723544	-0.0037783375314861772	77435511
2024-04-11	0.0025284450063210585	-0.00505689001264223	0.0037926675094817003	-0.011378002528444987	0.0025284450063210585	79045710
2024-04-12	-0.003783102143757801	0.0	0.00504413619167718	-0.00504413619167718	-0.003783102143757801	80336320
2024-04-15	0.01518987341772142	0.002531645569620199	0.016455696202531518	-0.001265822784810212	0.01518987341772142	128264550
2024-04-16	-0.00623441396508726	0.0	0.0024937655860348597	-0.01122194513715709	-0.00623441396508726	120938500
2024-04-17	0.013801756587202047	0.0012547051442911763	0.015056461731493113	-0.008782936010037566	0.013801756587202047	124212596
2024-04-18	0.01980198019801982	0.0	0.035891089108910784	-0.0012376237623762112	0.01980198019801982	187237966
2024-04-19	-0.008495145631067996	-0.0024271844660193657	0.0036407766990290487	-0.009708737864077678	-0.008495145631067996	93852704
2024-04-22	0.004895960832313455	0.006119951040391764	0.017135862913096767	0.0012239902080783092	0.004895960832313455	138549577
2024-04-23	0.0024360535931789978	0.0048721071863579955	0.013398294762484704	-0.0012180267965897153	0.0024360535931789978	122986034
2024-04-24	-0.008505467800729074	-0.0024301336573511025	0.0024301336573511025	-0.013365735115431494	-0.008505467800729074	91822370
2024-04-25	0.034313725490196	0.0012254901960784053	0.035539215686274404	-0.0012254901960784053	0.034313725490196	179317222
2024-04-26	-0.09123222748815162	-0.06398104265402833	-0.06398104265402833	-0.09834123222748806	-0.09123222748815162	764456469
2024-04-29	0.029986962190352077	-0.003911342894393774	0.033898305084745735	-0.005215123859191661	0.029986962190352077	525565440
2024-04-30	0.02278481012658224	0.00759493670886071	0.029113924050632962	0.002531645569620199	0.02278481012658224	227578791
2024-05-06	-0.007425742574257487	0.004950495049504845	0.008663366336633699	-0.008663366336633699	-0.007425742574257487	225535907
2024-05-07	-0.00623441396508726	0.0012468827930174299	0.0024937655860348597	-0.01870324189526178	-0.00623441396508726	228180805
2024-05-08	0.008782936010037566	-0.0012547051442910648	0.013801756587202047	-0.0012547051442910648	0.008782936010037566	133996245
2024-05-09	-0.004975124378109347	-0.0012437810945273367	0.007462686567164241	-0.006218905472636684	-0.004975124378109347	126341086
2024-05-10	0.008750000000000036	0.0012499999999999734	0.012499999999999956	-0.0050000000000000044	0.008750000000000036	165890176
2024-05-13	0.009913258983890963	-0.0037174721189592486	0.011152416356877306	-0.009913258983890963	0.009913258983890963	156287507
2024-05-14	-0.0012269938650306487	0.0	0.011042944785276055	-0.0024539877300612974	-0.0012269938650306487	97802921
2024-05-15	0.0024570024570024045	0.0	0.008599508599508634	-0.0049140049140050275	0.0024570024570024045	92054031
2024-05-16	0.01960784313725492	0.0024509803921568107	0.022058823529411728	0.0	0.01960784313725492	138052124
2024-05-17	0.007211538461538521	0.0	0.007211538461538521	-0.009615384615384623	0.007211538461538521	114647224
2024-05-20	-0.008353221957040606	0.0	0.00596658711217171	-0.010739856801909501	-0.008353221957040606	112354149
2024-05-21	0.007220216606498041	-0.00120336943441634	0.010830324909747275	-0.003610108303249234	0.007220216606498041	88443010
2024-05-22	-0.0023894862604539515	0.0	0.00955794504181602	-0.0023894862604539515	-0.0023894862604539515	99959350
2024-05-23	-0.00718562874251503	-0.0011976047904191363	0.0023952095808382726	-0.009580838323353302	-0.00718562874251503	91850439
2024-05-24	-0.006031363088057773	-0.0012062726176115546	0.012062726176115975	-0.007237635705669328	-0.006031363088057773	101241466
2024-05-27	0.01699029126213599	0.0024271844660193657	0.018203883495145675	0.0024271844660193657	0.01699029126213599	110093875
2024-05-28	-0.002386634844868896	0.002386634844868684	0.007159904534606052	-0.005966587112171922	-0.002386634844868896	69611359
2024-05-29	-0.007177033492822814	0.0011961722488038023	0.002392344497607817	-0.010765550239234433	-0.007177033492822814	90969813
2024-05-30	-0.013253012048192915	-0.001204819277108622	0.007228915662650447	-0.020481927710843364	-0.013253012048192915	125315259
2024-05-31	0.009768009768009777	0.001221001221001195	0.012210012210012167	0.001221001221001195	0.009768009768009777	87724617
2024-06-03	-0.037484885126964886	-0.015719467956469047	-0.012091898428053163	-0.05320435308343404	-0.037484885126964886	395120225
2024-06-04	-0.008793969849246267	0.0	0.005025125628140708	-0.012562814070351714	-0.008793969849246267	197452398
2024-06-05	-0.0202788339670468	0.0012674271229405165	0.0038022813688213244	-0.022813688212927723	-0.0202788339670468	183262651
2024-06-06	0.014230271668822694	0.0025873221216040844	0.019404915912030977	0.0012936610608020422	0.014230271668822694	179132317
2024-06-07	0.01020408163265307	0.005102040816326535	0.012755102040816394	0.002551020408163324	0.01020408163265307	118607641
2024-06-11	-0.021464646464646457	-0.0012626262626262356	0.0012626262626262356	-0.022727272727272693	-0.021464646464646457	134352433
2024-06-12	-0.003870967741935516	-0.0012903225806451338	0.0012903225806451338	-0.010322580645161299	-0.003870967741935516	128464908
2024-06-13	-0.018134715025906696	0.0012953367875648543	0.003886010362694333	-0.018134715025906696	-0.018134715025906696	177314206
2024-06-14	-0.023746701846965663	-0.04881266490765173	-0.023746701846965663	-0.054089709762533	-0.023746701846965663	290553649
2024-06-17	-0.013513513513513585	-0.0067567567567568525	-0.0067567567567568525	-0.02702702702702705	-0.013513513513513585	123233292
2024-06-18	0.00821917808219185	0.0	0.00821917808219185	-0.009589041095890328	0.00821917808219185	89624976
2024-06-19	0.004076086956521652	0.0	0.009510869565217309	-0.005434782608695656	0.004076086956521652	70426427
2024-06-20	-0.010825439783491214	-0.0013531799729363718	0.001353179972936492	-0.013531799729363959	-0.010825439783491214	62066352
2024-06-21	0.0041039671682626885	0.0	0.008207934336525377	-0.004103967168262566	0.0041039671682626885	67359447
2024-06-24	-0.0040871934604904975	-0.0013623978201634586	0.0027247956403270383	-0.009536784741144453	-0.0040871934604904975	79485009
2024-06-25	-0.00547195622435021	-0.0013679890560875222	0.00547195622435021	-0.0109439124487003	-0.00547195622435021	110463906
2024-06-26	0.00412654745529577	-0.0013755158184318827	0.00412654745529577	-0.004126547455295648	0.00412654745529577	77352922
2024-06-27	0.006849315068493127	-0.0027397260273972017	0.012328767123287652	-0.005479452054794526	0.006849315068493127	116925734
2024-06-28	0.010884353741496608	0.002721088435374213	0.023129251700680264	0.0013605442176871667	0.010884353741496608	110884432
2024-07-01	0.009421265141319015	0.0	0.012113055181695809	0.0	0.009421265141319015	98258163
2024-07-02	0.006666666666666643	-0.0013333333333333049	0.010666666666666677	-0.0013333333333333049	0.006666666666666643	125321341
2024-07-03	-0.00132450331125825	0.00132450331125825	0.005298013245033118	-0.009271523178807868	-0.00132450331125825	112443374
2024-07-04	0.0026525198938991477	0.0	0.006631299734747987	-0.0026525198938992657	0.0026525198938991477	118180084
2024-07-05	-0.00925925925925918	0.002645502645502707	0.007936507936508002	-0.01587301587301577	-0.00925925925925918	139208626
2024-07-08	0.008010680907877116	-0.0026702269692924514	0.013351134846461901	-0.0026702269692924514	0.008010680907877116	122749620
2024-07-09	0.01854304635761597	0.00132450331125825	0.019867549668874218	-0.007947019867549617	0.01854304635761597	126840301
2024-07-10	0.0013003901170350828	-0.002600780234070281	0.0039011703511052484	-0.00910273081924581	0.0013003901170350828	85028807
2024-07-11	-0.010389610389610398	0.002597402597402542	0.005194805194805199	-0.014285714285714327	-0.010389610389610398	79669229
2024-07-12	0.02624671916010501	0.0	0.028871391076115454	-0.0013123359580052214	0.02624671916010501	129027656
2024-07-15	0.007672634271099694	-0.002557544757033307	0.011508951406649598	-0.003836317135549904	0.007672634271099694	101821467
2024-07-16	-0.0025380710659897937	0.0025380710659899065	0.0050761421319797	-0.008883248730964504	-0.0025380710659897937	80022082
2024-07-17	0.005089058524173033	0.0012722646310432298	0.007633587786259492	-0.0025445292620865727	0.005089058524173033	88275325
2024-07-18	0.0	-0.0025316455696203113	0.0037974683544302985	-0.012658227848101333	0.0	93294756
2024-07-19	-0.006329113924050722	0.0	0.0	-0.015189873417721532	-0.006329113924050722	93648093
2024-07-22	-0.01019108280254778	0.0	0.0012738853503185574	-0.016560509554140113	-0.01019108280254778	97333301
2024-07-23	0.005148005148005153	-0.0012870012870012596	0.020592020592020612	-0.0025740025740025193	0.005148005148005153	114481908
2024-07-24	0.001280409731114043	0.0	0.006402048655569874	-0.005121638924455831	0.001280409731114043	90665701
2024-07-25	-0.0012787723785167102	0.0	0.0063938618925830975	-0.012787723785166308	-0.0012787723785167102	91659367
2024-07-26	-0.014084507042253449	0.0	0.0025608194622279722	-0.023047375160051183	-0.014084507042253449	95562001
2024-07-29	0.01168831168831167	-0.0025974025974026572	0.014285714285714212	-0.005194805194805199	0.01168831168831167	91864774
2024-07-30	-0.0077021822849806946	0.0	0.003851091142490404	-0.012836970474967862	-0.0077021822849806946	72294600
2024-07-31	-0.005174644243208283	0.0	0.003880983182406127	-0.006468305304010441	-0.005174644243208283	113661601
2024-08-01	0.0039011703511052484	0.0	0.019505851755526587	-0.0078023407022107276	0.0039011703511052484	118661227
2024-08-02	-0.0038860103626942176	-0.005181347150259072	0.0025906735751295936	-0.006476683937823811	-0.0038860103626942176	68974432
2024-08-05	-0.01820546163849162	-0.0013003901170351982	0.0026007802340701656	-0.019505851755526705	-0.01820546163849162	108775216
2024-08-06	-0.009271523178807868	0.003973509933774867	0.009271523178807984	-0.01589403973509935	-0.009271523178807868	93299448
2024-08-07	0.012032085561497307	-0.0013368983957220153	0.017379679144385013	-0.0013368983957220153	0.012032085561497307	93480147
2024-08-08	-0.00924702774108326	-0.0013210039630119782	0.0013210039630118609	-0.011889035667106982	-0.00924702774108326	57005497
2024-08-09	0.0013333333333333049	0.0026666666666666098	0.00933333333333337	-0.0026666666666666098	0.0013333333333333049	46591862
2024-08-12	0.0013315579227696122	0.0	0.0026631158455393427	-0.006657789613848179	0.0013315579227696122	43843102
2024-08-13	0.010638297872340436	-0.001329787234042525	0.014627659574468129	-0.001329787234042525	0.010638297872340436	73574005
2024-08-14	-0.0013157894736841825	0.0	0.011842105263157994	-0.002631578947368365	-0.0013157894736841825	57436013
2024-08-15	0.007905138339921014	0.0013175230566534633	0.01054018445322794	-0.0026350461133069266	0.007905138339921014	57582573
2024-08-16	0.0026143790849672646	0.0013071895424836323	0.007843137254901909	-0.0026143790849673804	0.0026143790849672646	86241238
2024-08-19	0.03780964797913951	0.011734028683181207	0.03780964797913951	0.009126466753585435	0.03780964797913951	238653907
2024-08-20	0.013819095477386975	0.00251256281407041	0.015075376884422124	0.0	0.013819095477386975	195800098
2024-08-21	-0.0037174721189592486	-0.0037174721189592486	0.0	-0.014869888475836444	-0.0037174721189592486	105007847
2024-08-22	0.009950248756218916	-0.0012437810945273367	0.01616915422885582	-0.0024875621890546734	0.009950248756218916	129333758
2024-08-23	0.0	0.002463054187192285	0.0036945812807883177	-0.011083743842364515	0.0	107205116
2024-08-26	0.00862068965517245	-0.0012315270935960329	0.009852216748768483	-0.011083743842364515	0.00862068965517245	106875097
2024-08-27	0.003663003663003802	-0.001221001221001195	0.008547008547008583	-0.00488400488400478	0.003663003663003802	124036154
2024-08-28	-0.006082725060827337	-0.0012165450121654241	0.0024330900243308483	-0.013381995133820098	-0.006082725060827337	85203731
2024-08-29	-0.029375764993880074	-0.0024479804161566185	0.0	-0.033047735618115005	-0.029375764993880074	127502327
2024-08-30	-0.02017654476670872	-0.001261034047919267	0.007566204287515826	-0.02017654476670872	-0.02017654476670872	169383875
2024-09-02	0.009009009009009045	-0.0012870012870012596	0.019305019305019353	-0.0025740025740025193	0.009009009009009045	109677674
2024-09-03	-0.01658163265306121	0.0	0.002551020408163324	-0.02295918367346935	-0.01658163265306121	99369529
2024-09-04	0.0025940337224384514	-0.0012970168612191683	0.012970168612191912	-0.0025940337224383365	0.0025940337224384514	83656319
2024-09-05	0.012936610608020652	0.0012936610608020422	0.016817593790426893	-0.007761966364812483	0.012936610608020652	102796422
2024-09-06	0.0038314176245211047	0.0	0.019157088122605408	0.0	0.0038314176245211047	81783949
2024-09-09	-0.031806615776081425	-0.0038167938931298025	-0.0012722646310433427	-0.03562340966921122	-0.031806615776081425	121301792
2024-09-10	0.006570302233902736	0.0026281208935610475	0.01708278580814716	-0.0026281208935611646	0.006570302233902736	108128413
2024-09-11	-0.022193211488250642	-0.0013054830287205987	0.0013054830287205987	-0.027415143603133154	-0.022193211488250642	132225846
2024-09-12	0.008010680907877116	-0.004005340453938618	0.013351134846461901	-0.005340453938584784	0.008010680907877116	73929795
2024-09-13	-0.007947019867549617	0.003973509933774867	0.01589403973509935	-0.007947019867549617	-0.007947019867549617	65294256
2024-09-18	0.005340453938584784	0.005340453938584784	0.008010680907877116	-0.016021361815754354	0.005340453938584784	71202285
2024-09-19	-0.009296148738379851	0.0013280212483399452	0.005312084993359899	-0.01726427622841964	-0.009296148738379851	86381247
2024-09-20	0.006702412868632684	0.001340482573726513	0.016085790884718513	0.0	0.006702412868632684	100640854
2024-09-23	0.0159786950732357	0.0026631158455393427	0.019973368841544655	-0.0026631158455392243	0.0159786950732357	103181090
2024-09-24	0.022280471821756215	0.003931847968545249	0.023591087811271262	-0.003931847968545249	0.022280471821756215	163693003
2024-09-25	0.02435897435897441	0.008974358974359012	0.030769230769230684	0.007692307692307756	0.02435897435897441	175286738
2024-09-26	0.026282853566958583	-0.0037546933667084166	0.028785982478097674	-0.007509386733416833	0.026282853566958583	178231869
2024-09-27	-0.01219512195121947	0.009756097560975618	0.018292682926829312	-0.02195121951219509	-0.01219512195121947	181669756
2024-09-30	0.037037037037037125	0.009876543209876552	0.04814814814814822	0.0012345679012345416	0.037037037037037125	405685617
2024-10-08	0.019047619047619063	0.08333333333333325	0.08333333333333325	-0.001190476190476165	0.019047619047619063	457768589
2024-10-09	-0.07359813084112159	-0.01752336448598135	-0.007009345794392581	-0.07943925233644866	-0.07359813084112159	324519362
2024-10-10	0.06557377049180323	0.016393442622950918	0.09079445145018925	0.015132408575031652	0.06557377049180323	345729897
2024-10-11	-0.010650887573964481	-0.0059171597633134836	0.027218934911242658	-0.017751479289940662	-0.010650887573964481	187065208
2024-10-14	0.05622009569377998	0.015550239234449856	0.06698564593301441	0.014354066985646053	0.05622009569377998	337143274
2024-10-15	-0.004530011325028417	-0.002265005662514108	0.01925254813137032	-0.009060022650056633	-0.004530011325028417	218220138
2024-10-16	0.027303754266211632	-0.004550625711035171	0.032992036405005795	-0.010238907849829336	0.027303754266211632	205604779
2024-10-17	0.0	0.0044296788482836025	0.02657807308970102	-0.008859357696567007	0.0	184879616
2024-10-18	-0.004429678848283406	0.005537098560354454	0.00996677740863786	-0.024363233665559123	-0.004429678848283406	194138244
2024-10-21	-0.005561735261401636	-0.0011123470522802878	0.006674082313681924	-0.020022246941045575	-0.005561735261401636	169859107
2024-10-22	-0.0011185682326621685	-0.003355704697986506	0.007829977628635378	-0.010067114093959717	-0.0011185682326621685	98371531
2024-10-23	0.0011198208286673894	0.0	0.007838745800671924	-0.0044792833146695575	0.0011198208286673894	94756955
2024-10-24	0.017897091722595095	0.0011185682326621685	0.020134228187919434	-0.003355704697986506	0.017897091722595095	134071111
2024-10-25	-0.0175824175824176	-0.004395604395604302	0.0010989010989010755	-0.023076923076922978	-0.0175824175824176	109466932
2024-10-28	-0.011185682326621885	-0.002237136465324337	-0.002237136465324337	-0.01565995525727056	-0.011185682326621885	105973705
2024-10-29	0.020361990950226214	0.0	0.03167420814479631	-0.0011312217194569894	0.020361990950226214	122577116
2024-10-30	-0.0022172949002216822	0.0011086474501108411	0.007760532150776085	-0.014412416851441132	-0.0022172949002216822	104567568
2024-10-31	-0.021111111111111056	-0.0011111111111110875	0.008888888888888898	-0.025555555555555602	-0.021111111111111056	142467965
2024-11-01	0.014755959137343814	0.003405221339386987	0.019296254256526667	-0.0011350737797956624	0.014755959137343814	104284002
2024-11-04	0.024608501118568306	-0.0011185682326621685	0.025727069351230474	-0.010067114093959717	0.024608501118568306	150451819
2024-11-05	0.004366812227074143	-0.004366812227074336	0.00873362445414848	-0.0054585152838428725	0.004366812227074143	96864447
2024-11-06	-0.005434782608695537	-0.0010869565217391072	0.002173913043478408	-0.009782608695652159	-0.005434782608695537	82086758
2024-11-07	0.012021857923497204	-0.0043715846994536525	0.013114754098360569	-0.015300546448087492	0.012021857923497204	134167626
2024-11-08	-0.014038876889848706	0.0	0.005399568034557312	-0.020518358531317442	-0.014038876889848706	121397224
2024-11-11	-0.027382256297918947	-0.0032858707557503982	-0.0021905805038336637	-0.03176341730558608	-0.027382256297918947	179104113
2024-11-12	-0.0045045045045046085	-0.001126126126126302	0.019144144144144136	-0.006756756756756812	-0.0045045045045046085	135359999
2024-11-13	0.014705882352941265	0.0	0.018099547511312233	-0.0011312217194569894	0.014705882352941265	116688664
2024-11-14	0.006688963210702198	-0.003344481605351297	0.014492753623188293	-0.005574136008918696	0.006688963210702198	116915181
2024-11-15	-0.004429678848283406	0.0	0.01328903654485061	-0.008859357696567007	-0.004429678848283406	124183526
2024-11-18	0.008898776418242499	0.011123470522803075	0.02558398220244721	0.005561735261401439	0.008898776418242499	163726638
2024-11-19	-0.0011025358324145299	0.0022050716648290597	0.007717750826901905	-0.01543550165380381	-0.0011025358324145299	94982259
2024-11-20	-0.004415011037527695	0.0	0.004415011037527499	-0.008830022075055195	-0.004415011037527695	66773295
2024-11-21	0.0022172949002216822	0.0011086474501108411	0.0033259423503327204	-0.0033259423503325235	0.0022172949002216822	52552912
2024-11-22	-0.019911504424778733	-0.0022123893805309266	0.004424778761062049	-0.021017699115044194	-0.019911504424778733	87094557
2024-11-25	0.0022573363431152766	0.0	0.009029345372460505	-0.0022573363431150763	0.0022573363431152766	81547759
2024-11-26	0.003378378378378306	-0.003378378378378506	0.006756756756756612	-0.009009009009009016	0.003378378378378306	91133450
2024-11-27	0.0033670033670032953	-0.00224466891133553	0.007856341189674555	-0.01122334455667785	0.0033670033670032953	82806435
2024-11-28	0.0	0.013422818791946421	0.015659955257270756	-0.0011185682326621685	0.0	126103430
2024-11-29	0.012304250559284252	0.0033557046979867046	0.0212527964205818	0.002237136465324536	0.012304250559284252	145263824
2024-12-02	-0.03204419889502772	-0.01546961325966857	-0.007734806629834285	-0.03314917127071831	-0.03204419889502772	378174313
2024-12-03	0.015981735159817417	0.0034246575342465023	0.017123287671232917	0.0022831050228310015	0.015981735159817417	200113348
2024-12-04	0.002247191011235907	-0.0011235955056179536	0.005617977528089768	-0.008988764044943828	0.002247191011235907	132294090
2024-12-05	-0.0033632286995514977	-0.0011210762331838326	0.005605381165919362	-0.005605381165919362	-0.0033632286995514977	134256830
2024-12-06	0.017997750281214864	0.001124859392575904	0.02587176602924619	0.0	0.017997750281214864	185775814
2024-12-09	0.01215469613259662	0.0	0.015469613259668374	-0.0022099447513813644	0.01215469613259662	139909113
2024-12-10	0.00873362445414848	0.0076419213973799435	0.01965065502183403	-0.0054585152838428725	0.00873362445414848	151204586
2024-12-11	-0.007575757575757606	-0.001082251082251059	0.004329004329004236	-0.009740259740259724	-0.007575757575757606	116698364
2024-12-12	0.016357688113413343	0.003271537622682591	0.02071973827699013	0.0021810250817883943	0.016357688113413343	137418169
2024-12-13	-0.019313304721030013	0.0	0.0	-0.020386266094420548	-0.019313304721030013	151189396
2024-12-16	0.006564551422319334	0.002188183807439778	0.015317286652078642	0.001094091903719889	0.006564551422319334	98943300
2024-12-17	0.007608695652173945	-0.0010869565217391072	0.009782608695652159	-0.0021739130434782145	0.007608695652173945	127679494
2024-12-18	0.012944983818770335	0.0010787486515641627	0.018338727076591146	0.0	0.012944983818770335	144607558
2024-12-19	-0.009584664536741198	-0.003194888178913859	0.005324813631522783	-0.009584664536741198	-0.009584664536741198	99739702
2024-12-20	0.0064516129032256685	0.002150537634408556	0.015053763440860084	0.002150537634408556	0.0064516129032256685	109305304
2024-12-23	0.006410256410256464	0.0010683760683760457	0.018162393162393157	0.0010683760683760457	0.006410256410256464	141956505
2024-12-24	0.01592356687898093	0.0021231422505307404	0.01804670912951167	-0.004246284501061481	0.01592356687898093	140316379
2024-12-25	0.015673981191222607	0.003134796238244447	0.016718913270637424	0.0	0.015673981191222607	109625522
2024-12-26	0.0051440329218105894	0.0010288065843621179	0.006172839506172707	-0.011316872427983663	0.0051440329218105894	94928744
2024-12-27	-0.006141248720573053	-0.002047082906857684	0.0051177072671443925	-0.02251791197543489	-0.006141248720573053	130463346
2024-12-30	0.019567456230689957	-0.0020597322348096135	0.024716786817713533	-0.003089598352214329	0.019567456230689957	140786342
2024-12-31	-0.008080808080808088	0.0010101010101009886	0.011111111111111053	-0.008080808080808088	-0.008080808080808088	135491926
