2021-01-06	-0.0314854839651848	-0.0011098779134295095	0.0033296337402885286	-0.05952450493603597	-0.0314854839651848	10396083
2021-01-07	0.028347406513872065	-0.015018094089264227	0.029794933655006017	-0.020506634499396898	0.028347406513872065	7546207
2021-01-08	-0.03225806451612903	-0.001173020527859171	0.017067448680351885	-0.04604105571847504	-0.03225806451612903	6540168
2021-01-11	-0.0007272727272727549	-0.006060606060606061	0.018787878787878753	-0.0230303030303031	-0.0007272727272727549	6514376
2021-01-12	-0.00836972343522559	-0.018619602134885938	-0.002304706453178041	-0.038270257156720056	-0.00836972343522559	8468788
2021-01-13	-0.012232415902140673	0.005626911314984633	0.008501529051987684	-0.04733944954128446	-0.012232415902140673	8662930
2021-01-14	-0.0006191950464395933	-0.0034674922600619338	0.03467492260061916	-0.01789473684210518	-0.0006191950464395933	5643296
2021-01-15	0.004956629491945371	-0.010656753407682767	0.006691449814126295	-0.03488228004956626	0.004956629491945371	5473813
2021-01-18	0.0006165228113441599	-0.014056720098643657	0.01041923551171392	-0.03834771886559802	0.0006165228113441599	6117198
2021-01-19	-0.01996303142329026	0.007270486752926545	0.02211953173136152	-0.020640788662969946	-0.01996303142329026	4068203
2021-01-20	0.09361247328052298	0.010939268200679047	0.10706651578020873	0.0050295485980134	0.09361247328052298	10306601
2021-01-21	0.012014946823799963	0.017533774073009552	0.05662546708824388	0.007760850819201051	0.012014946823799963	8530944
2021-01-22	0.04464894342194964	0.005453306066803045	0.06572369915928211	0.005453306066803045	0.04464894342194964	9871271
2021-01-25	0.041381185426862345	0.0	0.05057096247960839	-0.004350190320826598	0.041381185426862345	10472451
2021-01-26	-0.07049240248550989	-0.02548169808365096	-0.020416688423580995	-0.08098793796668577	-0.07049240248550989	8355740
2021-01-27	-0.04151452165608666	-0.019156227178248393	-0.0038761867310825107	-0.04977248469187116	-0.04151452165608666	9549992
2021-01-28	-0.01594185910209822	-0.019985933653733422	0.026022740593130922	-0.021158129175946627	-0.01594185910209822	7957409
2021-01-29	-0.0030375223347231645	0.019118522930315712	0.03430613460393086	-0.011554496724240606	-0.0030375223347231645	7429789
2021-02-01	0.051138060816058324	0.002867554812115528	0.06571479777764502	0.002748073361610658	0.051138060816058324	7899163
2021-02-02	0.03438476840011374	0.011651037226484862	0.03626030122193819	-0.01045751633986914	0.03438476840011374	6476298
2021-02-03	0.009010989010988936	-0.009890109890109952	0.04450549450549447	-0.016483516483516484	0.009010989010988936	6694782
2021-02-04	-0.02728163798736654	-0.010019603572206355	0.0008712698758441789	-0.03860814637333901	-0.02728163798736654	5395499
2021-02-05	0.018082069081341422	-0.000671779656272768	0.04349773274366014	-0.01752225270111401	0.018082069081341422	7233332
2021-02-08	0.022269877928076446	0.0006598482349058403	0.02837347410095676	-0.028758385571318695	0.022269877928076446	6554577
2021-02-09	0.005863052014415596	0.005809262546393483	0.016029261470604	-0.010166209456188405	0.005863052014415596	4112999
2021-02-10	0.017967914438502746	-0.002459893048128385	0.036844919786096185	-0.017914438502673765	0.017967914438502746	5776797
2021-02-18	-0.05783778104643843	0.016547594032359617	0.019121664215171183	-0.07543601596974162	-0.05783778104643843	8105316
2021-02-19	0.024031223863953177	-0.007527181488709196	0.028714803456927826	-0.029829941455255058	0.024031223863953177	7419123
2021-02-22	-0.0907110965915278	-0.0004900359359686563	0.0013067624959164168	-0.09675487313514108	-0.0907110965915278	11060632
2021-02-23	-0.036706586826347275	-0.03395209580838316	0.004730538922155641	-0.03994011976047897	-0.036706586826347275	9957749
2021-02-24	-0.049543109342947714	0.01634860446323115	0.016410766457387867	-0.05948902840803129	-0.049543109342947714	10063513
2021-02-25	-0.023479398299542206	0.007128842380640964	0.013996075866579374	-0.029888816219751427	-0.023479398299542206	7201314
2021-02-26	-0.05846895720313435	-0.028464268970598085	-0.022168642421806994	-0.07481079632978378	-0.05846895720313435	14620868
2021-03-01	0.034499928866126	0.02432778489116508	0.038554559681320155	-0.011239152084222595	0.034499928866126	8853867
2021-03-02	-0.026060647734305303	0.003919411400673816	0.015540122395654204	-0.03527470260606474	-0.026060647734305303	7762353
2021-03-03	0.04490256989550984	0.0	0.05549279864445082	-0.022168878847783017	0.04490256989550984	9080631
2021-03-04	-0.06189189189189187	-0.02702702702702703	-0.02702702702702703	-0.07648648648648644	-0.06189189189189187	10063442
2021-03-05	0.015341400172860814	-0.025641025641025657	0.024920772111783403	-0.04566407375396142	0.015341400172860814	10171117
2021-03-08	-0.11115840249698519	0.00021281123643329173	0.010782435979286445	-0.11959991487550542	-0.11115840249698519	13916779
2021-03-09	-0.03192338387869114	-0.0023144453312050443	0.03272146847565849	-0.03910614525139658	-0.03192338387869114	15898937
2021-03-10	0.043693322341302535	0.03520197856553995	0.06183017312448487	0.022423742786479794	0.043693322341302535	12012325
2021-03-11	0.05150078988941557	0.00797788309636655	0.0766192733017379	-0.00584518167456552	0.05150078988941557	12891559
2021-03-12	0.009690504807692247	0.013671874999999948	0.02163461538461535	-0.016826923076923146	0.009690504807692247	9214826
2021-03-15	-0.08496391637526972	-0.019715794955732502	-0.011159883937207054	-0.10356372293728147	-0.08496391637526972	14158033
2021-03-16	0.03512480689486956	0.015041873323034463	0.03512480689486956	-0.003984063745019879	0.03512480689486956	7465216
2021-03-17	0.027963239337051308	-0.0025920980284345166	0.036839211373811936	-0.0335401775194407	0.027963239337051308	8081287
2021-03-18	0.02032551386872466	0.008634522808894287	0.025979980132956413	-0.005043172614044446	0.02032551386872466	6811445
2021-03-19	-0.012356773758705952	-0.030105594248483563	-0.007938291020744418	-0.03377518160712942	-0.012356773758705952	5991212
2021-03-22	-0.02335456475583852	0.005686988171064605	0.03343949044585985	-0.0434485896269335	-0.02335456475583852	7579548
2021-03-23	-0.002018633540372821	0.0008540372670806305	0.024767080745341594	-0.032453416149068375	-0.002018633540372821	5966693
2021-03-24	0.005679166018360185	-0.011980706394896469	0.02536175509569021	-0.011980706394896469	0.005679166018360185	4527185
2021-03-25	0.041154173435445134	-0.01756014543204154	0.04742012841339827	-0.02390345787885823	0.041154173435445134	7345059
2021-03-26	0.052901404264804254	0.0063897763578273665	0.062486068801545405	-0.006241176907645467	0.052901404264804254	10488147
2021-03-29	0.020393761908122122	-0.0014818996542234702	0.037400324606590804	-0.025474560722602593	0.020393761908122122	8623015
2021-03-30	0.028008298755186803	-0.025795297372060787	0.051175656984785656	-0.031051175656984654	0.028008298755186803	7564315
2021-03-31	0.00982172889337375	-0.013118062563067722	0.016481668348469484	-0.0177598385469224	0.00982172889337375	6683624
2021-04-01	0.021584171607487712	-0.0007327959496370237	0.02245020318433133	-0.013723269602291666	0.021584171607487712	4651519
2021-04-02	-0.01408542549722854	-0.008803390935767815	0.00971633518095865	-0.028366481904140817	-0.01408542549722854	5984108
2021-04-06	-0.03426152523315039	-0.0017858323963225759	-0.0003307097030227619	-0.03988359018453602	-0.03426152523315039	5611115
2021-04-07	-0.004862680638312304	-0.0028080268474761773	0.011163618930210228	-0.025957126224231165	-0.004862680638312304	6478038
2021-04-08	0.008258774948382577	-0.00894700619408129	0.01906400550584984	-0.015829318651066834	0.008258774948382577	5733362
2021-04-09	-0.03174061433447103	-0.006484641638225179	0.006757679180887434	-0.03904436860068258	-0.03174061433447103	6323680
2021-04-12	-0.04102925625660905	-0.009376101515685471	0.008036658442016318	-0.050687345787804004	-0.04102925625660905	6669280
2021-04-13	0.0022053958685584896	0.0	0.03205175328971539	-0.00022053958685584897	0.0022053958685584896	5692240
2021-04-14	0.011369471136213474	-0.002273894227242736	0.03418176483532602	-0.005354654148023312	0.011369471136213474	4648300
2021-04-15	-0.004206556425877459	-0.00993617638526258	0.007397737162750292	-0.020887728459529995	-0.004206556425877459	3052200
2021-04-16	-0.023306627822287086	0.008667152221412948	0.019519300801165172	-0.028841951930080174	-0.023306627822287086	4739302
2021-04-19	0.03161819537658471	-0.012900820283370543	0.034004474272930664	-0.02289336316181949	0.03161819537658471	7215474
2021-04-20	0.04958797166401609	-0.0037588549949400768	0.05327454098597661	-0.00860199508457422	0.04958797166401609	8370552
2021-04-21	0.03622589531680454	-0.015151515151515074	0.040358126721763185	-0.015151515151515074	0.03622589531680454	8890982
2021-04-22	-0.021135185431343923	-0.005117639239665095	0.002724976738003433	-0.02618636182374051	-0.021135185431343923	5430970
2021-04-23	0.057509505703422045	0.0	0.06056491037479622	0.0	0.057509505703422045	7880895
2021-04-26	-0.020224719101123632	0.007255216693418912	0.02086677367576244	-0.02208667736757623	-0.020224719101123632	8825641
2021-04-27	0.009043250327653967	-0.00602883355176925	0.02411533420707737	-0.01048492791612054	0.009043250327653967	5379677
2021-04-28	0.038381608001039076	0.005974801922327679	0.046824262891284635	0.0	0.038381608001039076	6698990
2021-04-29	0.00644192882606793	0.024829570329601775	0.03127149915566953	-0.01901307148664702	0.00644192882606793	7424916
2021-04-30	-0.027404921700223694	-0.005654983842903285	0.014789957742978027	-0.031941337310464744	-0.027404921700223694	6793725
2021-05-06	-0.027027027027026963	-0.0286243690499009	-0.0077311353907097285	-0.04792026068621814	-0.027027027027026963	6886534
2021-05-07	-0.045639611242448044	0.01136065143157335	0.014841082216968681	-0.04655897031783559	-0.045639611242448044	5129870
2021-05-10	0.01871602559691735	-0.00227069428197903	0.04176701300488538	-0.00227069428197903	0.01871602559691735	4322605
2021-05-11	0.02803107058426192	-0.010266801756163527	0.032151300236406555	-0.016480918608578168	0.02803107058426192	4706981
2021-05-12	0.0328515111695138	-0.010512483574244379	0.041392904073587464	-0.014257555847568907	0.0328515111695138	5298081
2021-05-13	-0.007251908396946479	-0.018447837150127083	0.0	-0.03804071246819332	-0.007251908396946479	5576965
2021-05-14	0.0018582596437267207	0.00410098679994865	0.016788414712290173	-0.021209791105984893	0.0018582596437267207	6016565
2021-05-17	0.0362647905340583	0.00038375439718581564	0.05212663895107135	0.0003197953309882403	0.0362647905340583	7163279
2021-05-18	0.009751882483643896	-0.0020367855820269875	0.014504382175040083	-0.02549068016294299	0.009751882483643896	5198436
2021-05-19	0.0003667481662591826	-0.008496332518337325	0.011613691931540377	-0.01748166259168695	0.0003667481662591826	3999176
2021-05-20	-0.000977636563607458	-0.0062324330929977405	0.022180129536844652	-0.009043138213369118	-0.000977636563607458	5722910
2021-05-21	0.0822018348623853	0.016024464831804308	0.09406727828746174	0.013088685015290437	0.0822018348623853	12676076
2021-05-24	-0.0211371086243925	-0.01282920764100831	0.0059907313213518835	-0.03707471459251725	-0.0211371086243925	9170964
2021-05-25	0.04503464203233263	-0.009237875288683571	0.04849884526558895	-0.009237875288683571	0.04503464203233263	9083359
2021-05-26	-0.016795580110497192	-0.012707182320442052	-0.008011049723756844	-0.028287292817679582	-0.016795580110497192	4682867
2021-05-27	0.002697235333782815	-0.011912789390874378	0.01708249044729148	-0.025061811643065902	0.002697235333782815	5579203
2021-05-28	-0.03721138758125973	-0.01087200179331987	0.007061197041022141	-0.052902936561309115	-0.03721138758125973	9374174
2021-05-31	0.018568102444703128	-0.010477299185099018	0.029452852153667067	-0.024912689173457514	0.018568102444703128	6307644
2021-06-01	0.04205954625978619	0.00480027430138867	0.05520315446596946	-0.0028001600091434316	0.04205954625978619	6807846
2021-06-02	-0.004661365505895226	-0.0075678639978063915	0.01606800109679192	-0.013984096517685675	-0.004661365505895226	5167382
2021-06-03	-0.01840220385674933	-0.003801652892561971	0.00567493112947659	-0.026997245179063392	-0.01840220385674933	3406146
2021-06-04	0.04512797485406372	-0.01122586439155815	0.06196677144140095	-0.014369106421194445	0.04512797485406372	5898636
2021-06-07	-0.0010741138560686823	-0.008163265306122353	0.009559613319011822	-0.02765843179377002	-0.0010741138560686823	4015530
2021-06-08	-0.014139784946236534	-0.0020430107526881475	0.02155913978494619	-0.03494623655913978	-0.014139784946236534	4846897
2021-06-09	0.007253094835578252	-0.018269073458035634	0.01706931341004524	-0.02486775372198289	0.007253094835578252	3900023
2021-06-10	0.015863562533838697	0.0017325392528425643	0.02669193286410399	-0.007904710341093555	0.015863562533838697	5247473
2021-06-11	-0.01934658636678567	-0.0032510792517187297	0.013857059105686693	-0.024676224484357488	-0.01934658636678567	4685626
2021-06-15	0.006413043478260907	-0.0032608695652173603	0.016304347826086956	-0.03233695652173907	0.006413043478260907	5305057
2021-06-16	-0.038773085646398135	0.0014040393131007176	0.011448320552975507	-0.054919537747057004	-0.038773085646398135	5023507
2021-06-17	0.04084269662921354	-0.0056179775280898875	0.05393258426966289	-0.011235955056179775	0.04084269662921354	4962294
2021-06-18	-0.0013493819830517621	0.012576240082042337	0.01738003994170669	-0.0209963836562855	-0.0013493819830517621	4614700
2021-06-21	0.04096854394119546	0.00043238568803364	0.04745432926170144	-0.015349691925197294	0.04096854394119546	7599243
2021-06-22	0.025441329179646966	-0.007268951194184869	0.03665628245067499	-0.013499480789200387	0.025441329179646966	6022768
2021-06-23	-0.014379746835443056	0.00010126582278486193	0.007594936708860759	-0.017721518987341773	-0.014379746835443056	4874238
2021-06-24	-0.03308332477139627	-0.003852871673687455	0.00015411486694750406	-0.051268879071201014	-0.03308332477139627	5745389
2021-06-25	0.03564977154393799	0.0050472850919136576	0.040697056635851644	-0.010732121984911329	0.03564977154393799	5502842
2021-06-28	0.00487354434925352	0.00035910326783970234	0.025445031549786997	-0.014774534448263455	0.00487354434925352	4715989
2021-06-29	-0.007045129671227259	0.0	0.007555646314069932	-0.017204410863794182	-0.007045129671227259	2868949
2021-06-30	-0.006169665809768579	0.0	0.013881748071979377	-0.013881748071979377	-0.006169665809768579	3866221
2021-07-01	0.05799275737196057	0.003569580962234856	0.08334195550957053	-0.001551991722710871	0.05799275737196057	6174165
2021-07-02	-0.06131729499779958	0.008165859860153616	0.008165859860153616	-0.0782846804557234	-0.06131729499779958	7962652
2021-07-05	-0.05193519820805333	-0.045059123821430465	0.022295150283898533	-0.06230140126061368	-0.05193519820805333	15740869
2021-07-06	-0.1092307692307692	0.005494505494505495	0.005494505494505495	-0.14780219780219783	-0.1092307692307692	21296110
2021-07-07	0.03935356526030098	-0.03158154453491244	0.0626079447322971	-0.03774981495188752	0.03935356526030098	17733712
2021-07-08	-0.10676557863501489	0.008902077151335312	0.008902077151335312	-0.11531157270029678	-0.10676557863501489	19514080
2021-07-09	0.049099727592851077	-0.001860341505547812	0.06172347352335407	-0.024117998804066145	0.049099727592851077	18137264
2021-07-12	0.056364787840405356	-0.0035465484483850683	0.08651044965167826	-0.03369221025965797	0.056364787840405356	16106101
2021-07-13	0.07613908872901672	-0.004796163069544433	0.08243405275779377	-0.00773381294964041	0.07613908872901672	11779436
2021-07-14	-0.0033426183844010825	-0.01626740947075202	0.05225626740947072	-0.019498607242339833	-0.0033426183844010825	8538592
2021-07-15	0.01397428731134712	0.00698714365567356	0.02699832308552255	-0.02179988820570154	0.01397428731134712	4466641
2021-07-16	-0.03269018743109155	-0.01857772877618525	0.003197353914002117	-0.0424476295479604	-0.03269018743109155	5439026
2021-07-19	-0.014646378298284569	-0.0140764803100245	0.019262552003191404	-0.02205505214566595	-0.014646378298284569	5281795
2021-07-20	-0.004164256795835737	0.004106419895893626	0.01642567958357434	-0.01862348178137651	-0.004164256795835737	4421514
2021-07-21	0.014868161226623313	0.001858520153327873	0.020734115460564487	-0.02055987919619015	0.014868161226623313	5450455
2021-07-22	-0.04429438022204423	0.005207737209568482	0.005207737209568482	-0.05728510930525363	-0.04429438022204423	7349576
2021-07-23	-0.02634730538922159	-0.008802395209580831	0.004371257485029879	-0.03592814371257485	-0.02634730538922159	7060620
2021-07-26	-0.059655596555965494	-0.022078720787207892	-0.009840098400983975	-0.07939729397293971	-0.059655596555965494	13680798
2021-07-27	0.008567691301504267	0.0006540222367560125	0.048790058862001356	-0.005886200130804485	0.008567691301504267	9663454
2021-07-28	0.04234485441929836	0.0	0.05304454964010102	-0.012904480902665254	0.04234485441929836	10121837
2021-07-29	0.012815727261415964	0.014059972626601908	0.03832275724772923	-0.0029861888764465484	0.012815727261415964	9280063
2021-07-30	-0.031941031941032046	-0.01719901719901727	-0.003624078624078645	-0.04600737100737106	-0.031941031941032046	6789031
2021-08-02	0.001459390862944278	-0.016497461928933976	0.015228426395939123	-0.055329949238578674	0.001459390862944278	8167690
2021-08-03	0.06855477412405749	-0.010454286257365554	0.08978014319204199	-0.022809351834252187	0.06855477412405749	10988619
2021-08-04	0.0003557663800770962	-0.0038541357841684297	0.007767565965016319	-0.03682182033797811	0.0003557663800770962	8616192
2021-08-05	0.027858455337561427	0.0012447394938058178	0.06395590065793368	-0.016655799893308055	0.027858455337561427	9370778
2021-08-06	-0.009918689810276217	-0.014647367510524145	0.014935701516636892	-0.02831439940026525	-0.009918689810276217	6496717
2021-08-09	-0.03372357155338105	-0.02452093890150858	0.0053002504513949365	-0.04711980895800573	-0.03372357155338105	5914282
2021-08-10	-0.012658227848101231	0.002591922845087443	0.00928270042194088	-0.04870403857745637	-0.012658227848101231	6778382
2021-08-11	-0.011538461538461628	-0.0009157509157509503	0.002625152625152493	-0.03656898656898662	-0.011538461538461628	5342820
2021-08-12	-0.042678031004879234	-0.017972947934037406	-6.176270767704839e-05	-0.05614230127848807	-0.042678031004879234	7473545
2021-08-13	0.02258064516129032	0.0007096774193549267	0.0554838709677419	0.000645161290322544	0.02258064516129032	6187185
2021-08-16	-0.02649842271293368	-0.0031545741324921135	0.012618296529968454	-0.043154574132492136	-0.02649842271293368	5727311
2021-08-17	-0.07368762151652627	0.012572909915748526	0.012572909915748526	-0.08489954633830216	-0.07368762151652627	10523258
2021-08-18	0.0034282515916881037	0.0074861820471559025	0.031973693416357606	-0.008605611138319584	0.0034282515916881037	8095373
2021-08-19	0.026216706177660157	-0.0036257146841443444	0.033189234416399524	-0.007809231627387925	0.026216706177660157	6181839
2021-08-20	-0.07684467998369345	-0.022965076776735937	-0.02282918874847135	-0.09090909090909087	-0.07684467998369345	13657564
2021-08-23	0.020092735703245674	0.00956796938249785	0.027305512622359668	-0.03738868035622295	0.020092735703245674	10055111
2021-08-24	0.07842712842712846	0.010101010101010142	0.08354978354978364	0.0034632034632035946	0.07842712842712846	9336140
2021-08-25	-0.005017729310229478	-0.010637586137686516	0.0027430253562587582	-0.04094467117147257	-0.005017729310229478	7540424
2021-08-26	-0.048211403980634664	0.04491662183969881	0.06508875739644975	-0.055876815492200124	-0.048211403980634664	9447749
2021-08-27	-0.03574708583539387	-0.003814906393500674	0.018014835747085713	-0.03991522430236669	-0.03574708583539387	10457057
2021-08-30	-0.02366473734339525	0.002271228661440415	0.013261044765184278	-0.03216352846362382	-0.02366473734339525	9503940
2021-08-31	0.006153384361398932	0.018084946720696358	0.01981089599279615	-0.015833708539696723	0.006153384361398932	10268394
2021-09-01	0.009546539379474948	-7.45823389022921e-05	0.02662589498806677	-0.052804295942720854	0.009546539379474948	9728491
2021-09-02	-0.039598108747045016	-0.0017730496453901379	0.010638297872340408	-0.046985815602836975	-0.039598108747045016	6738061
2021-09-03	0.008076923076923164	0.007923076923076932	0.0446153846153847	-0.010692307692307588	0.008076923076923164	6475522
2021-09-06	0.09881724532621128	0.014040442579168064	0.1360549408622662	-0.00656238077069831	0.09881724532621128	11483529
2021-09-07	0.0028472222222221985	0.0	0.010486111111111049	-0.030555555555555596	0.0028472222222221985	6672593
2021-09-08	0.011010317845024606	0.00408558964060663	0.02693719271518603	-0.02728342912540681	0.011010317845024606	6246663
2021-09-09	0.0273972602739726	-0.009794520547945253	0.04568493150684923	-0.02054794520547945	0.0273972602739726	6397499
2021-09-10	0.008666666666666743	-0.006666666666666667	0.015733333333333425	-0.02660000000000006	0.008666666666666743	5859642
2021-09-13	-0.010508922670191694	-0.0005287508261732486	0.0354923992068736	-0.024454725710509034	-0.010508922670191694	4623807
2021-09-14	0.04869414200788185	-0.010486941420078963	0.06425756462494157	-0.01676574711108155	0.04869414200788185	7875305
2021-09-15	0.03184713375796178	-0.006369426751592357	0.058343949044585966	-0.023757961783439425	0.03184713375796178	7524094
2021-09-16	-0.004567901234567957	-0.01172839506172843	0.01962962962962967	-0.025925925925925856	-0.004567901234567957	5363976
2021-09-17	0.07590226962668987	-0.005084955971722642	0.09636611682996417	-0.015254867915167926	0.07590226962668987	8017139
2021-09-22	0.007377521613832859	-0.020172910662824207	0.037463976945244955	-0.020172910662824207	0.007377521613832859	5401744
2021-09-23	-0.027405881679826022	0.0	0.0	-0.04577182744021055	-0.027405881679826022	6144268
2021-09-24	-0.0026472145420319846	-0.007059238778751791	0.012471321842461348	-0.017059827048649952	-0.0026472145420319846	4706034
2021-09-27	0.01586646219181313	0.0047776335967913315	0.03739530494278639	-0.0056623805591599595	0.01586646219181313	5836996
2021-09-28	0.015154154328514276	-0.00899959356674205	0.04511409162166876	-0.018579806073274044	0.015154154328514276	4652049
2021-09-29	-0.012468542667581827	-0.024593914436055887	0.01338366506520249	-0.02482269503546101	-0.012468542667581827	4954105
2021-09-30	0.007760917409938627	-0.007992586586354659	0.0180701957604541	-0.008919263292018951	0.007760917409938627	5212536
2021-10-08	-0.003908045977011533	-0.014827586206896623	0.0298850574712643	-0.014827586206896623	-0.003908045977011533	5206713
2021-10-11	-0.04350334641126236	-0.013385645049619163	0.029540733902607922	-0.053831063927994374	-0.04350334641126236	9982134
2021-10-12	0.0010254554228494841	0.007902038846664268	0.021775847508746442	-0.011641935094703865	0.0010254554228494841	5561355
2021-10-13	0.008797830671889172	0.0003012955709551755	0.020608617053329413	-0.020367580596565203	0.008797830671889172	4596231
2021-10-14	-0.023714234514067255	-0.0024490771160623416	0.003524281703601956	-0.0565079744340243	-0.023714234514067255	5772182
2021-10-15	0.019946157611355795	-0.011563876651982295	0.03983113069016147	-0.011563876651982295	0.019946157611355795	6593163
2021-10-18	-0.0022795440911817363	-0.005818836232753443	0.016136772645470893	-0.025914817036592642	-0.0022795440911817363	5400246
2021-10-19	0.0371572871572872	-0.00493025493025489	0.04617604617604622	-0.00493025493025489	0.0371572871572872	5202693
2021-10-20	-0.033623188405797165	0.0008695652173913373	0.0008695652173913373	-0.04927536231884058	-0.033623188405797165	4897574
2021-10-21	-0.0022195560887821003	-0.004199160167966339	0.02789442111577688	-0.018836232753449228	-0.0022195560887821003	3880301
2021-10-22	-0.013888053868815019	-0.007996152227499624	0.01004028136836402	-0.021944327541634133	-0.013888053868815019	3650463
2021-10-25	0.06712596024875009	0.015120107303987254	0.09480551152298489	0.015120107303987254	0.06712596024875009	8411213
2021-10-26	-0.07261612295035141	0.00914129006456033	0.009198423127463778	-0.08095755013426263	-0.07261612295035141	9571134
2021-10-27	-0.014785608674223792	-0.001971414489896459	0.003942828979793093	-0.025381961557417475	-0.014785608674223792	4556345
2021-10-28	0.00362681340670343	-0.010192596298149047	0.03170335167583806	-0.011943471735867914	0.00362681340670343	5029451
2021-10-29	0.061682242990654244	-0.0024922118380062658	0.07152647975077875	-0.0204361370716511	0.061682242990654244	7390865
2021-11-01	-0.08462441314553999	0.0016431924882629174	0.009389671361502313	-0.11032863849765265	-0.08462441314553999	11557673
2021-11-02	0.012758045903320997	-0.0126939351198871	0.025323759456340668	-0.028657520194896775	0.012758045903320997	6582995
2021-11-03	-0.04171678166740522	-0.007406469582832104	0.00962208014179914	-0.04849021966196111	-0.04171678166740522	6187974
2021-11-04	-0.0321706962610649	-0.009776720834984738	0.006341656757828035	-0.042145593869731775	-0.0321706962610649	8942130
2021-11-05	-0.008258821923418057	0.0019793870725549143	0.027233635929288166	-0.014060473687802897	-0.008258821923418057	6753789
2021-11-08	-0.05526496902959395	0.004817618719889804	0.01032346868547832	-0.06724019270474886	-0.05526496902959395	13312863
2021-11-09	0.0298681430756902	0.0029868143075689993	0.04655059372040494	0.0	0.0298681430756902	8835711
2021-11-10	0.013227700360755497	0.00523449105184982	0.025677300700289986	-0.014076536747541975	0.013227700360755497	6995601
2021-11-11	0.008726612678022898	-0.008656799776598778	0.03595364423345418	-0.010053057805082363	0.008726612678022898	6847766
2021-11-12	-0.011696311163402294	-0.008097446190047864	0.013634161533670142	-0.017163817565229552	-0.011696311163402294	4241874
2021-11-15	0.0055322128851540055	-0.004901960784313844	0.009803921568627291	-0.008473389355742352	0.0055322128851540055	4607106
2021-11-16	0.052998119646214814	0.0020196392506441397	0.062051674907723356	-0.003412493906260945	0.052998119646214814	8092054
2021-11-17	-0.004431216931216849	0.010185185185185321	0.04312169312169319	-0.010515873015872852	-0.004431216931216849	6045665
2021-11-18	-0.03009366903607255	-0.005713146881020485	-0.002790141500033133	-0.04344648907194574	-0.03009366903607255	6156326
2021-11-19	-0.026712328767123327	-0.0136986301369863	0.00308219178082184	-0.039315068493150744	-0.026712328767123327	6203637
2021-11-22	-0.0038705137227303516	-0.00211118930330741	0.0026038001407459855	-0.018296973961998555	-0.0038705137227303516	5763508
2021-11-23	-0.004733309784528547	-0.006146238078417552	0.007064641469445425	-0.017308371600141412	-0.004733309784528547	4771016
2021-11-24	0.007524134014764355	-0.0015616127200454206	0.009582623509369637	-0.022004542873367366	0.007524134014764355	6043334
2021-11-25	-0.019233478934761093	-0.007749753416936694	-0.0010567845568550491	-0.029167253769198157	-0.019233478934761093	6821197
2021-11-26	0.012858271675885295	-0.0015085123195173332	0.04762588894475968	-0.0015085123195173332	0.012858271675885295	8470823
2021-11-29	-0.013120567375886485	0.010709219858155964	0.017517730496453894	-0.033262411347517715	-0.013120567375886485	7445443
2021-11-30	-0.013438735177865644	-0.001149838303988477	0.005533596837944533	-0.017750628817822484	-0.013438735177865644	4642086
2021-12-01	-0.007211538461538528	-0.0037150349650348987	0.01070804195804195	-0.015370046620046719	-0.007211538461538528	5951702
2021-12-02	-0.012987012987012854	-0.005062733876293182	0.007997652065448701	-0.01680240663291505	-0.012987012987012854	4451308
2021-12-03	0.012488849241748277	-0.0015611061552186138	0.04058876003568227	-0.008623253047873897	0.012488849241748277	5716856
2021-12-06	-0.028267254038179108	-0.004845814977973544	0.00866372980910431	-0.029809104258443485	-0.028267254038179108	5277550
2021-12-07	0.018435965243672064	0.0	0.03747638836418593	-0.0026445032111824278	0.018435965243672064	5305642
2021-12-08	0.038801098004303126	0.008976927071741287	0.04236219304102684	0.0029675791972698694	0.038801098004303126	7692382
2021-12-09	0.01856877588915865	0.003570918440222825	0.034709327238965755	-0.01992572489644351	0.01856877588915865	8748591
2021-12-10	-0.0008413967185528295	-0.007011639321273314	0.011218622914037262	-0.00890478193801718	-0.0008413967185528295	5896057
2021-12-13	-0.02456140350877193	-0.0009122807017543541	0.008210526315789385	-0.027859649122807008	-0.02456140350877193	6285427
2021-12-14	0.006402877697841629	0.0	0.016474820143884836	-0.0008633093525180183	0.006402877697841629	4168281
2021-12-15	-0.0807062692115233	-0.009936378583172397	0.0	-0.08635356351418962	-0.0807062692115233	12702570
2021-12-16	0.019517884914463605	0.0029548989113529975	0.03265940902021786	-0.007542768273716943	0.019517884914463605	11522377
2021-12-17	-0.01403401723743424	0.006788193120280576	0.0371443825795132	-0.014567920067119402	-0.01403401723743424	8659749
2021-12-20	-0.07124622882339296	-0.011835692736133791	-0.0030169412856812464	-0.07263866326293815	-0.07124622882339296	11788009
2021-12-21	0.02398800599700146	0.0014159586873230194	0.025653839746793257	0.0014159586873230194	0.02398800599700146	5692297
2021-12-22	-0.0064258988124287625	0.0	0.007808687164470539	-0.011550349764112589	-0.0064258988124287625	4656479
2021-12-23	-0.014572247237003693	0.0069586573884567685	0.0069586573884567685	-0.02038477282030298	-0.014572247237003693	6514794
2021-12-24	-0.016033895488909253	0.010883110409570509	0.010883110409570509	-0.02160006646174303	-0.016033895488909253	4340233
2021-12-27	0.018237082066869272	0.002955082742316857	0.018659236744343194	-0.007936507936507917	0.018237082066869272	3957494
2021-12-28	0.03548922056384744	-0.005887230514096134	0.046019900497512534	-0.018573797678275248	0.03548922056384744	9096698
2021-12-29	-0.0007206918641895356	-0.00544522741832153	0.022421524663677223	-0.006966688020499602	-0.0007206918641895356	6497870
2021-12-30	0.020193925795336132	0.0004808077570317178	0.025562945748858062	-0.00552928920586595	0.020193925795336132	5788636
2021-12-31	0.003848872830099716	0.0021993559029141554	0.010132746838425827	-0.009504359437593339	0.003848872830099716	4349050
2022-01-04	-0.07245696400625971	-0.03755868544600937	-0.03262910798122067	-0.07918622848200306	-0.07245696400625971	11091547
2022-01-05	-0.012738316180192383	0.004977222878353207	0.005905179686181783	-0.02910409988189643	-0.012738316180192383	6496482
2022-01-06	-0.036144578313253045	-0.013329915406306094	-0.0011108262838588007	-0.04468939588139797	-0.036144578313253045	7889041
2022-01-07	-0.015070921985815628	0.011879432624113506	0.015425531914893698	-0.030939716312056692	-0.015070921985815628	6833464
2022-01-10	0.015841584158415887	-0.005400540054005349	0.023672367236723762	-0.02178217821782167	0.015841584158415887	6494466
2022-01-11	0.018961545277334756	-0.00505050505050499	0.024809498493708997	-0.015505936558568138	0.018961545277334756	7211023
2022-01-12	0.038956521739130466	0.0026086956521738885	0.052086956521739086	0.0026086956521738885	0.038956521739130466	7859971
2022-01-13	0.030632741881486413	0.018580515567458978	0.053565450284566385	-0.007448945430197527	0.030632741881486413	11159299
2022-01-14	0.0014617508526879373	-0.0060094201721617255	0.03516322884521681	-0.0060094201721617255	0.0014617508526879373	6465522
2022-01-17	-0.01816412585144336	0.004541031462860869	0.015569250729808642	-0.03543626337982477	-0.01816412585144336	6490318
2022-01-18	0.00776346217376939	0.0015692104393789043	0.021555996035678884	-0.010406342913776059	0.00776346217376939	5151106
2022-01-19	-0.025569578757580647	-0.0081953778069169	-0.00442550401573506	-0.0329454187838059	-0.025569578757580647	4705757
2022-01-20	0.003952901597981487	0.0008410428931875047	0.010092514718250534	-0.013204373423044636	0.003952901597981487	4881667
2022-01-21	-0.02488062327217893	-0.006115439390131557	0.0	-0.04188657116528441	-0.02488062327217893	7154681
2022-01-24	0.0025773195876288416	-0.002920962199312744	0.0429553264604811	-0.00730240549828186	0.0025773195876288416	4882120
2022-01-25	-0.005826906598114883	-0.004798628963153404	0.019708654670094233	-0.011910882604970013	-0.005826906598114883	4106081
2022-01-26	-0.060593001206688514	0.008446819513876953	0.013618341665230118	-0.06576452335804168	-0.060593001206688514	7679994
2022-01-27	-0.02789246719882551	-0.007982383704926968	0.0017432791999267084	-0.03816863932470866	-0.02789246719882551	6152303
2022-01-28	-0.025294950448324745	0.007267579046720114	0.018121755545068445	-0.027843322321849957	-0.025294950448324745	4739960
2022-02-07	0.013653529582647534	0.01675220296310646	0.05238694683838492	0.005810012588360691	0.013653529582647534	5097445
2022-02-08	-0.06199847153228896	-0.025601834161253407	-0.011272449369507134	-0.07909820405043944	-0.06199847153228896	14635237
2022-02-09	0.009878806395763304	0.0031571443120480933	0.014258071086668761	-0.023423973928098557	0.009878806395763304	8798020
2022-02-10	-0.07624041952400164	-0.0073618394513915875	-0.0051432029043968425	-0.09096409842678496	-0.07624041952400164	17897508
2022-02-11	-0.03275109170305677	-0.0036026200873362263	0.004257641921397387	-0.03919213973799115	-0.03275109170305677	14468992
2022-02-14	0.05146726862302486	0.020880361173814997	0.07200902934537258	0.010158013544018123	0.05146726862302486	11885997
2022-02-15	0.059038213825676256	0.007084585659081114	0.06998711893516542	-0.012237011592958359	0.059038213825676256	16399268
2022-02-16	0.01591323738090419	0.00344617879586462	0.03547536995742956	-0.006689641191972396	0.01591323738090419	11494016
2022-02-17	0.015065349695699799	-0.00668462536166818	0.022947221390801128	-0.012271774917689354	0.015065349695699799	8020341
2022-02-18	0.004816198152152635	-0.007175152349125121	0.006388834283467719	-0.015234912522115169	0.004816198152152635	4546968
2022-02-21	-0.02230265088525874	0.0	0.012227330529198865	-0.032475789885552254	-0.02230265088525874	8616889
2022-02-22	-0.009104552276138034	-0.010005002501250625	0.0004002001000499454	-0.034517258629314686	-0.009104552276138034	5250613
2022-02-23	0.015246365105007985	0.00020193861066231846	0.018578352180936886	-0.00403877221324723	0.015246365105007985	5257008
2022-02-24	-0.005469915464942786	-0.013724515166583745	0.02436598707110893	-0.013923421183490716	-0.005469915464942786	8162261
2022-02-25	0.04799999999999997	0.019500000000000028	0.06219999999999999	0.005900000000000034	0.04799999999999997	8570705
2022-02-28	-0.028816793893129734	-0.017175572519083943	-0.004866412213740371	-0.04408396946564876	-0.028816793893129734	7272520
2022-03-01	0.01699744547062295	-0.002849282766751879	0.044409510709373115	-0.016407938691294966	0.01699744547062295	6389325
2022-03-02	-0.038643609313109846	-0.0049270601874215544	-0.003960969954593863	-0.04724181238527679	-0.038643609313109846	5298252
2022-03-03	-0.021103406692794778	0.00492412822831871	0.009948748869460304	-0.02512310320570797	-0.021103406692794778	5084740
2022-03-04	-0.012524381480340817	-0.020737090647777394	0.019402525408068992	-0.02474078636690275	-0.012524381480340817	6184511
2022-03-07	-0.05125272897390574	-0.007797068302318328	-0.00010396091069748316	-0.056138891776691874	-0.05125272897390574	7125566
2022-03-08	-0.03353057199211048	0.006793776024545149	0.013587552049090453	-0.034845496383957994	-0.03353057199211048	6590181
2022-03-09	-0.05102040816326531	-0.001133786848072659	0.004421768707483	-0.09058956916099783	-0.05102040816326531	16486608
2022-03-10	0.028673835125447925	0.033452807646356	0.039426523297491	0.002508960573476628	0.028673835125447925	8894088
2022-03-11	0.0730545876887341	0.05412311265969815	0.0846689895470384	0.029965156794425234	0.0730545876887341	17019839
2022-03-14	-0.03993938737958651	-0.025868600497889388	0.02337915358805062	-0.04156293971209009	-0.03993938737958651	11024889
2022-03-15	-0.00789177001127399	-0.01882750845546789	0.04847801578353999	-0.028523111612175887	-0.00789177001127399	10305809
2022-03-16	0.03659090909090908	0.016250000000000077	0.04136363636363637	-0.02568181818181824	0.03659090909090908	11899782
2022-03-17	0.01951326463494849	0.021486516114887173	0.05612804209603162	-0.016772637579478198	0.01951326463494849	13917309
2022-03-18	0.016451612903225818	-0.01204301075268822	0.026881720430107527	-0.021505376344086023	0.016451612903225818	8524316
2022-03-21	-0.0016925843647518945	0.013117528826827408	0.013646461440812356	-0.021157304559399133	-0.0016925843647518945	6154642
2022-03-22	-0.018544028822719084	0.006463918618204932	0.006463918618204932	-0.02723323089965039	-0.018544028822719084	5184460
2022-03-23	0.09501187648456054	0.0062621464046642	0.11207082703519752	-0.006370114446123984	0.09501187648456054	15080105
2022-03-24	0.02031157562610927	-0.007099191480970212	0.043186748175902144	-0.036679155985012805	0.02031157562610927	15433102
2022-03-25	-0.045226130653266396	-0.013819095477387	-0.0017394665635872325	-0.04947816003092389	-0.045226130653266396	8422737
2022-03-28	-0.002024291497975737	-0.01214574898785428	0.018218623481781347	-0.023178137651821782	-0.002024291497975737	6569529
2022-03-29	0.04097363083164307	-0.01622718052738331	0.05882352941176482	-0.03144016227180522	0.04097363083164307	10208517
2022-03-30	0.03478176149649253	0.012763055339049126	0.04452455183164452	-0.010132501948558128	0.03478176149649253	11000642
2022-03-31	0.013087279917145284	0.002730439694944038	0.0281517747858018	-0.013275586103003452	0.013087279917145284	8268344
2022-04-01	-0.02992565055762081	-0.015241635687732348	-0.0023234200743494425	-0.04377323420074344	-0.02992565055762081	7657989
2022-04-06	0.014370569074535352	0.006897873155776958	0.03468097336654536	-0.00862234144472113	0.014370569074535352	6491584
2022-04-07	-0.022667170381563954	-0.018700415564790233	0.003966754816773723	-0.031922931620702644	-0.022667170381563954	5077397
2022-04-08	-0.0339195979899498	-0.004638577502899149	-0.0009663703131040638	-0.039524545805952875	-0.0339195979899498	7266059
2022-04-11	-0.01740522156646989	-0.012703811143342963	0.007302190657197199	-0.027008102430729247	-0.01740522156646989	5731214
2022-04-12	0.027181105568563593	-0.006515321184974046	0.0435712104245139	-0.011401812073704616	0.027181105568563593	8524724
2022-04-13	-0.038652130822596685	-0.014073339940535199	-0.004261645193260721	-0.05183349851337962	-0.038652130822596685	5906068
2022-04-14	0.0351546391752577	0.002061855670103122	0.05154639175257732	-0.030927835051546393	0.0351546391752577	7140786
2022-04-15	0.04919828702320484	-0.009162434020515902	0.06493377153669963	-0.023005676725425778	0.04919828702320484	7110965
2022-04-18	-0.020787850023730403	-0.013763644992880766	-0.0011390602752728081	-0.02933080208827707	-0.020787850023730403	4619380
2022-04-19	-0.05079488173710736	-0.0015509887553314908	0.007173322993408386	-0.05331523846452113	-0.05079488173710736	5882724
2022-04-20	-0.010518790849673214	0.004493464052287559	0.014705882352941154	-0.01848447712418303	-0.010518790849673214	4290855
2022-04-21	-0.024151099184642415	-0.015275054185158468	0.019093817731447974	-0.03271751470740016	-0.024151099184642415	5349623
2022-04-22	0.0050766790058170705	-0.01639344262295079	0.017874140666314094	-0.026864093072448355	0.0050766790058170705	4865534
2022-04-25	-0.06134904766915709	-0.026623171630011586	-0.01641586867305064	-0.06345364621698413	-0.06134904766915709	5980078
2022-04-26	0.00896860986547082	-0.0022421524663677446	0.03531390134529138	-0.01278026905829597	0.00896860986547082	6707265
2022-04-27	-0.0026666666666666098	-0.05188888888888891	0.0023333333333332637	-0.07777777777777778	-0.0026666666666666098	10885738
2022-04-28	-0.03799019607843149	-0.025178253119429644	-0.0198306595365419	-0.06639928698752237	-0.03799019607843149	8433564
2022-04-29	0.03705848291835556	0.00011580775911992028	0.039837869137232335	-0.012738853503184648	0.03705848291835556	10730295
2022-05-05	-0.018090452261306424	-0.01954215522054718	-0.000781686208821811	-0.0466778336125069	-0.018090452261306424	9824459
2022-05-06	-0.07016945297395658	-0.024223814397816554	-0.02354145342886395	-0.07198908222449689	-0.07016945297395658	9542859
2022-05-09	-0.027030332681017708	-0.009050880626223202	0.011252446183953053	-0.03351272015655588	-0.027030332681017708	7721605
2022-05-10	0.009428032683846638	-0.01822752985543687	0.027152734129478273	-0.027529855436832153	0.009428032683846638	7295952
2022-05-11	0.07721046077210465	0.0	0.12366127023661279	-0.013698630136986231	0.07721046077210465	12185321
2022-05-12	0.00184971098265892	-0.011560693641618497	0.008901734104046197	-0.019653179190751477	0.00184971098265892	5278397
2022-05-13	0.020078467574428906	0.005538887606739026	0.03473344103392575	0.0031156242787907943	0.020078467574428906	6287259
2022-05-16	-0.02918552036199109	0.004411764705882359	0.005090497737556432	-0.033936651583710405	-0.02918552036199109	4857995
2022-05-17	0.016080167793055346	0.002097413190398588	0.01922628757865306	-0.021207177814029286	0.016080167793055346	5116489
2022-05-18	-0.02167431192660551	-0.002293577981651409	0.013761467889908289	-0.03211009174311923	-0.02167431192660551	5721485
2022-05-19	-0.00621263626772947	-0.017700152385417948	0.0008205368655490936	-0.02262337357871301	-0.00621263626772947	4790445
2022-05-20	0.049893842887473505	0.007077140835102551	0.052724699221514494	0.002241094597782469	0.049893842887473505	6523978
2022-05-23	-0.018312549151780808	0.010897651949219175	0.013369284350072999	-0.02595214020896531	-0.018312549151780808	6403541
2022-05-24	-0.066147859922179	0.00022888532845056345	0.00137331197070273	-0.07301441977569233	-0.066147859922179	9104764
2022-05-25	-0.004656862745097984	-0.007352941176470519	0.01176470588235304	-0.014583333333333306	-0.004656862745097984	5050073
2022-05-26	-0.023639497660674733	0.0	0.004678650578675147	-0.03804481654764841	-0.023639497660674733	8157175
2022-05-27	0.03846153846153843	0.02585119798234549	0.07036569987389657	0.021563682219420024	0.03846153846153843	9306861
2022-05-30	0.015543412264723755	-0.0006071645415907367	0.02367941712204011	-0.014086217364905848	0.015543412264723755	6247481
2022-05-31	0.02738251823508318	-0.019490613416238138	0.03539399736936516	-0.019490613416238138	0.02738251823508318	8137817
2022-06-01	-0.011056797020484205	0.0005819366852886075	0.021066108007448816	-0.01885474860335201	-0.011056797020484205	6308881
2022-06-02	-0.03495351300458984	-0.001647640343650707	-0.0008238201718252699	-0.04589855243026957	-0.03495351300458984	12088254
2022-06-06	0.06707317073170732	0.007317073170731638	0.0697560975609756	0.0023170731707316795	0.06707317073170732	15242981
2022-06-07	0.05942857142857146	0.005714285714285714	0.06239999999999993	-0.0051428571428571756	0.05942857142857146	17877746
2022-06-08	0.056202804746494	0.008522114347356979	0.07626752966558784	-0.0024811218985976696	0.056202804746494	17686545
2022-06-09	-0.02257174956592783	-0.009396384434684933	0.0009192115207844287	-0.03278521090797665	-0.02257174956592783	8312696
2022-06-10	-0.0005224660397073893	-0.011494252873563307	0.0015673981191221679	-0.024137931034482783	-0.0005224660397073893	8649114
2022-06-13	-0.04098274960794565	-0.03293256664924209	-0.028750653423941452	-0.06147412441191855	-0.04098274960794565	11093204
2022-06-14	0.008939278316799228	-0.014826120135179324	0.01384497983211595	-0.022130164613539748	0.008939278316799228	7553674
2022-06-15	-0.0058346839546190386	-0.00032414910858996366	0.021826039978390017	-0.014478660183684532	-0.0058346839546190386	7295917
2022-06-16	0.015107053581132492	-0.0007607868709923637	0.04010433648516463	-0.006194978806651531	0.015107053581132492	7133563
2022-06-17	0.04336188436830832	-0.01520342612419702	0.04368308351177728	-0.019164882226980793	0.04336188436830832	9207108
2022-06-20	0.018573627501282733	-0.0027706516162134018	0.0485377116469985	-0.0027706516162134018	0.018573627501282733	11332850
2022-06-21	0.009268587547854137	0.0035260930888574883	0.02427966955470478	-0.024984888172476363	0.009268587547854137	7149005
2022-06-22	-0.024955080854461967	0.0	0.0077859852265920034	-0.026951487322818952	-0.024955080854461967	5341720
2022-06-23	0.003378378378378361	0.0053235053235052825	0.014332514332514245	-0.024058149058149143	0.003378378378378361	5349342
2022-06-24	0.0658096112641566	-0.00010203040506076028	0.08917457402305881	-0.00010203040506076028	0.0658096112641566	11600301
2022-06-27	0.03216542217116599	0.010913268236645611	0.06528814857361677	0.010913268236645611	0.03216542217116599	10425860
2022-06-28	0.021053607864960217	0.0025041736227046025	0.029864589130031656	-0.019755147468002186	0.021053607864960217	7547364
2022-06-29	0.008265964211099978	0.0009083477155054438	0.04714324643473519	-0.014170224361885751	0.008265964211099978	8259779
2022-06-30	0.031081081081081107	-0.0037837837837837993	0.05675675675675673	-0.003963963963963943	0.031081081081081107	7021555
2022-07-01	0.007426823940585359	0.0029707295762341933	0.035124508519003894	-0.009785932721712578	0.007426823940585359	4896822
2022-07-04	0.05715524718126629	0.0026019080659149796	0.09366869037294014	-0.011535125758889838	0.05715524718126629	11187318
2022-07-05	0.03790302731971453	0.01558782508819432	0.05980802362786124	-0.012388218885880754	0.03790302731971453	9492627
2022-07-06	0.007430242668563731	0.010908228598529725	0.06552841672595057	-0.004031301873369734	0.007430242668563731	12653802
2022-07-07	-0.06269125147116524	0.0	0.0	-0.08191447626520203	-0.06269125147116524	15924879
2022-07-08	0.003683241252302126	0.014984095094592385	0.047631006194542205	-0.0012556504269210739	0.003683241252302126	10316680
2022-07-11	-0.01618015012510435	-0.0075062552126772784	-0.0015846538782319593	-0.05329441201000834	-0.01618015012510435	9181527
2022-07-12	-0.032722956934554084	0.02119362495761275	0.02678874194642261	-0.04543913190912174	-0.032722956934554084	7517575
2022-07-13	-0.0025416301489920427	0.005696757230499612	0.014723926380368159	-0.02094653812445224	-0.0025416301489920427	5992354
2022-07-14	0.07969422722080655	8.786574114744666e-05	0.09630085229768907	8.786574114744666e-05	0.07969422722080655	11218351
2022-07-15	-0.04451497395833333	-0.0017089843749999493	0.01953125000000005	-0.04777018229166659	-0.04451497395833333	6102619
2022-07-18	-0.022570479516225123	-0.0034920364534536804	0.00042585810407969645	-0.07162933310620899	-0.022570479516225123	6753402
2022-07-19	-0.0378180550714535	-0.007581038689438868	-0.005751132798884723	-0.05629139072847689	-0.0378180550714535	8250582
2022-07-20	0.005343234921209957	0.008875203767433473	0.03685926462597349	-0.0002716899112479726	0.005343234921209957	5825496
2022-07-21	0.0053148365012160095	-0.009098279434285246	0.04386992162868201	-0.010899918926222933	0.0053148365012160095	4598214
2022-07-22	-0.01415770609318995	0.0035842293906810548	0.01998207885304663	-0.023118279569892458	-0.01415770609318995	3495660
2022-07-25	-0.009361934193782959	0.0	0.00708962006907836	-0.030176331576077017	-0.009361934193782959	3228982
2022-07-26	-0.0037618130103678924	-0.004862831452426839	0.016331773557207094	-0.015506009725662885	-0.0037618130103678924	3930246
2022-07-27	-0.019985264321237813	0.003315527721495666	0.003315527721495666	-0.026984711733284147	-0.019985264321237813	5249970
2022-07-28	-0.0012216896908184894	0.0052626632835260055	0.0198289634432854	-0.011747016257870502	-0.0012216896908184894	4007558
2022-07-29	-0.04036507339104259	-0.010161836657884817	-0.0029168234851336306	-0.048739179525781016	-0.04036507339104259	7983401
2022-08-01	0.0004902441415826196	0.0010785371114815122	0.022453181684478934	-0.017550740268653713	0.0004902441415826196	6393734
2022-08-02	-0.00039200313602514946	-0.013034104272834305	0.01401411211289683	-0.022246177969423853	-0.00039200313602514946	6362425
2022-08-03	-0.021176470588235262	-0.004901960784313725	0.012647058823529473	-0.030784313725490203	-0.021176470588235262	7512234
2022-08-04	0.05428685897435899	0.008814102564102519	0.05669070512820509	-0.0012019230769231225	0.05428685897435899	8937558
2022-08-05	0.011210336310089232	0.01178035341060227	0.05880676420292606	0.0014250427512824573	0.011210336310089232	10868605
2022-08-08	-0.019541525742202165	-0.009864712514092419	0.025836151822623075	-0.022923712889890997	-0.019541525742202165	4823059
2022-08-09	-0.007857416634725884	-0.007186661556151782	-0.0005749329244921644	-0.02644691452663861	-0.007857416634725884	4053645
2022-08-10	-0.03032644388642071	-0.002994011976047926	0.0	-0.041433262507243634	-0.03032644388642071	6823964
2022-08-11	0.08157370517928283	0.007968127490039813	0.09093625498007964	-0.0013944223107569776	0.08157370517928283	9494312
2022-08-12	-0.0007367160880375568	-0.005433281149277129	0.005617460171286485	-0.02274610921816004	-0.0007367160880375568	5083513
2022-08-15	-0.041378674776518375	-0.0003686296193899756	-0.0003686296193899756	-0.04524928578011253	-0.041378674776518375	5988380
2022-08-16	-0.01691982311094012	0.003172466833301272	0.00557585079792346	-0.024226110363391617	-0.01691982311094012	5543635
2022-08-17	0.03980050850772534	0.005671816937218837	0.056131429689027915	-0.002542538627029191	0.03980050850772534	5613120
2022-08-18	-0.014201072133922741	-0.011473713909526935	-0.0033856860716636834	-0.029624753127057195	-0.014201072133922741	4557170
2022-08-19	-0.012593016599885454	-0.017076893722571953	0.014214844495325406	-0.017363098645296636	-0.012593016599885454	4068076
2022-08-22	-0.01400966183574882	-0.010628019323671443	0.007246376811594203	-0.02299516908212556	-0.01400966183574882	5245869
2022-08-23	-0.025281724644781952	-0.000489955903968615	0.009995100440960275	-0.030083292503674603	-0.025281724644781952	8182306
2022-08-24	-0.012767668643812164	0.0013069267115712823	0.019302302201668863	-0.012968734291746175	-0.012767668643812164	4616297
2022-08-25	0.03156822810590625	-0.006109979633401309	0.03859470468431764	-0.006109979633401309	0.03156822810590625	4944699
2022-08-26	0.03563672260612043	-0.017769002961500465	0.06811451135241861	-0.023198420533070033	0.03563672260612043	8590289
2022-08-29	-0.029167858164140716	-0.003526832523114959	-9.531979792194171e-05	-0.032694690687255674	-0.029167858164140716	4829126
2022-08-30	0.003240058910162126	0.004418262150220942	0.006971035837015297	-0.0168875797741777	0.003240058910162126	3911212
2022-08-31	0.06038363671951445	-0.0029359953024076274	0.07457428068115081	-0.011450381679389329	0.06038363671951445	9621140
2022-09-01	0.0008306414397785271	-0.009229349330872175	0.0290724503922474	-0.014305491462851844	0.0008306414397785271	7501855
2022-09-02	-0.033290298782736996	0.0011066027296201084	0.006362965695315361	-0.04739948358539285	-0.033290298782736996	7796431
2022-09-05	-0.02823619192979103	0.0	0.012877992940952099	-0.042735858055900064	-0.02823619192979103	5889955
2022-09-06	-0.005791695297928766	-0.010503582997938622	0.004221066064592055	-0.02228330224796319	-0.005791695297928766	5140596
2022-09-07	-0.012045813586097935	-0.004838072669826173	0.02280805687203794	-0.01678515007898897	-0.012045813586097935	6228965
2022-09-08	-0.01009394363381976	0.004497301619028611	0.021287227663401912	-0.010293823705776545	-0.01009394363381976	4438870
2022-09-09	0.029480060575466954	0.014639071176173678	0.03402322059565881	0.00757193336698637	0.029480060575466954	5893325
2022-09-13	-0.0757085417279592	-0.019025203491222886	-0.009610669804844601	-0.0999313523585368	-0.0757085417279592	16149311
2022-09-14	-0.009973474801060984	-0.0205835543766578	0.004562334217506704	-0.0205835543766578	-0.009973474801060984	9200527
2022-09-15	0.03236523416568424	0.014896581288179193	0.06923159361268882	0.014896581288179193	0.03236523416568424	8537186
2022-09-16	-0.04858299595141693	-0.009135264195992894	0.010069552579674025	-0.05148967092286924	-0.04858299595141693	5705626
2022-09-19	-0.003818876159301784	-0.007310420076377541	0.013638843426077468	-0.02007637752318607	-0.003818876159301784	4208443
2022-09-20	0.00514786418400875	0.004381161007667094	0.017305585980284758	-0.029353778751369033	0.00514786418400875	3980501
2022-09-21	-0.03999128255421164	-0.00839054157131956	-0.0018524572300316195	-0.04543968617195164	-0.03999128255421164	6440185
2022-09-22	-0.00885357548240637	-0.004086265607264466	0.0073779795686720285	-0.0170261066969353	-0.00885357548240637	4497314
2022-09-23	0.0006871278057718997	-0.014315162620247367	0.012368300503893868	-0.019697663765460362	0.0006871278057718997	4066741
2022-09-26	0.005493247882810757	-0.010414282444495269	0.04131380178530556	-0.014648661020828579	0.005493247882810757	5185626
2022-09-27	0.05019348964261321	0.001707261552469903	0.05281129068973368	-0.012064648304120218	0.05019348964261321	6456702
2022-09-28	-0.019399588165167358	-0.010512625988945474	0.012246667389184023	-0.021567139915465428	-0.019399588165167358	4602847
2022-09-29	0.019783377541998142	0.007736516357206043	0.05216622458001767	0.0	0.019783377541998142	5779428
2022-09-30	-0.011813157039124193	-0.0017340414002383938	0.013438820851847937	-0.02178389509049519	-0.011813157039124193	3256370
2022-10-10	-0.1322658477736346	0.0023031366527746623	0.010857644220223676	-0.1379688528186007	-0.1322658477736346	15931807
2022-10-11	-0.009100101112234565	-0.0015166835187058207	0.017062689585439765	-0.01668351870576349	-0.009100101112234565	9693097
2022-10-12	0.002678571428571349	-0.005102040816326603	0.0057397959183672015	-0.040433673469387775	0.002678571428571349	7947565
2022-10-13	0.018827121231395547	-0.007887037272611684	0.058007887037272644	-0.014883602595089704	0.018827121231395547	7217410
2022-10-14	0.1316019478087151	0.011362217505306487	0.1424647271819203	0.0013734548632788042	0.1316019478087151	13220926
2022-10-17	-0.008937437934458814	-0.013682003751517102	0.030563830961050538	-0.017985214608849116	-0.008937437934458814	7752514
2022-10-18	0.013137385882876941	-0.0033400133600534087	0.023268759741705673	-0.036962814517924665	0.013137385882876941	7450607
2022-10-19	-0.02197802197802198	-0.00967032967032962	-0.002527472527472571	-0.03021978021978022	-0.02197802197802198	4610983
2022-10-20	-0.02662921348314612	-0.011235955056179775	0.01865168539325839	-0.02797752808988758	-0.02662921348314612	7449033
2022-10-21	-0.010850744545769338	0.00011543345261462676	0.015814383008195827	-0.02331755742814263	-0.010850744545769338	4962662
2022-10-24	-0.052748278678958996	0.010036176916793085	0.021122651417901765	-0.05823316606371799	-0.052748278678958996	8854297
2022-10-25	-0.02599482567451028	-0.014414192435628947	0.012566219046445682	-0.04509055069606993	-0.02599482567451028	8728641
2022-10-26	0.12383000252972416	0.011889704022261544	0.14470022767518337	0.005438907159119562	0.12383000252972416	13745156
2022-10-27	-0.0009003939223410051	0.012718064153067076	0.031738885762521186	-0.020821609454136122	-0.0009003939223410051	10178603
2022-10-28	-0.03266869437873146	0.013856032443393083	0.02343133941646951	-0.036949419849048114	-0.03266869437873146	7229293
2022-10-31	-0.029346686852218588	-0.015837894491673454	-0.006172120647490406	-0.0505415162454874	-0.029346686852218588	9373729
2022-11-01	0.08590281943611291	0.005638872225554876	0.09094181163767262	-0.007798440311937511	0.08590281943611291	9664440
2022-11-02	0.009722682576510832	-0.014915478952602016	0.04949729311678256	-0.015578389128273237	0.009722682576510832	9443329
2022-11-03	0.013458802932487187	-0.015209541525331004	0.05733668891563623	-0.020680599627968053	0.013458802932487187	9339443
2022-11-04	0.02105376808464682	0.0019434247462750227	0.033362124811055806	-0.00885337939969777	0.02105376808464682	8606527
2022-11-07	0.018504811250925242	-0.00010574177857661949	0.02516654330125843	-0.013323464100666078	0.018504811250925242	7897450
2022-11-08	-0.04183970099667761	-0.004983388704318831	-0.0015573089700995793	-0.05232558139534876	-0.04183970099667761	7675970
2022-11-09	0.0011918951132300294	0.00010835410120263197	0.029147253223534484	-0.007584787084191167	0.0011918951132300294	5113312
2022-11-10	-0.011688311688311822	0.0	0.025649350649350543	-0.02142857142857147	-0.011688311688311822	4559014
2022-11-11	0.03810775295663605	0.0949408672798949	0.10720543144984677	0.02956636005256245	0.03810775295663605	11875805
2022-11-14	0.020780590717299565	-0.002109704641350241	0.044198312236286896	-0.00949367088607586	0.020780590717299565	7614705
2022-11-15	-0.002376769660018495	-0.0069236333574455074	0.005476903999173309	-0.04298852950294509	-0.002376769660018495	7290179
2022-11-16	0.02910710586285465	-0.004557696291692686	0.05168841930805878	-0.014812512948000898	0.02910710586285465	10235375
2022-11-17	-0.008354302969300436	-0.013588324106693452	0.0005032712632109851	-0.03371917463512828	-0.008354302969300436	4784222
2022-11-18	-0.008323183110028352	0.009947218838814494	0.013804303694681278	-0.008729192042224923	-0.008323183110028352	4364065
2022-11-21	-0.009416581371545565	-0.017400204708290713	-0.004708290685772855	-0.02968270214943711	-0.009416581371545565	3057568
2022-11-22	-0.02572845629262239	-0.007956189295308906	0.006302955156023966	-0.033891299855342026	-0.02572845629262239	5128703
2022-11-23	-0.03202884717361343	-0.001802948350832556	-0.001802948350832556	-0.03616502280199396	-0.03202884717361343	5583763
2022-11-24	0.008217377013257369	0.004382601073737325	0.03517037361674163	-0.014133888462802587	0.008217377013257369	6234247
2022-11-25	-0.012388611171484466	-0.007824386003042805	-0.002716800695500978	-0.032710280373831675	-0.012388611171484466	3035671
2022-11-28	-0.022117077464788634	-0.042693661971830936	-0.021126760563380302	-0.06382042253521124	-0.022117077464788634	6893777
2022-11-29	0.010577247665128815	0.0	0.023967593113536575	-0.003938336896590621	0.010577247665128815	5104207
2022-11-30	-0.01347288720632455	-0.002672308206213218	0.0017815388041420397	-0.019374234495045196	-0.01347288720632455	3530918
2022-12-01	0.04683972911963889	0.016930022573363433	0.0540632054176073	0.016930022573363433	0.04683972911963889	6158127
2022-12-02	0.004851752021563373	-0.008086253369272238	0.01336927223719671	-0.016711590296495927	0.004851752021563373	5239649
2022-12-05	-0.018884120171673874	0.0074034334763948256	0.012875536480686725	-0.028969957081545095	-0.018884120171673874	5710484
2022-12-06	0.007108486439195163	-0.005358705161854712	0.03291776027996506	-0.014654418197725321	0.007108486439195163	5298576
2022-12-07	-0.022369421218373355	-0.005320881746118026	0.023889673145835625	-0.022695189488543852	-0.022369421218373355	9660400
2022-12-08	0.018438298344996076	-0.00022214817283123427	0.021215150505387054	-0.009108075086082499	0.018438298344996076	6380934
2022-12-09	-0.0020721998036863096	-0.0022903260988111434	0.0074162940342459025	-0.02475733449667353	-0.0020721998036863096	6273235
2022-12-12	-0.00852459016393444	-0.005245901639344306	0.008087431693989015	-0.018579234972677626	-0.00852459016393444	4225115
2022-12-13	-0.022817460317460243	0.0	0.0008818342151675297	-0.023258377425044087	-0.022817460317460243	4584630
2022-12-14	0.03214890016920467	-0.001692047377326629	0.04906937394247032	-0.001692047377326629	0.03214890016920467	6248327
2022-12-15	-0.001092896174863326	-0.005027322404371516	0.010163934426229582	-0.023825136612021933	-0.001092896174863326	5188706
2022-12-16	0.01422319474835883	-0.004376367614879712	0.02155361050328226	-0.00667396061269146	0.01422319474835883	4552983
2022-12-19	0.006256742179072258	0.00086299892125133	0.017259978425026908	-0.019417475728155307	0.006256742179072258	5841075
2022-12-20	-0.034948542024013776	0.00010720411663813375	0.006861063464837056	-0.03569897084048026	-0.034948542024013776	4713624
2022-12-21	0.008331481892912686	0.0008886914019106677	0.027549433459231328	-0.0049988891357476434	0.008331481892912686	2624733
2022-12-22	0.04660129998898319	0.008042304726231178	0.07194006830450592	-0.0016525283684035636	0.04660129998898319	6610511
2022-12-23	0.02652631578947364	-0.0005263157894736543	0.03736842105263155	-0.008421052631578918	0.02652631578947364	5757084
2022-12-26	-0.01497128794093513	0.0	0.004819524200164058	-0.019893355209187835	-0.01497128794093513	3127171
2022-12-27	0.07120549656464713	0.009785550697480718	0.08192796169061008	-0.0037476577139287886	0.07120549656464713	7664971
2022-12-28	-0.001166180758017537	-0.0019436345966958486	0.010301263362487736	-0.01273080660835765	-0.001166180758017537	5482542
2022-12-29	0.02305896088733221	9.729519361748508e-05	0.05341506129597193	-0.009340338587273867	0.02305896088733221	8212008
2022-12-30	-0.003328578221588288	0.01388492629576789	0.01388492629576789	-0.013884926295768025	-0.003328578221588288	3723882
2023-01-03	-0.027671755725190757	-0.005725190839694603	0.009446564885496271	-0.036164122137404504	-0.027671755725190757	7252806
2023-01-04	0.03238469087340527	0.0	0.04573110893032381	-0.00520117762512268	0.03238469087340527	6308251
2023-01-05	0.06939163498098856	0.009505703422053232	0.08992395437262352	0.0016159695817490657	0.06939163498098856	12747580
2023-01-06	-0.026311111111111056	-8.888888888893436e-05	-8.888888888893436e-05	-0.044444444444444446	-0.026311111111111056	7021258
2023-01-09	-0.001825817053131302	-0.0044732517801717095	0.0014606536425049899	-0.03405148804089834	-0.001825817053131302	6741881
2023-01-10	-0.009785988659228162	-0.009420157307481261	0.004664349734772187	-0.02524236327053233	-0.009785988659228162	4448476
2023-01-11	0.002031957144176585	0.004802807795326593	0.021982081832455987	-0.0071118500046180476	0.002031957144176585	4817984
2023-01-12	0.011613973638123377	0.0	0.02313577288229335	-0.009033090607429163	0.011613973638123377	4010775
2023-01-13	0.05667425968109338	0.0018223234624146045	0.06578587699316628	-0.006104783599088854	0.05667425968109338	8223717
2023-01-16	0.04414934896956113	-8.622919720621813e-05	0.0920927826161939	-0.009398982495472996	0.04414934896956113	11825483
2023-01-17	-0.024279461557519182	0.007432488231893563	0.011726814765876635	-0.0333636138409448	-0.024279461557519182	6339274
2023-01-18	-0.006093948370715183	0.0	0.005247566652560222	-0.016927634363097757	-0.006093948370715183	3758587
2023-01-19	0.06386783615771097	0.006471940730647968	0.07877033126117687	-0.0033211274802009754	0.06386783615771097	8546594
2023-01-20	-0.01240694789081895	-0.007444168734491369	0.019691026975106007	-0.024013447530617144	-0.01240694789081895	5000743
2023-01-30	-0.033960123196628285	0.005835629761711775	0.015561679364564774	-0.043605122386124136	-0.033960123196628285	6832795
2023-01-31	-0.024247000587297597	-0.0015101938082053244	0.010739155969460535	-0.028861481667925144	-0.024247000587297597	5384463
2023-02-01	0.015219260533104007	0.0	0.0256233877901978	-0.02235597592433357	0.015219260533104007	5467833
2023-02-02	0.0114338951469468	0.011687981705767847	0.06335224866604561	0.008130769882273296	0.0114338951469468	7424215
2023-02-03	-0.007703902193937378	-0.00494054597219899	0.03466755987271814	-0.013063138502763375	-0.007703902193937378	5629256
2023-02-06	-0.04135021097046418	-0.01139240506329109	-0.003037974683544299	-0.046413502109704644	-0.04135021097046418	8417671
2023-02-07	0.0057218309859155434	0.0038732394366198237	0.026936619718309882	-0.004225352112675967	0.0057218309859155434	3970092
2023-02-08	0.021269146608315158	0.0010503282275711558	0.05024070021881834	0.0010503282275711558	0.021269146608315158	5317812
2023-02-09	0.025454233801851207	-0.0033424751456976394	0.031196434693177805	-0.00848474460061715	0.025454233801851207	5919087
2023-02-10	0.02624320936063519	-0.008441287087338111	0.03643961554534057	-0.026326786460509868	0.02624320936063519	6526389
2023-02-13	-0.0015473572766512903	0.0066780682465998305	0.05871813665607943	-0.02264028015310694	-0.0015473572766512903	8330614
2023-02-14	-0.010766721044045621	-0.005791190864600276	0.01876019575856453	-0.01712887438825444	-0.010766721044045621	4001687
2023-02-15	-0.04172163588390503	-0.010554089709762543	-0.0023087071240105637	-0.04518469656992088	-0.04172163588390503	6690914
2023-02-16	-0.014971605575632378	0.003269660987781754	0.008948545861297593	-0.01738082946136634	-0.014971605575632378	5077555
2023-02-17	-0.0067260656883299285	-0.004367575122292103	0.012316561844863702	-0.028825995807127858	-0.0067260656883299285	3998124
2023-02-20	0.031395655615161444	0.014158825081347283	0.03464954709348353	-0.022953126374109574	0.031395655615161444	5273806
2023-02-21	-0.0063949522510231924	0.0001705320600272512	0.0054570259208731285	-0.017820600272851324	-0.0063949522510231924	4044751
2023-02-22	-0.024543036128035694	-0.005663777568008209	0.010040332961469164	-0.02600188792585601	-0.024543036128035694	3742755
2023-02-23	0.0029031406703615577	0.0173308700624615	0.04310724025688389	-0.005894255300431087	0.0029031406703615577	3338425
2023-02-24	-0.017543859649122806	0.007543859649122802	0.0076315789473684606	-0.024561403508771906	-0.017543859649122806	3696696
2023-02-27	-0.0062500000000000255	-0.01000000000000004	0.01071428571428574	-0.020446428571428626	-0.0062500000000000255	4369769
2023-02-28	0.037376460017969425	0.0	0.044025157232704455	-0.0026055705300987607	0.037376460017969425	6256991
2023-03-01	-0.013511172700502236	-0.0039840637450198665	-0.003724233500779427	-0.02606963450545636	-0.013511172700502236	5122538
2023-03-02	-0.009657594381036071	-0.005004389815627808	0.004389815627743635	-0.01843722563652334	-0.009657594381036071	2313108
2023-03-03	0.010017730496453986	0.0008865248226951111	0.02030141843971637	-0.006560283687943217	0.010017730496453986	2427444
2023-03-06	-0.010971649258316509	-0.006407443166856876	0.02448872114456238	-0.018695690336171418	-0.010971649258316509	4001694
2023-03-07	-0.017039403620873285	-0.007365992190273451	0.009052183173588888	-0.017039403620873285	-0.017039403620873285	2896777
2023-03-08	-0.00018057060310590676	-0.005055976886962823	0.018418201516792992	-0.012278801011195372	-0.00018057060310590676	3040878
2023-03-09	-0.028354704713743913	0.003250857865269997	0.005869604478959777	-0.03485642044428391	-0.028354704713743913	6438363
2023-03-10	0.022211895910780675	-0.005762081784386528	0.03903345724907066	-0.018029739776951652	0.022211895910780675	4421477
2023-03-13	0.002818438039821823	-0.016728793526684146	0.004545867806164197	-0.025365942358396145	0.002818438039821823	3014012
2023-03-14	-0.005439709882139568	-0.00018132366273795124	0.018857660924750667	-0.012873980054397115	-0.005439709882139568	2847727
2023-03-15	0.014220601640838671	0.0054694621695532755	0.034639927073837715	0.0054694621695532755	0.014220601640838671	2917666
2023-03-16	-0.06480316376056092	-8.987956138778641e-05	0.015639043681466788	-0.07999280963508903	-0.06480316376056092	8237932
2023-03-17	-0.029408938010571862	0.00182604517059104	0.009034118212397864	-0.04968765016818839	-0.029408938010571862	11309390
2023-03-20	0.0006931379344490286	0.0	0.014258837508664343	-0.01168432518071089	0.0006931379344490286	4757074
2023-03-21	0.06372452008707696	0.009301405105877673	0.07361963190184047	0.005343360379972214	0.06372452008707696	6625079
2023-03-22	-0.000651162790697611	0.013953488372093023	0.026697674418604694	-0.013767441860465154	-0.000651162790697611	4321798
2023-03-23	-0.010611561016475849	9.308386856549291e-05	0.013497160942008644	-0.017685935027459795	-0.010611561016475849	2807234
2023-03-24	-0.0010349045065387095	0.0029165490638817203	0.018910527801298246	-0.005362686988427955	-0.0010349045065387095	2482723
2023-03-27	0.03936711245055559	0.00018835938971553984	0.07129402900734595	-0.02053117347899799	0.03936711245055559	9737079
2023-03-28	-0.009242479159115585	0.0059804276911924305	0.011689017760058049	-0.015494744472634957	-0.009242479159115585	3610748
2023-03-29	-0.061093835741723126	-0.049935979513444376	-0.0007316627034936738	-0.06530089628681178	-0.061093835741723126	8667508
2023-03-30	-0.011299435028248555	-0.0009740892265730987	0.014124293785310762	-0.019968829144749633	-0.011299435028248555	4937281
2023-03-31	-0.057044334975369516	0.00019704433497533025	0.0049261083743842365	-0.06394088669950734	-0.057044334975369516	11398448
2023-04-03	-0.017657507052554568	-0.007627207188381463	0.004910667641834846	-0.029150558980252764	-0.017657507052554568	11137406
2023-04-04	0.005318017443097214	0.0038289725590299876	0.019144862795149938	-0.021165709423526857	0.005318017443097214	9241511
2023-04-06	0.028353787558188816	0.005078290308929369	0.0504655099449853	-0.009627592044011814	0.028353787558188816	6660655
2023-04-07	0.04753086419753076	0.003189300411522657	0.06995884773662549	0.0007201646090534277	0.04753086419753076	7654608
2023-04-10	0.008642702808878508	0.0035356511490867576	0.03516008642702821	-0.004812414064034521	0.008642702808878508	4775049
2023-04-11	-0.019668938656280388	0.0029211295034079566	0.009347614410905489	-0.038266796494644664	-0.019668938656280388	7061129
2023-04-12	0.0008939213349224194	-0.0015891934843068215	0.03814064362336103	-0.015593961064759706	0.0008939213349224194	5272480
2023-04-13	0.05190036717276972	0.0004961794184776934	0.07144983626079193	-0.019053289669544525	0.05190036717276972	9229661
2023-04-14	-0.004622641509433914	0.02358490566037736	0.0558490566037736	-0.009433962264150943	-0.004622641509433914	8070894
2023-04-17	0.004738887309259786	0.005781442517296933	0.018765993744668655	-0.014216661927779357	0.004738887309259786	4587641
2023-04-18	-0.028393547778511507	-0.01801716819168013	-0.0049995283463824276	-0.04018488821809268	-0.028393547778511507	6321069
2023-04-19	-0.014757281553398019	-0.003300970873786441	0.0034951456310679556	-0.026213592233009737	-0.014757281553398019	4845107
2023-04-20	-0.01566811194324008	0.0022664564446195287	0.01694915254237287	-0.01773748521876229	-0.01566811194324008	4171569
2023-04-21	-0.03774151566723392	-0.001902092301531662	0.0	-0.04094503954349788	-0.03774151566723392	8256954
2023-04-24	-0.022263836870578448	0.009155222638368658	0.017478152309612905	-0.02600915522263837	-0.022263836870578448	5468412
2023-04-25	-0.030006384337093076	0.008193232602681379	0.008193232602681379	-0.04234943605022349	-0.030006384337093076	10386839
2023-04-26	0.017332163229486598	-0.0326897762176392	0.027314611671785973	-0.041246160596752866	0.017332163229486598	12936280
2023-04-27	-0.012400258788009398	-0.006901013586370504	0.03008410610308396	-0.019840414060815065	-0.012400258788009398	6444559
2023-04-28	-0.006878480183426243	-0.006441751282891183	0.022491538377552158	-0.011354951413909884	-0.006878480183426243	4309462
2023-05-04	-0.017810026385224168	-0.010554089709762465	0.005936675461741494	-0.02682497801231308	-0.017810026385224168	4577135
2023-05-05	-0.014998880680546266	0.0004477277815087535	0.010073875083948863	-0.019364226550257487	-0.014998880680546266	3340684
2023-05-08	0.026363636363636287	0.0023863636363635654	0.048522727272727224	-0.0004545454545455256	0.026363636363636287	7170989
2023-05-09	-0.04317980513728954	-0.0026572187776793058	0.011846767050487239	-0.04550487156775908	-0.04317980513728954	6747582
2023-05-10	0.024415644526729917	-0.0013885674612358777	0.029854200416570217	-0.004397130293913394	0.024415644526729917	5032746
2023-05-11	0.017508189314356683	0.0006777363605557694	0.045860160397605355	-0.0059866711849090835	0.017508189314356683	6575918
2023-05-12	-0.009436056838365833	-0.0012211367673179334	0.0029973357015985348	-0.015541740674955501	-0.009436056838365833	2856302
2023-05-15	0.03810377675669608	-0.006163846240053761	0.04225036422727777	-0.011319063095371569	0.03810377675669608	4110883
2023-05-16	0.0039943862679477984	0.00939220554895827	0.01694915254237296	-0.005613732052250848	0.0039943862679477984	4459016
2023-05-17	-0.029462365591397796	-0.00010752688172048512	0.0008602150537634225	-0.034731182795698964	-0.029462365591397796	3662168
2023-05-18	-0.0099711943274984	-0.0028805672501662433	0.005428761356082372	-0.018391313981830387	-0.0099711943274984	4290792
2023-05-19	0.0021262309758280857	0.0012309758281110054	0.028200537153088585	-0.010183527305281968	0.0021262309758280857	4087365
2023-05-22	0.006253489670575123	0.004801786711334527	0.02177554438860975	-0.011725293132328276	0.006253489670575123	3039669
2023-05-23	-0.020086560870047745	0.006325602041948811	0.01209632671179673	-0.020086560870047745	-0.020086560870047745	5592490
2023-05-24	-0.0033975084937712023	-0.012457531143827796	0.007701019252548209	-0.02491506228765575	-0.0033975084937712023	4747126
2023-05-25	-0.013522727272727247	-0.00011363636363642178	0.002159090909090883	-0.03295454545454552	-0.013522727272727247	5187248
2023-05-26	-0.04446492339592212	0.0	0.006681257919594497	-0.04780555235571945	-0.04446492339592212	8237769
2023-05-29	0.01181434599156123	0.00012055455093418812	0.023267028330319378	-0.018565400843881932	0.01181434599156123	7709086
2023-05-30	-0.02180388418920544	-0.010127487191707476	0.012391278446324223	-0.039080185869176706	-0.02180388418920544	6779828
2023-05-31	-0.01583434835566379	-0.010231425091351878	0.019975639464068218	-0.01912302070645546	-0.01583434835566379	5917043
2023-06-01	0.01980198019801991	-0.0024752475247525104	0.04826732673267334	-0.012376237623762377	0.01980198019801991	6806496
2023-06-02	-0.006310679611650609	-0.001213592233009812	0.008131067961164896	-0.018810679611650623	-0.006310679611650609	4924612
2023-06-05	-0.03150952613580848	-0.004274548119198758	-0.0018319491939422505	-0.03517342452369315	-0.03150952613580848	7448673
2023-06-06	-0.05825977301387125	-0.0032786885245900494	0.0025220680958386236	-0.06128625472887767	-0.05825977301387125	12528118
2023-06-07	-0.025843599357257722	0.004284949116229153	0.00937332619175132	-0.03053026245313338	-0.025843599357257722	7535272
2023-06-08	0.006460481099656342	-0.006323024054982732	0.02694158075601366	-0.013058419243986293	0.006460481099656342	7902625
2023-06-09	-0.02294455066921596	-0.0016388964763726379	0.01515979240644632	-0.030592734225621344	-0.02294455066921596	12390264
2023-06-12	-0.011881464914733134	-0.014537321778026364	0.000419345820519806	-0.022924238188426063	-0.011881464914733134	7756368
2023-06-13	0.005799971707455037	0.002970717216013693	0.010468241618333698	-0.011317017965765981	0.005799971707455037	6064838
2023-06-14	0.0028129395218003217	0.011673699015471344	0.03305203938115343	-0.003516174402250352	0.0028129395218003217	9816321
2023-06-15	0.039691444600280484	0.002805049088359086	0.04460028050490893	-0.0050490883590462755	0.039691444600280484	13279143
2023-06-16	-0.013220018885741128	0.0002697963037907761	0.009712666936462956	-0.02428166734115739	-0.013220018885741128	9425857
2023-06-19	-0.023650034176350018	-0.0009569377990431632	0.0012303485987695036	-0.02925495557074505	-0.023650034176350018	7728297
2023-06-20	-0.01568188182581916	0.002940352842340993	0.012321478577429228	-0.018622234668160154	-0.01568188182581916	9103346
2023-06-21	-0.05846372688477951	-0.018492176386913188	-0.00014224751066843394	-0.060455192034139404	-0.05846372688477951	18558272
2023-06-26	0.003928085813567081	-0.014805861912675692	0.018129626831847753	-0.015259102583471686	0.003928085813567081	10358639
2023-06-27	-0.015801354401805825	0.0036117381489841217	0.012189616252821705	-0.017306245297216038	-0.015801354401805825	5859293
2023-06-28	-0.013761467889908343	0.004281345565749253	0.004281345565749253	-0.015596330275229513	-0.013761467889908343	5393029
2023-06-29	-0.013953488372093	0.004341085271317847	0.005271317829457417	-0.02217054263565891	-0.013953488372093	6942464
2023-06-30	0.014779874213836553	0.005660377358490557	0.03301886792452832	-0.0015723270440251794	0.014779874213836553	6717208
2023-07-03	0.013015184381778573	0.007282305546947611	0.01781840718933981	-0.007747133560582584	0.013015184381778573	5663022
2023-07-04	0.016365861119608558	-0.0038237993270113188	0.022330988069746222	-0.0235546038543896	0.016365861119608558	13303669
2023-07-05	-0.015349887133182784	-0.003912716328066292	0.012641083521444746	-0.019714070729872118	-0.015349887133182784	7584591
2023-07-06	-0.02216108818584762	-0.003820877273421977	-0.0036680421824852373	-0.02949717255081777	-0.02216108818584762	8512266
2023-07-07	-0.016411378555798644	-0.010628321350422004	-0.008596436386370697	-0.02422632072522659	-0.016411378555798644	5340757
2023-07-10	0.009534403305259835	0.002542507548069342	0.03543619895121559	-0.0019068806610519219	0.009534403305259835	6045699
2023-07-11	0.005824020147961553	0.0033055249488430794	0.009444356996694386	-0.01086101054619861	0.005824020147961553	3847000
2023-07-12	-0.018622848200312955	-0.0015649452269170803	0.0028169014084507	-0.023630672926447542	-0.018622848200312955	5311642
2023-07-13	0.03874980066974964	0.007973210014351778	0.0526231860947218	0.007973210014351778	0.03874980066974964	10807690
2023-07-14	-0.007061713233036441	0.0	0.0	-0.018268345102855355	-0.007061713233036441	7497890
2023-07-17	-0.01777983920841072	-0.010513296227582047	-0.004638218923933385	-0.0250463821892394	-0.01777983920841072	5501623
2023-07-18	-0.004092554698567574	0.00865732724696989	0.008814733196914878	-0.0077128915473005195	-0.004092554698567574	4993106
2023-07-19	-0.007270428323059915	-0.0036352141615300137	0.013434487118697666	-0.012960328749802437	-0.007270428323059915	4303084
2023-07-20	-0.018309186435281097	0.0017513134851138263	0.011781563445311173	-0.019582868969909312	-0.018309186435281097	5340022
2023-07-21	0.02886798572818685	0.004378851767758728	0.06097956535841721	0.00032435939020439714	0.02886798572818685	10525501
2023-07-24	0.014817150063051667	-0.005359394703656941	0.04602774274905425	-0.007093316519545961	0.014817150063051667	9214699
2023-07-25	0.018173345759552685	0.017396707051879536	0.024075799937869083	0.00403852127990067	0.018173345759552685	9364827
2023-07-26	0.013729977116704893	0.003203661327231243	0.0327993897787949	-0.010068649885583472	0.013729977116704893	9101009
2023-07-27	-0.003762227238525207	-0.0022573363431152094	0.0007524454477049985	-0.014296463506395829	-0.003762227238525207	6893564
2023-07-28	0.019335347432024187	-0.007552870090634441	0.024169184290030125	-0.02416918429003034	0.019335347432024187	11076749
2023-07-31	0.01956135151155888	0.010225251926496705	0.04653230586840546	0.00785417901600476	0.01956135151155888	15201767
2023-08-01	-0.026017441860465	0.0007267441860464703	0.02470930232558144	-0.027325581395348773	-0.026017441860465	13735778
2023-08-02	-0.009849276227428903	-0.003880017907775035	-0.0010446202059395222	-0.022832413072675736	-0.009849276227428903	8448796
2023-08-03	0.03828183873398653	-0.003165033911077525	0.0391861341371516	-0.003165033911077525	0.03828183873398653	10704602
2023-08-04	-0.023660908695020983	-0.0014515894904920063	-0.0014515894904920063	-0.026418928726956125	-0.023660908695020983	7185832
2023-08-07	-0.05605114481118054	-0.009663990484686375	-0.009069283377936357	-0.060362771335117485	-0.05605114481118054	13867981
2023-08-08	0.01275791463222547	0.005040163805323677	0.02346826271853838	-0.009922822491731022	0.01275791463222547	7893105
2023-08-09	0.07698289269051327	-0.00466562986003106	0.10000000000000012	-0.006220839813374784	0.07698289269051327	19739832
2023-08-10	0.007942238267147973	-0.012274368231046849	0.015451263537906039	-0.018050541516245487	0.007942238267147973	11882708
2023-08-11	-0.011747851002865232	0.0	0.022779369627507214	-0.014469914040114483	-0.011747851002865232	9727831
2023-08-14	-0.01638155987242693	-0.005943751812119611	0.0	-0.03725717599304157	-0.01638155987242693	7872251
2023-08-15	-0.02092851879145155	0.0025055268975681905	0.0026529108327193345	-0.036109064112011625	-0.02092851879145155	7901946
2023-08-16	-0.013698630136986462	-0.0019569471624267597	0.017913593256058975	-0.01806412765316879	-0.013698630136986462	6941978
2023-08-17	-0.0006105006105004891	-0.0056471306471304996	0.01739926739926741	-0.024572649572649565	-0.0006105006105004891	6972527
2023-08-18	-0.03772144166157614	-0.005192425167990278	-0.00045815516188150784	-0.03772144166157614	-0.03772144166157614	6395734
2023-08-21	-0.015711791779082603	-0.013807332169496865	-0.0028566894143786654	-0.033486748135216626	-0.015711791779082603	7398564
2023-08-22	-0.0035472428248952913	0.0	0.008061915511125443	-0.024830699774266465	-0.0035472428248952913	6008571
2023-08-23	-0.03284789644012936	-0.003559870550161794	0.004207119741100406	-0.03381877022653716	-0.03284789644012936	5356076
2023-08-24	0.1137694495566336	-0.00016730801405395875	0.1259829345825664	-0.0003346160281077987	0.1137694495566336	16243752
2023-08-25	-0.03184617695658691	0.00841219768664567	0.009163286765810632	-0.037704671774072274	-0.03184617695658691	8242135
2023-08-28	0.027773467804499487	0.09387121799844836	0.09387121799844836	0.02529092319627611	0.027773467804499487	12315105
2023-08-29	0.03185386473429951	-0.007548309178743962	0.043176328502415456	-0.018719806763284948	0.03185386473429951	12054615
2023-08-30	-0.0067300658376004945	-0.005852231163130819	0.002048280907095839	-0.015947329919531666	-0.0067300658376004945	7149935
2023-08-31	-0.019295919870378587	-0.008985122993077028	-0.0035351303579318734	-0.02371483281779348	-0.019295919870378587	7114385
2023-09-01	-0.014268549113848046	0.004656052868729383	0.017873235205767463	-0.02102733553619693	-0.014268549113848046	5269547
2023-09-04	0.009599268627152364	0.0010665854030170257	0.034740210269693754	0.0009142160597288173	0.009599268627152364	8194274
2023-09-05	-0.015393902807123607	-0.006942348324781284	0.004527618472683325	-0.018865076969514033	-0.015393902807123607	5238224
2023-09-06	-0.04092581238503978	-0.0059779276517474035	-0.004445125689760761	-0.04138565297363574	-0.04092581238503978	9658049
2023-09-07	-0.017100847051302544	0.0015982100047946528	0.008630334025890989	-0.019178520057535606	-0.017100847051302544	5576786
2023-09-08	0.004227642276422732	-0.0022764227642276514	0.013495934959349566	-0.00796747967479678	0.004227642276422732	4414342
2023-09-11	0.013924870466321234	-0.0022668393782383513	0.03513601036269433	-0.011981865284974011	0.013924870466321234	8685488
2023-09-12	-0.002714787607792951	0.0	0.010539763653784793	-0.009741296710316184	-0.002714787607792951	5194249
2023-09-13	-0.006565252201761468	-0.004483586869495615	0.005284227381905497	-0.01537229783827063	-0.006565252201761468	4188321
2023-09-14	-0.004190844616376499	-0.002256608639587372	0.007898130238555803	-0.014506769825918739	-0.004190844616376499	3967979
2023-09-15	0.02363224344448043	-0.0043703463904176615	0.05001618646811271	-0.016186468112657816	0.02363224344448043	13025975
2023-09-18	0.03716002530044278	-0.005218216318785664	0.04838709677419347	-0.008855154965211927	0.03716002530044278	12816135
2023-09-19	-0.008690349138588311	0.00045738679676781725	0.0038115566397316663	-0.01539868882451601	-0.008690349138588311	5878315
2023-09-20	-0.0015379883112887468	-0.004613964933866459	0.004306367271608754	-0.010919717010150628	-0.0015379883112887468	4905111
2023-09-21	-0.022643253234750443	-0.01032039433148493	0.003080714725816433	-0.028034504004929146	-0.022643253234750443	5607442
2023-09-22	0.01780929866036242	-0.007092198581560328	0.01780929866036242	-0.01497241922773842	0.01780929866036242	6596451
2023-09-25	0.014245896562403248	-0.006193868070609964	0.027717559615980276	-0.010839269123567603	0.014245896562403248	11528577
2023-09-26	-0.018320610687022943	-0.0015267175572518216	0.0077862595419848106	-0.019083969465648856	-0.018320610687022943	6387683
2023-09-27	0.06251944012441674	0.0003110419906686784	0.07620528771384145	0.0003110419906686784	0.06251944012441674	17763770
2023-09-28	-0.02517564402810303	-0.00468384074941442	0.0013173302107728838	-0.02927400468384075	-0.02517564402810303	10948666
2023-10-09	-0.021771771771771604	-0.027177177177177	-0.014414414414414321	-0.057807807807807726	-0.021771771771771604	11587967
2023-10-10	-0.030237912509593335	0.00445126630851868	0.00782808902532603	-0.032540291634689245	-0.030237912509593335	8926861
2023-10-11	0.09654954099398547	0.0020576131687243203	0.1293130737575181	0.0020576131687243203	0.09654954099398547	27981856
2023-10-12	0.008227482678983735	0.008949191685912305	0.02150692840646644	-0.009237875288683611	0.008227482678983735	14647678
2023-10-13	0.027201145311381614	-0.003579098067287044	0.027916964924838982	-0.009019327129563286	0.027201145311381614	18156128
2023-10-16	-0.04571428571428573	-0.011149825783972086	0.005714285714285667	-0.05268292682926831	-0.04571428571428573	16352161
2023-10-17	0.003797283481816929	0.008909011245801072	0.017379874397546336	-0.01153789981013571	0.003797283481816929	9529707
2023-10-18	-0.02109704641350215	-0.00872981230903548	-0.0061108686163247735	-0.03084533682525832	-0.02109704641350215	7586418
2023-10-19	-0.012485136741973891	-0.00416171224732463	0.012039239001189094	-0.013376932223543485	-0.012485136741973891	8298103
2023-10-20	-0.025888019265502694	-0.009632751354605668	0.0009030704394943148	-0.031607465382299735	-0.025888019265502694	9698005
2023-10-23	-0.004944375772558609	-0.00478986402966629	0.015142150803461124	-0.016687268232385637	-0.004944375772558609	7414408
2023-10-24	-0.013975155279503193	0.0054347826086955636	0.011024844720496797	-0.033850931677018734	-0.013975155279503193	11440249
2023-10-25	-0.08661417322834646	0.005669291338582668	0.019999999999999938	-0.0900787401574803	-0.08661417322834646	23499546
2023-10-26	-0.010172413793103506	-0.017241379310344827	0.0012068965517241428	-0.03551724137931039	-0.010172413793103506	14716133
2023-10-27	0.06375195958892185	-0.007141612959414677	0.06810660163734548	-0.013760668873018625	0.06375195958892185	14954851
2023-10-30	0.09169805141640743	-0.008842312100867843	0.09710168658915998	-0.013263468151301822	0.09169805141640743	24519565
2023-10-31	0.0004499775011249608	-0.009749512524373866	0.012449377531123417	-0.017699115044247888	0.0004499775011249608	13031287
2023-11-01	-0.014092953523238347	0.0	0.006896551724137837	-0.030584707646177003	-0.014092953523238347	11145695
2023-11-02	0.003649635036496272	0.008211678832116667	0.02995742092457419	-0.001368613138686183	0.003649635036496272	11072011
2023-11-03	0.018181818181818226	0.004545454545454503	0.026969696969696987	-0.004545454545454503	0.018181818181818226	10089069
2023-11-06	0.06116071428571428	0.03199404761904749	0.07142857142857138	0.031249999999999913	0.06116071428571428	17348439
2023-11-07	-0.007011639321273314	-0.004347216379189486	0.014023278642546627	-0.011218622914037262	-0.007011639321273314	11973846
2023-11-08	0.0008473379466177414	-0.0008473379466177414	0.033611071882502404	-0.005225250670809272	0.0008473379466177414	12833001
2023-11-09	-0.015380273740651944	0.0	0.013969239452518623	-0.01650910117115848	-0.015380273740651944	9786507
2023-11-10	0.00042992261392950896	-0.0131842934938378	0.006018916595012922	-0.018343364860991702	0.00042992261392950896	7297001
2023-11-13	-0.012605643890560026	0.017046268442916453	0.01905171178914193	-0.017046268442916453	-0.012605643890560026	7905117
2023-11-14	-0.0020310459886841805	0.001015522994341987	0.01740896561729274	-0.013201798926447275	-0.0020310459886841805	7341477
2023-11-15	0.00043610989969453297	0.03052769297863053	0.043756359936037076	-0.005233318796336668	0.00043610989969453297	10951346
2023-11-16	-0.02717233362394639	-0.007265329845975008	0.004213891310665596	-0.029351932577738975	-0.02717233362394639	9205862
2023-11-17	0.007766990291262076	-0.005526512322628895	0.01000746825989547	-0.007318894697535609	0.007766990291262076	6660028
2023-11-20	0.012894619831036083	0.004891062694530877	0.020157106862309166	-0.008003557136504996	0.012894619831036083	9234267
2023-11-21	-0.014925373134328507	-0.0002926543751830587	0.006292069066432435	-0.02004682470002933	-0.014925373134328507	8579863
2023-11-22	-0.03698752228163986	-0.005347593582887692	-0.0010398098633391739	-0.0399584076054664	-0.03698752228163986	11532338
2023-11-23	0.004935986426037442	0.0	0.010488971155329428	-0.007403979639056054	0.004935986426037442	7778691
2023-11-24	-0.02594013814274758	-0.0023023791250960197	0.0019953952417497384	-0.03300076745970845	-0.02594013814274758	9254618
2023-11-27	-0.018279231011660946	-0.007248660573589676	-0.0020485345099275536	-0.020327765521588388	-0.018279231011660946	8713630
2023-11-28	0.022792937399679	-0.002086677367576171	0.03499197431781713	-0.01364365971107535	0.022792937399679	11315818
2023-11-29	-0.017419962335216563	0.000470809792843709	0.0010985561833019505	-0.020715630885122415	-0.017419962335216563	6056179
2023-11-30	-0.007985944737262418	-0.0015971889474525062	0.009103977000479161	-0.011340041526912648	-0.007985944737262418	7168246
2023-12-01	0.0038641120592497503	0.0	0.007567219449364013	-0.021896635002415062	0.0038641120592497503	8575715
2023-12-04	-0.06174819566960708	-0.009141940657578193	-0.005613472333600664	-0.06238973536487571	-0.06174819566960708	15989849
2023-12-05	-0.015384615384615361	-0.0017094017094017337	0.01025641025641028	-0.015384615384615361	-0.015384615384615361	8930345
2023-12-06	0.0003472222222221531	0.0013888888888888592	0.01458333333333327	-0.0024305555555555656	0.0003472222222221531	7729972
2023-12-07	-0.019784796945505043	-0.00260326275598748	-0.00260326275598748	-0.025511975008677523	-0.019784796945505043	9763118
2023-12-08	-0.007613314447592064	0.0008852691218131067	0.005842776203966102	-0.021954674220963085	-0.007613314447592064	13061238
2023-12-11	0.0074933095450490945	-0.011418376449598583	0.015165031222123131	-0.028545941123996332	0.0074933095450490945	12724222
2023-12-12	-0.016291836373295586	-0.0035417035594120017	-0.00035417035594113725	-0.02071896582256068	-0.016291836373295586	8034957
2023-12-13	-0.03564356435643559	-0.006300630063006199	-0.0003600360036002884	-0.03564356435643559	-0.03564356435643559	11845338
2023-12-14	0.005040134403584154	0.013440358409557566	0.04349449318648494	0.00317341795781224	0.005040134403584154	11474883
2023-12-15	-0.0007429420505201755	0.008172362555720611	0.02377414561664179	-0.004271916790490415	-0.0007429420505201755	8262778
2023-12-18	-0.013197026022304718	-0.014869888475836378	0.008921933085501934	-0.017472118959107764	-0.013197026022304718	7161628
2023-12-19	-0.0013185157280090464	-0.004143906573742813	0.005650781691467266	-0.014315313618383972	-0.0013185157280090464	6671393
2023-12-20	-0.009053187476424066	0.0018860807242548907	0.021501320256506855	-0.009619011693700587	-0.009053187476424066	6037526
2023-12-21	0.02093642938713364	-0.005900266463646789	0.03616292348686712	-0.01027788351732012	0.02093642938713364	9756342
2023-12-22	-0.00018642803877699497	-0.006338553318419154	0.009507829977628598	-0.019388516032811318	-0.00018642803877699497	8945686
2023-12-25	0.012679470445646088	-0.007644974827521978	0.02330785008390826	-0.011001305239604763	0.012679470445646088	8463636
2023-12-26	-0.03700975879211941	-0.003866691217087108	-0.0007365126127784781	-0.05984164978825262	-0.03700975879211941	10035776
2023-12-27	-0.007839388145315422	0.0	0.005927342256214193	-0.012045889101338346	-0.007839388145315422	6984561
2023-12-28	0.07149739834264793	0.004432453266525282	0.07727885912507224	-0.0017344382347273734	0.07149739834264793	17059623
2023-12-29	-0.011330935251798607	-0.0017985611510791622	0.024640287769784126	-0.01438848920863317	-0.011330935251798607	12569768
2024-01-02	-0.035473894851737235	-0.0007276696379843396	-0.0007276696379843396	-0.042204839003092603	-0.035473894851737235	10202739
2024-01-03	-0.0194266314598265	-0.0022632968691060833	0.01565447001131645	-0.026782346284421003	-0.0194266314598265	11266206
2024-01-04	-0.030198115022119644	-0.004616272360069282	-0.0013464127716868682	-0.034429698018849764	-0.030198115022119644	13874584
2024-01-05	-0.011701705672352309	-0.0055533518445061705	0.008131693772312506	-0.018048393494645053	-0.011701705672352309	8704852
2024-01-08	-0.02267710214730073	0.0004013646397752986	0.0014047762392133312	-0.024081878386514065	-0.02267710214730073	8132491
2024-01-09	0.01498973305954819	0.005954825462012302	0.03408624229979459	-0.003490759753593464	0.01498973305954819	10406279
2024-01-10	0.005664576168318858	-0.008496864252478286	0.024883673882257675	-0.017802953671859245	0.005664576168318858	9676929
2024-01-11	0.027559847113256836	0.06517803258901633	0.07624220478776904	0.020116676725005028	0.027559847113256836	15987799
2024-01-12	-0.01879404855129211	-0.007635082223962423	0.012137823022709564	-0.01879404855129211	-0.01879404855129211	11061293
2024-01-15	-0.008579409417398239	-0.00977653631284906	0.01356743814844373	-0.012968874700718249	-0.008579409417398239	7861083
2024-01-16	0.011672368685852393	-0.007446166230629854	0.013282350573556123	-0.01791104850070438	0.011672368685852393	8992039
2024-01-17	-0.03441416351700823	-0.0073602546250249555	-0.00537099661826145	-0.0350109409190373	-0.03441416351700823	7994407
2024-01-18	0.031108364235681873	-0.005150391429748661	0.031314379892871926	-0.01112484548825709	0.031108364235681873	10949459
2024-01-19	-0.02297702297702295	-0.009190809190809066	0.0029970029970031106	-0.02357642357642357	-0.02297702297702295	8296371
2024-01-22	-0.03660531697341512	-0.006134969325153316	-0.0004089979550101436	-0.043558282208588865	-0.03660531697341512	8659976
2024-01-23	0.013797495223943931	-0.008703035448949195	0.03587348758225425	-0.008703035448949195	0.013797495223943931	8065164
2024-01-24	0.0008375209380234328	0.009422110552763879	0.01277219430485761	-0.044179229480737006	0.0008375209380234328	11178404
2024-01-25	0.022175732217573272	-0.0050209205020919434	0.023849372384937253	-0.01610878661087858	0.022175732217573272	11122080
2024-01-26	-0.10130986492018017	-0.012484650020466628	0.008595988538681983	-0.1158411788784281	-0.10130986492018017	24933562
2024-01-29	-0.013664313368253116	0.024823502618993475	0.05306308358005023	-0.014347529036665805	-0.013664313368253116	20825123
2024-01-30	-0.004386977603324979	-0.009466635880859008	0.01939505887785722	-0.01870237820364817	-0.004386977603324979	11818733
2024-01-31	-0.05844155844155835	-0.011363636363636246	0.00023191094619677915	-0.05844155844155835	-0.05844155844155835	15059906
2024-02-01	0.0100985221674876	0.001231527093595989	0.03940886699507393	-0.0022167487684729903	0.0100985221674876	13087712
2024-02-02	-0.06047305535235301	0.004633016337478782	0.010241404535479193	-0.08558888076079	-0.06047305535235301	21058391
2024-02-05	-0.017648585517778346	0.007526602647287805	0.017389047495458127	-0.06254866337918515	-0.017648585517778346	19061637
2024-02-06	0.07688243064729185	-0.01611624834874503	0.08190224570673715	-0.01611624834874503	0.07688243064729185	17934379
2024-02-07	0.04268891069676158	0.050049067713444535	0.08145240431795879	0.027477919528950064	0.04268891069676158	26369428
2024-02-08	0.007058823529411698	-0.006352941176470662	0.01529411764705879	-0.03976470588235289	0.007058823529411698	20739988
2024-02-19	-0.006074766355140141	-0.018691588785046665	-0.0025700934579439122	-0.028037383177569996	-0.006074766355140141	14513606
2024-02-20	0.016690173953925736	-0.0032910202162670563	0.031734837799717946	-0.007992477668077017	0.016690173953925736	13387527
2024-02-21	0.017803468208092556	-0.013641618497109905	0.042543352601156145	-0.019653179190751477	0.017803468208092556	16828362
2024-02-22	0.000681508405270196	-0.005679236710586097	0.004543389368468781	-0.011585642889595753	0.000681508405270196	11478761
2024-02-23	-0.004767309875141743	-0.005221339387060088	0.0038592508513053737	-0.02133938706015886	-0.004767309875141743	14423567
2024-02-26	0.010492700729926864	0.0002281021897809765	0.028284671532846598	-0.008895985401459866	0.010492700729926864	16342871
2024-02-27	0.011286681715575621	-0.006997742663656777	0.011286681715575621	-0.02009029345372462	0.011286681715575621	15092732
2024-02-28	-0.02678571428571419	0.005133928571428661	0.04575892857142867	-0.027901785714285716	-0.02678571428571419	21977164
2024-02-29	0.03325688073394485	-0.007110091743119318	0.034403669724770644	-0.013761467889908289	0.03325688073394485	17233935
2024-03-01	0.0033296337402886947	-0.0022197558268589193	0.010876803551609368	-0.013540510543840166	0.0033296337402886947	11808359
2024-03-04	0.034513274336283074	-0.0006637168141593172	0.07323008849557511	-0.003318584070796586	0.034513274336283074	25391856
2024-03-05	-0.045765611633875124	-0.01497005988023943	-0.014114627887082905	-0.05047048759623609	-0.045765611633875124	20238948
2024-03-06	-0.00806813088301209	-0.0035858359480053026	0.010085163603765192	-0.02398027790228598	-0.00806813088301209	14408125
2024-03-07	-0.0695887934929959	-0.05558065973791236	-0.02620876638047891	-0.06981473113420687	-0.0695887934929959	23398180
2024-03-08	0.005585235551238389	0.0024283632831471934	0.028897523069451134	-0.00849927149101509	0.005585235551238389	12754847
2024-03-11	0.03936247283264918	0.010383965225791037	0.04467519922723984	-0.0038638010142476842	0.03936247283264918	16155757
2024-03-12	0.02997211895910779	0.003717472118959194	0.039962825278810385	0.0032527881040892324	0.02997211895910779	20495925
2024-03-13	-0.01759530791788859	0.00045116174148439266	0.00045116174148439266	-0.03180690277464463	-0.01759530791788859	15079367
2024-03-14	0.20000000000000004	0.1244546498277842	0.20000000000000004	0.1244546498277842	0.20000000000000004	74773695
2024-03-15	-0.0030616150019134444	0.01415996938385002	0.05989284347493308	-0.01817833907386138	-0.0030616150019134444	59229135
2024-03-18	0.016890595009596842	0.01708253358925145	0.026679462571976977	-0.040307101727447246	0.016890595009596842	42136681
2024-03-19	-0.012835032087580214	-0.018497546243865553	0.009437523593808984	-0.02472631181577945	-0.012835032087580214	27478795
2024-03-20	-0.021414913957934944	-0.009177820267686366	0.012237093690248578	-0.026003824091778194	-0.021414913957934944	25557817
2024-03-21	-0.017389605314576017	-0.0001953888237592421	0.003712387651426294	-0.029112934740132903	-0.017389605314576017	19204138
2024-03-22	-0.04712666534102202	-0.00536886060847079	-0.0017896202028235496	-0.048518592165440404	-0.04712666534102202	19350107
2024-03-25	0.041318864774624306	0.01961602671118526	0.08493322203672789	0.013146911519198569	0.041318864774624306	29471607
2024-03-26	0.004008016032064185	-0.013827655310621197	0.019238476953907832	-0.024048096192384686	0.004008016032064185	19611289
2024-03-27	0.016167664670658586	-0.00499001996007984	0.05329341317365273	-0.017365269461077935	0.016167664670658586	26156437
2024-03-28	0.0263209585543116	-0.014339029660184579	0.04753486544883131	-0.022588882341386736	0.0263209585543116	27600708
2024-03-29	0.01722488038277509	-0.008803827751196189	0.04267942583732051	-0.016267942583732084	0.01722488038277509	23282217
2024-04-01	-0.0009407337723423737	0.0009407337723425074	0.009219190968955824	-0.02539981185324556	-0.0009407337723423737	15899948
2024-04-02	-0.019962335216572546	-0.0030131826741996927	-0.0003766478342750118	-0.022975517890772106	-0.019962335216572546	10506622
2024-04-03	-0.03458877786318211	-0.004611837048424328	0.007686395080707121	-0.035357417371252815	-0.03458877786318211	13218061
2024-04-08	0.046775477707006394	-0.004777070063694307	0.05334394904458598	-0.01134554140127389	0.046775477707006394	19649948
2024-04-09	0.08233504468530135	-0.0009507510933638384	0.08861000190150212	-0.014261266400456359	0.08233504468530135	26380621
2024-04-10	0.012297962052002736	-0.008081517919887576	0.024420238931834162	-0.027933942375263587	0.012297962052002736	21145220
2024-04-11	-0.024644220756681615	-0.009024644220756613	-0.007289135716764919	-0.03644567858382496	-0.024644220756681615	13841925
2024-04-12	-0.009252669039145962	0.005338078291814896	0.029893238434163694	-0.018327402135231336	-0.009252669039145962	9925934
2024-04-15	0.012033045977011525	0.00017959770114938956	0.05711206896551724	-0.00323275862068965	0.012033045977011525	19996060
2024-04-16	-0.05767524401064773	0.0	0.02573203194321199	-0.06033717834960068	-0.05767524401064773	18724997
2024-04-17	-0.006403013182674264	-0.004143126177024461	0.025235404896421777	-0.02749529190207158	-0.006403013182674264	20385793
2024-04-18	-0.019522365428354838	-0.016868840030326016	0.021607278241091748	-0.02217589082638352	-0.019522365428354838	13737524
2024-04-19	-0.040402087763386746	-0.014111734003479546	-0.009858882659965165	-0.0491011018751208	-0.040402087763386746	15867137
2024-04-22	0.0018130539887187007	-0.0030217566478645966	0.013295729250604283	-0.022360999194198216	0.0018130539887187007	11618195
2024-04-23	0.0675648501910317	0.0016086869093103842	0.0878745224210739	-0.02352704604866267	0.0675648501910317	20843188
2024-04-24	-0.009229610096063325	-0.012055000941796958	0.0020719532868713397	-0.03258617442079495	-0.009229610096063325	16332145
2024-04-25	0.007794676806083585	-0.01787072243346017	0.029467680608364966	-0.01787072243346017	0.007794676806083585	13788773
2024-04-26	0.08847387285417856	-0.03791737408036216	0.09696283720052822	-0.04810413129598184	0.08847387285417856	30450985
2024-04-29	0.03414211438474868	-0.011091854419410754	0.04592720970537259	-0.011091854419410754	0.03414211438474868	23805787
2024-04-30	-0.009384950561421187	-0.011228422993128904	0.009049773755656094	-0.02128372716608016	-0.009384950561421187	10940133
2024-05-06	0.0446624936558958	0.011673151750972725	0.05379800372187447	0.00067670444933174	0.0446624936558958	19111256
2024-05-07	-0.0008097165991902374	-0.0032388663967611794	0.0053441295546558425	-0.020242914979757085	-0.0008097165991902374	9279408
2024-05-08	-0.02982171799027558	-0.005672609400324172	-0.00032414910859000204	-0.03209076175040525	-0.02982171799027558	11205060
2024-05-09	-0.0018376211159371774	-0.002672903441363124	0.021049114600735015	-0.009689274974941502	-0.0018376211159371774	10061737
2024-05-10	-0.001004184100418448	0.0008368200836819608	0.0013389121338911849	-0.01891213389121343	-0.001004184100418448	7359158
2024-05-13	-0.033673982241581475	0.0470765622382309	0.06148433573462895	-0.0361869659909532	-0.033673982241581475	16035791
2024-05-14	0.026005547850208043	-0.007454923717059634	0.033460471567267676	-0.007454923717059634	0.026005547850208043	9370721
2024-05-15	-0.03852652923284895	-0.011490368367691782	-0.006252112200067547	-0.04258195336262256	-0.03852652923284895	9445650
2024-05-16	0.020913884007029964	0.00175746924428825	0.038488576449912215	-0.012829525483303987	0.020913884007029964	8863900
2024-05-17	-0.018936133585815137	-0.0034429333792391605	0.01050094680667928	-0.028232053709760726	-0.018936133585815137	6964415
2024-05-20	0.02491665204421819	0.001403755044744662	0.03281277417090713	-0.004211265134234111	0.02491665204421819	7299781
2024-05-21	-0.004451292586885773	-0.002225646293442826	0.009587399417907932	-0.01129943502824853	-0.004451292586885773	6216702
2024-05-22	-0.022012037833190046	-0.0008598452278589365	0.004815133276010338	-0.042820292347377505	-0.022012037833190046	10669270
2024-05-23	-0.030947775628626658	-0.0038684719535783166	0.0	-0.03516792685071215	-0.030947775628626658	8005911
2024-05-24	-0.003629105425512663	-0.0041734712393394465	0.019052803483941158	-0.012338958446742872	-0.003629105425512663	6208751
2024-05-27	0.007648879985430736	0.0	0.007648879985430736	-0.019850664724093907	0.007648879985430736	5677778
2024-05-28	-0.011386228086029198	-0.005964214711729592	0.018977046810048876	-0.015723838785468958	-0.011386228086029198	6512831
2024-05-29	-0.026508226691042098	-0.0031078610603290984	0.008226691042047454	-0.031078610603290726	-0.026508226691042098	8364236
2024-05-30	0.010892018779342691	0.0009389671361501814	0.012206572769953026	-0.013521126760563358	0.010892018779342691	5369267
2024-05-31	0.0018577001671930414	0.011517741036596777	0.027122422441018035	-0.0005573100501579257	0.0018577001671930414	7633517
2024-06-03	-0.006119043204153501	-0.019840534025588732	0.0018542555164101876	-0.030224364917485678	-0.006119043204153501	8610114
2024-06-04	0.03544776119402982	-0.004291044776119477	0.04160447761194024	-0.007462686567164152	0.03544776119402982	9540997
2024-06-05	-0.0032432432432432383	-0.0021621621621621162	0.010810810810810836	-0.010990990990990981	-0.0032432432432432383	5851840
2024-06-06	0.028741865509761322	-0.004699927693420065	0.03398409255242232	-0.004699927693420065	0.028741865509761322	9368382
2024-06-07	0.0024600246002460125	0.0	0.02969601124582683	-0.0019328764716218493	0.0024600246002460125	9795335
2024-06-11	-0.020157756354075348	-0.00543382997370719	-0.00245398773006136	-0.05977212971077996	-0.020157756354075348	11257689
2024-06-12	0.03041144901610023	-0.007155635062611782	0.05295169946332739	-0.012522361359570586	0.03041144901610023	12608464
2024-06-13	-0.0065972222222222664	-0.0034722222222222715	0.015624999999999976	-0.015451388888888898	-0.0065972222222222664	8254340
2024-06-14	-0.059769311429570114	-0.0020971688220901338	0.002796225096120302	-0.13736455784690668	-0.059769311429570114	30885036
2024-06-17	-0.005576208178438609	-0.030855018587360533	0.0014869888475837435	-0.04256505576208177	-0.005576208178438609	13603891
2024-06-18	-0.028037383177570093	-0.003925233644859829	-0.003925233644859829	-0.041495327102803715	-0.028037383177570093	8481819
2024-06-19	-0.004038461538461555	-0.002500000000000049	0.006730769230769258	-0.00788461538461532	-0.004038461538461555	4687175
2024-06-20	-0.02761150801312994	-0.003668661903842397	0.016605522301602615	-0.028770032824869705	-0.02761150801312994	7080484
2024-06-21	0.009134233518665625	-0.0003971405877679909	0.017474185861795128	-0.00655281969817312	0.009134233518665625	5681564
2024-06-24	-0.007083825265643436	-0.008658008658008613	0.017316017316017365	-0.012199921290830331	-0.007083825265643436	5247370
2024-06-25	-0.02298850574712651	-0.005152596115735196	0.00871977804201343	-0.03824811732065001	-0.02298850574712651	8851490
2024-06-26	0.006490872210953353	0.0	0.010750507099391505	-0.013995943204868109	0.006490872210953353	5674576
2024-06-27	-0.016928657799274414	-0.005038291011688835	0.004635227730753809	-0.0326481257557436	-0.016928657799274414	5878573
2024-06-28	-0.003690036900368998	0.002050020500205031	0.02726527265272649	-0.006150061500615094	-0.003690036900368998	6288370
2024-07-01	-0.0032921810699589236	0.0	0.00781893004115217	-0.025308641975308722	-0.0032921810699589236	4096502
2024-07-02	-0.029727497935590375	0.0008257638315441608	0.003715937241948797	-0.03364987613542517	-0.029727497935590375	6012528
2024-07-03	0.0008510638297872159	0.0	0.018723404255319202	-0.012553191489361775	0.0008510638297872159	5712544
2024-07-04	0.006590136054421817	0.0	0.028061224489795925	-0.004889455782312859	0.006590136054421817	6317079
2024-07-05	0.0791974656810982	-0.003167898627243898	0.09208025343189016	-0.016261879619852232	0.0791974656810982	14991586
2024-07-08	-0.04109589041095893	-0.021526418786692786	-0.002544031311154649	-0.06673189823874763	-0.04109589041095893	10888595
2024-07-09	-0.014285714285714344	-0.006122448979591778	0.001632653061224455	-0.042857142857142885	-0.014285714285714344	8580877
2024-07-10	-0.021532091097308474	-0.006211180124223544	0.01594202898550731	-0.023395445134575477	-0.021532091097308474	7986273
2024-07-11	0.029623360135421047	0.015658061785865467	0.048666948793906144	0.0038087177316969895	0.029623360135421047	10063553
2024-07-12	-0.0012330456226879402	0.005754212905877541	0.058364159473900605	-0.0036991368680641128	-0.0012330456226879402	10831377
2024-07-15	-0.0205761316872428	-0.005967078189300394	0.00823045267489709	-0.023251028806584414	-0.0205761316872428	6466929
2024-07-16	0.006722689075630258	-0.005042016806722731	0.009243697478991548	-0.012605042016806753	0.006722689075630258	5006158
2024-07-17	0.05696994991652748	-0.0014607679465776353	0.06886477462437389	-0.006260434056761357	0.05696994991652748	13043799
2024-07-18	0.006910167818361331	-0.012833168805528107	0.008884501480750304	-0.016584402764067054	0.006910167818361331	7957668
2024-07-19	0.02058823529411759	-0.004705882352941215	0.032352941176470564	-0.017254901960784365	0.02058823529411759	7922333
2024-07-22	0.041498559077809874	-0.0009606147934677648	0.06320845341018264	-0.006724303554274627	0.041498559077809874	10146266
2024-07-23	-0.02693230031359529	-0.004796163069544328	0.0071942446043165575	-0.027854639365430697	-0.02693230031359529	7985032
2024-07-24	-0.020284360189573466	-0.005308056872037936	0.02388625592417058	-0.025971563981042604	-0.020284360189573466	7044431
2024-07-25	0.0005804953560371737	-0.0013544891640866928	0.018382352941176527	-0.015092879256965966	0.0005804953560371737	6891160
2024-07-26	-0.015277509185844114	-0.0023206343067104515	0.007348675304583302	-0.02436666022046022	-0.015277509185844114	6527211
2024-07-29	0.008641005498821637	0.0033385703063629557	0.018853102906520047	-0.0043205027494108185	0.008641005498821637	6023460
2024-07-30	-0.009929906542056036	0.012461059190031164	0.029010903426791315	-0.018691588785046745	-0.009929906542056036	7018323
2024-07-31	0.053294001966568354	-0.008652900688299013	0.07335299901671577	-0.015732546705998118	0.053294001966568354	13890728
2024-08-01	-0.020724421209858093	-0.0029873039581778133	0.004480955937266521	-0.025392083644510816	-0.020724421209858093	8459593
2024-08-02	0.04632983794089608	-0.004766444232602478	0.07702573879885603	-0.005529075309818994	0.04632983794089608	16476375
2024-08-05	0.02223032069970843	-0.005102040816326551	0.06231778425655966	-0.006924198250728909	0.02223032069970843	18296284
2024-08-06	0.024955436720142575	0.016042780748663076	0.03137254901960781	-0.006238859180035676	0.024955436720142575	11758602
2024-08-07	-0.024695652173913073	-0.008347826086956467	-0.0039999999999999454	-0.03339130434782612	-0.024695652173913073	10140607
2024-08-08	-0.025677603423680417	-0.007667617689015687	0.0026747503566333557	-0.030492154065620558	-0.025677603423680417	8443513
2024-08-09	-0.015922401171303027	0.00567349926793562	0.01116398243045387	-0.019948755490483226	-0.015922401171303027	7479194
2024-08-12	-0.006509205876883047	-0.0003719546215362307	0.008926910916868083	-0.010786684024549105	-0.006509205876883047	6983476
2024-08-13	0.015162860351928025	-0.00037439161362791325	0.015162860351928025	-0.022463496817671336	0.015162860351928025	8229837
2024-08-14	-0.0374331550802138	-0.004609994468006639	-0.004609994468006639	-0.04075235109717857	-0.0374331550802138	6809658
2024-08-15	0.007662835249042118	-0.00344827586206896	0.025287356321839084	-0.006321839080459873	0.007662835249042118	6405100
2024-08-16	0.018631178707224274	-0.0038022813688213465	0.023193916349809864	-0.0072243346007605045	0.018631178707224274	5983674
2024-08-19	-0.007465472191116062	-0.0033594624860022342	0.0031728256812243692	-0.020156774916013406	-0.007465472191116062	5614759
2024-08-20	-0.059796916133884916	-0.003384731101918009	-0.00037608123354650484	-0.06769462203836031	-0.059796916133884916	12476988
2024-08-21	-0.028199999999999933	-0.007999999999999972	-0.0021999999999999884	-0.03200000000000003	-0.028199999999999933	7073275
2024-08-22	-0.017081704054332278	0.0	0.0076147355422926	-0.02099197365713116	-0.017081704054332278	5131400
2024-08-23	-0.00314070351758791	0.0	0.003978224455611492	-0.011934673366834177	-0.00314070351758791	3457856
2024-08-26	0.019533711405166975	-0.0029405587061541814	0.03612686410417977	-0.006301197227473161	0.019533711405166975	5291357
2024-08-27	-0.019777503090234877	-0.0020601565718994935	0.005356407086938566	-0.02533992583436335	-0.019777503090234877	3991175
2024-08-28	0.023118957545187085	-0.002101723413198853	0.024800336275746106	-0.006305170239596409	0.023118957545187085	4988495
2024-08-29	0.05135579293344289	-0.022185702547247294	0.059572719802793724	-0.023007395234182364	0.05135579293344289	10655377
2024-08-30	-0.006057053536537754	-0.003712387651426294	0.013091051191871858	-0.011723329425556886	-0.006057053536537754	7275887
2024-09-02	-0.047768822488696676	-0.007273442107332366	0.0025555337133871155	-0.05052093571849814	-0.047768822488696676	6468224
2024-09-03	0.028282411230388205	0.0012386457473163145	0.04128819157720892	-0.00701899256812544	0.028282411230388205	5890034
2024-09-04	0.001806866091146282	-0.0046175466773741005	0.025898413973097754	-0.010640433647861897	0.001806866091146282	4062017
2024-09-05	0.011222444889779606	0.0020040080160320926	0.017034068136272573	0.0004008016032064755	0.011222444889779606	3668905
2024-09-06	-0.03428458184700761	0.0	0.008125247720967035	-0.034879112168053866	-0.03428458184700761	4032195
2024-09-09	0.009644982556946563	0.00041042478965735947	0.038579930227785816	-0.014980504822491214	0.009644982556946563	5974986
2024-09-10	-0.005691056910569129	0.0	0.005691056910568984	-0.039430894308943185	-0.005691056910569129	5773199
2024-09-11	0.0038838920686835184	-0.005519215044971446	0.02616516762060509	-0.008585445625511072	0.0038838920686835184	4333990
2024-09-12	-0.0054978619425778055	0.0022398696803094978	0.01995520260639389	-0.00651598452453676	-0.0054978619425778055	3845410
2024-09-13	0.003071253071253042	0.0012285012285011296	0.010851760851760728	-0.010032760032760072	0.003071253071253042	3278142
2024-09-18	0.018779342723004584	-0.004286589099816307	0.020412329046744233	-0.004286589099816307	0.018779342723004584	3318850
2024-09-19	0.017030655179322812	0.00921658986175117	0.041675015027048797	0.0018032458425165981	0.017030655179322812	5725444
2024-09-20	-0.011426319936958201	-0.005910165484633514	0.004728132387706896	-0.03743104806934591	-0.011426319936958201	5499606
2024-09-23	-0.00757273814268638	0.02351534475886807	0.03427660422479073	-0.01454762853726578	-0.00757273814268638	6232072
2024-09-24	0.03192771084337356	0.0074297188755021	0.041767068273092484	-0.02248995983935738	0.03192771084337356	8702600
2024-09-25	0.03911266783420895	0.0001945903872348319	0.05857170655769601	-0.005643121229811231	0.03911266783420895	12064225
2024-09-26	0.041385767790262186	-0.011235955056179803	0.04681647940074907	-0.02621722846441945	0.041385767790262186	12716224
2024-09-27	0.06635497212731518	0.005934184499190763	0.12533716957381763	0.0007192950908109899	0.06635497212731518	24107518
2024-09-30	0.16340640809443505	0.04502529510961217	0.17032040472175394	0.016020236087689762	0.16340640809443505	28003392
2024-10-08	0.14828235976228446	0.19988404116538638	0.2000289897086536	0.031598782432236655	0.14828235976228446	44892196
2024-10-09	-0.14377682403433478	-0.07031052764453412	-0.03812168644281742	-0.14466043928300926	-0.14377682403433478	31876197
2024-10-10	-0.011646763968745276	0.0008845643520566457	0.03479286451422674	-0.01665929529706613	-0.011646763968745276	15925172
2024-10-11	-0.059964200477327013	-0.008800715990453511	-0.0008949880668258095	-0.07517899761336524	-0.059964200477327013	15830997
2024-10-14	0.012694382735639434	-0.001904157410345994	0.013329101872421395	-0.042843541732783284	0.012694382735639434	19420568
2024-10-15	-0.03823252898777809	0.0026637417737386667	0.010654967094954556	-0.04403008461297402	-0.03823252898777809	13290048
2024-10-16	-0.02231997393287723	-0.022482893450635425	-0.0003258390355165058	-0.028836754643206307	-0.02231997393287723	10101953
2024-10-17	-0.00483252791201465	0.007832027995334093	0.0279953341109815	-0.00533244459256791	-0.00483252791201465	9350700
2024-10-18	0.07166778298727397	-0.0031815137307434314	0.11939048894842591	-0.007032819825854014	0.07166778298727397	18013743
2024-10-21	0.029843749999999947	0.00015625000000007994	0.051562499999999956	-0.014687499999999964	0.029843749999999947	16836655
2024-10-22	0.030344409042633896	-0.016841147018661805	0.03550295857988171	-0.018054923380367134	0.030344409042633896	14183201
2024-10-23	-0.009865999116477717	-0.001914298336032918	0.021940804005301268	-0.034604623766750026	-0.009865999116477717	14331639
2024-10-24	-0.007584770969660782	-0.008923259964306877	0.02572873289708513	-0.013384889946460315	-0.007584770969660782	12192001
2024-10-25	0.06488835606174131	-0.007942454668065355	0.09396073729956535	-0.017383485688595993	0.06488835606174131	22940875
2024-10-28	0.009287925696594378	0.0008443568815086163	0.023501266535322286	-0.011961722488038397	0.009287925696594378	14005361
2024-10-29	-0.039040713887339616	-0.00013943112102628437	0.020496374790853304	-0.04392080312325719	-0.039040713887339616	12735961
2024-10-30	-0.0718224027858387	-0.019878119558908947	-0.014799767846778816	-0.08328496807893213	-0.0718224027858387	20686720
2024-10-31	-0.017508206972018093	-0.0007816163826793365	0.010161012974832042	-0.02297952165077378	-0.017508206972018093	13032816
2024-11-01	-0.005091487669053306	-0.0036595067621321238	0.024343675417661	-0.01622911694510745	-0.005091487669053306	11121905
2024-11-04	0.021589636974252382	0.011994242763473533	0.05101551255397405	0.006237006237006246	0.021589636974252382	10962426
2024-11-05	0.06433938634940502	0.000626174076393224	0.07154038822792737	-0.014402003757044484	0.06433938634940502	17227379
2024-11-06	-0.01676717164288867	-0.007206942197381893	0.02367995293425503	-0.03029857331960565	-0.01676717164288867	16261258
2024-11-07	0.008676140613313576	-0.021690351533283303	0.010620792819745819	-0.03515332834704554	0.008676140613313576	15285413
2024-11-08	-0.020020762271985886	0.021503781699540092	0.023283405012605563	-0.02269019724158388	-0.020020762271985886	14932421
2024-11-11	0.036773607748184126	-0.011803874092009703	0.047972154963680416	-0.01815980629539956	0.036773607748184126	16130744
2024-11-12	-0.008319953291490401	0.0010217486498320417	0.03532331046562548	-0.017223762954313337	-0.008319953291490401	21487391
2024-11-13	-0.005004415660877295	-0.009714453929938131	0.010744774801295319	-0.02369738004121283	-0.005004415660877295	11713061
2024-11-14	-0.041124260355029606	-0.0059171597633134836	0.008284023668639088	-0.04171597633136085	-0.041124260355029606	9480632
2024-11-15	-0.037488429497068695	-0.0006170934896635613	0.010490589324282736	-0.037488429497068695	-0.037488429497068695	9668155
2024-11-18	-0.03750601057861842	-0.00048084628946948446	0.004648180798204827	-0.04680237217502808	-0.03750601057861842	13110758
2024-11-19	0.01815154038301421	0.007160699417152369	0.02131557035803499	-0.004163197335553705	0.01815154038301421	8992082
2024-11-20	0.06640497219496241	0.0058881256133464085	0.09780830879947668	0.0019627085377820976	0.06640497219496241	23854678
2024-11-21	-0.004601226993864987	0.0007668711656441281	0.03266871165644165	-0.01257668711656453	-0.004601226993864987	11898567
2024-11-22	-0.05500770416024664	0.004314329738058569	0.004314329738058569	-0.0579352850539292	-0.05500770416024664	9431744
2024-11-25	0.007174302951247429	0.004239360834828064	0.01402250122289254	-0.01712049567911295	0.007174302951247429	7877043
2024-11-26	-0.01278937995790847	-0.012465598186822132	0.011494252873563116	-0.01618908855431439	-0.01278937995790847	6405188
2024-11-27	0.03640537881272558	-0.006067563135454206	0.04296490652673015	-0.006067563135454206	0.03640537881272558	9058460
2024-11-28	-0.01582278481012658	0.0007911392405062841	0.026265822784810072	-0.018037974683544313	-0.01582278481012658	6516380
2024-11-29	0.03954983922829572	0.0040192926045016075	0.0668810289389067	0.002893890675241153	0.03954983922829572	12533616
2024-12-02	0.02227033714815957	-0.004794308691617728	0.03077636869780404	-0.0102072378595731	0.02227033714815957	10267031
2024-12-03	-0.0049924357034795514	-0.0019667170953100673	0.009531013615733884	-0.014977307110438653	-0.0049924357034795514	8200417
2024-12-04	-0.03040900106431493	-0.004713395164968865	-0.004713395164968865	-0.03360194617606802	-0.03040900106431493	6146680
2024-12-05	-0.008938372275364596	-0.00031362709738126275	0.005958914850243101	-0.014270032930845283	-0.008938372275364596	5275774
2024-12-06	0.052215189873417674	0.0006329113924050498	0.07420886075949364	-0.002689873417721546	0.052215189873417674	13565755
2024-12-09	-0.0022556390977444465	0.03578947368421046	0.03909774436090217	-0.01789473684210523	-0.0022556390977444465	13066804
2024-12-10	-0.009645817633760372	0.03360964581763382	0.03360964581763382	-0.012810851544837895	-0.009645817633760372	10293677
2024-12-11	-0.0066960888753614025	-0.004717698980368104	0.009587581798813114	-0.010805052503424043	-0.0066960888753614025	5820904
2024-12-12	-0.0026045656503753904	-0.0022981461620957787	0.0	-0.02236862264440009	-0.0026045656503753904	8463079
2024-12-13	-0.03932411674347151	-0.009062980030721802	-0.007680491551459294	-0.03993855606758824	-0.03932411674347151	8973942
2024-12-16	-0.01007355292612732	-0.0006395906619763215	0.004317236968340312	-0.013751199232491197	-0.01007355292612732	5301085
2024-12-17	-0.004199644645453045	0.001776772734614869	0.007591665320626813	-0.011468260377967918	-0.004199644645453045	4914987
2024-12-18	0.008759124087591228	0.0038929440389294727	0.01638280616382803	-0.000811030008110254	0.008759124087591228	5363912
2024-12-19	-0.01431098247306642	-0.011416626467277712	-0.006271104679208886	-0.027978774722624136	-0.01431098247306642	6026873
2024-12-20	-0.006525285481239781	-0.004893964110929807	0.004567699836867882	-0.014355628058727496	-0.006525285481239781	6346374
2024-12-23	-0.028407224958949047	0.0016420361247947688	0.009852216748768497	-0.03119868637110014	-0.028407224958949047	9018448
2024-12-24	0.002535068446848041	0.0033800912624640145	0.01183031941862423	-0.005577150583065714	0.002535068446848041	6508511
2024-12-25	-0.033041132838840206	0.0107889413351315	0.01618341200269725	-0.03910991233985166	-0.033041132838840206	10941121
2024-12-26	-0.009762900976290137	-0.006101813110181336	0.0019177126917712592	-0.015516039051603914	-0.009762900976290137	7516900
2024-12-27	-0.017781690140845036	-0.0008802816901407951	0.0017605633802817153	-0.02464788732394364	-0.017781690140845036	10650441
2024-12-30	0.007528230865746581	0.0025094102885821934	0.023122423373364388	-0.005018820577164387	0.007528230865746581	7215641
2024-12-31	-0.028286781711439307	0.0	0.00498132004981322	-0.028998398861412606	-0.028286781711439307	7036772
