2021-01-06	0.05965463108320249	0.018838304552590283	0.06750392464678175	-0.00784929356357925	0.05965463108320249	671083280
2021-01-07	0.09037037037037042	0.00148148148148145	0.1007407407407407	-0.008888888888888832	0.09037037037037042	998586992
2021-01-08	0.005434782608695656	0.0	0.006793478260869541	-0.07608695652173919	0.005434782608695656	870495680
2021-01-11	-0.08648648648648656	-0.02702702702702705	-0.012162162162162262	-0.10000000000000002	-0.08648648648648656	756501104
2021-01-12	0.017751479289940846	-0.029585798816568074	0.04437869822485205	-0.047337278106508784	0.017751479289940846	607832288
2021-01-13	-0.06395348837209296	-0.0014534883720929922	0.023255813953488393	-0.08430232558139536	-0.06395348837209296	683705344
2021-01-14	-0.026397515527950437	-0.021739130434782695	0.004658385093167602	-0.04347826086956525	-0.026397515527950437	493799424
2021-01-15	0.014354066985646053	0.004784688995215351	0.03189792663476877	-0.02711323763955342	0.014354066985646053	444421664
2021-01-18	-0.018867924528301903	-0.025157232704402538	-0.0047169811320755105	-0.045597484276729564	-0.018867924528301903	416716736
2021-01-19	-0.056089743589743675	0.0032051282051281365	0.024038461538461453	-0.06730769230769229	-0.056089743589743675	559869184
2021-01-20	0.05263157894736851	0.0016977928692700638	0.06451612903225805	0.0016977928692700638	0.05263157894736851	484385312
2021-01-21	0.017741935483870874	-0.006451612903225812	0.043548387096774124	-0.024193548387096833	0.017741935483870874	514155184
2021-01-22	0.031695721077654546	-0.009508716323296293	0.04912836767036458	-0.023771790808240805	0.031695721077654546	551942016
2021-01-25	0.029185867895545375	0.0076804915514592665	0.06912442396313367	-0.015360983102918533	0.029185867895545375	597989264
2021-01-26	-0.06268656716417909	-0.016417910447761242	-0.004477611940298544	-0.07313432835820899	-0.06268656716417909	408575824
2021-01-27	0.014331210191082779	0.0031847133757961104	0.030254777070063615	-0.044585987261146535	0.014331210191082779	397186272
2021-01-28	-0.06907378335949771	-0.04238618524332817	-0.028257456828885356	-0.07849293563579278	-0.06907378335949771	396809168
2021-01-29	0.02192242833052275	0.018549747048903935	0.040472175379426684	-0.03372681281618875	0.02192242833052275	343091536
2021-02-01	-0.016501650165016445	-0.008250825082508222	0.006600660066006607	-0.03465346534653465	-0.016501650165016445	276791680
2021-02-02	0.03523489932885906	0.010067114093959667	0.03859060402684571	0.0	0.03523489932885906	365381328
2021-02-03	0.07617504051863853	-0.004862236628849311	0.10048622366288494	-0.01458670988654779	0.07617504051863853	727471472
2021-02-04	-0.07228915662650595	-0.021084337349397544	-0.01656626506024088	-0.091867469879518	-0.07228915662650595	510518832
2021-02-05	-0.06818181818181816	-0.0032467532467533216	0.011363636363636409	-0.06818181818181816	-0.06818181818181816	389437888
2021-02-08	0.05923344947735189	0.0017421602787456073	0.07142857142857145	-0.020905923344947754	0.05923344947735189	342811856
2021-02-09	0.050986842105263094	0.0016447368421052282	0.07072368421052627	-0.003289473684210602	0.050986842105263094	395136256
2021-02-10	0.02973395931142416	0.01408450704225364	0.0500782472613459	-0.01721439749608755	0.02973395931142416	380048768
2021-02-18	0.10030395136778117	0.10030395136778117	0.10030395136778117	0.0775075987841945	0.10030395136778117	790324880
2021-02-19	-0.0151933701657459	-0.012430939226519317	0.005524861878453044	-0.05662983425414366	-0.0151933701657459	741440896
2021-02-22	0.06591865357643756	0.05750350631136047	0.09957924263674614	0.04488078541374478	0.06591865357643756	964983936
2021-02-23	-0.017105263157894724	-0.03289473684210526	0.03157894736842108	-0.04210526315789466	-0.017105263157894724	659087760
2021-02-24	-0.020080321285140493	-0.001338688085676009	0.0776439089692103	-0.025435073627844647	-0.020080321285140493	725839312
2021-02-25	-0.002732240437158533	0.058743169398907065	0.061475409836065475	-0.016393442622950834	-0.002732240437158533	608474784
2021-02-26	-0.08219178082191776	-0.0684931506849315	-0.0452054794520548	-0.09315068493150681	-0.08219178082191776	576876736
2021-03-01	0.053731343283582006	0.002985074626865608	0.05522388059701494	-0.025373134328358197	0.053731343283582006	514103104
2021-03-02	-0.05099150141643052	-0.022662889518413495	-0.014164305949008449	-0.08073654390934835	-0.05099150141643052	507053328
2021-03-03	0.017910447761194045	-0.001492537313432804	0.03731343283582089	-0.010447761194029893	0.017910447761194045	350177328
2021-03-04	-0.06598240469208214	-0.03225806451612912	-0.03079178885630498	-0.07624633431085051	-0.06598240469208214	411972800
2021-03-05	-0.04552590266875982	-0.047095761381475636	-0.03610675039246474	-0.07535321821036113	-0.04552590266875982	352778608
2021-03-08	-0.02796052631578946	0.008223684210526286	0.024671052631579007	-0.03125000000000006	-0.02796052631578946	287023056
2021-03-09	0.008460236886632796	-0.001692047377326529	0.03722504230118439	-0.052453468697123605	0.008460236886632796	338398704
2021-03-10	-0.023489932885905986	0.011744966442953067	0.020134228187919483	-0.03523489932885906	-0.023489932885905986	289927424
2021-03-11	0.05670103092783506	0.0	0.05670103092783506	-0.010309278350515549	0.05670103092783506	436722624
2021-03-12	-0.027642276422764213	-0.00975609756097569	-0.008130081300813123	-0.04715447154471545	-0.027642276422764213	330947968
2021-03-15	-0.0033444816053512477	-0.011705685618729143	0.020066889632106892	-0.018394648829431492	-0.0033444816053512477	238671040
2021-03-16	-0.040268456375838965	-0.0033557046979865056	0.0	-0.05201342281879188	-0.040268456375838965	318057216
2021-03-17	0.005244755244755288	-0.01573426573426571	0.00874125874125871	-0.03846153846153842	0.005244755244755288	256021075
2021-03-18	-0.005217391304347869	0.008695652173913012	0.020869565217391323	-0.006956521739130441	-0.005217391304347869	195895252
2021-03-19	-0.027972027972028	-0.02447552447552442	-0.010489510489510422	-0.03846153846153842	-0.027972027972028	219843483
2021-03-22	0.007194244604316554	0.0	0.012589928057554009	-0.02338129496402876	0.007194244604316554	202882356
2021-03-23	-0.041071428571428495	-0.005357142857142744	-0.0017857142857142477	-0.051785714285714296	-0.041071428571428495	259144006
2021-03-24	-0.03351955307262564	-0.014897579143389213	0.0074487895716946065	-0.03910614525139664	-0.03351955307262564	248342897
2021-03-25	0.007707129094412337	0.0	0.02312138728323684	-0.0019267822736032127	0.007707129094412337	167491628
2021-03-26	0.034416826003824036	0.003824091778202595	0.03824091778202663	-0.005736137667304062	0.034416826003824036	232358128
2021-03-29	-0.0073937153419593405	0.0036968576709795883	0.005545286506469547	-0.016635859519408477	-0.0073937153419593405	164057069
2021-03-30	0.005586592178770996	-0.0074487895716946065	0.01675977653631282	-0.020484171322160207	0.005586592178770996	189043429
2021-03-31	-0.02222222222222224	-0.003703703703703789	0.0018518518518518122	-0.029629629629629655	-0.02222222222222224	160368218
2021-04-01	0.0056818181818180605	0.0	0.015151515151515164	0.0	0.0056818181818180605	119539134
2021-04-02	0.007532956685499066	0.0018832391713748918	0.009416195856873958	-0.01883239171374758	0.007532956685499066	169144271
2021-04-06	0.022429906542056097	0.011214953271028132	0.044859813084112195	0.007476635514018699	0.022429906542056097	253017466
2021-04-07	0.023765996343692853	-0.0036563071297988255	0.023765996343692853	-0.01828153564899445	0.023765996343692853	255449491
2021-04-08	0.02142857142857145	-0.005357142857142744	0.0392857142857144	-0.0142857142857143	0.02142857142857145	355815600
2021-04-09	-0.02447552447552442	0.0017482517482518664	0.006993006993007	-0.03146853146853142	-0.02447552447552442	220167811
2021-04-12	0.012544802867383563	0.02150537634408604	0.04838709677419347	0.0017921146953404636	0.012544802867383563	426486832
2021-04-13	-0.01769911504424788	0.0	0.017699115044247725	-0.023008849557522262	-0.01769911504424788	241156486
2021-04-14	0.018018018018018115	-0.0018018018018017634	0.02162162162162164	-0.007207207207207214	0.018018018018018115	226407538
2021-04-15	0.003539823008849482	-0.0017699115044248982	0.007079646017699121	-0.024778761061947003	0.003539823008849482	226015371
2021-04-16	-0.014109347442680789	0.012345679012345729	0.014109347442680789	-0.019400352733686125	-0.014109347442680789	195918260
2021-04-19	0.03220035778175308	-0.007155635062611813	0.0393559928443649	-0.01967799642218237	0.03220035778175308	389710576
2021-04-20	-0.01386481802426329	-0.010398613518197507	-0.0034662045060657844	-0.020797227036395013	-0.01386481802426329	228674602
2021-04-21	-0.015817223198594153	-0.010544815465729437	-0.0070298769771529055	-0.024604569420035246	-0.015817223198594153	150861461
2021-04-22	0.010714285714285805	0.00714285714285715	0.025000000000000102	0.005357142857142902	0.010714285714285805	205950606
2021-04-23	0.019434628975264916	-0.008833922261484068	0.022968197879858637	-0.01413427561837457	0.019434628975264916	292832560
2021-04-26	0.0034662045060659384	0.0051993067590988306	0.02772963604852689	-0.0017331022530328922	0.0034662045060659384	327537936
2021-04-27	-0.00518134715025911	0.010362694300518067	0.015544041450777177	-0.018998272884283303	-0.00518134715025911	250523636
2021-04-28	-0.015624999999999976	-0.0034722222222221483	0.0034722222222223027	-0.03124999999999995	-0.015624999999999976	215316341
2021-04-29	0.019400352733686125	0.0070546737213403946	0.02645502645502652	-0.012345679012345729	0.019400352733686125	261007787
2021-04-30	0.005190311418685011	-0.005190311418685164	0.01903114186851201	-0.013840830449827002	0.005190311418685011	263472756
2021-05-06	0.02925989672977639	0.0327022375215147	0.044750430292599085	0.0017211703958693073	0.02925989672977639	411607904
2021-05-07	0.04013377926421393	0.005016722408026648	0.07023411371237456	0.005016722408026648	0.04013377926421393	555410096
2021-05-10	0.04983922829582002	0.024115755627009704	0.05144694533762063	0.0016077170418007517	0.04983922829582002	499527184
2021-05-11	-0.05359877488514556	-0.032159264931087284	-0.02756508422664634	-0.0781010719754978	-0.05359877488514556	415694112
2021-05-12	0.0	-0.011326860841423852	0.01294498381877024	-0.01941747572815536	0.0	200181016
2021-05-13	-0.06148867313915856	-0.02588996763754048	-0.02427184466019409	-0.06472491909385104	-0.06148867313915856	325916624
2021-05-14	-0.006896551724137937	0.0	0.010344827586206983	-0.022413793103448258	-0.006896551724137937	259056565
2021-05-17	0.029513888888888878	-0.0034722222222221483	0.03472222222222225	-0.010416666666666598	0.029513888888888878	276024512
2021-05-18	0.011804384485666152	0.005059021922428373	0.026981450252951122	-0.008431703204047188	0.011804384485666152	249339530
2021-05-19	0.005000000000000042	-0.014999999999999977	0.016666666666666607	-0.02833333333333332	0.005000000000000042	274677712
2021-05-20	-0.051409618573797757	-0.04477611940298515	-0.04145936981757877	-0.05970149253731348	-0.051409618573797757	299453232
2021-05-21	0.017482517482517577	0.0034965034965035776	0.040209790209790285	0.0	0.017482517482517577	223603700
2021-05-24	-0.0326460481099657	-0.006872852233676982	-0.0034364261168385673	-0.036082474226804113	-0.0326460481099657	252945419
2021-05-25	0.008880994671403165	0.0	0.010657193605683925	-0.024866785079928896	0.008880994671403165	221483854
2021-05-26	-0.0052816901408449584	-0.0052816901408449584	0.0	-0.01760563380281684	-0.0052816901408449584	209733611
2021-05-27	-0.007079646017699121	-0.003539823008849639	0.0	-0.008849557522124019	-0.007079646017699121	182596325
2021-05-28	0.023172905525846683	0.012477718360071192	0.04099821746880562	0.012477718360071192	0.023172905525846683	344269584
2021-05-31	0.012195121951219407	0.0017421602787456073	0.02264808362369336	-0.005226480836236977	0.012195121951219407	250275388
2021-06-01	-0.01032702237521508	-0.008605851979345925	-0.0068846815834767705	-0.03270223752151455	-0.01032702237521508	219998180
2021-06-02	-0.010434782608695584	-0.0034782608695651434	0.012173913043478311	-0.012173913043478311	-0.010434782608695584	192642220
2021-06-03	0.0035149384885763747	-0.0017574692442883435	0.02108963093145856	-0.005272407732864718	0.0035149384885763747	201179419
2021-06-04	-0.007005253940455348	-0.01751313485113829	0.007005253940455348	-0.036777583187390536	-0.007005253940455348	260999401
2021-06-07	-0.014109347442680789	0.0	0.008818342151675453	-0.017636684303350907	-0.014109347442680789	177120574
2021-06-08	-0.02862254025044725	0.0	0.007155635062611813	-0.03398926654740599	-0.02862254025044725	243840800
2021-06-09	0.005524861878453084	0.0018416206261511372	0.014732965009208118	-0.0018416206261509737	0.005524861878453084	112672755
2021-06-10	-0.0018315018315017925	-0.0018315018315017925	0.00549450549450554	-0.009157509157509125	-0.0018315018315017925	124308722
2021-06-11	0.0	0.0018348623853210618	0.00733944954128441	-0.023853211009174292	0.0	190510805
2021-06-15	-0.05137614678899087	-0.009174311926605472	-0.0018348623853210618	-0.05321100917431193	-0.05137614678899087	247921086
2021-06-16	-0.02321083172147004	-0.003868471953578254	0.00773694390715668	-0.025145067698259166	-0.02321083172147004	169452120
2021-06-17	0.0	0.0	0.009900990099009866	-0.001980198019801938	0.0	107516698
2021-06-18	0.027722772277227838	-0.013861386138613742	0.027722772277227838	-0.03366336633663365	0.027722772277227838	241936420
2021-06-21	-0.01734104046242789	-0.011560693641618592	-0.00963391136801555	-0.025048169556840225	-0.01734104046242789	158610302
2021-06-22	0.003921568627451071	0.0	0.01176470588235304	-0.003921568627450897	0.003921568627451071	124660342
2021-06-23	0.013671875000000056	0.0019531249999999584	0.015625000000000014	-0.011718750000000097	0.013671875000000056	186656281
2021-06-24	-0.005780346820809296	0.0019267822736030416	0.01156069364161842	-0.00963391136801555	-0.005780346820809296	121321770
2021-06-25	0.038759689922480654	0.0019379844961239896	0.054263565891472916	0.0019379844961239896	0.038759689922480654	331084880
2021-06-28	-0.01679104477611954	-0.0018656716417911705	0.005597014925373014	-0.024253731343283562	-0.01679104477611954	154272566
2021-06-29	-0.024667931688804535	0.0018975332068312477	0.005692599620493406	-0.028462998102466695	-0.024667931688804535	120557913
2021-06-30	0.003891050583657678	0.0019455252918289252	0.01750972762645929	-0.0019455252918287524	0.003891050583657678	101720411
2021-07-01	-0.019379844961240414	0.0	0.0019379844961239896	-0.023255813953488393	-0.019379844961240414	102173398
2021-07-02	0.009881422924901326	0.003952569169960566	0.021739130434782674	-0.003952569169960391	0.009881422924901326	107846114
2021-07-05	0.09393346379647739	0.005870841487279718	0.09980430528375729	0.005870841487279718	0.09393346379647739	614264640
2021-07-06	0.02146690518783544	-0.0053667262969589	0.041144901610017964	-0.014311270125223626	0.02146690518783544	598497712
2021-07-07	0.08581436077057797	-0.02451838879159364	0.09982486865148867	-0.035026269702276736	0.08581436077057797	799802224
2021-07-08	0.014516129032258041	-0.016129032258064602	0.04032258064516129	-0.022580645161290415	0.014516129032258041	673683184
2021-07-09	0.05723370429252787	-0.019077901430842623	0.09538950715421297	-0.022257551669316325	0.05723370429252787	671204816
2021-07-12	0.03759398496240601	0.006015037593984967	0.06766917293233071	-0.006015037593984967	0.03759398496240601	614711232
2021-07-13	-0.05072463768115949	-0.011594202898550735	-0.011594202898550735	-0.07246376811594203	-0.05072463768115949	515613312
2021-07-14	0.010687022900763402	0.016793893129771042	0.06259541984732826	-0.025954198473282432	0.010687022900763402	521886448
2021-07-15	0.015105740181268828	-0.01661631419939582	0.021148036253776387	-0.048338368580060465	0.015105740181268828	419504416
2021-07-16	0.0014880952380953386	-0.013392857142857123	0.053571428571428624	-0.025297619047619038	0.0014880952380953386	546858064
2021-07-19	0.011887072808320829	-0.010401188707280873	0.04457652303120354	-0.01783060921248144	0.011887072808320829	405522336
2021-07-20	-0.016152716593245145	-0.023494860499265677	-0.013215859030836984	-0.05580029368575623	-0.016152716593245145	368186592
2021-07-21	0.050746268656716394	-0.0029850746268657406	0.06716417910447764	-0.007462686567164152	0.050746268656716394	530565456
2021-07-22	-0.018465909090909075	-0.0014204545454545151	0.007102272727272702	-0.02982954545454545	-0.018465909090909075	353613088
2021-07-23	0.021707670043415263	0.014471780028943509	0.06367583212735159	0.004341534008683104	0.021707670043415263	463526400
2021-07-26	0.03257790368271961	0.024079320113314564	0.048158640226629	-0.018413597733711033	0.03257790368271961	548234544
2021-07-27	-0.050754458161865586	0.02880658436213991	0.07681755829903973	-0.06172839506172842	-0.050754458161865586	785278320
2021-07-28	-0.06358381502890166	-0.036127167630057806	0.002890173410404691	-0.07658959537572257	-0.06358381502890166	512493984
2021-07-29	0.07253086419753083	0.033950617283950574	0.08641975308641969	0.013888888888888866	0.07253086419753083	418177200
2021-07-30	-0.005755395683453243	0.0	0.017266187050359726	-0.0402877697841727	-0.005755395683453243	314796560
2021-08-02	-0.008683068017366208	-0.014471780028943637	0.017366136034732287	-0.04630969609261943	-0.008683068017366208	395546288
2021-08-03	-0.09489051094890504	-0.01605839416058386	-0.01605839416058386	-0.0992700729927007	-0.09489051094890504	555504640
2021-08-04	0.04999999999999993	0.006451612903225812	0.05645161290322575	-0.004838709677419395	0.04999999999999993	370761648
2021-08-05	-0.0307219662058372	-0.012288786482334882	-0.006144393241167441	-0.04147465437788012	-0.0307219662058372	306477520
2021-08-06	0.09984152139461186	0.011093502377179126	0.09984152139461186	0.0	0.09984152139461186	708973376
2021-08-09	0.03746397694524493	0.010086455331412017	0.05043227665706047	-0.015850144092219066	0.03746397694524493	746267488
2021-08-10	-0.03750000000000006	-0.013888888888888963	-0.013888888888888963	-0.056944444444444464	-0.03750000000000006	529400240
2021-08-11	-0.018759018759018746	-0.004329004329004237	0.0	-0.0389610389610389	-0.018759018759018746	370048496
2021-08-12	0.026470588235294207	0.0	0.044117647058823505	-0.01764705882352943	0.026470588235294207	472866976
2021-08-13	0.040114613180515665	-0.011461318051575941	0.05300859598853857	-0.024355300859598968	0.040114613180515665	616615952
2021-08-16	-0.04545454545454546	-0.00275482093663906	0.012396694214876014	-0.046831955922864994	-0.04545454545454546	492239216
2021-08-17	0.018759018759018746	-0.010101010101010015	0.053391053391053406	-0.01443001443001438	0.018759018759018746	560328144
2021-08-18	-0.005665722379603405	-0.014164305949008449	0.026912181303116203	-0.05099150141643052	-0.005665722379603405	470646272
2021-08-19	-0.039886039886039795	-0.017094017094016985	-0.017094017094016985	-0.07549857549857542	-0.039886039886039795	519574800
2021-08-20	-0.014836795252225598	-0.013353115727002946	0.0044510385756675605	-0.037091988130563795	-0.014836795252225598	355575696
2021-08-23	0.015060240963855503	0.0045180722891566645	0.02710843373493985	-0.010542168674698704	0.015060240963855503	323653776
2021-08-24	0.053412462908011785	0.008902077151335253	0.07418397626112759	-0.004451038575667692	0.053412462908011785	655387888
2021-08-25	0.030985915492957837	0.01971830985915501	0.04084507042253522	-0.019718309859154886	0.030985915492957837	589462928
2021-08-26	0.005464480874316944	-0.0013661202185793271	0.023224043715846986	-0.023224043715846986	0.005464480874316944	540900320
2021-08-27	0.054347826086956444	-0.012228260869565319	0.054347826086956444	-0.024456521739130516	0.054347826086956444	626320432
2021-08-30	-0.011597938144329878	0.005154639175257737	0.03994845360824749	-0.028350515463917494	-0.011597938144329878	695585728
2021-08-31	0.019556714471968755	-0.013037809647979093	0.020860495436766643	-0.033898305084745735	0.019556714471968755	414900560
2021-09-01	-0.0690537084398977	-0.008951406649616404	0.0012787723785165968	-0.0997442455242967	-0.0690537084398977	641758064
2021-09-02	0.012362637362637343	-0.016483516483516498	0.024725274725274686	-0.021978021978021997	0.012362637362637343	320888144
2021-09-03	-0.03527815468113973	-0.018995929443690593	0.018995929443690593	-0.04341926729986435	-0.03527815468113973	402796208
2021-09-06	0.0014064697609001105	0.0	0.014064697609001356	-0.050632911392405104	0.0014064697609001105	329949472
2021-09-07	0.009831460674157343	-0.00421348314606745	0.015449438202247236	-0.012640449438202228	0.009831460674157343	332651632
2021-09-08	-0.019471488178025114	-0.004172461752433971	0.002781641168289231	-0.02781641168289293	-0.019471488178025114	387376048
2021-09-09	0.0382978723404256	0.0	0.04397163120567383	-0.0056737588652482325	0.0382978723404256	441737280
2021-09-10	0.08469945355191258	-0.002732240437158533	0.09972677595628421	-0.009562841530054683	0.08469945355191258	1310302256
2021-09-13	0.06675062972292194	0.0075566750629722425	0.07808564231738037	0.0	0.06675062972292194	1098520416
2021-09-14	-0.06847697756788677	-0.03187721369539567	-0.024793388429752164	-0.0731995277449824	-0.06847697756788677	660913792
2021-09-15	-0.001267427122940404	-0.001267427122940404	0.008871989860583053	-0.0367553865652725	-0.001267427122940404	391858896
2021-09-16	-0.0368020304568528	0.0012690355329948969	0.024111675126903605	-0.043147208121827395	-0.0368020304568528	492167904
2021-09-17	-0.040843214756258184	-0.011857707509881405	0.013175230566534985	-0.0803689064558629	-0.040843214756258184	545603584
2021-09-22	-0.015109890109890153	-0.0357142857142858	-0.005494505494505499	-0.04807692307692315	-0.015109890109890153	280231680
2021-09-23	-0.005578800557880061	0.012552301255230106	0.016736401673640183	-0.018131101813110166	-0.005578800557880061	239001592
2021-09-24	-0.04347826086956516	0.0	0.007012622720897591	-0.04908835904628326	-0.04347826086956516	313259968
2021-09-27	-0.08357771260997071	-0.007331378299120338	-0.0029325513196481615	-0.09970674486803527	-0.08357771260997071	457764784
2021-09-28	-0.0015999999999999658	0.0064000000000000055	0.011200000000000045	-0.015999999999999945	-0.0015999999999999658	210890833
2021-09-29	-0.05448717948717946	-0.008012820512820484	-0.008012820512820484	-0.07692307692307698	-0.05448717948717946	331244592
2021-09-30	0.02372881355932198	0.010169491525423662	0.03220338983050839	-0.0050847457627119065	0.02372881355932198	207671149
2021-10-08	-0.004966887417218584	0.01655629139072842	0.018211920529801376	-0.014900662251655606	-0.004966887417218584	182974861
2021-10-11	0.05657237936772044	0.01996672212978371	0.06655574043261238	0.00998336106489193	0.05657237936772044	320552960
2021-10-12	-0.0031496062992125316	0.0	0.006299212598425203	-0.028346456692913344	-0.0031496062992125316	209078417
2021-10-13	-0.011058451816745701	-0.012638230647709331	-0.003159557661927403	-0.020537124802527628	-0.011058451816745701	136510078
2021-10-14	0.030351437699680576	0.006389776357827482	0.03514376996805122	0.004792332268370647	0.030351437699680576	224756088
2021-10-15	-0.007751937984496096	0.006201550387596904	0.04031007751937981	-0.013953488372093	-0.007751937984496096	252702492
2021-10-18	0.037499999999999895	0.015624999999999944	0.0437499999999999	0.007812499999999972	0.037499999999999895	249427038
2021-10-19	0.001506024096385644	-0.007530120481927685	0.006024096385542174	-0.022590361445783053	0.001506024096385644	174901568
2021-10-20	-0.013533834586466276	-0.02255639097744366	0.009022556390977385	-0.03759398496240601	-0.013533834586466276	213377506
2021-10-21	-0.00457317073170722	0.013719512195122066	0.02591463414634159	-0.0060975609756097615	-0.00457317073170722	210437717
2021-10-22	-0.03522205206738138	-0.01837672281776418	-0.004594180704441079	-0.047473200612557505	-0.03522205206738138	227239808
2021-10-25	0.020634920634920617	-0.004761904761904801	0.020634920634920617	-0.019047619047619067	0.020634920634920617	152816202
2021-10-26	-0.006220839813374812	-0.004665629860031005	0.013996889580093291	-0.012441679626749623	-0.006220839813374812	142385495
2021-10-27	-0.021909233176838763	-0.0015649452269170245	0.0078247261345854	-0.028169014084506998	-0.021909233176838763	136847028
2021-10-28	-0.04799999999999997	-0.012800000000000011	-0.007999999999999972	-0.060799999999999986	-0.04799999999999997	258270919
2021-10-29	0.006722689075630258	-0.0033613445378152034	0.020168067226890775	-0.013445378151260515	0.006722689075630258	163267075
2021-11-01	0.0016694490818029693	0.0	0.01669449081802999	-0.0066777963272120254	0.0016694490818029693	131714884
2021-11-02	-0.02666666666666669	0.0016666666666666312	0.0033333333333332624	-0.04499999999999993	-0.02666666666666669	175290291
2021-11-03	0.010273972602739812	0.0	0.013698630136986314	-0.02226027397260272	0.010273972602739812	124580980
2021-11-04	-0.0389830508474577	0.0	0.0016949152542372519	-0.047457627118644104	-0.0389830508474577	271077488
2021-11-05	-0.031746031746031696	-0.012345679012345729	0.012345679012345729	-0.031746031746031696	-0.031746031746031696	240896477
2021-11-08	0.029143897996357037	0.0	0.04189435336976312	-0.0018214936247722745	0.029143897996357037	229929576
2021-11-09	-0.0017699115044248982	0.007079646017699121	0.007079646017699121	-0.01061946902654876	-0.0017699115044248982	113460963
2021-11-10	-0.014184397163120581	-0.0035460992907800663	-0.0035460992907800663	-0.031914893617021226	-0.014184397163120581	147870827
2021-11-11	0.007194244604316554	-0.003597122302158197	0.010791366906474911	-0.007194244604316554	0.007194244604316554	118520295
2021-11-12	-0.008928571428571397	0.005357142857142902	0.0142857142857143	-0.012499999999999893	-0.008928571428571397	136205670
2021-11-15	0.003603603603603687	0.003603603603603687	0.009009009009008978	-0.016216216216216193	0.003603603603603687	127334001
2021-11-16	-0.028725314183123903	-0.0017953321364453634	-0.0017953321364453634	-0.03411131059245967	-0.028725314183123903	180890781
2021-11-17	0.011090573012938929	0.0	0.014787430683918681	-0.0036968576709797527	0.011090573012938929	160249585
2021-11-18	0.0109689213893968	-0.005484460694698238	0.020109689213894028	-0.010968921389396638	0.0109689213893968	182082994
2021-11-19	0.028933092224231488	0.0036166365280288558	0.028933092224231488	-0.0018083182640145886	0.028933092224231488	246459241
2021-11-22	0.033391915641476186	0.0017574692442881873	0.057996485061511276	0.0017574692442881873	0.033391915641476186	329467520
2021-11-23	-0.00680272108843538	0.010204081632653145	0.018707482993197334	-0.011904761904761953	-0.00680272108843538	201852480
2021-11-24	0.01712328767123297	0.0	0.02226027397260272	-0.011986301369863063	0.01712328767123297	211938600
2021-11-25	-0.010101010101010183	0.0	0.021885521885521866	-0.01346801346801348	-0.010101010101010183	203013532
2021-11-26	0.0017006802721088073	-0.005102040816326573	0.02040816326530614	-0.011904761904761953	0.0017006802721088073	239205865
2021-11-29	-0.018675721561969345	-0.030560271646859035	-0.001697792869269913	-0.037351443123938836	-0.018675721561969345	265335916
2021-11-30	0.01903114186851201	0.015570934256055338	0.04498269896193768	0.005190311418685011	0.01903114186851201	288488800
2021-12-01	0.03565365025466893	0.0	0.045840407470288703	-0.005093378607809739	0.03565365025466893	362451504
2021-12-02	-0.013114754098360668	0.00327868852459024	0.013114754098360668	-0.02131147540983605	-0.013114754098360668	218940119
2021-12-03	0.011627906976744234	0.0016611295681064244	0.01661129568106321	-0.016611295681063065	0.011627906976744234	230565970
2021-12-06	-0.019704433497536963	0.0	0.008210180623973698	-0.024630541871921097	-0.019704433497536963	262765879
2021-12-07	-0.013400335008375222	0.006700167504187611	0.013400335008375222	-0.02512562814070343	-0.013400335008375222	219560505
2021-12-08	0.015280135823429668	0.008488964346349867	0.020373514431239408	0.0	0.015280135823429668	177879737
2021-12-09	-0.001672240802675698	0.003344481605351099	0.008361204013377897	-0.005016722408026797	-0.001672240802675698	175556389
2021-12-10	-0.010050251256281341	-0.006700167504187611	-0.0016750418760468656	-0.021775544388609697	-0.010050251256281341	159641944
2021-12-13	0.0	-0.0033840947546532082	0.0050761421319797375	-0.010152284263959475	0.0	165039066
2021-12-14	-0.03891708967851107	-0.0050761421319797375	-0.0033840947546532082	-0.04230118443316413	-0.03891708967851107	292238336
2021-12-15	-0.012323943661971726	-0.0052816901408449584	0.003521126760563462	-0.015845070422535187	-0.012323943661971726	164495483
2021-12-16	0.0196078431372548	0.0	0.021390374331550818	-0.0017825311942960204	0.0196078431372548	125666357
2021-12-17	0.00874125874125871	0.006993006993007	0.031468531468531576	0.0034965034965035776	0.00874125874125871	192208409
2021-12-20	-0.024263431542460953	-0.005199306759098676	-0.0017331022530328922	-0.025996533795493843	-0.024263431542460953	125892917
2021-12-21	0.008880994671403165	-0.005328596802841963	0.010657193605683925	-0.007104795737122564	0.008880994671403165	92219468
2021-12-22	-0.010563380281690073	0.0	0.0	-0.012323943661971726	-0.010563380281690073	94732646
2021-12-23	0.007117437722419935	0.005338078291814991	0.012455516014234926	0.0017793594306049442	0.007117437722419935	97795836
2021-12-24	-0.021201413427561856	0.0	0.003533568904593564	-0.022968197879858637	-0.021201413427561856	117793080
2021-12-27	-0.003610108303249181	0.0	0.005415162454873691	-0.005415162454873691	-0.003610108303249181	76357267
2021-12-28	0.009057971014492882	0.005434782608695698	0.01630434782608709	0.0	0.009057971014492882	97069211
2021-12-29	-0.007181328545780976	-0.0035906642728905673	0.003590664272890408	-0.008976660682226339	-0.007181328545780976	87720804
2021-12-30	0.0	0.0018083182640144279	0.0054249547920432835	-0.0018083182640145886	0.0	73716536
2021-12-31	0.0090415913200723	0.0036166365280288558	0.012658227848101156	0.0	0.0090415913200723	86256377
2022-01-04	0.01075268817204294	0.007168458781362013	0.01075268817204294	-0.00537634408602155	0.01075268817204294	112652322
2022-01-05	-0.015957446808510613	-0.0017730496453900331	-0.0017730496453900331	-0.02482269503546094	-0.015957446808510613	104094774
2022-01-06	0.0	-0.007207207207207214	0.003603603603603687	-0.007207207207207214	0.0	87428165
2022-01-07	0.0	0.003603603603603687	0.007207207207207214	-0.005405405405405451	0.0	92927348
2022-01-10	0.005405405405405451	-0.0018018018018017634	0.007207207207207214	-0.005405405405405451	0.005405405405405451	87147373
2022-01-11	-0.00537634408602155	-0.0017921146953404636	0.0035842293906809273	-0.0107526881720431	-0.00537634408602155	101779417
2022-01-12	0.03783783783783783	0.007207207207207214	0.03783783783783783	0.005405405405405451	0.03783783783783783	263603757
2022-01-13	-0.006944444444444451	0.005208333333333376	0.020833333333333353	-0.008680555555555525	-0.006944444444444451	219429860
2022-01-14	-0.01748251748251742	-0.003496503496503422	-0.003496503496503422	-0.02447552447552442	-0.01748251748251742	147457218
2022-01-17	-0.008896797153024879	-0.007117437722419935	-0.0017793594306049442	-0.017793594306049917	-0.008896797153024879	99193962
2022-01-18	0.001795332136445204	-0.0017953321364453634	0.010771992818671383	-0.008976660682226339	0.001795332136445204	87916866
2022-01-19	-0.0017921146953404636	-0.0017921146953404636	0.007168458781362013	-0.00537634408602155	-0.0017921146953404636	85006922
2022-01-20	0.014362657091561952	0.00897666068222618	0.01795332136445236	0.0	0.014362657091561952	115233379
2022-01-21	0.007079646017699121	-0.00530973451327438	0.008849557522123862	-0.01061946902654876	0.007079646017699121	118961325
2022-01-24	-0.005272407732864718	0.0	0.0035149384885763747	-0.015817223198594153	-0.005272407732864718	88959255
2022-01-25	-0.035335689045936425	-0.008833922261484068	0.0	-0.035335689045936425	-0.035335689045936425	130951349
2022-01-26	0.007326007326007333	0.0018315018315017925	0.010989010989010917	0.0	0.007326007326007333	59252110
2022-01-27	-0.06000000000000001	0.0	0.0	-0.06727272727272729	-0.06000000000000001	158240904
2022-01-28	0.0	0.011605415860735106	0.017408123791102487	-0.029013539651837592	0.0	103908171
2022-02-07	0.04255319148936165	0.017408123791102487	0.044487427466150954	0.01547388781431336	0.04255319148936165	122897596
2022-02-08	0.0074211502782931425	0.0	0.009276437847866551	-0.012987012987012875	0.0074211502782931425	99264854
2022-02-09	0.03314917127071834	0.003683241252302111	0.036832412523020296	0.0	0.03314917127071834	163937003
2022-02-10	0.03208556149732615	0.007130124777183606	0.046345811051693366	0.007130124777183606	0.03208556149732615	271993008
2022-02-11	0.0	0.0	0.013816925734024191	-0.008635578583765081	0.0	189995005
2022-02-14	-0.017271157167530162	-0.0069084628670120956	0.0017271157167529857	-0.027633851468048382	-0.017271157167530162	126572797
2022-02-15	-0.0017574692442883435	0.0017574692442881873	0.0035149384885763747	-0.015817223198594153	-0.0017574692442883435	92718757
2022-02-16	0.001760563380281809	0.0	0.015845070422535187	-0.0017605633802816527	0.001760563380281809	78938024
2022-02-17	0.017574692442882185	0.0017574692442881873	0.022847100175746905	-0.003514938488576531	0.017574692442882185	139332837
2022-02-18	0.0017271157167529857	-0.008635578583765081	0.0034542314335059715	-0.013816925734024191	0.0017271157167529857	100171381
2022-02-21	-0.012068965517241275	-0.003448275862068892	0.001724137931034446	-0.01551724137931032	-0.012068965517241275	85484270
2022-02-22	0.005235602094240726	-0.0052356020942408805	0.006980802792320968	-0.012216404886562003	0.005235602094240726	89787628
2022-02-23	0.006944444444444451	0.005208333333333376	0.008680555555555525	-0.006944444444444451	0.006944444444444451	118571716
2022-02-24	-0.013793103448275874	-0.006896551724137937	0.01551724137931032	-0.03103448275862064	-0.013793103448275874	172718753
2022-02-25	0.0034965034965035776	-0.001748251748251711	0.02272727272727271	-0.005244755244755133	0.0034965034965035776	148512503
2022-02-28	0.04703832752613233	0.005226480836236822	0.054006968641114914	0.005226480836236822	0.04703832752613233	392956384
2022-03-01	-0.014975041597337747	-0.0016638935108152725	0.0	-0.02828618968386022	-0.014975041597337747	217034017
2022-03-02	0.0016891891891891533	-0.006756756756756763	0.01520270270270268	-0.01013513513513507	0.0016891891891891533	197990168
2022-03-03	0.015177065767284968	0.008431703204047339	0.0337268128161889	0.008431703204047339	0.015177065767284968	312767296
2022-03-04	-0.03986710963455139	-0.004983388704318831	-0.003322259136212554	-0.04318936877076409	-0.03986710963455139	245042073
2022-03-07	-0.008650519031141838	0.013840830449827002	0.02941176470588234	-0.01730103806228383	-0.008650519031141838	218742049
2022-03-08	-0.04712041884816762	0.006980802792320968	0.024432809773123853	-0.06806282722513099	-0.04712041884816762	270203392
2022-03-09	-0.03846153846153846	-0.010989010989010917	-0.010989010989010917	-0.08241758241758244	-0.03846153846153846	240811368
2022-03-10	0.005714285714285762	0.01904761904761898	0.026666666666666606	-0.00952380952380949	0.005714285714285762	175981935
2022-03-11	-0.01325757575757581	-0.01893939393939404	-0.011363636363636458	-0.04166666666666679	-0.01325757575757581	161419073
2022-03-14	-0.030710172744721716	-0.017274472168905923	-0.007677543186180429	-0.032629558541266784	-0.030710172744721716	116704249
2022-03-15	-0.0851485148514851	-0.009900990099009866	-0.007920792079207928	-0.08910891089108915	-0.0851485148514851	252532115
2022-03-16	0.06709956709956702	0.0389610389610389	0.07359307359307356	0.006493506493506547	0.06709956709956702	217488896
2022-03-17	0.03245436105476676	0.01622718052738338	0.04462474645030439	0.00811359026369169	0.03245436105476676	186846375
2022-03-18	0.015717092337917498	0.001964636542239644	0.021611001964636604	-0.005893909626719106	0.015717092337917498	154564676
2022-03-21	0.009671179883945807	0.009671179883945807	0.027079303675048294	-0.001934235976789127	0.009671179883945807	147700580
2022-03-22	0.0038314176245211615	0.005747126436781657	0.01340996168582381	-0.011494252873563144	0.0038314176245211615	120383998
2022-03-23	0.013358778625954082	0.007633587786259549	0.017175572519083943	0.0019083969465648447	0.013358778625954082	135312311
2022-03-24	0.024482109227872088	0.0	0.0357815442561206	-0.0037664783427494492	0.024482109227872088	180457209
2022-03-25	0.005514705882352824	-0.001838235294117771	0.029411764705882214	-0.007352941176470594	0.005514705882352824	178547383
2022-03-28	-0.025594149908592264	-0.01645338208409504	-0.010968921389396638	-0.042047531992687306	-0.025594149908592264	108516121
2022-03-29	0.0	-0.005628517823639822	0.011257035647279477	-0.011257035647279643	0.0	75738612
2022-03-30	-0.005628517823639822	0.005628517823639822	0.005628517823639822	-0.018761726078799182	-0.005628517823639822	88057909
2022-03-31	-0.016981132075471674	0.0018867924528301486	0.0037735849056604646	-0.022641509433962283	-0.016981132075471674	98485315
2022-04-01	0.013435700575815794	-0.0019193857965450647	0.019193857965450988	-0.015355086372360858	0.013435700575815794	79618789
2022-04-06	0.01136363636363629	-0.0018939393939395217	0.013257575757575642	-0.015151515151515164	0.01136363636363629	88890074
2022-04-07	-0.014981273408239714	-0.0037453183520598453	-0.0018726591760299227	-0.016853932584269638	-0.014981273408239714	63757642
2022-04-08	0.028517110266159766	-0.001901140684410606	0.04372623574144495	-0.005703422053231818	0.028517110266159766	157696837
2022-04-11	-0.051756007393715386	0.0	0.005545286506469547	-0.055452865064694976	-0.051756007393715386	140887529
2022-04-12	0.015594541910331399	0.0	0.015594541910331399	-0.0233918128654971	0.015594541910331399	94199415
2022-04-13	0.04606525911708258	-0.005758157389635365	0.07101727447216892	-0.007677543186180429	0.04606525911708258	243618982
2022-04-14	0.009174311926605472	0.0018348623853210618	0.020183486238532004	-0.009174311926605472	0.009174311926605472	127809478
2022-04-15	0.0036363636363635587	-0.0036363636363635587	0.025454545454545396	-0.010909090909090839	0.0036363636363635587	178745541
2022-04-18	-0.02898550724637668	-0.005434782608695537	-0.005434782608695537	-0.03623188405797089	-0.02898550724637668	91359561
2022-04-19	0.0037313432835820097	0.007462686567164185	0.01492537313432837	-0.0018656716417911705	0.0037313432835820097	87770379
2022-04-20	-0.037174721189591114	-0.0037174721189590287	-0.0018587360594795144	-0.04089219330855014	-0.037174721189591114	111387007
2022-04-21	-0.050193050193050155	-0.0019305019305018896	0.0	-0.05791505791505788	-0.050193050193050155	157542936
2022-04-22	0.006097560975609807	-0.010162601626016224	0.012195121951219613	-0.028455284552845465	0.006097560975609807	91426259
2022-04-25	-0.06868686868686866	-0.024242424242424263	-0.024242424242424263	-0.07070707070707082	-0.06868686868686866	134173192
2022-04-26	-0.07375271149674636	0.0	0.006507592190889232	-0.08242950108459866	-0.07375271149674636	196281850
2022-04-27	0.0585480093676815	-0.01873536299765789	0.06557377049180334	-0.021077283372365307	0.0585480093676815	153034172
2022-04-28	-0.013274336283185756	0.0	0.004424778761062049	-0.024336283185840586	-0.013274336283185756	120074949
2022-04-29	0.049327354260089634	0.01345291479820619	0.05829596412556049	0.006726457399103195	0.049327354260089634	137131984
2022-05-05	0.012820512820512928	0.006410256410256464	0.023504273504273573	-0.006410256410256274	0.012820512820512928	106092127
2022-05-06	-0.04008438818565409	-0.02953586497890307	-0.025316455696202552	-0.04852320675105494	-0.04008438818565409	104241826
2022-05-09	-0.01098901098901095	-0.01098901098901095	0.004395604395604497	-0.0219780219780219	-0.01098901098901095	85467646
2022-05-10	-0.013333333333333246	-0.017777777777777795	-0.002222222222222175	-0.03999999999999994	-0.013333333333333246	169645448
2022-05-11	0.020270270270270237	0.0	0.047297297297297286	-0.0045045045045046085	0.020270270270270237	162139044
2022-05-12	-0.01766004415011039	-0.01545253863134664	-0.0022075055187639457	-0.03090507726269328	-0.01766004415011039	111979228
2022-05-13	-0.002247191011235907	0.002247191011235907	0.013483146067415642	-0.011235955056179735	-0.002247191011235907	99046167
2022-05-16	0.004504504504504408	0.009009009009009016	0.01576576576576563	0.0	0.004504504504504408	86912444
2022-05-17	0.024663677130044914	0.0	0.02690582959641258	-0.0022421524663676653	0.024663677130044914	136490531
2022-05-18	-0.010940919037199279	0.002188183807439778	0.002188183807439778	-0.017505470459518613	-0.010940919037199279	87892595
2022-05-19	-0.011061946902654829	-0.017699115044247607	-0.008849557522123706	-0.028761061946902634	-0.011061946902654829	123801360
2022-05-20	0.04921700223713661	0.006711409395973211	0.05145413870246095	0.006711409395973211	0.04921700223713661	222262342
2022-05-23	0.012793176972281365	-0.0042643923240939146	0.023454157782515868	-0.00852878464818764	0.012793176972281365	141751137
2022-05-24	-0.044210526315789464	-0.004210526315789384	-0.002105263157894692	-0.044210526315789464	-0.044210526315789464	130623466
2022-05-25	0.03744493392070483	0.015418502202643234	0.04625550660792951	0.011013215859030798	0.03744493392070483	164945018
2022-05-26	0.01061571125265389	0.0021231422505307404	0.01486199575371556	-0.01910828025477704	0.01061571125265389	124137916
2022-05-27	-0.002100840336134409	0.002100840336134409	0.014705882352941237	-0.008403361344537823	-0.002100840336134409	124044626
2022-05-30	-0.002105263157894692	0.0	0.008421052631578954	-0.006315789473684263	-0.002105263157894692	83728900
2022-05-31	0.0063291139240504975	0.0	0.0063291139240504975	-0.008438818565400852	0.0063291139240504975	98659840
2022-06-01	0.002096436058700351	-0.006289308176100496	0.006289308176100681	-0.010482180293501012	0.002096436058700351	89521659
2022-06-02	0.012552301255230044	-0.004184100418410139	0.01464435146443502	-0.00836820083682009	0.012552301255230044	100847308
2022-06-06	0.04132231404958681	0.012396694214876136	0.04545454545454541	0.004132231404958773	0.04132231404958681	186794359
2022-06-07	0.0	-0.00396825396825406	0.0059523809523810015	-0.011904761904761828	0.0	109180224
2022-06-08	0.02579365079365077	0.001984126984126942	0.027777777777777714	-0.015873015873015886	0.02579365079365077	195870259
2022-06-09	0.04255319148936165	0.003868471953578426	0.07156673114119924	0.003868471953578426	0.04255319148936165	379213552
2022-06-10	0.05380333951762524	-0.012987012987012875	0.06864564007421152	-0.012987012987012875	0.05380333951762524	363165440
2022-06-13	0.007042253521126767	-0.0017605633802816527	0.02992957746478872	-0.00880281690140842	0.007042253521126767	378640528
2022-06-14	0.012237762237762288	-0.010489510489510422	0.013986013986014	-0.02272727272727271	0.012237762237762288	282956896
2022-06-15	0.00518134715025911	0.0	0.022452504317789272	-0.02936096718480137	0.00518134715025911	356196208
2022-06-16	0.0	0.0	0.027491408934707928	-0.01718213058419253	0.0	261006871
2022-06-17	0.04982817869415808	0.0	0.05326460481099649	-0.01546391752577317	0.04982817869415808	506565424
2022-06-20	-0.057283142389525456	0.0016366612111292612	0.0016366612111292612	-0.09819967266775785	-0.057283142389525456	742212288
2022-06-21	-0.010416666666666598	-0.01736111111111105	-0.005208333333333223	-0.05034722222222223	-0.010416666666666598	368405856
2022-06-22	0.07368421052631577	0.008771929824561372	0.0999999999999999	0.0035087719298244864	0.07368421052631577	1159755376
2022-06-23	-0.022875816993464	-0.027777777777777766	0.006535947712418306	-0.08660130718954252	-0.022875816993464	1018143792
2022-06-24	-0.03846153846153853	-0.018394648829431492	0.018394648829431343	-0.04180602006688963	-0.03846153846153853	477982752
2022-06-27	0.04000000000000008	-0.015652173913043455	0.0539130434782608	-0.02608695652173919	0.04000000000000008	588688656
2022-06-28	-0.013377926421404692	0.006688963210702198	0.011705685618728996	-0.025083612040133835	-0.013377926421404692	381802688
2022-06-29	-0.03050847457627129	-0.006779661016949158	0.005084745762711756	-0.032203389830508536	-0.03050847457627129	339644064
2022-06-30	0.0017482517482518664	-0.003496503496503422	0.01573426573426571	-0.01748251748251742	0.0017482517482518664	271837808
2022-07-01	-0.0034904013961606388	0.012216404886561848	0.012216404886561848	-0.012216404886562003	-0.0034904013961606388	209051129
2022-07-04	-0.014010507880910695	-0.014010507880910695	0.001751313485113798	-0.022767075306479843	-0.014010507880910695	241418810
2022-07-05	-0.0017761989342806016	0.0017761989342806016	0.01776198934280649	-0.02131438721136769	-0.0017761989342806016	244473065
2022-07-06	-0.06227758007117447	-0.016014234875444813	-0.007117437722419935	-0.08185053380782917	-0.06227758007117447	473866688
2022-07-07	0.0189753320683113	-0.005692599620493238	0.03036053130929794	-0.009487666034155564	0.0189753320683113	230740834
2022-07-08	0.02607076350093104	0.009310986964618215	0.04841713221601486	0.0074487895716946065	0.02607076350093104	317966644
2022-07-11	-0.03629764065335757	-0.007259528130671513	-0.003629764065335676	-0.04355716878402908	-0.03629764065335757	220224770
2022-07-12	-0.015065913370997963	0.0	0.005649717514124341	-0.016949152542372857	-0.015065913370997963	136722830
2022-07-13	0.0	-0.0019120458891014674	0.005736137667303892	-0.021032504780114782	0.0	121022304
2022-07-14	-0.017208413001912188	-0.005736137667304062	-0.0019120458891014674	-0.021032504780114782	-0.017208413001912188	167711839
2022-07-15	0.0019455252918289252	0.0019455252918289252	0.023346303501945546	-0.0019455252918287524	0.0019455252918289252	164652258
2022-07-18	0.031067961165048397	0.005825242718446477	0.03495145631067956	0.003883495145630985	0.031067961165048397	154955128
2022-07-19	-0.01318267419962324	-0.0037664783427494492	0.0	-0.020715630885122304	-0.01318267419962324	118096421
2022-07-20	0.038167938931297746	0.0038167938931296893	0.038167938931297746	0.0019083969465648447	0.038167938931297746	197754515
2022-07-21	0.09926470588235294	-0.001838235294117771	0.09926470588235294	-0.011029411764705973	0.09926470588235294	642966451
2022-07-22	-0.07023411371237472	-0.046822742474916426	-0.03344481605351173	-0.07859531772575261	-0.07023411371237472	650521826
2022-07-25	-0.03237410071942441	-0.007194244604316554	-0.003597122302158197	-0.03597122302158261	-0.03237410071942441	228091077
2022-07-26	0.01672862453531596	0.0018587360594795144	0.026022304832713696	-0.007434944237918222	0.01672862453531596	159407909
2022-07-27	0.009140767824497225	-0.0036563071297988255	0.014625228519195626	-0.010968921389396638	0.009140767824497225	132425595
2022-07-28	-0.007246376811594049	0.00724637681159421	0.00724637681159421	-0.010869565217391235	-0.007246376811594049	140725876
2022-07-29	-0.016423357664233713	-0.0036496350364964344	0.0	-0.018248175182481848	-0.016423357664233713	145637793
2022-08-01	0.009276437847866551	-0.009276437847866387	0.011131725417439797	-0.03896103896103896	0.009276437847866551	154192170
2022-08-02	-0.04044117647058835	-0.014705882352941188	-0.014705882352941188	-0.05330882352941177	-0.04044117647058835	186259526
2022-08-03	-0.009578544061302648	-0.0019157088122604958	0.015325670498084306	-0.013409961685823639	-0.009578544061302648	116850971
2022-08-04	0.005802707930367553	0.00773694390715668	0.01547388781431336	-0.00773694390715668	0.005802707930367553	86663902
2022-08-05	0.013461538461538344	0.001923076923076882	0.015384615384615398	-0.003846153846153935	0.013461538461538344	93708387
2022-08-08	0.01518026565464897	0.003795066413662327	0.03225806451612919	-0.0018975332068310792	0.01518026565464897	144101321
2022-08-09	0.0018691588785047992	-0.001869158878504633	0.005607476635514066	-0.009345794392523333	0.0018691588785047992	92152890
2022-08-10	0.0018656716417910048	0.007462686567164185	0.026119402985074567	-0.00559701492537318	0.0018656716417910048	146345180
2022-08-11	0.0074487895716946065	0.0037243947858472204	0.009310986964618215	-0.013035381750465602	0.0074487895716946065	145104900
2022-08-12	0.009242144177449136	-0.0018484288354897942	0.016635859519408477	-0.0073937153419593405	0.009242144177449136	143504640
2022-08-15	0.012820512820512872	-0.003663003663003585	0.020146520146520207	-0.010989010989010917	0.012820512820512872	229685187
2022-08-16	-0.021699819168173616	-0.0036166365280290162	-0.0018083182640145886	-0.02712477396021706	-0.021699819168173616	173492799
2022-08-17	-0.016635859519408477	-0.005545286506469547	0.0018484288354897942	-0.025878003696857776	-0.016635859519408477	160470462
2022-08-18	-0.011278195488721898	-0.011278195488721898	-0.0018796992481204275	-0.020676691729323366	-0.011278195488721898	118081899
2022-08-19	-0.003802281368821212	-0.005703422053231818	0.003802281368821381	-0.005703422053231818	-0.003802281368821212	98872588
2022-08-22	0.022900763358778647	0.005725190839694534	0.022900763358778647	0.0019083969465648447	0.022900763358778647	137579397
2022-08-23	-0.00559701492537318	-0.0018656716417911705	0.00932835820895519	-0.01119402985074636	-0.00559701492537318	103082475
2022-08-24	-0.033771106941838595	0.0	0.013133208255159528	-0.03752345215759853	-0.033771106941838595	205248819
2022-08-25	0.01359223300970862	0.0	0.015533980582524285	-0.0077669902912621425	0.01359223300970862	112990880
2022-08-26	-0.005747126436781487	0.0	0.009578544061302648	-0.007662835249042153	-0.005747126436781487	94170972
2022-08-29	-0.00963391136801555	-0.015414258188824675	-0.007707129094412337	-0.026974951830443267	-0.00963391136801555	86276081
2022-08-30	-0.009727626459143934	0.0019455252918289252	0.0019455252918289252	-0.015564202334630364	-0.009727626459143934	90295828
2022-08-31	-0.033398821218074644	-0.005893909626719106	-0.003929273084479288	-0.03732809430255393	-0.033398821218074644	163390370
2022-09-01	0.002032520325203209	0.0	0.012195121951219613	-0.008130081300813016	0.002032520325203209	70017255
2022-09-02	-0.006085192697768633	0.002028397565923058	0.006085192697768814	-0.01014198782961457	-0.006085192697768633	74681094
2022-09-05	0.010204081632653024	0.0	0.010204081632653024	-0.008163265306122455	0.010204081632653024	72065089
2022-09-06	0.02020202020202013	0.0020202020202019773	0.022222222222222105	0.0	0.02020202020202013	92374079
2022-09-07	0.013861386138613919	-0.003960396039603876	0.015841584158415856	-0.00594059405940599	0.013861386138613919	89645954
2022-09-08	-0.0019531249999999584	-0.0019531249999999584	0.005859375000000049	-0.007812500000000007	-0.0019531249999999584	75675653
2022-09-09	0.013698630136986183	0.005870841487279718	0.025440313111545966	0.0	0.013698630136986183	96696018
2022-09-13	0.007722007722007729	0.00965250965250979	0.01930501930501941	0.0038610038610039504	0.007722007722007729	121839958
2022-09-14	-0.019157088122605297	-0.015325670498084306	-0.005747126436781487	-0.024904214559386954	-0.019157088122605297	90493082
2022-09-15	-0.021484375000000062	0.0019531249999999584	0.011718749999999924	-0.033203124999999986	-0.021484375000000062	114221559
2022-09-16	-0.03193612774451101	0.0019960079840318935	0.003992015968063965	-0.03193612774451101	-0.03193612774451101	114679173
2022-09-19	-0.014432989690721525	0.002061855670103232	0.00618556701030933	-0.022680412371133905	-0.014432989690721525	69658724
2022-09-20	0.02510460251046027	0.002092050209204976	0.03974895397489529	0.0	0.02510460251046027	76615891
2022-09-21	0.0	-0.00204081632653075	0.004081632653061137	-0.014285714285714343	0.0	55485137
2022-09-22	-0.00204081632653075	-0.010204081632653206	0.008163265306122455	-0.010204081632653206	-0.00204081632653075	59464685
2022-09-23	-0.010224948875255588	0.002044989775051263	0.004089979550102344	-0.016359918200409013	-0.010224948875255588	67433493
2022-09-26	-0.030991735537189972	-0.008264462809917363	-0.0020661157024792947	-0.03305785123966945	-0.030991735537189972	88896016
2022-09-27	0.012793176972281365	0.0042643923240937255	0.012793176972281365	-0.012793176972281555	0.012793176972281365	71862079
2022-09-28	-0.04210526315789478	-0.004210526315789384	-0.004210526315789384	-0.04210526315789478	-0.04210526315789478	79163589
2022-09-29	0.03736263736263735	0.021978021978022098	0.052747252747252796	0.0175824175824176	0.03736263736263735	127258327
2022-09-30	0.0	0.0	0.02754237288135591	-0.006355932203389696	0.0	110033197
2022-10-10	-0.044491525423728806	0.0	0.006355932203389884	-0.057203389830508385	-0.044491525423728806	138128730
2022-10-11	0.011086474501108608	0.006651884700665244	0.02882483370288246	-0.0022172949002216822	0.011086474501108608	81783145
2022-10-12	-0.030701754385964845	-0.013157894736842021	-0.008771929824561412	-0.08333333333333331	-0.030701754385964845	365006166
2022-10-13	-0.02262443438914019	-0.015837104072398255	-0.0045248868778279576	-0.02714932126696835	-0.02262443438914019	189508531
2022-10-14	0.03240740740740733	0.011574074074074032	0.03703703703703707	0.0046296296296295305	0.03240740740740733	254058906
2022-10-17	-0.011210762331838525	-0.015695067264574054	-0.00896860986547086	-0.029147982062780246	-0.011210762331838525	182923582
2022-10-18	-0.00680272108843543	0.002267573696145076	0.00680272108843543	-0.011337868480725584	-0.00680272108843543	122621473
2022-10-19	-0.018264840182648418	-0.0022831050228310015	0.0022831050228310015	-0.02054794520547942	-0.018264840182648418	144447139
2022-10-20	-0.00697674418604657	-0.009302325581395357	0.00697674418604657	-0.020930232558139503	-0.00697674418604657	106344904
2022-10-21	-0.00234192037470721	0.004683840749414628	0.009367681498829048	-0.00468384074941442	-0.00234192037470721	79247958
2022-10-24	-0.02582159624413132	0.00704225352112682	0.016431924882629175	-0.028169014084507067	-0.02582159624413132	162092044
2022-10-25	0.016867469879517927	0.0	0.026506024096385403	-0.0240963855421688	0.016867469879517927	134328921
2022-10-26	0.002369668246445658	-0.004739336492890894	0.009478672985782	-0.009478672985782	0.002369668246445658	94583527
2022-10-27	0.014184397163120473	0.007092198581560132	0.028368794326240947	0.004728132387706754	0.014184397163120473	136793315
2022-10-28	-0.027972027972027996	0.0	0.0	-0.032634032634032556	-0.027972027972027996	104022227
2022-10-31	-0.004796163069544263	-0.01199040767386087	0.007194244604316606	-0.021582733812949607	-0.004796163069544263	79782495
2022-11-01	0.038554216867469696	0.021686746987951772	0.038554216867469696	0.01445783132530111	0.038554216867469696	137188017
2022-11-02	0.016241299303944384	0.0	0.025522041763341143	-0.006960556844547416	0.016241299303944384	173465758
2022-11-03	-0.01141552511415521	-0.0068493150684932076	-0.004566210045662003	-0.02054794520547942	-0.01141552511415521	113552511
2022-11-04	0.03464203233256359	0.004618937644341702	0.03926096997690529	0.0	0.03464203233256359	204794950
2022-11-07	0.04241071428571417	0.026785714285714107	0.05133928571428561	0.02232142857142849	0.04241071428571417	303295377
2022-11-08	0.0	-0.006423982869379069	0.010706638115631655	-0.012847965738757947	0.0	149283067
2022-11-09	-0.010706638115631655	0.01498929336188443	0.023554603854389792	-0.012847965738757947	-0.010706638115631655	121866061
2022-11-10	-0.012987012987013094	-0.006493506493506547	-0.004329004329004429	-0.023809523809523878	-0.012987012987013094	103855913
2022-11-11	0.026315789473684237	0.03070175438596504	0.041666666666666755	0.019736842105263323	0.026315789473684237	177004983
2022-11-14	0.004273504273504373	0.010683760683760837	0.027777777777777755	-0.004273504273504183	0.004273504273504373	197729520
2022-11-15	0.008510638297872348	0.0	0.008510638297872348	-0.014893617021276655	0.008510638297872348	118801401
2022-11-16	0.016877637130801704	0.0	0.03375527426160341	-0.008438818565400852	0.016877637130801704	178884646
2022-11-17	-0.014522821576763543	-0.008298755186721999	-0.004149377593361091	-0.024896265560165994	-0.014522821576763543	113811093
2022-11-18	-0.01263157894736834	-0.004210526315789384	0.004210526315789384	-0.01263157894736834	-0.01263157894736834	80550199
2022-11-21	-0.006396588486140778	-0.0042643923240939146	-0.0042643923240939146	-0.02558635394456292	-0.006396588486140778	68776906
2022-11-22	-0.004291845493562331	-0.00858369098712447	0.010729613733905541	-0.010729613733905541	-0.004291845493562331	62991287
2022-11-23	-0.0021551724137930574	0.004310344827586307	0.01077586206896567	-0.006465517241379173	-0.0021551724137930574	52488721
2022-11-24	0.0021598272138228483	0.008639308855291584	0.010799136069114432	0.0	0.0021598272138228483	50658561
2022-11-25	0.002155172413793249	-0.0021551724137930574	0.006465517241379364	-0.006465517241379173	0.002155172413793249	49057573
2022-11-28	-0.01935483870967758	-0.008602150537634416	-0.008602150537634416	-0.03655913978494622	-0.01935483870967758	85769160
2022-11-29	0.032894736842105345	-0.004385964912280609	0.03508771929824565	-0.004385964912280609	0.032894736842105345	118690002
2022-11-30	-0.01061571125265389	0.0	0.008492569002123149	-0.01061571125265389	-0.01061571125265389	78479167
2022-12-01	0.01716738197424894	0.015021459227467872	0.032188841201716625	0.015021459227467872	0.01716738197424894	130101996
2022-12-02	-0.016877637130801704	-0.0021097046413501657	0.0021097046413501657	-0.016877637130801704	-0.016877637130801704	83911697
2022-12-05	0.03433476394849788	0.00858369098712447	0.040772532188841096	0.00858369098712447	0.03433476394849788	156176046
2022-12-06	0.0020746887966804537	-0.004149377593361091	0.004149377593360907	-0.01244813278008309	0.0020746887966804537	87087192
2022-12-07	-0.010351966873705968	-0.00828157349896481	0.0020703933747411567	-0.012422360248447308	-0.010351966873705968	82604805
2022-12-08	0.002092050209204976	0.0	0.00836820083682009	-0.004184100418410139	0.002092050209204976	57850673
2022-12-09	0.045929018789143995	-0.002087682672233776	0.050104384133611735	-0.006263048016701514	0.045929018789143995	240132891
2022-12-12	-0.021956087824351184	-0.005988023952095681	-0.005988023952095681	-0.02594810379241515	-0.021956087824351184	123329540
2022-12-13	0.010204081632653024	-0.00204081632653075	0.026530612244897934	-0.00204081632653075	0.010204081632653024	104493800
2022-12-14	-0.012121212121212222	0.0	0.012121212121212041	-0.014141414141414198	-0.012121212121212222	81159290
2022-12-15	-0.012269938650306669	-0.004089979550102162	0.002044989775051263	-0.02249488752556226	-0.012269938650306669	84417384
2022-12-16	-0.00828157349896481	-0.012422360248447308	-0.0020703933747411567	-0.01656314699792962	-0.00828157349896481	53063122
2022-12-19	-0.025052192066805867	0.004175365344467552	0.010438413361169066	-0.03340292275574116	-0.025052192066805867	90722770
2022-12-20	-0.010706638115631655	-0.006423982869379069	-0.002141327623126293	-0.019271948608137014	-0.010706638115631655	52366726
2022-12-21	-0.004329004329004429	0.006493506493506547	0.008658008658008665	-0.008658008658008665	-0.004329004329004429	43124834
2022-12-22	-0.015217391304347697	0.008695652173913052	0.01086956521739146	-0.019565217391304318	-0.015217391304347697	50279800
2022-12-23	0.0022075055187637496	-0.006622516556291445	0.006622516556291249	-0.011037527593818946	0.0022075055187637496	36589745
2022-12-26	-0.0022026431718061203	0.0022026431718061203	0.004405286343612241	-0.008810572687224677	-0.0022026431718061203	49072221
2022-12-27	0.01986754966887414	0.006622516556291249	0.02207505518763789	0.004415011037527499	0.01986754966887414	48942649
2022-12-28	0.006493506493506547	-0.006493506493506547	0.01731601731601733	-0.012987012987013094	0.006493506493506547	64500058
2022-12-29	-0.01720430107526883	-0.008602150537634416	0.0	-0.01935483870967758	-0.01720430107526883	63129986
2022-12-30	-0.00437636761487975	0.004376367614879556	0.010940919037199084	-0.00437636761487975	-0.00437636761487975	43416750
2023-01-03	0.0175824175824176	-0.004395604395604302	0.021978021978022098	-0.03296703296703285	0.0175824175824176	85900685
2023-01-04	-0.012958963282937282	-0.004319654427645697	0.0	-0.021598272138228864	-0.012958963282937282	62433271
2023-01-05	0.006564551422319334	0.004376367614879556	0.015317286652078642	-0.00437636761487975	0.006564551422319334	86127778
2023-01-06	0.004347826086956622	0.0	0.01086956521739146	-0.004347826086956429	0.004347826086956622	86318282
2023-01-09	0.04761904761904756	0.008658008658008665	0.05627705627705623	0.008658008658008665	0.04761904761904756	194703625
2023-01-10	-0.0020661157024792947	0.0020661157024792947	0.010330578512396658	-0.010330578512396658	-0.0020661157024792947	101041824
2023-01-11	0.00828157349896481	0.00828157349896481	0.020703933747411935	0.0041407867494823135	0.00828157349896481	89552624
2023-01-12	0.010266940451745343	0.018480492813141656	0.03901437371663234	0.0061601642710472785	0.010266940451745343	157401353
2023-01-13	-0.008130081300813016	0.012195121951219613	0.016260162601626032	-0.014227642276422823	-0.008130081300813016	103548496
2023-01-16	0.0	0.0020491803278688088	0.014344262295082027	-0.0020491803278688088	0.0	114331306
2023-01-17	-0.0061475409836066084	-0.0040983606557376175	0.0	-0.012295081967213035	-0.0061475409836066084	66518342
2023-01-18	0.02886597938144342	0.004123711340206281	0.03298969072164951	0.004123711340206281	0.02886597938144342	140504500
2023-01-19	0.010020040080160284	-0.006012024048096242	0.010020040080160284	-0.008016032064128263	0.010020040080160284	81713135
2023-01-20	0.01785714285714283	0.001984126984126942	0.02579365079365077	0.0	0.01785714285714283	118447674
2023-01-30	0.07212475633528267	0.03508771929824556	0.09746588693957116	0.031189083820662798	0.07212475633528267	460985197
2023-01-31	0.030909090909090896	0.0036363636363635587	0.043636363636363674	-0.0018181818181817794	0.030909090909090896	381058634
2023-02-01	0.059964726631393274	0.0017636684303350594	0.07583774250440913	0.0017636684303350594	0.059964726631393274	473375191
2023-02-02	-0.014975041597337747	-0.00831946755407651	-0.0049916805324458175	-0.03660565723793673	-0.014975041597337747	289691100
2023-02-03	-0.0050675675675676095	-0.011824324324324372	0.0	-0.028716216216216204	-0.0050675675675676095	217296270
2023-02-06	-0.030560271646859035	-0.015280135823429518	-0.015280135823429518	-0.04923599320882853	-0.030560271646859035	202855353
2023-02-07	0.03152364273204899	0.0052539404553415495	0.045534150612959685	-0.008756567425569146	0.03152364273204899	205012233
2023-02-08	-0.01018675721561963	-0.003395585738539826	0.018675721561969495	-0.015280135823429518	-0.01018675721561963	168991921
2023-02-09	0.0017152658662092258	-0.00514579759862783	0.008576329331046281	-0.013722126929674111	0.0017152658662092258	112410906
2023-02-10	-0.013698630136986314	0.0	0.005136986301369906	-0.018835616438356066	-0.013698630136986314	116460104
2023-02-13	-0.0034722222222221483	-0.005208333333333223	0.012152777777777828	-0.008680555555555525	-0.0034722222222221483	131204666
2023-02-14	0.03310104529616716	0.010452961672473799	0.054006968641114914	0.008710801393728191	0.03310104529616716	321395127
2023-02-15	-0.0033726812816188153	-0.0033726812816188153	0.025295109612141715	-0.005059021922428223	-0.0033726812816188153	168729321
2023-02-16	-0.023688663282572006	-0.011844331641286003	0.003384094754653058	-0.035532994923857864	-0.023688663282572006	150743683
2023-02-17	0.010398613518197661	0.010398613518197661	0.03466204506065861	0.010398613518197661	0.010398613518197661	150741215
2023-02-20	0.025728987993138996	-0.003430531732418604	0.03430531732418528	-0.008576329331046281	0.025728987993138996	216026218
2023-02-21	0.033444816053511586	0.0	0.051839464882943075	-0.005016722408026797	0.033444816053511586	389307713
2023-02-22	-0.00647249190938512	-0.008090614886731363	0.004854368932038875	-0.01779935275080897	-0.00647249190938512	141071950
2023-02-23	0.00488599348534206	0.00488599348534206	0.014657980456026181	-0.011400651465797948	0.00488599348534206	147268694
2023-02-24	-0.02917341977309558	-0.009724473257698478	-0.006482982171799033	-0.03565640194489461	-0.02917341977309558	166313269
2023-02-27	-0.020033388981636077	-0.013355592654424051	0.0	-0.03005008347245419	-0.020033388981636077	143274370
2023-02-28	0.005110732538330536	0.0068143100511073315	0.013628620102214663	-0.0068143100511073315	0.005110732538330536	92351782
2023-03-01	0.02711864406779648	0.0033898305084745037	0.028813559322033885	-0.0016949152542374024	0.02711864406779648	140681325
2023-03-02	0.004950495049504992	0.0033003300330033767	0.018151815181518205	-0.004950495049504846	0.004950495049504992	134566356
2023-03-03	-0.01806239737274211	0.0032840722495895668	0.0032840722495895668	-0.031198686371100084	-0.01806239737274211	129284650
2023-03-06	0.010033444816053446	-0.005016722408026797	0.013377926421404545	-0.02006688963210704	0.010033444816053446	126567338
2023-03-07	-0.01158940397350998	-0.0016556291390728123	0.01986754966887419	-0.013245033112582794	-0.01158940397350998	107971562
2023-03-08	0.0	-0.02010050251256283	0.005025125628140745	-0.023450586264656563	0.0	93666852
2023-03-09	0.00335008375209388	0.021775544388609697	0.025125628140703578	-0.006700167504187611	0.00335008375209388	106636272
2023-03-10	-0.020033388981636077	-0.015025041736227021	-0.0066777963272120254	-0.020033388981636077	-0.020033388981636077	66975915
2023-03-13	0.008517887563884127	0.0	0.018739352640545198	-0.0068143100511073315	0.008517887563884127	100799850
2023-03-14	-0.01520270270270268	0.0050675675675676095	0.011824324324324372	-0.025337837837837898	-0.01520270270270268	98411489
2023-03-15	0.0017152658662092258	0.0034305317324184515	0.013722126929674111	0.0	0.0017152658662092258	50893445
2023-03-16	-0.07876712328767123	-0.011986301369863063	-0.011986301369863063	-0.08561643835616438	-0.07876712328767123	316160247
2023-03-17	-0.0018587360594795144	0.007434944237918222	0.022304832713754667	-0.009293680297397737	-0.0018587360594795144	224037196
2023-03-20	-0.0037243947858473857	0.0	0.02793296089385465	-0.011173184357541992	-0.0037243947858473857	197837992
2023-03-21	0.06542056074766366	0.009345794392523497	0.07850467289719626	0.005607476635514066	0.06542056074766366	256461755
2023-03-22	0.021052631578947385	0.0	0.024561403508771874	-0.003508771929824642	0.021052631578947385	159908755
2023-03-23	0.0034364261168384146	0.0	0.00859106529209619	-0.008591065292096342	0.0034364261168384146	81800909
2023-03-24	0.008561643835616408	-0.0017123287671232511	0.013698630136986314	-0.006849315068493157	0.008561643835616408	108976506
2023-03-27	0.00509337860780989	0.0033955857385399766	0.01018675721561978	-0.01018675721561963	0.00509337860780989	94352810
2023-03-28	-0.0050675675675676095	-0.0016891891891891533	0.013513513513513526	-0.01013513513513507	-0.0050675675675676095	85314188
2023-03-29	0.006791171477079802	0.0	0.013582342954159604	0.0	0.006791171477079802	74231566
2023-03-30	0.0	0.0016863406408095575	0.003372681281618965	-0.018549747048903782	0.0	79507101
2023-03-31	0.010118043844856746	0.0	0.02192242833052275	-0.0033726812816188153	0.010118043844856746	120373801
2023-04-03	-0.013355592654424051	0.0	0.0016694490818029693	-0.025041736227045135	-0.013355592654424051	143878399
2023-04-04	0.0050761421319797375	-0.0033840947546532082	0.006768189509306266	-0.010152284263959475	0.0050761421319797375	95067459
2023-04-06	0.0050505050505049425	0.0	0.00673400673400674	-0.011784511784511831	0.0050505050505049425	91654776
2023-04-07	-0.013400335008375222	0.0	0.02010050251256283	-0.018425460636515817	-0.013400335008375222	121177645
2023-04-10	0.01018675721561978	0.0033955857385399766	0.023769100169779386	0.0	0.01018675721561978	110168553
2023-04-11	0.02857142857142856	0.0033613445378150543	0.03361344537815129	-0.005042016806722731	0.02857142857142856	202471670
2023-04-12	0.008169934640522847	0.004901960784313766	0.01960784313725492	-0.0016339869281045403	0.008169934640522847	137231971
2023-04-13	-0.0032414910858994447	0.0	0.011345218800648345	-0.011345218800648345	-0.0032414910858994447	107268534
2023-04-14	0.042276422764227606	0.011382113821138113	0.04390243902439017	0.009756097560975546	0.042276422764227606	236915899
2023-04-17	-0.009360374414976676	-0.007800312012480472	0.0	-0.034321372854914156	-0.009360374414976676	219562274
2023-04-18	-0.0031496062992125316	-0.006299212598425203	0.006299212598425203	-0.01889763779527547	-0.0031496062992125316	110708512
2023-04-19	0.09320695102685622	0.07424960505529223	0.09952606635071089	0.06635071090047392	0.09320695102685622	512130665
2023-04-20	-0.03034682080924855	-0.0014450867052022813	0.002890173410404691	-0.043352601156069336	-0.03034682080924855	287381246
2023-04-21	-0.01788375558867364	0.010432190760059655	0.01639344262295087	-0.01937406855439641	-0.01788375558867364	143645777
2023-04-24	-0.050075872534142654	-0.00303490136570555	-0.001517450682852775	-0.05918057663125944	-0.050075872534142654	234596619
2023-04-25	-0.012779552715654964	0.007987220447284317	0.01757188498402561	-0.0287539936102236	-0.012779552715654964	147623697
2023-04-26	-0.01779935275080897	-0.011326860841423852	-0.001618122977346244	-0.029126213592232966	-0.01779935275080897	151302639
2023-04-27	-0.029654036243822172	-0.008237232289950693	-0.006589785831960467	-0.04118616144975288	-0.029654036243822172	175998704
2023-04-28	0.011884550084889693	0.00509337860780989	0.02716468590831921	0.0033955857385399766	0.011884550084889693	170164300
2023-05-04	-0.04362416107382547	-0.01342281879194632	-0.01342281879194632	-0.05033557046979863	-0.04362416107382547	280601112
2023-05-05	-0.014035087719298258	0.0017543859649122432	0.017543859649122744	-0.019298245614035144	-0.014035087719298258	164903822
2023-05-08	0.04092526690391451	0.01423487544483987	0.0711743772241992	0.010676156583629824	0.04092526690391451	215692247
2023-05-09	0.001709401709401825	0.001709401709401825	0.03247863247863255	-0.001709401709401673	0.001709401709401825	167395708
2023-05-10	-0.008532423208191246	-0.0017064846416383404	0.010238907849829284	-0.013651877133105813	-0.008532423208191246	106391329
2023-05-11	-0.025817555938037775	-0.003442340791738309	0.0	-0.03098106712564539	-0.025817555938037775	143391045
2023-05-12	-0.06360424028268556	-0.015901060070671352	-0.01413427561837457	-0.07067137809187285	-0.06360424028268556	285850413
2023-05-15	0.030188679245283047	-0.0018867924528301486	0.03584905660377366	-0.0018867924528301486	0.030188679245283047	115223010
2023-05-16	-0.007326007326007333	0.0	0.00549450549450554	-0.010989010989010917	-0.007326007326007333	69270071
2023-05-17	-0.012915129151291565	-0.012915129151291565	-0.0018450184501844625	-0.02029520295202958	-0.012915129151291565	84996568
2023-05-18	0.009345794392523497	0.016822429906542195	0.02616822429906553	0.0037383177570094323	0.009345794392523497	74783152
2023-05-19	-0.011111111111111202	-0.00925925925925939	-0.005555555555555601	-0.020370370370370428	-0.011111111111111202	70738398
2023-05-22	0.0018726591760299227	0.0	0.007490636704119857	-0.007490636704119857	0.0018726591760299227	59397402
2023-05-23	-0.020560747663551298	-0.003738317757009266	0.0	-0.020560747663551298	-0.020560747663551298	78371807
2023-05-24	0.0019083969465648447	-0.005725190839694703	0.013358778625954082	-0.015267175572519097	0.0019083969465648447	70000581
2023-05-25	-0.017142857142857116	-0.00952380952380949	-0.005714285714285762	-0.02857142857142864	-0.017142857142857116	81432801
2023-05-26	0.01744186046511625	0.0019379844961239896	0.01744186046511625	-0.005813953488372141	0.01744186046511625	49755097
2023-05-29	0.0	0.005714285714285762	0.00952380952380949	-0.005714285714285762	0.0	49279453
2023-05-30	0.0	0.0038095238095237284	0.005714285714285762	-0.015238095238095252	0.0	49353800
2023-05-31	-0.0019047619047618642	-0.0038095238095237284	0.0	-0.015238095238095252	-0.0019047619047618642	60922146
2023-06-01	0.009541984732824393	0.0	0.02099236641221363	-0.013358778625954252	0.009541984732824393	96922325
2023-06-02	0.03402646502835533	0.00756143667296787	0.037807183364839354	0.00756143667296787	0.03402646502835533	153850761
2023-06-05	-0.005484460694698238	0.0	0.0018281535648995751	-0.014625228519195626	-0.005484460694698238	68290060
2023-06-06	-0.011029411764705973	0.0036764705882352156	0.016544117647058796	-0.01286764705882358	-0.011029411764705973	90122989
2023-06-07	0.0018587360594795144	0.003717472118959194	0.020446096654275152	-0.007434944237918222	0.0018587360594795144	62668942
2023-06-08	0.0037105751391466536	-0.003710575139146489	0.014842300556586285	-0.0055658627087197335	0.0037105751391466536	51736993
2023-06-09	-0.0018484288354897942	0.0073937153419593405	0.009242144177449136	-0.0036968576709797527	-0.0018484288354897942	67805147
2023-06-12	-0.0018518518518519768	0.0	0.0018518518518518122	-0.018518518518518615	-0.0018518518518519768	92156517
2023-06-13	-0.003710575139146489	-0.003710575139146489	-0.0018552875695732444	-0.011131725417439632	-0.003710575139146489	51938528
2023-06-14	0.02607076350093104	0.013035381750465602	0.04841713221601486	0.011173184357541827	0.02607076350093104	227843795
2023-06-15	0.012704174228675189	-0.003629764065335676	0.016333938294010864	-0.023593466424682377	0.012704174228675189	163493342
2023-06-16	0.014336917562724026	0.0	0.01612903225806449	-0.007168458781362013	0.014336917562724026	144411193
2023-06-19	-0.030035335689045924	-0.001766784452296782	0.001766784452296782	-0.03710247349823321	-0.030035335689045924	138185557
2023-06-20	0.005464480874316823	0.0	0.014571948998178519	-0.009107468123861534	0.005464480874316823	81937501
2023-06-21	-0.032608695652173864	-0.0036231884057970243	0.001811594202898673	-0.034420289855072374	-0.032608695652173864	105839591
2023-06-26	-0.014981273408239714	-0.0037453183520598453	0.005617977528089934	-0.02247191011235957	-0.014981273408239714	61122306
2023-06-27	0.022813688212927778	-0.001901140684410606	0.03041825095057037	-0.015209125475285185	0.022813688212927778	109352162
2023-06-28	-0.0018587360594795144	-0.0037174721189590287	0.007434944237918222	-0.01301115241635693	-0.0018587360594795144	69543429
2023-06-29	-0.011173184357541992	-0.0018621973929236102	0.0037243947858472204	-0.013035381750465602	-0.011173184357541992	77866876
2023-06-30	0.0037664783427496166	-0.0037664783427494492	0.013182674199623406	-0.005649717514124174	0.0037664783427496166	56449978
2023-07-03	0.043151969981238186	0.007504690431519707	0.04502814258911824	0.0037523452157597697	0.043151969981238186	153349673
2023-07-04	-0.005395683453237296	0.0053956834532374555	0.01978417266187056	-0.014388489208632947	-0.005395683453237296	79645997
2023-07-05	0.012658227848101156	-0.005424954792043445	0.023508137432188044	-0.007233273056057872	0.012658227848101156	126017714
2023-07-06	-0.016071428571428546	0.0	0.0017857142857144064	-0.02142857142857129	-0.016071428571428546	84257615
2023-07-07	-0.01996370235934654	-0.016333938294010864	-0.012704174228675027	-0.03266787658802173	-0.01996370235934654	70718937
2023-07-10	0.01296296296296285	0.005555555555555437	0.020370370370370264	0.0037037037037036245	0.01296296296296285	68901285
2023-07-11	0.0109689213893968	0.0	0.012797074954296214	-0.010968921389396638	0.0109689213893968	75914485
2023-07-12	-0.0018083182640145886	0.0	0.0090415913200723	-0.005424954792043445	-0.0018083182640145886	87511855
2023-07-13	0.05072463768115947	0.01992753623188412	0.05978260869565219	0.01630434782608709	0.05072463768115947	232719092
2023-07-14	0.006896551724137937	0.013793103448275874	0.029310344827586196	0.001724137931034446	0.006896551724137937	138070994
2023-07-17	-0.013698630136986314	-0.025684931506849223	0.006849315068493157	-0.03595890410958904	-0.013698630136986314	116316786
2023-07-18	-0.0017361111111110742	-0.0034722222222221483	0.008680555555555525	-0.008680555555555525	-0.0017361111111110742	70198497
2023-07-19	0.017391304347826025	0.01913043478260875	0.027826086956521764	0.006956521739130441	0.017391304347826025	133444098
2023-07-20	0.0	0.0	0.015384615384615514	-0.006837606837606844	0.0	120384139
2023-07-21	-0.006837606837606844	0.0	0.006837606837606844	-0.017094017094017033	-0.006837606837606844	74056385
2023-07-24	-0.01032702237521508	0.003442340791738462	0.005163511187607616	-0.013769363166953388	-0.01032702237521508	57231416
2023-07-25	0.04000000000000008	0.022608695652173893	0.0695652173913044	0.022608695652173893	0.04000000000000008	147093905
2023-07-26	0.008361204013377897	0.005016722408026648	0.016722408026755793	-0.005016722408026797	0.008361204013377897	85982783
2023-07-27	-0.018242122719734712	0.0	0.0016583747927031154	-0.019900497512437828	-0.018242122719734712	76854829
2023-07-28	0.018581081081081134	-0.008445945945945915	0.02027027027027029	-0.013513513513513526	0.018581081081081134	100883637
2023-07-31	0.02321724709784406	0.014925373134328334	0.04145936981757877	0.008291873963515725	0.02321724709784406	157418281
2023-08-01	0.012965964343598067	0.0194489465153971	0.05024311183144255	0.006482982171799033	0.012965964343598067	174587104
2023-08-02	-0.014399999999999977	-0.0064000000000000055	-0.0031999999999999316	-0.019200000000000016	-0.014399999999999977	79832416
2023-08-03	-0.009740259740259822	-0.009740259740259822	-0.0032467532467533216	-0.021103896103896087	-0.009740259740259822	107166151
2023-08-04	0.0	0.014754098360655861	0.034426229508196717	-0.004918032786885141	0.0	128975374
2023-08-07	0.0016393442622951928	-0.001639344262295047	0.004918032786885287	-0.011475409836065476	0.0016393442622951928	50832633
2023-08-08	0.004909983633387784	0.0	0.013093289689034381	-0.014729950900163788	0.004909983633387784	81744656
2023-08-09	-0.001628664495113972	-0.008143322475570003	0.0016286644951141165	-0.009771986970683976	-0.001628664495113972	43658383
2023-08-10	-0.00652528548123981	-0.0016313213703099162	0.0048939641109298935	-0.01305057096247962	-0.00652528548123981	52436217
2023-08-11	-0.022988505747126384	0.0	0.006568144499178988	-0.027914614121510663	-0.022988505747126384	91154932
2023-08-14	-0.013445378151260515	-0.011764705882352988	-0.006722689075630258	-0.030252100840336235	-0.013445378151260515	82969812
2023-08-15	-0.005110732538330536	0.001703577512776795	0.008517887563884127	-0.02214650766609879	-0.005110732538330536	62176455
2023-08-16	-0.008561643835616408	-0.013698630136986314	0.0034246575342466545	-0.013698630136986314	-0.008561643835616408	41325250
2023-08-17	0.0017271157167529857	-0.010362694300518067	0.0017271157167529857	-0.020725388601036288	0.0017271157167529857	64707258
2023-08-18	-0.022413793103448258	0.006896551724137937	0.006896551724137937	-0.022413793103448258	-0.022413793103448258	53426459
2023-08-21	-0.005291005291005335	-0.0017636684303350594	0.012345679012345729	-0.0070546737213403946	-0.005291005291005335	54594627
2023-08-22	0.031914893617021385	0.008865248226950482	0.04255319148936174	0.0070921985815602905	0.031914893617021385	113643123
2023-08-23	-0.02233676975945015	0.0017182130584192073	0.0017182130584192073	-0.02233676975945015	-0.02233676975945015	86142882
2023-08-24	0.028119507908611466	0.015817223198593997	0.04569420035149381	0.014059753954305655	0.028119507908611466	110831201
2023-08-25	-0.008547008547008517	-0.008547008547008517	0.003418803418803498	-0.017094017094017033	-0.008547008547008517	86689695
2023-08-28	-0.012068965517241275	0.04310344827586207	0.05000000000000001	-0.01724137931034477	-0.012068965517241275	142741803
2023-08-29	0.006980802792320968	0.005235602094240726	0.01919720767888297	-0.017452006980802882	0.006980802792320968	112462975
2023-08-30	0.0017331022530330462	0.0034662045060659384	0.01559792027729649	-0.0017331022530328922	0.0017331022530330462	81948436
2023-08-31	-0.008650519031141838	0.0017301038062283367	0.013840830449827002	-0.010380622837370328	-0.008650519031141838	59730053
2023-09-01	0.036649214659685854	0.001745200698080242	0.054101221640488584	0.001745200698080242	0.036649214659685854	132265513
2023-09-04	0.03872053872053864	0.02693602693602681	0.04882154882154882	0.02020202020202007	0.03872053872053864	189321542
2023-09-05	0.0016207455429497223	-0.0032414910858994447	0.004862236628849311	-0.012965964343598067	0.0016207455429497223	77982802
2023-09-06	0.011326860841423994	0.01941747572815536	0.02750809061488672	-0.008090614886731363	0.011326860841423994	127751696
2023-09-07	-0.014399999999999977	0.0015999999999999658	0.0048000000000000395	-0.01760000000000005	-0.014399999999999977	76994695
2023-09-08	-0.012987012987012998	-0.0032467532467533216	-0.0016233766233765888	-0.014610389610389588	-0.012987012987012998	38085829
2023-09-11	0.018092105263157948	0.0032894736842104563	0.02796052631578946	0.0016447368421052282	0.018092105263157948	90831844
2023-09-12	-0.0032310177705978126	0.004846526655896504	0.016155088852988633	-0.004846526655896647	-0.0032310177705978126	69256748
2023-09-13	-0.0032414910858994447	0.0	0.004862236628849311	-0.012965964343598067	-0.0032414910858994447	58885203
2023-09-14	0.017886178861788525	0.004878048780487701	0.021138211382113803	0.0	0.017886178861788525	107123390
2023-09-15	0.0143769968051118	0.019169329073482445	0.028753993610223738	0.004792332268370647	0.0143769968051118	153355937
2023-09-18	-0.015748031496062936	0.0	0.0047244094488189375	-0.025196850393700673	-0.015748031496062936	86258060
2023-09-19	0.007999999999999972	-0.0031999999999999316	0.009599999999999937	-0.009599999999999937	0.007999999999999972	71675879
2023-09-20	-0.011111111111111016	-0.004761904761904801	0.0	-0.014285714285714263	-0.011111111111111016	45180508
2023-09-21	-0.014446227929374115	-0.006420545746388448	0.0	-0.019261637239165345	-0.014446227929374115	71167572
2023-09-22	-0.008143322475570003	-0.009771986970683976	0.0016286644951141165	-0.016286644951140006	-0.008143322475570003	96707918
2023-09-25	-0.0016420361247947105	0.0016420361247947105	0.006568144499178988	-0.004926108374384277	-0.0016420361247947105	50229807
2023-09-26	0.0	0.0016447368421052282	0.013157894736842117	-0.00493421052631583	0.0	44899104
2023-09-27	-0.011513157894736888	-0.0016447368421052282	0.0016447368421052282	-0.018092105263157948	-0.011513157894736888	84681995
2023-09-28	-0.01663893510815302	0.0	0.0066555740432612375	-0.02662229617304495	-0.01663893510815302	98714031
2023-10-09	0.011844331641286003	-0.0050761421319797375	0.013536379018612533	-0.021996615905245327	0.011844331641286003	78141057
2023-10-10	-0.015050167224080391	0.0	0.003344481605351099	-0.018394648829431492	-0.015050167224080391	58019500
2023-10-11	-0.008488964346349716	0.00509337860780989	0.006791171477079802	-0.013582342954159604	-0.008488964346349716	76237662
2023-10-12	0.011986301369863063	0.005136986301369906	0.02226027397260272	0.005136986301369906	0.011986301369863063	74411233
2023-10-13	-0.021996615905245327	-0.006768189509306266	-0.006768189509306266	-0.023688663282572006	-0.021996615905245327	57296189
2023-10-16	0.0	0.0017301038062283367	0.008650519031141838	-0.0034602076124568273	0.0	55092828
2023-10-17	-0.006920415224913501	0.0	0.005190311418685011	-0.008650519031141838	-0.006920415224913501	56937242
2023-10-18	-0.020905923344947754	0.0017421602787456073	0.0017421602787456073	-0.02264808362369336	-0.020905923344947754	74862754
2023-10-19	-0.017793594306049917	-0.007117437722419935	-0.0035587188612100466	-0.01957295373665486	-0.017793594306049917	65744367
2023-10-20	-0.025362318840579653	-0.0036231884057970243	0.005434782608695698	-0.030797101449275353	-0.025362318840579653	111611115
2023-10-23	-0.042750929368029655	-0.0037174721189590287	-0.0037174721189590287	-0.050185873605947874	-0.042750929368029655	107268826
2023-10-24	0.031067961165048397	0.009708737864077634	0.03495145631067956	0.009708737864077634	0.031067961165048397	107384991
2023-10-25	0.005649717514124341	0.030131826741996263	0.0357815442561206	0.005649717514124341	0.005649717514124341	100426245
2023-10-26	0.0018726591760299227	-0.007490636704119857	0.005617977528089934	-0.01872659176029956	0.0018726591760299227	81040774
2023-10-27	0.014953271028037398	-0.001869158878504633	0.020560747663551465	-0.016822429906542032	0.014953271028037398	94630249
2023-10-30	0.03499079189686932	0.007366482504604059	0.042357274401473376	0.0018416206261511372	0.03499079189686932	155464018
2023-10-31	-0.01423487544483987	-0.0035587188612100466	-0.0035587188612100466	-0.026690391459074796	-0.01423487544483987	83881755
2023-11-01	-0.019855595667870093	-0.0018050541516245102	0.0	-0.019855595667870093	-0.019855595667870093	78744625
2023-11-02	-0.011049723756906006	0.005524861878453084	0.018416206261510228	-0.011049723756906006	-0.011049723756906006	69415552
2023-11-03	0.0074487895716946065	0.005586592178770996	0.01862197392923643	0.0037243947858472204	0.0074487895716946065	69350737
2023-11-06	-0.018484288354898435	0.0036968576709795883	0.012939001848428888	-0.025878003696857776	-0.018484288354898435	179804289
2023-11-07	-0.007532956685499066	0.0	0.0	-0.015065913370997963	-0.007532956685499066	95329732
2023-11-08	-0.01707779886148005	-0.0037950664136621585	-0.0018975332068310792	-0.02277039848197329	-0.01707779886148005	118961905
2023-11-09	0.0038610038610039504	-0.007722007722007729	0.007722007722007729	-0.011583011583011508	0.0038610038610039504	103142624
2023-11-10	-0.009615384615384581	-0.003846153846153935	-0.003846153846153935	-0.015384615384615398	-0.009615384615384581	68403388
2023-11-13	0.015533980582524285	0.003883495145630985	0.01747572815533978	0.0	0.015533980582524285	81269718
2023-11-14	-0.0019120458891014674	0.0	0.003824091778202595	-0.011472275334608125	-0.0019120458891014674	69463628
2023-11-15	0.028735632183908115	0.009578544061302648	0.030651340996168612	0.007662835249042153	0.028735632183908115	159687254
2023-11-16	-0.020484171322160207	-0.0018621973929236102	-0.0018621973929236102	-0.02420856610800743	-0.020484171322160207	78478807
2023-11-17	-0.001901140684410606	0.0	0.0	-0.011406844106463804	-0.001901140684410606	49686496
2023-11-20	0.00952380952380949	-0.0019047619047618642	0.00952380952380949	-0.011428571428571354	0.00952380952380949	71981027
2023-11-21	0.011320754716981227	0.007547169811320762	0.033962264150943514	0.005660377358490613	0.011320754716981227	141509760
2023-11-22	-0.01119402985074636	0.0	0.007462686567164185	-0.01119402985074636	-0.01119402985074636	67089300
2023-11-23	0.0037735849056604646	-0.0018867924528301486	0.005660377358490613	-0.00943396226415091	0.0037735849056604646	49929607
2023-11-24	-0.0075187969924812095	-0.0018796992481204275	0.0018796992481202605	-0.013157894736842158	-0.0075187969924812095	46957479
2023-11-27	-0.005681818181818229	-0.003787878787878875	0.0	-0.015151515151515164	-0.005681818181818229	58393876
2023-11-28	0.0	0.0019047619047618642	0.0019047619047618642	-0.011428571428571354	0.0	58444624
2023-11-29	0.0	0.0038095238095237284	0.011428571428571354	-0.0038095238095237284	0.0	59282608
2023-11-30	-0.007619047619047626	-0.0019047619047618642	-0.0019047619047618642	-0.013333333333333388	-0.007619047619047626	51613723
2023-12-01	0.013435700575815794	0.0	0.015355086372360858	-0.0019193857965450647	0.013435700575815794	79015644
2023-12-04	-0.020833333333333395	0.01136363636363629	0.03219696969696968	-0.022727272727272745	-0.020833333333333395	248721430
2023-12-05	-0.04448742746615078	-0.027079303675048294	-0.009671179883945807	-0.05222437137330746	-0.04448742746615078	200452925
2023-12-06	0.0161943319838055	-0.00404858299595151	0.026315789473684188	-0.006072874493927175	0.0161943319838055	107714253
2023-12-07	-0.013944223107569601	0.0	0.001992031872510095	-0.019920318725099532	-0.013944223107569601	85553533
2023-12-08	-0.010101010101010065	0.0040404040404039545	0.008080808080808088	-0.012121212121212222	-0.010101010101010065	80208860
2023-12-11	-0.008163265306122455	-0.0040816326530613185	0.0	-0.024489795918367366	-0.008163265306122455	144481491
2023-12-12	-0.0041152263374486546	-0.0041152263374486546	0.0	-0.020576131687242906	-0.0041152263374486546	118973896
2023-12-13	-0.024793388429752088	-0.006198347107438068	-0.0020661157024792947	-0.026859504132231385	-0.024793388429752088	109200713
2023-12-14	-0.002118644067796565	0.010593220338983014	0.0169491525423729	-0.002118644067796565	-0.002118644067796565	89086328
2023-12-15	0.01273885350318463	0.01061571125265389	0.02972399150743093	0.008492569002123149	0.01273885350318463	129866965
2023-12-18	-0.023060796645702188	-0.006289308176100496	-0.002096436058700165	-0.027253668763102704	-0.023060796645702188	85424644
2023-12-19	0.00429184549356214	0.0	0.00858369098712447	-0.010729613733905541	0.00429184549356214	65434927
2023-12-20	0.006410256410256464	0.004273504273504373	0.021367521367521482	0.002136752136752281	0.006410256410256464	113137997
2023-12-21	0.02760084925690019	-0.00636942675159241	0.02972399150743093	-0.01273885350318463	0.02760084925690019	119971819
2023-12-22	0.012396694214876136	0.0	0.026859504132231385	-0.008264462809917363	0.012396694214876136	121004616
2023-12-25	0.0061224489795917054	0.0	0.010204081632653024	-0.006122448979591887	0.0061224489795917054	76115676
2023-12-26	-0.002028397565922878	0.0	0.002028397565923058	-0.00811359026369169	-0.002028397565922878	56692336
2023-12-27	0.032520325203252064	-0.002032520325203209	0.040650406504065074	-0.002032520325203209	0.032520325203252064	151966596
2023-12-28	0.015748031496063006	0.0059055118110236705	0.03346456692913384	0.003937007874015664	0.015748031496063006	163415379
2023-12-29	0.007751937984496131	-0.005813953488372141	0.01162790697674411	-0.005813953488372141	0.007751937984496131	98730274
2024-01-02	0.01730769230769228	0.001923076923076882	0.028846153846153744	0.0	0.01730769230769228	129976159
2024-01-03	-0.00756143667296787	-0.0018903591682419257	-0.0018903591682419257	-0.01512287334593574	-0.00756143667296787	96315778
2024-01-04	-0.00952380952380949	-0.0038095238095237284	0.005714285714285762	-0.017142857142857116	-0.00952380952380949	97638556
2024-01-05	0.013461538461538344	0.019230769230769162	0.04615384615384619	0.005769230769230817	0.013461538461538344	190577616
2024-01-08	0.009487666034155733	0.009487666034155733	0.02846299810246686	-0.0037950664136621585	0.009487666034155733	172496680
2024-01-09	0.005639097744360781	-0.003759398496240688	0.011278195488721731	-0.016917293233082678	0.005639097744360781	140940259
2024-01-10	-0.011214953271027965	-0.0056074766355138994	0.009345794392523497	-0.013084112149532598	-0.011214953271027965	99681334
2024-01-11	0.0	0.0018903591682419257	0.005671077504725945	-0.005671077504725945	0.0	90585419
2024-01-12	0.005671077504725945	-0.0037807183364840192	0.011342155009451722	-0.009451795841209797	0.005671077504725945	88511963
2024-01-15	0.003759398496240521	-0.003759398496240688	0.0075187969924812095	-0.015037593984962419	0.003759398496240521	94055364
2024-01-16	0.0018726591760299227	-0.0018726591760299227	0.018726591760299727	-0.0037453183520598453	0.0018726591760299227	113060535
2024-01-17	-0.02242990654205593	0.0037383177570094323	0.007476635514018699	-0.02242990654205593	-0.02242990654205593	83154914
2024-01-18	0.0019120458891012976	-0.0076481835564053595	0.011472275334607955	-0.03250478011472291	0.0019120458891012976	145749076
2024-01-19	-0.009541984732824393	-0.005725190839694703	-0.003816793893129859	-0.0209923664122138	-0.009541984732824393	91823363
2024-01-22	-0.03275529865125256	-0.0019267822736032127	0.0	-0.042389210019267945	-0.03275529865125256	112419417
2024-01-23	0.013944223107569778	-0.003984063745019836	0.02191235059760963	-0.02390438247011937	0.013944223107569778	89433637
2024-01-24	0.025540275049115893	0.003929273084479462	0.031434184675834996	-0.003929273084479288	0.025540275049115893	106844905
2024-01-25	0.03831417624521077	0.005747126436781657	0.04022988505747126	-0.0038314176245209915	0.03831417624521077	129202914
2024-01-26	0.014760147601476028	0.0	0.029520295202952056	-0.007380073800738014	0.014760147601476028	171605324
2024-01-29	-0.0036363636363635587	-0.0018181818181817794	0.007272727272727279	-0.010909090909090839	-0.0036363636363635587	91574800
2024-01-30	-0.009124087591241005	-0.0072992700729927066	0.009124087591240842	-0.012773722627737277	-0.009124087591241005	86226011
2024-01-31	-0.011049723756906006	-0.005524861878452921	0.009208103130755195	-0.01657458563535909	-0.011049723756906006	93179095
2024-02-01	0.01862197392923643	-0.005586592178770996	0.02793296089385465	-0.009310986964618215	0.01862197392923643	105424023
2024-02-02	-0.007312614259597813	0.0	0.018281535648994613	-0.042047531992687306	-0.007312614259597813	127690419
2024-02-05	0.007366482504604059	-0.009208103130755032	0.018416206261510228	-0.022099447513812175	0.007366482504604059	149376030
2024-02-06	0.02193784277879344	-0.007312614259597813	0.027422303473491838	-0.007312614259597813	0.02193784277879344	114029664
2024-02-07	-0.003577817531305827	0.0017889087656529135	0.0107334525939178	-0.014311270125223626	-0.003577817531305827	143694068
2024-02-08	0.019748653500897564	0.003590664272890408	0.019748653500897564	-0.0053859964093357715	0.019748653500897564	142160659
2024-02-19	0.05105633802816902	0.001760563380281809	0.05457746478873248	-0.0052816901408449584	0.05105633802816902	177275440
2024-02-20	0.01005025125628149	-0.005025125628140597	0.023450586264656712	-0.018425460636515817	0.01005025125628149	127024403
2024-02-21	-0.004975124378109493	-0.006633499170812609	0.014925373134328334	-0.008291873963515725	-0.004975124378109493	97717222
2024-02-22	0.02333333333333328	-0.0033333333333332624	0.02500000000000006	-0.008333333333333304	0.02333333333333328	109253640
2024-02-23	0.03420195439739413	0.0	0.039087947882736195	-0.008143322475570003	0.03420195439739413	150005205
2024-02-26	-0.03464566929133855	-0.004724409448818797	0.009448818897637875	-0.03622047244094481	-0.03464566929133855	119735121
2024-02-27	-0.0016313213703099162	-0.0048939641109298935	0.009787928221859787	-0.01305057096247962	-0.0016313213703099162	128353371
2024-02-28	-0.017973856209150377	0.0	0.0016339869281045403	-0.017973856209150377	-0.017973856209150377	127251864
2024-02-29	0.023294509151414403	-0.0049916805324458175	0.02495840266222968	-0.0066555740432612375	0.023294509151414403	106471283
2024-03-01	0.013008130081300823	-0.0016260162601627113	0.01951219512195109	-0.006504065040650412	0.013008130081300823	96091355
2024-03-04	0.008025682182985525	0.009630818619582602	0.02086677367576242	0.0016051364365970765	0.008025682182985525	107240355
2024-03-05	0.009554140127388472	0.0	0.014331210191082779	-0.003184713375796252	0.009554140127388472	108749025
2024-03-06	0.0031545741324921863	-0.0015772870662460231	0.017350157728706676	-0.00946372239747628	0.0031545741324921863	97088848
2024-03-07	0.04088050314465405	0.0015723270440251237	0.07389937106918235	0.0015723270440251237	0.04088050314465405	199225955
2024-03-08	0.01963746223564953	0.01963746223564953	0.0287009063444108	-0.004531722054380702	0.01963746223564953	132833560
2024-03-11	0.0029629629629629	-0.004444444444444481	0.013333333333333312	-0.014814814814814762	0.0029629629629629	128603695
2024-03-12	-0.05465288035450506	-0.0029542097488921087	-0.0029542097488921087	-0.062038404726735594	-0.05465288035450506	188338251
2024-03-13	0.06249999999999992	0.03124999999999989	0.08593749999999997	0.024999999999999883	0.06249999999999992	336433284
2024-03-14	0.057352941176470676	0.04999999999999998	0.08088235294117645	0.039705882352941244	0.057352941176470676	298252886
2024-03-15	0.07649513212795546	0.0	0.07788595271210008	-0.011126564673157173	0.07649513212795546	298426516
2024-03-18	0.010335917312661508	0.003875968992247979	0.029715762273901748	-0.02454780361757111	0.010335917312661508	313895296
2024-03-19	-0.016624040920716097	-0.008951406649616404	0.011508951406649598	-0.021739130434782598	-0.016624040920716097	214742376
2024-03-20	-0.013003901170351174	-0.013003901170351174	0.009102730819245695	-0.031209362808842678	-0.013003901170351174	218261408
2024-03-21	0.019762845849802417	0.022397891963109345	0.03162055335968382	0.006587615283267434	0.019762845849802417	187498143
2024-03-22	-0.033591731266149845	-0.015503875968992262	-0.011627906976744167	-0.04392764857881135	-0.033591731266149845	182397003
2024-03-25	0.045454545454545435	0.017379679144385013	0.06684491978609625	0.013368983957219202	0.045454545454545435	256779434
2024-03-26	-0.005115089514066501	0.0025575447570331936	0.020460358056266004	-0.019181585677749406	-0.005115089514066501	181115823
2024-03-27	0.01413881748071972	-0.005141388174807203	0.034704370179948645	-0.011568123393316176	0.01413881748071972	218095682
2024-03-28	0.0354879594423321	-0.005069708491761729	0.04942965779467677	-0.010139416983523457	0.0354879594423321	205676591
2024-03-29	0.018359853121175076	0.007343941248470073	0.03427172582619331	-0.006119951040391764	0.018359853121175076	232538163
2024-04-01	-0.008413461538461573	0.02163461538461535	0.03485576923076913	-0.024038461538461665	-0.008413461538461573	250429585
2024-04-02	0.010909090909090893	-0.0036363636363635587	0.024242424242424156	-0.0060606060606061465	0.010909090909090893	175102517
2024-04-03	0.04796163069544369	0.008393285371702672	0.05515587529976029	0.008393285371702672	0.04796163069544369	300723882
2024-04-08	-0.011441647597253964	0.001144164759725376	0.046910755148741434	-0.03203661327231114	-0.011441647597253964	400144740
2024-04-09	-0.018518518518518535	0.0023148148148147652	0.013888888888888798	-0.0277777777777778	-0.018518518518518535	243920176
2024-04-10	0.03066037735849054	0.007075471698113057	0.04363207547169802	0.0	0.03066037735849054	241845979
2024-04-11	-0.004576659038901708	-0.027459954233409634	0.037757437070938225	-0.03318077803203672	-0.004576659038901708	260258868
2024-04-12	0.02988505747126455	0.0	0.043678160919540326	-0.006896551724137784	0.02988505747126455	241040953
2024-04-15	0.02232142857142849	-0.018973214285714475	0.023437499999999896	-0.03571428571428574	0.02232142857142849	224342390
2024-04-16	-0.03384279475982538	-0.00873362445414848	0.0218340611353711	-0.042576419213973864	-0.03384279475982538	241153756
2024-04-17	0.02146892655367226	-0.005649717514124173	0.022598870056497296	-0.025988700564971802	0.02146892655367226	219150448
2024-04-18	0.0475663716814161	-0.007743362831858243	0.0475663716814161	-0.016592920353982146	0.0475663716814161	253814377
2024-04-19	0.0010559662090812868	0.0	0.03695881731784579	-0.017951425554382252	0.0010559662090812868	226958643
2024-04-22	-0.030590717299578154	0.015822784810126618	0.041139240506328986	-0.034810126582278486	-0.030590717299578154	236543347
2024-04-23	-0.06420021762785635	-0.02067464635473335	-0.014145810663764854	-0.06855277475516856	-0.06420021762785635	373832547
2024-04-24	0.029069767441860465	-0.0046511627906975755	0.03255813953488385	-0.0046511627906975755	0.029069767441860465	211443228
2024-04-25	0.0022598870056496695	-0.009039548022598879	0.003389830508474705	-0.02146892655367226	0.0022598870056496695	152207825
2024-04-26	0.046223224351747486	0.011273957158962957	0.056369785794813984	0.0	0.046223224351747486	287525937
2024-04-29	-0.029094827586206854	-0.015086206896551595	-0.006465517241379173	-0.049568965517241284	-0.029094827586206854	271958703
2024-04-30	-0.0033296337402884974	0.00998890122086569	0.02441731409544957	-0.02219755826859038	-0.0033296337402884974	276173717
2024-05-06	-0.016703786191536788	-0.022271714922049116	-0.014476614699331935	-0.05345211581291764	-0.016703786191536788	313827520
2024-05-07	0.0	0.004530011325028216	0.03624009060022653	-0.004530011325028417	0.0	239033159
2024-05-08	0.0	-0.00792751981879958	0.018120045300113265	-0.026047565118912847	0.0	190674443
2024-05-09	0.023782559456398535	-0.004530011325028417	0.033975084937712424	-0.009060022650056633	0.023782559456398535	194546618
2024-05-10	0.017699115044247805	0.014380530973451416	0.023230088495575316	-0.015486725663716682	0.017699115044247805	203676324
2024-05-13	0.006521739130434837	-0.015217391304347697	0.01521739130434789	-0.02391304347826075	0.006521739130434837	172833865
2024-05-14	0.02159827213822906	0.009719222462203008	0.03455723542116634	0.00755939524838016	0.02159827213822906	233204800
2024-05-15	-0.034883720930232565	-0.007399577167019057	-0.0010570824524314547	-0.040169133192389087	-0.034883720930232565	215375300
2024-05-16	-0.050383351588170956	0.012048192771084274	0.02190580503833508	-0.06133625410733849	-0.050383351588170956	488232121
2024-05-17	0.0023068050749711156	0.014994232987312662	0.01614763552479822	-0.03229527104959624	0.0023068050749711156	372773037
2024-05-20	0.028768699654775607	0.029919447640966605	0.05293440736478721	-0.012658227848101201	0.028768699654775607	458580359
2024-05-21	-0.05816554809843396	-0.002237136465324337	0.0044742729306488736	-0.06599552572706933	-0.05816554809843396	375591139
2024-05-22	-0.02494061757719704	-0.0011876484560569818	0.009501187648456066	-0.03206650831353914	-0.02494061757719704	283605929
2024-05-23	-0.0048721071863582115	-0.025578562728380126	0.009744214372715991	-0.040194884287454435	-0.0048721071863582115	264844164
2024-05-24	0.0012239902080783092	-0.0024479804161566185	0.01468788249693993	-0.007343941248470073	0.0012239902080783092	153473322
2024-05-27	0.04400977995110018	-0.003667481662591609	0.04889975550122254	-0.003667481662591609	0.04400977995110018	233939360
2024-05-28	0.0	0.0011709601873538132	0.024590163934426333	-0.00234192037470721	0.0	182115049
2024-05-29	0.025761124121779937	-0.00468384074941442	0.039812646370023616	-0.007025761124121631	0.025761124121779937	175097938
2024-05-30	-0.047945205479452045	-0.0068493150684932076	-0.0022831050228310015	-0.053652968036529754	-0.047945205479452045	188322296
2024-05-31	0.0	-0.0023980815347721313	0.013189448441246934	-0.015587529976019065	0.0	147544165
2024-06-03	-0.02038369304556354	-0.0011990407673860657	0.010791366906474803	-0.031175059952038345	-0.02038369304556354	175293292
2024-06-04	0.028151774785801765	0.009791921664626693	0.04895960832313346	-0.0024479804161566185	0.028151774785801765	179985821
2024-06-05	-0.04404761904761916	-0.023809523809523937	-0.02023809523809523	-0.04642857142857149	-0.04404761904761916	221866498
2024-06-06	0.029887920298879232	0.014943960149439727	0.04856787048567878	0.011207970112079683	0.029887920298879232	207279577
2024-06-07	0.016928657799274556	0.010882708585247867	0.025392986698911834	-0.003627569528415884	0.016928657799274556	174403333
2024-06-11	-0.03329369797859683	-0.026159334126040504	-0.01664684898929852	-0.041617122473246095	-0.03329369797859683	169286239
2024-06-12	0.014760147601475917	0.0	0.024600246002459934	-0.0036900369003691432	0.014760147601475917	111603800
2024-06-13	-0.018181818181818226	-0.0060606060606061465	0.0072727272727273334	-0.029090909090909115	-0.018181818181818226	135102947
2024-06-14	0.02222222222222219	-0.008641975308642011	0.025925925925926033	-0.01728395061728391	0.02222222222222219	136116373
2024-06-17	-0.010869565217391288	-0.00966183574879228	0.010869565217391288	-0.02657004830917861	-0.010869565217391288	118526793
2024-06-18	-0.006105006105005975	0.004884004884004997	0.009768009768009777	-0.017094017094016947	-0.006105006105005975	108964606
2024-06-19	0.031941031941031914	0.006142506142506011	0.04791154791154776	0.0036855036855036067	0.031941031941031914	175024590
2024-06-20	0.005952380952380825	0.011904761904761862	0.02738095238095243	-0.00238095238095233	0.005952380952380825	151781445
2024-06-21	-0.014201183431952572	0.011834319526627389	0.01775147928994087	-0.017751479289940662	-0.014201183431952572	118205623
2024-06-24	-0.009603841536614654	-0.020408163265306114	0.00240096038415361	-0.02761104441776716	-0.009603841536614654	98791922
2024-06-25	0.009696969696969706	0.004848484848484745	0.024242424242424156	-0.0036363636363635587	0.009696969696969706	106708249
2024-06-26	-0.0036014405762304154	-0.00840336134453785	0.001200480192076805	-0.02881152460984396	-0.0036014405762304154	120544980
2024-06-27	-0.013253012048192915	-0.0048192771084338455	0.0	-0.03373493975903628	-0.013253012048192915	118937114
2024-06-28	0.03785103785103791	-0.003663003663003585	0.0463980463980465	-0.00488400488400478	0.03785103785103791	167482479
2024-07-01	0.01882352941176472	-0.002352941176470538	0.021176470588235262	-0.00941176470588236	0.01882352941176472	126167622
2024-07-02	-0.01385681293302552	0.0	0.008083140877598186	-0.026558891454965407	-0.01385681293302552	108995200
2024-07-03	0.010538641686182862	0.0023419203747074182	0.010538641686182862	-0.008196721311475237	0.010538641686182862	89587122
2024-07-04	0.02201622247972184	0.0254924681344147	0.03823870220162225	0.016222479721900208	0.02201622247972184	186143250
2024-07-05	0.030612244897959134	0.004535147392290152	0.03514739229024949	-0.002267573696145076	0.030612244897959134	172436029
2024-07-08	-0.018701870187018695	-0.012101210121012038	-0.0044004400440043065	-0.024202420242024274	-0.018701870187018695	138453282
2024-07-09	0.019058295964125553	0.0	0.021300448430493217	-0.010089686098654693	0.019058295964125553	132743707
2024-07-10	-0.03410341034103416	-0.005500550055005579	0.0	-0.038503850385038466	-0.03410341034103416	144345009
2024-07-11	0.03075170842824617	0.004555808656036552	0.036446469248291605	-0.00455580865603635	0.03075170842824617	132168960
2024-07-12	-0.03204419889502772	-0.0055248618784531165	0.0022099447513811684	-0.04640883977900551	-0.03204419889502772	200344876
2024-07-15	0.042237442922374545	0.014840182648401916	0.055936073059360755	0.005707762557077707	0.042237442922374545	214839718
2024-07-16	0.004381161007666938	-0.00876232201533407	0.00876232201533407	-0.015334063526834672	0.004381161007666938	120144239
2024-07-17	-0.06652126499454737	-0.009814612868047967	-0.0010905125408941971	-0.07742639040348955	-0.06652126499454737	243452577
2024-07-18	0.007009345794392373	-0.010514018691588767	0.012850467289719558	-0.01985981308411214	0.007009345794392373	136136898
2024-07-19	-0.024361948955916368	-0.03944315545243618	-0.017401392111368746	-0.07076566125290017	-0.024361948955916368	194462095
2024-07-22	-0.03329369797859683	-0.013079667063020146	-0.00713436385255654	-0.04280618311533881	-0.03329369797859683	167048903
2024-07-23	-0.0701107011070112	0.0024600246002459496	0.009840098400984017	-0.07134071340713419	-0.0701107011070112	275322841
2024-07-24	-0.01719576719576718	-0.0013227513227512947	0.001322751322751412	-0.029100529100529068	-0.01719576719576718	185215722
2024-07-25	-0.05518169582772546	-0.025572005383580013	-0.014804845222072602	-0.05921938088829065	-0.05518169582772546	247974439
2024-07-26	0.03561253561253561	0.008547008547008619	0.05270655270655272	0.008547008547008619	0.03561253561253561	188923105
2024-07-29	0.012379642365887311	0.009628610729023424	0.026134800550206384	-0.0027510316368637654	0.012379642365887311	123424977
2024-07-30	-0.027173913043478284	-0.006793478260869661	-0.006793478260869661	-0.03940217391304348	-0.027173913043478284	127468128
2024-07-31	0.04329608938547481	0.011173184357541908	0.04888268156424576	0.0	0.04329608938547481	175730264
2024-08-01	0.006693440428380164	0.02275769745649263	0.03078982597054892	0.002677376171352137	0.006693440428380164	125994398
2024-08-02	-0.03989361702127658	-0.030585106382978663	-0.02659574468085097	-0.05053191489361701	-0.03989361702127658	166783477
2024-08-05	-0.026315789473684143	-0.015235457063711834	0.002770083102493139	-0.02908587257617728	-0.026315789473684143	156512081
2024-08-06	-0.007112375533428139	0.0	0.012802275960170676	-0.018492176386913212	-0.007112375533428139	132024404
2024-08-07	0.015759312320916822	0.0	0.027220630372492765	-0.011461318051575941	0.015759312320916822	102401685
2024-08-08	-0.019746121297602212	-0.009873060648801169	-0.008462623413258055	-0.03385049365303247	-0.019746121297602212	113566856
2024-08-09	0.01582733812949632	0.010071942446043078	0.03021582733812949	0.010071942446043078	0.01582733812949632	119481786
2024-08-12	0.00849858356940517	0.0	0.016997167138810214	-0.0014164305949008198	0.00849858356940517	78326795
2024-08-13	0.008426966292134776	0.008426966292134776	0.014044943820224668	-0.007022471910112334	0.008426966292134776	85546330
2024-08-14	-0.011142061281337058	-0.0013927576601671012	0.006963788300835754	-0.016713091922005586	-0.011142061281337058	82310815
2024-08-15	0.01830985915492969	-0.0028169014084506445	0.02394366197183098	-0.011267605633802828	0.01830985915492969	113364910
2024-08-16	0.027662517289073207	0.009681881051175572	0.04011065006915617	0.009681881051175572	0.027662517289073207	173024370
2024-08-19	0.010767160161507413	0.006729475100942222	0.025572005383580135	0.0013458950201885162	0.010767160161507413	115633710
2024-08-20	-0.013315579227696358	0.006657789613848179	0.007989347536617909	-0.019973368841544537	-0.013315579227696358	77398500
2024-08-21	0.00269905533063422	-0.00134952766531711	0.005398110661268561	-0.010796221322537122	0.00269905533063422	50283767
2024-08-22	0.0013458950201885162	0.006729475100942222	0.00807537012113062	-0.017496635262449517	0.0013458950201885162	78752757
2024-08-23	-0.0026881720430108145	-0.008064516129032324	0.00537634408602151	-0.01075268817204302	-0.0026881720430108145	56958526
2024-08-26	0.0296495956873315	0.013477088948787014	0.0309973045822103	0.0	0.0296495956873315	155839053
2024-08-27	-0.013089005235602049	-0.0013089005235601815	0.005235602094240842	-0.027486910994764396	-0.013089005235602049	97853659
2024-08-28	-0.014588859416445665	0.0	0.01591511936339524	-0.023872679045092802	-0.014588859416445665	97487609
2024-08-29	-0.0013458950201883967	-0.018842530282637913	0.009421265141319015	-0.024226110363391617	-0.0013458950201883967	77284236
2024-08-30	0.009433962264150981	0.0	0.02021563342318064	-0.01617250673854449	0.009433962264150981	132767964
2024-09-02	-0.025367156208277754	-0.012016021361815735	-0.006675567423230951	-0.04005340453938582	-0.025367156208277754	107539615
2024-09-03	0.0	-0.0013698630136986009	0.016438356164383577	-0.006849315068493127	0.0	71698925
2024-09-04	-0.04931506849315061	-0.02876712328767123	-0.02876712328767123	-0.06027397260273966	-0.04931506849315061	176641056
2024-09-05	-0.002881844380403525	0.005763688760806921	0.011527377521613714	-0.012968299711815668	-0.002881844380403525	80686520
2024-09-06	-0.0014450867052022813	0.007225433526011535	0.01445086705202307	-0.0014450867052022813	-0.0014450867052022813	57347200
2024-09-09	-0.028943560057887147	-0.010130246020260534	-0.010130246020260534	-0.04630969609261943	-0.028943560057887147	145140397
2024-09-10	0.0014903129657227701	0.007451564828613983	0.011922503725782425	-0.011922503725782425	0.0014903129657227701	69202728
2024-09-11	-0.023809523809523832	-0.005952380952380958	-0.0029761904761904127	-0.035714285714285615	-0.023809523809523832	137082788
2024-09-12	0.001524390243902542	0.0060975609756097615	0.010670731707317117	-0.00457317073170722	0.001524390243902542	108688458
2024-09-13	-0.0060882800608828055	0.01369863013698628	0.024353120243531222	-0.007610350076103609	-0.0060882800608828055	154815698
2024-09-18	0.032159264931087284	0.013782542113323101	0.03981623277182232	0.007656967840735041	0.032159264931087284	162277363
2024-09-19	0.06231454005934717	0.0044510385756675605	0.06824925816023739	-0.005934718100890213	0.06231454005934717	234868647
2024-09-20	0.03910614525139668	0.005586592178770954	0.044692737430167634	-0.0013966480446927076	0.03910614525139668	208721474
2024-09-23	-0.006720430107526977	-0.006720430107526977	0.014784946236559062	-0.012096774193548487	-0.006720430107526977	121124070
2024-09-24	0.039242219215155624	0.012178619756427707	0.05006765899864684	0.006765899864682099	0.039242219215155624	188664491
2024-09-25	0.013020833333333403	0.026041666666666692	0.07031250000000012	0.010416666666666676	0.013020833333333403	230391360
2024-09-26	0.043701799485861045	0.001285347043701772	0.043701799485861045	-0.011568123393316176	0.043701799485861045	175216420
2024-09-27	0.030788177339901482	0.02955665024630545	0.04433497536945828	0.0135467980295568	0.030788177339901482	131133055
2024-09-30	0.03942652329749105	0.03345280764635617	0.06212664277180423	-0.01792114695340485	0.03942652329749105	499140949
2024-10-08	-0.008045977011494083	0.08965517241379324	0.09770114942528753	-0.051724137931034406	-0.008045977011494083	618523536
2024-10-09	-0.08111239860950185	-0.028968713789107762	-0.028968713789107762	-0.09038238702201634	-0.08111239860950185	335596413
2024-10-10	0.03404791929382088	0.01008827238335436	0.058007566204287625	0.002522068095838646	0.03404791929382088	265719616
2024-10-11	-0.018292682926829097	0.006097560975609843	0.006097560975609843	-0.02682926829268279	-0.018292682926829097	143021609
2024-10-14	0.04347826086956517	0.0049689440993787755	0.04720496894409925	0.0	0.04347826086956517	212338944
2024-10-15	-0.04642857142857149	-0.011904761904761862	-0.011904761904761862	-0.04761904761904766	-0.04642857142857149	215078687
2024-10-16	0.001248439450686615	-0.012484394506866373	0.0062421972534332975	-0.024968789013732857	0.001248439450686615	136259518
2024-10-17	-0.01745635910224435	0.0074812967581048	0.01122194513715709	-0.01995012468827921	-0.01745635910224435	120758195
2024-10-18	0.0152284263959391	0.0038071065989848034	0.026649746192893398	-0.006345177664974597	0.0152284263959391	198828698
2024-10-21	0.040000000000000036	0.013749999999999929	0.05499999999999994	0.006250000000000089	0.040000000000000036	319543555
2024-10-22	0.0012019230769230512	-0.012019230769230727	0.0036057692307691538	-0.03004807692307692	0.0012019230769230512	173591287
2024-10-23	-0.015606242496998893	-0.00840336134453785	-0.0036014405762304154	-0.03241296518607438	-0.015606242496998893	225517659
2024-10-24	-0.02195121951219509	-0.01219512195121947	-0.010975609756097545	-0.032926829268292636	-0.02195121951219509	170160081
2024-10-25	-0.01246882793017452	-0.0012468827930174299	0.0	-0.01745635910224435	-0.01246882793017452	167114715
2024-10-28	0.0	-0.003787878787878819	0.0	-0.02020202020202022	0.0	166683996
2024-10-29	-0.032828282828282804	0.0	0.005050505050505055	-0.03661616161616162	-0.032828282828282804	306016324
2024-10-30	0.010443864229765022	0.0026109660574411974	0.026109660574412556	0.0	0.010443864229765022	170933534
2024-10-31	-0.018087855297157694	0.0012919896640826599	0.0012919896640826599	-0.020671834625323016	-0.018087855297157694	187129506
2024-11-01	0.04342105263157896	0.0	0.07105263157894749	-0.011842105263157876	0.04342105263157896	464577502
2024-11-04	0.008827238335435092	0.012610340479192893	0.021437578814627985	-0.01008827238335436	0.008827238335435092	249825630
2024-11-05	0.022499999999999964	-0.0024999999999999467	0.030000000000000027	-0.008750000000000036	0.022499999999999964	291754473
2024-11-06	0.0024449877750610726	0.0036674816625918262	0.024449877750611377	-0.007334963325183435	0.0024449877750610726	292064446
2024-11-07	-0.008536585365853477	-0.030487804878048676	-0.003658536585365776	-0.04878048780487799	-0.008536585365853477	288931709
2024-11-08	-0.0036900369003691432	0.01845018450184484	0.03444034440344395	-0.004920049200492118	-0.0036900369003691432	264970084
2024-11-11	-0.02222222222222219	-0.011111111111111094	-0.007407407407407469	-0.037037037037037014	-0.02222222222222219	281082994
2024-11-12	-0.03030303030303033	-0.011363636363636347	0.007575757575757638	-0.039141414141414095	-0.03030303030303033	313169657
2024-11-13	-0.0013020833333333057	-0.010416666666666676	0.007812500000000066	-0.013020833333333287	-0.0013020833333333057	176939647
2024-11-14	-0.029986962190351962	-0.007822685788787432	-0.005215123859191661	-0.031290743155149965	-0.029986962190351962	201144855
2024-11-15	0.0026881720430106952	0.0	0.025537634408602083	-0.004032258064516162	0.0026881720430106952	146202325
2024-11-18	-0.008042895442359197	-0.005361930294906171	0.016085790884718513	-0.017426273458445028	-0.008042895442359197	171623609
2024-11-19	0.03243243243243234	0.018918918918918875	0.03378378378378378	0.00540540540540541	0.03243243243243234	184565672
2024-11-20	-0.003926701570680545	0.0013089005235602978	0.0026178010471204793	-0.010471204188481685	-0.003926701570680545	100900379
2024-11-21	0.0	-0.0013140604467806406	0.003942181340341571	-0.006570302233902853	0.0	88198066
2024-11-22	-0.03810775295663601	-0.003942181340341688	0.0	-0.03810775295663601	-0.03810775295663601	132481960
2024-11-25	-0.006830601092896272	0.0040983606557376175	0.016393442622950834	-0.013661202185792422	-0.006830601092896272	105626880
2024-11-26	0.0027510316368638877	-0.0027510316368637654	0.01650618982118296	-0.004126547455295648	0.0027510316368638877	68724478
2024-11-27	0.001371742112482824	-0.005486968449931418	0.001371742112482824	-0.020576131687242847	0.001371742112482824	121926065
2024-11-28	-0.020547945205479378	-0.006849315068493127	-0.0013698630136986009	-0.023287671232876703	-0.020547945205479378	114098300
2024-11-29	0.018181818181818167	0.0	0.02797202797202787	-0.011188811188811197	0.018181818181818167	160655933
2024-12-02	0.027472527472527496	0.016483516483516498	0.03846153846153837	0.013736263736263687	0.027472527472527496	177359536
2024-12-03	-0.0026737967914439117	0.0026737967914437933	0.005347593582887587	-0.009358288770053513	-0.0026737967914439117	100202295
2024-12-04	0.008042895442359197	0.008042895442359197	0.01876675603217154	-0.001340482573726513	0.008042895442359197	130746299
2024-12-05	-0.01994680851063823	-0.0053191489361701	-0.003989361702127575	-0.022606382978723395	-0.01994680851063823	126828170
2024-12-06	0.006784260515603775	-0.001356852103120731	0.006784260515603775	-0.005427408412483044	0.006784260515603775	130936742
2024-12-09	-0.004043126684636152	0.0	0.006738544474393507	-0.012129380053908336	-0.004043126684636152	126760227
2024-12-10	0.001353179972936492	0.025710419485791666	0.039242219215155624	-0.0013531799729363718	0.001353179972936492	200059103
2024-12-11	0.013513513513513466	0.0013513513513513226	0.022972972972972964	-0.008108108108108174	0.013513513513513466	177829306
2024-12-12	0.0	-0.0026666666666666098	0.0026666666666666098	-0.00933333333333337	0.0	139072170
2024-12-13	-0.037333333333333364	-0.00933333333333337	-0.007999999999999948	-0.04400000000000001	-0.037333333333333364	330893017
2024-12-16	-0.012465373961218818	-0.005540166204986155	0.0	-0.016620498614958464	-0.012465373961218818	140905802
2024-12-17	-0.008415147265077085	-0.004207573632538604	0.011220196353436195	-0.009817671809256702	-0.008415147265077085	132301050
2024-12-18	-0.011315417256011324	0.004243281471004153	0.008486562942008431	-0.01272984441301271	-0.011315417256011324	154700775
2024-12-19	0.0028612303290414267	-0.014306151645207515	0.005722460658082981	-0.02718168812589419	0.0028612303290414267	126085518
2024-12-20	-0.02282453637660487	-0.0028530670470755456	0.0014265335235377728	-0.02710413694721819	-0.02282453637660487	177910312
2024-12-23	0.008759124087591314	0.0014598540145986387	0.01313868613138697	-0.001459854014598509	0.008759124087591314	158374730
2024-12-24	0.011577424023154858	0.0	0.011577424023154858	-0.005788712011577429	0.011577424023154858	126061367
2024-12-25	-0.014306151645207515	-0.0014306151645207133	0.0	-0.020028612303290495	-0.014306151645207515	89460147
2024-12-26	0.008708272859216328	-0.0014513788098693451	0.015965166908563182	-0.004354136429608035	0.008708272859216328	93620836
2024-12-27	-0.018705035971223007	0.0014388489208632786	0.010071942446043078	-0.018705035971223007	-0.018705035971223007	187709171
2024-12-30	-0.0014662756598241458	0.0014662756598240157	0.007331378299120208	-0.007331378299120338	-0.0014662756598241458	136304110
2024-12-31	-0.023494860499265677	-0.0029368575624081606	-0.0014684287812040803	-0.023494860499265677	-0.023494860499265677	172000920
