2021-01-06	-0.004090623033354391	0.004090623033354279	0.03996224040276891	-0.009754562617998813	-0.004090623033354391	78097587
2021-01-07	0.032543443917851536	0.0015797788309636876	0.04202211690363344	-0.0006319115323854526	0.032543443917851536	77709025
2021-01-08	0.009791921664626693	-0.007037943696450333	0.027845777233782242	-0.023561811505507943	0.009791921664626693	59308002
2021-01-11	-0.009999999999999948	0.0	0.030909090909091004	-0.026666666666666745	-0.009999999999999948	66668204
2021-01-12	0.07744107744107748	0.0015304560759105343	0.0780532598714416	-0.015610651974288493	0.07744107744107748	83326004
2021-01-13	-0.0019886363636363717	0.004261363636363595	0.01676136363636353	-0.034375000000000024	-0.0019886363636363717	63371891
2021-01-14	-0.036436094506120155	-0.010247651579846268	0.004269854824935911	-0.044121833191004954	-0.036436094506120155	43642632
2021-01-15	-0.0159527326440177	-0.013293943870014854	-0.004431314623338215	-0.039881831610044355	-0.0159527326440177	60356156
2021-01-18	0.04953467427199035	-0.00030021014710312566	0.05643950765535861	-0.00030021014710312566	0.04953467427199035	51025634
2021-01-19	-0.0343249427917621	0.0002860411899312932	0.002860411899313542	-0.06178489702517173	-0.0343249427917621	63570028
2021-01-20	-0.01510663507108999	-0.012144549763033075	-0.003554502369668171	-0.03021327014217998	-0.01510663507108999	47726479
2021-01-21	0.022556390977443608	0.005413533834586458	0.043007518796992474	0.0003007518796991883	0.022556390977443608	55430962
2021-01-22	0.004411764705882311	0.010588235294117631	0.01882352941176472	-0.027058823529411816	0.004411764705882311	44968881
2021-01-25	0.03396778916544667	0.0020497803806735077	0.040995607613469945	-0.004685212298682184	0.03396778916544667	55104207
2021-01-26	-0.059756442934013006	-0.009345794392523516	-0.009345794392523516	-0.06542056074766361	-0.059756442934013006	60119370
2021-01-27	0.01506024096385542	-0.003012048192771127	0.03313253012048176	-0.012048192771084508	0.01506024096385542	50501397
2021-01-28	-0.05044510385756685	-0.02077151335311581	-0.0017804154302671297	-0.055786350148368025	-0.05044510385756685	48372404
2021-01-29	-0.004687499999999956	0.020624999999999893	0.027812500000000018	-0.028124999999999956	-0.004687499999999956	42292572
2021-02-01	-0.0015698587127158778	0.004709576138147522	0.010989010989011033	-0.015070643642072227	-0.0015698587127158778	39349584
2021-02-02	0.045911949685534505	0.012578616352201324	0.0471698113207546	0.005345911949685476	0.045911949685534505	49701671
2021-02-03	-0.013830426939266413	0.007215874924834696	0.015333734215273757	-0.034876728803367306	-0.013830426939266413	40534324
2021-02-04	-0.0009146341463412815	-0.009146341463414549	0.0027439024390244946	-0.027134146341463328	-0.0009146341463412815	36972842
2021-02-05	0.0277693011901128	-0.005187671650900266	0.05096124504119605	-0.014342386328959594	0.0277693011901128	55917824
2021-02-08	0.02909738717339658	0.002078384798099771	0.03741092636579567	-0.008313539192399085	0.02909738717339658	49785899
2021-02-09	-0.008078476630121005	0.0008655510675130161	0.01096364685516453	-0.03260242354298891	-0.008078476630121005	52251235
2021-02-10	0.015125072716695637	-0.005235602094240829	0.025596276905177295	-0.010180337405468335	0.015125072716695637	40876436
2021-02-18	-0.03954154727793684	0.02005730659025796	0.030085959885386943	-0.048424068767908245	-0.03954154727793684	72001845
2021-02-19	-0.027446300715990503	-0.01551312649164687	-0.011038186157518035	-0.04952267303102636	-0.027446300715990503	59870461
2021-02-22	-0.09447852760736201	0.0006134969325152154	0.0015337423312882562	-0.09815950920245407	-0.09447852760736201	121589874
2021-02-23	0.032520325203252064	-0.007791327913279147	0.057926829268292714	-0.015921409214092103	0.032520325203252064	79622724
2021-02-24	-0.015748031496063006	0.017060367454068227	0.04527559055118107	-0.02296587926509184	-0.015748031496063006	51190014
2021-02-25	0.003333333333333381	-0.0019999999999999575	0.008999999999999985	-0.01466666666666671	0.003333333333333381	30640242
2021-02-26	-0.03920265780730896	-0.029900332225913692	-0.02159468438538213	-0.05647840531561471	-0.03920265780730896	39563833
2021-03-01	0.024550484094052465	0.013485477178423133	0.04287690179806357	0.0027662517289072713	0.024550484094052465	36827446
2021-03-02	-0.0026999662504218125	0.01248734390820118	0.037462031724603426	-0.008437394532568343	-0.0026999662504218125	41965377
2021-03-03	-0.003722504230118424	0.0003384094754652457	0.008460236886632826	-0.02436548223350262	-0.003722504230118424	30249037
2021-03-04	-0.03906250000000007	-0.014945652173913086	-0.014945652173913086	-0.04551630434782608	-0.03906250000000007	42844513
2021-03-05	-0.005302226935312781	-0.014139271827500834	0.012371862849063324	-0.030752916224814332	-0.005302226935312781	34623658
2021-03-08	-0.004975124378109473	0.03411513859275056	0.049751243781094474	-0.0060412224591329675	-0.004975124378109473	51550930
2021-03-09	0.00500000000000002	-0.01000000000000004	0.0346428571428571	-0.03214285714285709	0.00500000000000002	49071152
2021-03-10	0.029495380241648838	0.01741293532338303	0.039445628997867785	0.012082444918265808	0.029495380241648838	36181174
2021-03-11	0.013807386952019404	-0.0027614773904038074	0.02450811183983434	-0.012771832930617793	0.013807386952019404	36047359
2021-03-12	0.021109976166155852	0.00136193394620358	0.03779366700715013	0.00136193394620358	0.021109976166155852	41089447
2021-03-15	-0.034011337112370775	0.003667889296432244	0.011670556852284143	-0.043014338112704206	-0.034011337112370775	38611858
2021-03-16	0.017949603037625116	0.004142216085605834	0.034173282706247914	0.0013807386952020262	0.017949603037625116	31800020
2021-03-17	0.03085791793828417	0.003390979993218088	0.036622583926754895	-0.01593760596812475	0.03085791793828417	32661159
2021-03-18	0.005592105263157951	-0.003947368421052548	0.019736842105263205	-0.00657894736842103	0.005592105263157951	23244838
2021-03-19	-0.029440628066732043	-0.010140660778541012	-0.010140660778541012	-0.03532875368007857	-0.029440628066732043	22875380
2021-03-22	0.010111223458038327	0.0020222446916076412	0.02898550724637679	-0.0057296932928884966	0.010111223458038327	19689259
2021-03-23	-0.012345679012345593	0.0	0.01701701701701707	-0.023690357023690267	-0.012345679012345593	27868745
2021-03-24	-0.013513513513513585	0.003378378378378306	0.012837837837837804	-0.017905405405405445	-0.013513513513513585	22459494
2021-03-25	-0.010273972602739751	-0.013698630136986254	0.0	-0.02739726027397263	-0.010273972602739751	30654813
2021-03-26	0.026989619377162672	0.00865051903114187	0.03391003460207614	-0.013840830449826941	0.026989619377162672	30653381
2021-03-29	0.02055256064690025	0.0033692722371968134	0.02729110512129376	-0.002695417789757355	0.02055256064690025	31107495
2021-03-30	-0.009904258831297481	0.006932981181908249	0.010564542753383964	-0.02542093100033013	-0.009904258831297481	37160861
2021-03-31	0.039679893297765965	0.017005668556185446	0.06702234078026015	0.013671223741247088	0.039679893297765965	77424027
2021-04-01	0.03784477228992943	0.010262989095574096	0.05516356638871068	0.010262989095574096	0.03784477228992943	49345972
2021-04-02	-0.007107540173053055	0.004326328800988893	0.008961681087762643	-0.018850432632880082	-0.007107540173053055	30362275
2021-04-06	-0.008714596949891103	0.003734827264238949	0.009025832555244293	-0.01649548708372241	-0.008714596949891103	20908013
2021-04-07	0.010989010989011033	-0.004709576138147633	0.0125588697017268	-0.015698587127158554	0.010989010989011033	31199785
2021-04-08	0.005279503105589894	-0.005279503105590114	0.01614906832298124	-0.01925465838509331	0.005279503105589894	20463778
2021-04-09	-0.01081248069199859	0.004942848316342407	0.005869632375656622	-0.018535681186283532	-0.01081248069199859	21135544
2021-04-12	-0.009681449094316123	-0.004996876951905174	0.012804497189256607	-0.017801374141161893	-0.009681449094316123	30961131
2021-04-13	-0.013560391043834743	-0.006307158625039397	0.008199306212551183	-0.022390413118889965	-0.013560391043834743	30227400
2021-04-14	0.016624040920716097	0.0079923273657289	0.025895140664961708	0.005754475703324799	0.016624040920716097	18894635
2021-04-15	-0.009748427672956046	-0.003144654088050359	0.0015723270440251794	-0.01949685534591198	-0.009748427672956046	15179735
2021-04-16	-0.0006351222610352358	0.005398539218799674	0.009209272785011201	-0.012067322959669705	-0.0006351222610352358	16128207
2021-04-19	0.01652367333968858	0.006990784874483712	0.024467747060692824	-0.0038131553860819016	0.01652367333968858	24639592
2021-04-20	0.020006251953735673	-0.0006251953735542224	0.028758987183494785	-0.0065645514223193905	0.020006251953735673	27917619
2021-04-21	0.008274593931964327	-0.005822862396567724	0.011645724793135012	-0.01011339258351227	0.008274593931964327	26686662
2021-04-22	-0.015501519756838845	0.0036474164133739988	0.01155015197568397	-0.027963525835866206	-0.015501519756838845	25193198
2021-04-23	0.002469898116702633	-0.00030873726458777433	0.012349490583513386	-0.008027168879283668	0.002469898116702633	17450395
2021-04-26	0.0	0.003079765937788772	0.030797659377887282	-0.0033877425315675834	0.0	31354288
2021-04-27	0.0009239297813366535	0.0009239297813366535	0.011703110563597246	-0.01293501693871271	0.0009239297813366535	22422162
2021-04-28	0.018461538461538505	0.0012307692307692046	0.02123076923076916	-0.004307692307692325	0.018461538461538505	21299911
2021-04-29	-0.0036253776435046688	0.006042296072507424	0.007250755287009123	-0.02658610271903331	-0.0036253776435046688	27357216
2021-04-30	0.004548211036992289	0.018192844147968512	0.02183141297756234	-0.01455427531837468	0.004548211036992289	37955880
2021-05-06	-0.005433142167220033	-0.025656504678539128	0.02324177482644117	-0.02626018714156367	-0.005433142167220033	47085094
2021-05-07	-0.059180576631259564	0.004552352048558379	0.007587253414264036	-0.06828528072837643	-0.059180576631259564	58093378
2021-05-10	-0.006774193548387124	0.003225806451612949	0.003225806451612949	-0.03064516129032256	-0.006774193548387124	49451349
2021-05-11	-0.015914257875933695	-0.0032478077297823276	-0.0006495615459564656	-0.029555050341019816	-0.015914257875933695	33364969
2021-05-12	-0.017821782178217793	0.0	0.008580858085808515	-0.03960396039603958	-0.017821782178217793	49311094
2021-05-13	-0.04233870967741941	-0.017809139784946273	-0.012768817204301161	-0.053427419354838704	-0.04233870967741941	73531945
2021-05-14	0.01052631578947371	0.008421052631578892	0.020350877192982397	-0.014736842105263218	0.01052631578947371	44395825
2021-05-17	0.021874999999999964	0.01388888888888884	0.030208333333333368	-0.003124999999999995	0.021874999999999964	47191041
2021-05-18	0.014271151885830844	0.0	0.01834862385321098	-0.004417261297995209	0.014271151885830844	26843480
2021-05-19	-0.028475711892797365	0.0	0.0	-0.044891122278056944	-0.028475711892797365	37374136
2021-05-20	0.024482758620689684	0.009310344827586192	0.03724137931034477	0.006896551724137907	0.024482758620689684	42202003
2021-05-21	0.013463480309659999	0.012117132278694024	0.03870750589027259	0.00504880511612247	0.013463480309659999	31815781
2021-05-24	-0.000996346728661612	0.0023248090335436828	0.007638658253072084	-0.01893058784456992	-0.000996346728661612	22407756
2021-05-25	-0.00033244680851057215	-0.0009973404255318346	0.0066489361702128606	-0.008311170212765957	-0.00033244680851057215	35772398
2021-05-26	0.03658131027602266	0.0026604589291652245	0.040239441303624904	0.0006651147322913061	0.03658131027602266	38264727
2021-05-27	0.00032082130253442443	0.01443695861405195	0.019890920757138192	-0.008020532563362206	0.00032082130253442443	27211677
2021-05-28	-0.01603592046183451	-0.000962155227710107	-0.000962155227710107	-0.025336754329698497	-0.01603592046183451	32605605
2021-05-31	-0.016623207301173337	0.0	0.0	-0.03683181225554104	-0.016623207301173337	43140185
2021-06-01	-0.007292011932383242	-0.02154458070931396	-0.004308916141862862	-0.03215114352005311	-0.007292011932383242	49667473
2021-06-02	0.011686143572621082	0.005342237061769621	0.014357262103505833	-0.01836393989983308	0.011686143572621082	32000473
2021-06-03	-0.022772277227722813	0.0	0.001980198019801938	-0.023762376237623842	-0.022772277227722813	23113969
2021-06-04	-0.0023640661938534374	-0.005403579871664983	0.006416751097602205	-0.013846673421141511	-0.0023640661938534374	29261915
2021-06-07	-0.014218009478672924	0.0003385240352065526	0.0013540961408259698	-0.016249153689911998	-0.014218009478672924	23370185
2021-06-08	-0.013049450549450637	-0.0030906593406593358	0.004807692307692327	-0.03125000000000001	-0.013049450549450637	38750019
2021-06-09	-0.007306889352818278	0.00034794711203902447	0.009046624913013277	-0.01356993736951973	-0.007306889352818278	24595419
2021-06-10	-0.009814230634419949	0.0007010164738871213	0.014370837714686299	-0.015071854188573422	-0.009814230634419949	34107787
2021-06-11	-0.01451327433628319	0.0035398230088496078	0.004247787610619504	-0.02654867256637168	-0.01451327433628319	46686941
2021-06-15	-0.03484195402298847	-0.004310344827586242	-0.003591954022988557	-0.05423850574712649	-0.03484195402298847	69559019
2021-06-16	0.008559732043170839	0.0	0.023446222553033084	-0.017863788611834776	0.008559732043170839	47097958
2021-06-17	-0.020295202952029544	-0.003690036900369056	-0.002583025830258313	-0.02583025830258313	-0.020295202952029544	54941946
2021-06-18	-0.009039548022598945	0.006779661016949142	0.009416195856873822	-0.0357815442561205	-0.009039548022598945	75847295
2021-06-21	-0.030406689471683665	-0.006841505131128838	-0.006841505131128838	-0.03610794374762445	-0.030406689471683665	56444620
2021-06-22	0.014112112896903152	0.0184241473931791	0.049392395139161036	0.009016072128576906	0.014112112896903152	63664190
2021-06-23	0.025125628140703463	0.0057982218786238335	0.03517587939698493	0.0057982218786238335	0.025125628140703463	44596998
2021-06-24	-0.012443438914027086	0.007541478129713397	0.008672699849170453	-0.01659125188536958	-0.012443438914027086	30617311
2021-06-25	0.01412752959144702	-0.0034364261168384823	0.016800305460099186	-0.021382206949217344	0.01412752959144702	32970612
2021-06-28	-0.0030120481927710203	0.0033885542168674647	0.007906626506024129	-0.01129518072289146	-0.0030120481927710203	31093046
2021-06-29	-0.023413897280966805	0.002643504531722065	0.003398791540785493	-0.03285498489425986	-0.023413897280966805	46501487
2021-06-30	0.0019334880123743508	0.001160092807424638	0.007733952049497266	-0.017788089713843807	0.0019334880123743508	29716956
2021-07-01	0.039367039752991106	0.0038595137012736942	0.049787726746429915	-0.011964492473948233	0.039367039752991106	44861878
2021-07-02	-0.045673969550686984	-0.01782398811734127	-0.012253991830672049	-0.04901596732268846	-0.045673969550686984	52087528
2021-07-05	-0.024513618677042763	-0.0077821011673151474	-0.006225680933852146	-0.036964980544747054	-0.024513618677042763	43685488
2021-07-06	0.0067810131631431255	-0.010769844435580357	0.017151974471479845	-0.012764260071798974	0.0067810131631431255	28619202
2021-07-07	0.008320126782884345	0.003961965134706871	0.03248811410459589	-0.003169572107765384	0.008320126782884345	33608145
2021-07-08	-0.012966601178781859	0.009823182711198428	0.009823182711198428	-0.01650294695481329	-0.012966601178781859	39332452
2021-07-09	0.021496815286624168	0.002388535031847083	0.023089171974522225	-0.004777070063694307	0.021496815286624168	33655873
2021-07-12	0.005455962587685135	0.0	0.019875292283710114	-0.015978176149649265	0.005455962587685135	36919343
2021-07-13	0.06899224806201541	0.0	0.08527131782945734	-0.0007751937984495958	0.06899224806201541	66111584
2021-07-14	-0.011240029006526422	0.0018129079042784886	0.04496011602610595	-0.015591007976794769	-0.011240029006526422	62057539
2021-07-15	-0.0007334066740007178	-0.0025669233590025773	0.019068573524019052	-0.017601760176017618	-0.0007334066740007178	29093799
2021-07-16	-0.017981651376146733	-0.006605504587155953	0.002201834862385274	-0.027522935779816515	-0.017981651376146733	25738593
2021-07-19	0.018310911808669596	0.0048579970104633404	0.02204783258594917	-0.013452914798206388	0.018310911808669596	30255763
2021-07-20	-0.011743119266055056	-0.006238532110091806	0.008073394495412802	-0.03119266055045877	-0.011743119266055056	34202053
2021-07-21	0.02413665057556623	0.00259933160044561	0.035276643148904545	0.0	0.02413665057556623	41861981
2021-07-22	-0.023567802755619965	-0.008701957940536565	0.006526468455402584	-0.024655547498187082	-0.023567802755619965	31610207
2021-07-23	-0.0256219829186781	-0.00482733011511322	0.006312662458225091	-0.0334199777200148	-0.0256219829186781	38732270
2021-07-26	-0.010289634146341448	0.00038109756097566935	0.003810975609756152	-0.020579268292682897	-0.010289634146341448	33943647
2021-07-27	-0.05852907200616094	0.0034655371582595247	0.005775895263765966	-0.0677705044281863	-0.05852907200616094	79764002
2021-07-28	0.0	-0.008997955010224903	0.005316973415132884	-0.02576687116564413	0.0	39995632
2021-07-29	-0.03067484662576687	0.009815950920245481	0.015132924335378365	-0.04049079754601221	-0.03067484662576687	60383018
2021-07-30	0.05400843881856545	0.028691983122362857	0.06877637130801684	0.021940928270042178	0.05400843881856545	69057399
2021-08-02	0.03682946357085661	-0.01521216973578859	0.044835868694956	-0.026020816653322742	0.03682946357085661	59473451
2021-08-03	0.044401544401544486	-0.003861003861003779	0.05830115830115837	-0.009266409266409207	0.044401544401544486	61201989
2021-08-04	-0.009242144177449167	-0.00554528650646958	0.015896487985212558	-0.015896487985212558	-0.009242144177449167	43340311
2021-08-05	0.008582089552238822	-0.007462686567164152	0.020149253731343252	-0.01567164179104484	0.008582089552238822	31616752
2021-08-06	-0.009988901220865688	0.0	0.0014798372179059987	-0.02330743618202007	-0.009988901220865688	20318724
2021-08-09	0.019431988041853497	0.0	0.03251121076233174	-0.007473841554559149	0.019431988041853497	49581233
2021-08-10	0.019061583577712593	-0.004765395894428246	0.022727272727272634	-0.026392961876832932	0.019061583577712593	49634371
2021-08-11	0.002158273381294918	-0.007194244604316521	0.028417266187050327	-0.011510791366906485	0.002158273381294918	46137900
2021-08-12	-0.010050251256281449	0.00035893754486724923	0.005025125628140724	-0.012921751615218932	-0.010050251256281449	21092707
2021-08-13	0.0018129079042784886	-0.0029006526468454787	0.003625815808556977	-0.015591007976794769	0.0018129079042784886	24138130
2021-08-16	0.024249004705030826	0.002171552660152091	0.02714440825190011	-0.004343105320303925	0.024249004705030826	39430235
2021-08-17	-0.034275618374558385	-0.00353356890459369	0.003533568904593564	-0.0349823321554771	-0.034275618374558385	24014285
2021-08-18	-0.007683863885839639	0.0	0.011708744968898658	-0.010245151847786228	-0.007683863885839639	22889641
2021-08-19	-0.010324483775811251	-0.0018436578171091708	0.005899705014749268	-0.01991150442477886	-0.010324483775811251	20696314
2021-08-20	-0.027198211624441148	-0.00037257824143075867	0.004470938897168443	-0.053278688524590154	-0.027198211624441148	41425128
2021-08-23	0.002680965147453094	-0.014553810800459557	0.018000765990042085	-0.017234775947912652	0.002680965147453094	26022770
2021-08-24	0.012987012987012981	-0.0038197097020626976	0.01948051948051954	-0.004965622612681398	0.012987012987012981	23832768
2021-08-25	0.004901960784313688	0.003016591251885439	0.006410256410256475	-0.012066365007541489	0.004901960784313688	16622432
2021-08-26	-0.033771106941838595	-0.003001876172607816	-0.0018761726078798185	-0.0363977485928705	-0.033771106941838595	26395583
2021-08-27	0.01747572815533978	0.0034951456310679556	0.028349514563106814	0.0034951456310679556	0.01747572815533978	19077168
2021-08-30	-0.02099236641221377	0.0030534351145038875	0.008396946564885589	-0.030534351145038195	-0.02099236641221377	41682665
2021-08-31	0.054970760233918135	0.05263157894736848	0.09746588693957116	0.019883040935672575	0.054970760233918135	109701038
2021-09-01	0.07021433850702151	-0.0044345898004433644	0.0750184774575019	-0.017738359201773853	0.07021433850702151	100883236
2021-09-02	-0.018991712707182345	0.014502762430939162	0.014502762430939162	-0.03314917127071826	-0.018991712707182345	60317118
2021-09-03	0.0010559662090813494	0.001407954945441716	0.020767335445265746	-0.020767335445265746	0.0010559662090813494	44709044
2021-09-06	0.012658227848101245	0.0038677918424753666	0.04078762306610408	-0.0014064697609002354	0.012658227848101245	53361913
2021-09-07	-0.007638888888888973	-0.005902777777777837	0.0027777777777777185	-0.02638888888888894	-0.007638888888888973	31397016
2021-09-08	-0.014695591322603155	0.00244926522043388	0.009447165850245036	-0.016794961511546427	-0.014695591322603155	28154616
2021-09-09	-0.01313920454545458	0.0014204545454545151	0.006036931818181753	-0.02272727272727275	-0.01313920454545458	30142372
2021-09-10	0.014393666786613968	0.0	0.023749550197912923	-0.008996041741633681	0.014393666786613968	44721538
2021-09-13	-0.031216743526073166	0.00035473572188712344	0.00035473572188712344	-0.040439872295140136	-0.031216743526073166	45454201
2021-09-14	-0.024533138044672213	0.0	0.010618820944708998	-0.026730135481508623	-0.024533138044672213	38472198
2021-09-15	-0.02327327327327331	-0.0015015015015014694	-0.0015015015015014694	-0.03153153153153153	-0.02327327327327331	36818046
2021-09-16	-0.011913912375096031	0.001537279016141397	0.004996156802459608	-0.016525749423520357	-0.011913912375096031	35299458
2021-09-17	0.04239595488136911	0.001555814858031861	0.04395176973940097	-0.008168028004667477	0.04239595488136911	40609576
2021-09-22	-0.029850746268656744	-0.022388059701492588	-0.013805970149253768	-0.046641791044776115	-0.029850746268656744	41072438
2021-09-23	-0.028846153846153848	0.004230769230769209	0.006153846153846159	-0.038076923076923015	-0.028846153846153848	49362331
2021-09-24	-0.02336633663366336	-0.010297029702970358	-0.007128712871287118	-0.025742574257425686	-0.02336633663366336	52586181
2021-09-27	0.009326845093268468	-0.0016220600162205655	0.043390105433901066	-0.010543390105433965	0.009326845093268468	64799524
2021-09-28	0.029730815588589733	-0.004821213338690277	0.040578545600642744	-0.0064282844515869885	0.029730815588589733	48934716
2021-09-29	0.015606710885680927	-0.01287553648068663	0.020678891923527162	-0.02458056964494729	0.015606710885680927	38389932
2021-09-30	0.00461006530925845	-0.010372646945831716	0.023050326546292656	-0.012677679600461077	0.00461006530925845	33770003
2021-10-08	0.02103250478011475	0.013384321223709424	0.03212237093690248	-0.0011472275334607107	0.02103250478011475	31855531
2021-10-11	0.0011235955056180201	0.007490636704119823	0.01760299625468174	-0.01273408239700374	0.0011235955056180201	23530967
2021-10-12	-0.0033670033670033617	-0.012345679012345748	0.015712682379348978	-0.022446689113355834	-0.0033670033670033617	31597681
2021-10-13	-0.008258258258258216	-0.0015015015015014694	0.0056306306306305775	-0.01614114114114113	-0.008258258258258216	26461063
2021-10-14	-0.024602573807721503	-0.013626040878122747	0.009084027252081697	-0.040499621498864505	-0.024602573807721503	34206120
2021-10-15	0.017074117190531677	-0.0031043849437329568	0.026387272021730683	-0.0062087698874660514	0.017074117190531677	39871634
2021-10-18	-0.011827546737886389	0.011064479206409735	0.016787485692483697	-0.028996566196108416	-0.011827546737886389	35192957
2021-10-19	0.0100386100386101	-0.008494208494208452	0.01853281853281855	-0.011196911196911165	0.0100386100386101	21882028
2021-10-20	-0.021406727828746128	0.00496941896024461	0.011467889908256907	-0.03058103975535171	-0.021406727828746128	37252510
2021-10-21	0.007421874999999911	-0.002343750000000089	0.007421874999999911	-0.0148437500000001	0.007421874999999911	30449200
2021-10-22	0.07444746025591321	0.004265219077161668	0.09034509499806134	0.0007754943776657454	0.07444746025591321	95175679
2021-10-25	-0.028148682785997876	-0.009022013713460845	-0.008300252616383992	-0.04186214363045832	-0.028148682785997876	49180309
2021-10-26	-0.014110657259561791	-0.0033419977720014803	0.00742666171555883	-0.01968065354623101	-0.014110657259561791	39748916
2021-10-27	-0.023352165725047117	-0.002259887005649803	-0.002259887005649803	-0.03088512241054615	-0.023352165725047117	33086017
2021-10-28	0.0304666409564211	-0.0011569610489780616	0.04512148091014276	-0.0050134978789047055	0.0304666409564211	40997464
2021-10-29	0.017964071856287442	-0.0018712574850298339	0.022829341317365248	-0.0224550898203592	0.017964071856287442	45225256
2021-11-01	0.013970588235294082	0.0018382352941176733	0.05882352941176476	0.0018382352941176733	0.013970588235294082	70587678
2021-11-02	-0.04205946337926021	-0.0029006526468454787	0.01450326323422778	-0.04713560551123993	-0.04205946337926021	51898039
2021-11-03	0.00037850113550333116	-0.0011355034065102625	0.010976532929598756	-0.014004542013626078	0.00037850113550333116	29900095
2021-11-04	0.004918653045781271	0.006432084752175622	0.00908059023836557	-0.016647748770336788	0.004918653045781271	31800018
2021-11-05	-0.00978915662650595	-0.013554216867469859	0.004141566265060353	-0.034262048192771094	-0.00978915662650595	37357688
2021-11-08	-0.02167300380228138	-0.008365019011406936	0.0053231939163498315	-0.02623574144486697	-0.02167300380228138	37400045
2021-11-09	-0.004663816556548814	-0.003109211037699256	-0.002720559657986797	-0.01865526622619512	-0.004663816556548814	30593605
2021-11-10	-0.014837953924248302	-0.0031237797735258997	0.0027333073018352316	-0.028114017961733653	-0.014837953924248302	39022403
2021-11-11	0.06183115338882278	0.0011890606420927917	0.0661910424098295	-0.0011890606420927917	0.06183115338882278	67959715
2021-11-12	0.026502426278462145	0.0063456513624487385	0.03583426651735726	-0.005225830533781283	0.026502426278462145	57101603
2021-11-15	0.0043636363636364	0.011272727272727226	0.01272727272727278	-0.00909090909090909	0.0043636363636364	33479446
2021-11-16	0.012309920347574216	0.010137581462708095	0.030050687907313477	0.00036205648081093445	0.012309920347574216	36485727
2021-11-17	-0.015736766809728228	-0.002145922746781197	0.004649499284692382	-0.022174535050071567	-0.015736766809728228	22718800
2021-11-18	-0.010537790697674387	0.007994186046511587	0.008357558139534899	-0.014898255813953494	-0.010537790697674387	21401766
2021-11-19	0.03525523319867796	0.007712082262210828	0.03929489533602645	-0.0022034520749173235	0.03525523319867796	36711153
2021-11-22	-0.006030507272082359	0.01099680737850297	0.017382050372472452	-0.024831500532103683	-0.006030507272082359	43534177
2021-11-23	-0.004639543183440364	-0.0035688793718771546	0.0017844396859386406	-0.016416845110635292	-0.004639543183440364	21882496
2021-11-24	-0.003585514521333862	0.014700609537468632	0.01577626389386869	-0.016134815346002127	-0.003585514521333862	20354977
2021-11-25	-0.015833033465275197	0.0	0.0021590500179921655	-0.017272400143936682	-0.015833033465275197	15473377
2021-11-26	0.00877513711151731	-0.0018281535648994774	0.015356489945155325	-0.010968921389396735	0.00877513711151731	21074729
2021-11-29	-0.027183762232693004	-0.021384559623051826	-0.003986951794128286	-0.03805726712577023	-0.027183762232693004	39964281
2021-11-30	0.01415797317436658	0.0007451564828613851	0.04396423248882264	0.00037257824143075867	0.01415797317436658	43098429
2021-12-01	0.01800146950771499	-0.0025716385011021413	0.019838354151359396	-0.008082292432035227	0.01800146950771499	31711868
2021-12-02	0.006134969325153308	0.0025261638397690465	0.020209310718152244	-0.0046914471309997315	0.006134969325153308	46716913
2021-12-03	0.031205164992826436	0.004304160688665746	0.03766140602582499	0.00035868005738886525	0.031205164992826436	56969912
2021-12-06	0.03304347826086954	0.002434782608695662	0.05599999999999998	0.0010434782608696048	0.03304347826086954	86056405
2021-12-07	0.016835016835016835	0.01582491582491591	0.03973063973063972	0.004040404040404074	0.016835016835016835	65505127
2021-12-08	-0.003642384105960246	0.003642384105960246	0.0049668874172186135	-0.029801324503311213	-0.003642384105960246	40678974
2021-12-09	0.012628780325689565	0.008973080757726806	0.02226653373213698	-0.006979062811565333	0.012628780325689565	58157658
2021-12-10	0.0009845749917952458	-0.005579258286839454	0.002953724975385621	-0.021988841483426263	0.0009845749917952458	37184760
2021-12-13	0.0068852459016393724	-0.0065573770491803044	0.03278688524590164	-0.0065573770491803044	0.0068852459016393724	48040528
2021-12-14	-0.02377075871051776	-0.004233148811462147	0.0035818951481601897	-0.026375773363725243	-0.02377075871051776	39162247
2021-12-15	-0.01934623082054709	-0.006671114076050677	0.003335557038025279	-0.023348899266177427	-0.01934623082054709	45643102
2021-12-16	0.010204081632653086	0.004761904761904781	0.012585034013605476	-0.010884353741496608	0.010204081632653086	32325649
2021-12-17	-0.008417508417508417	0.0016835016835017075	0.0016835016835017075	-0.018181818181818153	-0.008417508417508417	39571104
2021-12-20	-0.017657045840407455	-0.004074702886247911	0.005772495755517885	-0.022750424448217257	-0.017657045840407455	38208719
2021-12-21	0.022122364327687542	0.005184929139301714	0.03110957483581053	-0.006913238852402326	0.022122364327687542	35261448
2021-12-22	0.006763611768684453	0.012512681772066317	0.012512681772066317	-0.015894487656408482	0.006763611768684453	34404653
2021-12-23	-0.008733624454148405	-0.003023177695666774	-0.003023177695666774	-0.022505878401074847	-0.008733624454148405	25318032
2021-12-24	-0.017621145374449445	-0.004744154523890226	-0.0040664181633344966	-0.026431718061674044	-0.017621145374449445	27198883
2021-12-27	-0.002759572266298665	-0.0003449465332872719	0.008623663332183512	-0.008278716798896118	-0.002759572266298665	29129160
2021-12-28	0.049809754410238716	0.003113109650639912	0.049809754410238716	0.003113109650639912	0.049809754410238716	57548999
2021-12-29	-0.036243822075782584	-0.008237232289950576	-0.004942339373970416	-0.048764415156507424	-0.036243822075782584	47135421
2021-12-30	0.014700854700854691	-0.002735042735042677	0.0218803418803419	-0.00581196581196587	0.014700854700854691	28050184
2021-12-31	0.007075471698113236	-0.002021563342318016	0.011792452830188727	-0.008760107816711523	0.007075471698113236	22651788
2022-01-04	-0.016393442622950886	0.0036801605888256753	0.01237872198059555	-0.02944128471060552	-0.016393442622950886	32326406
2022-01-05	0.020408163265306173	0.0010204081632653448	0.04659863945578235	-0.011904761904761833	0.020408163265306173	64750318
2022-01-06	0.004666666666666685	-0.0006666666666666524	0.026000000000000037	-0.010000000000000024	0.004666666666666685	47729877
2022-01-07	0.021897810218978107	0.0026542800265427434	0.02919708029197077	-0.007962840079628466	0.021897810218978107	49787458
2022-01-10	-0.019805194805194788	-0.0045454545454545634	0.014610389610389588	-0.024675324675324725	-0.019805194805194788	41107249
2022-01-11	-0.017555481947664826	-0.006624710168930203	0.020536601523683255	-0.020536601523683373	-0.017555481947664826	30041875
2022-01-12	0.01820633850303436	0.004720161834120046	0.024275118004045814	-0.021577882670263	0.01820633850303436	36285959
2022-01-13	-0.05099337748344368	0.0049668874172186135	0.0049668874172186135	-0.0516556291390728	-0.05099337748344368	45201070
2022-01-14	-0.011514305652477385	0.0	0.010118632240055797	-0.026168876482903	-0.011514305652477385	26091241
2022-01-17	-0.005294740557712623	-0.002823861630780032	0.00953053300388292	-0.010589481115425245	-0.005294740557712623	29205630
2022-01-18	0.015968772178850222	0.00035486160397450543	0.02625975869410937	-0.013839602555003569	0.015968772178850222	36571993
2022-01-19	0.011177086971708008	-0.0010478519035975406	0.03388054488298996	-0.006287111421585739	0.011177086971708008	35393443
2022-01-20	0.03661485319516416	0.0031088082901554355	0.041796200345423175	0.0020725388601037053	0.03661485319516416	47472613
2022-01-21	-0.0069976674441853	-0.006331222925691478	0.009330223258913615	-0.016994335221592854	-0.0069976674441853	26517401
2022-01-24	-0.011744966442953067	-0.0013422818791946022	0.004697986577181227	-0.02684563758389264	-0.011744966442953067	19280044
2022-01-25	-0.008488964346349746	0.004753820033955877	0.02207130730050941	-0.010865874363327683	-0.008488964346349746	22052784
2022-01-26	0.0027397260273973236	0.0	0.0212328767123288	-0.006164383561643826	0.0027397260273973236	24685407
2022-01-27	-0.028005464480874327	-0.009562841530054683	0.0017076502732239465	-0.03415300546448087	-0.028005464480874327	26622591
2022-01-28	-0.028460997891778014	0.007730147575544584	0.015460295151089168	-0.030217849613492602	-0.028460997891778014	38114877
2022-02-07	0.0043399638336347555	0.012658227848101318	0.03978300180831832	-0.01265822784810119	0.0043399638336347555	31812154
2022-02-08	-0.01836514223982708	0.0	0.002880806625855306	-0.03312927619733519	-0.01836514223982708	30721147
2022-02-09	0.015407190022010202	0.0	0.019075568598679368	-0.014673514306676527	0.015407190022010202	35126789
2022-02-10	-0.031430635838150325	-0.002167630057803422	-0.002167630057803422	-0.03648843930635831	-0.031430635838150325	40061209
2022-02-11	-0.009697873927638868	-0.00783289817232366	0.013427825438269415	-0.013427825438269281	-0.009697873927638868	32218212
2022-02-14	-0.024858757062146897	-0.004143126177024461	-0.004143126177024461	-0.03389830508474584	-0.024858757062146897	42684930
2022-02-15	0.009269988412514424	0.00038624951718802664	0.014291232135959868	-0.001931247585940545	0.009269988412514424	19456665
2022-02-16	0.002678913126674332	0.006888633754305385	0.015690776884806742	-0.004592422502870166	0.002678913126674332	17533465
2022-02-17	-0.007251908396946478	0.005725190839694738	0.007633587786259515	-0.009541984732824428	-0.007251908396946478	22420544
2022-02-18	0.008073817762398973	0.0	0.010765090349865343	-0.00807381776239911	0.008073817762398973	27813397
2022-02-21	0.0022883295194508877	-0.00839054157131956	0.006483600305110668	-0.01678108314263912	0.0022883295194508877	29596436
2022-02-22	-0.025494672754946792	-0.010654490106544944	-0.008751902587519041	-0.037290715372907166	-0.025494672754946792	36925275
2022-02-23	0.01366653650917616	0.0035142522452167066	0.018352206169465007	-0.00039047247169066813	0.01366653650917616	25315985
2022-02-24	-0.023497688751926017	-0.005778120184899928	-0.0030816640986133224	-0.03197226502311255	-0.023497688751926017	32880450
2022-02-25	0.009861932938856016	0.007495069033530482	0.022879684418145887	0.0015779092702169289	0.009861932938856016	33363677
2022-02-28	-0.004296875000000117	-0.0039062500000000555	0.0039062499999999167	-0.013671875000000056	-0.004296875000000117	30239201
2022-03-01	0.00863083562181257	0.007846214201647817	0.02353864260494317	-0.008630835621812431	0.00863083562181257	33792334
2022-03-02	-0.01983663943990671	-0.014780241151303095	-0.00311162971606386	-0.022170361726954503	-0.01983663943990671	31811309
2022-03-03	-0.008730158730158685	0.003968253968254024	0.007539682539682591	-0.013888888888888805	-0.008730158730158685	26122204
2022-03-04	-0.021216973578863135	-0.008406725380304278	-0.0028022417934347593	-0.02722177742193754	-0.021216973578863135	45169889
2022-03-07	-0.05603271983640086	-0.010224948875255624	-0.010224948875255624	-0.07975460122699383	-0.05603271983640086	76325784
2022-03-08	-0.029462738301559783	-0.002599653379549338	0.013864818024263445	-0.03162911611785082	-0.029462738301559783	52994976
2022-03-09	-0.0142857142857143	0.008482142857142915	0.012500000000000051	-0.05982142857142857	-0.0142857142857143	59605997
2022-03-10	0.012681159420289908	0.024909420289855107	0.03940217391304353	0.007699275362318918	0.012681159420289908	53556469
2022-03-11	0.0053667262969589	-0.01610017889087654	0.011180679785330949	-0.029069767441860402	0.0053667262969589	35155367
2022-03-14	-0.020462633451957334	-0.017793594306049917	0.00667259786476862	-0.021352313167259804	-0.020462633451957334	31632759
2022-03-15	-0.05676657584014532	-0.00772025431425968	-0.0027247956403269173	-0.05676657584014532	-0.05676657584014532	44215737
2022-03-16	0.03803562831006255	0.025517573423206603	0.04814636494944632	-0.017814155031295187	0.03803562831006255	50029920
2022-03-17	0.031076066790352585	0.02968460111317257	0.06122448979591839	0.01855287569573294	0.031076066790352585	49133065
2022-03-18	-0.0013495276653171901	0.0013495276653171901	0.009896536212325635	-0.014844804318488612	-0.0013495276653171901	34168045
2022-03-21	0.0018018018018017634	0.022522522522522525	0.024774774774774806	-0.004504504504504409	0.0018018018018017634	29367649
2022-03-22	0.006294964028777004	-0.0040467625899280515	0.012140287769784314	-0.006294964028776845	0.006294964028777004	26110921
2022-03-23	-0.005361930294906052	0.005808757819481794	0.008042895442359237	-0.017426273458445066	-0.005361930294906052	25961033
2022-03-24	0.005840071877807682	-0.009883198562443954	0.013926325247079905	-0.016172506738544607	0.005840071877807682	31557196
2022-03-25	-0.02188476998660125	0.0	0.007146047342563651	-0.025457793657882994	-0.02188476998660125	22306565
2022-03-28	-0.005022831050228285	-0.008675799086757887	0.006392694063926967	-0.023744292237442906	-0.005022831050228285	22551502
2022-03-29	-0.015603487838458002	0.004589261128958303	0.009637448370812339	-0.020192748967416144	-0.015603487838458002	21098475
2022-03-30	0.04428904428904426	0.011655011655011656	0.04755244755244754	0.009324009324009291	0.04428904428904426	47766769
2022-03-31	0.03125000000000013	0.027232142857142993	0.04330357142857154	0.010267857142857162	0.03125000000000013	62815920
2022-04-01	0.028138528138528074	-0.005194805194805237	0.04285714285714279	-0.023376623376623492	0.028138528138528074	56299515
2022-04-06	-0.005473684210526274	-0.013473684210526327	0.010526315789473684	-0.014315789473684205	-0.005473684210526274	37249929
2022-04-07	-0.026248941574936537	-0.00508044030482646	0.009737510584250653	-0.026248941574936537	-0.026248941574936537	30450550
2022-04-08	-0.007391304347826161	-0.005217391304347869	0.005217391304347869	-0.017826086956521745	-0.007391304347826161	40783962
2022-04-11	-0.012264564169951713	0.012264564169951869	0.015768725361366753	-0.026719229084537867	-0.012264564169951713	47479356
2022-04-12	0.03946784922394681	-0.003991130820399107	0.04257206208425724	-0.012416851441241735	0.03946784922394681	45469088
2022-04-13	0.01834470989761091	-0.0012798634812287175	0.03668941979522182	-0.011518771331058001	0.01834470989761091	52253261
2022-04-14	0.04105571847507333	0.016757436112274763	0.047339757017176326	0.0054461667364892755	0.04105571847507333	59888037
2022-04-15	-0.008048289738430697	-0.008853118712273738	0.015291750503018068	-0.01569416498993966	-0.008048289738430697	29846848
2022-04-18	-0.01906693711967541	-0.006085192697768705	0.0040567951318459	-0.026369168356997916	-0.01906693711967541	23992953
2022-04-19	-0.011166253101736955	-0.006203473945409371	0.006203473945409371	-0.019437551695616166	-0.011166253101736955	20912301
2022-04-20	0.023421162693433657	0.0029276453366792257	0.0426599749058971	-0.006273525721455398	0.023421162693433657	35502583
2022-04-21	-0.017572537801389447	-0.006947282386595756	0.011442582754393181	-0.022067838169186726	-0.017572537801389447	30832615
2022-04-22	0.023294509151414403	-0.013311148086522475	0.03161397670549092	-0.014975041597337747	0.023294509151414403	34813867
2022-04-25	-0.03373983739837406	-0.011382113821138257	0.013821138211382106	-0.03455284552845534	-0.03373983739837406	55295828
2022-04-26	-0.002524190155658339	0.01220025241901553	0.030290281867900667	-0.005048380311316828	-0.002524190155658339	52020898
2022-04-27	0.003374103753690354	-0.008857022353437403	0.014761703922395524	-0.017292281737663437	0.003374103753690354	39357196
2022-04-28	0.031105506515342666	0.0004203446826398303	0.03236654056326186	-0.01891551071878938	0.031105506515342666	41243865
2022-04-29	0.056257643701589845	0.012229922543823773	0.078679168365267	0.012229922543823773	0.056257643701589845	79567971
2022-05-05	0.022385179467387044	0.02431493631802389	0.040138942493245816	0.007333076032419964	0.022385179467387044	44257731
2022-05-06	-0.0354850887127217	-0.019252548131370253	-0.01887504718761797	-0.04492261230653068	-0.0354850887127217	29449860
2022-05-09	-0.012133072407045099	-0.017221135029354257	0.005870841487279788	-0.021526418786692786	-0.012133072407045099	21399276
2022-05-10	0.015055467511885998	-0.017036450079239294	0.037638668779714855	-0.017036450079239294	0.015055467511885998	33462038
2022-05-11	-0.017954722872755693	0.0	0.015222482435597212	-0.018345042935206963	-0.017954722872755693	38351298
2022-05-12	0.015898251192368783	0.0	0.03139904610492843	-0.007949125596184391	0.015898251192368783	27647470
2022-05-13	0.006259780907668238	-0.001173708920187699	0.017214397496087688	-0.003129890453834049	0.006259780907668238	25609182
2022-05-16	-0.0023328149300155024	0.013608087091757443	0.013996889580093291	-0.01166407465007765	-0.0023328149300155024	17763779
2022-05-17	0.008573655494933705	0.0046765393608729925	0.01870615744349183	-0.010132501948558128	0.008573655494933705	24071823
2022-05-18	0.0015455950540959314	-0.00038639876352387985	0.012364760432766627	-0.014683153013910318	0.0015455950540959314	22050928
2022-05-19	-0.024305555555555653	-0.013117283950617415	-0.005015432098765531	-0.03549382716049389	-0.024305555555555653	31545326
2022-05-20	0.031237643337287433	0.0	0.039936733886911886	-0.001977066034005564	0.031237643337287433	39248743
2022-05-23	-0.018404907975460003	-0.002684049079754476	0.0	-0.02223926380368092	-0.018404907975460003	33300435
2022-05-24	-0.030078125000000122	-0.0039062500000000555	0.0007812499999999833	-0.03125000000000003	-0.030078125000000122	33110137
2022-05-25	0.0076520338300443535	-0.008054772452678183	0.01248489730165132	-0.008054772452678183	0.0076520338300443535	19710263
2022-05-26	-0.0011990407673861366	0.0015987210231814208	0.005195843325339689	-0.022382094324540316	-0.0011990407673861366	36039670
2022-05-27	0.005202080832333036	0.01040416166466593	0.03161264505802332	0.00040016006402567283	0.005202080832333036	31986592
2022-05-30	0.0075636942675158325	0.017117834394904448	0.019904458598726114	-0.003980891719745279	0.0075636942675158325	21108885
2022-05-31	0.0031608060055314836	-0.0015804030027656716	0.016594231529039973	-0.009087317265902823	0.0031608060055314836	29535825
2022-06-01	0.0027569909413154895	0.007877116975187053	0.014178810555336725	-0.003544702638834181	0.0027569909413154895	22629342
2022-06-02	-0.008641005498821776	-0.013747054202670911	-0.0003927729772192287	-0.027494108405341684	-0.008641005498821776	24101181
2022-06-06	-0.006735340729001512	-0.003961965134706731	-0.00039619651347060265	-0.021394611727416767	-0.006735340729001512	45513920
2022-06-07	-0.006781013163143267	-0.007977662544874323	0.0	-0.012764260071798974	-0.006781013163143267	38545081
2022-06-08	-0.02248995983935738	0.008032128514056339	0.008433734939759071	-0.036144578313252955	-0.02248995983935738	62193748
2022-06-09	-0.03327855382087094	-0.009038619556285902	-0.0057518488085456275	-0.03451109285127362	-0.03327855382087094	63183356
2022-06-10	0.02082447938801523	-0.00042498937526568476	0.02337441563960889	-0.007649808754781118	0.02082447938801523	36950779
2022-06-13	-0.017485428809325486	-0.013738551207327157	-0.0029142381348876054	-0.02747710241465446	-0.017485428809325486	36208075
2022-06-14	0.0211864406779661	-0.00635593220338992	0.0211864406779661	-0.00847457627118656	0.0211864406779661	33168465
2022-06-15	0.016597510373443924	-0.004149377593361055	0.036099585062240556	-0.004149377593361055	0.016597510373443924	43569763
2022-06-16	-0.0012244897959184137	0.0008163265306122275	0.013877551020408158	-0.0024489795918366825	-0.0012244897959184137	29327433
2022-06-17	0.021250510829587232	-0.006538618716796083	0.02983244789538212	-0.011851246424192855	0.021250510829587232	38774216
2022-06-20	0.022008803521408594	0.0	0.031212484993997647	-0.00040016006402553064	0.022008803521408594	49357757
2022-06-21	0.012529365700861406	0.004306969459671082	0.023884103367267012	-0.010180109631949805	0.012529365700861406	39613965
2022-06-22	-0.016627996906419168	0.0027068832173240635	0.0027068832173240635	-0.022428460943542085	-0.016627996906419168	28924835
2022-06-23	0.0019661816751868153	-0.0035391270153362115	0.012976799056232868	-0.007078254030672423	0.0019661816751868153	30071703
2022-06-24	0.044740973312401906	0.0027472527472527583	0.05141287284144422	0.0003924646781788858	0.044740973312401906	56888866
2022-06-27	0.025544703230653634	-0.004132231404958656	0.039819684447783575	-0.01051840721262213	0.025544703230653634	57396249
2022-06-28	-0.010622710622710592	-0.0073260073260073	-0.000732600732600717	-0.017582417582417596	-0.010622710622710592	26286315
2022-06-29	-0.007034431691965985	-0.00037023324694563357	0.018141429100333152	-0.012587930396149569	-0.007034431691965985	28743776
2022-06-30	0.023862788963460127	-0.0007457121551081124	0.03952274422073075	-0.004474272930648807	0.023862788963460127	29764283
2022-07-01	-0.016751638747268784	0.0050983248361252936	0.012017479970866652	-0.022942461762563822	-0.016751638747268784	19939715
2022-07-04	0.006666666666666656	-0.000740740740740725	0.010740740740740709	-0.012592592592592588	0.006666666666666656	20137419
2022-07-05	-0.02170713760117733	0.00662251655629138	0.02575423105224427	-0.03384841795437815	-0.02170713760117733	37149314
2022-07-06	0.0011282437006393808	0.006393380970289647	0.025949605114704826	-0.010530274539300532	0.0011282437006393808	31817834
2022-07-07	-0.012021036814425255	-0.01051840721262213	0.0	-0.02704733283245689	-0.012021036814425255	26648493
2022-07-08	-0.004562737642585589	0.009885931558935286	0.01292775665399239	-0.011406844106463905	-0.004562737642585589	16378426
2022-07-11	0.0057295645530939104	-0.006875477463712747	0.01031321619556912	-0.0233002291825821	0.0057295645530939104	30420977
2022-07-12	0.025446259020129196	-0.00493733383972651	0.04329661982529436	-0.00493733383972651	0.025446259020129196	45516478
2022-07-13	-0.024814814814814876	0.003333333333333328	0.011851851851851862	-0.029629629629629655	-0.024814814814814876	35936243
2022-07-14	-0.03342195214584121	0.015951386251424296	0.024306874287884566	-0.045955184200531615	-0.03342195214584121	56137087
2022-07-15	-0.031434184675834996	-0.012180746561886	0.010216110019646427	-0.031434184675834996	-0.031434184675834996	39003164
2022-07-18	0.033265720081135916	0.0	0.04300202839756602	-0.006490872210953353	0.033265720081135916	27186469
2022-07-19	-0.01295641931684328	-0.00863761287789552	0.0	-0.022379269729093064	-0.01295641931684328	20708964
2022-07-20	0.009546539379474878	0.010342084327764439	0.02028639618138417	0.0027844073190135357	0.009546539379474878	22234491
2022-07-21	-0.01694247438928289	0.00039401103230896626	0.006698187549251447	-0.018124507486209508	-0.01694247438928289	19436332
2022-07-22	0.0004008016032064755	-0.0004008016032063331	0.015230460921843648	-0.018436873747495024	0.0004008016032064755	23520518
2022-07-25	0.007612179487179396	0.00120192307692298	0.01602564102564097	-0.012419871794871886	0.007612179487179396	25601593
2022-07-26	0.01789264413518898	0.0	0.019880715705765408	-0.0015904572564611988	0.01789264413518898	30419247
2022-07-27	-0.013281249999999994	-0.008203125000000033	0.0011718749999999056	-0.018750000000000017	-0.013281249999999994	17236062
2022-07-28	-0.004354711005542478	0.00633412509897071	0.011480601741884368	-0.008709422011084813	-0.004354711005542478	18402544
2022-07-29	-0.014314115308151071	0.003976143141153138	0.011928429423459274	-0.01590457256461227	-0.014314115308151071	24647010
2022-08-01	-0.018555869302137994	-0.007664380798709065	-0.0028237192416297008	-0.023799919322307378	-0.018555869302137994	26565009
2022-08-02	-0.020550760378133994	-0.010686395396629595	-0.009453349773941508	-0.03164817098232633	-0.020550760378133994	22125427
2022-08-03	-0.021821233738984456	0.0	0.015107007973143223	-0.024339068401174918	-0.021821233738984456	26286012
2022-08-04	-0.0004290004290003437	0.008151008151008205	0.011154011154011222	-0.009867009867009885	-0.0004290004290003437	19567226
2022-08-05	0.006437768240343286	0.003433476394849712	0.011587982832618008	-0.021888412017167447	0.006437768240343286	39349811
2022-08-08	0.002985074626865684	-0.005970149253731368	0.017910447761194104	-0.011513859275053287	0.002985074626865684	34368177
2022-08-09	-0.0017006802721088073	0.01360544217687076	0.01360544217687076	-0.004676870748299295	-0.0017006802721088073	19227049
2022-08-10	-0.02896081771720612	0.0029812606473594667	0.0029812606473594667	-0.030664395229982915	-0.02896081771720612	37112514
2022-08-11	0.029824561403508757	0.007017543859649129	0.031578947368421005	0.003070175438596504	0.029824561403508757	28614072
2022-08-12	0.008517887563884127	0.001277683134582672	0.013202725724020389	-0.005536626916524659	0.008517887563884127	21191341
2022-08-15	-0.002956081081081093	0.0004222972972973633	0.008445945945945915	-0.008023648648648702	-0.002956081081081093	21508786
2022-08-16	0.0004235493434985838	-0.002964845404489635	0.010165184243964506	-0.005506141465480686	0.0004235493434985838	21279177
2022-08-17	0.029635901778154075	0.0012701100762065023	0.03810330228619808	-0.00508044030482646	0.029635901778154075	31918988
2022-08-18	-0.013157894736842117	-0.0012335526315789941	0.00041118421052623396	-0.019736842105263174	-0.013157894736842117	20318398
2022-08-19	0.012916666666666613	-0.0024999999999999467	0.01874999999999997	-0.0029166666666666785	0.012916666666666613	21758437
2022-08-22	0.0037021801727684022	-0.008638420403126176	0.019744960921431527	-0.00987248046071569	0.0037021801727684022	24321286
2022-08-23	-0.005737704918032665	-0.01639344262295076	0.0012295081967213582	-0.02377049180327862	-0.005737704918032665	22534460
2022-08-24	0.0016488046166528913	0.00041220115416314965	0.00906842539159105	-0.01360263808738672	0.0016488046166528913	26459061
2022-08-25	0.006584362139917701	0.0041152263374484715	0.00781893004115217	-0.009465020576131704	0.006584362139917701	13013167
2022-08-26	-0.005314799672935509	0.004497138184791473	0.005723630417007382	-0.015535568274734363	-0.005314799672935509	14747285
2022-08-29	0.009864364981504397	-0.0073982737361282256	0.017262638717632624	-0.010275380189066997	0.009864364981504397	15543539
2022-08-30	0.03378103378103371	0.008140008140008112	0.03581603581603578	0.007733007733007785	0.03378103378103371	47202594
2022-08-31	0.018503937007874113	-0.0015748031496062658	0.029527559055118113	-0.007874015748031468	0.018503937007874113	39862756
2022-09-01	0.013142636258214142	0.0	0.03208349439505212	-0.003092385001932812	0.013142636258214142	52633187
2022-09-02	-0.022128958412819606	-0.006104540251812291	-0.0022892025944296936	-0.02708889736741705	-0.022128958412819606	30110689
2022-09-05	-0.0019508388607101333	-0.007023019898556368	0.006242684354272343	-0.02458056964494729	-0.0019508388607101333	28218049
2022-09-06	0.0043002345582487484	0.0074276778733385965	0.012509773260359668	-0.01368256450351829	0.0043002345582487484	21523467
2022-09-07	0.004281821720513796	0.0	0.012066952121447984	-0.003114052160373758	0.004281821720513796	25550946
2022-09-08	0.003100775193798383	0.007364341085271229	0.02131782945736437	-0.0015503875968991916	0.003100775193798383	21311243
2022-09-09	0.023956723338485357	0.007341576506955228	0.03323029366306026	-0.003863987635239485	0.023956723338485357	33863079
2022-09-13	-0.0007547169811320594	-0.008679245283018885	0.008301886792452787	-0.012452830188679181	-0.0007547169811320594	20395227
2022-09-14	0.0003776435045316469	-0.009818731117824832	0.006797583081570986	-0.0268126888217523	0.0003776435045316469	21426459
2022-09-15	0.014722536806342038	0.0	0.022650056625141617	-0.0030200075500188108	0.014722536806342038	32649282
2022-09-16	-0.030505952380952394	-0.014136904761904726	-0.00558035714285709	-0.03311011904761907	-0.030505952380952394	33275118
2022-09-19	0.003837298541826609	-0.004604758250191767	0.007290867229470502	-0.014198004604758153	0.003837298541826609	20575299
2022-09-20	-0.011085626911314952	0.0	0.0038226299694190144	-0.019495412844036757	-0.011085626911314952	24326511
2022-09-21	-0.026285272516428284	-0.0065713181291071395	0.0034789331271743275	-0.03749516814843457	-0.026285272516428284	42128353
2022-09-22	-0.025009924573243452	-0.01190948789202067	-0.009527590313616593	-0.037316395394998064	-0.025009924573243452	34345041
2022-09-23	-0.002442996742670958	0.006514657980456032	0.014657980456026181	-0.012214983713354935	-0.002442996742670958	25127606
2022-09-26	0.01836734693877548	-0.0159183673469388	0.028571428571428543	-0.0159183673469388	0.01836734693877548	32750081
2022-09-27	0.02605210420841692	-0.01002004008016032	0.02965931863727463	-0.01002004008016032	0.02605210420841692	24263898
2022-09-28	-0.011718750000000028	-0.009765625	0.007812499999999972	-0.018750000000000017	-0.011718750000000028	25454657
2022-09-29	-0.014229249011857684	0.012648221343873528	0.013438735177865606	-0.019762845849802372	-0.014229249011857684	28695046
2022-09-30	-0.006816359262229419	0.0024057738572573666	0.010024057738572574	-0.011627906976744293	-0.006816359262229419	26770288
2022-10-10	0.0016148566814694852	0.018167137666532066	0.019781994348001694	-0.0024222850222042278	0.0016148566814694852	26875474
2022-10-11	0.0012091898428053663	0.005642885933091518	0.007658202337767081	-0.012494961708988261	0.0012091898428053663	18683820
2022-10-12	0.006038647342995112	0.0004025764895330742	0.00684380032206126	-0.032608695652173864	0.006038647342995112	16417775
2022-10-13	-0.03201280512204871	-0.007202881152460973	-0.0012004801920767342	-0.03681472589035607	-0.03201280512204871	19757287
2022-10-14	0.018602728400165327	0.002893757751136845	0.04175279040925994	0.0020669698222404776	0.018602728400165327	26725343
2022-10-17	-0.008522727272727307	0.005275974025973985	0.005275974025973985	-0.017857142857142908	-0.008522727272727307	22431980
2022-10-18	0.013917314776913626	0.003274662300450342	0.029062627916496147	0.003274662300450342	0.013917314776913626	25611552
2022-10-19	-0.05086798546628979	-0.002825999192571671	0.006863140896245527	-0.05369398465886146	-0.05086798546628979	35057413
2022-10-20	-0.0055295618885581686	-0.011059123777116186	0.01573798383666514	-0.014036580178647461	-0.0055295618885581686	23480864
2022-10-21	-0.012831479897348192	0.005132591958939307	0.011548331907613327	-0.016680923866552635	-0.012831479897348192	21411359
2022-10-24	-0.039861351819757286	-0.0073656845753898685	0.00866551126516477	-0.04246100519930663	-0.039861351819757286	36896548
2022-10-25	-0.003610108303249181	0.016245487364620913	0.019404332129963887	-0.009025270758122712	-0.003610108303249181	26520300
2022-10-26	-0.013134057971014456	-0.0013586956521738037	0.013134057971014615	-0.02128623188405792	-0.013134057971014456	32109842
2022-10-27	-0.004130335016062407	0.0004589261128958955	0.015603487838458002	-0.008260670032124814	-0.004130335016062407	29764052
2022-10-28	-0.018433179723502238	0.004608294930875642	0.01152073732718894	-0.023502304147465347	-0.018433179723502238	26346325
2022-10-31	-0.023474178403755867	0.010328638497652528	0.019248826291079817	-0.027699530516431918	-0.023474178403755867	43751418
2022-11-01	0.03124999999999993	0.009615384615384581	0.03124999999999993	-0.002403846153846188	0.03124999999999993	45866380
2022-11-02	0.019114219114219122	-0.007459207459207466	0.03170163170163169	-0.01631701631701622	0.019114219114219122	46894625
2022-11-03	-0.02012808783165589	-0.0054894784995425895	-0.0009149130832570711	-0.02333028362305572	-0.02012808783165589	23180195
2022-11-04	0.03734827264239016	-0.00046685340802995155	0.05042016806722681	-0.0009337068160599031	0.03734827264239016	44942851
2022-11-07	0.01035103510351037	-0.0063006300630063265	0.01980198019801986	-0.008550855085508449	0.01035103510351037	28587645
2022-11-08	0.001781737193763882	0.0004454342984410496	0.008908685968819567	-0.01069042316258345	0.001781737193763882	20160685
2022-11-09	-0.003112494441974066	-0.00044464206313908454	0.013783903957314464	-0.006669630947087532	-0.003112494441974066	17652968
2022-11-10	-0.0026761819803747667	-0.012042818911686133	0.003568242640499478	-0.01828724353256022	-0.0026761819803747667	16170086
2022-11-11	0.05903398926654742	0.04382826475849734	0.07737030411449018	0.020125223613595675	0.05903398926654742	53810733
2022-11-14	0.01520270270270268	0.027449324324324266	0.05827702702702699	0.009290540540540492	0.01520270270270268	58009353
2022-11-15	0.004575707154742073	-0.0016638935108152725	0.01580698835274553	-0.009567387687188037	0.004575707154742073	20615625
2022-11-16	-0.007039337474120007	-0.0008281573498964628	0.0	-0.01863354037267078	-0.007039337474120007	22160246
2022-11-17	-0.001668056713928238	-0.005421184320266848	0.007089241034195086	-0.013761467889908334	-0.001668056713928238	17055752
2022-11-18	0.0033416875522137967	0.0016708437761068983	0.013366750208855483	-0.010025062656641687	0.0033416875522137967	20033218
2022-11-21	-0.017485428809325486	-0.0004163197335552877	0.0	-0.02414654454621142	-0.017485428809325486	24872255
2022-11-22	0.013135593220338929	0.007203389830508396	0.02161016949152534	0.002542372881355878	0.013135593220338929	17410501
2022-11-23	0.0037641154328732686	0.0004182350480970959	0.018402342116269396	-0.010037641154328668	0.0037641154328732686	18444463
2022-11-24	-0.0074999999999999884	0.0024999999999999467	0.012916666666666613	-0.01250000000000003	-0.0074999999999999884	10772789
2022-11-25	0.01595298068849702	-0.0029387069689336812	0.020151133501259463	-0.0029387069689336812	0.01595298068849702	18780592
2022-11-28	-0.02727272727272728	-0.016528925619834652	-0.011157024793388412	-0.043388429752066145	-0.02727272727272728	26521940
2022-11-29	0.04502973661852176	0.013169073916737566	0.047578589634664444	0.013169073916737566	0.04502973661852176	50484835
2022-11-30	-0.0028455284552845643	-0.004471544715447275	0.007723577235772265	-0.012601626016260255	-0.0028455284552845643	20995101
2022-12-01	-0.0016306563391766285	0.013045250713412159	0.02160619649408877	-0.00896860986547095	-0.0016306563391766285	29563468
2022-12-02	-0.019191506737443808	-0.006124948958758619	-0.0004083299305838306	-0.03103307472437722	-0.019191506737443808	30412125
2022-12-05	0.03205661948376351	0.011656952539550422	0.03663613655287257	0.0	0.03205661948376351	33519001
2022-12-06	0.0	-0.01008471157724889	0.008471157724889104	-0.01169826542960868	0.0	18474452
2022-12-07	-0.01008471157724889	-0.0004033884630898754	0.008067769261799085	-0.012101653892698698	-0.01008471157724889	19782729
2022-12-08	0.0024449877750612175	0.0008149959250203575	0.006112469437652899	-0.011002444987775044	0.0024449877750612175	19468834
2022-12-09	0.034552845528455195	0.00813008130081298	0.03617886178861776	0.0	0.034552845528455195	41062319
2022-12-12	-0.02161100196463657	-0.017681728880157142	-0.009823182711198428	-0.02554027504911586	-0.02161100196463657	27637001
2022-12-13	0.00040160642570287404	-0.002409638554216816	0.006024096385542255	-0.012851405622489973	0.00040160642570287404	20115967
2022-12-14	0.0008028904054596377	-0.005218787635487716	0.011240465676435211	-0.006021678040947354	0.0008028904054596377	17725963
2022-12-15	-0.009626955475330864	-0.0012033694344164114	0.017248295226634566	-0.015643802647412778	-0.009626955475330864	26447163
2022-12-16	0.012555690562980911	-0.005265289590927604	0.012555690562980911	-0.005670311867152716	0.012555690562980911	18723241
2022-12-19	-0.008400000000000034	-0.006800000000000068	0.013199999999999932	-0.013599999999999994	-0.008400000000000034	21123540
2022-12-20	-0.030254134731746672	-0.01008471157724889	-0.003630496167809595	-0.03630496167809595	-0.030254134731746672	22058249
2022-12-21	0.017470881863560803	0.007903494176372766	0.03078202995008328	0.000415973377703892	0.017470881863560803	22606185
2022-12-22	0.011447260834014619	0.013900245298446436	0.020032706459525693	-0.002452984464431818	0.011447260834014619	19262007
2022-12-23	-0.006871463217461527	-0.003637833468067901	0.004850444624090582	-0.01535974130962001	-0.006871463217461527	16063986
2022-12-26	-0.013838013838013832	0.0028490028490028604	0.0032560032560031865	-0.01750101750101749	-0.013838013838013832	16114669
2022-12-27	0.03549319026000823	0.007428807263722646	0.04003301692117205	0.0	0.03549319026000823	25040306
2022-12-28	-0.005978477481068098	0.003587086488640887	0.003587086488640887	-0.015544041450777224	-0.005978477481068098	18472334
2022-12-29	-0.010024057738572574	-0.0048115477145148754	-0.00040096230954296563	-0.019647153167602325	-0.010024057738572574	15476495
2022-12-30	-0.009315512353179442	0.005265289590927461	0.010530579181854922	-0.009315512353179442	-0.009315512353179442	21069094
2023-01-03	-0.003679476696647582	-0.002861815208503691	0.001635322976287782	-0.01839738348323791	-0.003679476696647582	28657547
2023-01-04	0.02010668855149768	0.013541239228559635	0.03323758719737377	-0.0016413623307346204	0.02010668855149768	33303475
2023-01-05	0.03419147224456965	0.012469831053901943	0.043845534995977466	0.004424778761061924	0.03419147224456965	40015563
2023-01-06	-0.0027226760015558256	0.00038895371450789614	0.008945935433683407	-0.01361338000777913	-0.0027226760015558256	32742434
2023-01-09	-0.003120124804992272	0.004290171606864252	0.00897035881435259	-0.005460218408736371	-0.003120124804992272	17772944
2023-01-10	0.007433489827856075	-0.003912363067292562	0.017214397496087688	-0.0050860719874804	0.007433489827856075	15634147
2023-01-11	0.012815533980582458	0.0	0.020582524271844704	-0.007766990291262109	0.012815533980582458	24938770
2023-01-12	-0.013036809815950916	-0.0007668711656441555	0.0038343558282209135	-0.018404907975460003	-0.013036809815950916	23302088
2023-01-13	0.025252525252525335	0.006216006216006222	0.025641025641025647	-0.003108003108003042	0.025252525252525335	28611604
2023-01-16	0.03145130731337621	-0.0003789314134142313	0.04016672982190218	-0.0034103827207275427	0.03145130731337621	43136927
2023-01-17	-0.010286554004408435	-0.006245407788390821	0.006612784717119755	-0.018736223365172593	-0.010286554004408435	26544763
2023-01-18	-0.014476614699331869	0.0	0.0055679287305121965	-0.016703786191536854	-0.014476614699331869	19078844
2023-01-19	-0.007156308851224154	0.004896421845574351	0.005273069679849362	-0.016572504708097978	-0.007156308851224154	22356606
2023-01-20	0.0011380880121396487	0.0022761760242792973	0.007207890743550883	-0.010242792109256433	0.0011380880121396487	24018619
2023-01-30	-0.009094353921940204	0.015536187949981059	0.01780977643046604	-0.015157256536566962	-0.009094353921940204	34594847
2023-01-31	-0.017208413001912018	0.0003824091778203275	0.013001912045889097	-0.020267686424474095	-0.017208413001912018	30074024
2023-02-01	0.002334630350194641	0.0035019455252918233	0.014007782101167293	-0.004669260700389144	0.002334630350194641	32442873
2023-02-02	0.023291925465838425	0.0038819875776396687	0.026397515527950298	-0.0019409937888199033	0.023291925465838425	35976858
2023-02-03	-0.017071320182094056	-0.013657056145675243	-0.004172989377845199	-0.022003034901365643	-0.017071320182094056	24361520
2023-02-06	-0.016209957545349353	-0.005403319181783117	-0.0007719027402547115	-0.023543033577769178	-0.016209957545349353	25015340
2023-02-07	0.015692428403295496	0.0019615535504119543	0.02785406041584939	0.001569242840329647	0.015692428403295496	18040135
2023-02-08	0.010428736964078778	0.00038624951718802664	0.016222479721900277	-0.005021243723445307	0.010428736964078778	22623246
2023-02-09	0.004587155963302791	0.00038226299694195577	0.01299694189602446	-0.00802752293577985	0.004587155963302791	20242407
2023-02-10	-0.004566210045662138	0.003805175038051669	0.005327245053272472	-0.007990867579908708	-0.004566210045662138	12640236
2023-02-13	0.020642201834862352	-0.006116207951070342	0.023318042813455637	-0.006116207951070342	0.020642201834862352	21380110
2023-02-14	0.002621722846441958	0.0011235955056180201	0.005617977528089967	-0.005243445692883916	0.002621722846441958	13831700
2023-02-15	-0.01905117669032492	0.0003735524841240778	0.0003735524841240778	-0.022786701531565163	-0.01905117669032492	17796911
2023-02-16	0.0015232292460014907	0.008377760853008334	0.02246763137852246	-0.006092916984006098	0.0015232292460014907	21854544
2023-02-17	-0.013688212927756632	-0.0015209125475284847	0.0083650190114068	-0.015969581749049493	-0.013688212927756632	13679426
2023-02-20	0.06206630686198918	0.0030840400925211367	0.06784888203546638	0.0011565150346953578	0.06206630686198918	47885877
2023-02-21	0.0018148820326679023	0.0018148820326679023	0.005081669691470075	-0.01161524500907442	0.0018148820326679023	20527891
2023-02-22	-0.006884057971014539	-0.007246376811594305	0.0	-0.01630434782608706	-0.006884057971014539	17601814
2023-02-23	-0.009850419554906953	-0.0003648303538855003	0.01605253557095955	-0.015322874863188679	-0.009850419554906953	22696652
2023-02-24	-0.02210759027266033	-0.001473839351510654	0.0	-0.02763448784082535	-0.02210759027266033	27798811
2023-02-27	-0.01130369253956295	-0.00904295403165028	-0.0011303692539562013	-0.023737754333082103	-0.01130369253956295	23511972
2023-02-28	0.0026676829268292793	0.001524390243902542	0.01181402439024399	-0.011814024390243854	0.0026676829268292793	26371810
2023-03-01	-0.005321170657544547	-0.00038008361839597156	0.012922843025465598	-0.03344735841885211	-0.005321170657544547	41861398
2023-03-02	-0.006495987772258376	-0.005349636988918631	0.0026748184944591796	-0.013756209400076536	-0.006495987772258376	34486676
2023-03-03	-0.0007692307692307529	0.007307692307692357	0.008461538461538418	-0.007692307692307665	-0.0007692307692307529	27295377
2023-03-06	-0.02809853733641264	-0.0034642032332563456	-0.002694380292532728	-0.029638183217859874	-0.02809853733641264	36738343
2023-03-07	-0.018613861386138568	-0.0011881188118812332	0.009108910891089126	-0.023762376237623818	-0.018613861386138568	31528822
2023-03-08	-0.008071025020177676	-0.004842615012106578	-0.000807102502017739	-0.017756255044390688	-0.008071025020177676	23755517
2023-03-09	-0.017493897477624074	0.00040683482506108885	0.0020341741253051553	-0.020341741253051264	-0.017493897477624074	32487373
2023-03-10	-0.026915113871635553	-0.007039337474120007	0.0	-0.026915113871635553	-0.026915113871635553	31284588
2023-03-13	0.025957446808510615	0.0038297872340425474	0.040425531914893585	0.0038297872340425474	0.025957446808510615	41640143
2023-03-14	-0.021982579842389098	-0.001244296972210748	-0.00041476565740348445	-0.03359601824968887	-0.021982579842389098	32525560
2023-03-15	0.005089058524173071	0.011874469889737114	0.014418999151823726	-0.0008481764206954867	0.005089058524173071	23835217
2023-03-16	0.0004219409282701082	-0.008438818565400814	0.005485232067510506	-0.010126582278480947	0.0004219409282701082	15619765
2023-03-17	-0.013918177983973084	0.005061155630535531	0.01054407423028258	-0.01644875579924085	-0.013918177983973084	30873564
2023-03-20	-0.012831479897348192	0.0012831479897348647	0.0106928999144568	-0.014114627887082905	-0.012831479897348192	29783925
2023-03-21	0.03249566724436742	0.004766031195840684	0.03769497400346625	0.0004332755632583	0.03249566724436742	31645280
2023-03-22	-0.014687368862777923	0.0016785564414604575	0.010910616869492303	-0.018883759966428843	-0.014687368862777923	26763171
2023-03-23	-0.0034071550255537412	-0.001277683134582672	0.005962521294718933	-0.007666098807495729	-0.0034071550255537412	20648294
2023-03-24	0.003418803418803498	0.0	0.006837606837606844	-0.010683760683760684	0.003418803418803498	25021900
2023-03-27	-0.005110732538330536	0.0008517887563883975	0.009795570698466798	-0.01107325383304947	-0.005110732538330536	29239529
2023-03-28	0.0021404109589041403	0.0021404109589041403	0.005993150684931532	-0.011130136986301284	0.0021404109589041403	27197234
2023-03-29	0.0034173430158051387	0.0034173430158051387	0.0064075181546347105	-0.006834686031610429	0.0034173430158051387	26726222
2023-03-30	0.03107705406555983	0.0008514261387825938	0.03831417624521082	-0.005108556832694655	0.03107705406555983	50438767
2023-03-31	-0.0635838150289017	-0.01734104046242767	-0.013625103220478873	-0.06895127993393882	-0.0635838150289017	130461595
2023-04-03	-0.017636684303350907	0.0	0.018518518518518594	-0.021164021164021184	-0.017636684303350907	95872774
2023-04-04	-0.012567324955116747	0.004937163375224391	0.005834829443446992	-0.03186714542190309	-0.012567324955116747	73414842
2023-04-06	0.013181818181818144	-0.0054545454545455	0.013636363636363669	-0.009545454545454584	0.013181818181818144	38539584
2023-04-07	0.008972633467922804	-0.0017945266935845288	0.01839389860924182	-0.005383580080753587	0.008972633467922804	34415955
2023-04-10	0.002667852378835139	0.001778568252556812	0.007114273010226774	-0.004001778568252551	0.002667852378835139	24974387
2023-04-11	0.007538802660753798	0.0026607538802660186	0.01951219512195112	0.0013303769401329306	0.007538802660753798	45644702
2023-04-12	0.011883802816901391	0.03433098591549301	0.03433098591549301	0.002200704225352144	0.011883802816901391	49481744
2023-04-13	-0.00913440626359275	-0.008264462809917257	-0.0013049151805131617	-0.015224010439321353	-0.00913440626359275	31742472
2023-04-14	-0.0008779631255487082	0.0	0.013169446883230778	-0.0026338893766462805	-0.0008779631255487082	28296700
2023-04-17	0.028119507908611466	0.0	0.03031634446397178	-0.0013181019332162186	0.028119507908611466	56376765
2023-04-18	0.005128205128205171	-0.005555555555555513	0.010256410256410341	-0.008119658119658023	0.005128205128205171	40535499
2023-04-19	-0.025085034013605435	-0.003826530612244892	-0.0008503401360544036	-0.030612244897959134	-0.025085034013605435	41141465
2023-04-20	0.024422154382904435	0.0	0.03139991277802001	-0.0021805494984736464	0.024422154382904435	55081050
2023-04-21	-0.01873137505321404	-0.003831417624521067	0.006811409110259691	-0.020434227330778924	-0.01873137505321404	38993950
2023-04-24	-0.019088937093275544	0.0	0.013015184381778773	-0.027331887201735315	-0.019088937093275544	34878207
2023-04-25	-0.005307386112339717	0.0017691287041131866	0.005749668288367935	-0.02255639097744352	-0.005307386112339717	28641537
2023-04-26	-0.0013339261894174115	-0.00044464206313908454	0.014673188083592791	-0.010671409515340083	-0.0013339261894174115	19978499
2023-04-27	-0.000445235975066855	0.003561887800534207	0.004007123775601062	-0.015138023152270697	-0.000445235975066855	28879148
2023-04-28	0.0556792873051225	0.03563474387527843	0.0610244988864143	0.029398663697104685	0.0556792873051225	75011476
2023-05-04	-0.008438818565400814	0.0033755274261604157	0.010548523206751054	-0.010126582278480947	-0.008438818565400814	40950071
2023-05-05	-0.03829787234042547	0.0012765957446808994	0.010638297872340425	-0.04212765957446802	-0.03829787234042547	43462173
2023-05-08	-0.009734513274336389	0.0013274336283184772	0.004424778761061852	-0.021238938053097362	-0.009734513274336389	36159307
2023-05-09	-0.005361930294906052	-0.002680965147453026	0.013851653261841032	-0.00938337801608567	-0.005361930294906052	34742300
2023-05-10	0.017070979335130233	0.0013477088948785976	0.02560646900269527	-0.004043126684636112	0.017070979335130233	27457295
2023-05-11	-0.011925795053003514	-0.002208480565371056	0.01148409893992924	-0.013692579505300454	-0.011925795053003514	22193239
2023-05-12	0.0017881090746535158	0.0004470272686632995	0.021010281627179207	-0.003129190880643732	0.0017881090746535158	28337069
2023-05-15	0.001784917447568012	0.011155734047300312	0.011601963409192395	-0.01695671575189643	0.001784917447568012	34641988
2023-05-16	-0.005790645879732695	0.0	0.0004454342984410496	-0.01069042316258345	-0.005790645879732695	21206393
2023-05-17	-0.010304659498207904	-0.003136200716845891	0.0022401433691756592	-0.012096774193548368	-0.010304659498207904	22685460
2023-05-18	0.0	-0.0022634676324128885	0.01584427342689006	-0.008601177003168913	0.0	27877459
2023-05-19	0.013128112267994528	-0.0009053870529651233	0.036668175645088216	-0.01086464463558164	0.013128112267994528	41989319
2023-05-22	0.03261840929401253	0.0	0.03440571939231455	-0.0022341376228776012	0.03261840929401253	39853750
2023-05-23	-0.007788836001730841	-0.0038944180008654203	0.0017308524448290414	-0.011250540891388923	-0.007788836001730841	23862494
2023-05-24	-0.0279110335804623	-0.001308329699084219	-0.0008722197993894275	-0.028347143480156937	-0.0279110335804623	27610554
2023-05-25	-0.0004486316733960525	-0.0035890533871690577	0.004486316733961482	-0.00628084342754601	-0.0004486316733960525	16798566
2023-05-26	-0.0053859964093357715	0.0013464991023338232	0.003141831238779187	-0.020646319569120324	-0.0053859964093357715	20952965
2023-05-29	-0.010830324909747223	0.004061371841155228	0.016696750902527122	-0.015794223826714866	-0.010830324909747223	30769061
2023-05-30	-0.010036496350365073	0.0	0.006843065693430591	-0.02372262773722642	-0.010036496350365073	32606374
2023-05-31	-0.010138248847926214	0.002304147465437821	0.002304147465437821	-0.02304147465437788	-0.010138248847926214	30131027
2023-06-01	-0.0009310986964618051	0.0	0.010242085661080022	-0.010707635009311007	-0.0009310986964618051	23539771
2023-06-02	0.0601118359739049	0.006523765144454826	0.06477166821994411	0.0018639328984156173	0.0601118359739049	69137194
2023-06-05	0.004395604395604458	-0.005274725274725318	0.006593406593406531	-0.016263736263736308	0.004395604395604458	24964108
2023-06-06	-0.004376367614879712	-0.0008752735229760667	0.018818380743982482	-0.007877461706783356	-0.004376367614879712	25243307
2023-06-07	-0.005274725274725318	0.004395604395604458	0.015384615384615448	-0.011428571428571498	-0.005274725274725318	17776724
2023-06-08	0.016349977905435308	0.003093239063190468	0.022536456031816244	-0.004860804242156405	0.016349977905435308	18418455
2023-06-09	-0.008695652173913012	0.005217391304347869	0.013043478260869596	-0.013043478260869596	-0.008695652173913012	19418318
2023-06-12	0.022368421052631492	-0.005263157894736885	0.029824561403508757	-0.005263157894736885	0.022368421052631492	29809867
2023-06-13	-0.0025740025740025193	-0.004719004719004695	0.005577005577005687	-0.013299013299013245	-0.0025740025740025193	18757149
2023-06-14	0.00344086021505369	0.0021505376344086325	0.008602150537634377	-0.0047311827956989004	0.00344086021505369	24493991
2023-06-15	0.01885983711958857	0.005143591941706001	0.022717531075868033	0.0021431633090441796	0.01885983711958857	35769517
2023-06-16	0.0033655868742112683	0.0037862852334875833	0.009676062263357191	-0.0071518721076987025	0.0033655868742112683	34003093
2023-06-19	-0.0184486373165619	0.0004192872117399585	0.0004192872117399585	-0.023060796645702333	-0.0184486373165619	28801887
2023-06-20	0.008116189662537432	0.003844510892780857	0.02178556172575829	-0.001281503630927003	0.008116189662537432	22064578
2023-06-21	-0.007627118644067784	-0.00635593220338992	0.007203389830508396	-0.00847457627118656	-0.007627118644067784	19567638
2023-06-26	0.0004269854824935102	-0.006404782237404019	0.005977796754910205	-0.013663535439795059	0.0004269854824935102	25177168
2023-06-27	0.015791720017072172	0.005548442168160436	0.022193768672641893	0.00042680324370471885	0.015791720017072172	23984936
2023-06-28	0.0012605042016805706	-0.0021008403361344836	0.0075630252100840215	-0.006722689075630258	0.0012605042016805706	17909178
2023-06-29	-0.012169534200587459	0.0	0.002517834662190612	-0.015946286193873227	-0.012169534200587459	16535136
2023-06-30	-0.0025488530161426816	0.009770603228547172	0.020390824129141904	-0.0025488530161426816	-0.0025488530161426816	27709355
2023-07-03	-0.007666098807495729	0.0025553662691651926	0.013628620102214663	-0.009795570698466798	-0.007666098807495729	33621856
2023-07-04	-0.009871244635193151	-0.0021459227467811462	0.005579399141630859	-0.018025751072961445	-0.009871244635193151	27601362
2023-07-05	-0.005635023840485436	0.0	0.002167316861725215	-0.010836584308625921	-0.005635023840485436	17579645
2023-07-06	-0.00610287707061903	-0.003487358326068084	0.019616390584132486	-0.013513513513513611	-0.00610287707061903	25301986
2023-07-07	0.002631578947368365	-0.004824561403508747	0.006140350877193008	-0.007894736842105251	0.002631578947368365	15829923
2023-07-10	0.011811023622047227	0.006124234470691188	0.015748031496062968	0.00481189851268589	0.011811023622047227	20693508
2023-07-11	0.009079118028534408	0.011673151750972745	0.015996541288370126	0.0038910505836575815	0.009079118028534408	22041528
2023-07-12	-0.00685518423307627	0.0008568980291345147	0.0047129391602399075	-0.01028277634961433	-0.00685518423307627	14490805
2023-07-13	0.006039689387402958	0.003451251078516042	0.013805004314063861	0.0017256255392579442	0.006039689387402958	24573068
2023-07-14	-0.011578044596912503	0.0034305317324184515	0.0034305317324184515	-0.014579759862778725	-0.011578044596912503	19337546
2023-07-17	-0.009978308026030386	-0.0004338394793926925	-0.0004338394793926925	-0.01691973969631239	-0.009978308026030386	14688621
2023-07-18	-0.0008764241893076062	-0.0008764241893076062	0.0008764241893076062	-0.019719544259421528	-0.0008764241893076062	19944394
2023-07-19	0.011403508771929737	-0.007456140350877267	0.011403508771929737	-0.01052631578947377	0.011403508771929737	17735596
2023-07-20	0.0026019080659151032	-0.0021682567215957137	0.00997398091934087	-0.005203816131829898	0.0026019080659151032	16702454
2023-07-21	-0.007352941176470662	-0.005190311418685164	0.007352941176470508	-0.010380622837370328	-0.007352941176470662	17665686
2023-07-24	-0.011764705882352924	-0.010457516339869213	0.0017429193899781764	-0.015250544662309276	-0.011764705882352924	15270970
2023-07-25	0.05158730158730166	0.014109347442680789	0.055114638447971785	0.014109347442680789	0.05158730158730166	55911092
2023-07-26	0.0016771488469601319	-0.0020964360587002392	0.005031446540880395	-0.007547169811320743	0.0016771488469601319	16731833
2023-07-27	-0.011301799916282945	-0.00041858518208461964	0.004604437002930072	-0.013813311008790366	-0.011301799916282945	18797234
2023-07-28	0.035139712108382654	0.0	0.041490262489415765	-0.0008467400508043849	0.035139712108382654	48410916
2023-07-31	0.010224948875255624	0.01758691206543966	0.031492842535787303	0.004089979550102308	0.010224948875255624	40235932
2023-08-01	-0.005263157894736802	0.000404858299595205	0.010526315789473748	-0.011740890688259075	-0.005263157894736802	25433369
2023-08-02	0.0	0.0	0.009768009768009704	-0.004884004884004925	0.0	13971471
2023-08-03	0.005291005291005251	-0.0008140008140007966	0.007326007326007315	-0.00854700854700858	0.005291005291005251	18348888
2023-08-04	-0.004048582995951331	0.006072874493927212	0.029959514170040568	-0.005668016194332007	-0.004048582995951331	23356269
2023-08-07	-0.010569105691056974	0.0	0.004065040650406417	-0.0162601626016261	-0.010569105691056974	18682202
2023-08-08	-0.00534100246507802	-0.006984387838948157	0.006162695152013089	-0.010682004930156187	-0.00534100246507802	22160067
2023-08-09	-0.0045435770342833305	-0.0012391573729864161	0.006195786864931788	-0.007021891780256162	-0.0045435770342833305	12866602
2023-08-10	0.00373443983402489	-0.003319502074688873	0.00746887966804978	-0.01037344398340249	0.00373443983402489	17615482
2023-08-11	-0.02439024390243902	0.0012401818933442572	0.0016535758577924408	-0.025217031831335383	-0.02439024390243902	20779441
2023-08-14	-0.013983050847457705	-0.00847457627118656	-0.00211864406779664	-0.027542372881356022	-0.013983050847457705	21051579
2023-08-15	0.007305543618392854	0.001289213579716422	0.012462397937258236	-0.009883970777825544	0.007305543618392854	15114766
2023-08-16	-0.0017064846416383404	-0.009812286689419813	0.009812286689419813	-0.01109215017064853	-0.0017064846416383404	21585578
2023-08-17	-0.0012820512820511788	-0.008547008547008517	0.0012820512820513306	-0.0128205128205127	-0.0012820512820511788	18365562
2023-08-18	-0.019683354728284162	-0.007274283269148554	-0.00042789901583233043	-0.022678647839110017	-0.019683354728284162	16502165
2023-08-21	-0.010475774770842359	-0.001309471846355353	0.003928415539065904	-0.015277171540811934	-0.010475774770842359	16692589
2023-08-22	0.009263343625937242	0.0022055580061754367	0.013233348037053248	-0.0061755624172916	0.009263343625937242	21280081
2023-08-23	-0.022290209790209705	-0.003496503496503422	0.00655594405594415	-0.022290209790209705	-0.022290209790209705	20664497
2023-08-24	0.02816271792579343	0.0013410818059900573	0.037550290567724624	0.0013410818059900573	0.02816271792579343	24637140
2023-08-25	-0.018260869565217466	-0.02608695652173919	-0.009130434782608733	-0.02652173913043476	-0.018260869565217466	23326126
2023-08-28	0.03764393268379103	0.05403011514614715	0.062001771479185216	0.03011514614703292	0.03764393268379103	40572105
2023-08-29	-0.0046948356807511495	0.0029876227059325773	0.004268032437046583	-0.014084507042253449	-0.0046948356807511495	21890338
2023-08-30	0.0055746140651800604	0.007718696397941669	0.011578044596912503	-0.00514579759862783	0.0055746140651800604	17272414
2023-08-31	0.002558635394456387	0.0021321961620469386	0.01663113006396591	0.0004264392324094483	0.002558635394456387	41273861
2023-09-01	0.03147596767333043	0.006805614632071464	0.039982985963419725	0.006805614632071464	0.03147596767333043	35483655
2023-09-04	0.02185567010309283	0.015257731958762927	0.025567010309278392	0.005773195876288683	0.02185567010309283	49020374
2023-09-05	-0.0024213075060533604	-0.004035512510088838	0.0004035512510087978	-0.009281678773204214	-0.0024213075060533604	16098107
2023-09-06	-0.004449838187702243	-0.005258899676375365	0.0024271844660195096	-0.014967637540452971	-0.004449838187702243	20574943
2023-09-07	-0.004876066639577448	-0.000812677773262884	-0.0004063388866313698	-0.011377488825680664	-0.004876066639577448	14112179
2023-09-08	-0.00979991833401382	-0.002041649652919443	-0.002041649652919443	-0.020008166598611616	-0.00979991833401382	12756207
2023-09-11	-0.005360824742268	0.004123711340206244	0.008247422680412342	-0.008659793814433025	-0.005360824742268	13407039
2023-09-12	0.00041459369817570523	0.0024875621890546734	0.006633499170812609	-0.0033167495854063782	0.00041459369817570523	14628686
2023-09-13	-0.003729796933278071	0.002072109407376739	0.005387484459179551	-0.00621632822213007	-0.003729796933278071	15928913
2023-09-14	-0.0016638935108152725	0.006239600665557493	0.006239600665557493	-0.005823627287853601	-0.0016638935108152725	17710475
2023-09-15	-0.0062499999999999405	0.005833333333333357	0.00791666666666672	-0.01416666666666666	-0.0062499999999999405	20442514
2023-09-18	0.0004192872117399585	-0.0020964360587002392	0.0033542976939202637	-0.014255765199161418	0.0004192872117399585	12479815
2023-09-19	0.005867560771165154	0.0020955574182732906	0.00880134115674773	-0.009639564124057018	0.005867560771165154	12614941
2023-09-20	0.00458333333333331	-0.0012500000000000473	0.00791666666666672	-0.0074999999999999884	0.00458333333333331	17374726
2023-09-21	-0.007465781833264194	0.0	0.0020738282870178646	-0.011613438407299923	-0.007465781833264194	14175269
2023-09-22	0.012536564981195182	0.006268282490597517	0.017551190973673286	-0.0033430839949853026	0.012536564981195182	27082146
2023-09-25	-0.009079653322327646	0.010317787866281469	0.010317787866281469	-0.010730499380932792	-0.009079653322327646	16976482
2023-09-26	-0.005830903790087487	-0.004164931278633962	0.004997917534360576	-0.010412328196584756	-0.005830903790087487	15110799
2023-09-27	0.0020946795140343822	0.0054461667364892755	0.012987012987012932	-0.003770423125261829	0.0020946795140343822	18246385
2023-09-28	-0.013377926421404692	0.0004180602006688131	0.00543478260869561	-0.015886287625418168	-0.013377926421404692	21740500
2023-10-09	-0.009745762711864425	-0.00211864406779664	0.008050847457627021	-0.011864406779661064	-0.009745762711864425	16989187
2023-10-10	-0.008985879332477572	0.00898587933247742	0.011553273427471098	-0.017543859649122813	-0.008985879332477572	19290875
2023-10-11	-0.0034542314335061245	0.009067357512953405	0.011226252158894714	-0.011226252158894714	-0.0034542314335061245	15290944
2023-10-12	0.007798960138648323	0.014731369150780044	0.016031195840554638	0.002599653379549492	0.007798960138648323	12027123
2023-10-13	-0.01031814273430791	-0.01031814273430791	-0.001289767841788527	-0.01332760103181437	-0.01031814273430791	11802586
2023-10-16	-0.008688097306689804	0.004344048653344979	0.008688097306689804	-0.010425716768027735	-0.008688097306689804	16417214
2023-10-17	0.011393514460999036	0.0013146362839614872	0.015337423312883498	-0.004820333041191912	0.011393514460999036	15824880
2023-10-18	0.0030329289428076382	-0.00476603119584053	0.0060658578856152764	-0.006932409012131569	0.0030329289428076382	13948247
2023-10-19	-0.022894168466522574	-0.004319654427645697	-0.0030237580993520644	-0.02332613390928722	-0.022894168466522574	17635511
2023-10-20	-0.006189213085764835	-0.0053050397877984524	0.0013262599469494954	-0.009725906277630522	-0.006189213085764835	13575492
2023-10-23	-0.01112099644128114	0.0	0.007562277580071092	-0.0173487544483986	-0.01112099644128114	13380882
2023-10-24	-0.006747638326585791	0.005398110661268601	0.013045434098065639	-0.013495276653171422	-0.006747638326585791	23187805
2023-10-25	0.0027173913043479292	0.010416666666666687	0.01630434782608709	-0.004528985507246281	0.0027173913043479292	24826312
2023-10-26	0.007678410117434424	0.004516711833784908	0.008130081300812995	-0.007226738934056014	0.007678410117434424	11829323
2023-10-27	0.014791573285522271	-0.0022411474675032347	0.0192738682205289	-0.0053787539220079535	0.014791573285522271	15241081
2023-10-30	-0.009717314487632458	-0.006183745583038894	-0.000883392226148391	-0.016784452296819744	-0.009717314487632458	24941745
2023-10-31	-0.008920606601249012	0.0031222123104369635	0.0031222123104369635	-0.02051739518287247	-0.008920606601249012	30485360
2023-11-01	0.0027002700270028026	-0.001800180018001762	0.006750675067506847	-0.01035103510351037	0.0027002700270028026	20353462
2023-11-02	0.0067324955116695945	0.005385996409335612	0.01885098743267496	0.000897666068222602	0.0067324955116695945	17714299
2023-11-03	0.00802496656263931	0.0026749888542130507	0.00980829246544801	0.0008916629514043501	0.00802496656263931	18343206
2023-11-06	0.0	0.003095975232198155	0.003980539584254749	-0.01769128704113218	0.0	35349413
2023-11-07	-0.007961079168509497	-0.004865103936311342	-0.004422821760282966	-0.01282618310482084	-0.007961079168509497	18009568
2023-11-08	-0.004458314757021909	-0.0035666518056174006	0.0017833259028087003	-0.010254123941150264	-0.004458314757021909	18860503
2023-11-09	-0.0022391401701745257	0.0	0.0067174205105240544	-0.004478280340349211	-0.0022391401701745257	15322267
2023-11-10	0.001795332136445204	-0.0035906642728905673	0.005385996409335612	-0.0053859964093357715	0.001795332136445204	14555777
2023-11-13	-0.022401433691756272	0.0004480286738350363	0.0013440860215054272	-0.02777777777777782	-0.022401433691756272	38136970
2023-11-14	0.014207149404216256	0.0004582951420714029	0.017415215398716728	-0.00045829514207156567	0.014207149404216256	24197662
2023-11-15	0.015363759602349746	0.008133755083596915	0.016719385449615952	0.0031631269769543738	0.015363759602349746	17069633
2023-11-16	-0.0048954161103693565	-0.003115264797507801	0.0026702269692924913	-0.01023587004895418	-0.0048954161103693565	11507340
2023-11-17	-0.006261180679785356	-0.004025044722719135	0.0017889087656529135	-0.013864042933810319	-0.006261180679785356	15545890
2023-11-20	0.012601260126012653	0.0013501350135014013	0.01935193519351934	-0.005400540054005286	0.012601260126012653	24636984
2023-11-21	0.002222222222222254	0.006666666666666604	0.012444444444444496	0.0	0.002222222222222254	16158587
2023-11-22	-0.006651884700665283	-0.005321507760532195	0.00044345898004425764	-0.010199556541019974	-0.006651884700665283	9525019
2023-11-23	0.002232142857142889	-0.0022321428571427304	0.005803571428571543	-0.008928571428571397	0.002232142857142889	13237936
2023-11-24	0.001781737193763882	0.0022271714922049313	0.007572383073496736	-0.0013363028953228323	0.001781737193763882	12464162
2023-11-27	-0.023121387283236976	-0.008892841262783429	-0.004001778568252551	-0.03112494441974208	-0.023121387283236976	29481604
2023-11-28	0.012744651797906289	0.0	0.014110150204824866	-0.0045516613563949876	0.012744651797906289	17926119
2023-11-29	-0.013033707865168501	0.0	0.0017977528089887257	-0.019775280898876462	-0.013033707865168501	17077768
2023-11-30	0.007285974499089259	0.006375227686703122	0.013205828779599232	-0.005464480874316985	0.007285974499089259	18495957
2023-12-01	-0.03028933092224239	0.0027124773960216417	0.0036166365280288558	-0.03481012658227846	-0.03028933092224239	40750508
2023-12-04	-0.009324009324009291	-0.0023310023310023644	-0.0009324009324009126	-0.01351981351981348	-0.009324009324009291	18268253
2023-12-05	-0.016470588235294185	0.0009411764705882153	0.0018823529411764305	-0.0174117647058824	-0.016470588235294185	21961482
2023-12-06	-0.0028708133971291254	-0.0019138755980860837	0.005741626794258421	-0.008612440191387547	-0.0028708133971291254	15318696
2023-12-07	0.0004798464491363514	0.0004798464491363514	0.006717850287907897	-0.009117082533589314	0.0004798464491363514	20692066
2023-12-08	-0.0023980815347722164	-0.007194244604316649	0.010551558752997547	-0.009592326139088865	-0.0023980815347722164	26917520
2023-12-11	-0.009134615384615446	-0.004807692307692376	-0.0014423076923077468	-0.018750000000000027	-0.009134615384615446	49196594
2023-12-12	0.011159631246967512	-0.0038816108685103493	0.011159631246967512	-0.010189228529839925	0.011159631246967512	28487228
2023-12-13	-0.03214971209213043	-0.0033589251439539486	-0.0033589251439539486	-0.03214971209213043	-0.03214971209213043	34416365
2023-12-14	0.0019831432821020892	0.004462072384729789	0.011403073872087102	-0.0004957858205256105	0.0019831432821020892	19096978
2023-12-15	-0.0014844136566056969	0.0034636318654131756	0.017318159327065704	-0.0034636318654131756	-0.0014844136566056969	23846944
2023-12-18	0.0054509415262635995	-0.003468780971258686	0.009910802775024742	-0.015857284440039657	0.0054509415262635995	18894852
2023-12-19	0.006407097092163754	-0.00443568260226712	0.006407097092163754	-0.0064070970921635785	0.006407097092163754	15653159
2023-12-20	-0.015670910871694428	0.007345739471106688	0.008325171400587568	-0.015670910871694428	-0.015670910871694428	21793864
2023-12-21	0.011442786069651585	-0.0019900497512439154	0.014427860696517369	-0.008457711442786155	0.011442786069651585	22976547
2023-12-22	0.019675356615838767	0.0	0.030496802754549978	-0.004426955238563692	0.019675356615838767	27186016
2023-12-25	0.0038591413410515338	0.0014471780028944108	0.007718282682103238	-0.004341534008683061	0.0038591413410515338	13777854
2023-12-26	-0.009130225852955202	0.0	0.0	-0.013935607880826486	-0.009130225852955202	9285200
2023-12-27	0.004849660523763233	-0.00048496605237640945	0.005819592628515879	-0.006304558680892461	0.004849660523763233	16540143
2023-12-28	0.017374517374517347	0.0	0.019787644787644797	-0.004826254826254724	0.017374517374517347	26963661
2023-12-29	-0.0037950664136621585	0.00047438330170785405	0.011859582542694497	-0.013282732447817724	-0.0037950664136621585	30142524
2024-01-02	-0.01000000000000004	0.002380952380952415	0.002380952380952415	-0.010476190476190422	-0.01000000000000004	18175827
2024-01-03	-0.0014430014430013268	-0.0028860028860028244	0.0062530062530063765	-0.005291005291005264	-0.0014430014430013268	12358090
2024-01-04	0.0019267822736030416	-0.0024084778420038876	0.004816955684007604	-0.01734104046242789	0.0019267822736030416	23424710
2024-01-05	0.02932692307692305	-0.004807692307692376	0.04519230769230758	-0.009134615384615446	0.02932692307692305	51485681
2024-01-08	-0.010275572162540816	0.0037365716954693273	0.007006071929005072	-0.010742643624474564	-0.010275572162540816	27542867
2024-01-09	0.010382255781028733	0.003775365738555842	0.011326097215667694	-0.00943841434638994	0.010382255781028733	20237866
2024-01-10	0.0037365716954693273	-0.005137786081270408	0.007940214852872404	-0.008874357776739901	0.0037365716954693273	21156696
2024-01-11	-0.0009306654257794125	-0.001861330851558825	0.009306654257794455	-0.008375988832014878	-0.0009306654257794125	18149245
2024-01-12	-0.00046576618537484915	-0.003260363297624606	0.006054960409874363	-0.006986492780624061	-0.00046576618537484915	12804118
2024-01-15	0.008853681267474265	-0.007455731593662635	0.013513513513513473	-0.007455731593662635	0.008853681267474265	15474144
2024-01-16	0.002771362586605186	-0.0069284064665126365	0.011547344110854504	-0.010161662817551912	0.002771362586605186	22027573
2024-01-17	-0.009212344541685825	-0.0013818516812529312	0.007830492860432895	-0.011976047904191689	-0.009212344541685825	37059399
2024-01-18	0.005578800557879937	0.008833100883309982	0.011157601115760038	-0.017666201766620294	0.005578800557879937	38663870
2024-01-19	0.0013869625520111484	-0.006010171058714702	0.008784096162737	-0.009708737864077546	0.0013869625520111484	28737852
2024-01-22	0.0	-0.0018467220683286772	0.013388734995383155	-0.01061865189289014	0.0	44139484
2024-01-23	-0.0050784856879039445	0.0	0.007386888273314873	-0.02077562326869803	-0.0050784856879039445	28304098
2024-01-24	0.019953596287703	0.01160092807424594	0.024129930394431533	0.002320185614849221	0.019953596287703	36200301
2024-01-25	0.003184713375796191	0.010009099181073651	0.010919017288443968	-0.006369426751592382	0.003184713375796191	27202207
2024-01-26	0.008163265306122436	-0.005442176870748344	0.01360544217687078	-0.00680272108843547	0.008163265306122436	26915366
2024-01-29	0.020692757534862837	0.004948268106162818	0.02923976608187128	0.00404858299595141	0.020692757534862837	35848856
2024-01-30	-0.008373732921992123	-0.008373732921992123	-0.0008814455707359882	-0.01718818862935216	-0.008373732921992123	27987580
2024-01-31	-0.008444444444444501	0.0	0.003999999999999994	-0.011111111111111112	-0.008444444444444501	28153442
2024-02-01	0.008964589870013575	-0.0004482294935005832	0.014343343792021528	-0.004930524428507371	0.008964589870013575	24600224
2024-02-02	-0.00355397601066201	0.005330964015992778	0.0226565970679697	-0.018214127054642388	-0.00355397601066201	43070779
2024-02-05	0.024074899687917928	0.0031208203299153046	0.02496656263932228	-0.0031208203299153046	0.024074899687917928	55019830
2024-02-06	0.03613408794079242	0.0	0.0378754897692643	-0.0030474531998258723	0.03613408794079242	47756538
2024-02-07	0.007983193277310828	0.002941176470588247	0.008403361344537785	-0.021428571428571495	0.007983193277310828	51159093
2024-02-08	-0.001667361400583541	-0.004168403501458853	0.004168403501459	-0.03209670696123383	-0.001667361400583541	46822228
2024-02-19	-0.015448851774530313	0.0	0.0	-0.03340292275574116	-0.015448851774530313	39499770
2024-02-20	0.019932145886344465	-0.0008481764206954867	0.022052586938083256	-0.007209499575911712	0.019932145886344465	28430494
2024-02-21	0.00041580041580033304	-0.005405405405405364	0.014137214137214131	-0.009979209979210061	0.00041580041580033304	28432094
2024-02-22	0.0016625103906900542	-0.0004156275976724028	0.004987531172069867	-0.00789692435577713	0.0016625103906900542	21630952
2024-02-23	-0.008713692946058126	-0.0004149377593361644	0.00207468879668038	-0.01410788381742738	-0.008713692946058126	25857338
2024-02-26	-0.003348681456676511	0.007953118459606435	0.023440770196734982	-0.004604437002930072	-0.003348681456676511	31603362
2024-02-27	0.005459890802184064	-0.008819823603527817	0.007139857202856015	-0.01091978160436783	0.005459890802184064	22630757
2024-02-28	-0.0062656641604010915	-0.002923976608187146	0.0037593984962405952	-0.012531328320802034	-0.0062656641604010915	20844135
2024-02-29	0.012610340479192968	0.0	0.016813787305590674	-0.002101723413198853	0.012610340479192968	23449772
2024-03-01	0.012868410128684048	0.0	0.016189290161892925	-0.009132420091324154	0.012868410128684048	27249023
2024-03-04	0.006147540983606645	0.004098360655737763	0.03483606557377055	0.004098360655737763	0.006147540983606645	43118159
2024-03-05	0.0081466395112016	-0.009775967413442036	0.012627291242362473	-0.010997963340122182	0.0081466395112016	25379210
2024-03-06	-0.006060606060606003	0.0	0.0072727272727272614	-0.008080808080808051	-0.006060606060606003	25839144
2024-03-07	0.014634146341463391	0.0	0.023983739837398366	-0.004065040650406562	0.014634146341463391	31610905
2024-03-08	-0.008413461538461573	0.0	0.0056089743589743815	-0.0144230769230769	-0.008413461538461573	24684292
2024-03-11	-0.008080808080808051	-0.001212121212121258	0.006868686868686937	-0.01777777777777783	-0.008080808080808051	23671324
2024-03-12	-0.004480651731160873	0.0024439918533604365	0.008553971486761746	-0.014663951120162909	-0.004480651731160873	35068302
2024-03-13	-0.005319148936170317	-0.0008183306055646306	0.005728314238952414	-0.01882160392798694	-0.005319148936170317	27900280
2024-03-14	0.004524886877828177	0.0	0.007815713698066691	-0.0057589469354174016	0.004524886877828177	27279131
2024-03-15	-0.022113022113022223	-0.006552006552006558	-0.0024570024570025497	-0.02866502866502878	-0.022113022113022223	36200507
2024-03-18	-0.010050251256281341	0.0016750418760470144	0.006281407035175969	-0.018006700167504178	-0.010050251256281341	42997589
2024-03-19	0.0008460236886632645	-0.001692047377326529	0.008460236886632796	-0.0059221658206430015	0.0008460236886632645	23798847
2024-03-20	-0.0016906170752324238	-0.000422654268808181	0.007185122569737876	-0.010989010989011056	-0.0016906170752324238	18468647
2024-03-21	-0.013971210838272729	0.0050804403048263095	0.005927180355630845	-0.019475021168501305	-0.013971210838272729	27978629
2024-03-22	0.002576212966938698	-0.002146844139115531	0.005152425933877243	-0.008158007728638804	0.002576212966938698	24047241
2024-03-25	0.008993576017130505	-0.002141327623126369	0.017130620985010645	-0.010278372591006509	0.008993576017130505	30162899
2024-03-26	0.00127334465195251	-0.0038200339558573794	0.00509337860780989	-0.008913412563667119	0.00127334465195251	22960081
2024-03-27	0.008054260279779622	0.002967359050445116	0.024162780839338715	-0.002543450614667178	0.008054260279779622	44248324
2024-03-28	0.054667788057190796	0.017661900756938527	0.06812447434819165	0.006728343145500426	0.054667788057190796	83526627
2024-03-29	-0.005183413078149881	-0.0031897926634768064	0.009968102073365232	-0.013157894736842039	-0.005183413078149881	27018939
2024-04-01	0.026853707414829727	0.008016032064128228	0.03486973947895795	0.004408817635270518	0.026853707414829727	33938958
2024-04-02	0.013270882123341134	-0.002732240437158481	0.018345042935206824	-0.002732240437158481	0.013270882123341134	31216779
2024-04-03	0.015023112480739622	-0.0019260400616333093	0.02465331278890603	-0.006548536209553224	0.015023112480739622	42780337
2024-04-08	0.001518026565464863	0.006451612903225736	0.01707779886148005	-0.0034155597722960096	0.001518026565464863	37199944
2024-04-09	-0.009473285335354301	0.0041682455475558705	0.007199696854869183	-0.009473285335354301	-0.009473285335354301	27383715
2024-04-10	0.0026778882938026122	0.004590665646518783	0.016067329762815538	-0.0011476664116297297	0.0026778882938026122	23553707
2024-04-11	0.006486074017550482	-0.007249141549027138	0.00686760778328881	-0.007630675314765329	0.006486074017550482	20015388
2024-04-12	0.004927975739196458	0.007202426080363961	0.018953752843062926	0.0	0.004927975739196458	28828247
2024-04-15	0.02565069784986796	0.0	0.03545831761599388	-0.0022632968691060833	0.02565069784986796	37257514
2024-04-16	0.02096358955498346	-0.005148951820522271	0.02905479955866124	-0.005148951820522271	0.02096358955498346	45813388
2024-04-17	0.0032420749279538853	-0.011527377521613843	0.006844380403458131	-0.020893371757925137	0.0032420749279538853	30650348
2024-04-18	0.022621184919210016	-0.002872531418312454	0.03411131059245958	-0.003231597845601431	0.022621184919210016	32991756
2024-04-19	0.009129213483145998	-0.009129213483146123	0.010884831460674113	-0.009129213483146123	0.009129213483145998	22882103
2024-04-22	-0.008698677800974252	0.008350730688935352	0.023312456506611057	-0.011134307585246929	-0.008698677800974252	29011224
2024-04-23	-0.003861003861003841	0.0003510003510004059	0.010179010179010274	-0.023517023517023453	-0.003861003861003841	33093239
2024-04-24	-0.0112755461592671	0.00035236081747715164	0.005990133897110702	-0.017618040873854827	-0.0112755461592671	25530585
2024-04-25	0.013186029935851782	0.0	0.01746258018531725	-0.006414825374198137	0.013186029935851782	28162184
2024-04-26	-0.0028139289482939957	0.0010552233556103108	0.015476609215617351	-0.004924375659514617	-0.0028139289482939957	30566063
2024-04-29	0.015873015873015848	-0.003527336860670244	0.030687830687830597	-0.00811287477954146	0.015873015873015848	33034850
2024-04-30	0.05069444444444447	0.026041666666666664	0.07430555555555557	0.019791666666666676	0.05069444444444447	59143788
2024-05-06	0.047918043621943136	0.016523463317911432	0.0541969596827494	0.0019828155981493297	0.047918043621943136	60870676
2024-05-07	-0.013560391043834743	0.0003153579312519082	0.006307158625039397	-0.015137180700094621	-0.013560391043834743	37636688
2024-05-08	-0.00031969309462920596	0.0003196930946290924	0.008631713554987198	-0.00415601023017911	-0.00031969309462920596	28277703
2024-05-09	0.005436520626798903	0.0	0.013111608570514875	-0.0019187719859289647	0.005436520626798903	23925723
2024-05-10	-0.0015903307888040937	0.0031806615776080746	0.0038167938931296893	-0.015585241730279961	-0.0015903307888040937	31262814
2024-05-13	0.04810449187639369	-0.0019114367633004865	0.05129021981522776	-0.014972921312519875	0.04810449187639369	49289396
2024-05-14	-0.016413373860182344	-0.006079027355622971	-0.005775075987841876	-0.03617021276595738	-0.016413373860182344	45469589
2024-05-15	0.0030902348578492407	-0.003708281829418957	0.01266996291718182	-0.01421508034610633	0.0030902348578492407	20708338
2024-05-16	-0.013555144793592043	-0.004929143561306337	-0.003080714725816433	-0.020332717190388174	-0.013555144793592043	29407635
2024-05-17	-0.013741411617739063	-0.00062460961898823	0.0034353529044347103	-0.033104309806371086	-0.013741411617739063	32541885
2024-05-20	-0.03578214059531346	-0.0041165294490183345	-0.0041165294490183345	-0.04053198226725768	-0.03578214059531346	50456579
2024-05-21	0.00032840722495900044	-0.0029556650246305373	0.009195402298850613	-0.004269293924466306	0.00032840722495900044	22409893
2024-05-22	-0.020026263952724867	0.0	0.0006565988181221133	-0.02330925804333555	-0.020026263952724867	27567568
2024-05-23	0.0067001675041875805	0.002345058626465671	0.011725293132328236	-0.00904522613065337	0.0067001675041875805	24879802
2024-05-24	0.00033277870216299533	-0.003993344425956772	0.006988352745424321	-0.013311148086522534	0.00033277870216299533	24514567
2024-05-27	0.02295409181636731	0.000332667997338708	0.03426480372588161	0.0	0.02295409181636731	38103011
2024-05-28	-0.019512195121951265	0.0	0.007479674796747981	-0.021788617886178918	-0.019512195121951265	25373646
2024-05-29	0.008291873963515755	0.0	0.014262023217247089	-0.004975124378109406	0.008291873963515755	20281070
2024-05-30	-0.00657894736842103	-0.00657894736842103	0.009868421052631603	-0.013486842105263163	-0.00657894736842103	24744525
2024-05-31	-0.021854304635761594	0.008278145695364239	0.008278145695364239	-0.021854304635761594	-0.021854304635761594	29896288
2024-06-03	0.031821259309411015	0.0023696682464455074	0.04705484089370347	0.0023696682464455074	0.031821259309411015	32379930
2024-06-04	-0.011811023622047225	-0.0075459317585301975	-0.0009842519685039743	-0.024606299212598423	-0.011811023622047225	24793511
2024-06-05	-0.007304116865869934	0.0019920318725099176	0.010624169986719797	-0.009628154050464896	-0.007304116865869934	19492461
2024-06-06	0.03645484949832776	0.001672240802675609	0.04581939799331107	-0.00468227424749154	0.03645484949832776	34756202
2024-06-07	-0.011939335269441673	-0.000645369474023865	0.0019361084220717096	-0.03581800580832525	-0.011939335269441673	41181875
2024-06-11	0.0006531678641410703	-0.013716525146962824	0.007511430437622483	-0.015676028739386037	0.0006531678641410703	28023782
2024-06-12	-0.008485639686684124	0.0013054830287205987	0.0062010443864229025	-0.01664490861618804	-0.008485639686684124	19675400
2024-06-13	-0.014812376563528615	0.0006583278472679254	0.0013166556945359677	-0.02205398288347591	-0.014812376563528615	24420078
2024-06-14	0.02405613097226859	-0.010691613765452733	0.02739726027397261	-0.011025726695623064	0.02405613097226859	33834239
2024-06-17	-0.01402936378466557	-0.009787928221859614	0.006525285481239897	-0.022512234910277252	-0.01402936378466557	22618723
2024-06-18	-0.0043017868960952685	-0.004632693580410343	0.0009927200529451072	-0.02150893448047646	-0.0043017868960952685	22766377
2024-06-19	-0.016284479893652323	-0.0036556995679627594	-0.000664672648720491	-0.026586905948820228	-0.016284479893652323	26295982
2024-06-20	-0.005743243243243301	-0.001013513513513552	0.008783783783783717	-0.008445945945945945	-0.005743243243243301	22162523
2024-06-21	-0.008494733265375467	-0.0006795786612300229	0.004757050628610281	-0.019028202514441005	-0.008494733265375467	32343095
2024-06-24	0.018848526387936968	-0.0006854009595613288	0.02741603838245376	-0.004112405757368095	0.018848526387936968	30699612
2024-06-25	0.003363605785401879	-0.0016818028927009993	0.014127144298688131	-0.007063572149344125	0.003363605785401879	26304312
2024-06-26	-0.015755950385517897	-0.005028494803888655	0.0020113979215555574	-0.021119678176332517	-0.015755950385517897	20711834
2024-06-27	-0.03269754768392374	-0.005449591280653956	-0.0040871934604904975	-0.042574931880108996	-0.03269754768392374	55634168
2024-06-28	-0.0007042253521126611	-0.004225352112675967	0.007746478873239522	-0.008098591549295665	-0.0007042253521126611	35398485
2024-07-01	0.00035236081747715164	0.0	0.013037350246652608	-0.014446793516560964	0.00035236081747715164	29649096
2024-07-02	-0.03980274744628387	-0.0035223670306446433	0.0	-0.04790419161676645	-0.03980274744628387	52165723
2024-07-03	-0.018341892883345562	0.0014673514306676135	0.004035216434336002	-0.024578136463683113	-0.018341892883345562	33193968
2024-07-04	-0.00037369207772801056	-0.001121076233183899	0.007100149476831006	-0.014947683109118166	-0.00037369207772801056	32088019
2024-07-05	-0.004112149532710259	-0.004485981308411252	0.008598130841121512	-0.03626168224299061	-0.004112149532710259	44159466
2024-07-08	-0.007882882882882915	-0.003378378378378373	0.003003003003002939	-0.016516516516516564	-0.007882882882882915	29291646
2024-07-09	-0.004918653045781271	-0.004540295119182785	-0.00037835792659848697	-0.013242527430949733	-0.004918653045781271	31229614
2024-07-10	0.002281368821292727	0.0030418250950569694	0.022813688212927674	-0.0038022813688213465	0.002281368821292727	34077560
2024-07-11	0.022003034901365775	0.009104704097116919	0.031866464339908945	-0.012518968133535596	0.022003034901365775	30947035
2024-07-12	0.02041573867854481	0.003711952487008087	0.025983667409057137	-0.0018559762435041095	0.02041573867854481	36104901
2024-07-15	-0.030556566024008726	-0.0058202982902873825	-0.004728992360858458	-0.036740632957439	-0.030556566024008726	37173617
2024-07-16	0.004502814258911857	0.0011257035647279977	0.009380863039399626	-0.011257035647279444	0.004502814258911857	23561893
2024-07-17	-0.004109077325364192	-0.0022413149047440686	0.0011206574523721007	-0.025028016436309232	-0.004109077325364192	27720819
2024-07-18	0.00787696924231061	-0.006376594148537198	0.0153788447111778	-0.013878469617404389	0.00787696924231061	41993945
2024-07-19	0.00558243394119831	-0.00707108299218464	0.009304056568663937	-0.019352437662820972	0.00558243394119831	30765641
2024-07-22	-0.015544041450777134	-0.004441154700222095	0.009622501850481182	-0.022575869726128774	-0.015544041450777134	28447369
2024-07-23	-0.030075187969924838	0.0	0.0033834586466165357	-0.03308270676691739	-0.030075187969924838	28837551
2024-07-24	-0.018217054263565985	-0.0003875968992248668	0.008527131782945693	-0.02286821705426356	-0.018217054263565985	31487656
2024-07-25	-0.00157915515199365	0.0007895775759969652	0.008685353335965354	-0.011448874851954172	-0.00157915515199365	24287703
2024-07-26	0.08303677342823257	0.05970739422696725	0.09173586397785688	0.053776196124950555	0.08303677342823257	87513978
2024-07-29	-0.014968966776195696	0.007667031763417337	0.013508579773640051	-0.025191675794085478	-0.014968966776195696	41890635
2024-07-30	-0.04002965159377323	-0.002965159377316599	-0.0014825796886582337	-0.051148999258710116	-0.04002965159377323	50656441
2024-07-31	0.05366795366795369	-0.001158301158301065	0.06100386100386108	-0.003861003861003779	0.05366795366795369	65124763
2024-08-01	-0.01795529497984604	-0.004030780505679715	0.011725906925613788	-0.01795529497984604	-0.01795529497984604	41622005
2024-08-02	-0.014925373134328438	-0.009328358208955223	0.011940298507462697	-0.022388059701492588	-0.014925373134328438	36285715
2024-08-05	-0.01780303030303026	-0.005303030303030191	0.022348484848484843	-0.019318181818181745	-0.01780303030303026	38235749
2024-08-06	-0.01735441573467024	0.004242190512919376	0.010412649440802143	-0.025067489394523662	-0.01735441573467024	32908933
2024-08-07	0.000784929356357911	0.0003924646781788858	0.01923076923076917	-0.01138147566718992	0.000784929356357911	23424673
2024-08-08	-0.004705882352941215	-0.004705882352941215	0.0062745098039215744	-0.018431372549019564	-0.004705882352941215	19031720
2024-08-09	0.001576044129235725	0.0007880220646177925	0.019306540583136408	0.0007880220646177925	0.001576044129235725	23896305
2024-08-12	0.014555468135326413	0.002360346184106952	0.026750590086546015	-0.004327301337529622	0.014555468135326413	27030263
2024-08-13	-0.015897634742148125	0.0003877471888329416	0.015509887553315322	-0.026366808840635896	-0.015897634742148125	27836273
2024-08-14	-0.017336485421591715	-0.0023640661938533775	-0.0011820330969266187	-0.028762805358550057	-0.017336485421591715	24022989
2024-08-15	-0.0008019246190857888	-0.003207698476343298	0.010024057738572574	-0.011226944667201328	-0.0008019246190857888	26957540
2024-08-16	-0.027287319422151013	-0.029695024077046626	-0.025280898876404594	-0.04093097913322645	-0.027287319422151013	25159823
2024-08-19	-0.013613861386138544	-0.002475247524752423	0.01691419141914192	-0.024339933993399336	-0.013613861386138544	32845679
2024-08-20	-0.00710999581764959	0.0020911752404851824	0.0029276453366792257	-0.015056461731493075	-0.00710999581764959	27015749
2024-08-21	-0.009267059814658756	-0.005897219882055477	-0.0008424599831507824	-0.021903959561920792	-0.009267059814658756	30983450
2024-08-22	0.023384353741496628	-0.0008503401360544036	0.025510204081632713	-0.012329931972789079	0.023384353741496628	28608737
2024-08-23	0.027420024927295394	0.00041545492314075654	0.041960947237224676	-0.0029081844619858865	0.027420024927295394	51391195
2024-08-26	0.00404367165386162	0.012939749292357472	0.016579053780833002	-0.009300444803881942	0.00404367165386162	29363703
2024-08-27	-0.030205396697543296	-0.010068465565847765	-0.0016109544905356082	-0.031816351188078906	-0.030205396697543296	27242893
2024-08-28	-0.009136212624584672	0.0062292358803987605	0.02657807308970102	-0.016196013289036422	-0.009136212624584672	36303653
2024-08-29	-0.010058675607711585	-0.00461022632020115	0.0025146689019280083	-0.023470243084660468	-0.010058675607711585	33840780
2024-08-30	0.04699407281964434	-0.008467400508044001	0.07239627434377634	-0.02201524132091446	0.04699407281964434	72958604
2024-09-02	-0.012535382126971239	-0.00323493732308944	0.016983420946219092	-0.027496967246259593	-0.012535382126971239	36804245
2024-09-03	0.03112203112203104	-0.006961506961507031	0.03194103194103184	-0.008190008190008306	0.03112203112203104	44255715
2024-09-04	0.005162827640984869	0.0	0.013899920571882503	-0.009928514694201748	0.005162827640984869	42019908
2024-09-05	-0.0023706045041485073	0.00197550375345716	0.013433425523508489	-0.015013828526274161	-0.0023706045041485073	32986795
2024-09-06	-0.007920792079207893	-0.0023762376237623254	0.017029702970297017	-0.009504950495049442	-0.007920792079207893	20421811
2024-09-09	-0.029141716566866285	0.0	0.0	-0.0435129740518962	-0.029141716566866285	38606622
2024-09-10	-0.0016447368421052282	-0.002467105263157842	0.012335526315789503	-0.013157894736842117	-0.0016447368421052282	28857320
2024-09-11	0.033772652388797376	-0.004118616144975346	0.04612850082372312	-0.013179571663920933	0.033772652388797376	41090991
2024-09-12	-0.007968127490039953	0.0031872509960158683	0.011952191235059646	-0.012749003984063756	-0.007968127490039953	23953036
2024-09-13	0.015261044176706932	-0.004819277108433632	0.030522088353413718	-0.008433734939758929	0.015261044176706932	35378298
2024-09-18	0.03283227848101259	0.0	0.04509493670886078	-0.004746835443038014	0.03283227848101259	40859422
2024-09-19	0.03255457679050178	0.001531980084258872	0.03791650708540797	-0.0076599004212944966	0.03255457679050178	55070839
2024-09-20	0.010014836795252209	-0.0029673590504451725	0.015949554896142422	-0.009643916913946645	0.010014836795252209	47276597
2024-09-23	0.00918105031215571	0.0022034520749173235	0.03415350716121923	-0.0003672420124862858	0.00918105031215571	36610817
2024-09-24	0.008005822416302724	0.01965065502183403	0.02256186317321692	-0.024745269286753992	0.008005822416302724	49404932
2024-09-25	0.026714801444043392	0.02129963898916967	0.055234657039711234	0.017328519855595685	0.026714801444043392	55042986
2024-09-26	0.04781997187060476	0.0	0.05098452883263007	-0.005977496483825657	0.04781997187060476	42096594
2024-09-27	0.010067114093959755	0.0197986577181208	0.029865771812080555	-0.016778523489932886	0.010067114093959755	40850431
2024-09-30	0.06810631229235871	0.01262458471760794	0.07973421926910294	-0.004983388704319008	0.06810631229235871	92237160
2024-10-08	0.030171073094867773	0.10015552099533434	0.10015552099533434	0.0049766718506999595	0.030171073094867773	113869169
2024-10-09	-0.059782608695652086	-0.003925120772946723	-0.003925120772946723	-0.08212560386473428	-0.059782608695652086	72458263
2024-10-10	0.029865125240847775	0.008349389852279962	0.048490687219010856	-0.0003211303789338973	0.029865125240847775	66036982
2024-10-11	-0.01933270969753667	0.0	0.0071718116619893	-0.03274087932647336	-0.01933270969753667	33536782
2024-10-14	0.02321144674085852	0.003815580286168553	0.033386327503974585	-0.0092209856915739	0.02321144674085852	50674528
2024-10-15	-0.021441889372280958	0.003729024238657472	0.019577377252952225	-0.023617153511497763	-0.021441889372280958	41494058
2024-10-16	-0.02191171800571603	-0.014925373134328323	-0.0038107335662114147	-0.03556684661797388	-0.02191171800571603	49577989
2024-10-17	-0.016883116883116868	0.005844155844155835	0.022727272727272704	-0.019480519480519525	-0.016883116883116868	38134486
2024-10-18	0.02807133421400257	-0.0013210039630119782	0.04755614266842793	-0.007595772787318376	0.02807133421400257	44933527
2024-10-21	0.0009637006103437564	0.0	0.021522646964343133	-0.015097976228718241	0.0009637006103437564	31220824
2024-10-22	0.03241335044929402	0.0012836970474967633	0.06450577663671378	0.0012836970474967633	0.03241335044929402	45127931
2024-10-23	-0.01865091700341938	0.0	0.00870376126826239	-0.02362449487099787	-0.01865091700341938	36932926
2024-10-24	-0.010136205258156486	-0.004117833386126038	0.0003167564143173269	-0.01932214127336077	-0.010136205258156486	19548468
2024-10-25	-0.013759999999999991	0.0	0.006399999999999977	-0.014399999999999977	-0.013759999999999991	23967789
2024-10-28	-0.007787151200519208	-0.0006489292667099148	0.005191434133679434	-0.013627514600908556	-0.007787151200519208	31898912
2024-10-29	-0.0016350555918900314	0.0	0.017004578155657396	-0.005886200130804439	-0.0016350555918900314	27807952
2024-10-30	-0.020635440550278498	-0.0016377333770062467	0.018670160497870954	-0.03308221421552576	-0.020635440550278498	45327905
2024-10-31	-0.02274247491638795	0.003344481605351218	0.006020066889632098	-0.03678929765886281	-0.02274247491638795	45899228
2024-11-01	0.0058179329226557734	0.001368925393566143	0.017796030116358646	-0.004449007529089631	0.0058179329226557734	28043373
2024-11-04	0.01054780537597818	0.00034025178632181047	0.010888057162300112	-0.014630826811840752	0.01054780537597818	25931702
2024-11-05	0.0016835016835017075	-0.0016835016835017075	0.005050505050505122	-0.021885521885521838	0.0016835016835017075	34118726
2024-11-06	-0.0363025210084033	-0.001680672268907587	-0.0013445378151260218	-0.04302521008403365	-0.0363025210084033	68123952
2024-11-07	0.01918381583536788	-0.013951866062085877	0.01918381583536788	-0.022322985699337303	0.01918381583536788	65075427
2024-11-08	-0.0023956194387405984	0.006160164271047219	0.009240246406570828	-0.022245037645448277	-0.0023956194387405984	64032168
2024-11-11	-0.023670668953687746	-0.017838765008576316	-0.009948542024013693	-0.03430531732418525	-0.023670668953687746	55989627
2024-11-12	0.015108924806746301	0.0	0.04813773717498234	-0.0017568517217147121	0.015108924806746301	80147601
2024-11-13	0.024575977847005912	0.0034614053305641354	0.0384215991692627	-0.0031152647975077833	0.024575977847005912	84114306
2024-11-14	0.01114864864864859	-0.004054054054054087	0.023310810810810732	-0.012500000000000034	0.01114864864864859	57853686
2024-11-15	-0.011359839625793514	-0.0033411293017040233	0.007684597393919159	-0.028733711994654174	-0.011359839625793514	50083195
2024-11-18	-0.026698208854342653	-0.0118283203785063	0.0030415680973301744	-0.032781345049003006	-0.026698208854342653	42408987
2024-11-19	0.005208333333333284	0.0013888888888888592	0.0152777777777777	-0.002777777777777842	0.005208333333333284	33987515
2024-11-20	-0.0006908462867011943	-0.0024179620034542413	0.005181347150259141	-0.013126079447322936	-0.0006908462867011943	30645829
2024-11-21	-0.0044936052540614935	0.0006913238852402203	0.004839267196681665	-0.012098167991704163	-0.0044936052540614935	31276753
2024-11-22	0.0034722222222221483	-0.0010416666666667061	0.029513888888888815	-0.004166666666666701	0.0034722222222221483	45700056
2024-11-25	-0.027335640138408276	0.009342560553633326	0.024221453287197332	-0.03079584775086495	-0.027335640138408276	40854502
2024-11-26	0.00640341515474919	-0.003913198150124491	0.01672002845962287	-0.014229811454998171	0.00640341515474919	33319278
2024-11-27	0.016967126193001076	0.0	0.024743725698126523	-0.005655708731000359	0.016967126193001076	25470414
2024-11-28	-0.01981230448383734	0.0010427528675704253	0.0010427528675704253	-0.027806743135210314	-0.01981230448383734	30171964
2024-11-29	0.004609929078014149	-0.0003546099290779436	0.021276595744680903	-0.0035460992907800663	0.004609929078014149	33243358
2024-12-02	0.011295446523120378	-0.0042357924461700475	0.016943169784680568	-0.018355100600070583	0.011295446523120378	32311989
2024-12-03	0.01082024432809781	-0.004188481675392581	0.012216404886562005	-0.012565445026177992	0.01082024432809781	34608591
2024-12-04	0.004834254143646429	-0.004488950276243182	0.018646408839778975	-0.02106353591160219	0.004834254143646429	46320219
2024-12-05	-0.017869415807560244	-0.0034364261168385365	0.00481099656357378	-0.021993127147766342	-0.017869415807560244	27887310
2024-12-06	0.023093072078376492	0.0	0.028691392582225344	-0.001049685094471574	0.023093072078376492	40439622
2024-12-09	0.00547195622435021	-0.006497948016415791	0.017441860465116334	-0.024965800273597707	0.00547195622435021	38180906
2024-12-10	0.010884353741496608	0.040816326530612346	0.04931972789115656	0.008503401360544218	0.010884353741496608	51226521
2024-12-11	-0.009084791386271857	-0.001682368775235436	0.012786002691790126	-0.011103633916554452	-0.009084791386271857	31585856
2024-12-12	0.005772495755517885	-0.0016977928692699733	0.014601018675721552	-0.005432937181663842	0.005772495755517885	27107158
2024-12-13	-0.04118838622552338	-0.007089804186360596	-0.006076975016880476	-0.04355165428764357	-0.04118838622552338	57413412
2024-12-16	-0.0066901408450703425	0.0	0.004929577464788753	-0.00985915492957738	-0.0066901408450703425	35797713
2024-12-17	0.0063807160581354026	-0.006026231832683505	0.018433179723502287	-0.0063807160581354026	0.0063807160581354026	24294614
2024-12-18	-0.0003522367030645144	0.00528355054596684	0.011623811201127097	-0.002113420218386836	-0.0003522367030645144	23192653
2024-12-19	0.0042283298097251934	-0.005990133897110577	0.010218463706835896	-0.013389711064129634	0.0042283298097251934	25636855
2024-12-20	-0.011929824561403504	0.0007017543859648974	0.0007017543859648974	-0.012280701754386015	-0.011929824561403504	26708030
2024-12-23	0.018821022727272766	0.0003551136363636919	0.02485795454545452	0.0003551136363636919	0.018821022727272766	36480138
2024-12-24	0.016033461136284326	-0.002091321017776308	0.017079121645172477	-0.006622516556291435	0.016033461136284326	29786704
2024-12-25	-0.018524871355060007	-0.0010291595197254747	0.0037735849056604797	-0.022298456260720363	-0.018524871355060007	35819345
2024-12-26	-0.004893393918210436	0.001398112548060089	0.002446696959105218	-0.01817546312478153	-0.004893393918210436	25611864
2024-12-27	-0.0014049877063575394	0.00035124692658944725	0.0028099754127152037	-0.010888654724271118	-0.0014049877063575394	22575648
2024-12-30	-0.006683081252198427	-0.0017587055926838097	0.013717903622933542	-0.0073865634892719256	-0.006683081252198427	35908648
2024-12-31	0.008144475920679902	0.0	0.017705382436260624	-0.006019830028328546	0.008144475920679902	37577111
