2021-01-06	0.026632217032694097	0.008049289476299338	0.028420948027427204	-0.001291861273973919	0.026632217032694097	6880064
2021-01-07	0.03852482818701001	-9.679605072118009e-05	0.04055754525215369	-0.012680282644468127	0.03852482818701001	8433857
2021-01-08	-0.0015378879671917815	0.00834187715537325	0.023301332836238232	-0.019013887594370456	-0.0015378879671917815	6187072
2021-01-11	-0.0338389731621937	-9.334889148196141e-05	-9.334889148196141e-05	-0.038506417736289385	-0.0338389731621937	5966262
2021-01-12	0.02057971014492749	0.0	0.026618357487922663	0.0	0.02057971014492749	5419599
2021-01-13	0.008236296506674283	0.017608633910820785	0.017608633910820785	-0.008330966581463557	0.008236296506674283	4056417
2021-01-14	0.009295774647887277	-0.00999999999999998	0.013427230046948421	-0.02112676056338028	0.009295774647887277	4373675
2021-01-15	-0.04828356126151268	-0.0036747604428318545	-0.00269792538840815	-0.05800539585077681	-0.04828356126151268	12058734
2021-01-18	-0.005718475073313722	-0.0030303030303030524	-0.0030303030303030524	-0.041544477028347994	-0.005718475073313722	5630835
2021-01-19	-0.01592685444624691	-4.9156958167523604e-05	0.005259794523914826	-0.03490144029887428	-0.01592685444624691	8845575
2021-01-20	0.0030970577950946826	-0.010939607372995644	0.010340176832009556	-0.025775513262400702	0.0030970577950946826	3827924
2021-01-21	0.01100542801653308	0.008664907126139182	0.02883322543698019	-0.001045764653154763	0.01100542801653308	4364976
2021-01-22	-0.00014776869273963716	-9.851246182647144e-05	0.01714116835779721	-0.014284306964831078	-0.00014776869273963716	4502924
2021-01-25	0.02704566727424987	0.018128971870535388	0.04044534213508044	0.000640425636730851	0.02704566727424987	6605520
2021-01-26	-0.01789140445126626	0.0	0.00019186492709142588	-0.01957022256331535	-0.01789140445126626	3666887
2021-01-27	-0.02515262515262518	0.0002442002442002997	0.006105006105006105	-0.030036630036630065	-0.02515262515262518	4928501
2021-01-28	-0.0015531062124248612	0.0	0.00891783567134269	-0.013026052104208388	-0.0015531062124248612	3888178
2021-01-29	-0.010738120327161356	-0.0024587284861256496	0.008580460635255195	-0.02303176275779017	-0.010738120327161356	4071008
2021-02-01	-0.010499619579000726	-0.010956124778087733	0.0042607151914785864	-0.019528277960943415	-0.010499619579000726	4867722
2021-02-02	0.020248103342218517	0.0	0.02163215091244617	-0.0030244002460529185	0.020248103342218517	4983060
2021-02-03	-0.01522383560267297	-0.00020097472742798593	0.008290207506406098	-0.02024820378837362	-0.01522383560267297	4705284
2021-02-04	-0.01020408163265306	-0.014693877551020385	0.009183673469387813	-0.02040816326530612	-0.01020408163265306	4830081
2021-02-05	-0.007680412371134067	0.007989690721649543	0.017216494845360843	-0.0092268041237113	-0.007680412371134067	7321582
2021-02-08	0.012414939483663264	-5.1945353488083244e-05	0.01755752947898808	-0.024050698665004394	0.012414939483663264	7320296
2021-02-09	0.05900461775269369	0.010159055926115905	0.07942534633145197	0.0015392508978962695	0.05900461775269369	9566207
2021-02-10	-0.0014050387596898839	0.0028100775193797677	0.0029069767441860187	-0.020009689922480596	-0.0014050387596898839	5824528
2021-02-18	-0.08398428023870749	0.009121342972199289	0.0187763815438357	-0.08398428023870749	-0.08398428023870749	17023371
2021-02-19	0.012605932203389805	0.0004237288135592377	0.015254237288135568	-0.02272245762711875	0.012605932203389805	9714652
2021-02-22	-0.04262998221571297	0.009990584789203873	0.01046134532900931	-0.04278690239564811	-0.04262998221571297	7730219
2021-02-23	-0.0012566245970605351	-0.012839425230836444	0.023711959788012913	-0.015953668797464828	-0.0012566245970605351	5131445
2021-02-24	-0.030689277899343618	0.0	0.009463894967177186	-0.03878555798687092	-0.030689277899343618	7509553
2021-02-25	-0.008521925616569732	0.0011851684632316042	0.010158586827699144	-0.02263107398837401	-0.008521925616569732	5858578
2021-02-26	-0.01696265938069227	-0.0323315118397086	0.0018214936247722745	-0.038820582877959885	-0.01696265938069227	5819696
2021-03-01	-0.0012738853503184648	0.0	0.012333526346265338	-0.01447596988998263	-0.0012738853503184648	4851580
2021-03-02	-0.016523654916512028	0.008812615955473158	0.016407699443413803	-0.025394248608534297	-0.016523654916512028	5700145
2021-03-03	0.009019630961504458	-0.009609149325001447	0.011495608088192048	-0.017508695395861574	0.009019630961504458	4861142
2021-03-04	-0.03891096050479082	-0.00689413414349151	-0.0009347978499649252	-0.04738256602009807	-0.03891096050479082	5731684
2021-03-05	0.0121580547112462	-0.013191489361702051	0.028510638297872325	-0.027294832826747776	0.0121580547112462	5180894
2021-03-08	-0.047747747747747676	0.0029429429429429976	0.017357357357357276	-0.050330330330330304	-0.047747747747747676	5300886
2021-03-09	-0.030778934090192517	-0.0034689372437717524	0.015452538631346506	-0.035004730368968846	-0.030778934090192517	7457100
2021-03-10	0.004099694149801678	0.021669811934665276	0.03338322379124113	0.0	0.004099694149801678	6779468
2021-03-11	0.02138690861957215	0.009591704471808099	0.039468567725210464	0.0012961762799740028	0.02138690861957215	6105641
2021-03-12	-0.013959390862944092	0.0015862944162436548	0.008502538071066011	-0.02855329949238579	-0.013959390862944092	5375881
2021-03-15	-0.039253539253539214	-0.009009009009009045	-0.003281853281853406	-0.04761904761904765	-0.039253539253539214	5601958
2021-03-16	0.01774949765572657	0.004018754186202239	0.019423978566644188	0.0013395847287340163	0.01774949765572657	3632995
2021-03-17	0.006054623231326199	6.581112207975865e-05	0.015333991444554213	-0.015399802566633598	0.006054623231326199	3639991
2021-03-18	0.02878262576045009	0.010662654543075786	0.05449074376921557	0.00019624517563943963	0.02878262576045009	6585584
2021-03-19	-0.0331913270172315	-0.02206396642716347	-0.006422076683410817	-0.03840529026514924	-0.0331913270172315	4719443
2021-03-22	-0.0025649457415324877	0.00026307135810583386	0.016178888523511868	-0.013350871423873732	-0.0025649457415324877	3690801
2021-03-23	-0.020836080706844236	-0.00764868785441116	0.004879335355400297	-0.033693788737966406	-0.020836080706844236	6967179
2021-03-24	-0.013400673400673462	0.0008080808080808387	0.009831649831649886	-0.02491582491582484	-0.013400673400673462	4883714
2021-03-25	0.009555661729574812	-0.006893727390621739	0.014265237867722365	-0.011671558255409048	0.009555661729574812	4050959
2021-03-26	0.01717260496247713	0.0006760868095463074	0.024271516462713836	0.0006760868095463074	0.01717260496247713	4712678
2021-03-29	0.010701229644400224	0.0025922233300100686	0.019607843137255016	-0.002991026919242198	0.010701229644400224	5158578
2021-03-30	0.03630145995001979	0.0048665000657635744	0.0620807575956859	0.0005918716296199093	0.03630145995001979	7859271
2021-03-31	0.014088082243939579	0.041502728772686834	0.041502728772686834	-0.009645894149003745	0.014088082243939579	6301842
2021-04-01	0.035168961201501724	0.0056946182728410295	0.038047559449311534	0.0056946182728410295	0.035168961201501724	4438077
2021-04-02	0.030105186797243493	0.00943054044250999	0.03349050900737529	0.008342401160682045	0.030105186797243493	5306396
2021-04-06	-0.01801643192488259	0.0005868544600938633	0.0023474178403756203	-0.03327464788732404	-0.01801643192488259	4017382
2021-04-07	0.017331022530329154	0.0029283451861589712	0.017749357556923438	-0.031912986314468435	0.017331022530329154	6819714
2021-04-08	0.030370674969159468	-0.03054690712565346	0.0327791811079129	-0.030723139282147625	0.030370674969159468	6423402
2021-04-09	-0.020581527936146028	-0.007981755986317021	-0.005929304446978289	-0.029589509692132254	-0.020581527936146028	4692863
2021-04-12	-0.01711391815588799	-0.0006985272716689246	5.821060597252068e-05	-0.030735199953431522	-0.01711391815588799	5077797
2021-04-13	0.010364228605270951	0.006692330470832073	0.017589576547231263	0.0009475866153390381	0.010364228605270951	3494128
2021-04-14	-0.005685814771395069	-0.008792497069167644	0.006447831184056239	-0.025674091441969492	-0.005685814771395069	3462328
2021-04-15	-0.0022401697812886603	-0.005069857926074311	0.006072039144019343	-0.017508695395861574	-0.0022401697812886603	2271595
2021-04-16	-0.013293943870014771	0.0103397341211226	0.0103397341211226	-0.02924667651403243	-0.013293943870014771	3416299
2021-04-19	0.013413173652694664	0.005269461077844284	0.02245508982035928	-0.010179640718562807	0.013413173652694664	3375026
2021-04-20	-0.007563223824155052	-0.001418104467029125	0.01028125738596065	-0.009217679035688976	-0.007563223824155052	3245888
2021-04-21	-0.0006549178375804574	-0.005715646582519694	0.006013336508692491	-0.010776375327458931	-0.0006549178375804574	2920002
2021-04-22	-0.02532022639261245	0.0019064641048554853	0.006255585344057262	-0.028894846589216528	-0.02532022639261245	6107253
2021-04-23	0.04400977995110035	0.0	0.04724938875305635	-0.0036063569682151797	0.04400977995110035	6480456
2021-04-26	-0.05146370023419215	0.00807962529274002	0.011943793911006978	-0.0516393442622952	-0.05146370023419215	8812843
2021-04-27	0.008147645207086116	0.00172828837726067	0.011974569471020295	-6.17245849021104e-05	0.008147645207086116	3754499
2021-04-28	-0.011204310292046852	-0.0010408375681137322	-0.0008571603502113192	-0.026510745117247367	-0.011204310292046852	5065090
2021-04-29	0.02786377708978328	0.0030959752321981426	0.04148606811145504	0.0	0.02786377708978328	5077367
2021-04-30	0.02108433734939759	0.024096385542168676	0.036024096385542104	0.0030120481927710845	0.02108433734939759	6789051
2021-05-06	-0.02660766961651912	0.0	0.011209439528023632	-0.03492625368731556	-0.02660766961651912	5220546
2021-05-07	-0.035759743014728194	-0.0010909752106188666	0.007212558336868887	-0.040184253591126706	-0.035759743014728194	5068022
2021-05-10	0.0032057326041862524	0.00025143000817142526	0.010748632849330617	-0.010622917845244816	0.0032057326041862524	3495400
2021-05-11	0.05294486215538858	-0.0006265664160400647	0.05576441102756896	-0.009210526315789468	0.05294486215538858	5501041
2021-05-12	0.003748884260636688	0.0	0.01731627491817909	-0.008568878310026763	0.003748884260636688	3081245
2021-05-13	0.011382499407161415	0.0	0.011678918662556312	-0.01126393170500359	0.011382499407161415	3695390
2021-05-14	0.01740914419695193	0.002344665885111405	0.025791324736225123	-0.014771395076201534	0.01740914419695193	4890610
2021-05-17	-0.21386184248430032	-0.2164544564152791	-0.18574638474390726	-0.2164544564152791	-0.21386184248430032	10418659
2021-05-18	-0.013045071454745337	0.0002198607548552667	0.005862953462806973	-0.01964089410040292	-0.013045071454745337	5325546
2021-05-19	-0.0126977055023389	7.425558773312043e-05	0.002450434395188331	-0.026509244820672708	-0.0126977055023389	4861034
2021-05-20	0.00030084235860403156	-0.0015794223826715399	0.01210890493381457	-0.007521058965102286	0.00030084235860403156	5020696
2021-05-21	-0.010601503759398471	0.002481203007518891	0.005037593984962312	-0.02571428571428562	-0.010601503759398471	6725072
2021-05-24	0.005395546774071038	-7.599361653614184e-05	0.006763431871722672	-0.01512272969070605	0.005395546774071038	4391760
2021-05-25	0.048752834467120094	0.0024187452758880814	0.0498866213151927	0.0024187452758880814	0.048752834467120094	11067163
2021-05-26	-0.011891891891891933	0.008864864864864791	0.013117117117117067	-0.021549549549549615	-0.011891891891891933	8093605
2021-05-27	0.006637490882567445	-0.007658643326039263	0.01947483588621456	-0.015244347191830807	0.006637490882567445	6403770
2021-05-28	-0.015795956814723414	0.0	0.0010144192449823548	-0.02181001376711826	-0.015795956814723414	6393339
2021-05-31	0.0105278657144959	0.00036810719281442204	0.010822351468747689	-0.014945152028270639	0.0105278657144959	4922501
2021-06-01	0.01238525426198468	7.285443683534408e-05	0.014862305114381616	-0.008961095730729927	0.01238525426198468	7195240
2021-06-02	-0.006764536557282655	0.004461715601612007	0.005325273459988346	-0.019861830742659896	-0.006764536557282655	4947566
2021-06-03	-0.008839298652369213	0.0	0.0026807709027675416	-0.010433270540501359	-0.008839298652369213	4082663
2021-06-04	0.004532163742689883	-0.00950292397660827	0.015204678362572981	-0.00950292397660827	0.004532163742689883	4903566
2021-06-07	-0.009387279871925426	0.002765245233590627	0.009023431814874175	-0.011643137825643971	-0.009387279871925426	4004109
2021-06-08	-0.008300888856240324	0.0	0.013663409975758567	-0.015132593844119609	-0.008300888856240324	5641452
2021-06-09	0.00592592592592601	0.0	0.015555555555555513	-0.007259259259259183	0.00592592592592601	3955054
2021-06-10	0.0026509572901324387	0.000220913107511054	0.01288659793814433	-0.002430044182621594	0.0026509572901324387	4370504
2021-06-11	-0.01086956521739123	0.0	0.00029377203290240924	-0.01586368977673323	-0.01086956521739123	5343142
2021-06-15	-0.023982773982774118	0.0	0.006088506088506037	-0.031036531036531086	-0.023982773982774118	5872804
2021-06-16	0.018638265500190317	0.003042982122480074	0.01932293647774835	0.003042982122480074	0.018638265500190317	5195860
2021-06-17	-0.017401045556385455	-0.007841672890216663	-0.003286034353995502	-0.02165795369678869	-0.017401045556385455	4854176
2021-06-18	-0.015733069848749663	0.007068480656684707	0.016645131868967072	-0.022573535000380018	-0.015733069848749663	6974539
2021-06-21	0.0018532818532819234	-0.0015444015444014566	0.007722007722007722	-0.010424710424710382	0.0018532818532819234	4480169
2021-06-22	0.00909511330352997	0.00015415446277155704	0.024741791274857247	0.00015415446277155704	0.00909511330352997	7004490
2021-06-23	-0.005728689275893676	0.0075618698441797215	0.011075465933394571	-0.006874427131072238	-0.005728689275893676	4285973
2021-06-24	-0.0012291618652531045	0.002535146347084678	0.004993470077590887	-0.015134055465929162	-0.0012291618652531045	5021924
2021-06-25	0.01915237289439281	-0.003922775171140612	0.023382816706407357	-0.007768633182062849	0.01915237289439281	6908820
2021-06-28	-0.00015094339622649233	0.0	0.0	-0.014339622641509477	-0.00015094339622649233	3981988
2021-06-29	-0.02377717391304331	-0.0006038647342993969	-0.0006038647342993969	-0.02740036231884055	-0.02377717391304331	5684301
2021-06-30	-0.002938220057218154	0.0	0.006726977499419903	-0.004098043764014545	-0.002938220057218154	2746178
2021-07-01	0.02365257851880583	7.754943776672608e-05	0.02365257851880583	-0.006048856145792952	0.02365257851880583	6318077
2021-07-02	-0.043636363636363674	-0.007575757575757576	-0.007575757575757576	-0.05151515151515149	-0.043636363636363674	8804609
2021-07-05	-0.04032002534854238	-0.0098225602027883	-0.003802281368821212	-0.04942965779467677	-0.04032002534854238	7573136
2021-07-06	-0.029385059843169643	-0.001238134543953823	-8.254230293029398e-05	-0.06306231943871234	-0.029385059843169643	10801738
2021-07-07	-0.005357598435241174	-0.013521557955608499	0.0056127221702525435	-0.022025682455991184	-0.005357598435241174	6220992
2021-07-08	0.003248974008208017	0.008806429548563621	0.009746922024623808	-0.016672366621066935	0.003248974008208017	6177819
2021-07-09	-0.029316516107039354	-0.0028975626384864788	0.0013635588886994766	-0.04209988068859722	-0.029316516107039354	8159423
2021-07-12	0.02607550482879718	0.004741000877963055	0.032045654082528456	-0.014398595258999126	0.02607550482879718	8412224
2021-07-13	0.052280311457174634	-0.005476170103533845	0.05501839650894149	-0.01120903568067085	0.052280311457174634	9744429
2021-07-14	0.01496178240364278	-0.0006505122784192412	0.023743698162302828	-0.019840624491787265	0.01496178240364278	8648133
2021-07-15	0.029402339368691043	8.01153661272642e-05	0.03252683864765264	-0.014420765902900154	0.029402339368691043	10146546
2021-07-16	-0.041870962720834376	-0.011284924896879156	-0.005759203050821146	-0.0427270604716321	-0.041870962720834376	6250671
2021-07-19	-0.004305093006254579	-0.016895459345300935	-0.0004873690195760074	-0.04069531313459512	-0.004305093006254579	6073858
2021-07-20	0.010442160221895914	-0.007994778919889084	0.015092184695708994	-0.013705335291238315	0.010442160221895914	5315673
2021-07-21	-0.037946068141450046	-0.015016954626190857	0.0043597610205070745	-0.04165993864040043	-0.037946068141450046	8209583
2021-07-22	0.0036925142665323743	-0.0033568311513930134	0.018630412890231613	-0.01267203759650882	0.0036925142665323743	5321554
2021-07-23	-0.010117056856187238	0.0	0.010702341137123756	-0.01964882943143808	-0.010117056856187238	5237878
2021-07-26	-0.019849649463637084	-0.003294197145029146	0.007939859785454834	-0.03344877101106507	-0.019849649463637084	6300789
2021-07-27	-0.02533609100310248	0.012581868321268473	0.017924853498793504	-0.034815580834195156	-0.02533609100310248	7697565
2021-07-28	-0.0035366931918655304	-0.005305039787798359	0.009549071618037246	-0.046861184792219256	-0.0035366931918655304	8232997
2021-07-29	0.015794143744454314	0.009760425909494181	0.023868677905944966	-0.015084294587400203	0.015794143744454314	7404765
2021-07-30	0.0013976240391334433	-0.009958071278826001	0.007948986722571598	-0.026467505241090157	0.0013976240391334433	6116419
2021-08-02	0.0274773203070482	-0.013258897418004153	0.04684228890439641	-0.02564549895324492	0.0274773203070482	9459053
2021-08-03	0.010951693692163953	-0.002462008659478786	0.014517361405891788	-0.02198828423465492	0.010951693692163953	5811084
2021-08-04	-0.025613033254954627	0.006550218340611364	0.006550218340611364	-0.0328350688612697	-0.025613033254954627	5904589
2021-08-05	0.011376368180642879	-0.008877014565198665	0.03395673532707057	-0.01732310609325179	0.011376368180642879	6421228
2021-08-06	-0.02181508308478899	-0.0115040477204942	-0.003408606731998223	-0.028121005538985916	-0.02181508308478899	4375473
2021-08-09	0.05462148270755288	-0.0007840404216395453	0.06864709469465977	-0.005836745361094187	0.05462148270755288	12119497
2021-08-10	0.013547001486866021	0.0	0.016025111514951246	-0.026267966297703674	0.013547001486866021	10152383
2021-08-11	-0.025590872045639777	-0.016707416462917662	-0.001629991850040773	-0.025590872045639777	-0.025590872045639777	5811740
2021-08-12	-0.029608564737370408	-0.004683840749414539	0.006189360990297716	-0.029692204750752734	-0.029608564737370408	6095482
2021-08-13	-0.002930529219100062	-0.008791587657300431	0.010256852266850523	-0.008791587657300431	-0.002930529219100062	4110803
2021-08-16	-0.0015560165975104323	-0.0006915629322269407	0.009681881051175572	-0.013485477178423255	-0.0015560165975104323	4792993
2021-08-17	-0.03116883116883112	8.658008658013087e-05	0.004329004329004329	-0.03428571428571423	-0.03116883116883112	7722782
2021-08-18	-0.00402144772117965	8.936550491502149e-05	0.0071492403932081955	-0.013494191242180563	-0.00402144772117965	3672016
2021-08-19	-0.00924181247196053	-0.004934948407357534	0.003858232391206753	-0.013010318528488137	-0.00924181247196053	4123044
2021-08-20	-0.04500996196341241	-0.003803658757471488	-0.0007245064299945508	-0.056964318058322826	-0.04500996196341241	9494232
2021-08-23	-0.0044570886676149725	0.009957325746799403	0.014698909435751514	-0.013750592697961146	-0.0044570886676149725	7034929
2021-08-24	0.04572299485616305	0.009335111449799864	0.04591350733473036	0.00019051247856730825	0.04572299485616305	7143188
2021-08-25	-0.004463472399344096	0.003825833485152138	0.02477682638003278	-0.007014028056112188	-0.004463472399344096	4322306
2021-08-26	-0.023240918656784758	9.149967975103764e-05	0.0010064964772623242	-0.035227376704181614	-0.023240918656784758	4923648
2021-08-27	-0.006182669789227134	-0.005714285714285709	0.02744730679156915	-0.011241217798594874	-0.006182669789227134	3668579
2021-08-30	-0.005278537091149046	0.046281459138467304	0.046281459138467304	-0.014515977000659876	-0.005278537091149046	4781782
2021-08-31	-0.09997157206481566	-0.09997157206481566	-0.08196721311475415	-0.09997157206481566	-0.09997157206481566	10404096
2021-09-01	-0.020320067382606936	-0.05032638450200043	0.004211412929037602	-0.09265108443882919	-0.020320067382606936	19489771
2021-09-02	-0.03492745835572273	-0.022031166039763538	-0.01149919398173018	-0.04352498656636214	-0.03492745835572273	13018402
2021-09-03	0.0030066815144765705	-0.02783964365256125	0.03006681514476618	-0.03897550111358575	0.0030066815144765705	12549715
2021-09-06	0.021649827911624325	-0.01132452536915728	0.027645164871766506	-0.020761629843454983	0.021649827911624325	13772418
2021-09-07	-0.019343620951966976	-0.005868289502282026	-0.005759617474462086	-0.025103238426429062	-0.019343620951966976	11596454
2021-09-08	0.005651595744680908	-0.00487588652482267	0.0157358156028369	-0.011524822695035374	0.005651595744680908	8995942
2021-09-09	-0.008264462809917356	0.0046280991735537375	0.013553719008264506	-0.008264462809917356	-0.008264462809917356	7544727
2021-09-10	0.00855555555555551	0.016222222222222152	0.016222222222222152	-0.002222222222222254	0.00855555555555551	6868910
2021-09-13	-0.019940508978737493	0.0015423598105100867	0.001872865484190831	-0.025889611104990575	-0.019940508978737493	7175385
2021-09-14	-0.008767985611510645	0.0014613309352519072	0.010566546762590064	-0.013039568345323703	-0.008767985611510645	6248924
2021-09-15	-0.021093218416874726	-0.013381719210705452	-0.0037423452029940176	-0.02460875481968702	-0.021093218416874726	7200117
2021-09-16	0.03174235403151077	-0.0037071362372566403	0.04135773864689536	-0.009499536607970264	0.03174235403151077	9937655
2021-09-17	0.00044913541432733034	0.0	0.00887042443296645	-0.02537615090949927	0.00044913541432733034	6037211
2021-09-22	-0.022671156004489296	-0.003367003367003335	0.012906846240179638	-0.025589225589225603	-0.022671156004489296	4494567
2021-09-23	0.051676619200734956	0.00826825907211758	0.05523656407900784	0.003100597152044052	0.051676619200734956	11783748
2021-09-24	0.1000218388294387	0.03734439834024898	0.1000218388294387	0.03734439834024898	0.1000218388294387	17339213
2021-09-27	0.058467341671629945	0.0026801667659322043	0.07980941036331156	-0.007345642247369415	0.058467341671629945	19067040
2021-09-28	0.009753352714995838	0.0	0.02119478570758703	-0.04342117602926002	0.009753352714995838	11541274
2021-09-29	0.019318287359524455	-0.010495031113587773	0.021547320516392618	-0.03520014860221052	0.019318287359524455	11072507
2021-09-30	0.002277904328018223	-9.111617312077554e-05	0.009202733485193668	-0.018678815489749406	0.002277904328018223	9010615
2021-10-08	0.01818181818181818	0.0035454545454545504	0.04090909090909091	-0.02690909090909085	0.01818181818181818	9231564
2021-10-11	-0.018571428571428555	0.0	0.00883928571428567	-0.03366071428571425	-0.018571428571428555	7016694
2021-10-12	0.03711790393013099	-0.00036390101892290987	0.046215429403202314	-0.01992358078602618	0.03711790393013099	8346925
2021-10-13	-0.003947368421052657	0.02631578947368421	0.03508771929824561	-0.02631578947368421	-0.003947368421052657	9772572
2021-10-14	-0.01030383091149275	0.0	0.010127697049757866	-0.028621752531924262	-0.01030383091149275	5551923
2021-10-15	0.020377291332977453	-0.00177967609894989	0.02954262324256992	-0.016728955330129875	0.020377291332977453	8909606
2021-10-18	-0.018487834655969343	0.0	0.0010464812069416983	-0.02502834219935471	-0.018487834655969343	6405424
2021-10-19	0.028876055086628168	-0.00959573522878719	0.04344735673034208	-0.012350066637050206	0.028876055086628168	6930167
2021-10-20	0.016234887737478495	0.0	0.021848013816925745	-0.009671848013816842	0.016234887737478495	6715982
2021-10-21	-0.00577838205302521	0.002719238613188249	0.010197144799456055	-0.011726716519374656	-0.00577838205302521	4430415
2021-10-22	0.041025641025641005	0.012393162393162417	0.044615384615384605	-0.004273504273504274	0.041025641025641005	9179486
2021-10-25	-0.02750410509031194	-0.01395730706075536	-0.006568144499178959	-0.03858784893267654	-0.02750410509031194	7464339
2021-10-26	-0.01882650907555934	-8.442380751376206e-05	0.0	-0.023469818488813854	-0.01882650907555934	4941258
2021-10-27	0.00025813113061436187	-0.003871966959215306	0.013336775081741501	-0.021080709000172112	0.00025813113061436187	4629762
2021-10-28	0.001376344086021476	0.0047311827956989004	0.010666666666666623	-0.008344086021505366	0.001376344086021476	4349133
2021-10-29	0.005240099647796577	-0.001975775277037967	0.009191650201872755	-0.009363456747702116	0.005240099647796577	5269653
2021-11-01	-0.03529311228849766	-0.009571013501965394	-0.009571013501965394	-0.03691676636472392	-0.03529311228849766	6100589
2021-11-02	0.06298166356630347	0.0	0.06298166356630347	0.0	0.06298166356630347	12608194
2021-11-03	-0.014000000000000058	-0.007500000000000047	-8.333333333337597e-05	-0.024916666666666625	-0.014000000000000058	7147687
2021-11-04	0.04394861392832998	0.004901960784313831	0.05138607167004744	0.0	0.04394861392832998	10351949
2021-11-05	-0.000485751295336806	-0.00785297927461139	0.006476683937823811	-0.01635362694300515	-0.000485751295336806	5895316
2021-11-08	-0.027620281872671286	-0.0008909768346022958	0.0	-0.032075166045682765	-0.027620281872671286	5124993
2021-11-09	-0.0012494793835900997	-0.0012494793835900997	0.014410662224073336	-0.009079550187421936	-0.0012494793835900997	4344364
2021-11-10	-0.019683069224353623	-0.0017514595496247536	0.013344453711426141	-0.03252710592160138	-0.019683069224353623	5134017
2021-11-11	0.0029777097158413673	-0.007656967840735117	0.014122851795133541	-0.01106006465883964	0.0029777097158413673	4464825
2021-11-12	-0.012638900670116167	-0.0026295699380778884	-0.0011875477139706553	-0.020273135974213253	-0.012638900670116167	4150922
2021-11-15	0.046907216494845305	0.009450171821305793	0.053092783505154575	0.0061855670103092685	0.046907216494845305	7616967
2021-11-16	-0.0032824552765469035	-0.0029542097488921668	0.004267191859510882	-0.02182832758903657	-0.0032824552765469035	4527585
2021-11-17	-0.00617487238597069	-0.010785443767495373	0.008974147867610765	-0.012020418244689558	-0.00617487238597069	4450362
2021-11-18	-0.014331869770524313	0.006461767873415634	0.006544611051279979	-0.029492171319691726	-0.014331869770524313	3915841
2021-11-19	0.00773239199865525	0.0026054799125903704	0.01613716591023703	-0.008236678433350176	0.00773239199865525	3207839
2021-11-22	-0.01517931609674735	-0.0075062552126772784	0.0008340283569640894	-0.021684737281067627	-0.01517931609674735	4029375
2021-11-23	-0.006012872628726234	-0.006605691056910579	0.01202574525745259	-0.012703252032520325	-0.006012872628726234	4304139
2021-11-24	-0.008434864104967275	-0.0005964045326745113	0.00817926216239238	-0.01167248871091424	-0.008434864104967275	3435821
2021-11-25	-0.008592541673827118	0.009537721257948096	0.009537721257948096	-0.032479807527066515	-0.008592541673827118	6981654
2021-11-26	-0.00624024960998439	-0.00606690934304029	0.005373548275264384	-0.01802738776217714	-0.00624024960998439	4291885
2021-11-29	-0.010116867259724374	-0.0006977149834292543	0.0029652886795744236	-0.017878946450374997	-0.010116867259724374	4552522
2021-11-30	-0.01057268722466963	0.0038766519823788346	0.0038766519823788346	-0.012775330396475796	-0.01057268722466963	4531718
2021-12-01	0.012288512911843363	-8.904719501327609e-05	0.01513802315227073	-0.0004452359750667601	0.012288512911843363	3516049
2021-12-02	-0.008620689655172448	-8.796622097119207e-05	0.009588318085854936	-0.010292047853624222	-0.008620689655172448	2817773
2021-12-03	-0.01020408163265311	0.003283052351375247	0.011535048802129522	-0.02129547471162383	-0.01020408163265311	6033234
2021-12-06	-0.015150156880322705	0.004034065441506076	0.007171671896010732	-0.03469296279695196	-0.015150156880322705	7215981
2021-12-07	0.025851083196795955	0.005825596213362466	0.034589477516839585	-0.005006371745858339	0.025851083196795955	7490243
2021-12-08	0.000887311446317607	0.0012422360248447255	0.013309671694764862	-0.014995563442768391	0.000887311446317607	6926663
2021-12-09	0.03634751773049653	8.86524822695489e-05	0.059042553191489336	-0.0035460992907800663	0.03634751773049653	11143444
2021-12-10	-0.016253207869974386	-0.006244653550042806	-0.0010265183917878918	-0.03036783575705741	-0.016253207869974386	9636789
2021-12-13	-0.019999999999999976	0.0	0.007478260869565213	-0.020173913043478202	-0.019999999999999976	9252505
2021-12-14	-0.004525288376220098	-0.0017746228926353402	0.0026619343389529472	-0.012422360248447254	-0.004525288376220098	6203358
2021-12-15	-0.031553614404135774	-0.0016935555753632028	-0.00026740351189946643	-0.03306890097156604	-0.031553614404135774	8952932
2021-12-16	0.008283479061205627	0.00027611596870686733	0.008743672342383695	-0.01518637827887718	0.008283479061205627	7190682
2021-12-17	-0.009584664536741188	-0.0033774532177087207	0.005750798722044817	-0.014057507987220375	-0.009584664536741188	4379908
2021-12-20	0.008110599078340972	-0.004608294930875576	0.011797235023041485	-0.009216589861751152	0.008110599078340972	4409708
2021-12-21	-0.02011336624611436	-0.004571219601389651	0.0	-0.033827025050283316	-0.02011336624611436	5317425
2021-12-22	-0.00961000186601979	0.006437768240343326	0.006437768240343326	-0.019686508676992103	-0.00961000186601979	5032935
2021-12-23	0.008290155440414464	0.0011304757418746146	0.011775788977861516	-0.005181347150259174	0.008290155440414464	4216966
2021-12-24	-0.0007474539848640408	-0.009530038307016687	0.00046715874054000894	-0.009530038307016687	-0.0007474539848640408	3240545
2021-12-27	0.03338008415147259	0.00018700327255723255	0.0340345956054231	-0.00028050490883591527	0.03338008415147259	6001023
2021-12-28	-0.015019905899384697	0.0010857763300760456	0.0034382917119074345	-0.024882374230908434	-0.015019905899384697	5592438
2021-12-29	-0.037203747933125086	0.005879110784493851	0.005879110784493851	-0.03738747014514048	-0.037203747933125086	8267541
2021-12-30	-0.0012403396622459254	9.541074324960314e-05	0.004675126419234757	-0.010304360270966494	-0.0012403396622459254	4235576
2021-12-31	0.004107756973633861	0.0	0.012514329384791632	0.0	0.004107756973633861	2837783
2022-01-04	0.008847873656169791	0.005613167158215236	0.013224241271049382	-0.012463133859765982	0.008847873656169791	6145288
2022-01-05	0.024424745379102122	0.011882308562806402	0.030460203696718122	0.0011316484345529076	0.024424745379102122	8737390
2022-01-06	0.008285004142502123	0.00994200497100247	0.012151339409003106	-0.010402282978919226	0.008285004142502123	7171161
2022-01-07	-0.0021911804984935165	0.0036519674974893244	0.012142791929151815	-0.004747557746736018	-0.0021911804984935165	5032437
2022-01-10	-0.016652941714704064	0.002470491353280227	0.0059474791838227785	-0.028090401683594172	-0.016652941714704064	5091775
2022-01-11	-0.017400204708290727	-0.004466362705871443	0.010979808318600603	-0.017493253931329632	-0.017400204708290727	4994472
2022-01-12	0.017234848484848554	0.008238636363636406	0.022727272727272783	-0.01477272727272716	0.017234848484848554	4754399
2022-01-13	-0.017780673989945973	0.00875069819400482	0.008843790727983643	-0.02066654254328802	-0.017780673989945973	3479218
2022-01-14	-0.024547436261965722	0.0	0.004644109563074541	-0.024547436261965722	-0.024547436261965722	4710129
2022-01-17	-0.001748931208705857	0.0002914885347843095	0.007870190439176082	-0.01982122036533236	-0.001748931208705857	3984084
2022-01-18	0.00963597430406861	0.007202647459606863	0.01469729414054901	-0.005645318279151239	0.00963597430406861	3424533
2022-01-19	0.002313699026318277	0.0006748288826761128	0.010797262122818762	-0.005784247565795898	0.002313699026318277	2787489
2022-01-20	0.011349427719534547	0.007983072040011526	0.01952486294123306	0.0	0.011349427719534547	4123570
2022-01-21	0.017593913456966183	-0.004755111745126011	0.017593913456966183	-0.010936757013789877	0.017593913456966183	3902251
2022-01-24	-0.03448598130841119	-0.0020560747663551297	-0.0020560747663551297	-0.03757009345794389	-0.03448598130841119	3574835
2022-01-25	-0.023134256122350212	-0.00038718420288458283	0.010550769528603265	-0.025263769238215075	-0.023134256122350212	3912061
2022-01-26	-0.013079667063020287	0.0017835909631390469	0.009611573523583024	-0.028141101862861707	-0.013079667063020287	4737690
2022-01-27	-0.03554216867469872	-0.018072289156626477	-0.006024096385542112	-0.03584337349397584	-0.03554216867469872	4641306
2022-01-28	0.0041640641265874604	0.0014574224443056481	0.05715178013741406	0.0014574224443056481	0.0041640641265874604	7246824
2022-02-07	-0.01306240928882429	0.014099108438731075	0.019904623678208604	-0.013477088948787033	-0.01306240928882429	7125430
2022-02-08	0.003151260504201651	0.0	0.008193277310924382	-0.02279411764705884	0.003151260504201651	5631185
2022-02-09	0.003455497382198935	0.0009424083769633866	0.00837696335078531	-0.005235602094240838	0.003455497382198935	3979821
2022-02-10	-0.001252217468433732	0.004069706772409481	0.004069706772409481	-0.021183345507669843	-0.001252217468433732	4633539
2022-02-11	-0.009612370703165684	-0.001253787483021527	-0.001253787483021527	-0.01734406018179915	-0.009612370703165684	3868614
2022-02-14	0.012765059605443545	-0.013609030488448214	0.012765059605443545	-0.018883848507226565	0.012765059605443545	4778547
2022-02-15	0.014062499999999941	0.0	0.02187499999999994	-0.004166666666666726	0.014062499999999941	3957500
2022-02-16	-0.0007190549563430219	-0.00010272213662034829	0.006676938880328769	-0.0179763739085773	-0.0007190549563430219	3317842
2022-02-17	-0.0037006578947368363	0.00010279605263163154	0.005345394736842065	-0.009560032894736913	-0.0037006578947368363	2273565
2022-02-18	0.009905076351630146	-0.009182831200990513	0.012174989682212057	-0.016714816343376026	0.009905076351630146	2955607
2022-02-21	0.016142214957090298	0.0012259910093993108	0.02155700858193706	-0.00674295055169592	0.016142214957090298	4615187
2022-02-22	-0.026744419867283296	-0.0036195455459481145	-0.0036195455459481145	-0.03368188216368384	-0.026744419867283296	3905672
2022-02-23	0.0001033057851240198	-0.006404958677685851	0.004132231404958737	-0.01849173553719	0.0001033057851240198	3692996
2022-02-24	-0.013015184381778795	-0.010432806528251267	0.007127362875735954	-0.018696415659539327	-0.013015184381778795	4059787
2022-02-25	0.01967556253270549	-0.0010465724751438444	0.04113029827315549	-0.0031397174254316814	0.01967556253270549	5249587
2022-02-28	0.016114133223852953	0.0005131889561736339	0.016114133223852953	-0.012624448321872154	0.016114133223852953	4520601
2022-03-01	0.027272727272727303	-0.0010101010101009526	0.03131313131313126	-0.0036363636363636307	0.027272727272727303	6511941
2022-03-02	-0.006882989183874168	0.0	0.007866273352998988	-0.010127826941986245	-0.006882989183874168	3856336
2022-03-03	0.003762376237623717	0.0011881188118812332	0.013663366336633618	-0.0050495049504951	0.003762376237623717	3021170
2022-03-04	0.007891102781613844	-0.000197277569540304	0.010948905109489046	-0.013513513513513419	0.007891102781613844	3991203
2022-03-07	-0.04257193188490906	0.0	0.0030338618124876498	-0.045801526717557314	-0.04257193188490906	5785228
2022-03-08	-0.049371358478994154	0.011959521619135252	0.01707042829397937	-0.0524379024839006	-0.049371358478994154	7941830
2022-03-09	-0.027096774193548345	0.0	0.009247311827956984	-0.058924731182795745	-0.027096774193548345	8071067
2022-03-10	0.009946949602121922	0.02685676392572936	0.031167108753315572	0.003868258178602943	0.009946949602121922	4713640
2022-03-11	0.01772816808929749	0.00010943313635374388	0.02013569708907861	-0.025716787043116595	0.01772816808929749	4893867
2022-03-14	-0.04516129032258068	-0.010752688172043012	-0.005913978494623625	-0.04516129032258068	-0.04516129032258068	5770606
2022-03-15	-0.021959459459459492	-0.0013513513513512426	0.010698198198198231	-0.0416666666666667	-0.021959459459459492	6090594
2022-03-16	0.019573978123200955	0.010823258491652412	0.024755325273460055	-0.020034542314335	0.019573978123200955	5844515
2022-03-17	0.049689440993788886	0.01637492941840771	0.05239977413890458	0.0020327498588368926	0.049689440993788886	6511233
2022-03-18	-0.009790209790209753	0.0	0.006670252824098874	-0.017966648735879522	-0.009790209790209753	16634406
2022-03-21	-0.028139939156888345	0.004997827031725269	0.005323772272924759	-0.03433289873967851	-0.028139939156888345	5777307
2022-03-22	0.0024594745667970807	0.0007825600894353625	0.007154835103409732	-0.010620458356623844	0.0024594745667970807	2732990
2022-03-23	0.00256496041039371	0.01494368239098922	0.01985056317609012	-0.0007806401249025024	0.00256496041039371	3469536
2022-03-24	0.0011123470522802481	-0.0013348164627364242	0.0026696329254726906	-0.018020022246941096	0.0011123470522802481	3389082
2022-03-25	-0.021333333333333353	0.0	0.016444444444444487	-0.021333333333333353	-0.021333333333333353	5463690
2022-03-28	-0.023614895549500435	-0.017938237965485902	-0.0148728428701181	-0.04405086285195272	-0.023614895549500435	7591896
2022-03-29	-0.018023255813953455	-0.011627906976744186	-0.004767441860465077	-0.019883720930232485	-0.018023255813953455	3936650
2022-03-30	0.04416814683244528	0.00011841326228526826	0.04440497335701599	-0.005565423327412657	0.04416814683244528	6634806
2022-03-31	-0.008618734406895045	-0.00090723520072593	0.014629167611703242	-0.013381719210705452	-0.008618734406895045	3534049
2022-04-01	0.011324639670555877	0.0020590253946464496	0.02802562342713341	-0.01624342255776712	0.011324639670555877	3873929
2022-04-06	-0.015948422124194058	-0.02239565659993202	-0.008370093880782659	-0.03630810994231415	-0.015948422124194058	5211111
2022-04-07	-0.01068965517241387	-0.009195402298850542	0.0067816091954023385	-0.017126436781609137	-0.01068965517241387	2964658
2022-04-08	-0.00894620657604271	-0.0029046125246892066	0.004763564540490425	-0.011850819100731918	-0.00894620657604271	2805334
2022-04-11	-0.015240328253223882	0.0	0.006799531066822958	-0.026729191090269652	-0.015240328253223882	3863519
2022-04-12	0.026309523809523734	0.010476190476190422	0.029880952380952442	-0.0014285714285714828	0.026309523809523734	4510170
2022-04-13	-0.00057997912075162	-0.02563507713722299	0.002319916483006645	-0.02563507713722299	-0.00057997912075162	2755239
2022-04-14	0.05489786443825446	0.0	0.05501392757660178	-0.0069637883008355885	0.05489786443825446	7665749
2022-04-15	-0.005831224557157015	-0.004290901089228744	0.009902079436681765	-0.016063373308394694	-0.005831224557157015	4085942
2022-04-18	0.0014386896857015877	-0.003984063745019914	0.014386896857016348	-0.01571491810535637	0.0014386896857015877	3054207
2022-04-19	-0.020112719637528934	-0.0004420377942313189	0.004309868493756223	-0.026411758205326562	-0.020112719637528934	3879347
2022-04-20	0.032705537385812465	0.0001127777151235493	0.040036088868839484	-0.0139844366753129	0.032705537385812465	6643565
2022-04-21	-0.0061155400240252055	-0.005241891449164462	0.014305995413345008	-0.012777110407338513	-0.0061155400240252055	5569001
2022-04-22	-0.017800241731677886	-0.015163168882540486	-0.000988902318426584	-0.029557191517415798	-0.017800241731677886	3307906
2022-04-25	-0.013312451057165206	-0.007718984226423512	0.02595368609464138	-0.015437968452847024	-0.013312451057165206	7153781
2022-04-26	0.04501133786848071	0.008049886621315122	0.04875283446712015	0.0013605442176869652	0.04501133786848071	8872814
2022-04-27	-0.017359227514375703	-0.001735922751437524	0.012910925463816836	-0.03395898882499724	-0.017359227514375703	8726195
2022-04-28	0.0034227669206139152	0.0	0.0034227669206139152	-0.02219277906591577	0.0034227669206139152	6275358
2022-04-29	-0.10299295774647887	-0.09441021126760563	-0.08582746478873236	-0.11971830985915488	-0.10299295774647887	9581245
2022-05-05	-0.036064769381746783	0.0	0.0003680078508341651	-0.04538763493621201	-0.036064769381746783	11136143
2022-05-06	-0.03156019343344368	-0.007381012980402116	-0.007381012980402116	-0.032832781878340524	-0.03156019343344368	5062745
2022-05-09	0.0072273324572931855	0.00013140604467812243	0.0072273324572931855	-0.013009198423127397	0.0072273324572931855	3849803
2022-05-10	-0.007045009784735893	0.006262230919765032	0.006262230919765032	-0.01891715590345731	-0.007045009784735893	6577641
2022-05-11	0.004729996058336611	-0.0001313887793983066	0.014452765733806258	-0.011562212587045007	0.004729996058336611	10935065
2022-05-12	-0.005100039231071015	-0.010069308225447837	0.00248463449718841	-0.012292402249248041	-0.005100039231071015	6210493
2022-05-13	-0.0010515247108306822	0.005389064143007316	0.023659305993690816	-0.0076235541535225855	-0.0010515247108306822	6677854
2022-05-16	-0.03447368421052638	-0.0026315789473684583	0.0034210526315790147	-0.03815789473684218	-0.03447368421052638	11812804
2022-05-17	0.013900245298446584	0.0	0.013900245298446584	-0.02166802943581343	0.013900245298446584	7228390
2022-05-18	-0.003494623655914047	-0.003225806451613025	0.0013440860215053	-0.012096774193548463	-0.003494623655914047	5140096
2022-05-19	-0.013757755597518155	-0.01025087671971952	-0.00728351766927443	-0.023469112489883932	-0.013757755597518155	4399242
2022-05-20	0.023796498905908025	0.010257111597374179	0.025437636761487956	0.001094091903719889	0.023796498905908025	9238613
2022-05-23	-0.015629174458990137	0.008549292011755284	0.009350788137857372	-0.018167245524979954	-0.015629174458990137	7136195
2022-05-24	-0.002985479712308303	-0.010584882616365874	0.006920884787623899	-0.010720586239652491	-0.002985479712308303	6256103
2022-05-25	0.0010888798148904083	0.0031305294678100446	0.01265822784810136	-0.006261058935619896	0.0010888798148904083	5558791
2022-05-26	-0.009517335146159114	-0.004758667573079461	-0.0006798096532970382	-0.027192386131883073	-0.009517335146159114	7919644
2022-05-27	-0.002059025394646417	0.008647906657515575	0.020041180507893042	-0.0043925875085791795	-0.002059025394646417	6408540
2022-05-30	0.018569463548830732	0.0	0.024484181568088046	-0.002338376891334274	0.018569463548830732	9526430
2022-05-31	0.034976367319378844	0.0059419311276164444	0.03956785955435526	-0.0086428089128967	0.034976367319378844	12337993
2022-06-01	-0.009394572025052178	0.01383089770354909	0.01383089770354909	-0.016962421711899753	-0.009394572025052178	7197865
2022-06-02	-0.014225500526870367	-0.01238145416227605	-0.004478398314014797	-0.018572181243414074	-0.014225500526870367	6664203
2022-06-06	0.012560128273650424	-0.004543025120256593	0.013896312132549332	-0.026990913949759623	0.012560128273650424	8274749
2022-06-07	0.05898653998416467	-0.01029295328582741	0.06888361045130639	-0.016231195566112484	0.05898653998416467	19120845
2022-06-08	0.01931464174454825	0.0	0.030404984423675983	-0.01333333333333325	0.01931464174454825	12567843
2022-06-09	-0.037286063569682115	-0.0095354523227384	-0.000977995110024429	-0.03936430317848409	-0.037286063569682115	9498774
2022-06-10	0.015365079365079286	-0.011301587301587309	0.017396825396825456	-0.013968253968253895	0.015365079365079286	8792237
2022-06-13	-0.018009004502251097	-0.020760380190095008	-0.004002001000500165	-0.026013006503251605	-0.018009004502251097	7878663
2022-06-14	0.016301579215486514	-0.00789607743250115	0.01693835965359142	-0.009424350483953068	0.016301579215486514	6447913
2022-06-15	0.018170426065162944	-0.006140350877192918	0.03984962406015046	-0.007518796992481132	0.018170426065162944	11327587
2022-06-16	-0.0006153846153845804	0.0011076923076923496	0.021292307692307742	-0.006523076923076937	-0.0006153846153845804	7758179
2022-06-17	0.027463054187192165	-0.006157635467980295	0.034236453201970454	-0.006157635467980295	0.027463054187192165	10246075
2022-06-20	0.0032362459546925086	0.0017979144192735402	0.01857844899916094	-0.0046745774901114775	0.0032362459546925086	7144106
2022-06-21	0.0035842293906809693	0.0	0.01541218637992822	-0.009796893667861498	0.0035842293906809693	5814933
2022-06-22	-0.018214285714285728	-0.00476190476190483	0.011666666666666714	-0.018214285714285728	-0.018214285714285728	7622296
2022-06-23	0.007517885291621251	-0.0015763307869527763	0.018188432157148052	-0.010064265793621902	0.007517885291621251	6683593
2022-06-24	0.013118305451919646	0.010951979780960363	0.02154290528342751	-0.006498977012877678	0.013118305451919646	8133114
2022-06-27	0.037063435495366955	-0.0029698265621287715	0.053575671180802927	-0.0033262057495842376	0.037063435495366955	12037392
2022-06-28	-0.00240549828178687	-0.007903780068728496	0.0034364261168384554	-0.021878579610538334	-0.00240549828178687	7616125
2022-06-29	-0.006774600987484251	0.0008037662188539806	0.00711907222413584	-0.015156734412676625	-0.006774600987484251	6240580
2022-06-30	0.04462427745664739	-0.005086705202312113	0.058381502890173374	-0.009710982658959578	0.04462427745664739	12212651
2022-07-01	0.000442673749446727	0.0009960159362550178	0.015936254980079657	-0.013612217795484771	0.000442673749446727	7011535
2022-07-04	0.0027654867256637168	0.015486725663716719	0.01747787610619467	-0.004314159292035404	0.0027654867256637168	6358105
2022-07-05	-0.005295091009376768	0.009376723662437884	0.014782129067843234	-0.024489795918367332	-0.005295091009376768	7942542
2022-07-06	-0.0018853277143174192	-0.003105245647111025	0.002550737495841233	-0.012975490739713892	-0.0018853277143174192	7732595
2022-07-07	-0.021111111111111174	-0.013444444444444375	-0.004555555555555518	-0.03355555555555551	-0.021111111111111174	7663188
2022-07-08	-0.011464245175936333	0.0009080590238366914	0.006696935300794591	-0.0170261066969353	-0.011464245175936333	6171596
2022-07-11	-0.02755769893213923	-0.012860259501664997	-0.010448960845102728	-0.0469629119301872	-0.02755769893213923	8193073
2022-07-12	-0.00047231078049347083	0.002243476207344406	0.008029283268390681	-0.006612350926909934	-0.00047231078049347083	4778210
2022-07-13	0.005316007088009316	-0.010041346721795729	0.017838157117542715	-0.010041346721795729	0.005316007088009316	5323774
2022-07-14	-0.005287896592244285	0.0	0.0065804935370153035	-0.012925969447708512	-0.005287896592244285	4386433
2022-07-15	-0.013703484937980044	-0.007678676904902607	0.019373892498523337	-0.015002953337271236	-0.013703484937980044	7307554
2022-07-18	0.011857707509881533	-0.0021559468199783523	0.016648700443166853	-0.019283746556473823	0.011857707509881533	5645755
2022-07-19	0.001420454545454431	0.0	0.008522727272727258	-0.01396780303030311	0.001420454545454431	4366431
2022-07-20	0.011702127659574577	0.011820330969267141	0.028250591016548473	0.0	0.011702127659574577	6626681
2022-07-21	-0.019978969505783477	-0.0028040658955486514	0.0035050823694356484	-0.02196518284846372	-0.019978969505783477	4461060
2022-07-22	0.010610395803528858	-0.000953743443013809	0.019313304721030097	-0.005960896518836433	0.010610395803528858	4042110
2022-07-25	0.001179662616491784	-0.011442727379969316	0.0027132240179309187	-0.011914592426565895	0.001179662616491784	3053949
2022-07-26	0.0005891363261458367	0.0014139271827499744	0.019677153293272083	-0.0022387180393542796	0.0005891363261458367	3771756
2022-07-27	-0.012717852096090419	-0.0012953367875647602	-0.0007065473386717178	-0.018370230805463992	-0.012717852096090419	3347867
2022-07-28	0.01896469465648859	0.0019083969465648447	0.023377862595419772	-0.0034589694656489292	0.01896469465648859	5927735
2022-07-29	-0.03230715205431353	-0.009598501697296117	-0.005150415544890693	-0.048343673182722806	-0.03230715205431353	9332425
2022-08-01	-0.015725172372081736	-0.007983549050441473	-0.0074996975928390535	-0.027821458812144637	-0.015725172372081736	4476419
2022-08-02	0.005284502888042185	0.0	0.013641391176109123	-0.009340051616074783	0.005284502888042185	5336290
2022-08-03	-0.009779951100244464	0.00012224938875311878	0.007334963325183479	-0.011002444987774957	-0.009779951100244464	4117433
2022-08-04	0.02098765432098769	0.008024691358024761	0.02580246913580251	0.00012345679012351995	0.02098765432098769	5224557
2022-08-05	0.006045949214026602	0.011366384522369984	0.012454655380894814	-0.005441354292623976	0.006045949214026602	3979417
2022-08-08	-0.0040865384615385025	-0.014423076923076957	0.001923076923076882	-0.016706730769230776	-0.0040865384615385025	3677687
2022-08-09	-0.009896210475500763	-0.003017137340091721	-0.003017137340091721	-0.020033791938208985	-0.009896210475500763	3361763
2022-08-10	-0.04887859580692351	-0.001706484641638232	-0.001706484641638232	-0.057289127254997595	-0.04887859580692351	11621974
2022-08-11	0.014994232987312594	-0.0002563116749967451	0.016275791362296503	-0.02204280404972445	0.014994232987312594	7653232
2022-08-12	0.009848484848484863	-0.004924242424242432	0.011363636363636256	-0.010984848484848542	0.009848484848484863	4165728
2022-08-15	-0.012253063265816504	-0.005751437859464965	0.009002250562640646	-0.015003750937734468	-0.012253063265816504	4156479
2022-08-16	-0.0012658227848100546	0.0	0.01746835443037969	-0.0031645569620253164	-0.0012658227848100546	3293971
2022-08-17	0.003041825095056969	0.0	0.0038022813688212563	-0.017743979721166103	0.003041825095056969	4059848
2022-08-18	-0.013393985342431164	-0.0011372251705838187	0.0024008086934546088	-0.01579479403588577	-0.013393985342431164	3320665
2022-08-19	0.0011526639344262733	-0.006403688524590164	0.011014344262295075	-0.0073002049180327	0.0011526639344262733	3448026
2022-08-22	0.0020468210310860507	-0.012408852500959433	0.017014199820903138	-0.012408852500959433	0.0020468210310860507	3529900
2022-08-23	-0.004978935273841447	-0.0022979701263882626	0.005744925315970929	-0.01314949572322228	-0.004978935273841447	3746807
2022-08-24	-0.006543494996150769	0.0007698229407236628	0.007441621760328436	-0.0070567102899666044	-0.006543494996150769	4299053
2022-08-25	0.011365103964871438	-0.000516595634766967	0.0122691463257134	-0.002066382539067684	0.011365103964871438	3779520
2022-08-26	0.010854297024645566	-0.00012769761205471992	0.019793129868471423	-0.0037032307495850625	0.010854297024645566	4785023
2022-08-29	-0.00745325922182925	-0.00884284992420418	0.00303183425972725	-0.014022233451237992	-0.00745325922182925	3617415
2022-08-30	-0.004072801323660343	0.0007636502481863596	0.007891052564592141	-0.026345933562428325	-0.004072801323660343	5281798
2022-08-31	0.029520766773162968	-0.0024281150159744117	0.033354632587859416	-0.012140575079872241	0.029520766773162968	9205114
2022-09-01	-0.024205561072492585	-0.010551142005958398	-0.008316782522343616	-0.026315789473684265	-0.024205561072492585	6375118
2022-09-02	-0.007759826994021109	0.005088411143620477	0.013738710087775071	-0.012212186744688892	-0.007759826994021109	4286987
2022-09-05	-0.022435897435897436	-0.006153846153846205	0.005000000000000007	-0.03205128205128205	-0.022435897435897436	5855295
2022-09-06	0.0009180327868851565	0.008262295081967153	0.022950819672131147	-0.003278688524590164	0.0009180327868851565	3824280
2022-09-07	-0.008778825995806965	-0.01100628930817596	-0.0013102725366875567	-0.014281970649895039	-0.008778825995806965	4067299
2022-09-08	0.001982815598149259	0.0030403172504955686	0.01017845340383339	-0.0019828155981494473	0.001982815598149259	3169819
2022-09-09	0.04749340369393151	0.005277044854881342	0.04881266490765175	-0.0048812664907650445	0.04749340369393151	11342653
2022-09-13	0.02027707808564231	0.013098236775818539	0.02808564231738022	0.006297229219143576	0.02027707808564231	6532091
2022-09-14	0.010986297987902734	-0.0001234415504259365	0.01592396000493756	-0.005801752870016033	0.010986297987902734	6739111
2022-09-15	-0.0036630036630038013	-0.003907203907203997	0.0030525030525030525	-0.009645909645909721	-0.0036630036630038013	5529090
2022-09-16	-0.008088235294117606	-0.004901960784313621	0.00477941176470589	-0.013725490196078313	-0.008088235294117606	6240561
2022-09-19	0.00654806029157402	-0.003953545836421957	0.010625154435384228	-0.014084507042253528	0.00654806029157402	4645477
2022-09-20	-0.008469375230146039	0.004664293605007923	0.004664293605007923	-0.015220326500552288	-0.008469375230146039	3679943
2022-09-21	-0.021292399108690255	-0.008417925229017168	-0.000371379054221356	-0.029710324337707424	-0.021292399108690255	4003840
2022-09-22	-0.013407538578294994	-0.013281052365292147	-0.0007589172780167249	-0.017455097394383955	-0.013407538578294994	3183688
2022-09-23	-0.0005128205128205929	0.0	0.007435897435897414	-0.00641025641025641	-0.0005128205128205929	2889048
2022-09-26	0.022319138019497295	-0.0037198563365827613	0.031298101590559416	-0.005002565418163169	0.022319138019497295	5271131
2022-09-27	0.027478042659974878	-0.009912170639899702	0.032873274780426474	-0.01781681304893352	0.027478042659974878	6919483
2022-09-28	0.013554768592013669	-0.00012211503236054605	0.0294297227988765	-0.009036512394675723	0.013554768592013669	7301979
2022-09-29	0.012048192771084338	0.0027710843373494457	0.03590361445783137	0.0	0.012048192771084338	8711198
2022-09-30	-0.014047619047619128	-0.0005952380952380614	-0.0005952380952380614	-0.021428571428571394	-0.014047619047619128	4332579
2022-10-10	-0.09345568703211779	-0.07993238348225055	-0.05167833856556372	-0.09442163728567972	-0.09345568703211779	21314072
2022-10-11	-0.02171017581246664	-0.015050612679808145	0.002663825253063437	-0.03436334576451783	-0.02171017581246664	11859915
2022-10-12	-0.009530292716133463	0.0	0.002859087814839942	-0.054867256637168155	-0.009530292716133463	11253902
2022-10-13	0.035738831615120197	-0.010309278350515464	0.04219931271477654	-0.01718213058419244	0.035738831615120197	10535996
2022-10-14	-0.00597213005972115	0.0001327140013272079	0.012740544127405547	-0.01778367617783662	-0.00597213005972115	7791137
2022-10-17	0.010947930574098706	0.001335113484646119	0.019359145527369673	-0.012016021361815829	0.010947930574098706	6253024
2022-10-18	-0.010169043845747438	-0.0029054410987849823	0.008320126782884251	-0.012150026413100921	-0.010169043845747438	4728663
2022-10-19	-0.052301534356237515	-0.012274849899933311	-0.002401601067378343	-0.056170780520347005	-0.052301534356237515	10756258
2022-10-20	0.010981275517387035	-0.014500915106293132	0.027171617626354956	-0.014500915106293132	0.010981275517387035	9478213
2022-10-21	-0.019495891937056198	-0.003759922016432196	0.004873972984263951	-0.021027712017824884	-0.019495891937056198	7028786
2022-10-24	-0.03564834540548205	-0.009089617951995463	0.008237466268995857	-0.037494674051981265	-0.03564834540548205	8883096
2022-10-25	0.018262150220913032	0.012518409425625836	0.03917525773195871	0.006627393225331201	0.018262150220913032	7703018
2022-10-26	-0.01836852762510842	-0.009979751229389612	0.006363899334683219	-0.024732426959791637	-0.01836852762510842	8711424
2022-10-27	-0.06173567113599535	-0.0412553410932667	-0.02372182112862825	-0.06173567113599535	-0.06173567113599535	14335913
2022-10-28	-0.031092964824120554	-0.023241206030150705	-0.0006281407035175745	-0.03737437185929652	-0.031092964824120554	11668190
2022-10-31	-0.03273905996758514	-0.01944894651539713	-0.00956239870340362	-0.036304700162074585	-0.03273905996758514	8521503
2022-11-01	0.07439678284182313	0.009550938337801613	0.07590482573726531	0.009550938337801613	0.07439678284182313	12938345
2022-11-02	0.029320024953212655	0.0077978789769182775	0.040237055520898284	0.00015595757953822372	0.029320024953212655	11714088
2022-11-03	0.005757575757575689	0.005606060606060675	0.01045454545454542	-0.010606060606060648	0.005757575757575689	6203903
2022-11-04	0.05152154263332332	-0.0034648990659835763	0.054233202771919384	-0.007231093702922413	0.05152154263332332	13157895
2022-11-07	0.04025787965616049	-0.02020057306590253	0.06475644699140395	-0.025787965616045804	0.04025787965616049	15390462
2022-11-08	-0.025478584217049915	-0.00013772207684898934	0.003993940228618734	-0.03236468805949586	-0.025478584217049915	5628375
2022-11-09	-0.021763708309779622	-0.00296777840587914	-0.002402487280949713	-0.0276992651215377	-0.021763708309779622	5030611
2022-11-10	0.021236636810170455	-0.005345275931811681	0.02976018491765389	-0.010401618029471234	0.021236636810170455	6845910
2022-11-11	0.021360871410383436	0.029848634884707872	0.04059980195218566	0.0036780308388740294	0.021360871410383436	9739468
2022-11-14	0.006925207756232687	0.02008310249307483	0.024930747922437633	0.0013850415512464587	0.006925207756232687	8669775
2022-11-15	-0.00027510316368632763	-0.002751031636863863	0.013617606602475858	-0.006602475928473232	-0.00027510316368632763	6979989
2022-11-16	0.00825536598789205	-0.0024766097963677325	0.02421574023115012	-0.0024766097963677325	0.00825536598789205	6612533
2022-11-17	0.0008187772925764502	0.0	0.00927947598253265	-0.01269104803493459	0.0008187772925764502	3932226
2022-11-18	-0.019634578674665906	0.005317698391055366	0.005317698391055366	-0.01990728115625863	-0.019634578674665906	6809547
2022-11-21	0.0027816411682891323	-0.00278164116828933	0.003755215577190487	-0.026425591098748338	0.0027816411682891323	5782666
2022-11-22	-0.014285714285714303	0.010263522884882236	0.017891816920943222	-0.019972260748959747	-0.014285714285714303	4417341
2022-11-23	-0.008020261713803198	0.0060503728718166155	0.011678626706064621	-0.008020261713803198	-0.008020261713803198	4594626
2022-11-24	-0.004964539007092118	0.014893617021276555	0.02127659574468085	-0.008085106382978626	-0.004964539007092118	4163179
2022-11-25	-0.0017106200997862372	0.0	0.0068424803991445435	-0.005702066999287323	-0.0017106200997862372	3195951
2022-11-28	0.0022847351135227272	-0.028130801085249162	0.0037126945594745837	-0.03826931315150659	0.0022847351135227272	7219415
2022-11-29	0.005128935745832732	0.009118107992591546	0.024077503917936997	0.000854822624305489	0.005128935745832732	9173318
2022-11-30	-0.0026931254429482317	0.005953224663359344	0.005953224663359344	-0.010347271438696017	-0.0026931254429482317	5568290
2022-12-01	0.05315520181921539	0.030415008527572493	0.06452529846503705	0.026151222285389474	0.05315520181921539	14199156
2022-12-02	0.016869095816464237	-0.008636977058029698	0.018893387314440024	-0.009986504723346761	0.016869095816464237	9303718
2022-12-05	0.015394824153948387	0.01937624419376255	0.02163238221632395	0.004246848042468579	0.015394824153948387	8437194
2022-12-06	0.045745654162854525	-0.006796497189909949	0.05215004574565409	-0.008234217749313941	0.045745654162854525	11597910
2022-12-07	0.022372203474565578	0.0024996875390574757	0.0347456567929009	-0.009498812648419012	0.022372203474565578	11135381
2022-12-08	-0.02200488997555009	-0.003056234718826406	-0.0024449877750611594	-0.027750611246943717	-0.02200488997555009	6248542
2022-12-09	0.0025000000000000356	-0.002999999999999936	0.007249999999999979	-0.024249999999999973	0.0025000000000000356	8088168
2022-12-12	-0.005610972568578589	-0.003990024937655952	0.0031172069825436406	-0.019700748129675788	-0.005610972568578589	4756822
2022-12-13	0.008902821316614342	0.003009404388714669	0.017680250783699017	-0.014670846394984347	0.008902821316614342	5561386
2022-12-14	0.014168530947054446	0.0004971414367388299	0.016032811334824836	-0.011931394481729975	0.014168530947054446	5127244
2022-12-15	-0.01813725490196066	-0.002328431372548992	-0.0022058823529410862	-0.02634803921568617	-0.01813725490196066	4116539
2022-12-16	0.00836245631552673	0.00024962556165746404	0.008861707438841659	-0.005741387918122915	0.00836245631552673	4398549
2022-12-19	-0.008788216363411412	-0.0001237776952593776	0.002351776209926943	-0.012253991830672224	-0.008788216363411412	2843963
2022-12-20	-0.02697302697302693	-0.003621378621378522	-0.0006243756243755889	-0.037212787212787264	-0.02697302697302693	4329131
2022-12-21	0.00436344969199183	0.011036960985626275	0.012962012320328608	-0.0010266940451745161	0.00436344969199183	3546517
2022-12-22	0.001661129568106254	0.008305647840531453	0.015589062100689992	-0.005238947099412353	0.001661129568106254	3815392
2022-12-23	0.027809669600714283	-0.003061615001913444	0.03303992856231667	-0.015180507717821121	0.027809669600714283	5876073
2022-12-26	-0.012783914608414881	0.00012411567580991828	0.02395432543130206	-0.014521534069752855	-0.012783914608414881	3839661
2022-12-27	0.0017601206939904521	0.011566507417651337	0.015589640432486734	-0.0015086748805632957	0.0017601206939904521	3704416
2022-12-28	0.007906626506024039	0.00414156626506022	0.009161646586345253	-0.008408634538152632	0.007906626506024039	5140881
2022-12-29	-0.01842858921678501	-0.007471049682480494	-0.003984559830656299	-0.02876354127754952	-0.01842858921678501	4357813
2022-12-30	0.009767854877584626	0.0	0.01484206520360271	-0.0064696181656730325	0.009767854877584626	4714429
2023-01-03	-0.023994974874371817	-0.008040201005025133	-0.008040201005025133	-0.032663316582914506	-0.023994974874371817	6015230
2023-01-04	-0.008881451924314554	-0.002574333891105713	0.002703050585661063	-0.008881451924314554	-0.008881451924314554	3910455
2023-01-05	0.03844155844155836	0.02000000000000008	0.04532467532467526	0.0016883116883116293	0.03844155844155836	8012377
2023-01-06	-0.008254127063531723	-0.0038769384692344685	-0.0007503751875936477	-0.017758879439719703	-0.008254127063531723	5280229
2023-01-09	0.01172761664564952	0.01626733921815897	0.019798234552333007	-0.008322824716267297	0.01172761664564952	6970392
2023-01-10	-0.0009971332419294314	-0.0009971332419294314	0.0032406830362706083	-0.012339523868877092	-0.0009971332419294314	5098197
2023-01-11	-0.015595757953836555	0.0	0.003119151590767311	-0.016843418590143586	-0.015595757953836555	4023231
2023-01-12	0.0012674271229403589	0.008871989860582873	0.009125475285171087	-0.005830164765526082	0.0012674271229403589	3947953
2023-01-13	0.04189873417721522	0.0006329113924050273	0.04189873417721522	0.0	0.04189873417721522	11357773
2023-01-16	0.03365326205807309	0.0004859676831489739	0.04483051877050173	0.0004859676831489739	0.03365326205807309	9907909
2023-01-17	-0.0068171133051245685	-0.0035260930888575126	-0.0009402914903619922	-0.014456981664315985	-0.0068171133051245685	6175526
2023-01-18	-0.017041420118343167	-0.002366863905325477	0.0056804733727811125	-0.020710059171597635	-0.017041420118343167	6796620
2023-01-19	-0.02901516975680227	0.0	0.0014447387430773482	-0.035516494100650164	-0.02901516975680227	11221570
2023-01-20	-0.011283323000620096	0.0028518288902664567	0.006571605703657794	-0.01785492870427789	-0.011283323000620096	8458171
2023-01-30	0.006897416603963023	0.03987960872836728	0.03987960872836728	0.00075244544770507	0.006897416603963023	10077112
2023-01-31	-0.01183210860630219	0.009341138373396438	0.01370033628098137	-0.01233030265288341	-0.01183210860630219	6837800
2023-02-01	-0.0012603982858584387	0.0005041593143432321	0.005293672800605012	-0.012982102344340826	-0.0012603982858584387	5317469
2023-02-02	0.008076728924785469	0.0026501766784453305	0.008202927814235306	-0.00921251892983329	0.008076728924785469	6074212
2023-02-03	-0.016149223835753533	-0.008262393590385535	-0.006634952428642979	-0.02353530295443159	-0.016149223835753533	6179180
2023-02-06	0.00012724265173674645	-0.007889044407685513	0.00012724265173674645	-0.01857742715358198	0.00012724265173674645	4865539
2023-02-07	-0.005979643765903294	0.0048346055979645	0.005216284987277491	-0.008905852417302655	-0.005979643765903294	3574772
2023-02-08	-0.010623320107513098	0.0	0.00857545117112507	-0.012159221809804027	-0.010623320107513098	4721234
2023-02-09	0.006727037516170712	-0.001681759379042632	0.01009055627425616	-0.0036222509702458104	0.006727037516170712	4145276
2023-02-10	-0.0015420200462604773	-0.0015420200462604773	0.0005140066820869475	-0.01053713698278069	-0.0015420200462604773	4883300
2023-02-13	0.015057915057915079	-0.01068211068211066	0.015572715572715492	-0.01068211068211066	0.015057915057915079	8445889
2023-02-14	0.0	0.0003803727653100182	0.003930518574870068	-0.008621782680360172	0.0	3709058
2023-02-15	-0.010396855585140197	-0.0008875364523901026	0.002282236591859929	-0.014707746925320283	-0.010396855585140197	3697746
2023-02-16	0.0001281229980782206	0.0073030108904549315	0.018065342729019815	-0.006278026905829531	0.0001281229980782206	6542069
2023-02-17	0.003074558032282794	-0.0006405329233922259	0.02485267742761975	-0.0030745580322829756	0.003074558032282794	8946524
2023-02-20	0.019029374201788112	-0.0038314176245210366	0.022988505747126402	-0.008939974457215873	0.019029374201788112	6411845
2023-02-21	0.010151648076199875	0.0	0.016418097505952977	-0.0038851986464469514	0.010151648076199875	7027322
2023-02-22	0.0011166253101737398	-0.00012406947890807575	0.008684863523573236	-0.004466501240694782	0.0011166253101737398	5421518
2023-02-23	-0.002726484074854367	0.0	0.015615317883256973	-0.007559796753005322	-0.002726484074854367	4511482
2023-02-24	-0.008947433826270645	-0.005840685969926667	0.0038523673418665626	-0.010438672797315812	-0.008947433826270645	4525009
2023-02-27	0.02269592476489031	-0.0046394984326019375	0.025078369905956112	-0.005517241379310317	0.02269592476489031	8059682
2023-02-28	0.0076017655713585645	0.0017165277096616058	0.013977439921530168	-0.004413928396272675	0.0076017655713585645	6077759
2023-03-01	0.00024336821611092746	-0.0021903139449988658	0.004745680214163864	-0.006205889510829947	0.00024336821611092746	4819963
2023-03-02	-0.007299270072992805	-0.014598540145985436	0.0036496350364963156	-0.014598540145985436	-0.007299270072992805	3461145
2023-03-03	-0.008823529411764692	0.012254901960784315	0.01348039215686285	-0.009681372549019511	-0.008823529411764692	4056716
2023-03-06	-0.004945598417408401	-0.002472799208704113	0.0	-0.014465875370919904	-0.004945598417408401	4123348
2023-03-07	-0.03330019880715714	-0.004721669980119404	-0.0023608349900596137	-0.034542743538767406	-0.03330019880715714	6626662
2023-03-08	-0.006426735218508998	0.0	0.0	-0.009897172236503805	-0.006426735218508998	4053846
2023-03-09	-0.026908150064683032	0.0006468305304009982	0.005304010349288442	-0.02820181112548503	-0.026908150064683032	7214671
2023-03-10	0.00039883009837810604	-0.004254187716032879	0.009571922361074167	-0.005849508109545303	0.00039883009837810604	4260447
2023-03-13	0.018737541528239157	0.0018604651162790772	0.024983388704318876	0.0018604651162790772	0.018737541528239157	4512070
2023-03-14	-0.01043569006000518	0.0	0.006261414036003183	-0.018523349856509285	-0.01043569006000518	3192932
2023-03-15	-0.010018455048774124	0.01476403901924604	0.014895860796203473	-0.01094120748747691	-0.010018455048774124	3556533
2023-03-16	0.004527296937416823	0.00013315579227703218	0.009986684420772305	-0.0038615179760318518	0.004527296937416823	2814846
2023-03-17	-0.008881230116649015	0.004109225874867475	0.017099681866383963	-0.012460233297985124	-0.008881230116649015	5171182
2023-03-20	-0.0033435870001337436	0.00026748696001083634	0.004413534840176519	-0.010565734920422523	-0.0033435870001337436	3101323
2023-03-21	0.0037573805689747873	0.0063070316693504954	0.012614063338700991	0.00040257648953302656	0.0037573805689747873	3907145
2023-03-22	0.004010695187165738	0.010427807486631031	0.011764705882353071	-0.005080213903743255	0.004010695187165738	4790340
2023-03-23	-0.004260985352862759	-0.007856191744340735	-0.00013315579227684296	-0.010652463382157086	-0.004260985352862759	3474780
2023-03-24	0.002139609521262324	-0.010564322011233033	0.006552554158865938	-0.010564322011233033	0.002139609521262324	3081131
2023-03-27	-0.011208967173739037	0.008807045636509163	0.008807045636509163	-0.013877768881771979	-0.011208967173739037	4560981
2023-03-28	0.011336032388664015	0.00053981106612694	0.018218623481781493	0.00053981106612694	0.011336032388664015	3549441
2023-03-29	-0.0010675206832132145	0.015479049906591895	0.016012810248198596	-0.005737923672271052	-0.0010675206832132145	2771805
2023-03-30	0.012423189954581977	0.004274646005877737	0.014426930269837006	0.0	0.012423189954581977	4003592
2023-03-31	0.009895764612745744	0.0032985882042485815	0.014909618683203528	0.0005277741126796681	0.009895764612745744	3997810
2023-04-03	0.008622942252416992	0.008492291612228788	0.01228116017768484	-0.0011758557616932768	0.008622942252416992	3983070
2023-04-04	0.01502590673575125	-0.00259067357512957	0.015932642487046685	-0.006735751295336736	0.01502590673575125	4545559
2023-04-06	-0.0214395099540581	-0.00025523226135778485	-0.00025523226135778485	-0.02539561000510458	-0.0214395099540581	2971555
2023-04-07	-0.0003912363067292793	-0.0020865936358895514	0.009650495565988456	-0.004955659885237476	-0.0003912363067292793	1732404
2023-04-10	-0.012393998695368594	-0.0019569471624266885	-0.0003913894324853377	-0.016046966731898288	-0.012393998695368594	3151543
2023-04-11	-0.008190224570673772	-0.02007926023778066	0.0058124174372522815	-0.02007926023778066	-0.008190224570673772	3824407
2023-04-12	-0.010655301012253558	0.004262120404901537	0.005594033031433161	-0.01305274374001071	-0.010655301012253558	4295658
2023-04-13	-0.007942918686052819	-0.0017501346257403803	0.0006731287022078238	-0.018982229402261665	-0.007942918686052819	3534634
2023-04-14	-0.007735106527344188	0.0031211833355951147	0.00664947754105047	-0.010720586239652491	-0.007735106527344188	3386257
2023-04-17	0.007932166301969341	-0.011214442013129202	0.00902625820568923	-0.011214442013129202	0.007932166301969341	3700603
2023-04-18	0.010040705563093553	0.0	0.010583446404341942	-0.0016282225237449735	0.010040705563093553	4662902
2023-04-19	-0.01612036539494899	0.00013433637829131	0.0008060182697474782	-0.02068780225685105	-0.01612036539494899	3296695
2023-04-20	-0.016384489350081768	0.0	0.0031403604587657563	-0.016930638995084586	-0.016384489350081768	4063592
2023-04-21	-0.011799000555247203	0.0	0.006246529705718887	-0.013742365352582024	-0.011799000555247203	4558890
2023-04-24	-0.013906447534766048	-0.00266891417333892	-0.00266891417333892	-0.016575361708104967	-0.013906447534766048	3243050
2023-04-25	0.007834757834757794	0.0028490028490028895	0.01794871794871782	-0.0028490028490028895	0.007834757834757794	4419750
2023-04-26	-0.03265017667844526	-0.010459363957597102	-0.010459363957597102	-0.05992932862190806	-0.03265017667844526	9902889
2023-04-27	0.015049678550555248	0.003506721215663488	0.024254821741671487	-0.001753360607831744	0.015049678550555248	5696813
2023-04-28	0.01626601410680863	-0.006765510292212449	0.02000863682164964	-0.006765510292212449	0.01626601410680863	4113433
2023-05-04	-0.018696883852691124	0.027620396600566616	0.028328611898017	-0.020821529745042477	-0.018696883852691124	5394603
2023-05-05	0.0011547344110854256	0.004330254041570398	0.009670900692840672	-0.006639722863741454	0.0011547344110854256	2861592
2023-05-08	-0.006776239907727781	-0.00014417531718577157	0.008794694348327558	-0.010957324106113107	-0.006776239907727781	4077756
2023-05-09	-0.007693424299608087	-0.002758020031934936	0.0059515169110175145	-0.012193351720133595	-0.007693424299608087	4973890
2023-05-10	-0.0035108250438852383	0.0147747220596841	0.0147747220596841	-0.013311878291398429	-0.0035108250438852383	5752394
2023-05-11	-0.010129183793305897	0.0	0.0022019964768055116	-0.011303581914269086	-0.010129183793305897	3967759
2023-05-12	-0.005487171881951721	0.00029660388551084113	0.011270947649414071	-0.005635473824707246	-0.005487171881951721	3245861
2023-05-15	0.005070086489710758	-0.004622725917089208	0.006561288398449116	-0.014017297942141332	0.005070086489710758	6301821
2023-05-16	-0.013501483679525382	0.00029673590504445134	0.000890207715133354	-0.02655786350148377	-0.013501483679525382	6906989
2023-05-17	-0.026018950218077756	-0.00030079711234766166	0.004662355241389717	-0.03113250112798907	-0.026018950218077756	8687993
2023-05-18	-0.005867819641754318	-0.000926497838171746	0.012662137121679943	-0.01667696108709088	-0.005867819641754318	7649368
2023-05-19	0.00512581547064303	-0.004038521279900449	0.013668841255048303	-0.00854302578440505	0.00512581547064303	5702502
2023-05-22	0.024880234894143094	0.008808530366249536	0.03198887343532696	-0.005254211095657383	0.024880234894143094	7961741
2023-05-23	-0.015229191797346065	-0.0019601930036187497	0.004221954161640548	-0.015229191797346065	-0.015229191797346065	3736541
2023-05-24	-0.01393354769560552	-0.004287245444801732	0.00689021589343137	-0.01393354769560552	-0.01393354769560552	4024562
2023-05-25	-0.006521739130434918	-0.006677018633540478	0.006211180124223469	-0.01040372670807467	-0.006521739130434918	3984944
2023-05-26	0.002188183807439945	0.00031259768677716673	0.012191309784307726	-0.0028133791809940565	0.002188183807439945	3161742
2023-05-29	-0.013256394260761094	0.0007797878976917834	0.010605115408608742	-0.021366188396756153	-0.013256394260761094	6559422
2023-05-30	-0.021179073810652812	0.007270428323059803	0.007270428323059803	-0.026394815868500104	-0.021179073810652812	6312998
2023-05-31	-0.02309058614564831	-0.0006458905215565824	-0.00016147263038911693	-0.02309058614564831	-0.02309058614564831	9264796
2023-06-01	-0.17157024793388434	-0.1763636363636364	-0.15157024793388432	-0.17685950413223145	-0.17157024793388434	10258825
2023-06-02	0.014166001596169212	0.0055865921787709725	0.019952114924181964	-0.003391859537110826	0.014166001596169212	8577245
2023-06-05	-0.02183749754082234	0.00019673421207958128	0.00019673421207958128	-0.02321463702537871	-0.02183749754082234	8548083
2023-06-06	-0.005430410297666855	0.0	0.014682220434432904	-0.0064360418342719284	-0.005430410297666855	7945329
2023-06-07	-0.0030333670374116414	0.003235591506572226	0.020222446916076844	-0.006268958543983867	-0.0030333670374116414	7203856
2023-06-08	-0.0004056795131845035	-0.00020283975659225175	0.004462474645030547	-0.014198782961460361	-0.0004056795131845035	6037855
2023-06-09	-0.010754870129870153	0.002435064935064883	0.007711038961038868	-0.010754870129870153	-0.010754870129870153	6349625
2023-06-12	0.013743589743589779	0.0	0.021128205128205152	-0.010256410256410256	0.013743589743589779	8297237
2023-06-13	0.011938486442735659	0.0018211250505867321	0.024888709024686297	0.001618777822743794	0.011938486442735659	10110894
2023-06-14	0.004799040191961648	0.0051989602079585105	0.014997000599880024	-0.0015996800639871685	0.004799040191961648	10150903
2023-06-15	0.01651741293532335	0.006965174129353262	0.02189054726368162	-0.000597014925373157	0.01651741293532335	9190140
2023-06-16	-0.0005873140172279001	0.0019577133907596207	0.008222396241190323	-0.010375880971025864	-0.0005873140172279001	9236910
2023-06-19	-0.012536728697355545	-0.0005876591576884238	0.008423114593535744	-0.01332027424094025	-0.012536728697355545	7068228
2023-06-20	-0.0037690934338424466	0.0	0.0033723467565959474	-0.0061495734973218644	-0.0037690934338424466	4177304
2023-06-21	-0.011350059737156517	-0.004978096375945838	0.0015929908403026344	-0.013341298287534881	-0.011350059737156517	5567826
2023-06-26	-0.02014098690835851	-0.013091641490433003	-0.003222557905337293	-0.025176233635448138	-0.02014098690835851	6799619
2023-06-27	-0.013360739979444987	0.0004110996916752955	0.010071942446043206	-0.01870503597122295	-0.013360739979444987	9865030
2023-06-28	-0.0006250000000000236	0.00020833333333329188	0.005208333333333333	-0.01250000000000003	-0.0006250000000000236	8454824
2023-06-29	-0.01813633520950589	-0.002084636230977724	-0.00041692724619545594	-0.01813633520950589	-0.01813633520950589	8558237
2023-06-30	-0.005307855626326964	-0.004670912951167704	0.0019108280254776285	-0.018895966029724005	-0.005307855626326964	8947182
2023-07-03	0.030309498399146248	0.0	0.033724653148345746	-0.0012806830309498884	0.030309498399146248	12215498
2023-07-04	0.012430080795525052	0.0008286720530349936	0.014087424901595187	-0.008701056556867655	0.012430080795525052	7569433
2023-07-05	-0.025373439738080518	0.0	0.0002046245140168839	-0.027828933906281963	-0.025373439738080518	7837020
2023-07-06	-0.019525509132899427	-0.006928406466512815	0.009867730422002915	-0.02162502624396391	-0.019525509132899427	8856398
2023-07-07	-0.019486081370449757	-0.004282655246252738	0.001713062098501034	-0.019700214132762347	-0.019486081370449757	9700662
2023-07-10	0.005241319065298144	0.0	0.02642498362087794	-0.0013103297663245746	0.005241319065298144	11960576
2023-07-11	-0.020421464262437492	-0.0006517488594395207	0.0026069954377579284	-0.02498370627851398	-0.020421464262437492	17131944
2023-07-12	-0.01840762918607242	0.0	0.0	-0.02195608782435134	-0.01840762918607242	14652680
2023-07-13	0.024627202892001886	0.0	0.02598282873926793	-0.0018075011296881675	0.024627202892001886	15123949
2023-07-14	-0.005512679162072767	0.0	0.0030871003307607623	-0.009922822491731044	-0.005512679162072767	9357441
2023-07-17	-0.0022172949002217607	-0.008869179600886887	-0.0022172949002217607	-0.01552106430155217	-0.0022172949002217607	6517919
2023-07-18	-0.012222222222222159	0.0026666666666666098	0.003333333333333302	-0.014222222222222235	-0.012222222222222159	9174582
2023-07-19	-0.00562429696287964	-0.006749156355455663	0.0029246344206973105	-0.012373453318335304	-0.00562429696287964	9665066
2023-07-20	-0.0020361990950227013	0.004751131221719315	0.011085972850678617	-0.003619909502262527	-0.0020361990950227013	7021569
2023-07-21	0.015416005440943091	-0.004760825209703034	0.02947177510768527	-0.005440943096803491	0.015416005440943091	11725745
2023-07-24	-0.023219468631390915	-0.01317258316588516	-0.00491181067202498	-0.03103371288233982	-0.023219468631390915	12514162
2023-07-25	0.025828571428571485	0.01988571428571423	0.0384	0.017371428571428527	0.025828571428571485	19687522
2023-07-26	0.005793226381461631	-0.0037878787878788257	0.006016042780748574	-0.004010695187165769	0.005793226381461631	11013080
2023-07-27	-0.009304386353566719	0.0	0.003322995126273783	-0.011962782454585714	-0.009304386353566719	15126336
2023-07-28	0.02303220035778178	-0.006261180679785356	0.031753130590339934	-0.012075134168157406	0.02303220035778178	25544626
2023-07-31	0.012021857923497206	0.012896174863388052	0.023825136612021933	0.0017486338797813835	0.012021857923497206	27493516
2023-08-01	-0.005399568034557236	0.005615550755939636	0.019438444924406172	-0.009503239740820686	-0.005399568034557236	21661426
2023-08-02	-0.004343105320303925	-0.0013029315960911003	0.006731813246471277	-0.008686210640608004	-0.004343105320303925	9932677
2023-08-03	0.010032715376226844	-0.007633587786259573	0.01155943293347876	-0.007633587786259573	0.010032715376226844	11206855
2023-08-04	-0.006046210321744788	0.0041027855754696115	0.012740228892247815	-0.00669401857050318	-0.006046210321744788	12149338
2023-08-07	-0.009341733651966102	-0.0017379969585052855	-0.0006517488594395207	-0.01564197262654788	-0.009341733651966102	10018460
2023-08-08	0.003070175438596504	-0.007017543859649129	0.005263157894736885	-0.008771929824561372	0.003070175438596504	6816831
2023-08-09	0.010931351114997814	0.0	0.016178399650196653	-0.007433318758198588	0.010931351114997814	9283313
2023-08-10	-0.003027681660899666	-0.0034602076124568273	0.001513840830449833	-0.016868512110726666	-0.003027681660899666	7731452
2023-08-11	-0.03839479392624735	0.0	0.0006507592190889617	-0.039045553145336316	-0.03839479392624735	14626818
2023-08-14	-0.02300924881570034	-0.01872321227159933	-0.01263252876156091	-0.038348748026167286	-0.02300924881570034	17442281
2023-08-15	-0.013391826368044455	0.006695913184022146	0.006695913184022146	-0.021011313784345502	-0.013391826368044455	10364699
2023-08-16	-0.005616662766206293	-0.007020828457757949	0.004212497074654803	-0.007722911303533778	-0.005616662766206293	7427002
2023-08-17	0.005648387855965989	-0.006825135325959028	0.008001882795951902	-0.018357260531889883	0.005648387855965989	12749545
2023-08-18	-0.03229581090568677	-0.0018722209220687644	-0.0018722209220687644	-0.033934004212496975	-0.03229581090568677	12081279
2023-08-21	-0.018137847642079805	0.0	0.002902055622732707	-0.018137847642079805	-0.018137847642079805	13034690
2023-08-22	-0.002709359605911316	0.001231527093595989	0.011576354679802928	-0.017241379310344897	-0.002709359605911316	15421643
2023-08-23	-0.016300321066930197	0.0	0.0009878982464805914	-0.017041244751790686	-0.016300321066930197	11035245
2023-08-24	0.011298016570424375	0.002259603314084946	0.01682149133818734	-0.007783078081847732	0.011298016570424375	12865543
2023-08-25	-0.0049652432969216195	-0.0049652432969216195	0.006703078450843993	-0.009185700099304979	-0.0049652432969216195	8887682
2023-08-28	-0.006487025948103743	0.037425149700598806	0.04715568862275451	-0.010229540918163587	-0.006487025948103743	19643331
2023-08-29	0.0045203415369161155	-0.00552486187845301	0.011551983927674557	-0.006529382219989905	0.0045203415369161155	17942688
2023-08-30	-0.004499999999999993	-0.002999999999999936	0.014250000000000007	-0.01150000000000002	-0.004499999999999993	21186781
2023-08-31	-0.018081366147664462	-0.004018081366147758	0.008538422903063694	-0.02209944751381222	-0.018081366147664462	18711944
2023-09-01	0.008951406649616404	0.005882352941176391	0.0163682864450128	0.0025575447570332843	0.008951406649616404	9439763
2023-09-04	0.014955640050696991	0.00963244613434716	0.017237008871989853	-0.004562737642585544	0.014955640050696991	19567682
2023-09-05	-0.0012487512487511778	-0.0042457542457542885	0.004995004995005066	-0.006743256743256644	-0.0012487512487511778	10026947
2023-09-06	0.0022505626406600725	-0.004501125281320323	0.0052513128282070725	-0.011252813203300896	0.0022505626406600725	10398447
2023-09-07	-0.023952095808383256	0.000499001996008062	0.0017465069860279512	-0.0242015968063872	-0.023952095808383256	10045121
2023-09-08	-0.016871165644171692	-0.002044989775051081	-0.002044989775051081	-0.020705521472392515	-0.016871165644171692	9449648
2023-09-11	0.014820592823712956	-0.0067602704108163806	0.020540821632865292	-0.010920436817472743	0.014820592823712956	10171414
2023-09-12	0.004355623879067428	-0.0007686395080707439	0.006917755572636331	-0.007173968741993367	0.004355623879067428	8264739
2023-09-13	0.0038265306122448614	0.007908163265305999	0.013520408163265153	-0.0063775510204081625	0.0038265306122448614	10987181
2023-09-14	-0.008386277001270604	0.0012706480304954804	0.004574332909783982	-0.014739517153748367	-0.008386277001270604	11021304
2023-09-15	0.0015376729882110498	0.0	0.01742696053305996	-0.005125576627370652	0.0015376729882110498	11883657
2023-09-18	-0.0005117707267143301	-0.002047082906857684	0.011514841351074792	-0.011770726714431957	-0.0005117707267143301	10700180
2023-09-19	-0.0028161802355350595	-0.0015360983102919168	-0.0005120327700973662	-0.0217613927291347	-0.0028161802355350595	9861510
2023-09-20	-0.007188703465982057	-0.0007702182284981036	0.003080872913992232	-0.0125802310654686	-0.007188703465982057	6903578
2023-09-21	-0.02198086371864498	-0.001810188776829591	0.0007757951900698509	-0.02198086371864498	-0.02198086371864498	11249237
2023-09-22	0.03913273400317284	-0.00026441036488625096	0.03913273400317284	-0.005817028027498648	0.03913273400317284	16075542
2023-09-25	-0.02264631043256999	0.0	0.0012722646310433655	-0.02290076335877859	-0.02264631043256999	13009854
2023-09-26	-0.011455350169226705	-0.003124186409789051	0.020307211663629296	-0.014319187711533381	-0.011455350169226705	13193900
2023-09-27	0.027916776402423026	0.0031603897814064933	0.046879115090861234	-0.0005267316302342908	0.027916776402423026	21636623
2023-09-28	-0.026646169613118092	0.002562131693569086	0.005380476556495026	-0.02946451447604403	-0.026646169613118092	18750158
2023-10-09	0.0005264543300867602	-0.00026322716504356713	0.006580679126085812	-0.015530402737562605	0.0005264543300867602	14104291
2023-10-10	0.006840305182846754	0.008681925808997775	0.03078137332280983	0.003683241252302041	0.006840305182846754	18470784
2023-10-11	0.054611967598641134	0.01593937810295269	0.0645414162529396	0.005487326887901587	0.054611967598641134	39870928
2023-10-12	-0.0061942517343904855	0.009167492566897856	0.009910802775024742	-0.013379583746283428	-0.0061942517343904855	15821646
2023-10-13	-0.02966841186736469	-0.004487658937920711	-0.004487658937920711	-0.03490401396160555	-0.02966841186736469	15188396
2023-10-16	-0.078879753340185	-0.0005138746145941194	-0.0005138746145941194	-0.08016443987667021	-0.078879753340185	48140882
2023-10-17	0.01757322175732205	0.008926080892608096	0.034309623430962256	0.008926080892608096	0.01757322175732205	31784716
2023-10-18	0.0	-0.005482456140350761	0.00767543859649126	-0.0076754385964910654	0.0	13307353
2023-10-19	-0.028782894736842028	-0.006304824561403423	-0.003563596491227946	-0.030427631578947355	-0.028782894736842028	16536506
2023-10-20	-0.009596387242449798	0.001975726785210282	0.005927180355630846	-0.012136607394863103	-0.009596387242449798	12897018
2023-10-23	-0.0005699629524081825	-0.0008549444286121725	0.01595896266742648	-0.014819036762610517	-0.0005699629524081825	12381568
2023-10-24	-0.013686911890504616	0.0	0.004847447961220465	-0.021956087824351385	-0.013686911890504616	15651922
2023-10-25	0.013298641225787618	0.008673026886383264	0.03324660306446946	0.0020237062734892505	0.013298641225787618	14310912
2023-10-26	0.005991440798858798	-0.0037089871611981585	0.00855920114122694	-0.009700427960056957	0.005991440798858798	9313911
2023-10-27	0.05870674985819627	0.0	0.0635280771412366	-0.007941009642654599	0.05870674985819627	26647483
2023-10-30	0.014465577283686021	-0.010179480310741909	0.0179480310742031	-0.013929815162067935	0.014465577283686021	16578599
2023-10-31	-0.005809347768682305	-0.0015843675732768727	-0.0010562450488513112	-0.022709268550303658	-0.005809347768682305	14935496
2023-11-01	-0.013280212483399735	0.009296148738379853	0.013280212483399735	-0.016733067729083544	-0.013280212483399735	11651623
2023-11-02	-0.007806191117092844	0.004037685060565238	0.005652759084791409	-0.011305518169582819	-0.007806191117092844	10364495
2023-11-03	0.018176885512750995	-0.000813890396093357	0.030927835051546407	-0.004340748779164313	0.018176885512750995	10074237
2023-11-06	0.010924593658406517	0.0	0.011990407673860797	-0.003730349054090076	0.010924593658406517	12090932
2023-11-07	0.0042171850289932445	-0.004744333157617283	0.010279388508170811	-0.009752240379546586	0.0042171850289932445	10402302
2023-11-08	-0.0020997375328083543	-0.002362204724409538	0.005774278215223067	-0.0086614173228346	-0.0020997375328083543	10134434
2023-11-09	0.012887953708574299	-0.003156233561283654	0.020515518148342817	-0.006312467122567122	0.012887953708574299	12622378
2023-11-10	-0.0038950921838483143	-0.006491820306413919	0.0005193456245131947	-0.009867566865749038	-0.0038950921838483143	6541115
2023-11-13	-0.0028675703858185462	0.0	0.006517205422314911	-0.010688216892596365	-0.0028675703858185462	7083765
2023-11-14	0.0026143790849673574	0.0018300653594771315	0.01568627450980396	-0.0010457516339869059	0.0026143790849673574	7383769
2023-11-15	0.02086049543676655	0.0070404172099086315	0.02086049543676655	0.004432855280312952	0.02086049543676655	12748334
2023-11-16	-0.020434227330778983	-0.0035759897828863494	-0.0035759897828863494	-0.023754789272030646	-0.020434227330778983	9053944
2023-11-17	-0.006518904823989569	0.008865710560625718	0.008865710560625718	-0.01642764015645378	-0.006518904823989569	8481900
2023-11-20	0.00813648293963242	0.0	0.019947506561679738	-0.012860892388451495	0.00813648293963242	8690213
2023-11-21	-0.004686279614683669	0.0062483728195782875	0.014579536579015942	-0.006769070554543037	-0.004686279614683669	9120098
2023-11-22	-0.006016217630133322	-0.0020925974365680958	0.0036620455139942604	-0.008108815066701417	-0.006016217630133322	7274811
2023-11-23	-0.002368421052631669	-0.0015789473684211124	0.0026315789473684583	-0.01263157894736834	-0.002368421052631669	6269128
2023-11-24	0.001846478501714595	0.003165391717225127	0.009759957794777225	-0.0013189132155103445	0.001846478501714595	7387913
2023-11-27	-0.012901527119536465	-0.0005265929436544504	-0.0005265929436544504	-0.023170089520800304	-0.012901527119536465	10057355
2023-11-28	0.013070152040544007	-0.0002667377967459353	0.015737530008002036	-0.005068018138170307	0.013070152040544007	8713739
2023-11-29	-0.004476040021063576	0.004476040021063763	0.004739336492890988	-0.010531858873091065	-0.004476040021063576	6502329
2023-11-30	0.007934408886537877	0.004496165035704697	0.015075376884422117	-0.010050251256281475	0.007934408886537877	11985414
2023-12-01	-0.020729467331409058	-0.002623983206507516	0.002099186565205938	-0.03437418000524803	-0.020729467331409058	15950749
2023-12-04	-0.015273311897106116	0.0005359056806002982	0.0029474812433011636	-0.018488745980707336	-0.015273311897106116	9120810
2023-12-05	-0.0013605442176869975	-0.0008163265306122758	0.020680272108843482	-0.005442176870748377	-0.0013605442176869975	12445126
2023-12-06	-0.008174386920981042	-0.0024523160762943705	0.008174386920980848	-0.008446866485013685	-0.008174386920981042	9660533
2023-12-07	-0.0002747252747252201	-0.006043956043956013	0.005494505494505573	-0.012912087912087882	-0.0002747252747252201	7674042
2023-12-08	-0.0010992030777685943	-0.0024732069249794836	0.013465237702665622	-0.004946413849958772	-0.0010992030777685943	6089616
2023-12-11	0.010178817056396079	-0.002751031636863863	0.014580467675378298	-0.025034387895460898	0.010178817056396079	11964767
2023-12-12	-0.004084967320261399	-0.00517429193899776	-0.0032679738562090806	-0.015795206971677515	-0.004084967320261399	7324261
2023-12-13	-0.04293136450642604	-0.004375170905113582	-0.0005468963631392707	-0.04293136450642604	-0.04293136450642604	15294671
2023-12-14	-0.004857142857142906	0.007142857142857143	0.01742857142857141	-0.006285714285714253	-0.004857142857142906	7361322
2023-12-15	-0.0040195233993683775	0.006316393913293106	0.01435544071202986	-0.006316393913293106	-0.0040195233993683775	8629844
2023-12-18	-0.004035745171519186	-0.0060536177572787795	0.0060536177572787795	-0.00980109541654645	-0.004035745171519186	7062391
2023-12-19	-0.006078147612156115	0.0008683068017366466	0.004341534008683233	-0.013024602026049081	-0.006078147612156115	7571813
2023-12-20	-0.011065812463599374	0.0	0.007571345369831042	-0.011065812463599374	-0.011065812463599374	8770000
2023-12-21	0.036219081272084716	-0.005300353356890451	0.044169611307420496	-0.007656065959952827	0.036219081272084716	18830791
2023-12-22	0.01790281329923281	0.0073884626314295295	0.025575447570332643	-0.008525149190110748	0.01790281329923281	16567755
2023-12-25	0.013400335008375123	0.0	0.020100502512562783	-0.009212730318257908	0.013400335008375123	12309834
2023-12-26	-0.002754820936638962	-0.00027548209366385707	-0.00027548209366385707	-0.015151515151515074	-0.002754820936638962	6035085
2023-12-27	0.0022099447513811684	-0.0013812154696133774	0.006906077348066298	-0.010773480662983441	0.0022099447513811684	7559401
2023-12-28	0.04355016538037482	0.006890848952590959	0.05457552370452031	-0.0008269018743109465	0.04355016538037482	18377006
2023-12-29	0.002377179080824179	0.0018489170628631876	0.007923930269413555	-0.004226096143687179	0.002377179080824179	8673850
2024-01-02	-0.019235836627141078	0.0	0.002108036890645541	-0.021607378129117265	-0.019235836627141078	9173511
2024-01-03	-0.0045674368619022495	-0.0021493820526598145	0.007522837184309542	-0.011015583019881692	-0.0045674368619022495	6730273
2024-01-04	-0.033468286099864915	-0.0002699055330633741	-0.0002699055330633741	-0.040215924426450604	-0.033468286099864915	11610779
2024-01-05	-0.024015638089918998	0.0	0.005585032113934536	-0.030438425020943963	-0.024015638089918998	13088690
2024-01-08	-0.012589413447782683	-0.000572246065808387	0.003719599427753804	-0.017167381974248965	-0.012589413447782683	8961089
2024-01-09	0.002897710808461357	0.0	0.016516951608229507	-0.009562445667922293	0.002897710808461357	8039805
2024-01-10	0.0060676105171915875	-0.007512279687951402	0.022247905229702488	-0.01184628720023105	0.0060676105171915875	9208188
2024-01-11	0.0011487650775416183	-0.0034462952326248545	0.008041355542791532	-0.016369902354968418	0.0011487650775416183	9406051
2024-01-12	-0.009179575444635693	-0.008032128514056257	0.004302925989672937	-0.015777395295467504	-0.009179575444635693	7288921
2024-01-15	-0.006658946149391919	-0.00694846554719172	0.008975101331789297	-0.012159814707585459	-0.006658946149391919	8798951
2024-01-16	0.0014573010784027151	-0.0032060623724861387	0.0034975225881666403	-0.01194986884290305	0.0014573010784027151	9647861
2024-01-17	-0.01920838183934798	0.0	0.000291036088474913	-0.01920838183934798	-0.01920838183934798	10249951
2024-01-18	0.029673590504451036	0.0014836795252224674	0.03264094955489597	-0.020178041543026697	0.029673590504451036	17007670
2024-01-19	0.008645533141210292	-0.008645533141210497	0.014985590778097867	-0.009221902017291074	0.008645533141210292	14990096
2024-01-22	0.005714285714285796	0.0017142857142857792	0.00857142857142849	-0.014285714285714285	0.005714285714285796	14655027
2024-01-23	-0.001136363636363814	-0.011363636363636524	0.006249999999999967	-0.019602272727272864	-0.001136363636363814	11962844
2024-01-24	0.013367463026166268	0.01478953356086471	0.026450511945392687	-0.006825938566552756	0.013367463026166268	12431984
2024-01-25	0.005332584900364797	0.010945832163906835	0.01150715689026092	-0.006455234353073364	0.005332584900364797	9901315
2024-01-26	-0.003908431044109452	-0.009491903964265868	-0.0011166945840312436	-0.016750418760469052	-0.003908431044109452	9755777
2024-01-29	-0.016255605381165873	-0.006446188340807088	0.00448430493273553	-0.023262331838564975	-0.016255605381165873	8918031
2024-01-30	-0.0031339031339031177	-0.005698005698005779	0.0028490028490028895	-0.020227920227920252	-0.0031339031339031177	10097882
2024-01-31	-0.03029436981994862	-0.002286367533581177	0.001143183766790487	-0.03229494141183202	-0.03029436981994862	10208091
2024-02-01	0.013852048334806922	0.005010315355142992	0.02180960801650463	-0.0020630710285882785	0.013852048334806922	9898011
2024-02-02	0.00697674418604657	0.004651162790697782	0.01976744186046511	-0.02616279069767438	0.00697674418604657	10598248
2024-02-05	0.013279445727482703	-0.010392609699769037	0.019053117782909832	-0.028579676674364955	0.013279445727482703	15523749
2024-02-06	0.04814814814814808	-0.0028490028490028895	0.04843304843304831	-0.009971509971510011	0.04814814814814808	18093796
2024-02-07	0.020114161456917697	0.002989942919271526	0.020114161456917697	-0.007610763794509408	0.020114161456917697	17084100
2024-02-08	-0.004529709565680834	-0.0007993605115907576	0.010924593658406517	-0.01545430322408735	-0.004529709565680834	13093997
2024-02-19	0.011241970021413321	0.016595289079229053	0.02382226980728053	0.004014989293361846	0.011241970021413321	14037468
2024-02-20	0.0007940709370037357	0.005293806246691258	0.011911064055055471	-0.00741132874536795	0.0007940709370037357	9675195
2024-02-21	0.04734197302300976	-0.008727849775191891	0.05659878339063741	-0.01057921184871742	0.04734197302300976	26134438
2024-02-22	0.04242424242424241	0.002525252525252561	0.044696969696969596	-0.006313131313131313	0.04242424242424241	19590000
2024-02-23	0.004844961240309974	0.00024224806201545568	0.011143410852713198	-0.014050387596899184	0.004844961240309974	15120349
2024-02-26	-0.03037608486017353	-0.004821600771456021	0.0	-0.03085824493731905	-0.03037608486017353	13637350
2024-02-27	0.0017404276479363572	-0.007956240676280465	0.0024863252113376784	-0.012928891098955645	0.0017404276479363572	9487893
2024-02-28	0.002978406552494352	0.0	0.027053859518491027	-0.006701414743112337	0.002978406552494352	12652941
2024-02-29	0.006186587478346944	0.0	0.014600346448898873	-0.00197970799307098	0.006186587478346944	8731601
2024-03-01	-0.006640432857845451	-0.003935071323167649	0.0014756517461879557	-0.013772749631086946	-0.006640432857845451	9673626
2024-03-04	-0.010646199554345127	-0.003466204506065872	-0.002228274325328136	-0.02277791532557568	-0.010646199554345127	8891969
2024-03-05	0.024524524524524447	-0.001751751751751759	0.025525525525525426	-0.006006006006006055	0.024524524524524447	11922092
2024-03-06	-0.022960429897410792	0.0	0.0068392769907181525	-0.022960429897410792	-0.022960429897410792	8343862
2024-03-07	-0.016000000000000014	0.0	0.007499999999999929	-0.01750000000000007	-0.016000000000000014	8740237
2024-03-08	-0.006097560975609807	0.0005081300813008924	0.010416666666666761	-0.012703252032520325	-0.006097560975609807	6046807
2024-03-11	0.02249488752556244	0.0017893660531697415	0.027607361963190323	0.0010224948875255406	0.02249488752556244	8904882
2024-03-12	0.05425000000000004	0.0	0.057499999999999926	-0.0015000000000000568	0.05425000000000004	19510221
2024-03-13	-0.010433957789898146	-0.0016599478302110572	0.01019682238558216	-0.022053592601375377	-0.010433957789898146	11630456
2024-03-14	-0.01222142343637666	-0.0009585430146177606	0.006470165348670097	-0.014378145219266579	-0.01222142343637666	6331144
2024-03-15	-0.005337214944201816	-0.002668607472100908	0.011159631246967512	-0.016254245511887474	-0.005337214944201816	8279168
2024-03-18	0.003658536585365819	-0.00024390243902434173	0.009268292682926891	-0.01097560975609763	0.003658536585365819	8219841
2024-03-19	-0.010692588092345023	-0.004131227217497004	0.00340218712029163	-0.016281895504252776	-0.010692588092345023	7046188
2024-03-20	-0.003193318594939881	-0.0002456398919183987	0.0022107590272659374	-0.008843036109064098	-0.003193318594939881	5098344
2024-03-21	0.004928536224741322	0.008624938393297227	0.015278462296697994	-0.0022178413011334722	0.004928536224741322	6887130
2024-03-22	-0.02329573320255034	-0.00269740068661107	-0.0002452182442373225	-0.033594899460519974	-0.02329573320255034	9398224
2024-03-25	-0.00502134069796625	0.004519206628169715	0.016319357268390625	-0.011298016570424197	-0.00502134069796625	6080061
2024-03-26	0.03456977037597773	0.011859702245773375	0.03456977037597773	0.005803684077718821	0.03456977037597773	8680440
2024-03-27	-0.023170731707317142	-0.009024390243902376	-0.002439024390243937	-0.024390243902439025	-0.023170731707317142	7095225
2024-03-28	-0.011735330836454404	-0.015480649188514294	0.0037453183520600674	-0.027965043695380713	-0.011735330836454404	12640965
2024-03-29	-0.004295098534613484	-0.0007579585649318125	0.010611419909045015	-0.009600808489135812	-0.004295098534613484	3995244
2024-04-01	0.009642222786094966	-0.0005074854097943675	0.02385181426034014	-0.0007612281146915513	0.009642222786094966	8016301
2024-04-02	-0.025131942699170646	0.0005026388539834915	0.0025131942699171002	-0.029907011812013013	-0.025131942699170646	9806806
2024-04-03	-0.006187161639597886	-0.004640371229698369	0.00824954885279712	-0.010054137664346496	-0.006187161639597886	6492122
2024-04-08	-0.017639429312581056	-0.0012970168612191223	-0.00025940337224378756	-0.019195849546043968	-0.017639429312581056	8354239
2024-04-09	0.0018484288354898412	0.0023765513599155906	0.008714021653023644	-0.013467124372854451	0.0018484288354898412	8073977
2024-04-10	-0.01423299947285185	0.0	0.0010542962572482643	-0.01924090669478115	-0.01423299947285185	6440697
2024-04-11	-0.013636363636363584	-0.010695187165775364	-0.0026737967914438883	-0.020053475935828877	-0.013636363636363584	7124338
2024-04-12	-0.01978856058552464	0.00027107617240439174	0.011656275413391155	-0.02412577934399568	-0.01978856058552464	9684276
2024-04-15	0.01908185840707978	-0.0016592920353980967	0.023783185840708147	-0.003871681415929023	0.01908185840707978	9607751
2024-04-16	-0.008412483039348773	-0.003799185888738143	0.018724559023066422	-0.011668928086838526	-0.008412483039348773	11435915
2024-04-17	0.019978106185002845	0.0008210180623974038	0.022167487684729127	-0.004926108374384229	0.019978106185002845	8869848
2024-04-18	0.011000804936946513	-0.0018781862087469889	0.031660853233163394	-0.010464180305876054	0.011000804936946513	10742881
2024-04-19	-0.013004246284501114	-0.00371549893842889	0.0	-0.025743099787685745	-0.013004246284501114	7246768
2024-04-22	0.021780048400107617	-0.00026888948642102745	0.027964506587792395	-0.008066684592632352	0.021780048400107617	9112930
2024-04-23	-0.0007894736842105562	0.007894736842105189	0.01184210526315797	-0.008947368421052721	-0.0007894736842105562	6297066
2024-04-24	-0.00684751119304709	0.01211482749539112	0.012641559125625599	-0.01185146168027379	-0.00684751119304709	5910895
2024-04-25	0.009281357730045119	0.0	0.012463537523203365	-0.012728719172633358	0.009281357730045119	6310757
2024-04-26	0.02049395691014191	-0.005517603783499759	0.02653704676826059	-0.006568575932737782	0.02049395691014191	10245901
2024-04-29	0.018795056642636376	0.009268795056642621	0.039392378990731045	0.0046343975283213105	0.018795056642636376	14900399
2024-04-30	-0.0078342178417994	-0.0007581501137225458	0.006823351023502733	-0.012130401819560193	-0.0078342178417994	7982849
2024-05-06	0.01069791136016306	0.01655629139072844	0.02878247580234342	0.0017829852266938433	0.01069791136016306	11245702
2024-05-07	0.0012600806451612187	-0.005544354838709649	0.005544354838709649	-0.014868951612903133	0.0012600806451612187	8239089
2024-05-08	-0.016108733954190626	-0.001258494840171084	0.0007550969041027219	-0.019632519506669874	-0.016108733954190626	7409073
2024-05-09	-0.004093118444615085	-0.0002558199027885678	0.004860578152980243	-0.009721156305960668	-0.004093118444615085	9763016
2024-05-10	-0.0020549704597995965	0.0015412278448497887	0.011045466221423059	-0.011045466221423059	-0.0020549704597995965	6980230
2024-05-13	-0.005405405405405427	-0.006177606177606229	-0.0007722007722008015	-0.017760617760617884	-0.005405405405405427	6273493
2024-05-14	-0.008799171842650192	0.0	0.00698757763975145	-0.011128364389233947	-0.008799171842650192	8423101
2024-05-15	-0.010443864229764977	-0.0005221932114881468	0.005221932114882581	-0.011488250652741457	-0.010443864229764977	5388410
2024-05-16	-0.010554089709762496	0.002638522427440671	0.003957783641160913	-0.01635883905013186	-0.010554089709762496	9896898
2024-05-17	0.013333333333333334	0.0	0.014399999999999977	-0.007200000000000083	0.013333333333333334	10300262
2024-05-20	0.009210526315789511	0.0	0.022368421052631617	0.0	0.009210526315789511	13006733
2024-05-21	0.015906127770534535	-0.0013037809647980252	0.015906127770534535	-0.01329856584093867	0.015906127770534535	8192001
2024-05-22	-0.02695071868583173	-0.010266940451745343	-0.010266940451745343	-0.03131416837782338	-0.02695071868583173	13508667
2024-05-23	-0.0216301767343707	-0.005539435505143597	-0.0034291743603269706	-0.024004220522289545	-0.0216301767343707	10989346
2024-05-24	-0.02911836074413603	-0.008627662442706937	-0.005661903478026445	-0.02911836074413603	-0.02911836074413603	17869628
2024-05-27	0.00555401277422946	0.00027770063871161114	0.006387114690363899	-0.01166342682588155	0.00555401277422946	11507571
2024-05-28	-0.011046672190002722	-0.001657000828500477	-0.0008285004142502385	-0.013532173432753437	-0.011046672190002722	7350511
2024-05-29	0.0053057805082378584	0.0	0.01033230941077904	0.0	0.0053057805082378584	5789907
2024-05-30	0.0033333333333332624	0.00138888888888881	0.01083333333333335	-0.0027777777777778173	0.0033333333333332624	7558304
2024-05-31	-0.008859357696567007	0.0074750830564784924	0.00996677740863786	-0.008859357696567007	-0.008859357696567007	7861163
2024-06-03	-0.005586592178770831	0.0	0.002793296089385515	-0.013966480446927375	-0.005586592178770831	8337145
2024-06-04	0.01207865168539325	-0.000842696629213515	0.016292134831460626	-0.002528089887640545	0.01207865168539325	7549310
2024-06-05	-0.00027754648903685847	0.004163197335553666	0.010824313072439648	-0.002220371912295262	-0.00027754648903685847	6310257
2024-06-06	-0.007773459189339287	0.0005552470849526935	0.008606329816768328	-0.010272071071627	-0.007773459189339287	7959279
2024-06-07	-0.007834359261331872	0.005875769445998904	0.0114717403469501	-0.012311135982093028	-0.007834359261331872	7824887
2024-06-11	-0.00310208685843202	-0.0022560631697687056	0.00310208685843202	-0.011562323745064966	-0.00310208685843202	6068227
2024-06-12	0.005091937765205084	-0.001414427157001535	0.012446958981612383	-0.001414427157001535	0.005091937765205084	6682905
2024-06-13	-0.0033774275260344652	0.0	0.0014072614691808937	-0.007880664227413485	-0.0033774275260344652	5781544
2024-06-14	0.014967523298503281	-0.00028240609997170324	0.018638802598136228	-0.009601807399039717	0.014967523298503281	10436326
2024-06-17	0.0005564830272677554	-0.002225932109070626	0.0036171396772399157	-0.008069003895381168	0.0005564830272677554	6724668
2024-06-18	0.0016685205784205304	0.001946607341490553	0.010011123470522788	-0.005005561735261394	0.0016685205784205304	6773446
2024-06-19	-0.027762354247640196	-0.01443642420877299	-0.01443642420877299	-0.030538589672404255	-0.027762354247640196	6074442
2024-06-20	-0.009994288977727053	-0.0019988577955454105	0.005425471159337456	-0.01142204454597389	-0.009994288977727053	6099494
2024-06-21	-0.009229881742140187	-0.0002884338044420281	0.0023074704355349955	-0.019325064897606048	-0.009229881742140187	10777561
2024-06-24	0.029985443959243116	0.013100436681222584	0.041921397379912594	-0.00902474526928682	0.029985443959243116	17062599
2024-06-25	-0.00339174674957616	0.0	0.008196721311475386	-0.00932730356133424	-0.00339174674957616	8895635
2024-06-26	-0.009359047078842834	0.0	0.0014180374361884363	-0.026659103800340266	-0.009359047078842834	10758859
2024-06-27	-0.0014314342971656787	-0.0014314342971656787	0.00429430289149724	-0.0143143429716576	-0.0014314342971656787	8289295
2024-06-28	-0.011754587155963407	-0.0017201834862385973	0.0045871559633026545	-0.01662844036697263	-0.011754587155963407	8687349
2024-07-01	-0.002030751378009872	-0.002610966057441146	0.002030751378009872	-0.013635044966637623	-0.002030751378009872	6721631
2024-07-02	-0.007267441860465116	-0.008139534883720963	0.0023255813953487877	-0.010174418604651205	-0.007267441860465116	8691279
2024-07-03	0.0	-0.002342606149341092	0.0058565153733529385	-0.010834553440702707	0.0	7396459
2024-07-04	0.0020497803806735077	0.0029282576866764692	0.024890190336749676	-0.005270863836017561	0.0020497803806735077	10152255
2024-07-05	-0.0149035651665692	0.0	0.0023378141437755203	-0.020455873758036112	-0.0149035651665692	9983709
2024-07-08	-0.010975971521803542	-0.006229605458320998	-0.0008899436369030298	-0.013052506674577209	-0.010975971521803542	6774483
2024-07-09	0.014997000599880022	0.0017996400719854579	0.017696460707858314	-0.004799040191961718	0.014997000599880022	9059044
2024-07-10	0.00856973995271865	-0.004728132387706964	0.01566193853427878	-0.010047281323877168	0.00856973995271865	8636292
2024-07-11	0.013477878699091733	0.009082918253735575	0.030471725754468184	0.0026369762672134867	0.013477878699091733	10068053
2024-07-12	0.001445504481063809	0.014744145706851633	0.015322347499277073	-0.006649320612894014	0.001445504481063809	6414712
2024-07-15	-0.008660508083140795	-0.003175519630484972	0.006062355658198639	-0.015588914549653554	-0.008660508083140795	5268181
2024-07-16	-0.002620850320326249	-0.004659289458357707	0.00902737332556771	-0.0066977285963891655	-0.002620850320326249	6781312
2024-07-17	0.024817518248175224	-0.004379562043795579	0.02627737226277368	-0.008759124087591158	0.024817518248175224	12928270
2024-07-18	0.019373219373219366	-0.0028490028490028895	0.021652421652421594	-0.005698005698005779	0.019373219373219366	14910071
2024-07-19	0.013694801565120235	0.0	0.0164896590273895	-0.009502515371716138	0.013694801565120235	13361041
2024-07-22	-0.01571546732837056	0.0027570995312929227	0.003584229390680878	-0.019575406672180887	-0.01571546732837056	10004845
2024-07-23	-0.03585434173669471	0.0	0.0016806722689074276	-0.03585434173669471	-0.03585434173669471	10076971
2024-07-24	-0.01307379430563634	0.0002905287623474146	0.004648460197559459	-0.019174898314933284	-0.01307379430563634	7600303
2024-07-25	0.008242566970856673	-0.004121283485428336	0.015602001766264384	-0.004415660877244586	0.008242566970856673	7158066
2024-07-26	0.0023357664233576146	-0.004379562043795579	0.021313868613138595	-0.004379562043795579	0.0023357664233576146	6578755
2024-07-29	-0.022720652490533094	0.0	0.007864841246723073	-0.023594523740168807	-0.022720652490533094	8547213
2024-07-30	0.001490312965722929	-0.0002980625931445011	0.001490312965722929	-0.014008941877794305	0.001490312965722929	7782318
2024-07-31	0.04583333333333331	-0.005952380952381037	0.046726190476190484	-0.007142857142857202	0.04583333333333331	15407536
2024-08-01	-0.015082527034718301	0.003699487763232856	0.004268639726807017	-0.015082527034718301	-0.015082527034718301	7428345
2024-08-02	0.0011557353366078921	-0.0046229413464315685	0.014157757873447039	-0.004911875180583696	0.0011557353366078921	5554140
2024-08-05	0.007215007215007215	0.0	0.025396825396825473	-0.008369408369408346	0.007215007215007215	10645527
2024-08-06	0.01117478510028655	0.0071633237822349575	0.025214899713467125	0.0028653295128940235	0.01117478510028655	8378009
2024-08-07	-0.007367526211391273	0.0	0.005667327854916487	-0.01246812128081603	-0.007367526211391273	5759521
2024-08-08	0.019982871824150605	0.0	0.02769055095632312	-0.008564087924636147	0.019982871824150605	9056954
2024-08-09	-0.006717044500419673	0.006437167646235769	0.006996921354603975	-0.006717044500419673	-0.006717044500419673	6360641
2024-08-12	-0.00028176951253888744	-0.0025359256128487857	0.009861932938856056	-0.004508312200619997	-0.00028176951253888744	4833387
2024-08-13	-0.013246899661781254	0.0022547914317927117	0.0022547914317927117	-0.01860202931228852	-0.013246899661781254	5300370
2024-08-14	-0.011996572407883307	0.0	0.0	-0.017423593259068823	-0.011996572407883307	4353616
2024-08-15	0.017635154668979455	-0.0017346053772767352	0.027753686036426528	-0.002601908065915103	0.017635154668979455	8755604
2024-08-16	-0.008522727272727394	-0.00539772727272741	0.004545454545454448	-0.012784090909090988	-0.008522727272727394	6427723
2024-08-19	-0.005730659025787844	0.0	0.015759312320917027	-0.00630372492836673	-0.005730659025787844	4997950
2024-08-20	-0.008645533141210497	-0.002881844380403499	0.0011527377521613586	-0.009221902017291074	-0.008645533141210497	4565435
2024-08-21	0.005813953488372176	-0.0017441860465114876	0.013081395348837293	-0.0040697674418604815	0.005813953488372176	4439830
2024-08-22	-0.0066473988439307505	0.00375722543352588	0.005780346820809125	-0.019942196531792047	-0.0066473988439307505	6137660
2024-08-23	0.008728542333430442	-0.000290951411114286	0.013674716322374339	-0.004655222577829404	0.008728542333430442	4379873
2024-08-26	-0.010383616959907685	0.004903374675512019	0.008653014133256335	-0.013556388808768353	-0.010383616959907685	5049942
2024-08-27	-0.0032060623724861387	-0.0032060623724861387	0.0026231419411249287	-0.01194986884290305	-0.0032060623724861387	4027396
2024-08-28	-0.011695906432748704	-0.003508771929824694	0.0	-0.01900584795321654	-0.011695906432748704	7536101
2024-08-29	0.005621301775148072	-0.002958579881656637	0.0076923076923078445	-0.008875739644970331	0.005621301775148072	5057377
2024-08-30	0.08855545748749626	0.023242130038246517	0.10002942041776988	0.019711679905854502	0.08855545748749626	43801635
2024-09-02	-0.0283783783783783	-0.013513513513513514	-0.000540540540540625	-0.031891891891891885	-0.0283783783783783	18127353
2024-09-03	0.003616133518775951	0.011404728789985996	0.013908205841446452	-0.006954102920723226	0.003616133518775951	10878062
2024-09-04	-0.018569844789357033	0.0016629711751663602	0.009700665188470107	-0.018847006651884695	-0.018569844789357033	11814232
2024-09-05	0.007342558599265889	0.0045184975995482555	0.013837898898616268	0.0005648121999436072	0.007342558599265889	6774855
2024-09-06	-0.005046257359125307	-0.0002803476310626609	0.005606952621250231	-0.0072890384076255985	-0.005046257359125307	4576924
2024-09-09	-0.006198929275852321	-0.0008453085376162619	0.007607776838545957	-0.012679628064243529	-0.006198929275852321	8973374
2024-09-10	0.005670541536716635	0.0	0.011624610150269252	-0.004819960306209291	0.005670541536716635	8455438
2024-09-11	0.020298844093600193	-0.002255427121511088	0.02283619960530032	-0.008175923315477845	0.020298844093600193	10949056
2024-09-12	-0.007184305056645427	-0.0002763194252555405	0.007184305056645624	-0.008013263332412245	-0.007184305056645427	6822677
2024-09-13	-0.0022265516281658308	0.0013915947676035947	0.006401335930976812	-0.006957973838018369	-0.0022265516281658308	6459232
2024-09-18	0.008089260808926057	0.0	0.010320781032078032	-0.011436541143654217	0.008089260808926057	6977195
2024-09-19	0.001106806862202522	0.002213613724405044	0.02047592695074715	-0.019369120088544627	0.001106806862202522	13526263
2024-09-20	-0.007186290768380265	-0.0024875621890546244	0.0005527915975678034	-0.012161415146489711	-0.007186290768380265	12179016
2024-09-23	0.010022271714922032	0.003340757238307278	0.02115812917594649	-0.007238307349666066	0.010022271714922032	11744345
2024-09-24	0.0562293274531422	0.019294377067254568	0.057883131201764096	0.004134509371554536	0.0562293274531422	23445434
2024-09-25	0.007306889352818401	0.01748434237995829	0.026878914405010466	0.005741127348642977	0.007306889352818401	20437451
2024-09-26	0.07072538860103618	0.0002590673575129018	0.07072538860103618	0.0002590673575129018	0.07072538860103618	28986071
2024-09-27	0.059762884103556714	0.022501814662472773	0.059762884103556714	0.021533994676990093	0.059762884103556714	25263438
2024-09-30	0.099771689497717	0.05045662100456623	0.10000000000000006	0.03082191780821921	0.099771689497717	43211314
2024-10-08	0.07535810670541822	0.10006227942702928	0.10006227942702928	0.04857795308283156	0.07535810670541822	56286395
2024-10-09	-0.0994208494208494	0.0013513513513513568	0.0030888030888031603	-0.0994208494208494	-0.0994208494208494	39086971
2024-10-10	0.00793140407288327	-0.0002143622722400431	0.03279742765273314	-0.00685959271168275	0.00793140407288327	23458994
2024-10-11	-0.021267545725223307	0.0	0.007230965546575846	-0.034878774989366236	-0.021267545725223307	14465369
2024-10-14	0.008474576271186298	0.016731855714906475	0.017383746197305455	-0.02042590178183409	0.008474576271186298	16869785
2024-10-15	-0.022839905192846267	0.0	0.001723766429648899	-0.02521008403361333	-0.022839905192846267	13725553
2024-10-16	-0.04762954796030879	-0.013450937155457539	-0.009922822491731044	-0.060639470782800436	-0.04762954796030879	27329546
2024-10-17	-0.021995832368603745	0.00023153507756436945	0.01157675387821255	-0.024079648066682086	-0.021995832368603745	13761267
2024-10-18	0.020123106060606095	-0.0021306818181818987	0.04142992424242424	-0.009943181818181858	0.020123106060606095	21159554
2024-10-21	0.002320724065908431	0.003945230912044432	0.010211185889997625	-0.018333720120677795	0.002320724065908431	18443894
2024-10-22	0.006714517249363259	-0.00023153507756420492	0.01643899050706184	-0.0020838156980781735	0.006714517249363259	14164140
2024-10-23	0.011039558417663386	0.0016099356025759035	0.025298988040478414	-0.003909843606255626	0.011039558417663386	16993404
2024-10-24	-0.010919017288444131	-0.005914467697907143	0.003184713375796191	-0.01501364877161064	-0.010919017288444131	8908256
2024-10-25	0.019549218031278782	0.0004599816007360425	0.03219871205151807	-0.003909843606255626	0.019549218031278782	13229036
2024-10-28	0.023460410557184733	0.0	0.02368599142792701	-0.002706970448905875	0.023460410557184733	13891430
2024-10-29	-0.00815516861362128	0.003967379325545509	0.017853206964954866	-0.011461318051575844	-0.00815516861362128	15293356
2024-10-30	-0.01888888888888892	-0.009777777777777727	0.00777777777777781	-0.024888888888888832	-0.01888888888888892	10654875
2024-10-31	-0.00860702151755369	-0.0018120045300112865	0.0033975084937712023	-0.017440543601358913	-0.00860702151755369	12097924
2024-11-01	0.010509481379940455	0.00022846698652040232	0.021247429746401637	-0.004797806716929423	0.010509481379940455	10449151
2024-11-04	0.012434998869545655	-0.005200090436355344	0.017182907528826705	-0.010852362649785143	0.012434998869545655	11028470
2024-11-05	0.015855292541313105	-0.000669941938365367	0.022331397945511387	-0.009155873157659752	0.015855292541313105	12076982
2024-11-06	-0.0063750274785666985	0.00021982853374363619	0.008133655748516102	-0.016487140030775994	-0.0063750274785666985	13893670
2024-11-07	0.07831858407079643	-0.0002212389380532105	0.08053097345132744	-0.003982300884955746	0.07831858407079643	30046196
2024-11-08	0.0010258514567090102	0.019491177677472212	0.025851456709068486	-0.02421009437833401	0.0010258514567090102	26722431
2024-11-11	-0.028694404591104707	-0.02029104324656696	-0.008403361344537745	-0.04693584750973558	-0.028694404591104707	22335171
2024-11-12	-0.010339734121122641	-0.01076176408525001	0.030597172399240407	-0.014982063726524601	-0.010339734121122641	19621880
2024-11-13	0.003837953091684429	-0.010021321961620444	0.008528784648187604	-0.010021321961620444	0.003837953091684429	10239466
2024-11-14	-0.017417162276975366	-0.009345794392523317	0.0038232795242140977	-0.018691588785046634	-0.017417162276975366	9846765
2024-11-15	-0.003242542153047959	-0.003242542153047959	0.021833117163856577	-0.003674881106787605	-0.003242542153047959	12459261
2024-11-18	-0.013012361743656504	0.0	0.0073736716547387424	-0.019301669919757115	-0.013012361743656504	11130200
2024-11-19	-0.00241705119753899	0.001098659635245095	0.010547132498352098	-0.0202153372885079	-0.00241705119753899	8894689
2024-11-20	-0.004405286343612241	0.004185022026431825	0.005066079295154273	-0.010792951541850265	-0.004405286343612241	8816211
2024-11-21	-0.0022123893805310046	-0.0037610619469026925	0.007964601769911492	-0.009070796460177073	-0.0022123893805310046	6831650
2024-11-22	-0.03481152993348116	-0.0022172949002217607	0.0017738359201773456	-0.0354767184035477	-0.03481152993348116	10609773
2024-11-25	0.003905352630369899	0.013783597518952478	0.024351022283482706	-0.0006891798759476485	0.003905352630369899	10668449
2024-11-26	0.015560640732265438	-0.004576659038901667	0.019450800915331676	-0.006178489702517233	0.015560640732265438	8801639
2024-11-27	0.0024785939612437906	-0.0004506534474989438	0.012843623253717896	-0.006534474988733645	0.0024785939612437906	11389932
2024-11-28	-0.009889862890537308	0.002472465722634287	0.004045853000674302	-0.014610024724657195	-0.009889862890537308	7843825
2024-11-29	0.02474460839954605	0.00885357548240637	0.04880817253121466	0.0011350737797957836	0.02474460839954605	15949633
2024-12-02	0.0423128046078865	0.019937970757642857	0.04563579973416044	0.00509525919361978	0.0423128046078865	20616644
2024-12-03	0.003188097768331683	0.0	0.009989373007439023	-0.0078639744952178	0.003188097768331683	10395252
2024-12-04	-0.01271186440677969	-0.0010593220338983953	-0.0010593220338983953	-0.0211864406779661	-0.01271186440677969	9071829
2024-12-05	-0.009012875536480723	-0.011802575107296228	0.00042918454935613777	-0.01652360515021466	-0.009012875536480723	7492186
2024-12-06	0.007362494586401113	-0.0021654395842356307	0.02057167605023826	-0.0038977912516240734	0.007362494586401113	9845433
2024-12-09	-0.005374032674118658	-0.010748065348237317	0.0030094582975063082	-0.018916595012897733	-0.005374032674118658	7213123
2024-12-10	0.025070239896261	0.0376053598443915	0.057704776312945634	0.022260644045817894	0.025070239896261	19023816
2024-12-11	0.008855154965211927	0.0006325110689437305	0.016023613746573857	0.0	0.008855154965211927	8974000
2024-12-12	0.012121212121212085	-0.007314524555903896	0.01567398119122257	-0.010031347962382527	0.012121212121212085	15820017
2024-12-13	-0.025810448069378485	-0.007226925459426005	-0.0020648358455503083	-0.026429898823043592	-0.025810448069378485	13441139
2024-12-16	-0.00953793980500218	-0.0006358626536668321	0.006782534972445958	-0.012293344637558252	-0.00953793980500218	6958917
2024-12-17	0.0014979670447250223	-0.0017119623368285534	0.0111277551893859	-0.013481703402525047	0.0014979670447250223	8397997
2024-12-18	0.012820512820512851	0.0038461538461538403	0.0226495726495727	0.0023504273504273386	0.012820512820512851	8176081
2024-12-19	-0.009915611814345969	-0.013291139240506233	-0.004219409282700332	-0.018143459915611802	-0.009915611814345969	6485097
2024-12-20	-0.0059663328361389545	0.0	0.004687832942680564	-0.010014915832090323	-0.0059663328361389545	7654767
2024-12-23	0.0006430868167202816	0.0023579849946409313	0.011789924973204807	-0.0021436227224008878	0.0006430868167202816	6331324
2024-12-24	0.016281062553556085	-0.003641816623821802	0.01885175664095978	-0.003641816623821802	0.016281062553556085	7714642
2024-12-25	-0.010750421585160161	0.00021079258010128828	0.0018971332209106958	-0.01623102866779081	-0.010750421585160161	5392261
2024-12-26	-0.009801832516513976	0.0012784998934583906	0.0027700831024931294	-0.011080332409972365	-0.009801832516513976	5624159
2024-12-27	0.005595007531740866	0.0019367333763719262	0.008392511297611375	-0.008607703894985982	0.005595007531740866	6223189
2024-12-30	-0.008131821099935705	-0.005777872886796406	0.009415792852557349	-0.013053712818317985	-0.008131821099935705	7053008
2024-12-31	-0.009708737864077732	-0.009061488673139195	0.006688241639697846	-0.01014023732470332	-0.009708737864077732	8690715
