2021-01-06	-0.010935601458080176	0.0018226002430132189	0.008505467800729074	-0.022478736330498236	-0.010935601458080176	63302167
2021-01-07	0.02272727272727257	0.008599508599508634	0.03009828009828	-0.008599508599508634	0.02272727272727257	101525264
2021-01-08	0.003003003003003046	0.01381381381381384	0.02102102102102111	-0.019819819819819718	0.003003003003003046	96958473
2021-01-11	0.028742514970059908	0.005988023952095894	0.0461077844311377	0.0005988023952096745	0.028742514970059908	142348116
2021-01-12	0.022700814901047764	-0.0023282887077997177	0.022700814901047764	-0.01920838183934798	0.022700814901047764	102281800
2021-01-13	0.07683551508252712	0.02447353443369378	0.10017074558907217	0.010244735344336921	0.07683551508252712	234697850
2021-01-14	-0.0015856236786469945	0.003171247357293801	0.04968287526427049	-0.01691331923890065	-0.0015856236786469945	195986095
2021-01-15	-0.013234515616728428	0.021704605611434627	0.028057173107464327	-0.03335097935415558	-0.013234515616728428	125087601
2021-01-18	0.005364806866952675	-0.013412017167381975	0.016630901287553578	-0.022532188841201808	0.005364806866952675	90190902
2021-01-19	0.0005336179295625167	0.021878335112059773	0.04855923159018144	-0.004802561366061892	0.0005336179295625167	121588877
2021-01-20	0.03359999999999995	0.017599999999999907	0.05919999999999997	0.01600000000000004	0.03359999999999995	121387852
2021-01-21	-0.011351909184726464	0.0	0.003611971104231181	-0.027347781217750135	-0.011351909184726464	95065362
2021-01-22	0.006784968684759865	0.007306889352818401	0.009916492693110714	-0.03444676409185805	0.006784968684759865	109878098
2021-01-25	-0.012441679626749531	-0.0119232763089684	-0.004665629860031097	-0.035769828926905015	-0.012441679626749531	87691696
2021-01-26	-0.025196850393700808	-0.007874015748031607	0.022572178477690275	-0.03307086614173223	-0.025196850393700808	89233812
2021-01-27	0.08023694130317709	0.012924071082390869	0.08777598276790517	0.0	0.08023694130317709	175392382
2021-01-28	-0.02642073778663996	-0.022931206380857296	-0.004985044865403683	-0.032901296111665014	-0.02642073778663996	120274326
2021-01-29	0.08243727598566304	0.009216589861751136	0.09984639016897078	-0.005632360471070119	0.08243727598566304	195274830
2021-02-01	0.03500473036896871	0.017029328287606407	0.06385998107852402	-0.01135288552507105	0.03500473036896871	170707130
2021-02-02	0.10009140767824504	0.005027422303473466	0.10009140767824504	-0.01645338208409504	0.10009140767824504	184602436
2021-02-03	0.0	0.009970918155380076	0.038637307852098034	-0.025758205234732073	0.0	181502118
2021-02-04	0.0016618196925633215	-0.011217282924802641	0.034067303697548824	-0.03032820938928128	0.0016618196925633215	146027401
2021-02-05	-0.04189133139776018	0.006221484861053593	0.015761094981335506	-0.0754873496474492	-0.04189133139776018	189052746
2021-02-08	0.06623376623376613	0.005194805194805084	0.08095238095238083	-0.013419913419913517	0.06623376623376613	134366143
2021-02-09	0.034104750304506694	0.01136825010150228	0.05968331303288683	-0.00933820544051971	0.034104750304506694	148187971
2021-02-10	-0.003926187671770627	0.0011778563015312578	0.012956419316843418	-0.02630545740086369	-0.003926187671770627	102542676
2021-02-18	-0.013007489160425772	0.026803310997240825	0.03508080409932994	-0.026409144659046185	-0.013007489160425772	117344878
2021-02-19	-0.011182108626197987	-0.014776357827475937	0.003194888178913812	-0.058306709265175755	-0.011182108626197987	108749171
2021-02-22	-0.036752827140549275	0.004442649434571867	0.021809369951534697	-0.037964458804523475	-0.036752827140549275	111731799
2021-02-23	0.0012578616352200245	-0.006289308176100718	0.021802935010482163	-0.026834381551362706	0.0012578616352200245	80136705
2021-02-24	-0.0410385259631491	0.005025125628140745	0.012144053601340146	-0.04983249581239522	-0.0410385259631491	114330946
2021-02-25	0.0008733624454149838	0.017030567685589547	0.0231441048034935	-0.01615720524017456	0.0008733624454149838	79989553
2021-02-26	-0.03795811518324611	-0.0401396160558465	-0.010471204188481761	-0.045375218150087375	-0.03795811518324611	84877971
2021-03-01	0.03356009070294778	0.022675736961451247	0.04580498866213143	-0.002267573696145157	0.03356009070294778	78819701
2021-03-02	0.017990346643264595	0.016673979815708756	0.04300131636682757	0.0004387889425187171	0.017990346643264595	100151988
2021-03-03	-0.000862068965517223	-0.013793103448275874	0.012931034482758652	-0.04698275862068965	-0.000862068965517223	76083825
2021-03-04	-0.06427955133735973	-0.0211389128559102	-0.014667817083692832	-0.07290767903364975	-0.06427955133735973	106222460
2021-03-05	-0.019824804057169187	-0.029506685108344883	-0.0027662517289074352	-0.037344398340249066	-0.019824804057169187	70021075
2021-03-08	-0.047507055503292636	0.011288805268109051	0.018344308560677185	-0.05503292568203206	-0.047507055503292636	89235151
2021-03-09	-0.024197530864197455	-0.010370370370370412	0.012345679012345678	-0.04345679012345674	-0.024197530864197455	78855340
2021-03-10	0.024291497975708343	0.027834008097165845	0.04200404858299586	0.0060728744939269955	0.024291497975708343	61561269
2021-03-11	0.01679841897233201	0.006916996047430859	0.03458498023715429	-0.0014822134387350587	0.01679841897233201	64154736
2021-03-12	0.008260447035957323	0.0	0.03935860058309049	-0.008746355685131182	0.008260447035957323	67798743
2021-03-15	-0.018313253012048145	-0.011084337349397611	-0.004337349397590355	-0.032771084337349383	-0.018313253012048145	44354248
2021-03-16	-0.010800196367206794	0.001963672066764808	0.014727540500736411	-0.021109474717722124	-0.010800196367206794	49379054
2021-03-17	0.007444168734491422	0.0024813895781638073	0.019354838709677448	-0.011910669975186028	0.007444168734491422	38271043
2021-03-18	0.007881773399014785	0.003940886699507305	0.017241379310344723	-0.004926108374384306	0.007881773399014785	46887253
2021-03-19	-0.02981427174975559	-0.022482893450635425	-0.0131964809384164	-0.038123167155425276	-0.02981427174975559	56297883
2021-03-22	0.02468513853904274	0.0015113350125943365	0.03526448362720399	-0.0050377833753149324	0.02468513853904274	43092808
2021-03-23	-0.03736479842674541	0.0009832841691248561	0.004916420845624455	-0.05604719764011802	-0.03736479842674541	70038918
2021-03-24	-0.0393258426966292	-0.012257405515832404	0.0005107252298264333	-0.04443309499489262	-0.0393258426966292	63673750
2021-03-25	0.007442849548112737	-0.004784688995215304	0.02020202020202034	-0.011164274322168917	0.007442849548112737	38151073
2021-03-26	0.026385224274406333	0.013192612137203167	0.03324538258575193	0.004221635883905111	0.026385224274406333	49425139
2021-03-29	-0.004627249357326471	-0.0015424164524420352	0.009768637532133742	-0.017480719794344467	-0.004627249357326471	43841036
2021-03-30	0.019628099173553668	0.007231404958677716	0.03047520661157024	-0.0010330578512396473	0.019628099173553668	50426593
2021-03-31	-0.025329280648429587	-0.029888551165146906	-0.020770010131712268	-0.06382978723404245	-0.025329280648429587	105206762
2021-04-01	-0.006237006237006105	0.0	0.009355509355509526	-0.017151767151767066	-0.006237006237006105	50535947
2021-04-02	0.012552301255230044	0.015690376569037694	0.03242677824267769	0.00836820083682009	0.012552301255230044	55586763
2021-04-06	0.03512396694214875	0.019111570247933935	0.056301652892561976	0.013429752066115784	0.03512396694214875	81018422
2021-04-07	-0.05289421157684625	-0.01197604790419154	-0.0029940119760478406	-0.06137724550898206	-0.05289421157684625	137822711
2021-04-08	-0.005795574288724944	-0.009483667017913578	0.005268703898840773	-0.018967334035827156	-0.005795574288724944	64866306
2021-04-09	0.004239533651298266	0.0	0.025437201907790166	-0.010598834128245855	0.004239533651298266	71509564
2021-04-12	-0.03852242744063327	0.007915567282322013	0.010026385224274474	-0.04168865435356196	-0.03852242744063327	65638775
2021-04-13	0.025795828759604966	0.0010976948408342247	0.03073545554335907	-0.0010976948408342247	0.025795828759604966	54439463
2021-04-14	0.013911182450508186	0.0021401819154627686	0.023006955591225238	0.0	0.013911182450508186	42404163
2021-04-15	0.004221635883905111	0.001055408970976231	0.0063324538258575725	-0.021108179419524992	0.004221635883905111	34721133
2021-04-16	-0.007882291119285451	0.006305832895428136	0.010509721492380414	-0.014188124014713586	-0.007882291119285451	38530174
2021-04-19	0.06091101694915266	0.020127118644067934	0.06355932203389827	0.014830508474576332	0.06091101694915266	98313428
2021-04-20	-0.01347978032950572	-0.011482775836245651	0.0	-0.018472291562656066	-0.01347978032950572	62384109
2021-04-21	-0.022773279352226863	-0.011639676113360345	-0.010627530364372513	-0.02834008097166003	-0.022773279352226863	57911540
2021-04-22	-0.015535991714137606	0.0005178663904713394	0.004142931123770163	-0.021232522009321603	-0.015535991714137606	53525516
2021-04-23	0.016307206733298194	0.002630194634402796	0.0231457127827458	-0.00420831141504481	0.016307206733298194	54456106
2021-04-26	-0.027950310559006167	0.0	0.010351966873705968	-0.029503105590062126	-0.027950310559006167	75181414
2021-04-27	-0.028753993610223783	-0.0010649627263045567	-0.0010649627263045567	-0.04313099041533558	-0.028753993610223783	78246627
2021-04-28	-0.008771929824561412	0.001096491228070347	0.006030701754386129	-0.018092105263157802	-0.008771929824561412	63693230
2021-04-29	0.00829646017699127	0.0011061946902656597	0.009402654867256732	-0.009955752212389367	0.00829646017699127	65862204
2021-04-30	-0.006582556226001152	0.004388370817333971	0.012068019747668616	-0.012616566099835459	-0.006582556226001152	87980104
2021-05-06	-0.024295969077857412	-0.022639425731639986	-0.014356709000552071	-0.04417448923246829	-0.024295969077857412	82445097
2021-05-07	-0.027164685908319205	0.0	0.006225240520656447	-0.02773061686474261	-0.027164685908319205	66097570
2021-05-10	0.005235602094240829	-0.0017452006980803452	0.013379872018615497	-0.013961605584642349	0.005235602094240829	54089673
2021-05-11	-0.004050925925925942	-0.011574074074074238	-0.0011574074074073826	-0.03645833333333348	-0.004050925925925942	85725745
2021-05-12	-0.0005810575246950356	0.005810575246949324	0.01917489831493308	-0.016850668216153348	-0.0005810575246950356	76424895
2021-05-13	-0.018604651162790715	-0.015116279069767327	-0.0011627906976743939	-0.023255813953488292	-0.018604651162790715	53668571
2021-05-14	0.03672985781990527	0.005924170616113829	0.03672985781990527	-0.004146919431279638	0.03672985781990527	81706967
2021-05-17	0.013714285714285625	-0.0011428571428571184	0.025714285714285672	-0.008000000000000033	0.013714285714285625	92365887
2021-05-18	-0.016347237880496007	-0.005073280721533251	-0.005073280721533251	-0.021984216459977286	-0.016347237880496007	59016150
2021-05-19	0.001719197707736455	-0.0011461318051575688	0.01661891117478505	-0.004584527220630275	0.001719197707736455	58799389
2021-05-20	-0.023455377574370717	-0.002288329519450752	0.0034324942791761283	-0.02517162471395888	-0.023455377574370717	85936922
2021-05-21	0.004100761570005875	0.005272407732864666	0.009958992384299833	-0.007029876977152958	0.004100761570005875	61639103
2021-05-24	-0.004667444574095791	-0.0023337222870477917	-0.0023337222870477917	-0.019836639439906642	-0.004667444574095791	59730672
2021-05-25	0.02344665885111384	0.0029308323563892566	0.024618991793669505	-0.009964830011723222	0.02344665885111384	93808153
2021-05-26	0.0028636884306987805	-0.0028636884306987805	0.02405498281786931	-0.005727376861397561	0.0028636884306987805	111219432
2021-05-27	0.0513992004568817	0.008566533409480215	0.05882352941176456	0.0017133066818959212	0.0513992004568817	189549693
2021-05-28	-0.011406844106463924	-0.0010863661053774891	0.006518196632265127	-0.02118413905486152	-0.011406844106463924	116675653
2021-05-31	-0.02142857142857146	0.013736263736263736	0.014285714285714372	-0.03021978021978026	-0.02142857142857146	122127452
2021-06-01	0.010668163952835558	-0.008422234699606884	0.02526670409882105	-0.011229646266142578	0.010668163952835558	93181549
2021-06-02	-0.01444444444444453	0.005555555555555635	0.009999999999999985	-0.017777777777777795	-0.01444444444444453	63274027
2021-06-03	-0.013528748590755268	0.0005636978579482279	0.00789177001127399	-0.013528748590755268	-0.013528748590755268	64420093
2021-06-04	0.002857142857142898	-0.007428571428571372	0.009714285714285812	-0.016000000000000066	0.002857142857142898	51250044
2021-06-07	0.02507122507122494	-0.0005698005698006589	0.029629629629629603	-0.014245014245014245	0.02507122507122494	84171905
2021-06-08	-0.017787659811005933	0.0	0.001111728738188056	-0.023902167871039454	-0.017787659811005933	68705751
2021-06-09	-0.010752688172043083	0.0005659309564232037	0.0011318619128466085	-0.014714204867006312	-0.010752688172043083	45168286
2021-06-10	-0.004576659038901708	-0.0034324942791761283	0.010297482837528588	-0.008009153318077835	-0.004576659038901708	62540313
2021-06-11	-0.011494252873563178	-0.004022988505747143	-0.0028735632183906415	-0.024712643678160905	-0.011494252873563178	73970679
2021-06-15	-0.01569767441860463	-0.0005813953488370936	0.0011627906976743939	-0.022674418604651195	-0.01569767441860463	54700913
2021-06-16	-0.011813349084465404	-0.0011813349084465194	0.01004134672179573	-0.014176018901358443	-0.011813349084465404	43487829
2021-06-17	0.0035863717872085307	0.0	0.013150029886431491	-0.0023909145248056872	0.0035863717872085307	41999006
2021-06-18	0.021441334127456788	-0.0023823704586062627	0.02263251935676013	-0.02322811197141159	0.021441334127456788	67873463
2021-06-21	-0.023323615160349774	-0.008746355685131112	0.0	-0.026239067055393545	-0.023323615160349774	57599026
2021-06-22	0.014925373134328358	-0.0011940298507462433	0.023880597014925287	-0.008358208955223915	0.014925373134328358	57126733
2021-06-23	0.00941176470588236	0.0	0.014117647058823438	-0.007647058823529353	0.00941176470588236	57311897
2021-06-24	-0.008741258741258659	0.002331002331002281	0.0040792540792540955	-0.011655011655011614	-0.008741258741258659	42062960
2021-06-25	0.027630805408583117	0.0023515579071134124	0.028218694885361367	-0.0005878894767784575	0.027630805408583117	79587208
2021-06-28	0.01258581235697934	0.020594965675057177	0.049199084668192186	0.009725400457665798	0.01258581235697934	115737128
2021-06-29	0.01073446327683623	-0.005649717514124173	0.025423728813559282	-0.010169491525423712	0.01073446327683623	100339231
2021-06-30	-0.0011179429849077459	0.006148686416992701	0.007825600894354419	-0.015092230296254866	-0.0011179429849077459	61392977
2021-07-01	-0.025181869054280877	-0.005036373810856175	0.003917179630665936	-0.034695019585898206	-0.025181869054280877	65064680
2021-07-02	-0.016073478760045987	0.0	0.0005740528128586687	-0.026980482204362936	-0.016073478760045987	67134333
2021-07-05	0.002917152858809843	-0.0052508751458576345	0.016336056009334955	-0.010501750291715269	0.002917152858809843	51519632
2021-07-06	-0.010471204188481659	0.0	0.0005817335660266439	-0.021524141942990165	-0.010471204188481659	53783147
2021-07-07	0.0011757789535567062	-0.0029394473838918697	0.008818342151675401	-0.005878894767783739	0.0011757789535567062	38203766
2021-07-08	-0.019377568995889712	0.003523194362888944	0.004697592483851925	-0.022900763358778657	-0.019377568995889712	68395381
2021-07-09	0.017365269461077793	-0.005389221556886219	0.017365269461077793	-0.0113772455089819	0.017365269461077793	53400643
2021-07-12	0.015891701000588766	0.006474396703943673	0.020600353148911208	-0.0035314891112418322	0.015891701000588766	69048902
2021-07-13	0.010428736964078778	0.0034762456546928574	0.017381228273464493	-0.008690614136732451	0.010428736964078778	64177640
2021-07-14	-0.024082568807339545	-0.0028669724770642607	-0.0028669724770642607	-0.024655963302752274	-0.024082568807339545	51859272
2021-07-15	-0.001762632197414873	-0.0011750881316098458	0.00528789659224441	-0.017038777908343076	-0.001762632197414873	47790634
2021-07-16	0.0005885815185404099	-0.0005885815185402008	0.0011771630370808197	-0.010594467333725705	0.0005885815185404099	48240285
2021-07-19	0.014705882352941176	0.004705882352941076	0.017647058823529453	-0.007058823529411823	0.014705882352941176	66433698
2021-07-20	0.019710144927536224	-0.009275362318840588	0.02550724637681167	-0.014492753623188406	0.019710144927536224	103673956
2021-07-21	-0.012507106310403573	-0.0022740193291642496	0.0045480386583287005	-0.01591813530415015	-0.012507106310403573	73388591
2021-07-22	0.05526770293609656	0.0005757052389175596	0.07081174438687395	0.0	0.05526770293609656	208292618
2021-07-23	0.00654664484451724	0.0021822149481725427	0.0245499181669396	-0.010911074740861938	0.00654664484451724	159319109
2021-07-26	-0.017344173441734435	0.0037940379403794194	0.01788617886178872	-0.029268292682926786	-0.017344173441734435	155153947
2021-07-27	-0.02371759514616656	-0.002757859900717083	0.023166023166023262	-0.027578599007170437	-0.02371759514616656	126294588
2021-07-28	-0.03050847457627114	-0.005649717514124173	0.0	-0.04519774011299439	-0.03050847457627114	104435273
2021-07-29	0.020979020979020945	0.015151515151515242	0.03613053613053619	0.008158508158508191	0.020979020979020945	100934020
2021-07-30	-0.02283105022831042	-0.009703196347031859	-0.009703196347031859	-0.036529680365296836	-0.02283105022831042	94571292
2021-08-02	0.0998831775700933	0.000584112149532594	0.0998831775700933	-0.009345794392523372	0.0998831775700933	236264288
2021-08-03	0.014338821030271011	0.019649495485926767	0.035050451407328743	-0.001062134891131151	0.014338821030271011	289753488
2021-08-04	0.004712041884816746	0.001047120418848145	0.019371727748690965	-0.013089005235602092	0.004712041884816746	168824353
2021-08-05	0.02501302761855135	-0.0036477331943720833	0.05002605523710251	-0.014590932777488333	0.02501302761855135	212252891
2021-08-06	0.0	0.006609049313675597	0.02694458566344675	-0.01982714794102697	0.0	137396251
2021-08-09	0.0518556176919166	0.016268429079816814	0.06100660904931363	0.008134214539908317	0.0518556176919166	202782812
2021-08-10	-0.009183180280328723	0.00048332527791193863	0.00048332527791193863	-0.028516191396810043	-0.009183180280328723	143802077
2021-08-11	0.007804878048780495	0.030243902439024438	0.05170731707317067	-0.006829268292682955	0.007804878048780495	184997653
2021-08-12	-0.0474346563407551	0.00048402710551798464	0.00048402710551798464	-0.0484027105517909	-0.0474346563407551	196561433
2021-08-13	0.010162601626016224	-0.013211382113821037	0.023882113821138154	-0.013211382113821037	0.010162601626016224	142499362
2021-08-16	0.04929577464788735	0.011066398390342175	0.06086519114688133	0.0015090543259557916	0.04929577464788735	218464360
2021-08-17	-0.04793863854266539	0.017737296260786243	0.023969319271332695	-0.05512943432406513	-0.04793863854266539	194828082
2021-08-18	0.014602215508559876	-0.004028197381671616	0.02769385699899299	-0.011077542799597124	0.014602215508559876	120857555
2021-08-19	-0.023821339950372056	-0.01091811414392054	-0.01091811414392054	-0.038213399503722066	-0.023821339950372056	102958250
2021-08-20	-0.016268429079816994	-0.013726487036095735	-0.0055922724961872386	-0.04422979156075246	-0.016268429079816994	122883213
2021-08-23	0.00775193798449605	-0.007751937984496233	0.00775193798449605	-0.011886304909560745	0.00775193798449605	94991621
2021-08-24	0.005128205128205201	0.011794871794871816	0.019487179487179436	-0.0015384615384615968	0.005128205128205201	96463265
2021-08-25	-0.017346938775510197	0.00918367346938774	0.00918367346938774	-0.02091836734693878	-0.017346938775510197	77490929
2021-08-26	0.006230529595015443	-0.0005192107995847124	0.02076843198338518	-0.01713395638629293	0.006230529595015443	83396818
2021-08-27	0.047471620227038276	0.0005159958720331045	0.047471620227038276	-0.006707946336429258	0.047471620227038276	168849675
2021-08-30	-0.010344827586206938	0.0	0.0004926108374383256	-0.02561576354679801	-0.010344827586206938	118760083
2021-08-31	-0.0009955201592832042	0.005475360876057712	0.026879044300647047	-0.019412643106022927	-0.0009955201592832042	114398521
2021-09-01	-0.019431988041853542	-0.004484304932735419	-0.004484304932735419	-0.045839561534628884	-0.019431988041853542	121869670
2021-09-02	0.008638211382113908	0.0015243902439024968	0.014735772357723534	-0.02235772357723584	0.008638211382113908	102354530
2021-09-03	-0.027707808564231773	-0.011586901763224203	-0.006045340050377883	-0.028211586901763338	-0.027707808564231773	95384583
2021-09-06	0.031088082901554293	-0.004663212435233153	0.04766839378238332	-0.008290155440414514	0.031088082901554293	112675057
2021-09-07	-0.0010050251256281193	0.0010050251256282978	0.003517587939698507	-0.009547738693467223	-0.0010050251256281193	74202095
2021-09-08	-0.012575452716297788	0.0	0.0035211267605633947	-0.019114688128772588	-0.012575452716297788	77125490
2021-09-09	-0.007641365257259225	-0.005603667855323456	0.01273560876209883	-0.01273560876209883	-0.007641365257259225	70511825
2021-09-10	-0.021047227926078035	-0.0025667351129363813	-0.0025667351129363813	-0.02207392197125255	-0.021047227926078035	102141305
2021-09-13	-0.021499737808075518	-0.0036706869428421753	-0.0036706869428421753	-0.02988987939171475	-0.021499737808075518	100544757
2021-09-14	-0.016613076098606575	0.001071811361200406	0.017684887459806984	-0.0230439442658092	-0.016613076098606575	88090510
2021-09-15	-0.01253405994550411	-0.007629427792915562	-0.0016348773841962472	-0.018528610354223422	-0.01253405994550411	81925450
2021-09-16	-0.012141280353201016	0.0005518763796908394	0.016556291390728516	-0.014348785871964765	-0.012141280353201016	72654385
2021-09-17	0.019553072625698404	0.003910614525139681	0.020670391061452572	0.0	0.019553072625698404	60017991
2021-09-22	-0.01260273972602742	-0.0191780821917809	-0.006575342465753479	-0.02027397260273978	-0.01260273972602742	37206157
2021-09-23	0.023307436182020073	0.0044395116537181934	0.02608213096559372	0.0044395116537181934	0.023307436182020073	66042349
2021-09-24	-0.018980477223427408	-0.005422993492407885	0.0	-0.022234273318872025	-0.018980477223427408	43241174
2021-09-27	-0.02100608070757319	0.003316749585406231	0.019347705914870172	-0.027639579878385848	-0.02100608070757319	58991185
2021-09-28	0.0	-0.010728402032749931	0.00112930547713154	-0.033879164313947004	0.0	65556478
2021-09-29	-0.02202145680406553	-0.017504234895539372	-0.012422360248447341	-0.02766798418972343	-0.02202145680406553	45264982
2021-09-30	-0.009237875288683611	0.0	0.012702078521939887	-0.012124711316397278	-0.009237875288683611	55309911
2021-10-08	0.002331002331002281	-0.002331002331002281	0.010489510489510473	-0.002331002331002281	0.002331002331002281	49450770
2021-10-11	0.0023255813953487877	0.0005813953488373003	0.00697674418604657	-0.0011627906976743939	0.0023255813953487877	33952716
2021-10-12	-0.036542923433874656	0.0	0.0	-0.048723897911832945	-0.036542923433874656	86610439
2021-10-13	0.01083684527393135	0.0	0.013847080072245662	-0.011438892233594084	0.01083684527393135	37034123
2021-10-14	0.0017867778439548028	0.004764740917212737	0.009529481834425263	-0.003573555687909394	0.0017867778439548028	28324678
2021-10-15	-0.002972651605231909	0.0	0.0077288941736027945	-0.017835909631391242	-0.002972651605231909	51294661
2021-10-18	-0.002385211687537218	-0.001192605843768609	-0.001192605843768609	-0.022063208109719797	-0.002385211687537218	46790393
2021-10-19	0.011954572624028648	0.0005977286312013156	0.018529587567244394	-0.00597728631201443	0.011954572624028648	44806254
2021-10-20	-0.011813349084465404	0.0070880094506793265	0.008860011813349	-0.014766686355581808	-0.011813349084465404	48676861
2021-10-21	-0.000597728631201528	0.0	0.0011954572624028436	-0.012552301255230176	-0.000597728631201528	35897730
2021-10-22	0.0053827751196172165	-0.007775119617224821	0.012559808612440243	-0.011363636363636229	0.0053827751196172165	46812765
2021-10-25	0.0136823319452707	-0.0011897679952409027	0.01844140392623452	-0.01844140392623431	0.0136823319452707	64216697
2021-10-26	-0.007042253521126611	0.0011737089201877685	0.008802816901408576	-0.013497652582159651	-0.007042253521126611	45238411
2021-10-27	-0.030732860520094746	0.0	0.0	-0.0354609929078015	-0.030732860520094746	61075321
2021-10-28	-0.08170731707317062	-0.004878048780487702	-0.003658536585365776	-0.08536585365853651	-0.08170731707317062	133319064
2021-10-29	0.0026560424966798903	0.0	0.009960159362549825	-0.016600265604249667	0.0026560424966798903	65300649
2021-11-01	-0.0019867549668873747	-0.00132450331125825	0.0172185430463576	-0.029801324503311213	-0.0019867549668873747	66562774
2021-11-02	-0.02123424021234242	0.0	0.006635700066356977	-0.033178500331785	-0.02123424021234242	62160817
2021-11-03	0.006101694915254228	-0.013559322033898256	0.020338983050847505	-0.015593220338983079	0.006101694915254228	39199099
2021-11-04	0.023584905660377336	0.004716981132075491	0.02695417789757415	-0.0013477088948786774	0.023584905660377336	50217791
2021-11-05	-0.01053324555628704	0.0006583278472679254	0.004608294930875595	-0.013824884792626668	-0.01053324555628704	39903181
2021-11-08	0.05721889554224892	0.03725881570192951	0.09913506320691952	0.03659347970725221	0.05721889554224892	118715012
2021-11-09	-0.013215859030837057	-0.005663939584644421	0.0	-0.02013845185651355	-0.013215859030837057	59496626
2021-11-10	-0.010841836734693874	-0.007015306122448943	-0.005739795918367338	-0.024872448979591875	-0.010841836734693874	42565452
2021-11-11	-0.0006447453255963757	-0.0038684719535783687	0.0012894906511927513	-0.012894906511927743	-0.0006447453255963757	48130462
2021-11-12	-0.023870967741935433	0.0006451612903225669	0.0012903225806451338	-0.028387096774193515	-0.023870967741935433	65517440
2021-11-15	0.007931262392597437	-0.0019828155981494473	0.008592200925313879	-0.0066093853271646675	0.007931262392597437	49271811
2021-11-16	-0.011147540983606553	0.002622950819672075	0.002622950819672075	-0.01245901639344259	-0.011147540983606553	40304355
2021-11-17	0.003978779840848839	0.0019893899204243607	0.006631299734747987	-0.0026525198938992657	0.003978779840848839	28432537
2021-11-18	0.01585204755614268	0.014531043593130703	0.04623513870541607	0.013870541611624774	0.01585204755614268	90326805
2021-11-19	0.04681404421326402	-0.006501950585175644	0.059817945383615075	-0.011703511053316091	0.04681404421326402	143930406
2021-11-22	0.009937888198757771	0.02049689440993778	0.03291925465838494	0.0	0.009937888198757771	137126845
2021-11-23	0.0067650676506764715	-0.007995079950799665	0.012915129151291345	-0.015375153751537514	0.0067650676506764715	89582457
2021-11-24	-0.013439218081857203	-0.004276114844227262	-0.0036652412950520627	-0.015882712278558433	-0.013439218081857203	57070728
2021-11-25	-0.024767801857585054	-0.003715170278637692	-0.0030959752321979665	-0.02538699690402467	-0.024767801857585054	76362414
2021-11-26	-0.005714285714285706	-0.006349206349206327	0.00761904761904757	-0.009523809523809547	-0.005714285714285706	42831849
2021-11-29	-0.018518518518518576	-0.01660280970625797	-0.011494252873563201	-0.029374201787994946	-0.018518518518518576	53640331
2021-11-30	0.0039037085230969747	0.02342225113858173	0.02342225113858173	-0.009759271307742264	0.0039037085230969747	64605877
2021-12-01	0.06092028515878168	-0.008425145819831432	0.07971484121840573	-0.014906027219701908	0.06092028515878168	251412976
2021-12-02	0.0781918142944409	0.014050091631032402	0.0781918142944409	0.0018326206475258145	0.0781918142944409	354954480
2021-12-03	-0.005665722379603279	0.0	0.0005665722379604286	-0.02549575070821526	-0.005665722379603279	202579464
2021-12-06	0.02108262108262114	0.014245014245014245	0.05584045584045586	0.0028490028490028895	0.02108262108262114	262759402
2021-12-07	0.008928571428571237	0.0005580357142856032	0.029017857142857116	-0.024553571428571497	0.008928571428571237	267233375
2021-12-08	-0.003871681415929023	-0.012721238938052926	0.012168141592920489	-0.025995575221238878	-0.003871681415929023	165196176
2021-12-09	0.012215435868961623	-0.006107717934481009	0.035535813436979286	-0.013881177123820098	0.012215435868961623	184932307
2021-12-10	-0.04004388370817336	-0.012616566099835459	-0.00987383433900163	-0.04114097641250686	-0.04004388370817336	195959457
2021-12-13	0.0211428571428572	0.005714285714285796	0.03485714285714282	0.005714285714285796	0.0211428571428572	155777276
2021-12-14	-0.019026301063234462	-0.006715165081141634	-0.006155567991046414	-0.03077783995523227	-0.019026301063234462	122022789
2021-12-15	-0.006845407872219109	-0.007415858528237453	0.00969766115231022	-0.010268111808328562	-0.006845407872219109	85817697
2021-12-16	0.08098793796668582	0.0011487650775416183	0.09017805858701897	-0.006318207926479002	0.08098793796668582	281801344
2021-12-17	-0.02975557917109451	-0.017003188097768348	-0.0058448459086078335	-0.032943676939426195	-0.02975557917109451	194632124
2021-12-20	0.004928806133625402	0.0	0.043263964950711886	-0.006024096385542331	0.004928806133625402	229020916
2021-12-21	-0.0016348773841962472	-0.009264305177111808	0.010354223433242382	-0.013623978201634876	-0.0016348773841962472	109917329
2021-12-22	-0.0038209606986899717	0.0005458515283841709	0.022379912663755466	-0.027292576419213975	-0.0038209606986899717	163481596
2021-12-23	0.015890410958904064	-0.008767123287671241	0.029589041095890365	-0.012054794520547883	0.015890410958904064	184677669
2021-12-24	-0.015102481121898468	0.0	0.01941747572815531	-0.018338727076591146	-0.015102481121898468	146800581
2021-12-27	0.04271631982475342	0.0054764512595836725	0.04545454545454536	0.0054764512595836725	0.04271631982475342	226607496
2021-12-28	-0.02731092436974788	-0.0026260504201681047	-0.0026260504201681047	-0.034663865546218496	-0.02731092436974788	166808346
2021-12-29	0.0005399568034558079	-0.00755939524838016	0.00755939524838016	-0.020518358531317442	0.0005399568034558079	108165599
2021-12-30	-0.014031300593632032	-0.008634646519158129	0.0016189962223420173	-0.017808958445763724	-0.014031300593632032	112804114
2021-12-31	-0.020799124247400054	-0.004926108374384229	0.004378762999452756	-0.02736726874657909	-0.020799124247400054	136204588
2022-01-04	-0.011179429849077657	0.0022358859698154918	0.006148686416992701	-0.020681945220793793	-0.011179429849077657	121443555
2022-01-05	0.009609949123798651	0.0	0.013566986998304038	-0.010740531373657505	0.009609949123798651	112358952
2022-01-06	0.003359462486002367	-0.013997760358342666	0.01679731243001124	-0.019036954087346018	0.003359462486002367	104382406
2022-01-07	-0.008928571428571435	0.0	0.018415178571428475	-0.014508928571428657	-0.008928571428571435	113675391
2022-01-10	0.01689189189189173	0.01689189189189173	0.03885135135135122	0.01069819819819807	0.01689189189189173	95627095
2022-01-11	-0.02657807308970102	-0.006090808416389781	-0.0005537098560353274	-0.027685492801771874	-0.02657807308970102	81218722
2022-01-12	-0.004550625711035171	0.0	0.00967007963595004	-0.015358361774744004	-0.004550625711035171	88216506
2022-01-13	-0.033714285714285704	-0.0005714285714286607	0.0017142857142857792	-0.034285714285714364	-0.033714285714285704	107086653
2022-01-14	0.0005913660555885016	-0.005322294500295675	0.007687758722649261	-0.012418687167356644	0.0005913660555885016	61153152
2022-01-17	0.0029550827423166165	-0.0023640661938535874	0.007092198581560132	-0.013002364066193995	0.0029550827423166165	50486640
2022-01-18	0.012374779021803234	0.0017678255745433788	0.01944608131997654	-0.005892751915144248	0.012374779021803234	62245525
2022-01-19	-0.0052386495925494676	-0.004656577415599435	0.012805587892898653	-0.008731082654249045	-0.0052386495925494676	61009576
2022-01-20	-0.017554125219426606	-0.005266237565827961	-0.0011702750146284128	-0.03569338794616732	-0.017554125219426606	81294859
2022-01-21	-0.030375223347230376	-0.008338296605122131	-0.005955926146515657	-0.03990470518165564	-0.030375223347230376	75415649
2022-01-24	0.0030712530712528963	-0.0049140049140050275	0.009828009828009836	-0.01289926289926295	0.0030712530712528963	37171624
2022-01-25	-0.0410287813839558	-0.007960808328230191	-0.001224739742804628	-0.0410287813839558	-0.0410287813839558	66095963
2022-01-26	0.023627075351213344	0.012132822477650032	0.0344827586206896	0.008301404853128927	0.023627075351213344	55912092
2022-01-27	-0.026824703680598968	-0.0031191515907673553	0.0018714909544602358	-0.028072364316905865	-0.026824703680598968	54212441
2022-01-28	-0.0064102564102563875	0.0064102564102563875	0.01153846153846152	-0.0153846153846154	-0.0064102564102563875	49376685
2022-02-07	0.018709677419354784	0.016129032258064516	0.024516129032258114	0.010322580645161299	0.018709677419354784	47298059
2022-02-08	0.014566181127295784	0.0006333122229260015	0.016466117796073564	-0.0063331222292590025	0.014566181127295784	55481331
2022-02-09	0.0031210986267166487	0.0006242197253434184	0.007490636704119913	-0.005617977528089879	0.0031210986267166487	52597771
2022-02-10	0.0006222775357808345	0.0	0.0062227753578096715	-0.006845052893590506	0.0006222775357808345	45752078
2022-02-11	-0.021144278606965057	-0.000621890547263558	-0.000621890547263558	-0.02363184079601984	-0.021144278606965057	58194986
2022-02-14	-0.031130876747141056	-0.012706480304955595	-0.011435832274459956	-0.03684879288437103	-0.031130876747141056	75698048
2022-02-15	0.007213114754098323	0.0019672131147540563	0.011803278688524571	-0.0059016393442622855	0.007213114754098323	46611924
2022-02-16	0.013020833333333403	0.005208333333333338	0.01953125000000005	0.002604166666666727	0.013020833333333403	51882692
2022-02-17	-0.0019280205655527723	-0.0038560411311054305	0.002570694087403544	-0.010282776349614406	-0.0019280205655527723	38043870
2022-02-18	0.007083065035415404	-0.008370895041854412	0.007083065035415404	-0.014166130070830578	0.007083065035415404	38123881
2022-02-21	-0.003836317135549904	-0.002557544757033307	-0.002557544757033307	-0.014705882352941204	-0.003836317135549904	35538539
2022-02-22	-0.019255455712451908	-0.009627727856225954	-0.007060333761232313	-0.024390243902439074	-0.019255455712451908	49713443
2022-02-23	0.02421465968586394	0.007853403141361322	0.02486910994764403	0.007198952879581231	0.02421465968586394	58786943
2022-02-24	-0.021086261980830676	-0.009584664536741236	0.017891373801916893	-0.0338658146964857	-0.021086261980830676	93176346
2022-02-25	0.004569190600522212	0.00652741514360311	0.018276762402088732	0.0006527415143602993	0.004569190600522212	46594256
2022-02-28	-0.01494476933073427	-0.005847953216374259	-0.005847953216374259	-0.02469135802469141	-0.01494476933073427	59988723
2022-03-01	0.01517150395778367	0.0032981530343008385	0.017810026385224244	0.0032981530343008385	0.01517150395778367	45940215
2022-03-02	-0.014294996751137143	-0.00909681611436001	-0.008447043534762883	-0.018843404808317147	-0.014294996751137143	49768836
2022-03-03	0.014502307185234056	0.0	0.01911667765326308	-0.019775873434410066	0.014502307185234056	123493859
2022-03-04	-0.020792722547108528	-0.014294996751137143	-0.009746588693957137	-0.022742040285900027	-0.020792722547108528	51587776
2022-03-07	-0.03516921035169218	-0.007962840079628466	-0.007962840079628466	-0.037823490378234924	-0.03516921035169218	66664667
2022-03-08	-0.04676753782668499	0.0	0.00412654745529577	-0.05639614855570829	-0.04676753782668499	79384532
2022-03-09	-0.02886002886002876	0.004329004329004365	0.013708513708513802	-0.07287157287157287	-0.02886002886002876	79238242
2022-03-10	0.02005943536404157	0.022288261515601704	0.03194650817236253	0.015601783060921179	0.02005943536404157	54196982
2022-03-11	0.00728332119446465	-0.01456664238892943	0.010196649672250459	-0.025491624180626338	0.00728332119446465	47393648
2022-03-14	-0.026753434562545135	-0.010845986984815644	0.010122921185827952	-0.026753434562545135	-0.026753434562545135	39932941
2022-03-15	-0.06092124814264489	-0.001485884101040219	-0.001485884101040219	-0.06463595839524525	-0.06092124814264489	81570846
2022-03-16	0.030063291139240427	0.018987341772151913	0.03560126582278475	-0.026107594936708865	0.030063291139240427	69771308
2022-03-17	0.029953917050691288	0.029185867895545375	0.04685099846390178	0.012288786482334882	0.029953917050691288	78186487
2022-03-18	0.006711409395973144	-0.008202833706189369	0.010439970171513838	-0.011931394481730064	0.006711409395973144	52656927
2022-03-21	0.002222222222222175	0.005925925925925931	0.018518518518518517	-0.009629629629629688	0.002222222222222175	49087110
2022-03-22	0.016260162601626063	-0.0044345898004433644	0.02586844050258695	-0.009608277900960754	0.016260162601626063	59278308
2022-03-23	0.029818181818181827	0.04000000000000005	0.059636363636363654	0.023272727272727292	0.029818181818181827	107188687
2022-03-24	-0.010593220338983076	-0.004237288135593255	0.026836158192090325	-0.015536723163841852	-0.010593220338983076	78680298
2022-03-25	-0.02997858672376873	-0.006423982869379005	-0.0028551034975017237	-0.030692362598144163	-0.02997858672376873	64890393
2022-03-28	-0.00588668138337013	-0.00883002207505513	0.0029433406916851306	-0.027225901398086772	-0.00588668138337013	40004479
2022-03-29	-0.013323464100666153	0.002960769800148107	0.006661732050333076	-0.014063656550703147	-0.013323464100666153	29755696
2022-03-30	0.02625656414103523	0.012003000750187558	0.02625656414103523	0.006751687921980484	0.02625656414103523	39817641
2022-03-31	-0.024122807017543865	-0.012426900584795317	-0.010233918128655012	-0.024853801169590635	-0.024122807017543865	45722323
2022-04-01	0.007490636704119823	-0.01273408239700374	0.008988764044943896	-0.019475655430711596	0.007490636704119823	37331374
2022-04-06	-0.004460966542750834	0.0	0.005204460966542772	-0.015613382899628185	-0.004460966542750834	44649892
2022-04-07	-0.031366691560866314	-0.005227781926811074	0.0029873039581776806	-0.03211351755041073	-0.031366691560866314	57638554
2022-04-08	0.024672320740169507	0.008481110254433263	0.034695451040863474	-0.016962220508866664	0.024672320740169507	71392965
2022-04-11	-0.05191873589164782	-0.006772009029345362	0.0	-0.05643340857787811	-0.05191873589164782	70969132
2022-04-12	0.014285714285714263	-0.0007936507936507767	0.016666666666666736	-0.021428571428571394	0.014285714285714263	52784880
2022-04-13	-0.014866979655712011	-0.008607198748043774	0.0015649452269171635	-0.025039123630672813	-0.014866979655712011	32310880
2022-04-14	0.01032565528196988	0.007148530579825247	0.019857029388403495	0.0	0.01032565528196988	37400215
2022-04-15	-0.0055031446540880725	-0.009433962264151021	0.005503144654087933	-0.014150943396226532	-0.0055031446540880725	32518792
2022-04-18	-0.026086956521739136	-0.005533596837944687	-0.005533596837944687	-0.030039525691699667	-0.026086956521739136	54679926
2022-04-19	0.008116883116883088	0.002435064935064883	0.044642857142857054	0.0	0.008116883116883088	64914128
2022-04-20	-0.009661835748792208	0.004830917874396175	0.005636070853462181	-0.016103059581320394	-0.009661835748792208	46382233
2022-04-21	-0.03983739837398376	-0.004878048780487845	-0.004878048780487845	-0.043089430894309035	-0.03983739837398376	60326575
2022-04-22	-0.004233700254022075	-0.009314140558848535	0.007620660457239615	-0.03556308213378492	-0.004233700254022075	49751032
2022-04-25	-0.08673469387755099	-0.02295918367346935	-0.02295918367346935	-0.08928571428571419	-0.08673469387755099	79839765
2022-04-26	-0.012104283054003797	0.002793296089385415	0.02886405959031662	-0.014897579143389213	-0.012104283054003797	73448470
2022-04-27	0.024505183788878396	-0.010367577756833123	0.02544769085768156	-0.025447690857681393	0.024505183788878396	71504753
2022-04-28	-0.0018399264029438432	-0.010119595216191301	0.017479300827967	-0.017479300827966837	-0.0018399264029438432	61330810
2022-04-29	0.031336405529953905	0.013824884792626762	0.03963133640552993	0.0018433179723501912	0.031336405529953905	71907146
2022-05-05	-0.009830205540661255	-0.016085790884718475	0.0026809651474531846	-0.02502234137622872	-0.009830205540661255	63342081
2022-05-06	-0.032490974729241826	-0.025270758122743625	-0.02256317689530686	-0.03700361010830326	-0.032490974729241826	48214540
2022-05-09	-0.008395522388059688	-0.0009328358208955024	0.011194029850746195	-0.012126865671641862	-0.008395522388059688	31593642
2022-05-10	0.0047036688617120345	-0.017873941674506233	0.00846660395108183	-0.03951081843838193	0.0047036688617120345	54322994
2022-05-11	0.011235955056179869	-0.0018726591760299227	0.03558052434456936	-0.004681647940074807	0.011235955056179869	64324110
2022-05-12	-0.00925925925925939	-0.00833333333333332	-0.0009259259259260706	-0.021296296296296334	-0.00925925925925939	40837160
2022-05-13	0.019626168224299148	0.002803738317757116	0.028037383177570162	-0.0009345794392523165	0.019626168224299148	59954954
2022-05-16	-0.009165902841429848	0.005499541704857974	0.011915673693858753	-0.012832263978001884	-0.009165902841429848	39338972
2022-05-17	0.04532839962997227	0.0	0.0638297872340425	-0.010175763182238779	0.04532839962997227	119768221
2022-05-18	0.012389380530973344	-0.008849557522124019	0.025663716814159215	-0.012389380530973501	0.012389380530973344	98959568
2022-05-19	0.0017482517482518664	-0.018356643356643276	0.0034965034965035776	-0.021853146853146856	0.0017482517482518664	62486342
2022-05-20	0.024432809773123853	0.03752181500872598	0.04363001745200698	0.005235602094240726	0.024432809773123853	85983030
2022-05-23	-0.0034071550255537412	-0.001703577512776795	0.007666098807495729	-0.016183986371379855	-0.0034071550255537412	56066417
2022-05-24	-0.011111111111111027	0.0025641025641026612	0.03247863247863255	-0.0128205128205127	-0.011111111111111027	108964345
2022-05-25	0.009507346585998222	-0.0008643042350907335	0.011235955056179688	-0.007778738115816755	0.009507346585998222	47705767
2022-05-26	0.010273972602739812	0.0	0.023972602739726127	-0.01455479452054794	0.010273972602739812	59650782
2022-05-27	-0.006779661016949158	0.002542372881355878	0.013559322033898317	-0.013559322033898317	-0.006779661016949158	50459758
2022-05-30	0.00938566552901019	0.00597269624573366	0.017918088737201285	-0.003412969283276529	0.00938566552901019	49409854
2022-05-31	0.023668639053254385	0.00422654268808121	0.028740490278951807	-0.00422654268808121	0.023668639053254385	83301520
2022-06-01	-0.0057803468208092726	-0.0024772914946324825	0.009909165978530223	-0.013212221304706865	-0.0057803468208092726	54328977
2022-06-02	0.014119601328903797	-0.0024916943521594154	0.01744186046511635	-0.007475083056478394	0.014119601328903797	54671189
2022-06-06	0.001638001638001603	0.0	0.004914004914004809	-0.009009009009009108	0.001638001638001603	53765100
2022-06-07	-0.017988552739166035	0.0	0.000817661488143891	-0.02616516762060509	-0.017988552739166035	66600694
2022-06-08	0.004995836802664488	-0.0008326394671107233	0.006661115736885935	-0.020815986677768527	0.004995836802664488	58683547
2022-06-09	-0.01739850869925442	0.008285004142502042	0.01077050538525261	-0.020712510356255178	-0.01739850869925442	52368833
2022-06-10	0.02445193929173701	-0.006745362563237781	0.027824620573355826	-0.008431703204047188	0.02445193929173701	59922730
2022-06-13	0.0411522633744856	-0.004938271604938312	0.06995884773662549	-0.00823045267489709	0.0411522633744856	148657197
2022-06-14	0.015019762845849762	-0.009486166007905217	0.01581027667984184	-0.030039525691699667	0.015019762845849762	91620736
2022-06-15	-0.007009345794392512	0.0007788161993769304	0.017133956386292885	-0.010903426791277303	-0.007009345794392512	101087973
2022-06-16	-0.017254901960784365	0.002352941176470538	0.012549019607843149	-0.02196078431372544	-0.017254901960784365	67119870
2022-06-17	0.008778930566640161	-0.00957701516360728	0.014365522745411134	-0.01276935355147647	0.008778930566640161	46526985
2022-06-20	-0.004746835443038014	0.004746835443037873	0.0102848101265822	-0.0071202531645569505	-0.004746835443038014	47213839
2022-06-21	-0.004769475357710691	0.00158982511923685	0.0031796502384737	-0.01987281399046105	-0.004769475357710691	48328549
2022-06-22	-0.029552715654952016	0.0	0.006389776357827482	-0.03354632587859425	-0.029552715654952016	63139016
2022-06-23	0.03786008230452667	-0.0008230452674896944	0.04362139917695468	-0.0008230452674896944	0.03786008230452667	84877976
2022-06-24	-0.0015860428231561914	-0.0007930214115780957	0.0031720856463125237	-0.012688342585249814	-0.0015860428231561914	54523462
2022-06-27	0.005559968228753001	0.004765687053216878	0.014297061159650494	-0.003971405877680755	0.005559968228753001	64263615
2022-06-28	0.019747235387045814	0.0	0.02606635071090048	-0.004739336492891035	0.019747235387045814	80198431
2022-06-29	-0.030983733539891586	-0.0015491866769945448	-0.0007745933384972724	-0.0333075135553834	-0.030983733539891586	68423509
2022-06-30	-0.0031974420463628415	-0.0007993605115907104	0.005595523581135115	-0.008792965627497956	-0.0031974420463628415	49696012
2022-07-01	0.031275060144346334	0.0016038492381715776	0.04089815557337608	-0.005613472333600664	0.031275060144346334	91207316
2022-07-04	-0.013219284603421456	-0.01166407465007765	-0.006220839813374812	-0.018662519440124436	-0.013219284603421456	55501147
2022-07-05	-0.020488573680063026	0.004728132387706896	0.00630417651694248	-0.03388494877856578	-0.020488573680063026	71628576
2022-07-06	-0.023330651649235652	-0.0008045052292839732	-0.0008045052292839732	-0.03137570394207567	-0.023330651649235652	51359350
2022-07-07	0.03871499176276762	0.0032948929159801604	0.05436573311367381	-0.0032948929159803066	0.03871499176276762	81624235
2022-07-08	0.024583663758921532	0.0007930214115780957	0.05313243457573354	0.0007930214115780957	0.024583663758921532	146187571
2022-07-11	-0.036377708978328226	0.0030959752321982137	0.0030959752321982137	-0.04411764705882355	-0.036377708978328226	83515439
2022-07-12	-0.019277108433734817	-0.0008032128514056054	0.004016064257028169	-0.019277108433734817	-0.019277108433734817	41910379
2022-07-13	0.0024570024570024045	0.0008190008190008015	0.00819000819000816	-0.006552006552006558	0.0024570024570024045	38396328
2022-07-14	0.009803921568627387	0.0008169934640522702	0.02124183006535946	-0.011437908496732072	0.009803921568627387	52555917
2022-07-15	-0.04045307443365696	-0.02427184466019409	-0.01860841423948209	-0.04045307443365696	-0.04045307443365696	80875563
2022-07-18	0.027824620573355826	-0.0033726812816188153	0.029510961214165382	-0.004215851602023519	0.027824620573355826	42927373
2022-07-19	0.010664479081214175	0.0	0.03199343724364238	-0.0024610336341262806	0.010664479081214175	47514822
2022-07-20	-0.0024350649350650274	0.0056818181818182045	0.011363636363636409	-0.008116883116883088	-0.0024350649350650274	29504974
2022-07-21	-0.007323026851098443	-0.0024410089503660993	0.0048820179007323435	-0.011391375101708609	-0.007323026851098443	32339330
2022-07-22	-0.0024590163934425707	0.005737704918032811	0.018032786885245955	-0.012295081967212998	-0.0024590163934425707	34891997
2022-07-25	-0.01396877567789646	0.0	0.0	-0.01807723911257195	-0.01396877567789646	37484046
2022-07-26	0.0024999999999999467	0.0	0.005000000000000042	-0.010833333333333398	0.0024999999999999467	26577530
2022-07-27	-0.0049875311720697195	0.0008312551953449532	0.004156275976724914	-0.0066500415627597734	-0.0049875311720697195	24141163
2022-07-28	0.010860484544694987	0.005012531328320695	0.020050125313283224	0.0041771094402672454	0.010860484544694987	32939431
2022-07-29	-0.01074380165289248	0.004132231404958737	0.01322314049586778	-0.011570247933884198	-0.01074380165289248	33912632
2022-08-01	0.013366750208855483	-0.005012531328320843	0.021720969089390123	-0.014202172096908933	0.013366750208855483	43627241
2022-08-02	-0.04616652926628198	-0.010717230008244087	-0.010717230008244087	-0.05523495465787303	-0.04616652926628198	60811199
2022-08-03	-0.005185825410544555	-0.004321521175453821	0.029386343993085554	-0.007778738115816755	-0.005185825410544555	46456843
2022-08-04	0.0069504778453518745	0.008688097306689804	0.01563857515204168	-0.005212858384013945	0.0069504778453518745	29680959
2022-08-05	0.018981880931837846	0.0	0.023295944779982706	-0.0008628127696289721	0.018981880931837846	36636085
2022-08-08	0.00677392040643523	-0.0008467400508043849	0.009314140558848385	-0.00677392040643523	0.00677392040643523	23647195
2022-08-09	0.0008410428931875346	0.0008410428931875346	0.016820857863750992	0.0	0.0008410428931875346	28088856
2022-08-10	-0.010924369747899225	-0.005042016806722731	0.0033613445378150543	-0.01428571428571428	-0.010924369747899225	28286880
2022-08-11	0.019541206457094343	0.006796941376380635	0.021240441801189464	0.0	0.019541206457094343	37963889
2022-08-12	-0.0033333333333332624	-0.0016666666666666312	0.004166666666666726	-0.005000000000000042	-0.0033333333333332624	22017036
2022-08-15	-0.0008361204013379233	0.0	0.006688963210702198	-0.00752508361204027	-0.0008361204013379233	26943888
2022-08-16	-0.0066945606694560735	-0.004184100418409953	0.0016736401673641298	-0.009205020920502046	-0.0066945606694560735	27616655
2022-08-17	0.010109519797809689	-0.002527379949452347	0.010109519797809689	-0.01347935973041267	0.010109519797809689	39171603
2022-08-18	-0.018348623853211062	-0.004170141784820743	-0.003336113427856624	-0.02168473728106754	-0.018348623853211062	32884132
2022-08-19	-0.011045029736618438	0.001699235344095121	0.001699235344095121	-0.011894647408665998	-0.011045029736618438	28918584
2022-08-22	0.005154639175257622	-0.0008591065292096037	0.006872852233676982	-0.012027491408934755	0.005154639175257622	26907188
2022-08-23	-0.009401709401709354	-0.005982905982905856	-0.003418803418803346	-0.01025641025641019	-0.009401709401709354	22954085
2022-08-24	-0.021570319240724764	0.0	0.004314063848145014	-0.02502157031924065	-0.021570319240724764	40622065
2022-08-25	0.0035273368606702753	0.0	0.008818342151675453	-0.012345679012345729	0.0035273368606702753	23515429
2022-08-26	0.0035149384885763747	-0.008787346221441249	0.023725834797890998	-0.01142355008787353	0.0035149384885763747	44190352
2022-08-29	0.01751313485113829	-0.008756567425569146	0.025394045534150693	-0.011383537653239998	0.01751313485113829	46074125
2022-08-30	-0.012908777969018811	-0.008605851979345925	-0.0017211703958691545	-0.014629948364888118	-0.012908777969018811	25300605
2022-08-31	0.013949433304272025	-0.0026155187445511016	0.024411508282475968	-0.019180470793374073	0.013949433304272025	46145645
2022-09-01	-0.011177987962166876	0.0	0.006018916595012769	-0.012037833190025844	-0.011177987962166876	26376434
2022-09-02	-0.0026086956521738573	0.0026086956521738573	0.011304347826087024	-0.009565217391304299	-0.0026086956521738573	21595720
2022-09-05	0.003487358326067929	-0.0008718395815169823	0.008718395815169977	-0.0069747166521360125	0.003487358326067929	20430460
2022-09-06	0.00781928757602084	0.006081668114682909	0.011294526498696854	0.002606429192006895	0.00781928757602084	22677003
2022-09-07	-0.009482758620689606	0.0	0.0	-0.011206896551724053	-0.009482758620689606	21014811
2022-09-08	0.0017406440382941317	0.0	0.020017406440382978	-0.0017406440382941317	0.0017406440382941317	29224183
2022-09-09	0.004344048653344979	0.005212858384013945	0.006081668114682909	-0.00781928757602084	0.004344048653344979	24544428
2022-09-13	0.0017301038062283367	0.0	0.007785467128027669	-0.0017301038062284904	0.0017301038062283367	20663915
2022-09-14	-0.02417962003454226	-0.011226252158894714	-0.010362694300518067	-0.02417962003454226	-0.02417962003454226	30575721
2022-09-15	-0.009734513274336389	0.007964601769911492	0.007964601769911492	-0.01946902654867262	-0.009734513274336389	36024168
2022-09-16	-0.04110813226094719	-0.012511170688114281	-0.003574620196604035	-0.04110813226094719	-0.04110813226094719	40464349
2022-09-19	-0.012115563839701844	0.0	0.007455731593662635	-0.020503261882572288	-0.012115563839701844	21654984
2022-09-20	0.0009433962264150743	0.008490566037735837	0.011320754716981227	-0.0009433962264150743	0.0009433962264150743	13278452
2022-09-21	0.005655042412818143	-0.002827521206408988	0.013195098963242278	-0.018850141376060253	0.005655042412818143	19758634
2022-09-22	-0.015932521087160256	-0.0056232427366448455	-0.0009372071227741132	-0.01686972820993437	-0.015932521087160256	18145166
2022-09-23	-0.015238095238095252	0.0009523809523809321	0.005714285714285762	-0.023809523809523808	-0.015238095238095252	23080982
2022-09-26	-0.024177949709864605	-0.008704061895551243	-0.0009671179883945635	-0.02611218568665373	-0.024177949709864605	24314148
2022-09-27	0.008919722497522285	-0.0029732408325073697	0.010901883052527199	-0.010901883052527199	0.008919722497522285	28348214
2022-09-28	-0.041257367387033395	-0.0029469548133594656	-0.0029469548133594656	-0.041257367387033395	-0.041257367387033395	47216260
2022-09-29	-0.016393442622950834	0.008196721311475417	0.013319672131147622	-0.017418032786885237	-0.016393442622950834	43031847
2022-09-30	0.002083333333333289	-0.0010416666666666445	0.013541666666666749	-0.002083333333333289	0.002083333333333289	28145779
2022-10-10	-0.03326403326403311	-0.002079002079002035	0.0051975051975052715	-0.03742203742203737	-0.03326403326403311	33639379
2022-10-11	0.0	0.0	0.010752688172042972	-0.002150537634408747	0.0	24066201
2022-10-12	0.02473118279569878	0.001075268817204278	0.02473118279569878	-0.021505376344086134	0.02473118279569878	43189077
2022-10-13	-0.01888772298006293	-0.004197271773347235	-0.004197271773347235	-0.020986358866736547	-0.01888772298006293	47158709
2022-10-14	0.03101604278074876	0.007486631016042812	0.03850267379679157	0.006417112299465294	0.03101604278074876	54212678
2022-10-17	0.01452282157676336	-0.004149377593361091	0.01867219917012445	-0.007261410788381772	0.01452282157676336	32644508
2022-10-18	-0.002044989775051081	0.0030674846625768034	0.01124744376278131	-0.004089979550102162	-0.002044989775051081	31635728
2022-10-19	-0.0061475409836066084	0.0010245901639344044	0.014344262295082027	-0.0061475409836066084	-0.0061475409836066084	28525856
2022-10-20	-0.006185567010309147	-0.004123711340206098	0.007216494845360855	-0.01546391752577305	-0.006185567010309147	30562283
2022-10-21	-0.013485477178423317	-0.004149377593361091	0.0	-0.017634854771784225	-0.013485477178423317	22055249
2022-10-24	-0.02944269190325966	0.0021030494216613643	0.01156677181913769	-0.032597266035751894	-0.02944269190325966	37298947
2022-10-25	0.01625135427952333	0.0	0.02275189599133251	-0.011917659804983879	0.01625135427952333	32208148
2022-10-26	0.007462686567164019	0.0010660980810234314	0.01705756929637509	0.0	0.007462686567164019	30215476
2022-10-27	0.014814814814814876	0.005291005291005366	0.026455026455026457	0.0	0.014814814814814876	38005339
2022-10-28	-0.04066736183524511	0.0010427528675703635	0.0010427528675703635	-0.042752867570385836	-0.04066736183524511	40233425
2022-10-31	-0.013043478260869481	-0.009782608695652159	0.009782608695652159	-0.020652173913043425	-0.013043478260869481	35419776
2022-11-01	0.06607929515418498	0.0033039647577091805	0.06718061674008804	0.0022026431718061203	0.06607929515418498	61679438
2022-11-02	0.007231404958677716	-0.0010330578512396473	0.017561983471074374	-0.005165289256198237	0.007231404958677716	43123578
2022-11-03	0.004102564102564015	-0.007179487179487209	0.014358974358974418	-0.012307692307692228	0.004102564102564015	35658705
2022-11-04	0.027579162410623224	0.007150153217568978	0.04494382022471924	0.003064351378958237	0.027579162410623224	63185913
2022-11-07	-0.004970178926441422	-0.002982107355864924	0.0029821073558647473	-0.011928429423459343	-0.004970178926441422	31934693
2022-11-08	-0.0059940059940060434	0.003996003996004088	0.003996003996004088	-0.016983016983016977	-0.0059940059940060434	26126523
2022-11-09	-0.0010050251256281193	0.0010050251256282978	0.007035175879397014	-0.0030150753768843582	-0.0010050251256281193	18644919
2022-11-10	-0.002012072434607603	-0.009054325955734393	0.002012072434607782	-0.0140845070422534	-0.002012072434607603	18248318
2022-11-11	0.029233870967742027	0.023185483870967784	0.03427419354838708	0.009072580645161275	0.029233870967742027	55758319
2022-11-14	0.026444662095984284	0.00097943192948088	0.03819784524975502	0.00097943192948088	0.026444662095984284	64181485
2022-11-15	0.0019083969465648447	0.0	0.007633587786259549	-0.009541984732824393	0.0019083969465648447	32862876
2022-11-16	-0.007619047619047626	0.0028571428571427964	0.005714285714285762	-0.011428571428571354	-0.007619047619047626	23558939
2022-11-17	-0.005758157389635365	-0.004798464491362832	0.004798464491362832	-0.016314779270633392	-0.005758157389635365	29522563
2022-11-18	-0.0019305019305018896	0.0009652509652509448	0.01351351351351357	-0.004826254826254724	-0.0019305019305018896	21911054
2022-11-21	-0.0029013539651836905	-0.003868471953578254	0.001934235976789127	-0.01837524177949705	-0.0029013539651836905	22418496
2022-11-22	0.007759456838021345	0.012609117361784578	0.02133850630455857	-0.0019398642095054654	0.007759456838021345	34167279
2022-11-23	-0.0028873917228105037	0.0009624639076034443	0.010587102983638057	-0.003849855630413948	-0.0028873917228105037	26405306
2022-11-24	0.0028957528957530058	0.008687258687258673	0.014478764478764514	0.0	0.0028957528957530058	17453831
2022-11-25	0.02021174205967267	-0.004812319538017393	0.025024061597690064	-0.0067372473532242814	0.02021174205967267	45788713
2022-11-28	-0.02169811320754721	-0.015094339622641523	-0.010377358490565985	-0.03113207547169812	-0.02169811320754721	32339554
2022-11-29	0.023143683702989415	0.0009643201542913755	0.023143683702989415	0.0009643201542913755	0.023143683702989415	38517028
2022-11-30	0.011310084825636287	0.0	0.019792648444863416	-0.0037700282752119838	0.011310084825636287	45968652
2022-12-01	0.004659832246039043	0.013047530288909487	0.030754892823858345	0.002795899347623426	0.004659832246039043	48760318
2022-12-02	-0.020408163265306017	-0.0055658627087197335	0.004638218923933276	-0.025046382189239293	-0.020408163265306017	45288926
2022-12-05	0.029356060606060483	0.003787878787878707	0.035037878787878715	0.003787878787878707	0.029356060606060483	43595148
2022-12-06	0.007359705611775536	0.00367985280588785	0.014719411223551072	-0.0018399264029438432	0.007359705611775536	36980310
2022-12-07	-0.011872146118721371	-0.004566210045662003	0.0018264840182649635	-0.01917808219178074	-0.011872146118721371	29740229
2022-12-08	0.0018484288354897942	0.0009242144177448971	0.009242144177449136	-0.005545286506469547	0.0018484288354897942	22380420
2022-12-09	0.006457564575645783	0.0	0.008302583025830245	-0.006457564575645783	0.006457564575645783	26254650
2022-12-12	-0.013748854262144854	0.0	0.0	-0.01649862511457376	-0.013748854262144854	30262746
2022-12-13	0.007434944237918222	0.0027881040892192713	0.012081784386617174	0.0009293680297397572	0.007434944237918222	23104683
2022-12-14	0.008302583025830245	-0.0009225092250922313	0.025830258302582967	-0.003690036900368925	0.008302583025830245	33273526
2022-12-15	-0.010064043915827945	-0.002744739249771213	0.002744739249771376	-0.016468435498627605	-0.010064043915827945	26136674
2022-12-16	0.0	-0.010166358595194032	0.0073937153419593405	-0.010166358595194032	0.0	20248829
2022-12-19	-0.02033271719038823	0.0036968576709795883	0.012014787430683826	-0.024029574861367815	-0.02033271719038823	30180310
2022-12-20	-0.007547169811320762	0.0	0.0037735849056604646	-0.013207547169811207	-0.007547169811320762	22624194
2022-12-21	-0.00665399239543729	-0.000950570342205303	0.003802281368821381	-0.011406844106463804	-0.00665399239543729	17837527
2022-12-22	0.0019138755980862537	0.006698564593301463	0.017224880382775264	-0.0019138755980860837	0.0019138755980862537	19069039
2022-12-23	-0.015281757402101255	-0.00668576886341932	0.0	-0.02005730659025796	-0.015281757402101255	18535406
2022-12-26	-0.0019398642095054654	0.0019398642095052932	0.008729388942773992	-0.006789524733268698	-0.0019398642095054654	16051864
2022-12-27	0.007774538386783292	0.0	0.011661807580175024	-0.0038872691933915598	0.007774538386783292	17021911
2022-12-28	-0.021215043394406836	0.0	0.0	-0.02217936354869804	-0.021215043394406836	25626722
2022-12-29	-0.0019704433497536524	-0.00394088669950748	0.0029556650246304788	-0.011822660098522265	-0.0019704433497536524	18834634
2022-12-30	0.004935834155972253	0.006910167818361155	0.017769002961500465	0.0009871668311944508	0.004935834155972253	17651697
2023-01-03	0.008840864440078571	0.0	0.009823182711198393	-0.011787819253438038	0.008840864440078571	27079220
2023-01-04	0.011684518013632034	0.0009737098344693075	0.01655306718597857	-0.001947419668938615	0.011684518013632034	25143560
2023-01-05	0.029836381135707288	0.0038498556304137773	0.03176130895091435	0.0019249278152068886	0.029836381135707288	50557734
2023-01-06	-0.004672897196261583	-0.001869158878504633	0.004672897196261749	-0.011214953271027965	-0.004672897196261583	22853094
2023-01-09	0.020657276995305056	0.011267605633802743	0.023474178403755867	0.005633802816901455	0.020657276995305056	33580963
2023-01-10	-0.012879484820607065	-0.0018399264029438432	0.0	-0.015639374425022994	-0.012879484820607065	26388983
2023-01-11	-0.004659832246039209	0.0	0.007455731593662635	-0.007455731593662635	-0.004659832246039209	17753100
2023-01-12	0.006554307116104895	0.0018726591760299227	0.011235955056179869	-0.0009363295880149613	0.006554307116104895	18389917
2023-01-13	0.0167441860465116	0.0018604651162790302	0.0167441860465116	-0.0009302325581395151	0.0167441860465116	32079824
2023-01-16	0.003659652333028447	0.004574565416285518	0.017383348581884676	-0.002744739249771213	0.003659652333028447	36900436
2023-01-17	-0.002734731084776767	0.0009115770282588683	0.0054694621695532105	-0.008204193254329977	-0.002734731084776767	21499447
2023-01-18	0.0009140767824497064	0.0027422303473492813	0.011882998171846506	-0.0036563071297988255	0.0009140767824497064	19219305
2023-01-19	0.00913242009132433	0.000913242009132563	0.010045662100456732	-0.008219178082191768	0.00913242009132433	25675603
2023-01-20	0.001809954751131183	0.001809954751131183	0.0045248868778279576	-0.004524886877828118	0.001809954751131183	22285835
2023-01-30	0.015356820234869008	0.01626016260162599	0.023486901535682003	0.006323396567299032	0.015356820234869008	47201614
2023-01-31	-0.0026690391459074166	0.0	0.009786476868327352	-0.005338078291814991	-0.0026690391459074166	33427948
2023-02-01	0.025869759143621687	0.003568242640499478	0.025869759143621687	0.002676181980374608	0.025869759143621687	43418171
2023-02-02	-0.004347826086956583	0.0060869565217391555	0.013043478260869596	-0.0060869565217391555	-0.004347826086956583	40862680
2023-02-03	0.011353711790393082	-0.004366812227074143	0.019213973799126694	-0.020960698689956196	0.011353711790393082	57833369
2023-02-06	0.008635578583765081	0.0034542314335059715	0.03367875647668399	-0.013816925734024191	0.008635578583765081	87950933
2023-02-07	0.012842465753424688	0.0	0.017979452054794592	0.0	0.012842465753424688	41290183
2023-02-08	0.007607776838546057	0.0033812341504648475	0.018596787827557113	-0.008453085376162269	0.007607776838546057	50346588
2023-02-09	-0.01342281879194632	-0.0016778523489932528	-0.0008389261744966264	-0.018456375838926228	-0.01342281879194632	60768274
2023-02-10	-0.0008503401360544036	-0.005102040816326573	0.004251700680272169	-0.010204081632652994	-0.0008503401360544036	27471116
2023-02-13	0.05276595744680845	0.002553191489361648	0.0740425531914893	0.0008510638297872159	0.05276595744680845	147841516
2023-02-14	0.0032336297493937693	0.0016168148746969564	0.012126111560226383	-0.007275666936135802	0.0032336297493937693	51296804
2023-02-15	0.0024174053182916488	0.0	0.01933924254633362	-0.0008058017727638829	0.0024174053182916488	49989450
2023-02-16	-0.025723472668810313	0.0	0.0024115755627010563	-0.03456591639871381	-0.025723472668810313	47452463
2023-02-17	0.009900990099009984	0.0033003300330033767	0.02805280528052819	0.0024752475247525694	0.009900990099009984	50003240
2023-02-20	0.05473856209150326	0.03758169934640515	0.07107843137254896	0.02369281045751627	0.05473856209150326	178248754
2023-02-21	0.005422153369481045	-0.0007745933384972724	0.020914020139426767	-0.006196746707978317	0.005422153369481045	76224036
2023-02-22	-0.01155624036979972	-0.0077041602465331	-0.004622496147919915	-0.02311248073959944	-0.01155624036979972	56501502
2023-02-23	-0.01091192517537027	-0.0007794232268121424	0.00701480904130942	-0.01091192517537027	-0.01091192517537027	43420170
2023-02-24	-0.01260835303388496	0.0007880220646177925	0.004728132387706896	-0.016548463356973922	-0.01260835303388496	40766250
2023-02-27	-0.01356743814844373	-0.003192338387869046	-0.0007980845969672616	-0.017557861133280037	-0.01356743814844373	40626972
2023-02-28	0.00647249190938512	0.0016181229773463877	0.008090614886731507	-0.007281553398058241	0.00647249190938512	28952219
2023-03-01	0.0024115755627010563	0.0016077170418007517	0.010450160771704244	-0.008842443729903492	0.0024115755627010563	39635624
2023-03-02	0.00882117080994382	-0.00160384923817172	0.0264635124298316	-0.002405773857257509	0.00882117080994382	44860450
2023-03-03	-0.006359300476947541	0.000794912559618425	0.005564387917329116	-0.014308426073131934	-0.006359300476947541	29077883
2023-03-06	-0.025600000000000022	0.0031999999999999316	0.0031999999999999316	-0.03760000000000005	-0.025600000000000022	69241732
2023-03-07	-0.011494252873563265	-0.003284072249589421	0.012315270935960621	-0.012315270935960621	-0.011494252873563265	47032196
2023-03-08	-0.00581395348837197	-0.0024916943521594154	-0.0008305647840531385	-0.01411960132890365	-0.00581395348837197	37264510
2023-03-09	-0.005847953216374292	0.0041771094402672454	0.010025062656641538	-0.011695906432748584	-0.005847953216374292	27067832
2023-03-10	-0.025210084033613505	-0.005882352941176494	-0.005882352941176494	-0.02857142857142856	-0.025210084033613505	50458584
2023-03-13	0.0034482758620690453	-0.001724137931034446	0.010344827586206983	-0.008620689655172384	0.0034482758620690453	29323937
2023-03-14	0.0017182130584192073	-0.0008591065292096037	0.012886597938144208	-0.010309278350515549	0.0017182130584192073	39189299
2023-03-15	0.01629502572898795	0.006861063464837056	0.02658662092624361	0.0034305317324184515	0.01629502572898795	35094074
2023-03-16	-0.017721518987341693	-0.006751054852320681	-0.0016877637130801328	-0.022784810126582244	-0.017721518987341693	27560054
2023-03-17	0.0017182130584192073	0.01804123711340198	0.02147766323024055	-0.005154639175257774	0.0017182130584192073	35841543
2023-03-20	-0.008576329331046281	0.0	0.014579759862778725	-0.009433962264150894	-0.008576329331046281	38038985
2023-03-21	0.004325259515570842	0.0034602076124566734	0.008650519031141838	-0.005190311418685164	0.004325259515570842	24551019
2023-03-22	0.020671834625323016	0.006029285099052565	0.027562446167097354	0.0	0.020671834625323016	44135971
2023-03-23	-0.004219409282700332	-0.005063291139240548	0.0	-0.010126582278480947	-0.004219409282700332	26753282
2023-03-24	-0.0211864406779661	0.002542372881355878	0.00423728813559313	-0.037288135593220445	-0.0211864406779661	81221686
2023-03-27	0.03030303030303027	0.0008658008658008473	0.03290043290043281	-0.008658008658008781	0.03030303030303027	66063247
2023-03-28	0.026050420168067266	0.0	0.03361344537815129	0.0	0.026050420168067266	65117381
2023-03-29	0.011466011466011367	-0.000819000819000947	0.013923013923013917	-0.0032760032760033512	0.011466011466011367	51417411
2023-03-30	-0.006477732793522273	0.0008097165991902661	0.0008097165991902661	-0.024291497975708416	-0.006477732793522273	46018606
2023-03-31	0.027709861450692735	0.00814995925020372	0.03178484107579467	0.005704971475142648	0.027709861450692735	62612420
2023-04-03	0.007137192704203003	0.0031720856463125237	0.01744647105471853	-0.0007930214115780957	0.007137192704203003	51159837
2023-04-04	0.0007874015748032728	0.006299212598425203	0.007874015748031609	-0.007086614173228336	0.0007874015748032728	40934792
2023-04-06	-0.014948859166011115	-0.004720692368214044	0.002360346184106952	-0.024390243902439063	-0.014948859166011115	44437600
2023-04-07	-0.008785942492012734	0.0007987220447284176	0.0071884984025559	-0.009584664536741151	-0.008785942492012734	27483818
2023-04-10	-0.013698630136986295	0.0008058017727638829	0.005640612409347323	-0.01692183722804197	-0.013698630136986295	32471592
2023-04-11	0.006535947712418306	0.0008169934640522702	0.007352941176470577	-0.003267973856209226	0.006535947712418306	31558773
2023-04-12	-0.014610389610389588	0.0	0.0	-0.015422077922077882	-0.014610389610389588	37858661
2023-04-13	-0.028006589785831947	-0.0008237232289950401	0.0016474464579900802	-0.033772652388797376	-0.028006589785831947	56454839
2023-04-14	0.00423728813559313	0.005084745762711756	0.011016949152542288	-0.0025423728813560283	0.00423728813559313	31392208
2023-04-17	0.008438818565400814	0.0008438818565400664	0.012658227848101297	-0.004219409282700332	0.008438818565400814	32382230
2023-04-18	0.004184100418410101	-0.0008368200836819905	0.0066945606694560735	-0.0050209205020919434	0.004184100418410101	25763042
2023-04-19	-0.02833333333333332	-0.0016666666666666312	-0.0016666666666666312	-0.03166666666666673	-0.02833333333333332	45799766
2023-04-20	0.011149228130360121	0.006861063464837056	0.013722126929674111	-0.0008576329331046129	0.011149228130360121	29599272
2023-04-21	-0.029686174724342634	-0.0016963528413909733	0.003392705682782097	-0.035623409669211195	-0.029686174724342634	48097966
2023-04-24	-0.012237762237762132	0.0	0.005244755244755288	-0.01748251748251742	-0.012237762237762132	32573901
2023-04-25	-0.007079646017699121	0.001769911504424741	0.006194690265486593	-0.013274336283185872	-0.007079646017699121	26694746
2023-04-26	0.010695187165775331	-0.0026737967914439516	0.02049910873440273	-0.004456327985739814	0.010695187165775331	22831773
2023-04-27	-0.009700176366842983	-0.0017636684303350594	0.0008818342151675297	-0.015873015873015848	-0.009700176366842983	27019649
2023-04-28	0.025823686553873477	0.008904719501335676	0.02671415850400703	0.00623330365093502	0.025823686553873477	26848023
2023-05-04	0.09982638888888892	0.03472222222222225	0.09982638888888892	0.03472222222222225	0.09982638888888892	155177681
2023-05-05	0.01026045777426999	0.01973164956590371	0.031570639305445965	0.0	0.01026045777426999	144700073
2023-05-08	0.016406249999999928	-0.0015625000000001055	0.01953125	-0.0039062500000000555	0.016406249999999928	97747178
2023-05-09	-0.02997694081475792	-0.001537279016141397	-0.001537279016141397	-0.03074558032282862	-0.02997694081475792	79701475
2023-05-10	0.00633914421553091	0.00633914421553091	0.01664025356576869	-0.01426307448494451	0.00633914421553091	76176254
2023-05-11	-0.012598425196850406	0.0031496062992126712	0.003937007874015804	-0.013385826771653538	-0.012598425196850406	34677204
2023-05-12	-0.02870813397129182	-0.0031897926634768064	0.0015948963317385448	-0.02870813397129182	-0.02870813397129182	50053731
2023-05-15	0.028735632183908018	0.024630541871921242	0.03858784893267657	0.0016420361247947105	0.028735632183908018	53360059
2023-05-16	-0.010375099760574541	-0.005586592178770831	0.0023942537909019262	-0.016759776536312776	-0.010375099760574541	33347921
2023-05-17	-0.005645161290322604	0.0	0.0072580645161290204	-0.012903225806451623	-0.005645161290322604	32894488
2023-05-18	-0.005677210056772124	0.0	0.003244120032441131	-0.010543390105433965	-0.005677210056772124	31414926
2023-05-19	-0.014681892332789537	0.0032626427406199777	0.0032626427406199777	-0.014681892332789537	-0.014681892332789537	31856992
2023-05-22	-0.0033112582781457717	0.004139072847682178	0.004966887417218584	-0.010761589403973575	-0.0033112582781457717	29558382
2023-05-23	-0.009136212624584672	0.0	0.004983388704318978	-0.009136212624584672	-0.009136212624584672	25252520
2023-05-24	-0.014249790444258167	-0.002514668901927859	0.00670578373847444	-0.02263202011735118	-0.014249790444258167	34971933
2023-05-25	-0.007653061224489784	-0.004251700680272018	0.005102040816326573	-0.01785714285714278	-0.007653061224489784	30528867
2023-05-26	0.008568980291345299	0.0008568980291345147	0.01028277634961433	-0.008568980291345299	0.008568980291345299	23114414
2023-05-29	-0.017841971112999074	0.0	0.001699235344095121	-0.021240441801189464	-0.017841971112999074	31761276
2023-05-30	0.005190311418685011	-0.0034602076124568273	0.008650519031141838	-0.0207612456747405	0.005190311418685011	27230284
2023-05-31	-0.005163511187607463	-0.004302925989672886	0.008605851979346078	-0.012048192771084234	-0.005163511187607463	38505638
2023-06-01	0.018166089965397845	0.0	0.03200692041522484	-0.0017301038062284904	0.018166089965397845	43248064
2023-06-02	0.009345794392523468	0.0025488530161428325	0.01529311809685639	0.0025488530161428325	0.009345794392523468	27723390
2023-06-05	-0.002525252525252621	0.00925925925925921	0.01851851851851842	-0.005892255892255916	-0.002525252525252621	30263028
2023-06-06	-0.015189873417721496	-0.0025316455696201994	0.00928270042194103	-0.018565400843881762	-0.015189873417721496	28772779
2023-06-07	-0.011139674378748996	0.0	0.004284490145672726	-0.01199657240788351	-0.011139674378748996	19134461
2023-06-08	0.010398613518197661	0.0	0.016464471403812936	-0.0034662045060657844	0.010398613518197661	21025482
2023-06-09	0.013722126929674111	-0.0008576329331046129	0.013722126929674111	-0.004288164665523217	0.013722126929674111	27393028
2023-06-12	0.010152284263959324	-0.0050761421319797375	0.012690355329949268	-0.014382402707275798	0.010152284263959324	38483020
2023-06-13	0.008375209380234476	-0.0025125628140702985	0.008375209380234476	-0.006700167504187611	0.008375209380234476	29728926
2023-06-14	0.0016611295681064244	0.0033222591362127014	0.010797342192691095	-0.003322259136212554	0.0016611295681064244	31386009
2023-06-15	0.014925373134328334	0.0016583747927031154	0.018242122719734567	-0.0008291873963515577	0.014925373134328334	28723794
2023-06-16	0.008169934640522847	0.0	0.010620915032679657	-0.0024509803921568107	0.008169934640522847	30221564
2023-06-19	-0.008914100486223616	-0.0016207455429497223	0.0024311183144245835	-0.011345218800648345	-0.008914100486223616	32511833
2023-06-20	-0.00899427636958309	0.001635322976287782	0.004088307440719455	-0.009811937857726981	-0.00899427636958309	27640691
2023-06-21	0.004125412541254184	-0.0008250825082508075	0.017326732673267398	-0.004950495049504846	0.004125412541254184	32764871
2023-06-26	-0.021364009860312227	-0.019720624486442087	-0.0057518488085456275	-0.025472473294987717	-0.021364009860312227	37665915
2023-06-27	0.032745591939546646	0.000839630562552459	0.041981528127623846	-0.000839630562552459	0.032745591939546646	48249441
2023-06-28	0.005691056910568984	-0.0016260162601627113	0.013821138211382106	-0.007317073170731696	0.005691056910568984	39824821
2023-06-29	0.007275666936135945	-0.0024252223120452194	0.008892481810832758	-0.008084074373484207	0.007275666936135945	35400457
2023-06-30	0.0	-0.004815409309791372	0.008828250401284063	-0.008828250401284205	0.0	33691064
2023-07-03	0.034510433386837853	0.04173354735152484	0.04333868378812192	0.024077046548956572	0.034510433386837853	96209923
2023-07-04	-0.005430566330488773	0.0	0.006982156710628383	-0.010861132660977546	-0.005430566330488773	51951016
2023-07-05	-0.007020280811232438	-0.0007800312012480333	0.0039001560062401665	-0.009360374414976676	-0.007020280811232438	39034381
2023-07-06	-0.0015710919088766358	-0.0007855459544383179	0.012568735271013366	-0.010212097407698411	-0.0015710919088766358	43754669
2023-07-07	-0.004720692368214044	-0.004720692368214044	0.0	-0.011801730920535039	-0.004720692368214044	26419663
2023-07-10	0.006324110671936764	0.0015810276679841559	0.019762845849802372	-0.0007905138339920779	0.006324110671936764	37210819
2023-07-11	0.010212097407698273	-0.0007855459544383179	0.011783189316575047	-0.003142183817753411	0.010212097407698273	36961777
2023-07-12	-0.01555209953343696	0.0015552099533438063	0.013996889580093291	-0.018662519440124436	-0.01555209953343696	48157611
2023-07-13	0.0	-0.002369668246445447	0.007109004739336481	-0.003159557661927403	0.0	33805791
2023-07-14	-0.003159557661927403	-0.002369668246445447	0.003159557661927263	-0.010268562401263885	-0.003159557661927403	33317726
2023-07-17	0.003169572107765525	0.0	0.00633914421553091	-0.00633914421553091	0.003169572107765525	25096867
2023-07-18	0.004739336492891035	0.0	0.009478672985781929	-0.003159557661927403	0.004739336492891035	32003475
2023-07-19	0.0023584905660376855	-0.003144654088050387	0.003930817610062809	-0.0055031446540880725	0.0023584905660376855	22158931
2023-07-20	-0.011764705882352969	0.0	0.01019607843137261	-0.014117647058823507	-0.011764705882352969	26625345
2023-07-21	-0.003968253968253884	-0.0015873015873015535	0.006349206349206355	-0.009523809523809462	-0.003968253968253884	22563277
2023-07-24	0.0015936254980079341	0.0	0.006374501992031878	-0.004780876494023944	0.0015936254980079341	18760855
2023-07-25	0.0190930787589499	0.009546539379474878	0.027844073190135214	0.009546539379474878	0.0190930787589499	41568912
2023-07-26	-0.0195160031225605	-0.0023419203747073484	0.00234192037470721	-0.021077283372365443	-0.0195160031225605	34829222
2023-07-27	-0.003184713375796252	0.0031847133757961104	0.012738853503184724	-0.003184713375796252	-0.003184713375796252	20407588
2023-07-28	0.032747603833865824	-0.0023961661341852527	0.03753993610223647	-0.008785942492012734	0.032747603833865824	60949012
2023-07-31	0.02088167053364266	0.0038669760247487016	0.023975251353441647	0.0038669760247487016	0.02088167053364266	73500995
2023-08-01	-0.015151515151515098	-0.005303030303030191	0.0	-0.015151515151515098	-0.015151515151515098	39666221
2023-08-02	0.0	-0.0015384615384615057	0.009230769230769171	-0.005384615384615406	0.0	25515421
2023-08-03	-0.0030769230769230114	-0.005384615384615406	0.0	-0.013076923076923071	-0.0030769230769230114	23724587
2023-08-04	0.0030864197530863537	0.003858024691357942	0.014660493827160455	0.0023148148148147652	0.0030864197530863537	28480134
2023-08-07	-0.0007692307692307529	-0.0015384615384615057	0.0030769230769230114	-0.007692307692307665	-0.0007692307692307529	21030293
2023-08-08	-0.012317167051578148	0.0	0.002309468822170851	-0.01693610469591999	-0.012317167051578148	22052576
2023-08-09	-0.0038971161340608505	0.0	0.005455962587685135	-0.006235385814497277	-0.0038971161340608505	21869636
2023-08-10	0.0007824726134585123	0.0	0.0078247261345854	-0.009389671361502287	0.0007824726134585123	26446261
2023-08-11	-0.03831118060985133	0.0	0.0	-0.04143862392494131	-0.03831118060985133	56771974
2023-08-14	-0.004878048780487845	-0.010569105691056974	0.0	-0.026016260162601647	-0.004878048780487845	31952743
2023-08-15	-0.004901960784313766	0.0	0.008169934640522847	-0.012254901960784343	-0.004901960784313766	22272820
2023-08-16	-0.0057471264367816325	-0.0024630541871920658	0.0032840722495895668	-0.013957307060755332	-0.0057471264367816325	20192304
2023-08-17	0.012386457473162705	-0.003303055326176643	0.013212221304706865	-0.010734929810074238	0.012386457473162705	21154280
2023-08-18	-0.01305057096247962	-0.0016313213703099162	0.007340946166394769	-0.01305057096247962	-0.01305057096247962	17172712
2023-08-21	-0.014876033057851217	-0.000826446280991718	0.009917355371900909	-0.014876033057851217	-0.014876033057851217	22221918
2023-08-22	0.0033557046979866547	0.005033557046979908	0.015100671140939574	-0.008389261744966413	0.0033557046979866547	25867378
2023-08-23	-0.012541806020066918	0.0008361204013377747	0.005016722408026648	-0.012541806020066918	-0.012541806020066918	16980949
2023-08-24	0.0	0.0016934801016087698	0.01016088060965277	-0.00338696020321769	0.0	19342723
2023-08-25	-0.01693480101608815	-0.011007620660457306	-0.00508044030482646	-0.019475021168501305	-0.01693480101608815	22025084
2023-08-28	0.024978466838932036	0.05512489233419471	0.0585701981050818	0.02153316106804479	0.024978466838932036	49424231
2023-08-29	-0.0033613445378152034	0.002521008403361291	0.009243697478991548	-0.005882352941176494	-0.0033613445378152034	47753998
2023-08-30	-0.005902192242833076	0.0008431703204047038	0.005059021922428373	-0.008431703204047188	-0.005902192242833076	29080197
2023-08-31	0.0008481764206956374	0.011874469889737114	0.024597116200169716	0.0008481764206956374	0.0008481764206956374	37863174
2023-09-01	0.024576271186440603	0.006779661016949158	0.02542372881355923	0.006779661016949158	0.024576271186440603	43787273
2023-09-04	0.0421836228287841	0.00827129859387921	0.043837882547559916	0.005789909015715491	0.0421836228287841	72029187
2023-09-05	-0.003968253968253884	-0.006349206349206355	0.0023809523809524714	-0.007142857142857131	-0.003968253968253884	33930540
2023-09-06	-0.012749003984063756	-0.003984063745019977	0.0	-0.015936254980079764	-0.012749003984063756	24880902
2023-09-07	-0.009685230024213155	0.000807102502017739	0.002421307506053217	-0.011299435028248633	-0.009685230024213155	24170446
2023-09-08	-0.019559902200489015	-0.0040749796251017874	0.003259983700081575	-0.020374898125509373	-0.019559902200489015	30088737
2023-09-11	0.02244389027431433	0.0066500415627597734	0.028262676641729	0.0066500415627597734	0.02244389027431433	29360220
2023-09-12	0.0	0.003252032520325134	0.004878048780487701	-0.004065040650406562	0.0	21320384
2023-09-13	-0.011382113821138257	0.0	0.003252032520325134	-0.0162601626016261	-0.011382113821138257	19671961
2023-09-14	-0.003289473684210602	0.0	0.0032894736842104563	-0.00986842105263166	-0.003289473684210602	19267940
2023-09-15	-0.0008250825082508075	0.004950495049504992	0.011551155115511599	-0.004950495049504846	-0.0008250825082508075	25679243
2023-09-18	0.007431874483897594	-0.0008257638315441608	0.009909165978530223	-0.006606110652353433	0.007431874483897594	19461977
2023-09-19	0.00327868852459024	0.0016393442622951928	0.005737704918032811	-0.010655737704917952	0.00327868852459024	20598704
2023-09-20	-0.0008169934640522702	-0.0024509803921568107	0.0024509803921568107	-0.008986928104575118	-0.0008169934640522702	16795422
2023-09-21	-0.012264922322158655	-0.005723630417007382	0.001635322976287782	-0.013900245298446436	-0.012264922322158655	22961017
2023-09-22	0.02235099337748341	0.012417218543046386	0.033112582781456984	0.00579470198675499	0.02235099337748341	44931239
2023-09-25	0.015384615384615346	0.0	0.025101214574898827	-0.0032388663967610645	0.015384615384615346	58462580
2023-09-26	0.015151515151515254	-0.0023923444976076047	0.02312599681020741	-0.003987240829346008	0.015151515151515254	62560521
2023-09-27	-0.009426551453260093	0.0	0.0007855459544383179	-0.012568735271013366	-0.009426551453260093	32489185
2023-09-28	-0.006344171292624907	0.0007930214115780957	0.007137192704203003	-0.007137192704203003	-0.006344171292624907	26180805
2023-10-09	0.010375099760574684	0.0	0.019952114924181964	-0.007182761372705496	0.010375099760574684	41961001
2023-10-10	-0.008688783570300113	0.0	0.004739336492891035	-0.011848341232227517	-0.008688783570300113	26719142
2023-10-11	0.010358565737051713	0.007968127490039813	0.017529880478087557	0.003984063745019835	0.010358565737051713	29500000
2023-10-12	0.01025236593059943	0.0007886435331230116	0.012618296529968466	-0.0015772870662460231	0.01025236593059943	32853191
2023-10-13	0.0007806401249024033	-0.0023419203747073484	0.003122560499609613	-0.006245120999219365	0.0007806401249024033	28370117
2023-10-16	0.04602184087363494	0.014040561622464877	0.05694227769110768	0.014040561622464877	0.04602184087363494	153529604
2023-10-17	-0.0037285607755406943	-0.0014914243102162248	0.011931394481730064	-0.01118568232662195	-0.0037285607755406943	72473303
2023-10-18	-0.0014970059880239203	-0.0014970059880239203	0.014221556886227641	-0.004491017964071761	-0.0014970059880239203	70817303
2023-10-19	-0.01199400299850076	-0.006746626686656661	0.0029985007496252567	-0.014242878560719603	-0.01199400299850076	64884111
2023-10-20	-0.006828528072837622	0.0	0.00758725341426401	-0.012898330804248856	-0.006828528072837622	48744626
2023-10-23	-0.006875477463712747	-0.006111535523300234	0.012223071046600469	-0.01604278074866303	-0.006875477463712747	45502200
2023-10-24	-0.0007692307692307529	0.0023076923076922585	0.007692307692307665	-0.010769230769230812	-0.0007692307692307529	64667239
2023-10-25	0.08852963818321788	0.062355658198614355	0.10007698229407228	0.053887605850654295	0.08852963818321788	217889309
2023-10-26	-0.003536067892503586	-0.015558698727015603	0.0021216407355020765	-0.03394625176803397	-0.003536067892503586	100668645
2023-10-27	-0.013484740951029063	-0.002838892831795539	0.007806955287437859	-0.020581973030518036	-0.013484740951029063	84872247
2023-10-30	-0.007194244604316521	-0.0064748201438848815	0.002877697841726557	-0.012949640287769763	-0.007194244604316521	56850349
2023-10-31	0.005797101449275368	0.006521739130434772	0.019565217391304315	-0.0050724637681159625	0.005797101449275368	61888957
2023-11-01	0.012968299711815541	-0.004322766570605223	0.017291066282420636	-0.009365994236311294	0.012968299711815541	80020669
2023-11-02	0.007112375533428139	-0.0007112375533428014	0.027738264580369758	-0.0021337126600285304	0.007112375533428139	83790168
2023-11-03	-0.004237288135593255	0.0	0.0063559322033898205	-0.0063559322033898205	-0.004237288135593255	43328588
2023-11-06	0.0014184397163120265	0.002127659574468166	0.007801418439716398	-0.009219858156028299	0.0014184397163120265	54917112
2023-11-07	0.004957507082152995	0.0007082152974505357	0.013456090651558165	-0.007790368271954635	0.004957507082152995	56092340
2023-11-08	-0.0042283298097250685	-0.0042283298097250685	-0.002818886539816712	-0.015503875968992168	-0.0042283298097250685	39297435
2023-11-09	0.0007077140835102467	0.0	0.00990799716914358	-0.007077140835102719	0.0007077140835102467	30579844
2023-11-10	0.0028288543140027682	-0.003536067892503586	0.006364922206506355	-0.012022630834512018	0.0028288543140027682	37239772
2023-11-13	-0.011988716502115651	0.003526093088857596	0.003526093088857596	-0.01622002820874474	-0.011988716502115651	47120060
2023-11-14	0.0007137758743754309	-0.0007137758743754309	0.006423982869379005	-0.0042826552462527125	0.0007137758743754309	26188915
2023-11-15	0.029243937232524976	0.009272467902995777	0.029243937232524976	0.006419400855920104	0.029243937232524976	56457288
2023-11-16	-0.004158004158004193	0.0	0.005544005544005549	-0.009702009702009741	-0.004158004158004193	36403512
2023-11-17	0.014613778705636803	0.0	0.018093249826026555	-0.0034794711203896267	0.014613778705636803	47282451
2023-11-20	0.013717421124828483	0.004115226337448594	0.01851851851851849	-0.00274348422496577	0.013717421124828483	59516247
2023-11-21	0.002029769959404678	0.0	0.02503382949932348	-0.0033829499323409294	0.002029769959404678	75519722
2023-11-22	-0.01823092505064155	-0.003376097231600318	0.004051316677920237	-0.020931802835921706	-0.01823092505064155	48078007
2023-11-23	0.026134800550206384	0.0	0.027510316368638266	0.0	0.026134800550206384	43661981
2023-11-24	-0.002680965147453026	-0.001340482573726513	0.004691689008042914	-0.009383378016085828	-0.002680965147453026	36942547
2023-11-27	0.007392473118279531	0.003360215053763369	0.011424731182795694	-0.001344086021505467	0.007392473118279531	40098370
2023-11-28	0.018679119412941918	0.0013342228152101116	0.019346230820546973	-0.0020013342228151674	0.018679119412941918	54617891
2023-11-29	-0.011787819253438095	-0.001964636542239644	-0.0006548788474132146	-0.01702685003274393	-0.011787819253438095	40189765
2023-11-30	-0.012591119946984725	-0.0059642147117296125	0.0026507620941021155	-0.01524188204108684	-0.012591119946984725	52575294
2023-12-01	-0.06711409395973154	0.0	0.002013422818791903	-0.06979865771812087	-0.06711409395973154	156498038
2023-12-04	0.012949640287769763	0.0	0.019424460431654644	-0.0035971223021583243	0.012949640287769763	73721810
2023-12-05	-0.004261363636363672	-0.0007102272727272576	0.009232954545454601	-0.009232954545454601	-0.004261363636363672	43801633
2023-12-06	0.005706134094151218	-0.0014265335235377728	0.016405135520684767	-0.009985734664764536	0.005706134094151218	39169085
2023-12-07	-0.007801418439716272	0.0	0.008510638297872412	-0.014184397163120517	-0.007801418439716272	31934296
2023-12-08	-0.005003573981415317	0.0007147962830593128	0.00571837026447463	-0.006433166547533942	-0.005003573981415317	37349909
2023-12-11	0.003591954022988557	-0.0021551724137930574	0.007183908045976986	-0.015804597701149472	0.003591954022988557	36970571
2023-12-12	0.006442376521116668	0.0014316392269147868	0.009305654974946242	-0.007158196134574189	0.006442376521116668	28428905
2023-12-13	-0.004978662873399735	0.0028449502133712054	0.004978662873399735	-0.007823613086771068	-0.004978662873399735	28041047
2023-12-14	-0.019299499642601827	0.0007147962830593128	0.006433166547533942	-0.02001429592566114	-0.019299499642601827	39240365
2023-12-15	-0.004373177842565633	0.0014577259475218346	0.005102040816326422	-0.00801749271137035	-0.004373177842565633	31519558
2023-12-18	-0.008052708638360134	-0.0036603221083455866	0.0	-0.014641288433382086	-0.008052708638360134	35007514
2023-12-19	0.000738007380073785	0.00147601476014757	0.00147601476014757	-0.022140221402214073	0.000738007380073785	33207649
2023-12-20	-0.011799410029498535	0.0014749262536872842	0.007374631268436552	-0.014749262536873234	-0.011799410029498535	23377212
2023-12-21	0.004477611940298544	-0.005223880597014946	0.011194029850746294	-0.008208955223880687	0.004477611940298544	31846218
2023-12-22	0.0007429420505200436	0.0014858841010400871	0.011887072808320829	-0.00371471025260035	0.0007429420505200436	29160782
2023-12-25	0.01930215293244245	-0.0022271714922049842	0.020786933927245684	-0.003711952487008219	0.01930215293244245	25973318
2023-12-26	-0.004369992716678842	-0.0029133284777859377	0.0036416605972322603	-0.01092498179169704	-0.004369992716678842	21787500
2023-12-27	-0.0007315288953913524	0.0014630577907827048	0.006583760058522301	-0.008778346744696358	-0.0007315288953913524	24051915
2023-12-28	-0.010248901903367538	0.0	0.002928257686676365	-0.01683748169838949	-0.010248901903367538	41091361
2023-12-29	0.009615384615384673	0.0	0.02514792899408283	-0.0014792899408283709	0.009615384615384673	39151598
2024-01-02	0.01684981684981688	0.001465201465201434	0.02930402930402933	-0.002930402930402998	0.01684981684981688	49713440
2024-01-03	0.009365994236311168	-0.004322766570605223	0.02017291066282416	-0.008645533141210446	0.009365994236311168	59944491
2024-01-04	0.007851534618129867	0.0	0.01356174161313344	-0.004996431120628143	0.007851534618129867	42834504
2024-01-05	0.0021246458923513552	0.0021246458923513552	0.02337110481586403	-0.0035410764872520492	0.0021246458923513552	51504783
2024-01-08	-0.01201413427561837	0.006360424028268541	0.014134275618374508	-0.015547703180212058	-0.01201413427561837	41252914
2024-01-09	0.008583690987124408	0.0	0.01359084406294703	-0.0028612303290415537	0.008583690987124408	32360938
2024-01-10	-0.004964539007092219	-0.0056737588652482325	0.007801418439716398	-0.016312056737588683	-0.004964539007092219	31266132
2024-01-11	0.004989308624376357	0.0	0.01781895937277263	-0.009978617248752587	0.004989308624376357	41243268
2024-01-12	0.024113475177304954	0.0035460992907801925	0.03404255319148939	0.002127659574468166	0.024113475177304954	55806000
2024-01-15	0.009002770083102548	-0.0048476454293629005	0.01731301939058172	-0.011772853185595563	0.009002770083102548	47192286
2024-01-16	0.02676733013040498	-0.004804392587508598	0.03843514070006867	-0.004804392587508598	0.02676733013040498	79100006
2024-01-17	-0.016042780748663114	-0.0026737967914439117	0.004679144385026638	-0.016042780748663114	-0.016042780748663114	41654853
2024-01-18	-0.008152173913043546	-0.008152173913043546	-0.002717391304347889	-0.03872282608695654	-0.008152173913043546	67631222
2024-01-19	-0.020547945205479378	-0.006849315068493127	-0.006164383561643826	-0.024657534246575304	-0.020547945205479378	45958020
2024-01-22	-0.018881118881118975	0.0	0.006993006993006968	-0.02307692307692308	-0.018881118881118975	59687731
2024-01-23	0.004276550249465467	-0.00213827512473267	0.011404133998574494	-0.018531717747683522	0.004276550249465467	45718403
2024-01-24	0.04329311568488286	0.019162526614620267	0.047551454932576294	0.015613910574875845	0.04329311568488286	75525658
2024-01-25	0.026530612244898	-0.002721088435374092	0.03061224489795926	-0.0034013605442176145	0.026530612244898	64528835
2024-01-26	0.0046388336646786136	0.001325381047050999	0.011265738899933726	-0.007952286282306112	0.0046388336646786136	47978254
2024-01-29	-0.009234828496042255	0.0	0.010554089709762543	-0.009894459102902398	-0.009234828496042255	47263484
2024-01-30	-0.005992010652463373	-0.0033288948069240304	0.009986684420772328	-0.007989347536617791	-0.005992010652463373	50774919
2024-01-31	-0.01071667782987275	-0.001339584728734064	0.013395847287340995	-0.012056262558606813	-0.01071667782987275	43695166
2024-02-01	0.01760324983073797	0.0	0.03317535545023698	-0.004739336492891015	0.01760324983073797	54232795
2024-02-02	-0.004657351962741085	0.0013306719893547139	0.011976047904191716	-0.029940119760478997	-0.004657351962741085	52995100
2024-02-05	0.009358288770053395	-0.010695187165775409	0.01804812834224596	-0.01403743315508027	0.009358288770053395	87351749
2024-02-06	0.019867549668874218	-0.006622516556291367	0.023178807947019844	-0.009271523178807868	0.019867549668874218	79339878
2024-02-07	0.0045454545454545634	-0.005194805194805199	0.01818181818181814	-0.009090909090909127	0.0045454545454545634	96723463
2024-02-08	0.016160310277957335	0.0025856496444731187	0.019392372333548735	0.0	0.016160310277957335	60984151
2024-02-19	0.0038167938931296893	-0.010814249363867679	0.005089058524173033	-0.013358778625954252	0.0038167938931296893	53086884
2024-02-20	0.03168567807351089	-0.00316856780735101	0.034854245880861785	-0.005069708491761729	0.03168567807351089	79745650
2024-02-21	-0.00614250614250623	0.0024570024570024045	0.014742014742014645	-0.007371007371007432	-0.00614250614250623	63770939
2024-02-22	0.01606922126081592	-0.004944375772558609	0.01915945611866494	-0.008652657601977786	0.01606922126081592	50720041
2024-02-23	-0.009732360097323608	0.006082725060827121	0.009732360097323608	-0.010948905109489033	-0.009732360097323608	33865608
2024-02-26	0.028869778869778796	0.01167076167076153	0.04545454545454536	0.011056511056511039	0.028869778869778796	78484560
2024-02-27	-0.004179104477611957	-0.0005970149253732277	0.0023880597014924866	-0.014925373134328358	-0.004179104477611957	47716131
2024-02-28	-0.04256594724220618	0.0	0.0	-0.04676258992805751	-0.04256594724220618	90495402
2024-02-29	0.05698184095178449	-0.002504696305573007	0.06011271133375072	-0.005009392611145903	0.05698184095178449	81809963
2024-03-01	-0.03258293838862564	0.007109004739336552	0.009478672985782	-0.037914691943128	-0.03258293838862564	82464578
2024-03-04	-0.006736068585425563	-0.001224739742804628	0.012247397428046716	-0.014696876913655755	-0.006736068585425563	69505481
2024-03-05	0.009864364981504324	0.0018495684340321295	0.01602959309494461	-0.009864364981504324	0.009864364981504324	59605777
2024-03-06	0.003052503052503096	-0.0006105006105004891	0.017094017094017165	-0.003052503052503096	0.003052503052503096	48491401
2024-03-07	0.007303712720633049	-0.0018259281801583163	0.016433353621424198	-0.002434570906877611	0.007303712720633049	45413748
2024-03-08	0.0030211480362538194	0.0	0.013897280966767397	-0.0024169184290029695	0.0030211480362538194	36929026
2024-03-11	-0.01626506024096404	0.000602409638554097	0.009036144578313166	-0.03012048192771084	-0.01626506024096404	50770651
2024-03-12	-0.02694427434170225	-0.0006123698714022053	0.0024494794856094737	-0.038579301898346546	-0.02694427434170225	88607828
2024-03-13	0.0037759597230962063	0.006293266205160456	0.009439899307740628	-0.006293266205160568	0.0037759597230962063	49484994
2024-03-14	0.028840125391849585	0.0	0.039498432601880816	-0.0031347962382444476	0.028840125391849585	73109364
2024-03-15	0.0006093845216332457	0.0006093845216332457	0.004265691651432071	-0.012797074954296214	0.0006093845216332457	31820694
2024-03-18	0.00791717417783185	0.0006090133982946412	0.0158343483556637	0.0	0.00791717417783185	34420038
2024-03-19	-0.019335347432024187	-0.004229607250755304	-0.0030211480362538194	-0.030815709969788614	-0.019335347432024187	55087096
2024-03-20	-0.005545286506469492	-0.0018484288354899037	0.00924214417744908	-0.010474430067775828	-0.005545286506469492	37268950
2024-03-21	-0.007434944237918277	0.0	0.00433705080545231	-0.012391573729863757	-0.007434944237918277	33831489
2024-03-22	0.0018726591760300335	0.001248439450686615	0.005617977528089879	-0.009363295880149836	0.0018726591760300335	34658054
2024-03-25	0.013707165109034197	-0.0018691588785047437	0.027414330218068394	-0.004361370716510921	0.013707165109034197	50832905
2024-03-26	0.014751075599262569	0.002458512599877022	0.01905347264904725	-0.00676090964966192	0.014751075599262569	52513767
2024-03-27	-0.026044821320412068	0.0030284675953965567	0.0042398546335552225	-0.026044821320412068	-0.026044821320412068	39537131
2024-03-28	0.014303482587064705	-0.007462686567164021	0.026119402985074737	-0.0080845771144278	0.014303482587064705	45777005
2024-03-29	0.02329858982219513	-0.004904966278356732	0.028203556100551863	-0.004904966278356732	0.02329858982219513	43968597
2024-04-01	0.028759736369083307	0.010185739964050217	0.031156381066506863	0.008987417615338441	0.028759736369083307	71497998
2024-04-02	0.03552708211997667	0.0017472335468839593	0.03785672684915542	0.0017472335468839593	0.03552708211997667	82866133
2024-04-03	-0.0005624296962880519	0.0	0.003374578177727712	-0.008998875140607432	-0.0005624296962880519	43010276
2024-04-08	-0.0011254924029262562	-0.006752954417557738	0.014631401238041731	-0.00900393922341025	-0.0011254924029262562	42022104
2024-04-09	-0.012957746478873263	0.0028169014084507443	0.0056338028169014885	-0.025352112676056297	-0.012957746478873263	48933250
2024-04-10	0.0017123287671233526	-0.003995433789954354	0.01141552511415521	-0.0074200913242008565	0.0017123287671233526	25042390
2024-04-11	0.01994301994301982	-0.0028490028490028895	0.03304843304843295	-0.007977207977208009	0.01994301994301982	52263304
2024-04-12	0.0	-0.005027932960893847	0.007262569832402378	-0.006703910614524997	0.0	33441002
2024-04-15	0.027374301675977767	-0.00167597765363115	0.03351955307262578	-0.005586592178770831	0.027374301675977767	71839751
2024-04-16	-0.012506797172376315	-0.0021750951604132215	0.007069059271343067	-0.015225666122892938	-0.012506797172376315	57612129
2024-04-17	0.018171806167400786	0.004955947136563869	0.018171806167400786	-0.011563876651982425	0.018171806167400786	49704878
2024-04-18	-0.0054083288263925295	-0.002704164413196169	0.014061654948620961	-0.009734991887506745	-0.0054083288263925295	47246573
2024-04-19	0.005437737901033054	-0.004893964110929845	0.009244154431756288	-0.005981511691136456	0.005437737901033054	32992121
2024-04-22	-0.017847485127095636	0.005408328826392722	0.02866414277988108	-0.01946998377501349	-0.017847485127095636	73531800
2024-04-23	-0.03469162995594708	-0.004405286343612437	-0.0005506607929516279	-0.040198237885462576	-0.03469162995594708	75060683
2024-04-24	0.0148317170564745	-0.014831717056474703	0.016543069024529327	-0.014831717056474703	0.0148317170564745	43977873
2024-04-25	-0.014052838673412029	-0.001686340640809308	0.005621135469364892	-0.019111860595840354	-0.014052838673412029	28032204
2024-04-26	0.006841505131128906	0.0045610034207526715	0.012542759407069694	-0.00855188141391098	0.006841505131128906	45356819
2024-04-29	0.004530011325028216	0.0016987542468856816	0.009626274065685059	-0.01585503963759916	0.004530011325028216	53999838
2024-04-30	-0.019729425028184776	0.004509582863585223	0.009019165727170245	-0.02649379932356251	-0.019729425028184776	67858870
2024-05-06	-0.004600345025877047	0.0005750431282345032	0.016101207590569357	-0.03277745830937322	-0.004600345025877047	126310770
2024-05-07	0.005777007510109846	-0.0034662045060657844	0.019064124783362328	-0.00577700751010964	0.005777007510109846	45363830
2024-05-08	-0.010338885697874767	0.007466973004020621	0.00919012062033315	-0.013210798391728916	-0.010338885697874767	27805272
2024-05-09	0.042367962855484644	-0.0034822983168890727	0.046430644225188666	-0.006384213580963403	0.042367962855484644	73519562
2024-05-10	-0.009465478841870918	-0.005567928730512328	0.011692650334075771	-0.018374164810690524	-0.009465478841870918	56429553
2024-05-13	0.0005621135469365691	-0.0033726812816188153	0.003372681281619015	-0.012366498032602523	0.0005621135469365691	42200355
2024-05-14	-0.007865168539325874	-0.0005617977528090765	0.019662921348314485	-0.012921348314606765	-0.007865168539325874	56428120
2024-05-15	0.018120045300113265	-0.0005662514156286276	0.03680634201585496	-0.00396375990939979	0.018120045300113265	65284558
2024-05-16	-0.029477196885428315	0.0	0.002780867630700818	-0.029477196885428315	-0.029477196885428315	69303676
2024-05-17	-0.014899713467048598	-0.0011461318051575688	0.013180515759312346	-0.025787965616045804	-0.014899713467048598	51935725
2024-05-20	-0.03548574752763251	-0.005235602094240829	-0.0005817335660268507	-0.0668993600930775	-0.03548574752763251	168886114
2024-05-21	0.013268998793727529	-0.004825090470446218	0.016887816646562193	-0.007840772014475212	0.013268998793727529	75565300
2024-05-22	-0.015476190476190569	-0.0077380952380951785	0.001785714285714142	-0.021428571428571394	-0.015476190476190569	50168583
2024-05-23	-0.01813784764207985	-0.003627569528415884	0.0012091898428052948	-0.022370012091898275	-0.01813784764207985	70681025
2024-05-24	-0.0012315270935960329	-0.0049261083743841316	0.007389162561576417	-0.014162561576354489	-0.0012315270935960329	51044590
2024-05-27	0.022811344019728792	0.0012330456226880132	0.02712700369913695	-0.004932182490752053	0.022811344019728792	80312682
2024-05-28	-0.0235081374321881	0.0	0.0030138637733574873	-0.024110910186859468	-0.0235081374321881	49114142
2024-05-29	-0.006172839506172708	-0.0006172839506171612	0.0	-0.02592592592592592	-0.006172839506172708	58119416
2024-05-30	0.006832298136645927	-0.0006211180124224573	0.015527950310559004	-0.0037267080745343024	0.006832298136645927	37209684
2024-05-31	-0.01850709438618141	-0.003084515731030272	0.004318322023442337	-0.01974090067859348	-0.01850709438618141	60818800
2024-06-03	-0.021370207416719036	-0.0062853551225644025	0.00879949717159023	-0.030798240100565696	-0.021370207416719036	91951547
2024-06-04	0.021194605009633917	-0.0038535645472061977	0.028901734104046197	-0.01734104046242772	0.021194605009633917	72658142
2024-06-05	-0.010062893081761014	0.0	0.004402515723270458	-0.011320754716981114	-0.010062893081761014	35374717
2024-06-06	0.01651842439644217	0.0	0.026683608640406604	-0.0012706480304955257	0.01651842439644217	48246356
2024-06-07	0.004375000000000018	-0.0012499999999999734	0.008750000000000036	-0.011874999999999969	0.004375000000000018	50441133
2024-06-11	-0.023646546359676463	-0.0031113876789048357	-0.0018668326073429456	-0.03422526446795275	-0.023646546359676463	55990883
2024-06-12	0.006373486297004439	-0.005736137667304007	0.010197578075207148	-0.009560229445506715	0.006373486297004439	32097509
2024-06-13	-0.01709943001899934	0.0006333122229260015	0.004433185560481336	-0.024065864471184233	-0.01709943001899934	38258505
2024-06-14	0.02835051546391761	-0.0012886597938144056	0.041237113402061897	-0.004510309278350534	0.02835051546391761	82038464
2024-06-17	-0.013784461152882245	-0.006892230576441178	0.010651629072681587	-0.01754385964912288	-0.013784461152882245	49207937
2024-06-18	0.003176620076238814	0.0	0.0050825921219822155	-0.03557814485387551	0.003176620076238814	68298743
2024-06-19	-0.015199493350221562	-0.003166561114629445	0.005066497783407224	-0.01773274224192523	-0.015199493350221562	45683242
2024-06-20	-0.015434083601286187	-0.0012861736334406012	0.006430868167202549	-0.021221864951768494	-0.015434083601286187	38376852
2024-06-21	0.005225342913128679	0.002612671456564281	0.009797517962116286	-0.012410189418680684	0.005225342913128679	44247931
2024-06-24	-0.00909681611436001	-0.0038986354775828783	0.009746588693957023	-0.022092267706302782	-0.00909681611436001	47156536
2024-06-25	0.042622950819672156	-0.00393442622950823	0.05311475409836057	-0.00393442622950823	0.042622950819672156	96915871
2024-06-26	0.013836477987421424	-0.003144654088050359	0.014465408805031362	-0.015094339622641522	0.013836477987421424	58801628
2024-06-27	0.0018610421836226787	-0.0037220843672457985	0.01736972704714625	-0.008684863523573236	0.0018610421836226787	77545924
2024-06-28	0.005572755417956648	-0.016718266253869834	0.01176470588235302	-0.019814241486068022	0.005572755417956648	71975274
2024-07-01	-0.03263546798029542	-0.003694581280788099	-0.003078817733989973	-0.048029556650246163	-0.03263546798029542	95924722
2024-07-02	-0.06429026098026744	-0.00572883513685561	-0.002546148949713617	-0.08084022915340555	-0.06429026098026744	161580520
2024-07-03	-0.03265306122448971	-0.0068027210884353505	0.0013605442176871667	-0.03741496598639449	-0.03265306122448971	93547921
2024-07-04	0.0014064697609001105	0.004219409282700331	0.026019690576652547	-0.002812939521800346	0.0014064697609001105	70876216
2024-07-05	-0.009831460674157343	-0.0035112359550562296	0.001404494382022442	-0.025280898876404456	-0.009831460674157343	56751968
2024-07-08	-0.03617021276595743	-0.0063829787234042454	-0.0056737588652482325	-0.04326241134751769	-0.03617021276595743	89771174
2024-07-09	0.044885945548197165	0.00809418690213388	0.044885945548197165	0.00515084621044888	0.044885945548197165	86712878
2024-07-10	-0.007042253521126736	-0.0021126760563379833	0.002112676056338108	-0.020422535211267547	-0.007042253521126736	53068810
2024-07-11	0.012765957446808491	0.012056737588652477	0.021276595744680903	-0.0007092198581560132	0.012765957446808491	58068459
2024-07-12	-0.0007002801120448031	-0.008403361344537761	0.0028011204481793364	-0.018207282913165253	-0.0007002801120448031	36486097
2024-07-15	0.028030833917309067	0.0301331464611072	0.04835318850735818	0.023125437981779965	0.028030833917309067	72986110
2024-07-16	-0.0477164280845262	-0.0006816632583503604	0.011588275391956369	-0.05044308111792776	-0.0477164280845262	111886230
2024-07-17	-0.01145311381531855	-0.005010737294201881	-0.0028632784538297007	-0.020042949176807524	-0.01145311381531855	66321443
2024-07-18	0.0021723388848659928	-0.004344677769732114	0.010137581462708095	-0.011585807385952218	0.0021723388848659928	53363152
2024-07-19	0.004335260115606972	-0.005057803468208113	0.01661849710982662	-0.007225433526011535	0.004335260115606972	55018054
2024-07-22	-0.02949640287769785	-0.007194244604316521	-0.0035971223021583243	-0.03741007194244601	-0.02949640287769785	75701447
2024-07-23	-0.02297998517420315	0.0037064492216455844	0.014084507042253483	-0.023721275018532266	-0.02297998517420315	56843939
2024-07-24	-0.012898330804248856	-0.005311077389984847	0.005311077389984847	-0.0265553869499241	-0.012898330804248856	67577065
2024-07-25	-0.012298232129131448	0.0030745580322829305	0.0030745580322829305	-0.019984627209838568	-0.012298232129131448	44131886
2024-07-26	0.10038910505836583	0.05058365758754867	0.10038910505836583	0.04280155642023352	0.10038910505836583	149337635
2024-07-29	-0.01909476661951919	0.01838755304101837	0.024752475247524726	-0.041725601131541716	-0.01909476661951919	150414215
2024-07-30	-0.0374909877433309	-0.005767844268204764	0.0021629416005768667	-0.043979812545061246	-0.0374909877433309	94619979
2024-07-31	0.03370786516853941	-0.0029962546816478764	0.039700374531835295	-0.007490636704119823	0.03370786516853941	99838236
2024-08-01	-0.022463768115942064	-0.014492753623188482	0.0021739130434782145	-0.02826086956521743	-0.022463768115942064	80318417
2024-08-02	-0.028910303928836218	-0.009636767976278783	-0.0022238695329873507	-0.03409933283914016	-0.028910303928836218	84632127
2024-08-05	-0.01755725190839698	-0.01526717557251903	0.007633587786259515	-0.01832061068702292	-0.01755725190839698	67025603
2024-08-06	0.0069930069930071205	0.010101010101010163	0.017094017094017144	-0.005439005439005324	0.0069930069930071205	58570124
2024-08-07	-0.010030864197530924	-0.0046296296296296675	0.010030864197530787	-0.010030864197530924	-0.010030864197530924	52523378
2024-08-08	-0.003117692907248708	-0.005455962587685135	0.0023382696804364273	-0.023382696804364826	-0.003117692907248708	61835368
2024-08-09	-0.010164190774042143	0.00469116497263491	0.02189210320562949	-0.010946051602814606	-0.010164190774042143	51550350
2024-08-12	-0.0015797788309636315	-0.004739336492891035	0.0055292259083728505	-0.010268562401263885	-0.0015797788309636315	36076157
2024-08-13	0.0245253164556961	-0.002373417721519077	0.03481012658227844	-0.002373417721519077	0.0245253164556961	74017007
2024-08-14	-0.010038610038609962	-0.0015444015444015117	0.006949806949806939	-0.010810810810810718	-0.010038610038609962	34975170
2024-08-15	0.01482059282371291	-0.0015600624024960665	0.024180967238689587	-0.007020280811232438	0.01482059282371291	52987967
2024-08-16	-0.019984627209838568	0.0007686395080706985	0.003843197540353629	-0.021521906225979968	-0.019984627209838568	53726295
2024-08-19	0.0196078431372549	0.0031372549019607174	0.021176470588235262	-0.0007843137254901793	0.0196078431372549	59348040
2024-08-20	-0.006923076923076912	0.0	0.0023076923076922585	-0.018461538461538477	-0.006923076923076912	43701590
2024-08-21	0.009295120061967406	-0.003098373353989227	0.017815646785437678	-0.005422153369481045	0.009295120061967406	55149033
2024-08-22	-0.003069838833461178	0.0	0.0023023791250960197	-0.013814274750575574	-0.003069838833461178	45250301
2024-08-23	0.026943802925327148	0.007698229407236308	0.03310238645111622	-0.0007698229407236171	0.026943802925327148	84901648
2024-08-26	-0.020989505247376264	0.0029985007496252567	0.008995502248875636	-0.027736131934032925	-0.020989505247376264	76208012
2024-08-27	-0.016079632465543708	-0.0030627871362940984	-0.0022970903522206076	-0.01990811638591116	-0.016079632465543708	46650228
2024-08-28	-0.003112840466926004	-0.0038910505836575048	0.003112840466926142	-0.010894941634241151	-0.003112840466926004	43304924
2024-08-29	-0.009367681498829118	-0.0039032006245121554	0.0007806401249024033	-0.01249024199843873	-0.009367681498829118	61175478
2024-08-30	0.021276595744680958	-0.0023640661938533775	0.03861308116627268	-0.02127659574468082	0.021276595744680958	108317319
2024-09-02	-0.020833333333333436	-0.0046296296296296675	-0.0046296296296296675	-0.028549382716049457	-0.020833333333333436	70975797
2024-09-03	-0.00315208825847117	-0.003940110323088963	0.001576044129235725	-0.011820330969267169	-0.00315208825847117	53103677
2024-09-04	-0.00395256916996053	-0.004743083003952609	0.00790513833992092	-0.021343873517786528	-0.00395256916996053	56388210
2024-09-05	0.01269841269841271	0.0023809523809524714	0.01825396825396829	0.0007936507936507767	0.01269841269841271	47112260
2024-09-06	-0.020376175548589327	-0.0015673981191222236	0.003918495297805699	-0.02115987460815044	-0.020376175548589327	45933519
2024-09-09	-0.025600000000000022	-0.007999999999999972	-0.0031999999999999316	-0.03200000000000003	-0.025600000000000022	63910639
2024-09-10	-0.004105090311986776	-0.003284072249589421	0.0016420361247947105	-0.01888341543513961	-0.004105090311986776	51211297
2024-09-11	-0.017312448474855798	-0.0049464138499588205	-0.0032976092333059292	-0.024732069249793955	-0.017312448474855798	58169440
2024-09-12	-0.012583892617449695	0.0	0.018456375838926228	-0.015100671140939574	-0.012583892617449695	49502132
2024-09-13	-0.004248088360237803	0.0008496176720475605	0.010195412064571028	-0.011045029736618438	-0.004248088360237803	37906401
2024-09-18	0.026450511945392382	0.0	0.031569965870307096	-0.004266211604095623	0.026450511945392382	49640963
2024-09-19	0.049875311720698375	0.0016625103906900542	0.058187863674148056	-0.01080631753948454	0.049875311720698375	95869713
2024-09-20	-0.011876484560570099	-0.002375296912114104	0.0	-0.022961203483768875	-0.011876484560570099	66681427
2024-09-23	0.010416666666666586	0.0008012820512820341	0.017628205128205038	-0.003205128205128279	0.010416666666666586	39399987
2024-09-24	0.030134813639968342	0.007930214115781238	0.030927835051546438	-0.007930214115781098	0.030134813639968342	83047726
2024-09-25	0.010777521170130913	0.017705927636643606	0.04311008468052352	0.008468052347959925	0.010777521170130913	96420923
2024-09-26	0.05102817974105102	-0.0022848438690023713	0.05102817974105102	-0.003808073115003862	0.05102817974105102	90636678
2024-09-27	0.05507246376811593	0.030434782608695646	0.06884057971014487	0.01884057971014491	0.05507246376811593	135605698
2024-09-30	0.08997252747252737	0.04258241758241753	0.09752747252747251	0.018543956043956013	0.08997252747252737	191336684
2024-10-08	0.00504095778197858	0.09892879647132968	0.09892879647132968	-0.02142407057340894	0.00504095778197858	249370652
2024-10-09	-0.09216300940438865	-0.021943573667711578	-0.021943573667711578	-0.09780564263322876	-0.09216300940438865	198442994
2024-10-10	0.02555248618784525	0.0013812154696132301	0.04765193370165742	0.0006906077348066151	0.02555248618784525	123097382
2024-10-11	-0.036363636363636306	0.0	0.00673400673400671	-0.04646464646464643	-0.036363636363636306	94446244
2024-10-14	0.014675052410901402	0.0013976240391334433	0.019566736547868578	-0.00698812019566734	0.014675052410901402	76425584
2024-10-15	-0.046831955922864994	-0.00275482093663906	-0.0020661157024792947	-0.04889807162534429	-0.046831955922864994	123005758
2024-10-16	-0.007947976878612676	-0.007225433526011535	0.0	-0.018063583815028903	-0.007947976878612676	89389154
2024-10-17	-0.012381646030589943	0.0036416605972322603	0.01747997086671524	-0.012381646030589943	-0.012381646030589943	64932831
2024-10-18	-0.007374631268436552	-0.025811209439527995	0.01032448377581112	-0.03982300884955759	-0.007374631268436552	117281274
2024-10-21	0.005200594353640305	0.0007429420505200436	0.016344725111441222	-0.017087667161961397	0.005200594353640305	99238713
2024-10-22	0.0007390983000738941	-0.0022172949002216822	0.006651884700665178	-0.00886917960088686	0.0007390983000738941	100844189
2024-10-23	0.00812407680945356	0.0029542097488922396	0.014771048744460936	-0.009601181683899484	0.00812407680945356	124661029
2024-10-24	-0.023443223443223464	0.0	0.0	-0.023443223443223464	-0.023443223443223464	85485427
2024-10-25	0.013503375843960969	-0.0007501875468867057	0.02100525131282816	-0.0037509377344336617	0.013503375843960969	87884477
2024-10-28	0.017764618800888247	-0.0014803849000739877	0.017764618800888247	-0.005921539600296082	0.017764618800888247	101393111
2024-10-29	-0.024000000000000004	0.0021818181818181355	0.006545454545454535	-0.025454545454545428	-0.024000000000000004	96825657
2024-10-30	0.0052160953800298275	-0.004470938897168443	0.008941877794336752	-0.007451564828613983	0.0052160953800298275	69905173
2024-10-31	-0.010378057820607899	0.0014825796886582337	0.0037064492216455844	-0.016308376575240965	-0.010378057820607899	112205615
2024-11-01	0.008239700374531925	0.0007490636704119691	0.020224719101123563	-0.0037453183520598453	0.008239700374531925	109503655
2024-11-04	0.0022288261515601305	0.0	0.012630014858841004	-0.008172362555720743	0.0022288261515601305	97325372
2024-11-05	0.022238695329873902	-0.0022238695329873507	0.029651593773165334	-0.011860637509266133	0.022238695329873902	156498236
2024-11-06	-0.0007251631617113697	0.0007251631617114985	0.011602610587382172	-0.007976794778825194	-0.0007251631617113697	135454365
2024-11-07	0.037010159651669074	-0.005805515239477509	0.037010159651669074	-0.01233671988388969	0.037010159651669074	173524780
2024-11-08	-0.010496850944716486	0.008397480755773339	0.01469559132260328	-0.016794961511546427	-0.010496850944716486	142016369
2024-11-11	0.004243281471004153	-0.006364922206506355	0.0049504950495049705	-0.019801980198019882	0.004243281471004153	121622495
2024-11-12	-0.01267605633802815	-0.0007042253521126611	0.020422535211267672	-0.017605633802816902	-0.01267605633802815	136642045
2024-11-13	-0.008559201141226764	-0.00927246790299565	0.0	-0.019971469329529198	-0.008559201141226764	107298697
2024-11-14	-0.025899280575539654	-0.002877697841726685	0.005035971223021603	-0.025899280575539654	-0.025899280575539654	93185757
2024-11-15	0.02732644017725266	-0.0014771048744460543	0.0376661742983753	-0.0029542097488921087	0.02732644017725266	141867195
2024-11-18	-0.013659237958303342	0.0050323508267433705	0.012940330697340022	-0.021567217828900122	-0.013659237958303342	106078883
2024-11-19	0.01093294460641389	0.0	0.01093294460641389	-0.010204081632653102	0.01093294460641389	91136484
2024-11-20	0.002883922134102446	-0.004325883201153477	0.004325883201153605	-0.009372746935832661	0.002883922134102446	79198387
2024-11-21	0.012940330697340022	-0.005751258087706691	0.022286125089863443	-0.007189072609633332	0.012940330697340022	131109752
2024-11-22	-0.041163946061036204	0.0	0.0	-0.041873669268985086	-0.041163946061036204	110161951
2024-11-25	-0.008882309400444058	0.0	0.008142116950407063	-0.01480384900074014	-0.008882309400444058	89133290
2024-11-26	-0.021657953696788718	-0.0029873039581778133	-0.0022404779686333934	-0.022404779686333136	-0.021657953696788718	83355686
2024-11-27	0.013740458015267154	-0.0038167938931296897	0.013740458015267154	-0.009923664122137328	0.013740458015267154	57092408
2024-11-28	-0.0067771084337349295	0.001506024096385644	0.0045180722891566645	-0.00978915662650595	-0.0067771084337349295	44179340
2024-11-29	0.017437452615617924	-0.0015163002274450018	0.022744503411675568	-0.0030326004548900036	0.017437452615617924	90828684
2024-12-02	0.015648286140089483	-0.0029806259314455403	0.01788375558867364	-0.005961251862891212	0.015648286140089483	67279156
2024-12-03	-0.006603081438004522	-0.0022010271460015506	0.0	-0.013206162876008913	-0.006603081438004522	55350434
2024-12-04	0.0029542097488922396	-0.0029542097488921087	0.013293943870014882	-0.006646971935007375	0.0029542097488922396	71926095
2024-12-05	-0.006627393225331359	-0.0044182621502209495	0.0007363770250368031	-0.012518409425625916	-0.006627393225331359	44614940
2024-12-06	0.008154188287620417	-0.0014825796886582337	0.014825796886582601	-0.0022238695329873507	0.008154188287620417	58489501
2024-12-09	-0.0022058823529411296	0.0007352941176470432	0.008823529411764779	-0.006617647058823519	-0.0022058823529411296	46038938
2024-12-10	0.000736919675755327	0.022844509948415657	0.028002947678702948	-0.001473839351510654	0.000736919675755327	89440374
2024-12-11	0.005891016200294556	0.0	0.008100147275404965	-0.0029455081001473434	0.005891016200294556	45679632
2024-12-12	0.009516837481698317	0.0	0.010248901903367538	-0.0029282576866764953	0.009516837481698317	59773756
2024-12-13	-0.02683103698332119	-0.0043509789702682175	-0.0036258158085568483	-0.02683103698332119	-0.02683103698332119	83872406
2024-12-16	-0.018628912071535022	0.0	0.004470938897168443	-0.02235469448584208	-0.018628912071535022	68804655
2024-12-17	0.005315110098709209	0.0	0.019741837509491253	-0.0007593014426727249	0.005315110098709209	67237312
2024-12-18	0.001510574018126856	0.00528700906344413	0.013595166163141973	-0.001510574018126856	0.001510574018126856	45290441
2024-12-19	-0.0007541478129713264	-0.006787330316742071	0.0022624434389139788	-0.010558069381598836	-0.0007541478129713264	42463668
2024-12-20	0.0	0.0	0.002264150943396178	-0.013584905660377337	0.0	44684222
2024-12-23	0.03999999999999995	0.00452830188679249	0.06264150943396227	0.00452830188679249	0.03999999999999995	212604572
2024-12-24	-0.0007256894049346726	-0.007256894049346854	0.017416545718432527	-0.011611030478955018	-0.0007256894049346726	123231412
2024-12-25	0.016702977487291243	0.0	0.023965141612200442	0.0	0.016702977487291243	152160026
2024-12-26	-0.006428571428571418	-0.0028571428571427964	-0.0007142857142856991	-0.013571428571428536	-0.006428571428571418	77422610
2024-12-27	-0.002156721782889961	0.017253774263120074	0.017253774263120074	-0.015097052480230112	-0.002156721782889961	99277555
2024-12-30	0.0014409221902016982	-0.004322766570605223	0.012247838616714692	-0.005763688760806921	0.0014409221902016982	73364705
2024-12-31	-0.01438848920863317	0.0014388489208632786	0.010791366906474845	-0.015827338129496448	-0.01438848920863317	87359222
