2021-01-06	-0.01376720901126412	-0.0025031289111389814	0.003754693366708305	-0.017521902377972538	-0.01376720901126412	4239452
2021-01-07	0.0101522842639594	0.0152284263959391	0.024111675126903605	-0.0050761421319797	0.0101522842639594	8040000
2021-01-08	-0.02512562814070354	0.005025125628140708	0.013819095477386975	-0.028894472361808986	-0.02512562814070354	6161600
2021-01-11	-0.023195876288659757	0.0	0.007731958762886662	-0.025773195876288683	-0.023195876288659757	5088600
2021-01-12	0.0026385224274405768	0.0	0.014511873350923524	-0.014511873350923524	0.0026385224274405768	2497628
2021-01-13	0.04210526315789478	0.010526315789473694	0.05000000000000011	-0.007894736842105211	0.04210526315789478	9586183
2021-01-14	-0.026515151515151512	0.0025252525252525836	0.0025252525252525836	-0.026515151515151512	-0.026515151515151512	4062600
2021-01-15	0.010376134889753577	-0.012970168612191912	0.024643320363164772	-0.012970168612191912	0.010376134889753577	3192500
2021-01-18	-0.01797175866495503	0.0012836970474967633	0.006418485237483931	-0.02053915275994867	-0.01797175866495503	4673700
2021-01-19	-0.006535947712418394	0.0013071895424836323	0.013071895424836555	-0.010457516339869289	-0.006535947712418394	2416400
2021-01-20	0.011842105263157994	0.010526315789473694	0.026315789473684237	0.0013157894736842994	0.011842105263157994	3478933
2021-01-21	0.029908972691807482	-0.005201560468140447	0.0481144343302991	-0.010403120936280893	0.029908972691807482	10032334
2021-01-22	0.042929292929292914	0.0	0.05050505050505055	-0.015151515151515166	0.042929292929292914	13858492
2021-01-25	0.04963680387409203	0.02905569007263925	0.04963680387409203	0.01694915254237295	0.04963680387409203	26238323
2021-01-26	0.04959630911188001	0.04959630911188001	0.04959630911188001	0.04959630911188001	0.04959630911188001	1109062
2021-01-27	0.05054945054945065	0.05054945054945065	0.05054945054945065	0.013186813186813296	0.05054945054945065	47315505
2021-01-28	0.011506276150627555	0.0	0.050209205020920356	-0.024058577405857783	0.011506276150627555	56784416
2021-01-29	-0.04963805584281287	-0.015511892450879044	-0.0020682523267838235	-0.04963805584281287	-0.04963805584281287	19363787
2021-02-01	-0.0457018498367791	-0.04243743199129476	0.0174102285092492	-0.0500544069640913	-0.0457018498367791	22183328
2021-02-02	0.028506271379703536	0.010262257696693257	0.03192702394526809	-0.04446978335233738	0.028506271379703536	20971943
2021-02-03	-0.009977827050997767	-0.011086474501108608	0.02882483370288246	-0.029933481152993303	-0.009977827050997767	23738797
2021-02-04	-0.005599104143336947	-0.0033594624860021683	0.0	-0.04591265397536396	-0.005599104143336947	14632797
2021-02-05	-0.046171171171171185	0.013513513513513424	0.030405405405405355	-0.04954954954954969	-0.046171171171171185	15447456
2021-02-08	-0.033057851239669554	-0.01770956316410866	-0.014167650531287011	-0.04840613931523024	-0.033057851239669554	12426472
2021-02-09	-0.015873015873015754	-0.017094017094016947	0.007326007326007388	-0.034188034188034115	-0.015873015873015754	11312201
2021-02-10	0.027295285359801347	0.004962779156327438	0.04466501240694782	0.002481389578163719	0.027295285359801347	11141655
2021-02-18	0.049516908212560405	0.03381642512077309	0.049516908212560405	0.030193236714975848	0.049516908212560405	16554277
2021-02-19	0.04948216340621401	0.0011507479861909997	0.04948216340621401	-0.006904487917145998	0.04948216340621401	21359153
2021-02-22	0.026315789473684237	0.028508771929824737	0.05043859649122817	0.013157894736842216	0.026315789473684237	35436634
2021-02-23	-0.0502136752136751	-0.0502136752136751	-0.04273504273504258	-0.0502136752136751	-0.0502136752136751	14194630
2021-02-24	-0.04949381327334097	-0.04386951631046125	-0.01687289088863896	-0.04949381327334097	-0.04949381327334097	35528899
2021-02-25	0.04970414201183432	0.008284023668639088	0.04970414201183432	-0.014201183431952572	0.04970414201183432	20331629
2021-02-26	-0.04960541149943625	-0.030439684329199503	-0.030439684329199503	-0.04960541149943625	-0.04960541149943625	34856400
2021-03-01	0.0474495848161329	-0.03321470937129293	0.049822064056939494	-0.03321470937129293	0.0474495848161329	21533700
2021-03-02	0.04983012457531138	0.01925254813137032	0.04983012457531138	0.010192525481313688	0.04983012457531138	11349031
2021-03-03	0.011866235167206172	0.01510248112189866	0.04099244875943914	-0.004314994606256651	0.011866235167206172	12950827
2021-03-04	0.0042643923240937255	-0.0031982942430704834	0.02771855010660978	-0.00852878464818764	0.0042643923240937255	10428600
2021-03-05	-0.049893842887473526	-0.049893842887473526	-0.049893842887473526	-0.049893842887473526	-0.049893842887473526	8009200
2021-03-08	-0.007821229050279163	0.02234636871508392	0.05027932960893867	-0.007821229050279163	-0.007821229050279163	11385872
2021-03-09	-0.014639639639639726	0.01576576576576563	0.01576576576576563	-0.039414414414414574	-0.014639639639639726	8460500
2021-03-10	-0.014857142857142947	0.00914285714285715	0.00914285714285715	-0.024000000000000098	-0.014857142857142947	5401174
2021-03-11	0.027842227378190282	0.00928074245939676	0.03480278422273791	-0.005800464037122846	0.027842227378190282	4848909
2021-03-12	-0.015801354401805735	0.004514672686230353	0.007900677200902968	-0.0237020316027087	-0.015801354401805735	5540700
2021-03-15	0.018348623853211024	-0.0011467889908256636	0.024082568807339343	-0.016055045871559696	0.018348623853211024	4457211
2021-03-16	-0.003378378378378506	-0.002252252252252404	0.006756756756756612	-0.01126126126126142	-0.003378378378378506	2594700
2021-03-17	0.02824858757062147	0.004519774011299539	0.04745762711864406	-0.005649717514124173	0.02824858757062147	5985185
2021-03-18	0.045054945054945075	-0.002197802197802151	0.049450549450549566	-0.002197802197802151	0.045054945054945075	7051652
2021-03-19	-0.04626708727655095	-0.005257623554153411	0.0	-0.050473186119873864	-0.04626708727655095	11317068
2021-03-22	0.01543550165380381	0.008820286659316435	0.030871003307607427	0.0011025358324145299	0.01543550165380381	4053300
2021-03-23	0.004343105320303925	-0.005428881650380099	0.027144408251900107	-0.005428881650380099	0.004343105320303925	3764304
2021-03-24	-0.012972972972972889	0.005405405405405482	0.016216216216216255	-0.03243243243243251	-0.012972972972972889	4336500
2021-03-25	0.0010952902519167345	-0.004381161007667132	0.015334063526834477	-0.00876232201533407	0.0010952902519167345	2546400
2021-03-26	0.02078774617067828	0.001094091903719889	0.022975929978118058	-0.005470459518599639	0.02078774617067828	5719953
2021-03-29	0.036441586280814564	0.007502679528403031	0.05037513397642022	0.007502679528403031	0.036441586280814564	13654605
2021-03-30	-0.02895553257497408	-0.010341261633919302	-0.0010341261633919118	-0.02895553257497408	-0.02895553257497408	9075500
2021-03-31	0.035143769968051124	0.012779552715654868	0.03620873269435568	0.0	0.035143769968051124	6188102
2021-04-01	0.024691358024691377	0.010288065843621363	0.050411522633744876	0.0010288065843621179	0.024691358024691377	15952532
2021-04-02	0.018072289156626477	0.032128514056224744	0.046184738955823194	0.015060240963855278	0.018072289156626477	11381499
2021-04-06	0.05029585798816566	0.001972386587771161	0.05029585798816566	-0.0009861932938855806	0.05029585798816566	7425234
2021-04-07	0.032863849765258184	0.011267605633802743	0.04976525821596238	-0.004694835680751241	0.032863849765258184	17158309
2021-04-08	0.030909090909090896	0.0018181818181817794	0.0363636363636364	-0.00909090909090906	0.030909090909090896	9661414
2021-04-09	-0.015873015873015848	0.005291005291005335	0.03350970017636691	-0.020282186948853653	-0.015873015873015848	11256110
2021-04-12	-0.03225806451612898	0.0017921146953404636	0.04390681003584231	-0.050179211469534094	-0.03225806451612898	17173655
2021-04-13	-0.016666666666666805	0.019444444444444358	0.0370370370370369	-0.03518518518518526	-0.016666666666666805	11452606
2021-04-14	0.012241054613936044	0.004708097928436979	0.021657250470809835	-0.00941619585687379	0.012241054613936044	6398502
2021-04-15	0.014883720930232571	0.0037209302325580604	0.017674418604651118	-0.012093023255814026	0.014883720930232571	4744351
2021-04-16	-0.012832263978001884	-0.0009165902841429685	0.012832263978001884	-0.028414298808432676	-0.012832263978001884	6748650
2021-04-19	0.0501392757660168	-0.001857010213556135	0.0501392757660168	-0.013927576601671343	0.0501392757660168	11007487
2021-04-20	0.02917771883289125	0.0	0.04951370468611836	-0.014146772767462434	0.02917771883289125	12012185
2021-04-21	0.010309278350515396	-0.011168384879725152	0.029209621993127134	-0.01288659793814436	0.010309278350515396	8423741
2021-04-22	-0.0034013605442176145	0.0	0.012755102040816356	-0.011054421768707398	-0.0034013605442176145	5998705
2021-04-23	0.006825938566552906	-0.005972696245733812	0.01706484641638219	-0.014505119453924908	0.006825938566552906	5197050
2021-04-26	-0.04999999999999998	0.005084745762711756	0.013559322033898317	-0.04999999999999998	-0.04999999999999998	13687782
2021-04-27	-0.03925066904549521	-0.016057091882248124	0.007136485280998956	-0.0499553969669938	-0.03925066904549521	14989100
2021-04-28	0.0501392757660168	-0.006499535747446637	0.0501392757660168	-0.01578458681522748	0.0501392757660168	17769910
2021-04-29	0.028293545534924868	0.001768346595932765	0.04862953138815198	0.0008841732979663825	0.028293545534924868	10087017
2021-04-30	0.04987102321582115	-0.011177987962166876	0.04987102321582115	-0.036113499570077374	0.04987102321582115	18339290
2021-05-06	0.04995904995904991	0.044226044226044155	0.04995904995904991	0.00573300573300561	0.04995904995904991	15472006
2021-05-07	0.04992199687987524	0.04992199687987524	0.04992199687987524	0.04992199687987524	0.04992199687987524	3731582
2021-05-10	0.04977711738484397	0.04977711738484397	0.04977711738484397	0.04977711738484397	0.04977711738484397	3774483
2021-05-11	0.0	0.0	0.0	0.0	0.0	0
2021-05-12	0.028308563340410372	0.0	0.04387827317763618	-0.0721868365180468	0.028308563340410372	47066845
2021-05-13	0.013764624913971167	-0.022711631108052313	0.09979353062629051	-0.04335856847900888	0.013764624913971167	77001003
2021-05-14	0.008825526137135031	-0.004073319755600848	0.09164969450101819	-0.04955872369314327	0.008825526137135031	61309491
2021-05-17	-0.026244952893674213	0.017496635262449517	0.04306864064602965	-0.029609690444145326	-0.026244952893674213	36991768
2021-05-18	0.0642709053213545	0.007601935038009635	0.10020732550103657	0.002073255010366231	0.0642709053213545	54320784
2021-05-19	0.10000000000000006	0.0064935064935064705	0.10000000000000006	0.001298701298701271	0.10000000000000006	37473702
2021-05-20	0.06434474616292797	0.030106257378984532	0.0903187721369538	-0.02597402597402605	0.06434474616292797	67540556
2021-05-21	0.03050471436494715	-0.024958402662229772	0.08541320022185242	-0.04270660011092621	0.03050471436494715	59263115
2021-05-24	-0.02529601722282018	-0.004305705059203353	0.018837459634015147	-0.05651237890204506	-0.02529601722282018	46715162
2021-05-25	0.04914411927112096	-0.006626173384870293	0.07675317504141362	-0.03865267807840968	0.04914411927112096	57260405
2021-05-26	-0.022631578947368405	-0.018421052631579022	0.04210526315789478	-0.02631578947368421	-0.022631578947368405	41575395
2021-05-27	-0.025309639203015554	-0.018847603661820218	0.018309100700053843	-0.0700053850296177	-0.025309639203015554	37502894
2021-05-28	0.04364640883977895	0.006629834254143504	0.04585635359116012	-0.0038674033149171424	0.04364640883977895	37687265
2021-05-31	0.10005293806246694	0.006881948120698729	0.10005293806246694	-0.008470089994706201	0.10005293806246694	63787604
2021-06-01	-0.03753609239653518	-0.032242540904716156	0.002887391722810333	-0.0659287776708374	-0.03753609239653518	45665161
2021-06-02	-0.1	-0.0125	0.0125	-0.1	-0.1	54921851
2021-06-03	0.01833333333333324	-0.03166666666666668	0.05444444444444447	-0.052777777777777736	0.01833333333333324	37214310
2021-06-04	0.09983633387888718	-0.010365521003818753	0.09983633387888718	-0.010365521003818753	0.09983633387888718	49832913
2021-06-07	0.08531746031746026	0.04117063492063484	0.09375000000000003	0.015873015873015886	0.08531746031746026	54466422
2021-06-08	0.0031992687385740534	-0.02193784277879344	0.06946983546617914	-0.023765996343692853	0.0031992687385740534	48825511
2021-06-09	0.05694760820045558	0.0027334851936219717	0.08291571753986333	-0.021412300683371247	0.05694760820045558	43452710
2021-06-10	-0.014655172413793098	0.03491379310344837	0.059482758620689614	-0.04267241379310338	-0.014655172413793098	55491372
2021-06-11	-0.0743657042869641	-0.09623797025371826	-0.020122484689413862	-0.09623797025371826	-0.0743657042869641	46448417
2021-06-15	-0.00756143667296787	0.0037807183364838514	0.039697542533081276	-0.00756143667296787	-0.00756143667296787	24949252
2021-06-16	-0.04476190476190482	-0.013809523809523768	-0.005238095238095211	-0.05333333333333338	-0.04476190476190482	26171167
2021-06-17	0.05732801595214368	0.0	0.0827517447657029	-0.0029910269192422096	0.05732801595214368	29122472
2021-06-18	0.020744931636020637	-0.009429514380009395	0.036303630363036285	-0.03253182461103259	0.020744931636020637	27795668
2021-06-21	-0.042956120092378744	-0.014780600461893778	-0.007390300230946889	-0.052655889145496404	-0.042956120092378744	25550478
2021-06-22	-0.034749034749034693	-0.0033783783783783924	0.008687258687258673	-0.0709459459459459	-0.034749034749034693	25805634
2021-06-23	0.04250000000000007	-0.010999999999999944	0.0625	-0.010999999999999944	0.04250000000000007	25806449
2021-06-24	-0.011510791366906569	-0.008153477218225501	0.01678657074340517	-0.06474820143884899	-0.011510791366906569	26193034
2021-06-25	0.004852013585638109	0.0	0.046579330422125226	0.0	0.004852013585638109	19524233
2021-06-28	-0.0062771607918881	-0.005311443746982106	0.03090294543698699	-0.019314340898116955	-0.0062771607918881	20774500
2021-06-29	0.08503401360544219	-0.006316812439261371	0.10009718172983491	-0.015549076773566413	0.08503401360544219	38466681
2021-06-30	0.0	-0.019256605463502004	0.015673981191222635	-0.03716972682489916	0.0	27510278
2021-07-01	0.050604567845947274	-0.0004478280340348415	0.08374384236453207	-0.009852216748768423	0.050604567845947274	38858542
2021-07-02	0.023444160272804805	-0.016624040920716135	0.045609548167092936	-0.024722932651321475	0.023444160272804805	36997704
2021-07-05	0.0770512286547271	0.012078300708038281	0.08621407746772164	0.012078300708038281	0.0770512286547271	36549985
2021-07-06	-0.05955143078112912	-0.021655065738592372	0.02088167053364266	-0.0989945862335653	-0.05955143078112912	46275172
2021-07-07	0.009868421052631514	-0.00986842105263166	0.04152960526315781	-0.011101973684210509	0.009868421052631514	37884959
2021-07-08	-0.030130293159609058	-0.01791530944625398	0.012622149837133645	-0.04600977198697065	-0.030130293159609058	35002164
2021-07-09	0.024349286314021758	-0.012174643157010879	0.036943744752308945	-0.05163727959697735	0.024349286314021758	37647839
2021-07-12	0.04631147540983617	0.004098360655737763	0.06557377049180334	-0.017213114754098285	0.04631147540983617	48167634
2021-07-13	-0.007050528789659213	0.0007833920877398971	0.017234625930278014	-0.050137093615354525	-0.007050528789659213	41683445
2021-07-14	-0.053254437869822535	-0.01972386587771203	-0.006706114398422157	-0.053254437869822535	-0.053254437869822535	35168400
2021-07-15	0.08791666666666664	-0.016666666666666607	0.09999999999999994	-0.03833333333333341	0.08791666666666664	58171485
2021-07-16	0.031788586748372344	0.003829950210647316	0.07391803906549214	-0.01570279586365378	0.031788586748372344	59735996
2021-07-19	-0.0360059391239793	-0.008908685968819673	0.024498886414253903	-0.03749072011878254	-0.0360059391239793	44228202
2021-07-20	0.004620716211012746	-0.034270311898344265	0.018867924528301966	-0.03735078937235267	0.004620716211012746	24015524
2021-07-21	0.034879264085856655	0.008049060942890028	0.0674587964737448	0.00344959754695285	0.034879264085856655	43451195
2021-07-22	0.007407407407407381	0.029629629629629655	0.029629629629629655	-0.01999999999999997	0.007407407407407381	37919786
2021-07-23	-0.0165441176470588	0.0	0.021323529411764776	-0.04191176470588238	-0.0165441176470588	36234917
2021-07-26	0.04598130841121497	-0.0018691588785046994	0.04598130841121497	-0.02130841121495328	0.04598130841121497	33312348
2021-07-27	-0.023945675482487553	0.0007147962830593128	0.10007147962830595	-0.03502501786990709	-0.023945675482487553	55717125
2021-07-28	-0.07103625045770771	-0.04064445258147197	-0.006590992310508961	-0.09666788722079814	-0.07103625045770771	38592100
2021-07-29	0.05360662199448165	0.026409144659046042	0.06819077650768626	0.005124162396531297	0.05360662199448165	29983257
2021-07-30	0.04863449307893755	0.004115226337448538	0.06921062476618024	-0.019079685746352472	0.04863449307893755	41700289
2021-08-02	0.02604352479486266	0.06600071352122718	0.09882268997502673	-0.009989297181591193	0.02604352479486266	47916115
2021-08-03	-0.05250347705146041	-0.011474269819193387	0.03511821974965222	-0.05389429763560503	-0.05250347705146041	32133363
2021-08-04	0.06788990825688078	0.0	0.07522935779816517	-0.02091743119266056	0.06788990825688078	33068712
2021-08-05	0.03127147766323024	-0.012027491408934755	0.03470790378006866	-0.026804123711340243	0.03127147766323024	34713210
2021-08-06	0.017327557480839705	0.010663112295901257	0.04831722759080304	0.00666444518493833	0.017327557480839705	35711540
2021-08-09	0.03111693416311822	-0.02096298722567968	0.032099574189321994	-0.08254176220111364	0.03111693416311822	36429465
2021-08-10	-0.07973316391359599	-0.031130876747141056	0.006670902160101679	-0.10006353240152484	-0.07973316391359599	48147993
2021-08-11	-0.0455643769416638	-0.0331377286848463	0.0034518467380048818	-0.06420434932688987	-0.0455643769416638	33495728
2021-08-12	-0.01374321880650991	-0.016636528028932996	0.016274864376130304	-0.09584086799276668	-0.01374321880650991	52563795
2021-08-13	-0.009534286762009462	-0.02420242024202421	0.04877154382104884	-0.03190319031903194	-0.009534286762009462	38115708
2021-08-16	-0.06516105146242138	-0.02258422806368023	-0.022213994816734594	-0.07367641614216963	-0.06516105146242138	23211801
2021-08-17	-0.038811881188118826	-0.009504950495049442	0.02495049504950491	-0.038811881188118826	-0.038811881188118826	23096645
2021-08-18	0.10012360939431396	0.03461063040791099	0.10012360939431396	0.03461063040791099	0.10012360939431396	17894467
2021-08-19	0.09250936329588025	0.022471910112359605	0.09962546816479402	0.004119850187265897	0.09250936329588025	67930121
2021-08-20	0.0030853616729516575	-0.03016798080219412	0.0198834418923551	-0.03016798080219412	0.0030853616729516575	52156836
2021-08-23	0.006493506493506416	0.0006835269993164584	0.044771018455228934	0.0006835269993164584	0.006493506493506416	52710768
2021-08-24	-0.0037351443123938687	-0.012224108658743614	0.04787775891341257	-0.012563667232597657	-0.0037351443123938687	42757006
2021-08-25	0.0487389229720518	-0.009202453987730046	0.08043626448534422	-0.03442399454669399	0.0487389229720518	56560519
2021-08-26	-0.022099447513812147	-0.008774780630484225	0.03542411439714007	-0.03119922001949954	-0.022099447513812147	41272842
2021-08-27	0.013293452974410055	-0.002658690594881964	0.025257560651379247	-0.040212695247590594	0.013293452974410055	39054587
2021-08-30	-0.022630370613315767	0.007543456871105295	0.032469662184322796	-0.022630370613315767	-0.022630370613315767	41499225
2021-08-31	0.025167785234899327	-0.014765100671140983	0.02718120805369123	-0.0395973154362416	0.025167785234899327	38121994
2021-09-01	-0.08837970540098197	-0.007201309328968983	0.020294599018003304	-0.09656301145662845	-0.08837970540098197	46094451
2021-09-02	0.03411131059245958	-0.006822262118491966	0.03447037701974855	-0.019389587073608713	0.03411131059245958	31012079
2021-09-03	-0.029513888888888937	-0.005208333333333408	0.010069444444444414	-0.06250000000000003	-0.029513888888888937	28374725
2021-09-06	0.10017889087656533	0.0057245080500894505	0.10017889087656533	-0.00608228980321997	0.10017889087656533	42292199
2021-09-07	0.03609756097560974	0.04065040650406504	0.07317073170731707	0.01560975609756099	0.03609756097560974	59619263
2021-09-08	-0.026993094789704943	0.010357815442561152	0.02950408035153791	-0.03640929064657879	-0.026993094789704943	48013567
2021-09-09	-0.0006451612903225669	0.01548387096774195	0.0309677419354839	-0.020967741935483824	-0.0006451612903225669	31818049
2021-09-10	0.08102001291155589	0.01678502259522271	0.09748224661071658	-0.007424144609425449	0.08102001291155589	52898069
2021-09-13	0.02149895491191397	-0.0032845625559868447	0.03911615407584339	-0.0059719319199761966	0.02149895491191397	39350901
2021-09-14	-0.011984799766150356	0.009938614440222048	0.039169833382051926	-0.0485238234434377	-0.011984799766150356	38420683
2021-09-15	-0.00177514792899394	0.005917159763313694	0.034615384615384666	-0.025739644970414127	-0.00177514792899394	33926043
2021-09-16	-0.09306461173681092	0.0017783046828688549	0.0017783046828688549	-0.09988144635447542	-0.09306461173681092	42716153
2021-09-17	0.016339869281045753	0.006209150326797311	0.041830065359477045	-0.05000000000000004	0.016339869281045753	26853333
2021-09-22	0.0035369774919613963	-0.0035369774919615108	0.0408360128617362	-0.0141479099678457	0.0035369774919613963	22286587
2021-09-23	-0.019545017622556855	0.01441845562319767	0.017622556872797204	-0.049022749118872194	-0.019545017622556855	24188575
2021-09-24	-0.058823529411764726	-0.010457516339869289	-0.0052287581699346445	-0.06699346405228761	-0.058823529411764726	21767246
2021-09-27	-0.078125	-0.0003472222222222765	0.00694444444444442	-0.09999999999999996	-0.078125	30845202
2021-09-28	-0.012806026365348394	-0.0045197740112994725	0.016949152542372854	-0.014689265536723185	-0.012806026365348394	12312173
2021-09-29	-0.07134681419305612	-0.0049599389545975795	0.0	-0.07516215185043885	-0.07134681419305612	21271164
2021-09-30	0.09983566146261297	0.016433853738701668	0.09983566146261297	0.016433853738701668	0.09983566146261297	16085494
2021-10-08	0.044826298094882304	0.045946955547254406	0.07358983937243178	0.013074336944340733	0.044826298094882304	28901092
2021-10-11	0.02395423668215952	0.0725777618877369	0.0800858062209511	0.011798355380765173	0.02395423668215952	33180637
2021-10-12	0.06843575418994416	-0.004888268156424601	0.09636871508379881	-0.012918994413407856	0.06843575418994416	35718282
2021-10-13	-0.01339869281045752	-0.02058823529411773	0.0032679738562090806	-0.04150326797385631	-0.01339869281045752	24348401
2021-10-14	-0.03908578999668763	-0.008943358728055633	0.019874130506790256	-0.042398145081152736	-0.03908578999668763	21520045
2021-10-15	0.023095484315753124	-0.0072388831437435654	0.03378145467080306	-0.022406066873491972	0.023095484315753124	18825200
2021-10-18	0.013814016172506743	-0.006064690026954168	0.023921832884097063	-0.0296495956873315	0.013814016172506743	19873558
2021-10-19	0.004985044865403742	0.005317381189764046	0.010302426055167787	-0.009970089730807602	0.004985044865403742	16924400
2021-10-20	0.06712962962962979	0.004960317460317531	0.09986772486772486	-0.007605820105820003	0.06712962962962979	50868996
2021-10-21	-0.044933374651379074	0.0	0.0021691973969631324	-0.05175085218469171	-0.044933374651379074	32134293
2021-10-22	-0.028552887735236825	0.009733939000648952	0.029201817001946743	-0.03277092796885145	-0.028552887735236825	20937979
2021-10-25	0.02839011356045417	-0.014696058784235178	0.030060120240480912	-0.023046092184368778	0.02839011356045417	17993200
2021-10-26	0.02240987333549858	0.023059434881455045	0.07924650860669041	0.0025982461838259777	0.02240987333549858	27034651
2021-10-27	-0.019059720457433336	-0.002541296060991164	0.01651842439644217	-0.040660736975857724	-0.019059720457433336	20769350
2021-10-28	-0.07383419689119164	0.010362694300518144	0.010362694300518144	-0.08354922279792741	-0.07383419689119164	21872301
2021-10-29	0.011888111888111882	0.009790209790209706	0.02902097902097896	-0.015034965034965025	0.011888111888111882	13969120
2021-11-01	-0.026261230131306202	0.00034554250172764376	0.01243953006219763	-0.0366275051831376	-0.026261230131306202	13027247
2021-11-02	-0.020227111426543657	0.014904187366926959	0.014904187366926959	-0.045777146912704014	-0.020227111426543657	14163800
2021-11-03	0.003259688518652657	0.0	0.007968127490039799	-0.02390438247011953	0.003259688518652657	10641272
2021-11-04	0.02346570397111921	-0.0036101083032490204	0.03971119133574012	-0.021660649819494508	0.02346570397111921	20704155
2021-11-05	-0.013756613756613776	-0.001763668430335122	0.045149911816578396	-0.01728395061728402	-0.013756613756613776	17303100
2021-11-08	0.03969957081545062	-0.016452074391988585	0.05221745350500718	-0.017525035765379185	0.03969957081545062	18295185
2021-11-09	-0.014103887168902653	-0.006535947712418344	0.004471964224286171	-0.02304781561747512	-0.014103887168902653	11294217
2021-11-10	-0.032100488485694405	-0.003489183531053783	-0.003489183531053783	-0.05059316120027911	-0.032100488485694405	11985917
2021-11-11	-0.0115356885364094	-0.001441961067051159	0.006488824801730472	-0.02018745493871661	-0.0115356885364094	7729701
2021-11-12	-0.007658643326039418	0.009846827133479195	0.015317286652078706	-0.01641137855579879	-0.007658643326039418	10368213
2021-11-15	-0.037118706357956686	-0.03050349136346938	-0.022418228592429233	-0.06762219772142594	-0.037118706357956686	15883942
2021-11-16	-0.04007633587786262	-0.007633587786259515	0.0038167938931298255	-0.043893129770992315	-0.04007633587786262	15796900
2021-11-17	0.03817097415506962	0.01709741550695824	0.04453280318091456	0.005964214711729707	0.03817097415506962	16857252
2021-11-18	0.04672539256989655	-0.0061279203370356245	0.07659900421294523	-0.017617770968977438	0.04672539256989655	26075613
2021-11-19	-0.021222100256128733	-0.010976948408342378	0.016465422612513825	-0.03439443834613969	-0.021222100256128733	18429800
2021-11-22	0.028411214953271088	-0.0018691588785046994	0.037383177570093455	-0.009345794392523364	0.028411214953271088	15323801
2021-11-23	-0.019992729916394062	-0.00581606688476918	0.005089058524172919	-0.02944383860414403	-0.019992729916394062	12416901
2021-11-24	-0.02151335311572707	-0.006676557863501473	0.005563798219584517	-0.024480712166172112	-0.02151335311572707	10461501
2021-11-25	0.0018953752843063197	0.0015163002274451364	0.02956785443517821	-0.007960576194086327	0.0018953752843063197	13074706
2021-11-26	0.04426787741203185	0.013999243284146841	0.05902383654937566	0.0	0.04426787741203185	21892320
2021-11-29	0.03478260869565208	-0.023550724637681236	0.04782608695652175	-0.0286231884057972	0.03478260869565208	24895100
2021-11-30	-0.03711484593837531	0.0	0.01365546218487397	-0.040966386554621786	-0.03711484593837531	17546499
2021-12-01	-0.020727272727272737	0.0007272727272727117	0.005090909090909111	-0.03127272727272725	-0.020727272727272737	12744485
2021-12-02	-0.02302265131823249	-0.007055328629780961	-0.0011139992573338706	-0.028221314519123582	-0.02302265131823249	14333885
2021-12-03	0.0999619916381605	0.0030406689471684472	0.0999619916381605	-0.002660585328772341	0.0999619916381605	39484632
2021-12-06	0.021423635107118085	0.01243953006219763	0.048721492743607465	0.0	0.021423635107118085	52304713
2021-12-07	0.004059539918809235	0.01488497970230045	0.04499323410013538	-0.008795669824086536	0.004059539918809235	33105817
2021-12-08	-0.01954177897574118	-0.0010107816711590679	-0.0006738544474393387	-0.054245283018867906	-0.01954177897574118	21349928
2021-12-09	0.0017182130584191462	-0.0034364261168385365	0.03470790378006866	-0.008247422680412439	0.0017182130584191462	20595449
2021-12-10	0.07581475128644943	0.017838765008576438	0.09777015437392801	0.00445969125214417	0.07581475128644943	50479500
2021-12-13	0.0781250000000001	-0.014349489795918345	0.09630102040816337	-0.022321428571428548	0.0781250000000001	48676398
2021-12-14	0.044957113280094524	0.007394262052647146	0.0585625554569653	-0.002661934338953073	0.044957113280094524	44189198
2021-12-15	-0.031418058307387475	0.0033965468440420197	0.0048117746957260605	-0.06000566091140667	-0.031418058307387475	34416592
2021-12-16	-0.042957334891876066	0.002045587375803632	0.007597895967270544	-0.05493863237872576	-0.042957334891876066	24327205
2021-12-17	0.03969465648854953	0.0015267175572518216	0.05282442748091593	-0.004580152671755682	0.03969465648854953	22045817
2021-12-20	-0.016152716593245145	-0.0011747430249632643	0.007342143906020559	-0.04405286343612335	-0.016152716593245145	18244611
2021-12-21	0.023880597014925287	-0.005671641791044708	0.04447761194029857	-0.005671641791044708	0.023880597014925287	15754175
2021-12-22	0.007871720116618167	0.0005830903790088375	0.07609329446064139	-0.01457725947521866	0.007871720116618167	27797012
2021-12-23	0.010702921608330848	-0.00462829042522429	0.026901938096615553	-0.008099508244142352	0.010702921608330848	15485199
2021-12-24	-0.06096164854035477	0.0005724098454494312	0.009158557527189476	-0.07613050944476235	-0.06096164854035477	22034935
2021-12-27	0.04236513258153004	0.014324900944833857	0.08442548003657409	0.014324900944833857	0.04236513258153004	18998616
2021-12-28	0.09999999999999984	0.014912280701754327	0.09999999999999984	-0.005847953216374352	0.09999999999999984	21637687
2021-12-29	0.03694843168527381	0.01594896331738441	0.059011164274322334	0.01010101010101017	0.03694843168527381	47005376
2021-12-30	-0.029992309664188532	-0.010510125608818165	0.003845167905665178	-0.056652140476800845	-0.029992309664188532	32835900
2021-12-31	0.08350951374207179	-0.0018498942917547642	0.09698731501057067	-0.010306553911205088	0.08350951374207179	43892324
2022-01-04	-0.06634146341463412	0.014634146341463448	0.018780487804878124	-0.09780487804878044	-0.06634146341463412	40155296
2022-01-05	-0.050417972831765925	-0.02612330198537095	-0.00339602925809829	-0.0747126436781609	-0.050417972831765925	23349125
2022-01-06	0.06712517193947724	0.0	0.09215955983493813	0.0	0.06712517193947724	24447930
2022-01-07	-0.08094869811807169	0.0002577984016498585	0.0012889920082496589	-0.08352668213457082	-0.08094869811807169	27453002
2022-01-10	-0.022159887798036442	0.0	0.02300140252454419	-0.02945301542776991	-0.022159887798036442	21912715
2022-01-11	-0.01749856569133676	-0.02467010900745839	-0.0005737234652896162	-0.08204245553643143	-0.01749856569133676	24507001
2022-01-12	-0.021021897810218945	0.039416058394160625	0.0505109489051094	-0.04759124087591248	-0.021021897810218945	22669384
2022-01-13	-0.056069191768565535	-0.0008947211452430998	0.005666567253206016	-0.057560393677303895	-0.056069191768565535	23371915
2022-01-14	0.009478672985782014	-0.0022116903633491404	0.03064770932069507	-0.0047393364928909505	0.009478672985782014	14144600
2022-01-17	-0.0169014084507042	0.0003129890453834605	0.00876369327073545	-0.03348982785602505	-0.0169014084507042	13956588
2022-01-18	-0.02897166507481694	-0.0006367398917542049	-0.0006367398917542049	-0.04934734161095195	-0.02897166507481694	20716607
2022-01-19	-0.04819672131147537	-0.0006557377049180188	0.0	-0.05475409836065579	-0.04819672131147537	18412847
2022-01-20	-0.005167068549776167	0.000344471236651671	0.021701687909059558	-0.009645194626248747	-0.005167068549776167	14210109
2022-01-21	-0.0010387811634348194	0.0003462603878116885	0.04882271468144045	-0.012465373961218818	-0.0010387811634348194	16341407
2022-01-24	0.10017331022530318	0.005199306759098737	0.10017331022530318	-0.010745233968804238	0.10017331022530318	34568327
2022-01-25	-0.00031505986137359834	-0.01543793320730934	0.03402646502835545	-0.0258349086326401	-0.00031505986137359834	29507221
2022-01-26	0.022691459186889456	0.01701859439016712	0.03592814371257476	-0.01418216199180584	0.022691459186889456	20199921
2022-01-27	-0.02927580893682597	-0.0030816640986132946	0.012942989214175487	-0.03235747303543927	-0.02927580893682597	19675051
2022-01-28	0.03015873015873025	0.008571428571428558	0.03365079365079372	-0.04380952380952378	0.03015873015873025	21717279
2022-02-07	0.01848998459167933	0.028351309707241742	0.034206471494607066	-0.01417565485362109	0.01848998459167933	19108281
2022-02-08	-0.02420574886535544	-0.007866868381240484	-0.007564296520423602	-0.052344931921331224	-0.02420574886535544	13655808
2022-02-09	0.03782945736434105	-0.007751937984496124	0.06201550387596899	-0.014883720930232571	0.03782945736434105	18139598
2022-02-10	0.028084852106363842	0.0367493277561997	0.04959665371974914	0.004780400358530138	0.028084852106363842	22442492
2022-02-11	0.017146178436501118	-0.021505376344085874	0.07236268526591114	-0.023539668700958884	0.017146178436501118	26792963
2022-02-14	0.006857142857142914	-0.02000000000000008	0.04257142857142863	-0.022571428571428548	0.006857142857142914	16882492
2022-02-15	0.005959137343927379	0.007377979568671907	0.017877412031781937	-0.02497162315550518	0.005959137343927379	12136018
2022-02-16	0.019464033850493587	0.022002820874470915	0.04231311706629055	0.007052186177715091	0.019464033850493587	22404145
2022-02-17	0.044548976203652446	-0.015218594355284923	0.05976757055893737	-0.017708909795240747	0.044548976203652446	28664011
2022-02-18	-0.013774834437086176	-0.019867549668874173	-0.0047682119205297935	-0.029139072847682156	-0.013774834437086176	16775991
2022-02-21	0.0021488047273705456	-0.004566210045661956	0.017727639000805904	-0.01101262422777321	0.0021488047273705456	19895199
2022-02-22	0.02224604663629049	0.01072098633074239	0.028142589118198797	-0.0016081479496114252	0.02224604663629049	27289771
2022-02-23	-0.02202412165705305	-0.004719454640797056	0.006554798112218143	-0.03696906135291043	-0.02202412165705305	27257171
2022-02-24	-0.01876675603217147	-0.013404825737265416	0.022252010723860738	-0.048257372654155424	-0.01876675603217147	29562194
2022-02-25	0.02404371584699441	0.02459016393442619	0.0396174863387977	0.009836065573770475	0.02404371584699441	23056584
2022-02-28	0.025613660618996822	0.009871931696905138	0.02694770544290302	-0.007470651013873907	0.025613660618996822	24977400
2022-03-01	-0.061654526534859456	-0.011706555671175749	-0.006243496357960325	-0.06581685744016652	-0.061654526534859456	32649310
2022-03-02	0.021624618796784064	-0.0024951483227059444	0.032436928195176094	-0.0024951483227059444	0.021624618796784064	16378877
2022-03-03	0.02415196743554954	0.00461329715061063	0.050746268656716345	-0.007598371777476286	0.02415196743554954	26298122
2022-03-04	-0.015898251192368876	-0.0090090090090091	0.010863804981451949	-0.030471648118706902	-0.015898251192368876	14564271
2022-03-07	0.02127086698976842	0.01130856219709213	0.03904146472805608	0.011039310716208848	0.02127086698976842	21159177
2022-03-08	-0.05852886896915367	-0.013973108357500688	0.006327445293962615	-0.09412074874769313	-0.05852886896915367	25451283
2022-03-09	-0.031083730047605698	0.0025203024362922518	0.013161579389526711	-0.08765051806216753	-0.031083730047605698	16615961
2022-03-10	0.057803468208092484	0.026011560693641578	0.0627167630057804	0.0028901734104046653	0.057803468208092484	17465836
2022-03-11	-0.05081967213114753	-0.043715846994535554	-0.017759562841530015	-0.07377049180327876	-0.05081967213114753	21564494
2022-03-14	-0.042026482440990234	-0.009786989061600557	-0.007484168105929911	-0.05238917674150835	-0.042026482440990234	17839801
2022-03-15	-0.02133413461538464	-0.017427884615384564	0.03004807692307692	-0.027043269230769187	-0.02133413461538464	17254074
2022-03-16	0.02855388394227816	0.02087810868897758	0.031010132023334296	-0.02118513969910965	0.02855388394227816	18971501
2022-03-17	-0.011343283582089629	0.001492537313432751	0.026865671641791003	-0.014029850746268623	-0.011343283582089629	16019803
2022-03-18	0.003623188405797239	-0.0036231884057970243	0.012983091787439605	-0.017814009661835637	0.003623188405797239	9726410
2022-03-21	-0.006919374247894223	-0.014741275571600541	0.010830324909747275	-0.0237665463297232	-0.006919374247894223	16504843
2022-03-22	-0.010905786125416523	-0.005755831566191995	0.021811572250833047	-0.02211451075431678	-0.010905786125416523	15033600
2022-03-23	-0.017151607963246406	0.003369065849923413	0.009188361408882214	-0.022358346094946305	-0.017151607963246406	12614121
2022-03-24	0.01589280149579302	0.0043627298223743675	0.029292614521657764	-0.029292614521657986	0.01589280149579302	16919176
2022-03-25	0.009509202453987581	0.004907975460122595	0.02730061349693253	-0.008895705521472366	0.009509202453987581	18941794
2022-03-28	-0.034336068064417975	-0.0045578851412943966	-0.0045578851412943966	-0.04800972348830138	-0.034336068064417975	12915416
2022-03-29	0.01793580868470737	0.006607929515418417	0.03178099433606035	-0.011327879169288842	0.01793580868470737	14067021
2022-03-30	-0.008037094281298238	-0.009582689335394197	0.006182380216383176	-0.021020092735703235	-0.008037094281298238	11639701
2022-03-31	-0.05952009971953891	-0.002492988469928495	0.002492988469928273	-0.06699906512932384	-0.05952009971953891	20083843
2022-04-01	0.020543406229290954	-0.00894632206759442	0.03379721669980118	-0.014247846255798533	0.020543406229290954	12332426
2022-04-06	-0.027922077922077904	-0.010064935064935138	0.002597402597402542	-0.03571428571428576	-0.027922077922077904	10272814
2022-04-07	0.042752171008683955	-0.0006680026720106738	0.05878423513694048	-0.011356045424181692	0.042752171008683955	17968431
2022-04-08	-0.007046764894298491	-0.007687379884689252	0.02818705957719419	-0.02626521460602179	-0.007046764894298491	19610727
2022-04-11	-0.06064516129032255	-0.009677419354838733	-0.008064516129032258	-0.06129032258064512	-0.06064516129032255	16815845
2022-04-12	-0.0017170329670329913	0.013049450549450515	0.037087912087912026	-0.020260989010989005	-0.0017170329670329913	12618545
2022-04-13	-0.002063983488132051	0.0	0.023391812865497064	-0.019263845889232842	-0.002063983488132051	11479100
2022-04-14	0.0024129610479143994	0.0006894174422612745	0.020337814546708025	-0.027231988969321014	0.0024129610479143994	13379639
2022-04-15	-0.045392022008252986	-0.006533700137551504	-0.00481430536451159	-0.045392022008252986	-0.045392022008252986	11542836
2022-04-18	-0.014769452449567727	0.007204610951008619	0.007925072046109469	-0.023775216138328534	-0.014769452449567727	10728894
2022-04-19	0.04241316270566728	0.015356489945155325	0.05667276051188289	-0.0018281535648994774	0.04241316270566728	15215200
2022-04-20	-0.035075412136092596	-0.005612065941774821	0.0017537706068045302	-0.036127674500175413	-0.035075412136092596	10953203
2022-04-21	-0.0668847691748455	0.0003635041802980011	0.006543075245365311	-0.07306434023991282	-0.0668847691748455	14816266
2022-04-22	-0.013245033112582913	-0.007791195948578217	0.012855473315153809	-0.02415270744059217	-0.013245033112582913	10230800
2022-04-25	-0.09988156336360038	-0.016975917883932087	-0.016975917883932087	-0.09988156336360038	-0.09988156336360038	21564309
2022-04-26	-0.029385964912280776	-0.0004385964912281387	0.010087719298245633	-0.03859649122807013	-0.029385964912280776	15674672
2022-04-27	0.08766380478987805	-0.014460009037505661	0.08901943063714426	-0.014911884319927623	0.08766380478987805	20635624
2022-04-28	0.023265475695886943	-0.015371832156211093	0.04860822600747811	-0.022434565849605282	0.023265475695886943	20794665
2022-04-29	0.049939098660170544	0.00974421437271628	0.06699147381242396	-0.006090133982947567	0.049939098660170544	20016138
2022-05-05	0.00850734725444698	-0.005027068832173202	0.02474864655839136	-0.016627996906419168	0.00850734725444698	14775245
2022-05-06	-0.01725460122699384	-0.030291411042944756	0.004601226993865069	-0.03374233128834352	-0.01725460122699384	12187511
2022-05-09	0.002341006632852215	0.0007803355442840256	0.02926258291065158	-0.005072181037846235	0.002341006632852215	9808500
2022-05-10	0.014013234721681565	-0.01479174776177511	0.015959517321915147	-0.026080186843129686	0.014013234721681565	10758196
2022-05-11	0.006525911708253288	-0.007677543186180395	0.04261036468330132	-0.011132437619961579	0.006525911708253288	15827800
2022-05-12	-0.01563691838291381	-0.00839054157131956	0.010678871090770448	-0.03279938977879479	-0.01563691838291381	11150137
2022-05-13	-0.00542425416505219	0.004649360712902015	0.01743510267338252	-0.006974041069352953	-0.00542425416505219	6785116
2022-05-16	0.010907674328009254	0.010907674328009254	0.033112582781456866	0.00389559797428897	0.010907674328009254	9633882
2022-05-17	0.10019267822736036	0.021194605009633938	0.10019267822736036	0.010019267822736091	0.10019267822736036	14105610
2022-05-18	0.031173380035026288	0.029071803852889606	0.052189141856392236	0.011208406304728556	0.031173380035026288	38834403
2022-05-19	0.007812500000000014	-0.014945652173913086	0.017663043478260854	-0.021399456521739215	0.007812500000000014	21731346
2022-05-20	0.01078530502190754	-0.0057296932928884966	0.020896528479945987	-0.01179642736771154	0.01078530502190754	20086426
2022-05-23	0.0663554518172725	0.007335778592864369	0.08169389796598864	0.007335778592864369	0.0663554518172725	29507139
2022-05-24	-0.03220762976860542	-0.015009380863039413	0.02814258911819894	-0.03470919324577859	-0.03220762976860542	32350929
2022-05-25	-0.03586429725363488	-0.03231017770597738	-0.0006462035541195339	-0.05654281098546042	-0.03586429725363488	26788339
2022-05-26	0.009383378016085828	0.00033512064343168776	0.033847184986595225	-0.019436997319034796	0.009383378016085828	17312400
2022-05-27	0.003652058432934908	0.01792828685258961	0.03950863213811413	-0.007304116865869934	0.003652058432934908	13836389
2022-05-30	0.0016539861065167287	0.020509427720807178	0.02150181938471712	-0.02315580549123385	0.0016539861065167287	14108736
2022-05-31	-0.011228533685601052	-0.011558784676354076	-0.0036327608982826757	-0.027080581241743732	-0.011228533685601052	9684460
2022-06-01	-0.009018036072144273	-0.01035404141616574	0.0016700066800266252	-0.024382097528390125	-0.009018036072144273	8632311
2022-06-02	0.017526120660599918	-0.0057296932928884966	0.020559487698011438	-0.010448264239973113	0.017526120660599918	12413200
2022-06-06	0.04604173567406416	-0.005962239152037089	0.06492215965551498	-0.009605829744948748	0.04604173567406416	19974983
2022-06-07	-0.000633312222925889	0.0037998733375554463	0.012349588347055117	-0.016466117796073453	-0.000633312222925889	14967258
2022-06-08	0.03358681875792138	0.010773130544993658	0.053865652724968294	0.0015842839036755612	0.03358681875792138	23262834
2022-06-09	0.006744328632740834	-0.009503372164316223	0.01839362354383818	-0.014408338442673172	0.006744328632740834	17136806
2022-06-10	0.010353227771010848	-0.006699147381242569	0.01887941534713756	-0.012484774665042742	0.010353227771010848	19796397
2022-06-13	0.012959614225437002	-0.010247136829415198	0.03435804701627488	-0.010849909584086782	0.012959614225437002	19205739
2022-06-14	-0.0023802439750073875	-0.017256768818803878	-0.0005950609937517412	-0.041951800059506	-0.0023802439750073875	15548171
2022-06-15	-0.01878914405010446	0.005070086489710758	0.01580674023262753	-0.019982105577095188	-0.01878914405010446	13322013
2022-06-16	0.0030395136778115935	-0.002735562310030283	0.01945288753799394	-0.015197568389057751	0.0030395136778115935	11661103
2022-06-17	0.04121212121212119	0.00030303030303024275	0.045454545454545456	-0.004545454545454503	0.04121212121212119	22767293
2022-06-20	-0.010477299185098935	0.0005820721769500327	0.015424912689173492	-0.020663562281722957	-0.010477299185098935	15045552
2022-06-21	-0.05176470588235288	-0.0055882352941175805	0.0	-0.05647058823529417	-0.05176470588235288	17533664
2022-06-22	0.002171215880893309	0.0	0.023263027295285357	-0.0037220843672457985	0.002171215880893309	11159656
2022-06-23	0.009285051067780783	-0.003404518724852969	0.012999071494893055	-0.03930671618693912	0.009285051067780783	14199977
2022-06-24	0.006439742410303614	0.002759889604415928	0.011346212818153862	-0.021772462434835965	0.006439742410303614	9545025
2022-06-27	0.014015843997562488	-0.0006093845216332457	0.04509445460085304	-0.031078610603290664	0.014015843997562488	16865671
2022-06-28	0.009915865384615334	-0.0018028846153846836	0.03335336538461536	-0.012319711538461649	0.009915865384615334	13999244
2022-06-29	-0.05415055043141923	-0.00922344540315389	-0.007438262421898245	-0.05742338589705444	-0.05415055043141923	16090858
2022-06-30	0.036174897766593224	0.00031456432840520806	0.052532242843661585	0.00031456432840520806	0.036174897766593224	16724541
2022-07-01	0.07407407407407422	0.017304189435336986	0.09137826350941121	-0.005768063145112257	0.07407407407407422	31817575
2022-07-04	0.0361786319954775	-0.002261164499717507	0.05002826455624635	-0.015828151498021543	0.0361786319954775	22945867
2022-07-05	0.019094380796508534	0.0	0.028368794326241308	-0.01691216584833599	0.019094380796508534	18457917
2022-07-06	-0.012312633832976469	-0.012312633832976469	-0.000535331905781478	-0.031049250535331814	-0.012312633832976469	16926987
2022-07-07	0.020054200542005476	0.001084010840108378	0.043360433604336085	-0.013550135501355014	0.020054200542005476	16460851
2022-07-08	0.0037194473963868377	0.0010626992561104981	0.02550478214665252	-0.019659936238044688	0.0037194473963868377	14524912
2022-07-11	-0.024351508734780352	-0.002911593435680239	0.010587612493382704	-0.048703017469560704	-0.024351508734780352	15181771
2022-07-12	-0.029300054259359692	0.018990775908844352	0.031741725447639764	-0.04367878459034182	-0.029300054259359692	22773469
2022-07-13	0.019284516489658964	-0.013135830072666261	0.04807154835103406	-0.031022917831190593	0.019284516489658964	18817047
2022-07-14	-0.013435700575815794	-0.01837126405264606	0.00027419797093496053	-0.029887578831916544	-0.013435700575815794	11335381
2022-07-15	-0.0005558643690938306	0.0	0.03279599777654252	-0.005002779321845462	-0.0005558643690938306	10595745
2022-07-18	-0.0013904338153505078	-0.0022246941045605756	0.006674082313681924	-0.032536151279199156	-0.0013904338153505078	13277586
2022-07-19	-0.006126427179058727	-0.005012531328320795	0.009468114731272723	-0.022277917014759042	-0.006126427179058727	8658142
2022-07-20	0.015130288596245423	0.007284953768562767	0.03474362566545257	-0.0011207621182403797	0.015130288596245423	9678262
2022-07-21	-0.03947005244272702	-0.0016560861164779236	-0.0016560861164779236	-0.0397460667954733	-0.03947005244272702	11012180
2022-07-22	0.022701149425287538	0.001436781609195525	0.03390804597701149	-0.006896551724137784	0.022701149425287538	11508722
2022-07-25	-0.023883113234054548	0.01573475695420048	0.025568980050575906	-0.025568980050576107	-0.023883113234054548	10416979
2022-07-26	0.05670696603339087	0.021013241220495017	0.07800805987334487	0.021013241220495017	0.05670696603339087	28165351
2022-07-27	-0.04521928629801154	-0.007082538817760773	-0.004903296104603642	-0.05557068918550801	-0.04521928629801154	25784101
2022-07-28	-0.04336661911554911	-0.00028530670470750387	0.004279600570613572	-0.04564907275320954	-0.04336661911554911	22411181
2022-07-29	-0.0005964807634954705	-0.008052490307187686	0.008947211452430574	-0.01878914405010446	-0.0005964807634954705	10889049
2022-08-01	0.012533572068039444	-0.0032826022082960145	0.016413011041480283	-0.025962399283795807	0.012533572068039444	14588990
2022-08-02	-0.032419687592101426	-0.013557323902151513	-0.009136457412319549	-0.04627173592690835	-0.032419687592101426	15551158
2022-08-03	-0.0003045994517209263	0.0	0.03381053914102953	-0.0070057873895826035	-0.0003045994517209263	10533518
2022-08-04	0.008531383302864142	0.010054844606946932	0.036258379037172384	0.0003046922608165146	0.008531383302864142	10270424
2022-08-05	0.009667673716012093	0.0003021148036253175	0.017220543806646532	-0.014803625377643565	0.009667673716012093	9768879
2022-08-08	0.020347097546379405	0.0017953321364450978	0.020347097546379405	-0.005086774386594904	0.020347097546379405	10761455
2022-08-09	0.0008797653958944614	-0.004985337243401809	0.009384164222873909	-0.012609970674486794	0.0008797653958944614	9044410
2022-08-10	-0.00234397890419002	0.0014649868151185806	0.013477878699091733	-0.01113389979490192	-0.00234397890419002	10585455
2022-08-11	-0.007929515418502087	-0.0014684287812040283	0.0008810572687225004	-0.029662261380322998	-0.007929515418502087	12956645
2022-08-12	0.003256364712847822	-0.004736530491415147	0.015097690941385376	-0.0076968620485493786	0.003256364712847822	8962585
2022-08-15	0.03245795219828862	0.014458542342874062	0.05399822956624368	0.013573325464738885	0.03245795219828862	21193583
2022-08-16	-0.004858531008859723	0.0020005715918834034	0.011146041726207503	-0.010288653901114587	-0.004858531008859723	12453627
2022-08-17	0.006605399195864356	0.0	0.018667432510051655	-0.021252153934520446	0.006605399195864356	13373259
2022-08-18	-0.00028530670470750387	0.007132667617689016	0.007132667617689016	-0.00998573466476446	-0.00028530670470750387	12487871
2022-08-19	-0.09674657534246577	-0.05936073059360726	-0.05936073059360726	-0.11244292237442916	-0.09674657534246577	15788539
2022-08-22	0.037914691943128055	-0.011058451816745588	0.04170616113744077	-0.025908372827804116	0.037914691943128055	17352219
2022-08-23	-0.020395738203957434	-0.004566210045662057	0.012480974124809637	-0.02465753424657541	-0.020395738203957434	11095895
2022-08-24	-0.01460534493474204	0.004350528278433827	0.016469857054070888	-0.02423865755127412	-0.01460534493474204	9702245
2022-08-25	-0.023651844843897825	-0.0018921475875118975	0.004099653106275592	-0.03437401450646483	-0.023651844843897825	9569332
2022-08-26	0.012596899224806219	0.006136950904392691	0.038436692506459876	0.0012919896640826599	0.012596899224806219	11526040
2022-08-29	-0.0035087719298246564	-0.02296650717703357	0.005422647527910627	-0.03030303030303039	-0.0035087719298246564	7706019
2022-08-30	0.0003201024327785392	0.002880921895006398	0.020486555697823323	-0.010243277848911547	0.0003201024327785392	7772362
2022-08-31	0.0016000000000000228	0.004159999999999968	0.01632000000000005	-0.031039999999999963	0.0016000000000000228	19227055
2022-09-01	-0.05846645367412146	-0.009584664536741236	-0.006709265175718877	-0.06485623003194892	-0.05846645367412146	17762484
2022-09-02	-0.006786562606040017	0.002375296912114024	0.01119782829996613	-0.019681031557516063	-0.006786562606040017	9586999
2022-09-05	-0.006832934745473157	-0.008541168431841476	0.00034164673727371243	-0.015374103177314632	-0.006832934745473157	5286929
2022-09-06	0.07911936704506366	0.007223942208462362	0.08359133126934984	0.0003439972480219474	0.07911936704506366	20562425
2022-09-07	-0.0086069493146318	-0.014026139623844478	0.007331845712464151	-0.021995537137392454	-0.0086069493146318	8501530
2022-09-08	-0.01221864951768497	0.00032154340836006466	0.009003215434083523	-0.015112540192926122	-0.01221864951768497	6798907
2022-09-09	0.02246093750000004	0.000976562500000037	0.024088541666666734	-0.006835937499999912	0.02246093750000004	10310036
2022-09-13	0.026743075453677167	0.018783826806749438	0.04711875198981218	0.0095510983763133	0.026743075453677167	15454917
2022-09-14	-0.010852713178294617	-0.021705426356589126	0.007751937984496124	-0.02759689922480622	-0.010852713178294617	10912418
2022-09-15	-0.006269592476489006	0.009404388714733676	0.01974921630094052	-0.03103448275862064	-0.006269592476489006	11951567
2022-09-16	-0.006309148264984205	-0.016088328075709715	-0.006309148264984205	-0.048264984227129264	-0.006309148264984205	12705489
2022-09-19	-0.011111111111111157	-0.010158730158730167	0.007936507936507936	-0.02666666666666666	-0.011111111111111157	13005078
2022-09-20	0.01958266452648485	0.001926163723916606	0.033707865168539464	0.001926163723916606	0.01958266452648485	11768027
2022-09-21	-0.007241813602015127	-0.006297229219143666	0.0018891687657430327	-0.02172544080604538	-0.007241813602015127	7567496
2022-09-22	-0.023469711385981668	-0.012369172216936269	-0.00031715826197277393	-0.030764351411354342	-0.023469711385981668	8870042
2022-09-23	-0.027931146476128595	-0.002923026956804153	0.00519649236765184	-0.040272815849301674	-0.027931146476128595	8373699
2022-09-26	-0.018042098229201442	-0.00801871032408949	0.002338790511192793	-0.020380888740394235	-0.018042098229201442	6373236
2022-09-27	-0.006464783940115729	-0.002381762504253157	0.01054780537597818	-0.03028240898264718	-0.006464783940115729	6686516
2022-09-28	-0.04931506849315061	0.0	0.0003424657534247111	-0.05102739726027392	-0.04931506849315061	8262617
2022-09-29	0.03674351585014408	0.012608069164265052	0.051873198847262166	0.010806916426512865	0.03674351585014408	10582204
2022-09-30	-0.009728978457262026	0.0010423905489922718	0.009381514940931188	-0.01285615010423909	-0.009728978457262026	5125488
2022-10-10	-0.031929824561403516	0.003859649122806998	0.007719298245613996	-0.03543859649122812	-0.031929824561403516	6317011
2022-10-11	0.014860456687205514	-0.00543675244653855	0.03117071402682129	-0.00543675244653855	0.014860456687205514	5438182
2022-10-12	0.007857142857142816	-0.0057142857142857195	0.007857142857142816	-0.038571428571428513	0.007857142857142816	7559545
2022-10-13	-0.027994330262225343	-0.010985116938341557	-0.004606661941885153	-0.031183557760453545	-0.027994330262225343	6509032
2022-10-14	0.06015311702515489	0.03098796937659502	0.06489245351804598	0.03098796937659502	0.06015311702515489	14326829
2022-10-17	0.0017193947730399146	-0.011691884456671247	0.004470426409903802	-0.019257221458046724	0.0017193947730399146	9976291
2022-10-18	-0.003776175763817351	0.0027463096464126965	0.01750772399588059	-0.009268795056642623	-0.003776175763817351	6370064
2022-10-19	-0.0062026188835285915	-0.0013783597518952154	0.019986216402481112	-0.014472777394900006	-0.0062026188835285915	6403507
2022-10-20	-0.029126213592233004	-0.0024271844660194272	-0.0013869625520110662	-0.03640776699029129	-0.029126213592233004	9377203
2022-10-21	-0.001785714285714311	0.01071428571428574	0.017142857142857158	-0.01071428571428574	-0.001785714285714311	6535142
2022-10-24	-0.01753130590339887	0.004651162790697639	0.022540250447227156	-0.019320214669051847	-0.01753130590339887	7650498
2022-10-25	0.0010924981791696133	0.001456664238892904	0.008739985433357553	-0.03423160961398402	0.0010924981791696133	7903282
2022-10-26	0.015642051655147447	0.0	0.026191342306293285	-0.004001455074572551	0.015642051655147447	6981871
2022-10-27	-0.004656160458452813	0.002148997134670441	0.017191977077363783	-0.007521489971346735	-0.004656160458452813	6122200
2022-10-28	-0.04605973371716436	-0.01763224181360196	-0.006836991723641516	-0.05037783375314857	-0.04605973371716436	7462818
2022-10-31	0.02414183327046386	-0.021124104111656064	0.031686156167483964	-0.021124104111656064	0.02414183327046386	7603386
2022-11-01	0.05930018416206273	0.0022099447513812993	0.07513812154696142	0.0022099447513812993	0.05930018416206273	12725228
2022-11-02	-0.0038247566063978784	-0.0066063977746871096	0.0048678720445061545	-0.01182197496522948	-0.0038247566063978784	9684086
2022-11-03	0.01082024432809781	-0.02268760907504358	0.0314136125654451	-0.036998254799301876	0.01082024432809781	9728961
2022-11-04	0.07424033149171265	0.010704419889502718	0.08770718232044196	0.0	0.07424033149171265	21557544
2022-11-07	0.014143362262938004	0.0051430408228865365	0.03471552555448403	0.0	0.014143362262938004	19319060
2022-11-08	-0.0003169572107765947	-0.007606973058637147	0.010459587955625935	-0.012995245641838356	-0.0003169572107765947	9373571
2022-11-09	0.0009511731135066943	0.01331642358909327	0.01458465440710212	-0.008560558021559911	0.0009511731135066943	8229503
2022-11-10	-0.017738359201773794	-0.0009502692429522058	0.005068102629078243	-0.02819132087424772	-0.017738359201773794	11001885
2022-11-11	-0.010641728474685645	0.023218316672041238	0.02902289584005155	-0.011609158336020733	-0.010641728474685645	10458492
2022-11-14	-0.021838331160364998	0.00554106910039119	0.012059973924380737	-0.024445893089960886	-0.021838331160364998	9495200
2022-11-15	0.013662112629123629	0.007330889703432151	0.015994668443851945	-0.018660446517827466	0.013662112629123629	8509163
2022-11-16	-0.023997370151216318	-0.010190664036817957	0.0	-0.025969756738987597	-0.023997370151216318	7168837
2022-11-17	0.0037049511620073907	-0.0013472549680027853	0.0063994610980127225	-0.012125294712024351	0.0037049511620073907	6848227
2022-11-18	0.0016778523489933124	0.004697986577181227	0.022818791946308713	-0.009395973154362454	0.0016778523489933124	10074902
2022-11-21	0.012060301507537669	-0.018090452261306622	0.01775544388609707	-0.031825795644891214	0.012060301507537669	9902801
2022-11-22	-0.00595829195630585	0.0003310162197947041	0.006620324395895375	-0.012909632571996047	-0.00595829195630585	6594803
2022-11-23	-0.007992007992008058	-0.0009990009990010367	0.003663003663003644	-0.016983016983017036	-0.007992007992008058	5828445
2022-11-24	0.04431017119838873	0.006377979187646905	0.05740181268882178	-0.0010070493454178444	0.04431017119838873	14383608
2022-11-25	-0.016393442622950755	0.00032144005143045846	0.0012857602057216055	-0.023465123754419816	-0.016393442622950755	7419805
2022-11-28	-0.009150326797385658	-0.0160130718954249	-0.006862745098039243	-0.037254901960784334	-0.009150326797385658	6297438
2022-11-29	-0.002968337730870708	0.00032981530343001355	0.010554089709762543	-0.016160949868073943	-0.002968337730870708	5313223
2022-11-30	0.01819384717168378	0.0	0.01819384717168378	-0.01885544161429045	0.01819384717168378	8978816
2022-12-01	-0.018843404808317147	-0.005847953216374259	0.0	-0.0201429499675114	-0.018843404808317147	8506453
2022-12-02	-0.019205298013244977	-0.008940397350993364	-0.000662251655629125	-0.02119205298013247	-0.019205298013244977	9115581
2022-12-05	-0.009115462525320715	0.0003376097231599598	0.011816340310600873	-0.01586765698852135	-0.009115462525320715	9249726
2022-12-06	-0.019761499148211306	-0.011584327086882448	-0.0044293015332198486	-0.04190800681431006	-0.019761499148211306	13294892
2022-12-07	-0.02155022592978801	-0.0017379214459506678	0.016336461591936004	-0.02711157455683007	-0.02155022592978801	16170461
2022-12-08	0.002841918294849089	-0.005328596802841868	0.0071047957371226595	-0.017761989342806397	0.002841918294849089	9302418
2022-12-09	-0.0014169323414806641	-0.004605030109812221	0.01948281969535957	-0.011335458731845565	-0.0014169323414806641	12873872
2022-12-12	-0.024831500532103683	-0.0003547357218872495	0.003192621496984741	-0.02660517914153955	-0.024831500532103683	11323101
2022-12-13	-0.017824663514005037	0.00036376864314301795	0.009457984721717045	-0.02291742451800651	-0.017824663514005037	9128286
2022-12-14	-0.004074074074074053	-0.004444444444444481	0.008888888888888832	-0.007407407407407381	-0.004074074074074053	7711578
2022-12-15	-0.007437709185570817	-0.0014875418371141371	0.004834510970621012	-0.01859427296392711	-0.007437709185570817	8883466
2022-12-16	-0.004121393780442225	0.0	0.002622705133008628	-0.01723491944548523	-0.004121393780442225	8915701
2022-12-19	-0.015048908954100776	-0.0052671181339351775	0.022573363431151298	-0.022573363431151162	-0.015048908954100776	12268560
2022-12-20	0.0019098548510313488	-0.004201680672268886	0.006111535523300234	-0.01757066462948819	0.0019098548510313488	6802517
2022-12-21	-0.014105985512771674	-0.0011437285550896354	0.005718642775447906	-0.01829965688143349	-0.014105985512771674	5816823
2022-12-22	-0.03441608662026298	0.005413766434648127	0.008894044856921903	-0.03712296983758704	-0.03441608662026298	10397989
2022-12-23	0.006407689227072493	-0.0004004805766919508	0.012014417300760942	-0.004405286343612313	0.006407689227072493	6151016
2022-12-26	0.03382411460405895	0.0	0.03740549144448871	0.0	0.03382411460405895	7058679
2022-12-27	0.02117013086989995	0.0007698229407236171	0.025789068514241655	-0.003079291762894605	0.02117013086989995	9040215
2022-12-28	-0.00904636260836796	-0.006030908405578596	0.004523181304183846	-0.015454202789295142	-0.00904636260836796	7992287
2022-12-29	-0.007227082540889986	-0.003803727653099957	0.011030810193990078	-0.010650437428680016	-0.007227082540889986	7368727
2022-12-30	-0.004980842911877492	0.009195402298850514	0.015325670498084237	-0.006130268199233722	-0.004980842911877492	7540450
2023-01-03	0.021563342318059387	0.005005775895263864	0.025028879476318912	-0.006546014632267931	0.021563342318059387	8522607
2023-01-04	-0.023746701846965795	-0.004900113079532701	0.0015077271013946153	-0.027139087825103745	-0.023746701846965795	6643504
2023-01-05	0.010424710424710546	0.000772200772200893	0.027799227799227895	-0.00540540540540529	0.010424710424710546	8494103
2023-01-06	0.012609858616736655	-0.0026748184944593153	0.02178066488345421	-0.004585403133358846	0.012609858616736655	8659267
2023-01-09	0.010188679245283003	0.0060377358490566095	0.020377358490566006	0.0015094339622641188	0.010188679245283003	7451385
2023-01-10	0.0	-0.004109077325364192	0.006350392230108394	-0.012700784460216656	0.0	6274438
2023-01-11	-0.007471049682480362	0.0	0.009338812103100485	-0.00784460216660444	-0.007471049682480362	5226347
2023-01-12	0.0011290929619872463	0.008656379375235244	0.02596913812570573	-0.0026345502446368193	0.0011290929619872463	7431731
2023-01-13	0.010902255639097712	0.0	0.013909774436090129	-0.005263157894736863	0.010902255639097712	7310765
2023-01-16	0.002603198214949806	-0.0029750836742284065	0.01747861658609144	-0.008925251022685087	0.002603198214949806	8094537
2023-01-17	0.006305637982195777	0.005563798219584517	0.014836795252225466	-0.0007418397626112602	0.006305637982195777	7080540
2023-01-18	0.0	-0.004791743457427166	0.008846295613711832	-0.00810910431256907	0.0	6897595
2023-01-19	0.0014743826022853926	0.0007371913011426308	0.004423147806855916	-0.00810910431256907	0.0014743826022853926	7635624
2023-01-20	0.030548398969451537	0.0	0.03496503496503494	-0.000736105999264009	0.030548398969451537	12406738
2023-01-30	0.003214285714285709	0.013928571428571448	0.03214285714285709	-0.00250000000000001	0.003214285714285709	16485529
2023-01-31	-0.008187967248131024	-0.0007119971520113768	0.0007119971520113768	-0.014595941616233541	-0.008187967248131024	9816487
2023-02-01	0.009332376166547076	0.001435750179468742	0.01148600143575019	0.000717875089734371	0.009332376166547076	8850238
2023-02-02	0.004623044096728272	0.0024893314366998677	0.008890469416785205	-0.003556187766714133	0.004623044096728272	9697036
2023-02-03	-0.008849557522123894	-0.0024778761061947	-0.0003539823008850111	-0.021946902654867293	-0.008849557522123894	7547548
2023-02-06	-0.0007142857142856991	-0.0028571428571427964	-0.000357142857142913	-0.01071428571428574	-0.0007142857142856991	6681937
2023-02-07	0.010007147962830634	-0.0028591851322373784	0.010007147962830634	-0.0028591851322373784	0.010007147962830634	8008504
2023-02-08	0.012031139419674446	0.00424628450106148	0.019108280254777038	-0.00035385704175518623	0.012031139419674446	12840405
2023-02-09	0.0013986013986013687	-0.007692307692307776	0.0017482517482516487	-0.015384615384615429	0.0013986013986013687	10968079
2023-02-10	-0.01850558659217881	-0.004189944134078247	-0.0024441340782123005	-0.020949720670391112	-0.01850558659217881	10494030
2023-02-13	0.00284596229099971	0.00035574528637501114	0.009605122732123784	-0.0035574528637494795	0.00284596229099971	7688839
2023-02-14	0.009223128769066974	0.0	0.009223128769066974	-0.004966300106420737	0.009223128769066974	7262420
2023-02-15	-0.0161687170474517	-0.003866432337434075	-0.0003514938488575751	-0.0189806678383128	-0.0161687170474517	6858779
2023-02-16	-0.021436227224008498	-0.002500893176134217	0.006430868167202689	-0.02679528403001072	-0.021436227224008498	8075608
2023-02-17	0.0032858707557502686	0.0003650967506388467	0.022270901788974055	0.0003650967506388467	0.0032858707557502686	8197974
2023-02-20	0.0	-0.0029112081513828912	0.0029112081513827616	-0.03820960698689959	0.0	11311322
2023-02-21	0.004366812227074272	0.0	0.017103347889374048	-0.0032751091703056715	0.004366812227074272	8943353
2023-02-22	-0.0025362318840579812	-0.007246376811594305	0.0007246376811594048	-0.012681159420289906	-0.0025362318840579812	4496785
2023-02-23	0.017072284780239696	0.0003632401017071562	0.02506356701779868	0.0003632401017071562	0.017072284780239696	11952895
2023-02-24	-0.003214285714285709	0.001785714285714311	0.005357142857142806	-0.012142857142857138	-0.003214285714285709	5041746
2023-02-27	-0.0039412396990325844	0.0	0.007524184879971367	-0.007882479398065169	-0.0039412396990325844	6319047
2023-02-28	0.00395683453237408	0.0007194244604316393	0.0064748201438848815	-0.00395683453237408	0.00395683453237408	5778888
2023-03-01	-0.0085990684342529	-0.0017914725904693912	-0.0007165890361877311	-0.018273020422787587	-0.0085990684342529	6011722
2023-03-02	-0.019154318756776333	0.0	0.004336826888326615	-0.01951572099747028	-0.019154318756776333	6700116
2023-03-03	0.005526897568165018	0.0	0.008843036109064055	-0.005526897568165149	0.005526897568165018	4609899
2023-03-06	0.005862953462806894	0.0	0.0069622572370832275	-0.015756687431293503	0.005862953462806894	5037190
2023-03-07	0.005100182149362498	-0.0018214936247723393	0.008378870673952658	-0.005464480874316888	0.005100182149362498	6551230
2023-03-08	0.014498006524102885	0.0007249003262051314	0.020297209133744065	-0.0047118521203334185	0.014498006524102885	10582848
2023-03-09	0.015362629510539596	0.002143622722400939	0.027509824937477785	-0.005716327259735626	0.015362629510539596	17564004
2023-03-10	-0.026741731175228767	-0.003518648838845933	-0.003518648838845933	-0.0302603800140747	-0.026741731175228767	11941246
2023-03-13	-0.043383947939262445	-0.010122921185827952	-0.0003615328994939105	-0.04663774403470713	-0.043383947939262445	14622645
2023-03-14	-0.005668934240362892	-0.006046863189720338	0.01851851851851846	-0.009826152683295598	-0.005668934240362892	11496016
2023-03-15	0.00608133789433676	0.0011402508551881846	0.01102242493348547	-0.004180919802356497	0.00608133789433676	8749379
2023-03-16	-0.029089535323007162	-0.01775595013222512	-0.010955799017755919	-0.033245183226293884	-0.029089535323007162	7456915
2023-03-17	-0.005447470817120645	-0.0019455252918288216	0.005836575875486465	-0.017120622568093297	-0.005447470817120645	7829631
2023-03-20	0.015258215962441337	0.0	0.016431924882629175	-0.023865414710485113	0.015258215962441337	9099585
2023-03-21	0.0019267822736031104	-0.00616570327552987	0.005009633911367977	-0.008863198458574197	0.0019267822736031104	5502876
2023-03-22	0.0015384615384615057	0.0007692307692307529	0.006538461538461604	-0.009615384615384616	0.0015384615384615057	5481761
2023-03-23	-0.02073732718894006	-0.001536098310291826	-0.001536098310291826	-0.02496159754224265	-0.02073732718894006	8032411
2023-03-24	-0.016470588235294185	0.003921568627451036	0.005882352941176415	-0.02274509803921562	-0.016470588235294185	12096413
2023-03-27	-0.011961722488038165	-0.0011961722488037314	-0.0011961722488037314	-0.02352472089314194	-0.011961722488038165	10208449
2023-03-28	-0.03026634382566586	-0.0004035512510089412	0.002421307506053217	-0.032284100080710275	-0.03026634382566586	12643880
2023-03-29	0.00499375780274646	0.00249687890137323	0.017894298793175185	-0.0008322929671244101	0.00499375780274646	9392813
2023-03-30	0.0053830227743272285	0.0020703933747412305	0.005797101449275386	-0.006625258799171849	0.0053830227743272285	5712101
2023-03-31	-0.004942339373970386	-0.004118616144975346	0.0045304777594727935	-0.00617792421746302	-0.004942339373970386	5033044
2023-04-03	0.00827814569536421	-0.0008278145695364062	0.015728476821192012	-0.007450331125827803	0.00827814569536421	9436943
2023-04-04	-0.013136288998357976	-0.0024630541871920658	-0.0024630541871920658	-0.01354679802955658	-0.013136288998357976	5794765
2023-04-06	0.0008319467554076363	0.017886855241264547	0.01830282861896844	-0.0016638935108152725	0.0008319467554076363	5602401
2023-04-07	-0.005818786367414673	-0.0008312551953449532	0.004156275976724914	-0.006234413965087223	-0.005818786367414673	5977946
2023-04-10	0.005852842809364423	-0.0008361204013379233	0.00877926421404671	-0.0037625418060202092	0.005852842809364423	6112461
2023-04-11	0.007481296758104727	0.0	0.012468827930174594	-0.012884455527846997	0.007481296758104727	8698964
2023-04-12	-0.005363036303630322	0.00041254125412547706	0.0024752475247525694	-0.013613861386138544	-0.005363036303630322	6366508
2023-04-13	-0.03981750311074247	-0.04562422231439228	-0.038158440481128084	-0.06304437992534216	-0.03981750311074247	7747782
2023-04-14	0.02937365010799135	-0.0030237580993520644	0.04535637149028081	-0.010367170626349825	0.02937365010799135	11832221
2023-04-17	-0.0012589173310951567	0.002517834662190612	0.0029374737725556144	-0.013848090642047768	-0.0012589173310951567	6421966
2023-04-18	0.015126050420168043	0.014705882352941086	0.04537815126050413	0.008823529411764742	0.015126050420168043	14261720
2023-04-19	-0.020281456953642318	0.0004139072847682766	0.0037251655629139016	-0.021937086092715278	-0.020281456953642318	8271507
2023-04-20	-0.028728348119983236	0.0012674271229403287	0.0012674271229403287	-0.03464300802703846	-0.028728348119983236	8689053
2023-04-21	-0.023488473249238764	-0.0047846889952152865	0.005654632448890934	-0.029143105698129543	-0.023488473249238764	6202908
2023-04-24	0.02538975501113587	0.000890868596881941	0.06458797327394207	-0.019599109131403017	0.02538975501113587	10531746
2023-04-25	-0.04604691572545607	-0.0013032145960035245	-0.0013032145960035245	-0.05343179843614251	-0.04604691572545607	9316010
2023-04-26	0.028688524590163886	-0.006830601092896272	0.04644808743169397	-0.013205828779599232	0.028688524590163886	7989222
2023-04-27	0.006640106241699804	0.0013280212483400239	0.011509517485613172	-0.011509517485613172	0.006640106241699804	5579281
2023-04-28	0.006156552330694836	-0.0008795074758135257	0.01890941072999135	-0.007036059806508362	0.006156552330694836	7001204
2023-05-04	-0.003933566433566428	0.0034965034965035776	0.02578671328671328	-0.012237762237762132	-0.003933566433566428	7466760
2023-05-05	-0.009653356735410219	-0.003949100482667831	-0.0035103115401491137	-0.017112768758227318	-0.009653356735410219	4225036
2023-05-08	0.007089056269384144	0.004430660168365149	0.017279574656623862	-0.0039875941515285715	0.007089056269384144	5561143
2023-05-09	-0.00219973603167623	0.004839419269687613	0.02067751869775622	-0.015838099428068606	-0.00219973603167623	6527565
2023-05-10	0.020282186948853653	0.003086419753086432	0.0339506172839506	-0.003086419753086432	0.020282186948853653	9808546
2023-05-11	0.0	0.004321521175453667	0.007778738115816755	-0.009939498703543666	0.0	5209591
2023-05-12	-0.01037165082108911	0.010371650821088955	0.01555747623163351	-0.011668107173725132	-0.01037165082108911	6624456
2023-05-15	0.07074235807860267	0.0034934497816594694	0.07598253275109179	0.0030567685589519777	0.07074235807860267	20872971
2023-05-16	-0.027732463295269155	-0.009787928221859643	-0.008972267536704685	-0.03344208809135401	-0.027732463295269155	10395583
2023-05-17	-0.010906040268456442	-0.0016778523489932528	-0.001258389261745014	-0.017197986577181214	-0.010906040268456442	6538278
2023-05-18	-0.006361323155216226	0.001696352841391124	0.008057675996607349	-0.014843087362171242	-0.006361323155216226	5787359
2023-05-19	0.0029876227059325773	0.00042680324370471885	0.007682458386683726	-0.011950490823730309	0.0029876227059325773	7278396
2023-05-22	-0.0029787234042553314	-0.0051063829787234465	0.0021276595744681155	-0.016170212765957405	-0.0029787234042553314	5795525
2023-05-23	0.0029876227059325773	-0.0008536064874092861	0.02304737516005118	-0.004268032437046583	0.0029876227059325773	6173074
2023-05-24	0.0	-0.0021276595744681155	0.011914893617021326	-0.0021276595744681155	0.0	5060600
2023-05-25	-0.028510638297872412	-0.0072340425531915616	-0.0038297872340425474	-0.02978723404255316	-0.028510638297872412	8161592
2023-05-26	0.0030661410424879672	-0.0008760402978536827	0.003504161191414886	-0.02058694699956193	0.0030661410424879672	5380983
2023-05-29	-0.010480349344978098	-0.0013100436681221653	0.007423580786026276	-0.016593886462882054	-0.010480349344978098	4254443
2023-05-30	0.0017652250661959023	-0.0017652250661959023	0.006619593998234712	-0.011473962930273678	0.0017652250661959023	3534136
2023-05-31	0.012334801762114588	0.00044052863436130235	0.012334801762114588	-0.011894273127753286	0.012334801762114588	5392428
2023-06-01	0.0017406440382941317	-0.008703220191470813	0.03350739773716273	-0.009573542210617878	0.0017406440382941317	6115557
2023-06-02	0.03475238922675937	-0.029105125977410867	0.03692441355343186	-0.029105125977410867	0.03475238922675937	13736209
2023-06-05	-0.000839630562552459	0.010075566750629657	0.017632241813601936	-0.012594458438287184	-0.000839630562552459	9982955
2023-06-06	-0.007142857142857215	0.0016806722689075271	0.0037815126050420107	-0.015546218487395	-0.007142857142857215	5981893
2023-06-07	-0.0012695725772322295	-0.0012695725772322295	0.005078290308929369	-0.010579771476936098	-0.0012695725772322295	5390038
2023-06-08	0.005508474576271144	-0.0012711864406780141	0.022033898305084728	-0.00423728813559328	0.005508474576271144	6581688
2023-06-09	0.01053518752633797	-0.003371260008428228	0.013063632532659027	-0.007585335018963325	0.01053518752633797	7028062
2023-06-12	-0.004587155963302728	-0.004170141784820743	0.0029190992493744903	-0.013761467889908334	-0.004587155963302728	5664900
2023-06-13	-0.016338500209467973	-0.00041893590280693603	0.0012568077084205104	-0.02136573104315046	-0.016338500209467973	7113054
2023-06-14	-0.010647359454855196	0.009369676320272524	0.01235093696763199	-0.014054514480408937	-0.010647359454855196	6049181
2023-06-15	0.012914334911752074	-0.0012914334911752535	0.01721911321566933	-0.011192423590185173	0.012914334911752074	6997241
2023-06-16	-0.0025499362515938066	0.0	0.0067998300042499	-0.009349766255843706	-0.0025499362515938066	6730196
2023-06-19	-0.017469109501491272	0.0012782275244994095	0.008095440988496008	-0.02002556455048994	-0.017469109501491272	6645259
2023-06-20	-0.01040763226365995	0.0034692107545534192	0.008239375542064236	-0.012575888985255818	-0.01040763226365995	4851700
2023-06-21	-0.0004382120946538809	-0.005258545135845793	0.015775635407537222	-0.005258545135845793	-0.0004382120946538809	5562384
2023-06-26	-0.02104340201665938	-0.006576063130205988	0.00043840420868047187	-0.023235423060061274	-0.02104340201665938	7150682
2023-06-27	0.009852216748768582	0.0013434841021048429	0.01836094939543216	-0.008956560680698581	0.009852216748768582	5990583
2023-06-28	-0.008425720620842628	-0.0022172949002217607	-0.001330376940133088	-0.01906873614190686	-0.008425720620842628	6473324
2023-06-29	-0.01610017889087654	-0.0026833631484793705	-0.0026833631484793705	-0.017441860465116307	-0.01610017889087654	8115945
2023-06-30	0.025909090909090923	0.0	0.040909090909090846	-0.0018181818181817794	0.025909090909090923	8895208
2023-07-03	0.019494904740806437	0.0008861320336729984	0.021710234824988853	0.0004430660168364205	0.019494904740806437	7143941
2023-07-04	-0.004345936549326441	0.006084311169056802	0.006084311169056802	-0.006953498478922213	-0.004345936549326441	4355332
2023-07-05	0.00916630292448716	0.0	0.011785246617197712	-0.00436490615451774	0.00916630292448716	5388901
2023-07-06	-0.009948096885813168	0.0012975778546711757	0.0012975778546711757	-0.013840830449827002	-0.009948096885813168	4186603
2023-07-07	-0.003494975972040273	-0.003494975972040273	0.0017474879860200588	-0.018348623853211083	-0.003494975972040273	5587866
2023-07-10	0.011398509425690555	0.003068829460762836	0.027619465146865523	0.0021920210434020477	0.011398509425690555	6078817
2023-07-11	-0.0026007802340701656	-0.0013003901170351598	0.0008669267446900552	-0.012570437798006031	-0.0026007802340701656	3243829
2023-07-12	0.0008691873098652574	-0.003042155584528478	0.009995654063450538	-0.007388092133854919	0.0008691873098652574	5228019
2023-07-13	0.0030395136778115623	0.006513243595310403	0.01736864958749451	0.0004342162396872779	0.0030395136778115623	4891652
2023-07-14	-0.007359307359307433	0.0	0.003463203463203389	-0.007792207792207779	-0.007359307359307433	4098911
2023-07-17	0.0026166593981682825	-0.001308329699084219	0.0039249890972525014	-0.006541648495420784	0.0026166593981682825	3968492
2023-07-18	0.01043932144410622	0.003479773814702125	0.01565898216615933	-0.003914745541539794	0.01043932144410622	4869749
2023-07-19	0.006887645286267763	0.0	0.008179078777443017	-0.0038743004735256074	0.006887645286267763	5423300
2023-07-20	0.0179563916203505	0.0	0.03292005130397604	-0.001710132535271447	0.0179563916203505	11834356
2023-07-21	-0.006719865602687953	-0.007979840403191841	0.0	-0.024359512809743734	-0.006719865602687953	7917150
2023-07-24	-0.03932346723044396	-0.0008456659619450138	-0.00042283298097243175	-0.04143763213530642	-0.03932346723044396	9517835
2023-07-25	0.0387323943661973	0.09991197183098591	0.09991197183098591	0.0387323943661973	0.0387323943661973	27109966
2023-07-26	0.00847457627118641	0.024152542372881367	0.030508474576271136	0.006779661016949158	0.00847457627118641	14618385
2023-07-27	-0.017647058823529484	-0.0016806722689075271	0.0021008403361344836	-0.01806722689075629	-0.017647058823529484	8599410
2023-07-28	0.03892215568862276	-0.004277159965782629	0.04362703165098373	-0.009837467921300275	0.03892215568862276	17063896
2023-07-31	-0.009468917249897095	0.0004116920543434155	0.014820913956360619	-0.012762453684643835	-0.009468917249897095	13071247
2023-08-01	-0.011637572734829493	0.0016625103906900542	0.00290939318370741	-0.01371571072319195	-0.011637572734829493	9654560
2023-08-02	-0.007148864592094268	0.0004205214465936926	0.0025231286795626036	-0.010933557611438249	-0.007148864592094268	5727948
2023-08-03	0.004659042778483669	0.0	0.008894536213468906	-0.008047437526471737	0.004659042778483669	4893667
2023-08-04	0.033305227655986626	0.005480607082630799	0.03962900505902198	0.002951096121416538	0.033305227655986626	18510454
2023-08-07	-0.005711954304365588	0.0016319869441044123	0.009383924928600443	-0.012647898816809557	-0.005711954304365588	9049937
2023-08-08	0.0	0.002051702913418166	0.007386130488305281	-0.006975789905621736	0.0	6148128
2023-08-09	-0.0028723840787854035	-0.0028723840787854035	0.002462043496101712	-0.0065654493229380445	-0.0028723840787854035	4055781
2023-08-10	-0.002057613168724309	0.002057613168724309	0.005761316872428006	-0.004526748971193392	-0.002057613168724309	4634878
2023-08-11	-0.010309278350515464	0.001649484536082439	0.0037113402061855613	-0.010721649484536147	-0.010309278350515464	6200056
2023-08-14	0.0	-0.020000000000000018	0.0029166666666666785	-0.02666666666666669	0.0	7929405
2023-08-15	0.0	-0.0029166666666666785	0.00458333333333331	-0.01874999999999997	0.0	6862403
2023-08-16	0.0	-0.0062499999999999405	0.005416666666666625	-0.010416666666666666	0.0	4791555
2023-08-17	0.0008333333333333156	-0.0074999999999999884	0.0016666666666666312	-0.009999999999999934	0.0008333333333333156	9224452
2023-08-18	-0.01956702747710237	-0.005828476269775211	0.0016652789342214466	-0.019983347210657802	-0.01956702747710237	5513561
2023-08-21	-0.010191082802547855	-0.002123142250530816	0.005944798301486223	-0.010191082802547855	-0.010191082802547855	3670860
2023-08-22	0.0012870012870013357	0.0021450021450021757	0.010296010296010382	-0.009867009867009885	0.0012870012870013357	4721594
2023-08-23	-0.016709511568123416	-0.00042844901456733347	0.002142245072836363	-0.02056555269922881	-0.016709511568123416	5278034
2023-08-24	-0.01917211328976025	-0.03355119825708059	-0.010021786492374746	-0.04531590413943352	-0.01917211328976025	6348537
2023-08-25	-0.012883163038649607	0.0	0.016881386050644112	-0.018658374055975195	-0.012883163038649607	5113400
2023-08-28	0.007200720072007207	0.04365436543654377	0.04410441044104413	0.0036003600360036835	0.007200720072007207	9195725
2023-08-29	0.011170688114387846	-0.0013404825737264336	0.019660411081322667	-0.009830205540661255	0.011170688114387846	5308585
2023-08-30	-0.0008837825894829684	0.0008837825894829684	0.011931064958020309	-0.0026513477684489053	-0.0008837825894829684	3187385
2023-08-31	-0.00619195046439631	-0.0022114108801415617	0.002653693056169937	-0.013268465280849214	-0.00619195046439631	4274880
2023-09-01	0.006675567423231069	0.003115264797507801	0.01023587004895418	-0.005785491766800134	0.006675567423231069	2838054
2023-09-04	0.06984969053934563	0.002210433244916035	0.07957559681697615	0.0	0.06984969053934563	17296125
2023-09-05	0.0037190082644628043	-0.004132231404958589	0.009504132231404977	-0.007851239669421394	0.0037190082644628043	8028825
2023-09-06	-0.01317414573898725	0.007822149032523725	0.009468917249897095	-0.016879374228077403	-0.01317414573898725	5112100
2023-09-07	-0.011681268251981543	-0.0016687526074259135	0.0012515644555695093	-0.0125156445556945	-0.011681268251981543	4013870
2023-09-08	-0.008020261713803345	-0.0054875474883918345	0.0021105951878428518	-0.010552975939214858	-0.008020261713803345	3538183
2023-09-11	-0.0029787234042553314	0.008936170212765994	0.010212765957446742	-0.0029787234042553314	-0.0029787234042553314	4978164
2023-09-12	0.010670081092616303	0.0021340162185232913	0.03201024327784891	-0.0021340162185232913	0.010670081092616303	8420782
2023-09-13	0.0025337837837837297	0.00380067567567567	0.01140202702702701	-0.002956081081081093	0.0025337837837837297	4006682
2023-09-14	0.002106149957877031	-0.004633529907329378	0.006739679865206409	-0.004633529907329378	0.002106149957877031	3600641
2023-09-15	-0.007986548970155433	0.0029424127784783644	0.0054644808743170474	-0.012189995796553138	-0.007986548970155433	4429500
2023-09-18	-0.00211864406779664	-0.002966101694915266	0.01271186440677954	-0.011440677966101827	-0.00211864406779664	4315800
2023-09-19	0.0012738853503183687	0.0	0.0029723991507431117	-0.008492569002123113	0.0012738853503183687	4424663
2023-09-20	-0.004664970313825252	-0.0033927056827819466	-0.0012722646310431547	-0.00763358778625953	-0.004664970313825252	2294458
2023-09-21	-0.008947592671495412	-0.003408606731998223	-0.0004260758414997022	-0.014486578610992751	-0.008947592671495412	4035814
2023-09-22	0.003439380911435868	-0.002149613069647494	0.009888220120378197	-0.01031814273430791	0.003439380911435868	3932383
2023-09-25	0.007712082262210785	-0.002142245072836363	0.016281062553556085	-0.00685518423307627	0.007712082262210785	6189223
2023-09-26	-0.04209183673469381	0.001275510204081681	0.004676870748299295	-0.043367346938775496	-0.04209183673469381	10069900
2023-09-27	0.016866400355082068	-0.0039946737683089146	0.02174877940523739	-0.006657789613848297	0.016866400355082068	6124143
2023-09-28	-0.003928415539065904	-0.000872981230903517	0.012221737232649547	-0.005237887385421257	-0.003928415539065904	3253898
2023-10-09	-0.010955302366345312	-0.003943908851884306	-0.003943908851884306	-0.018404907975460197	-0.010955302366345312	4292937
2023-10-10	0.0	0.0	0.021267168808152433	-0.005316792202038147	0.0	5436939
2023-10-11	-0.014621178555604866	0.0039875941515285715	0.005759858218874568	-0.017279574656623862	-0.014621178555604866	6251683
2023-10-12	0.026079136690647566	0.0040467625899280515	0.03102517985611517	0.0040467625899280515	0.026079136690647566	10242168
2023-10-13	-0.017528483786152436	-0.005258545135845793	-0.005258545135845793	-0.023663453111305834	-0.017528483786152436	5684354
2023-10-16	-0.01070472792149875	0.00044603033006235547	0.005798394290811731	-0.01561106155218561	-0.01070472792149875	6694951
2023-10-17	-0.00450856627592432	0.0	0.009918845807033312	-0.009467989179440976	-0.00450856627592432	5467860
2023-10-18	-0.010869565217391235	0.0	0.0	-0.018115942028985445	-0.010869565217391235	3932667
2023-10-19	-0.04212454212454204	-0.009615384615384654	-0.008241758241758228	-0.0430402930402931	-0.04212454212454204	7381400
2023-10-20	0.03154875717017192	0.0019120458891012976	0.054493307839388	0.00047801147227523945	0.03154875717017192	9353993
2023-10-23	0.0	0.0	0.0050973123262281275	-0.021316033364226012	0.0	6179220
2023-10-24	0.011121408711770251	0.0	0.02085264133456918	-0.006487488415199121	0.011121408711770251	5530850
2023-10-25	-0.005041246562786409	0.008707607699358445	0.012373968835930319	-0.010082493125572817	-0.005041246562786409	7139970
2023-10-26	0.012436665131275889	-0.006909258406264492	0.01658222017503452	-0.015660985720865953	0.012436665131275889	4873523
2023-10-27	0.012283894449499526	-0.005914467697907143	0.024567788898999052	-0.008644222020018256	0.012283894449499526	7710065
2023-10-30	0.007640449438202324	-0.006741573033707801	0.011685393258427037	-0.008539325842696687	0.007640449438202324	4689312
2023-10-31	-0.0013380909901873834	-0.005352363960749375	0.002676181980374608	-0.008920606601249012	-0.0013380909901873834	3633477
2023-11-01	-0.0040196516301920435	0.0008932559178204365	0.0040196516301920435	-0.006252791424743214	-0.0040196516301920435	3649482
2023-11-02	-0.006278026905829621	0.0013452914798205194	0.006726457399103075	-0.011210762331838564	-0.006278026905829621	3735518
2023-11-03	0.0013537906137184629	0.0009025270758122551	0.010830324909747223	-0.00045126353790620773	0.0013537906137184629	3944739
2023-11-06	0.013970256872465016	0.0054078413699863645	0.017575484452455926	0.0009013068949977275	0.013970256872465016	5436648
2023-11-07	0.004888888888888864	-0.00355555555555548	0.010666666666666597	-0.010666666666666597	0.004888888888888864	5478031
2023-11-08	-0.005307386112339717	-0.003095975232198155	0.010614772224679435	-0.010172490048651058	-0.005307386112339717	5376666
2023-11-09	0.010226767452200998	0.000889284126278485	0.012894619831036137	-0.0026678523788349813	0.010226767452200998	5162838
2023-11-10	0.024647887323943764	0.0026408450704226353	0.032130281690140865	-0.0066021126760562755	0.024647887323943764	10631531
2023-11-13	0.031357388316151216	0.0	0.04080756013745701	-0.005154639175257774	0.031357388316151216	12329955
2023-11-14	0.004997917534360576	-0.0008329862557269106	0.019991670137442602	-0.004997917534360724	0.004997917534360576	9635444
2023-11-15	0.014919187733112285	0.018234562784915097	0.03978450062163286	0.006630750103605476	0.014919187733112285	15694813
2023-11-16	0.00694160881992657	0.004899959167006983	0.011841567986933553	-0.004899959167006838	0.00694160881992657	7094559
2023-11-17	0.0012165450121654961	-0.002027575020275779	0.011759935117599317	-0.007704785077047902	0.0012165450121654961	6141191
2023-11-20	-0.0076954232482787065	0.0	0.011745646010530544	-0.0076954232482787065	-0.0076954232482787065	7125448
2023-11-21	0.0	0.006530612244897965	0.006530612244897965	-0.005306122448979551	0.0	7630591
2023-11-22	-0.017551020408163254	0.0008163265306122275	0.0008163265306122275	-0.01795918367346944	-0.017551020408163254	6446121
2023-11-23	0.014125467386788527	-0.0029081844619858865	0.014956377233070188	-0.009140008309098415	0.014125467386788527	7604031
2023-11-24	-0.0040966816878329135	-0.003687013519049564	0.006964358869315779	-0.00983203605079879	-0.0040966816878329135	5199597
2023-11-27	-0.00946112710818595	0.003290826820238661	0.003290826820238661	-0.012751953928424464	-0.00946112710818595	5629800
2023-11-28	0.0033222591362127014	-0.004983388704318831	0.0053986710963456214	-0.013704318936877007	0.0033222591362127014	6179003
2023-11-29	-0.007450331125827803	-0.00620860927152312	0.007450331125827803	-0.017384105960264972	-0.007450331125827803	8590033
2023-11-30	-0.002502085070892357	-0.0075062552126772195	0.0066722268557131	-0.0075062552126772195	-0.002502085070892357	5172918
2023-12-01	-0.0012541806020067365	-0.0012541806020067365	0.012959866220735732	-0.010869565217391368	-0.0012541806020067365	7788110
2023-12-04	0.007115948095437344	0.0008371703641690905	0.016324822101297636	-0.00041858518208461964	0.007115948095437344	7824880
2023-12-05	-0.01911886949293422	-0.007481296758104727	0.0066500415627597734	-0.01911886949293422	-0.01911886949293422	9577428
2023-12-06	0.014406779661016942	-0.002966101694915266	0.0406779661016948	-0.002966101694915266	0.014406779661016942	17970281
2023-12-07	0.002923976608187146	-0.005847953216374292	0.00918964076858809	-0.018379281537176325	0.002923976608187146	9386718
2023-12-08	0.0016659725114535253	0.00791336942940432	0.012078300708038281	-0.01082882132444821	0.0016659725114535253	10472014
2023-12-11	0.010395010395010394	-0.003326403326403403	0.013305613305613317	-0.013305613305613317	0.010395010395010394	8668978
2023-12-12	-0.008641975308642011	-0.0008230452674896944	0.002057613168724309	-0.012345679012345708	-0.008641975308642011	6954062
2023-12-13	-0.006641760066417607	-0.0024906600249065473	0.003320880033208877	-0.012038190120381867	-0.006641760066417607	5676008
2023-12-14	0.0071040534893439915	0.005850396991224428	0.017551190973673286	0.0016715419974926513	0.0071040534893439915	6242527
2023-12-15	-0.003319502074688873	0.004149377593360907	0.01991701244813265	-0.005809128630705418	-0.003319502074688873	9072803
2023-12-18	0.0	-0.005828476269775211	0.006244796003330647	-0.010407993338884263	0.0	5043063
2023-12-19	0.011240632805994986	-0.0016652789342214466	0.012489592006661146	-0.005412156536219776	0.011240632805994986	5179719
2023-12-20	-0.00576368876080694	0.00288184438040347	0.009468917249897095	-0.006998764923836894	-0.00576368876080694	7265417
2023-12-21	0.00869565217391308	-0.005797101449275239	0.01283643892339554	-0.006625258799171849	0.00869565217391308	6555201
2023-12-22	0.007799671592775094	-0.0004105090311986047	0.020114942528735715	-0.014778325123152686	0.007799671592775094	9459923
2023-12-25	0.007739307535641455	-0.002036659877800436	0.0081466395112016	-0.005702647657841163	0.007739307535641455	4353300
2023-12-26	0.007275666936135945	-0.0004042037186741314	0.01293451899757479	-0.0028294260307193506	0.007275666936135945	6426983
2023-12-27	-0.010433386837881281	0.001203852327447736	0.0028089887640448123	-0.01725521669341907	-0.010433386837881281	6422338
2023-12-28	0.02554744525547441	0.013381995133819883	0.02716950527169498	0.0036496350364963446	0.02554744525547441	9833281
2023-12-29	0.001977066034005564	-0.003558718861209959	0.007908264136022115	-0.006722024515618749	0.001977066034005564	7709804
2024-01-02	0.024072612470402502	0.0023677979479083946	0.036306235201262894	0.0007892659826361316	0.024072612470402502	11185250
2024-01-03	0.008477842003853658	-0.003468208092485544	0.010404624277456632	-0.009633911368015415	0.008477842003853658	6582670
2024-01-04	0.029805120366832156	0.0038211692777989246	0.03171570500573169	0.0011463507833396095	0.029805120366832156	15819863
2024-01-05	-0.009647495361781002	0.0018552875695733103	0.01669758812615953	-0.014471243042671635	-0.009647495361781002	13419192
2024-01-08	0.002997377294866927	0.0037467216185836593	0.02098164106406889	-0.0011240164855751643	0.002997377294866927	12009253
2024-01-09	0.004856182293612216	-0.0003735524841239451	0.010459469555472587	-0.013821441912588757	0.004856182293612216	16616694
2024-01-10	0.0003717472118959689	-0.0037174721189590287	0.008178438661710127	-0.0059479553903345785	0.0003717472118959689	8047628
2024-01-11	0.0037160906726124644	0.0	0.014864362690449594	-0.007432181345224797	0.0037160906726124644	11269498
2024-01-12	0.014439096630877342	0.0007404664938911356	0.017400962606442017	-0.0022213994816735385	0.014439096630877342	11042519
2024-01-15	-0.026642335766423244	0.0	0.00656934306569342	-0.02773722627737219	-0.026642335766423244	12515075
2024-01-16	0.0029996250468690773	0.007874015748031394	0.008623922009748663	-0.015373078365204353	0.0029996250468690773	10805950
2024-01-17	-0.020186915887850435	0.003738317757009399	0.004859813084112112	-0.023177570093457982	-0.020186915887850435	6417217
2024-01-18	0.0022892025944295583	-0.0049599389545975795	0.0045784051888591165	-0.03090423502479978	0.0022892025944295583	16255440
2024-01-19	-0.00609059763989342	0.0	0.01827179291968026	-0.01027788351732012	-0.00609059763989342	10220023
2024-01-22	-0.034469551895825304	-0.004595940252776752	0.001531980084258872	-0.04289544235924937	-0.034469551895825304	10417883
2024-01-23	0.01507338357794522	0.0	0.019436731455771458	-0.01666005553351851	0.01507338357794522	9222006
2024-01-24	0.004298554122704159	0.004298554122704159	0.014067995310668208	-0.022665103556076528	0.004298554122704159	8287180
2024-01-25	0.02101167315175094	0.005447470817120645	0.03190661478599223	-0.006614785992217827	0.02101167315175094	12961973
2024-01-26	0.016006097560975676	-0.0060975609756097615	0.023628048780487843	-0.008003048780487703	0.016006097560975676	12794570
2024-01-29	-0.04013503375843962	-0.003375843960990242	0.0007501875468867057	-0.04276069017254316	-0.04013503375843962	11042538
2024-01-30	-0.011332551778038264	-0.009769441187964049	0.007424775302852727	-0.01641266119577953	-0.011332551778038264	6731479
2024-01-31	-0.02094861660079056	-0.005928853754940795	0.0015810276679841559	-0.023320158102766792	-0.02094861660079056	8913489
2024-02-01	-0.008477997577715012	-0.012515139281388725	0.006459426725878084	-0.022204279370205922	-0.008477997577715012	7846727
2024-02-02	-0.020765472312703502	0.0	0.013843648208469051	-0.047231270358306196	-0.020765472312703502	11444305
2024-02-05	-0.007068607068607139	-0.007900207900207953	0.017463617463617385	-0.04116424116424124	-0.007068607068607139	13059726
2024-02-06	0.062395309882747156	-0.008793969849246118	0.07118927973199328	-0.013819095477386864	0.062395309882747156	14196416
2024-02-07	0.039416633819471816	0.0	0.040599132834055876	-0.0039416633819472375	0.039416633819471816	12738546
2024-02-08	-0.010238907849829336	0.003033750474023447	0.013272658323852781	-0.02085703450891167	-0.010238907849829336	13522052
2024-02-19	0.011877394636015276	0.0057471264367815545	0.018773946360153195	-0.010344827586207016	0.011877394636015276	12061600
2024-02-20	0.00265051117001137	-0.006058311245740256	0.00795153351003411	-0.009844755774327965	0.00265051117001137	8414965
2024-02-21	-0.002265861027190284	0.000755287009063428	0.013217522658610191	-0.008685800604229623	-0.002265861027190284	9225991
2024-02-22	0.01968205904617712	-0.0037850113550341184	0.021196063588190716	-0.006434519303557974	0.01968205904617712	9813187
2024-02-23	0.028210838901261987	0.0003711952487007428	0.034892353377876675	-0.0014847809948033666	0.028210838901261987	15163189
2024-02-26	0.004693140794223791	0.007581227436823136	0.046931407942238296	0.0018050541516245744	0.004693140794223791	15031904
2024-02-27	-0.0017966223499819318	-0.0007186489399927982	0.006108515989938976	-0.015091627739849019	-0.0017966223499819318	9359749
2024-02-28	-0.011519078473722112	0.004319654427645696	0.014758819294456448	-0.014398848092152704	-0.011519078473722112	9673959
2024-02-29	0.06664238892935172	0.001456664238892904	0.06664238892935172	0.00036416605972316134	0.06664238892935172	21517673
2024-03-01	0.004779788323659972	-0.00034141345168992867	0.040628200751109636	-0.004438374871969922	0.004779788323659972	20070098
2024-03-04	0.008154943934760517	0.0006795786612300229	0.032279986408426754	0.0006795786612300229	0.008154943934760517	16643158
2024-03-05	-0.014829794405123062	0.0040444893832152825	0.004381530165149949	-0.023255813953488413	-0.014829794405123062	14010917
2024-03-06	0.006500171057133126	-0.006500171057133126	0.022237427300718392	-0.017105713308244952	0.006500171057133126	10684808
2024-03-07	0.006118286879673682	0.006458191706322152	0.026852481305234505	0.0016995241332425953	0.006118286879673682	12933009
2024-03-08	0.010135135135135039	0.002702702702702645	0.022972972972972964	0.0	0.010135135135135039	11369010
2024-03-11	-0.007023411371237368	-0.007023411371237368	0.0	-0.02474916387959861	-0.007023411371237368	15422676
2024-03-12	-0.023240148198046522	-0.006399461098012842	0.0016840687100032723	-0.028629168070057304	-0.023240148198046522	14370946
2024-03-13	-0.0034482758620690145	0.00034482758620695046	0.007931034482758635	-0.009655172413793142	-0.0034482758620690145	9808381
2024-03-14	0.025951557093425608	0.03806228373702427	0.07543252595155708	0.0217993079584776	0.025951557093425608	24777948
2024-03-15	0.06104553119730193	0.0	0.061382799325463755	-0.006070826306913987	0.06104553119730193	29444444
2024-03-18	0.0006357279084551676	-0.004767959313413926	0.006357279084551789	-0.019389701207883008	0.0006357279084551676	18240144
2024-03-19	-0.0015883100381194634	0.0	0.020012706480304922	-0.008259212198221143	-0.0015883100381194634	13508367
2024-03-20	-0.008590518612790313	-0.010499522748965902	0.0015908367801463796	-0.023226216990136824	-0.008590518612790313	10758925
2024-03-21	-0.016688061617458266	-0.009627727856225954	0.005134788189987168	-0.044608472400513494	-0.016688061617458266	18458717
2024-03-22	-0.0531984334203655	-0.008159268929503916	0.0013054830287205987	-0.058420365535248014	-0.0531984334203655	19011228
2024-03-25	0.024129610479145098	-0.003447087211306495	0.03895208548776281	-0.003447087211306495	0.024129610479145098	16068393
2024-03-26	-0.0020195220464490835	0.0	0.006058566139347012	-0.016492763379333624	-0.0020195220464490835	8113725
2024-03-27	0.007082630691399692	0.0016863406408094675	0.023608768971332305	-0.006070826306913987	0.007082630691399692	11933955
2024-03-28	-0.0036838580040187354	0.0023442732752846714	0.01741460147354319	-0.011051574012056207	-0.0036838580040187354	11273207
2024-03-29	0.05983193277310928	0.001680672268907587	0.06722689075630252	0.001680672268907587	0.05983193277310928	21935124
2024-04-01	0.0050745321915635945	-0.010466222645099964	0.01268633047890893	-0.013637805264827139	0.0050745321915635945	16354860
2024-04-02	0.004417797412432849	0.0	0.01830230356579368	-0.0037866834963711264	0.004417797412432849	11233833
2024-04-03	0.048067860508953855	0.004398366321080759	0.057807100219918424	0.0	0.048067860508953855	24687701
2024-04-08	-0.0023980815347721313	0.004196642685851336	0.021582733812949607	-0.008393285371702672	-0.0023980815347721313	18594294
2024-04-09	-0.02644230769230777	-0.00751201923076923	-0.0027043269230770254	-0.028846153846153872	-0.02644230769230777	12272898
2024-04-10	0.0033950617283950444	0.0018518518518519222	0.020370370370370487	-0.012037037037037054	0.0033950617283950444	12158178
2024-04-11	-0.024300215318363554	-0.043678868040602836	0.003998769609351048	-0.043678868040602836	-0.024300215318363554	19322419
2024-04-12	0.011349306431273626	0.002206809583858773	0.024274905422446504	-0.005989911727616574	0.011349306431273626	9338369
2024-04-15	0.008416458852867929	-0.00623441396508726	0.0149625935162096	-0.011845386533665805	0.008416458852867929	9408445
2024-04-16	-0.09984544049459043	-0.04173106646058737	-0.028129829984544052	-0.09984544049459043	-0.09984544049459043	53192665
2024-04-17	-0.007554945054945137	-0.006524725274725318	0.016483516483516498	-0.021978021978021997	-0.007554945054945137	27322984
2024-04-18	0.051903114186851215	0.009342560553633326	0.05674740484429068	0.002076124567474127	0.051903114186851215	22620085
2024-04-19	0.012500000000000084	-0.009868421052631486	0.023355263157894764	-0.01644736842105263	0.012500000000000084	18817691
2024-04-22	-0.0357374918778428	-0.0032488628979857512	0.005198180636777132	-0.04126055880441844	-0.0357374918778428	14644435
2024-04-23	-0.05188679245283016	-0.004380053908355761	-0.002021563342318016	-0.05458221024258764	-0.05188679245283016	16764398
2024-04-24	-0.0007107320540156209	-0.0035536602700782308	0.004264392324093852	-0.009239516702203325	-0.0007107320540156209	9842119
2024-04-25	0.009601706970128007	-0.0007112375533428014	0.02809388335704122	-0.0053342816500712	0.009601706970128007	8876745
2024-04-26	0.00528355054596684	0.0003522367030643892	0.010919337794998193	-0.006692497358224772	0.00528355054596684	9893815
2024-04-29	0.002803083391730969	0.00175192711983184	0.014365802382620889	-0.015416958654519893	0.002803083391730969	12272027
2024-04-30	0.007686932215234062	0.0010482180293500203	0.02725366876310264	-0.013626834381551382	0.007686932215234062	12993233
2024-05-06	0.0	0.00520110957004156	0.010055478502080415	-0.0325936199722608	0.0	15359798
2024-05-07	-0.0031206657420249605	-0.0006934812760055331	0.014216366158113737	-0.008668515950069348	-0.0031206657420249605	11574774
2024-05-08	-0.017391304347826087	-0.0006956521739130287	-0.0006956521739130287	-0.018086956521739115	-0.017391304347826087	6736394
2024-05-09	0.013805309734513294	-0.0017699115044248039	0.02619469026548667	-0.0017699115044248039	0.013805309734513294	9394400
2024-05-10	-0.015712290502793273	-0.0006983240223463538	0.012569832402234617	-0.021298882681564227	-0.015712290502793273	12098115
2024-05-13	-0.0028378857750976177	-0.004966300106420737	0.00035473572188712344	-0.023057821922667688	-0.0028378857750976177	9821661
2024-05-14	0.01992173603699759	0.008537886872999004	0.030949839914621167	0.0056919245819992935	0.01992173603699759	12188495
2024-05-15	-0.004534356470177975	-0.00209277990931295	0.004185559818625652	-0.020230205790024477	-0.004534356470177975	7946784
2024-05-16	-0.0003503854239662933	0.01927119831814999	0.029782761037140906	-0.0014015416958654222	-0.0003503854239662933	12360801
2024-05-17	-0.0059586400280407185	-0.0010515247108307444	0.004206098843322729	-0.020329477742727017	-0.0059586400280407185	8476158
2024-05-20	0.03173483779971799	0.028913963328631886	0.050423131170662897	0.019393511988716527	0.03173483779971799	18172607
2024-05-21	-0.018455228981544863	0.0	0.0020505809979493752	-0.025632262474367735	-0.018455228981544863	10952932
2024-05-22	-0.056406685236768714	-0.004874651810584978	-0.00034818941504171345	-0.05988857938718659	-0.056406685236768714	26008439
2024-05-23	-0.027306273062730698	-0.013284132841328523	-0.013284132841328523	-0.03173431734317354	-0.027306273062730698	17080521
2024-05-24	0.017450682852807316	0.006449165402124496	0.026176024279210976	0.001896813353566036	0.017450682852807316	8764111
2024-05-27	0.0011185682326622349	0.0011185682326622349	0.013049962714392297	-0.007457121551081256	0.0011185682326622349	8673169
2024-05-28	-0.007076350093109917	0.008193668528864016	0.011173184357541792	-0.009310986964618248	-0.007076350093109917	7069600
2024-05-29	0.015753938484621085	-0.0026256564141035367	0.02475618904726182	-0.003000750187546956	0.015753938484621085	8957262
2024-05-30	-0.02178729689807976	-0.005908419497784217	0.006277695716395928	-0.023264401772525815	-0.02178729689807976	7018295
2024-05-31	-0.015100037750094322	-0.0033975084937712292	-0.0015100037750094054	-0.016987542468856146	-0.015100037750094322	11898206
2024-06-03	-0.004216174779609024	0.0	0.00344959754695285	-0.01494825603679573	-0.004216174779609024	8867966
2024-06-04	0.0046189376443418395	0.0019245573518091113	0.012702078521939887	-0.006158583525789074	0.0046189376443418395	7130903
2024-06-05	-0.024904214559387055	-0.008812260536398484	-0.008812260536398484	-0.027203065134099647	-0.024904214559387055	10857680
2024-06-06	0.006286836935167	0.005893909626719141	0.023575638506876283	0.0019646365422397137	0.006286836935167	10106051
2024-06-07	0.0019523623584537567	0.010933229207340927	0.018352206169465007	-0.0031237797735258997	0.0019523623584537567	7527297
2024-06-11	-0.013250194855806698	-0.005066250974278995	-0.0023382696804364273	-0.018316445830085692	-0.013250194855806698	6357195
2024-06-12	0.0	-0.0043443917851500565	0.008293838862559275	-0.008688783570300113	0.0	7285280
2024-06-13	-0.015007898894154778	0.0011848341232227938	0.0019747235387046094	-0.018562401263823018	-0.015007898894154778	5856733
2024-06-14	0.014835605453087307	0.00040096230954282316	0.026062550120288634	0.00040096230954282316	0.014835605453087307	9182966
2024-06-17	-0.004741209008297015	-0.0023706045041485073	0.0027657052548399957	-0.01698933227973132	-0.004741209008297015	6001800
2024-06-18	-0.003572846367606187	-0.0015879317189361928	0.007542675664946316	-0.007542675664946458	-0.003572846367606187	4246399
2024-06-19	-0.0031872509960160097	0.0035856573705179222	0.013147410358565668	-0.004780876494023944	-0.0031872509960160097	5377230
2024-06-20	-0.0031974420463628415	0.004796163069544404	0.01798561151079134	-0.003996802557953552	-0.0031974420463628415	7851605
2024-06-21	-0.008420208500400997	-0.0008019246190857888	0.009222133119486785	-0.0160384923817162	-0.008420208500400997	9715582
2024-06-24	-0.008491710473109617	-0.008491710473109617	0.002021835826930882	-0.015365952284674444	-0.008491710473109617	6607300
2024-06-25	-0.013458401305057027	-0.0044861337683523425	0.007340946166394769	-0.01835236541598692	-0.013458401305057027	8237273
2024-06-26	0.016949152542372885	0.0	0.018189334435717144	-0.021909880115750357	0.016949152542372885	9618585
2024-06-27	-0.0223577235772358	-0.004878048780487845	0.0008130081300812835	-0.02682926829268293	-0.0223577235772358	7430399
2024-06-28	0.0008316008316008139	-0.0012474012474012947	0.00457380457380455	-0.011226611226611208	0.0008316008316008139	8205649
2024-07-01	0.08973826339842128	0.024096385542168603	0.09181553801412551	0.023265475695886943	0.08973826339842128	24224686
2024-07-02	-0.04460541364849416	-0.008768585589020222	-0.004956157072054861	-0.053755242089210835	-0.04460541364849416	19890609
2024-07-03	-0.022346368715083748	-0.0039904229848363075	0.004788507581803711	-0.03591380686352748	-0.022346368715083748	15036266
2024-07-04	0.024897959183673445	0.019999999999999934	0.042857142857142885	0.019591836734693894	0.024897959183673445	15334866
2024-07-05	0.017522899243329403	0.0015929908403026344	0.019912385503783353	-0.012345679012345628	0.017522899243329403	10999146
2024-07-08	-0.010176125244618457	0.0007827788649706291	0.018395303326810133	-0.016046966731898243	-0.010176125244618457	13238076
2024-07-09	-0.007117437722419918	0.0011862396204033664	0.001581652827204395	-0.0316330565440886	-0.007117437722419918	13195286
2024-07-10	-0.025487853444842716	-0.004380724810832315	0.013938669852648404	-0.025487853444842716	-0.025487853444842716	13576937
2024-07-11	0.03596240294237853	0.009399264405394379	0.042092357989374794	-0.0028606456885982953	0.03596240294237853	14822902
2024-07-12	-0.027613412228796954	-0.006706114398422157	-0.00039447731755430226	-0.03155818540433928	-0.027613412228796954	13593012
2024-07-15	0.0040567951318459	-0.0020283975659228055	0.009330628803245453	-0.008924949290060807	0.0040567951318459	7554400
2024-07-16	-0.009696969696969635	-0.0072727272727272614	0.002020202020202049	-0.018181818181818153	-0.009696969696969635	7709617
2024-07-17	-0.03427172582619338	0.003671970624235	0.005303957568339413	-0.03508771929824574	-0.03427172582619338	11798952
2024-07-18	0.01351922264469779	-0.0029573299535276838	0.014364174059991543	-0.016476552598225624	0.01351922264469779	8041435
2024-07-19	-0.010837849103793165	-0.018340975406419248	-0.007503126302626083	-0.039599833263859914	-0.010837849103793165	9033589
2024-07-22	-0.01854193004635488	-0.003371260008428228	0.00800674252001691	-0.024441635061104167	-0.01854193004635488	9105344
2024-07-23	-0.04164877629884066	0.002576212966938698	0.002576212966938698	-0.04164877629884066	-0.04164877629884066	10103902
2024-07-24	-0.01747311827956992	0.0004480286738350363	0.00537634408602155	-0.02777777777777782	-0.01747311827956992	9145366
2024-07-25	0.0	-0.012767897856817197	0.005015959872320995	-0.02416780665754679	0.0	10054757
2024-07-26	0.031007751937984485	0.0031919744642042993	0.04377564979480168	0.0031919744642042993	0.031007751937984485	11875991
2024-07-29	-0.0017691287041131866	0.014153029632905807	0.022556390977443677	-0.00884564352056609	-0.0017691287041131866	9016060
2024-07-30	-0.0008861320336729984	-0.006645990252547566	0.003101462117855573	-0.018608772707133438	-0.0008861320336729984	6130417
2024-07-31	0.019955654101995533	0.0022172949002217607	0.019955654101995533	-0.007538802660753956	0.019955654101995533	9771692
2024-08-01	-0.005217391304347869	0.008260869565217446	0.029565217391304334	-0.007391304347826161	-0.005217391304347869	11314666
2024-08-02	-0.003059440559440572	-0.012237762237762132	0.00655594405594415	-0.015297202797202704	-0.003059440559440572	6822619
2024-08-05	-0.03112669881630852	-0.009644892590968825	0.006576063130206144	-0.039894782989916715	-0.03112669881630852	10826613
2024-08-06	0.001809954751131183	0.005429864253393549	0.007692307692307609	-0.005882352941176586	0.001809954751131183	7136426
2024-08-07	-0.0027100271002711055	-0.00045167118337857107	0.0	-0.014453477868112028	-0.0027100271002711055	3879276
2024-08-08	0.00045289855072470854	-0.004528985507246281	0.008605072463768175	-0.008605072463768014	0.00045289855072470854	5549194
2024-08-09	0.0022634676324128885	0.00814848347668627	0.014938886373924936	-0.003168854685378012	0.0022634676324128885	6402702
2024-08-12	0.015356820234869008	0.01626016260162599	0.024390243902438984	-0.003161698283649516	0.015356820234869008	8663340
2024-08-13	0.013345195729537398	0.004893238434163676	0.025800711743772166	0.002224199288256259	0.013345195729537398	7471883
2024-08-14	-0.014925373134328351	0.0008779631255487082	0.007023705004389822	-0.014925373134328351	-0.014925373134328351	4737819
2024-08-15	0.007130124777183606	0.0008912655971479311	0.0098039215686274	-0.008021390374331538	0.007130124777183606	4490208
2024-08-16	0.005752212389380487	0.003982300884955746	0.023008849557522103	0.00044247787610610665	0.005752212389380487	7589457
2024-08-19	0.012758468983721915	0.0013198416190057694	0.022877254729432448	-0.0008798944126704607	0.012758468983721915	8216400
2024-08-20	-0.022154648132058995	0.002606429192006895	0.00390964378801042	-0.029973935708079987	-0.022154648132058995	6568400
2024-08-21	0.007552199022656515	-0.004886717014660283	0.015104398045313187	-0.009773434029320408	0.007552199022656515	5441376
2024-08-22	-0.002204585537918903	0.014109347442680789	0.014109347442680789	-0.007495590828924081	-0.002204585537918903	5283200
2024-08-23	0.0035351303579320304	-0.0044189129474148416	0.0053026955368979676	-0.007070260715863904	0.0035351303579320304	3731155
2024-08-26	0.03698811096433288	0.003082342580361087	0.04359313077939227	0.003082342580361087	0.03698811096433288	10385079
2024-08-27	0.005944798301486223	-0.005095541401273928	0.021231422505307854	-0.006369426751592447	0.005944798301486223	6575702
2024-08-28	0.007598142676234686	-0.004643309413254663	0.01139721401435203	-0.01139721401435203	0.007598142676234686	6819471
2024-08-29	-0.0033514872224550416	-0.0041893590280687645	0.003351487222454893	-0.014662756598240527	-0.0033514872224550416	5850500
2024-08-30	0.011349306431273626	0.008827238335435092	0.023539302227826915	-0.014291719209751991	0.011349306431273626	8511487
2024-09-02	-0.00290939318370741	-0.0024937655860348597	0.02036575228595187	-0.004156275976724766	-0.00290939318370741	8444520
2024-09-03	0.004168403501459	-0.0037515631513130414	0.02209253855773244	-0.0037515631513130414	0.004168403501459	6548900
2024-09-04	-0.01577418015774176	-0.010792860107928666	-0.004566210045662077	-0.02532171025321708	-0.01577418015774176	8179514
2024-09-05	-0.012231126107127758	-0.004639392661324311	0.0054829185997469	-0.017292281737663437	-0.012231126107127758	5510043
2024-09-06	-0.0038428693424425024	0.005977796754910205	0.005977796754910205	-0.008112724167378363	-0.0038428693424425024	3840600
2024-09-09	-0.012858979854264775	-0.0034290612944705657	0.013716245177882568	-0.020145735105014956	-0.012858979854264775	7241300
2024-09-10	-0.0026052974381242846	0.008250108554059823	0.008250108554059823	-0.016500217108119955	-0.0026052974381242846	4638048
2024-09-11	0.020461471484545166	0.00043535045711804804	0.021332172398781105	-0.005224205485415649	0.020461471484545166	6774959
2024-09-12	0.014505119453924908	-0.002986348122866906	0.021331058020477814	-0.008105802047781625	0.014505119453924908	9934800
2024-09-13	-0.015979814970563607	0.004625735912531515	0.007569386038687961	-0.025231286795626636	-0.015979814970563607	5647299
2024-09-18	0.03034188034188038	0.0008547008547009884	0.03547008547008555	0.0	0.03034188034188038	7799185
2024-09-19	0.012857735379510671	-0.00041476565740348445	0.02364164247200333	-0.009954375777685542	0.012857735379510671	8015726
2024-09-20	-0.0024570024570025497	0.0	0.010237510237510237	-0.01597051597051599	-0.0024570024570025497	6786303
2024-09-23	-0.018472906403940857	-0.004105090311986776	0.002052545155993461	-0.021756978653530424	-0.018472906403940857	6577527
2024-09-24	0.035131744040150556	0.007528230865746537	0.039314094521120925	0.0016729401923880865	0.035131744040150556	10277378
2024-09-25	0.008888888888888844	0.018181818181818153	0.030303030303030304	0.0072727272727272614	0.008888888888888844	11039794
2024-09-26	0.035242290748898786	0.00040048057669209305	0.035242290748898786	-0.0028033640368442247	0.035242290748898786	9736314
2024-09-27	0.04758220502901342	0.01895551257253379	0.06460348162475815	0.01895551257253379	0.04758220502901342	20409393
2024-09-30	0.061669128508124144	0.033973412112260036	0.08124076809453482	0.009601181683899616	0.061669128508124144	27777455
2024-10-08	-0.01391304347826082	0.09565217391304348	0.09565217391304348	-0.047652173913043515	-0.01391304347826082	35007457
2024-10-09	-0.08818342151675485	-0.018694885361552067	-0.018694885361552067	-0.09629629629629631	-0.08818342151675485	27949032
2024-10-10	0.010444874274661491	0.02050290135396509	0.048355899419729204	-0.0065764023210832375	0.010444874274661491	21459673
2024-10-11	-0.013016845329249611	0.0	0.010336906584992327	-0.022588055130168448	-0.013016845329249611	15938600
2024-10-14	0.0667183863460046	0.0034910783553141916	0.0667183863460046	-0.0015515903801397478	0.0667183863460046	18888438
2024-10-15	0.003636363636363688	0.001818181818181844	0.04000000000000005	-0.012363636363636358	0.003636363636363688	23331774
2024-10-16	-0.013768115942029077	-0.007246376811594305	0.010507246376811562	-0.017028985507246464	-0.013768115942029077	11130453
2024-10-17	-0.006980161645848557	0.01322556943423951	0.029022777369581292	-0.009184423218221896	-0.006980161645848557	8258271
2024-10-18	0.0025897151313355633	0.0011098779134294334	0.01849796522382538	-0.013688494265630817	0.0025897151313355633	15253740
2024-10-21	0.014022140221402177	0.0036900369003689247	0.03321033210332098	-0.002952029520295271	0.014022140221402177	12848601
2024-10-22	0.01783114992721974	-0.009461426491994234	0.02110625909752541	-0.012008733624454216	0.01783114992721974	9962451
2024-10-23	0.0053628888094387605	0.0003575259206293015	0.026814444047193423	-0.011083303539506569	0.0053628888094387605	14873066
2024-10-24	-0.004978662873399735	-0.004267425320056934	0.01884779516358455	-0.012446657183499339	-0.004978662873399735	13841469
2024-10-25	0.012151536812008572	-0.004288777698356004	0.026804860614724802	-0.008220157255182289	0.012151536812008572	12473931
2024-10-28	0.005649717514124299	0.0028248587570620866	0.00953389830508473	-0.02365819209039554	0.005649717514124299	15075121
2024-10-29	0.030196629213483126	-0.000702247191011221	0.04037921348314602	-0.0038623595505617777	0.030196629213483126	18157186
2024-10-30	-0.016359918200409013	-0.005453306066803004	0.005453306066803004	-0.02658486707566466	-0.016359918200409013	9496919
2024-10-31	-0.00450450450450447	-0.0017325017325017572	0.0031185031185031135	-0.016978516978516926	-0.00450450450450447	9768237
2024-11-01	0.02018795683954049	0.0	0.042812391228680836	-0.008005569091541957	0.02018795683954049	13958547
2024-11-04	0.006823609689525856	0.009553053565336101	0.01296485841009903	-0.009894234049812323	0.006823609689525856	8120119
2024-11-05	0.026431718061673926	-0.0006777363605558497	0.030837004405286347	-0.007116231785835338	0.026431718061673926	15364786
2024-11-06	-0.007593265103994732	0.003631561571475716	0.04423902277979531	-0.013535820402773197	-0.007593265103994732	17278725
2024-11-07	0.008982035928143698	-0.029607451763140287	0.014637391882900908	-0.0352628077178975	0.008982035928143698	12008996
2024-11-08	0.004615891856247958	0.022420046158918672	0.038575667655786405	-0.00428618529508734	0.004615891856247958	13358789
2024-11-11	-0.003610108303249079	-0.008861174926156862	0.012799474893337728	-0.022645224811289718	-0.003610108303249079	10253614
2024-11-12	-0.0032938076416336583	-0.0013175230566534633	0.045783926218708845	-0.007905138339920898	-0.0032938076416336583	20876695
2024-11-13	0.007270323859880993	-0.008592200925313997	0.023463317911434148	-0.010575016523463326	0.007270323859880993	11887477
2024-11-14	-0.03805774278215224	0.0	0.006561679790026223	-0.03969816272965882	-0.03805774278215224	16997440
2024-11-15	-0.012619372442019133	-0.005798090040927752	0.007503410641200507	-0.015347885402455637	-0.012619372442019133	8994733
2024-11-18	-0.025215889464594143	0.004145077720207288	0.00656303972366153	-0.031088082901554355	-0.025215889464594143	11672055
2024-11-19	0.04890148830616593	0.010630758327427383	0.05492558469170804	-0.0007087172218284754	0.04890148830616593	13112301
2024-11-20	-0.008445945945945945	-0.00033783783783789066	0.01114864864864859	-0.009459459459459498	-0.008445945945945945	7807308
2024-11-21	0.001362862010221436	-0.001362862010221557	0.01090289608177173	-0.008517887563884156	0.001362862010221436	5755610
2024-11-22	-0.04185096971759103	-0.004083021435862572	0.004423273222184382	-0.042871725076556705	-0.04185096971759103	9881685
2024-11-25	0.004261363636363672	0.007812499999999959	0.02805397727272724	-0.002130681818181773	0.004261363636363672	9056965
2024-11-26	-0.00919377652050925	0.0021216407355020765	0.007779349363507739	-0.009900990099009941	-0.00919377652050925	4729873
2024-11-27	0.01284796573875801	-0.0007137758743754309	0.01498929336188443	-0.013204853675945788	0.01284796573875801	6701400
2024-11-28	-0.010923185341789949	0.003875968992248042	0.004933051444679372	-0.01585623678646932	-0.010923185341789949	4419064
2024-11-29	0.024581403633772755	-0.001425008906305634	0.03241895261845387	-0.0024937655860349226	0.024581403633772755	8692211
2024-12-02	-0.01182197496522948	-0.002086230876217047	0.0020862308762169234	-0.015646731571627357	-0.01182197496522948	9209653
2024-12-03	0.002111189303307485	0.006333567909922579	0.015130190007037287	-0.003518648838845933	0.002111189303307485	7191116
2024-12-04	-0.00948033707865167	0.00596910112359544	0.00596910112359544	-0.014044943820224793	-0.00948033707865167	6160900
2024-12-05	-0.020560085076214173	-0.002126905352711885	0.0014179369018078392	-0.029067706487061334	-0.020560085076214173	10303226
2024-12-06	0.007962359753890787	-0.0014477017734346417	0.015562794064422718	-0.005066956207021374	0.007962359753890787	8106780
2024-12-09	0.0025134649910233493	0.0	0.008617594254937107	-0.007899461400359152	0.0025134649910233493	5331600
2024-12-10	-0.003939828080229333	0.021131805157593116	0.026862464183381087	-0.006088825214899774	-0.003939828080229333	11822510
2024-12-11	0.011506652283351322	-0.00251708018698311	0.034879539733908754	-0.003595828838547209	0.011506652283351322	10954749
2024-12-12	0.02204052612868827	0.0007109847138286376	0.025595449697831583	-0.0031994312122289323	0.02204052612868827	7387100
2024-12-13	-0.037217391304347834	-0.003478260869565267	-0.002086956521739086	-0.038956521739130466	-0.037217391304347834	9347703
2024-12-16	-0.020231213872832325	0.0014450867052022813	0.004335260115606972	-0.024566473988439298	-0.020231213872832325	8118055
2024-12-17	-0.00036873156342188653	0.0	0.01511799410029499	-0.004424778761061983	-0.00036873156342188653	5794854
2024-12-18	0.002213205459240217	0.006270748801180439	0.013648100331980856	0.00036886757654007983	0.002213205459240217	3445085
2024-12-19	-0.003680529996319522	-0.006256900993743162	0.005888847994111026	-0.015458225984541836	-0.003680529996319522	5133734
2024-12-20	0.0003694126339120063	0.0	0.011451791651274426	-0.004432951606944994	0.0003694126339120063	4608500
2024-12-23	-0.0033234859675036876	0.006277695716395928	0.015878877400295543	-0.006277695716395797	-0.0033234859675036876	6512890
2024-12-24	0.0281585772508337	0.002964060763245715	0.028899592441645097	0.0022230455724343194	0.0281585772508337	7998702
2024-12-25	0.013693693693693658	0.0028828828828828213	0.02270270270270267	-0.0007207207207207053	0.013693693693693658	7446660
2024-12-26	-0.004976892996800589	0.0056878777106292265	0.011375755421258453	-0.01564166370423028	-0.004976892996800589	6498728
2024-12-27	-0.009289031797070312	0.0	0.0035727045373348133	-0.015719899964272876	-0.009289031797070312	7592402
2024-12-30	0.0061305445366028905	0.0	0.01226108907320591	-0.003966822935448952	0.0061305445366028905	6297760
2024-12-31	-0.006093189964157641	-0.0014336917562723709	0.003942652329749211	-0.009677419354838694	-0.006093189964157641	5063100
